x,y
15.0,-1.1367443072378576
15.07007007007007,34.21691738391328
15.14014014014014,9.642114912034618
15.21021021021021,17.687447578398867
15.28028028028028,5.953435755411396
15.35035035035035,12.921745004931203
15.42042042042042,21.451197558487085
15.49049049049049,1.8911161072751277
15.56056056056056,20.916649893960106
15.63063063063063,25.812542004836015
15.7007007007007,8.898249427854845
15.77077077077077,12.908471608669215
15.84084084084084,11.606562722753026
15.91091091091091,15.365002901659068
15.98098098098098,18.224258287959046
16.05105105105105,12.055937555625254
16.12112112112112,8.352180192611682
16.19119119119119,9.592060379655752
16.26126126126126,-9.809754860687878
16.33133133133133,5.562092780487909
16.4014014014014,-19.04609575498026
16.47147147147147,8.829963660257924
16.54154154154154,10.359312504783185
16.61161161161161,18.007526914715616
16.68168168168168,2.7100133190052995
16.75175175175175,-7.884154093696758
16.82182182182182,-11.361719170880303
16.89189189189189,21.900513995778446
16.96196196196196,34.936173785144035
17.03203203203203,5.6573438021809475
17.1021021021021,8.809173943949771
17.17217217217217,27.397967844311378
17.24224224224224,7.308660870025104
17.31231231231231,-8.055200537200452
17.38238238238238,13.712172056297078
17.45245245245245,16.675707004825007
17.52252252252252,4.815731246444157
17.59259259259259,15.635077580316473
17.66266266266266,0.42623950178825964
17.73273273273273,28.71593701128341
17.802802802802802,-3.9048065731143673
17.872872872872872,7.854113272579206
17.942942942942942,12.847626746387927
18.013013013013012,16.264039554944475
18.083083083083082,10.848549536312749
18.153153153153152,25.228553516953937
18.223223223223222,12.09233369914028
18.293293293293292,-14.595937763386921
18.363363363363362,19.301034909391724
18.433433433433432,34.17926436577456
18.503503503503502,-1.041177973501238
18.573573573573572,-6.082988236273438
18.643643643643642,22.503575784632147
18.713713713713712,32.37266249744722
18.783783783783782,8.653626292836016
18.853853853853852,2.454415410713204
18.923923923923923,10.630945086035577
18.993993993993996,9.126746197596233
19.064064064064063,15.187013091151147
19.134134134134136,28.43414229415481
19.204204204204203,-12.897079753272045
19.274274274274276,-3.778840720258108
19.344344344344343,16.277489314978983
19.414414414414416,15.072324252594896
19.484484484484483,10.556655089506835
19.554554554554556,5.390270175196378
19.624624624624623,13.794846742498839
19.694694694694697,-8.901551788298946
19.764764764764763,-3.610974899244896
19.834834834834837,43.99835710806444
19.904904904904903,8.075854091676717
19.974974974974977,8.074030255910316
20.045045045045043,16.612433340018825
20.115115115115117,4.650597044824295
20.185185185185183,8.960943296748372
20.255255255255257,4.689243607899337
20.325325325325323,7.124675928797484
20.395395395395397,4.830545989832778
20.465465465465464,21.809635562726207
20.535535535535537,21.255198161154823
20.605605605605604,13.53439565011809
20.675675675675677,8.098020511237578
20.745745745745747,5.449799831383954
20.815815815815817,2.7936681390226727
20.885885885885887,30.399291520229973
20.955955955955957,12.597452771592906
21.026026026026027,0.3540525516613968
21.096096096096097,2.700004794829738
21.166166166166168,18.954179105871564
21.236236236236238,5.159368264989537
21.306306306306308,-19.850297894476764
21.376376376376378,3.8612882689750982
21.446446446446448,6.105272339371334
21.516516516516518,-7.3905031687433045
21.586586586586588,0.28607300768047317
21.656656656656658,7.649059584943805
21.726726726726728,-19.306117079245336
21.796796796796798,-5.7403153603122234
21.866866866866868,7.492916326368655
21.936936936936938,1.8277795354304072
22.007007007007008,9.570598983846873
22.077077077077078,8.003430358394217
22.147147147147148,-11.087896859183182
22.217217217217218,8.193947200082153
22.28728728728729,-9.218873240991964
22.35735735735736,16.42508313378983
22.42742742742743,-6.297584627692757
22.4974974974975,-10.013339092613666
22.56756756756757,7.920196921094693
22.63763763763764,-10.319635464653675
22.70770770770771,14.540227165999111
22.77777777777778,20.317642075243114
22.84784784784785,1.6668561707374145
22.91791791791792,5.904394000236635
22.98798798798799,17.710694952511883
23.05805805805806,32.077917528509744
23.12812812812813,4.9597003327451175
23.1981981981982,-6.502637851425945
23.26826826826827,1.8503890692806255
23.33833833833834,17.516784664962152
23.40840840840841,22.681025701801317
23.47847847847848,12.618803983788714
23.54854854854855,12.620553650600137
23.61861861861862,24.37035074833878
23.68868868868869,-4.636069705162868
23.75875875875876,30.78973982416037
23.82882882882883,52.50525699494713
23.8988988988989,33.30777457575917
23.96896896896897,10.15473130721907
24.03903903903904,6.014470742716515
24.10910910910911,27.846431533330676
24.17917917917918,21.951069218341587
24.24924924924925,13.22723928107033
24.31931931931932,5.433806409002854
24.38938938938939,14.437300143791925
24.45945945945946,45.74708446747689
24.52952952952953,-14.644609127133151
24.5995995995996,21.034282065748727
24.66966966966967,5.206899783278011
24.73973973973974,-8.174723963339819
24.80980980980981,16.50133268256065
24.87987987987988,14.774953790956863
24.94994994994995,-5.945642186218727
25.02002002002002,11.527508791839336
25.09009009009009,-3.7392814746902374
25.16016016016016,48.47388940584531
25.23023023023023,2.168701647784385
25.3003003003003,21.355284447909
25.37037037037037,18.263615840551665
25.44044044044044,-1.7872643615204353
25.51051051051051,3.6762432735196047
25.58058058058058,37.35399125735221
25.65065065065065,23.671674347135205
25.72072072072072,25.685897804094665
25.79079079079079,-3.712304413663201
25.86086086086086,17.97765931256113
25.93093093093093,16.241560214415014
26.001001001001,37.086698633468906
26.07107107107107,38.774368942088714
26.14114114114114,23.078121420033483
26.21121121121121,10.338488064149562
26.28128128128128,6.134222391619485
26.351351351351354,23.55589798188097
26.42142142142142,11.729779774563525
26.491491491491495,1.3272870416237996
26.56156156156156,6.013460713375466
26.631631631631635,37.306873401463506
26.7017017017017,8.1598039023207
26.771771771771775,37.8928993027028
26.84184184184184,16.72155465432074
26.911911911911915,19.655302978728955
26.98198198198198,39.12568362949321
27.052052052052055,10.107692910600822
27.12212212212212,18.478616312889983
27.192192192192195,-5.9995505264048745
27.26226226226226,28.19778829581813
27.332332332332335,16.978022023469425
27.4024024024024,10.690292464042084
27.472472472472475,-3.516358413139571
27.54254254254254,38.920201126501524
27.612612612612615,12.284464662790976
27.68268268268268,22.62929497828185
27.752752752752755,6.665281494668488
27.822822822822822,33.34518994211241
27.892892892892895,-4.210420169343475
27.962962962962962,14.342923724310676
28.033033033033036,3.8754307145785845
28.103103103103102,15.253261740396578
28.173173173173176,6.8316362734409
28.243243243243242,28.96283930697518
28.313313313313316,8.549420764030216
28.383383383383382,6.821511831951556
28.453453453453456,0.6459376340350911
28.523523523523522,37.34369950479204
28.593593593593596,5.0552875877549095
28.663663663663662,21.662948269826625
28.733733733733736,-8.999301672629105
28.803803803803802,13.266157104883824
28.873873873873876,4.547394269337877
28.943943943943943,30.724328615527323
29.014014014014016,17.00411532972294
29.084084084084083,4.546491296027115
29.154154154154156,0.7876296735805397
29.224224224224223,6.129776016254667
29.294294294294296,23.31524351849552
29.364364364364363,4.248842333882443
29.434434434434436,-7.00680938342332
29.504504504504503,8.135774055700058
29.574574574574577,33.98149419281161
29.644644644644643,19.561183427758355
29.714714714714717,29.448277144156727
29.784784784784783,23.409980677023256
29.854854854854857,25.97604323481883
29.924924924924923,15.52070752970279
29.994994994994997,25.94228959472639
30.065065065065063,11.781113640179129
30.135135135135137,24.08360328868283
30.205205205205203,11.631772106523174
30.275275275275277,13.97242204945621
30.345345345345343,14.005506504665291
30.415415415415417,7.472330228356864
30.485485485485484,21.503171512104494
30.555555555555557,4.942326981220424
30.625625625625624,38.45755874754295
30.695695695695697,23.1385684268845
30.765765765765767,28.66957636318604
30.835835835835837,31.04587067876465
30.905905905905907,0.6997457826569597
30.975975975975977,2.9749649218094696
31.046046046046047,25.967770782598606
31.116116116116117,36.60976193150026
31.186186186186188,-15.107477998986596
31.256256256256258,27.261741772108888
31.326326326326328,7.926652309730008
31.396396396396398,27.475087275064634
31.466466466466468,22.781645108151384
31.536536536536538,21.69530717760701
31.606606606606608,33.84689551015787
31.676676676676678,29.91287610987697
31.746746746746748,16.179018922982277
31.816816816816818,41.78115695603718
31.886886886886888,35.60202745331832
31.956956956956958,11.140125847067832
32.02702702702703,37.47449652179753
32.0970970970971,39.185751493371995
32.167167167167165,33.78587785691052
32.23723723723724,16.905049883636856
32.30730730730731,13.717845047542244
32.37737737737738,-2.4857630434971085
32.447447447447445,-3.903973173523376
32.51751751751752,22.676918125879553
32.58758758758759,12.005968240152978
32.65765765765766,52.50893325126734
32.727727727727725,2.7299391710072562
32.7977977977978,18.442339655069148
32.86786786786787,7.995134362248164
32.93793793793794,12.225026409033818
33.008008008008005,32.15563362148984
33.07807807807808,35.09796855863195
33.14814814814815,33.49835545928397
33.21821821821822,15.691709182949923
33.288288288288285,10.362359623139366
33.35835835835836,26.262798151915973
33.42842842842843,33.66594608301556
33.4984984984985,25.294385458337597
33.568568568568566,20.958060803882038
33.63863863863864,-12.662786858299949
33.70870870870871,24.8315708268436
33.77877877877878,33.52420796379313
33.848848848848846,17.075493121118605
33.91891891891892,12.279820126582866
33.98898898898899,-2.3453403067205514
34.05905905905906,19.822372647629557
34.129129129129126,41.27934015672922
34.1991991991992,-1.9238932684824945
34.26926926926927,28.426043961613754
34.33933933933934,20.52954791624408
34.409409409409406,27.078236024947106
34.47947947947948,-0.8496340420747828
34.54954954954955,-6.729812108153897
34.61961961961962,-1.3140126179839982
34.689689689689686,42.49312002577152
34.75975975975976,36.06412906589455
34.82982982982983,29.805411560859064
34.8998998998999,35.77587286167875
34.969969969969966,17.038957167409418
35.04004004004004,-4.006859079802094
35.110110110110114,22.100433375937662
35.18018018018018,28.43682373875631
35.25025025025025,24.9114416255779
35.32032032032032,27.2005311135048
35.390390390390394,26.836195407472285
35.46046046046046,9.774109198850201
35.53053053053053,30.831652590111638
35.6006006006006,4.01730060737124
35.670670670670674,28.08868092258465
35.74074074074074,29.445121233935957
35.81081081081081,36.95192124751614
35.88088088088088,10.065184415995052
35.950950950950954,4.09197933181596
36.02102102102102,41.52685804749562
36.09109109109109,43.277968823304846
36.16116116116116,17.059755883450634
36.231231231231234,11.558347719427742
36.3013013013013,-3.713405679386131
36.37137137137137,14.920544721282978
36.44144144144144,19.714735844128338
36.511511511511515,31.1600857634373
36.58158158158158,18.500177070468574
36.65165165165165,36.025647970170375
36.72172172172172,16.324237837381744
36.791791791791795,2.9444205377831665
36.86186186186186,5.477189328345293
36.93193193193193,27.20843505248522
37.002002002002,22.468153830878983
37.072072072072075,12.367602902133648
37.14214214214214,33.16174370462239
37.21221221221221,-11.293156091969806
37.28228228228228,20.556640783367406
37.352352352352355,-7.1893214130105
37.42242242242242,17.770220168374525
37.492492492492495,3.05017691418211
37.56256256256256,10.61776477260699
37.632632632632635,56.002044238488104
37.70270270270271,21.967429483988102
37.772772772772775,19.47666394342313
37.84284284284284,-4.829907254914843
37.912912912912915,18.31677131487345
37.98298298298299,31.71690571672994
38.053053053053056,27.604644980854488
38.12312312312312,17.10791913718737
38.193193193193196,14.151916411039455
38.26326326326327,13.349568546045447
38.333333333333336,40.10658428631001
38.4034034034034,16.182068775175882
38.473473473473476,-0.16311194702067766
38.54354354354355,19.656963224490408
38.613613613613616,19.48023906845818
38.68368368368368,26.135708502482938
38.753753753753756,-8.9093102101718
38.82382382382383,24.098284721213027
38.893893893893896,34.629501317533396
38.96396396396396,11.783259019358946
39.034034034034036,12.944488013659672
39.10410410410411,25.857873603429002
39.174174174174176,10.598962895612871
39.24424424424424,39.85557910705825
39.314314314314316,21.279508337992873
39.38438438438439,-13.257418025436134
39.454454454454456,27.576269871215306
39.52452452452452,32.025560616846505
39.5945945945946,29.084517652939358
39.66466466466467,37.57910476712092
39.73473473473474,37.93236037420279
39.8048048048048,6.414128655194856
39.87487487487488,1.866285600415651
39.94494494494495,34.32366713905641
40.01501501501502,20.850693674496068
40.08508508508508,24.284901027013998
40.15515515515516,3.7801079283970687
40.22522522522523,21.428279398986106
40.2952952952953,31.690907303503426
40.36536536536536,30.598241853926098
40.43543543543544,26.650471003390578
40.50550550550551,38.22105242218736
40.57557557557558,7.593516881581797
40.645645645645644,23.77337222979603
40.71571571571572,22.01352808452929
40.78578578578579,6.877493634847015
40.85585585585586,18.728545093058397
40.925925925925924,4.714060309413949
40.995995995996,14.865889748454308
41.06606606606607,-13.871483039763266
41.13613613613614,23.01439067443481
41.206206206206204,12.083598349333165
41.27627627627628,25.472337300262602
41.34634634634635,13.20512071237778
41.41641641641642,41.53606081534955
41.486486486486484,48.351279942876886
41.55655655655656,10.222413416822947
41.62662662662663,35.202094452735814
41.6966966966967,32.805546515945586
41.766766766766764,26.09377781422109
41.83683683683684,30.31742153569432
41.90690690690691,29.170410986984635
41.97697697697698,6.386578377306826
42.047047047047045,31.548108937402475
42.11711711711712,35.82831032753886
42.18718718718719,31.883604842256396
42.25725725725726,19.3202864846267
42.327327327327325,13.412613066405862
42.3973973973974,28.28960966339882
42.46746746746747,12.625380672999484
42.53753753753754,33.81259050451694
42.607607607607605,10.098486694508866
42.67767767767768,15.493126201517985
42.74774774774775,23.15563488948178
42.81781781781782,32.26090009443683
42.887887887887885,-8.798233333064111
42.95795795795796,-1.5333486971762724
43.02802802802803,20.733631600794386
43.0980980980981,33.619422215944994
43.168168168168165,10.979395486352905
43.23823823823824,46.33988913344015
43.30830830830831,29.715397171864826
43.37837837837838,31.34268537472524
43.448448448448445,9.919840290677271
43.51851851851852,-6.321142510863865
43.58858858858859,25.883063656503467
43.65865865865866,15.080100885383835
43.728728728728726,25.723943614159516
43.7987987987988,35.553008359941046
43.86886886886887,2.877166782850871
43.93893893893894,17.090671234525097
44.009009009009006,28.542573970453248
44.07907907907908,33.68148496259413
44.14914914914915,23.48835480360679
44.21921921921922,19.334658183147482
44.289289289289286,55.5002786908957
44.35935935935936,30.284336935749604
44.42942942942943,25.526682460880185
44.4994994994995,6.388678562831533
44.569569569569566,0.4968096758492493
44.63963963963964,30.202647291685263
44.70970970970971,3.7426394555521725
44.77977977977978,36.94189348189063
44.849849849849846,4.685649688480748
44.91991991991992,27.281424068745796
44.98998998998999,10.158875986410541
45.06006006006006,20.20736556080488
45.13013013013013,-7.609683903472192
45.2002002002002,7.158603674898334
45.270270270270274,23.11806743067188
45.34034034034034,16.084374082460634
45.41041041041041,15.861998890007301
45.48048048048048,18.606977142868388
45.550550550550554,49.789360909579884
45.62062062062062,13.834600012551567
45.69069069069069,8.785509315359544
45.76076076076076,41.31228010544811
45.830830830830834,32.915586992301634
45.9009009009009,40.02644259337382
45.97097097097097,22.2417244601756
46.04104104104104,-7.992178395298819
46.111111111111114,-7.429216783260198
46.18118118118118,43.90371334543151
46.25125125125125,35.33847860050087
46.32132132132132,31.333569278989373
46.391391391391394,31.23306387523198
46.46146146146147,7.097773936540065
46.531531531531535,25.850643428732027
46.6016016016016,43.70488281579974
46.671671671671675,22.742198630474675
46.74174174174175,42.10732867923535
46.811811811811815,46.94982213580412
46.88188188188188,14.549180660049517
46.951951951951955,39.328447324653254
47.02202202202202,13.211420346578256
47.092092092092095,38.327243329942576
47.16216216216216,25.96872855156911
47.232232232232235,28.195757347088165
47.3023023023023,38.980921113407
47.372372372372375,11.163559662582218
47.44244244244244,36.54140082834115
47.512512512512515,43.14066226820394
47.58258258258258,24.26721559849078
47.652652652652655,17.022515301256472
47.72272272272272,14.045011790872293
47.792792792792795,30.126496752097097
47.86286286286286,19.949072822443828
47.932932932932935,38.604250846891894
48.003003003003,40.78381908722709
48.073073073073076,28.44058824808553
48.14314314314314,19.61697479700141
48.213213213213216,36.287206550393954
48.28328328328328,33.54107383293846
48.353353353353356,42.73688468207107
48.42342342342342,30.026216478702523
48.493493493493496,36.0408336061817
48.56356356356356,41.28313426764586
48.633633633633636,-8.725458491288265
48.7037037037037,28.789810990536736
48.773773773773776,15.430627244411484
48.84384384384384,9.273466704160711
48.913913913913916,35.49380634148747
48.98398398398398,63.21415232667472
49.054054054054056,42.440914700541754
49.12412412412412,47.23057427068899
49.194194194194196,15.438342650395604
49.26426426426426,25.67774637676262
49.334334334334336,24.46333695920889
49.4044044044044,31.240163569679716
49.474474474474476,47.36574577695573
49.54454454454454,26.781163469601843
49.61461461461462,39.91789123857301
49.68468468468468,21.8785050468981
49.75475475475476,35.413718293165076
49.82482482482482,12.853472012123296
49.8948948948949,21.03758651245848
49.96496496496496,31.75269613290087
50.03503503503504,31.474462635004613
50.1051051051051,21.179707523665044
50.17517517517518,27.000616798082955
50.24524524524524,8.216590770631612
50.31531531531532,6.922035900916974
50.38538538538538,34.810314894609554
50.45545545545546,11.071001575181281
50.525525525525524,29.04555309974059
50.5955955955956,41.28134328098275
50.665665665665664,30.74008511151044
50.73573573573574,21.63448959064816
50.805805805805804,16.302880336911908
50.87587587587588,15.734630986587613
50.94594594594595,5.010909938884236
51.01601601601602,27.923215519258605
51.08608608608609,32.08281227338732
51.15615615615616,12.568426409953517
51.22622622622623,16.614786186729887
51.2962962962963,37.85744711421632
51.36636636636637,20.807813022383478
51.43643643643644,31.310725199725503
51.50650650650651,41.35828548937914
51.57657657657658,20.897671023211643
51.64664664664665,25.364693341893712
51.71671671671672,47.01536618092379
51.78678678678679,5.310691379617538
51.85685685685686,25.9398609282485
51.92692692692693,22.407538731648877
51.996996996997,32.286389380544804
52.06706706706707,25.51902080061374
52.13713713713714,41.55814254136176
52.20720720720721,35.81568501689156
52.27727727727728,36.59303094659743
52.34734734734735,31.54885691740622
52.41741741741742,6.784218146000544
52.48748748748749,25.266418409913186
52.55755755755756,41.81192493805855
52.62762762762763,8.978926563943453
52.6976976976977,30.76463781092337
52.76776776776777,12.927531240112215
52.83783783783784,18.791552099932055
52.90790790790791,15.326874751736412
52.97797797797798,10.776225023511113
53.04804804804805,46.06401152425413
53.11811811811812,37.97753686045716
53.18818818818819,17.817468326418382
53.25825825825826,21.82789231758796
53.32832832832833,18.49505080278461
53.3983983983984,22.15138167447682
53.46846846846847,15.599170421214913
53.53853853853854,29.41899200679916
53.60860860860861,8.707270866106711
53.67867867867868,44.31085891590469
53.74874874874875,27.539853000414144
53.81881881881882,39.521653491769946
53.88888888888889,31.777230970351916
53.95895895895896,38.70853499015844
54.02902902902903,34.16772104500562
54.0990990990991,13.101660135117687
54.16916916916917,32.8312474236055
54.23923923923924,4.344390811774421
54.30930930930931,41.48920114498029
54.37937937937938,5.288809165203354
54.44944944944945,43.120483954561934
54.51951951951952,5.305471219403618
54.58958958958959,23.848525572786947
54.65965965965966,3.7364390944604615
54.72972972972973,43.718426692985496
54.7997997997998,53.49244569280482
54.86986986986987,21.942916944005365
54.93993993993994,35.523742007972125
55.010010010010014,36.880096215648216
55.08008008008008,33.7721756380635
55.150150150150154,7.872628849503791
55.22022022022022,19.171742758829375
55.290290290290294,32.90243366032033
55.36036036036036,37.239846202444596
55.430430430430434,17.975419295444595
55.5005005005005,21.670619764880943
55.570570570570574,26.59426448070696
55.64064064064064,56.312187793029764
55.710710710710714,27.131508817325027
55.78078078078078,29.930449172853805
55.850850850850854,34.095134756458485
55.92092092092092,37.67972456439547
55.990990990990994,54.61595437958498
56.06106106106106,32.23115640618836
56.131131131131134,44.6320459480946
56.2012012012012,35.5235647994816
56.271271271271274,57.67011166058835
56.34134134134134,40.622891420184615
56.411411411411414,34.960102987622186
56.48148148148148,31.83957869881008
56.551551551551555,34.98048066469617
56.62162162162162,32.16474941217928
56.691691691691695,30.878914712024752
56.76176176176176,48.91329049713629
56.831831831831835,35.43076297609748
56.9019019019019,25.810843902720116
56.971971971971975,36.412421971206925
57.04204204204204,39.00142784427709
57.112112112112115,10.237448577593135
57.18218218218218,36.04246888655525
57.252252252252255,54.266163897704274
57.32232232232232,28.48349434200396
57.392392392392395,29.30759368788444
57.46246246246246,55.085720334907194
57.532532532532535,37.907203135282046
57.6026026026026,36.04503639881444
57.672672672672675,36.484720394045304
57.74274274274274,33.500729319524424
57.812812812812815,48.8078019657185
57.88288288288288,38.2257911063136
57.952952952952955,29.889189734220444
58.02302302302302,31.28849636998995
58.093093093093096,19.18081439638489
58.16316316316316,55.94537610440218
58.233233233233236,24.010801222689278
58.3033033033033,53.1569358047614
58.373373373373376,29.02945145516208
58.44344344344344,21.249606953046857
58.513513513513516,49.06579301839804
58.58358358358358,43.035392869852366
58.653653653653656,27.210197802068745
58.72372372372372,55.57838683253766
58.793793793793796,40.88803788788432
58.86386386386386,21.046834681688637
58.933933933933936,26.961580753524412
59.004004004004,45.896112012992475
59.074074074074076,44.00122750455604
59.14414414414414,2.766382230769736
59.214214214214216,31.196568643268943
59.28428428428428,28.237492433210267
59.354354354354356,38.84046802126926
59.42442442442442,48.12616103189799
59.4944944944945,49.937772674920154
59.56456456456456,48.77696188778062
59.63463463463464,25.084408981804767
59.7047047047047,38.76934262292128
59.77477477477478,48.24213900524053
59.84484484484484,25.938648875558844
59.91491491491492,7.288835271193854
59.98498498498499,19.94092861150378
60.05505505505506,43.259719184741456
60.12512512512513,6.759582387533598
60.1951951951952,32.44948815745634
60.26526526526527,26.449520510703696
60.33533533533534,31.78097630710252
60.40540540540541,9.314538232316082
60.47547547547548,16.555032030902122
60.54554554554555,25.453352994938097
60.61561561561562,22.253035680276867
60.68568568568569,39.155043443548465
60.75575575575576,50.79879128890478
60.82582582582583,-9.101765422876795
60.8958958958959,34.899164234592625
60.96596596596597,13.271848626395354
61.03603603603604,2.6272911835432744
61.10610610610611,39.02583344156578
61.17617617617618,15.837456319406492
61.24624624624625,44.89570302211864
61.31631631631632,5.844693774393484
61.38638638638639,12.02251554229679
61.45645645645646,66.33430316591577
61.52652652652653,21.773831493881318
61.5965965965966,45.148750317096145
61.66666666666667,39.4719578165262
61.73673673673674,37.52032354798257
61.80680680680681,35.35644743582567
61.87687687687688,49.610883075426685
61.94694694694695,17.031052777208053
62.01701701701702,47.30993145185569
62.08708708708709,27.722530650442685
62.15715715715716,29.312755500786537
62.22722722722723,69.53508528643077
62.2972972972973,29.092622929144238
62.36736736736737,5.067112480609875
62.43743743743744,54.904609923374814
62.50750750750751,30.20731014795848
62.57757757757758,33.217023129478505
62.64764764764765,22.471929258337955
62.71771771771772,24.32401379600772
62.78778778778779,38.81251600806495
62.85785785785786,38.29252579601625
62.92792792792793,52.455037572273085
62.997997997998,38.40813554238807
63.06806806806807,28.57028397059593
63.13813813813814,39.22133473911815
63.20820820820821,39.402218705908986
63.27827827827828,24.488874867850264
63.34834834834835,51.97666123120412
63.41841841841842,39.02374642822899
63.48848848848849,42.21403636372537
63.55855855855856,16.813405562495053
63.62862862862863,29.261587238861274
63.6986986986987,35.53979024469868
63.76876876876877,31.460065509055813
63.83883883883884,24.363783915741365
63.90890890890891,48.01768968643731
63.97897897897898,18.31314777721157
64.04904904904905,30.932621674669626
64.11911911911912,71.07710252094242
64.1891891891892,34.14943782759781
64.25925925925927,26.266666798595836
64.32932932932934,28.935183961857707
64.3993993993994,41.76020882740917
64.46946946946947,28.6423955246178
64.53953953953953,21.530005410029787
64.6096096096096,27.258814184372582
64.67967967967968,27.85710285173039
64.74974974974975,17.602193554242746
64.81981981981983,35.2184757172665
64.8898898898899,50.98083354937353
64.95995995995996,49.277501654484304
65.03003003003003,44.63010836725298
65.1001001001001,41.59313317008416
65.17017017017017,32.4629785461501
65.24024024024024,40.60961241475081
65.31031031031031,46.598617730524936
65.38038038038039,8.014391022212703
65.45045045045046,42.66259506613646
65.52052052052052,60.35049059284468
65.5905905905906,26.222829072060385
65.66066066066065,47.17247284588023
65.73073073073073,26.67193620152529
65.8008008008008,29.064348441063622
65.87087087087087,21.556275983717626
65.94094094094095,28.288033238788266
66.01101101101102,37.023838103945586
66.08108108108108,27.375366097344283
66.15115115115115,41.53629626029035
66.22122122122121,40.15955827107049
66.29129129129129,12.69563685270542
66.36136136136136,13.763877418458126
66.43143143143143,24.007402213578203
66.50150150150151,45.73950077123524
66.57157157157158,16.538594407936525
66.64164164164164,39.721402430750885
66.71171171171171,26.693121786164824
66.78178178178177,53.88322462077744
66.85185185185185,21.010427543112094
66.92192192192192,30.72435249276584
66.991991991992,68.77540849116286
67.06206206206207,52.84738652475928
67.13213213213214,39.35363434625499
67.2022022022022,31.18945156432972
67.27227227227228,11.676867230060822
67.34234234234233,5.028142202134635
67.41241241241241,46.747986214071844
67.48248248248248,41.04017605892895
67.55255255255256,51.66904405964639
67.62262262262263,24.498087509687977
67.6926926926927,39.68960716156639
67.76276276276276,42.15397789437929
67.83283283283284,49.43398030948745
67.9029029029029,29.88355828787462
67.97297297297297,35.67860118361417
68.04304304304304,42.33967896748041
68.11311311311312,50.92103458159119
68.18318318318319,28.321286018583358
68.25325325325326,48.24098514236875
68.32332332332332,50.67604575729456
68.3933933933934,60.36694891801785
68.46346346346346,37.67850319611625
68.53353353353353,7.0540739254601235
68.6036036036036,35.067738178318045
68.67367367367368,19.355646706495396
68.74374374374375,40.1214548282269
68.81381381381382,36.45589952803282
68.8838838838839,52.046461665518194
68.95395395395396,49.744124224791484
69.02402402402403,37.80699000796707
69.09409409409409,37.731902697468755
69.16416416416416,50.45360390774439
69.23423423423424,19.728633027331977
69.30430430430431,46.56209374799202
69.37437437437438,46.29165182107714
69.44444444444446,26.48179233123061
69.51451451451452,46.317360337835055
69.58458458458459,27.990981745062896
69.65465465465465,28.553059865640567
69.72472472472472,40.33946914481061
69.7947947947948,32.34097038703808
69.86486486486487,43.133268679926616
69.93493493493494,47.75585516336387
70.00500500500502,33.51404763793596
70.07507507507508,38.41571366904773
70.14514514514515,43.4788069323816
70.21521521521521,11.05690204773411
70.28528528528528,31.432090686515576
70.35535535535536,27.745879739385842
70.42542542542543,8.573483323886158
70.4954954954955,77.37107102326834
70.56556556556558,68.9567761305999
70.63563563563564,22.669017395746295
70.70570570570571,26.656569814586696
70.77577577577577,34.547053109347026
70.84584584584584,10.34352967505928
70.91591591591592,17.65779912834547
70.98598598598599,32.34779301962584
71.05605605605606,26.51704337106156
71.12612612612614,32.09434745938596
71.1961961961962,32.27601605323002
71.26626626626627,52.92690193421546
71.33633633633633,43.03255076743356
71.4064064064064,46.343487537982526
71.47647647647648,13.260914044723723
71.54654654654655,25.62261382746358
71.61661661661662,34.13288637131851
71.6866866866867,45.380674042940036
71.75675675675676,35.443430825603244
71.82682682682683,24.18081654972236
71.89689689689689,35.561786141490046
71.96696696696696,52.33559452647502
72.03703703703704,25.062479496883036
72.10710710710711,60.75226064149237
72.17717717717719,54.652203175998075
72.24724724724726,36.27581910525578
72.31731731731732,37.343961401996
72.38738738738739,25.85104706169817
72.45745745745745,47.36835947639774
72.52752752752752,39.576398301354764
72.5975975975976,44.50298322555997
72.66766766766767,35.624678910102496
72.73773773773775,33.639754956335636
72.80780780780782,64.54835265613201
72.87787787787788,45.401010479878444
72.94794794794795,35.20974879415069
73.01801801801801,23.784251987515937
73.08808808808809,31.753790960104006
73.15815815815816,25.465621951417106
73.22822822822823,66.43722863409664
73.2982982982983,27.554174591146218
73.36836836836838,45.86184579886366
73.43843843843844,23.267821186781937
73.50850850850851,55.429559335103086
73.57857857857857,14.639640450019552
73.64864864864865,25.02856723073582
73.71871871871872,59.69455547264431
73.78878878878879,37.37459229421425
73.85885885885887,52.49862850198455
73.92892892892894,46.32391095848366
73.998998998999,59.19944678516197
74.06906906906907,64.23193579995552
74.13913913913913,49.72384319990618
74.2092092092092,32.372061694808245
74.27927927927928,13.981523682592446
74.34934934934935,41.36918943015292
74.41941941941943,9.211127363507696
74.4894894894895,31.295238640446673
74.55955955955956,42.00040072098676
74.62962962962963,52.610620181745716
74.69969969969969,47.929948584791944
74.76976976976977,47.80178381928457
74.83983983983984,47.19236817227198
74.90990990990991,25.443076352482542
74.97997997997999,35.56625360291356
75.05005005005006,55.21766202132208
75.12012012012012,25.730255219254694
75.1901901901902,48.34921788503439
75.26026026026025,62.61620491528602
75.33033033033033,42.960990697958
75.4004004004004,27.426763283490722
75.47047047047047,38.469904259409645
75.54054054054055,11.416057613890466
75.61061061061062,47.9513330370223
75.68068068068068,17.304539224810576
75.75075075075075,31.193236633752235
75.82082082082081,30.27317504107519
75.89089089089089,37.019036331266065
75.96096096096096,22.81039548241132
76.03103103103103,6.541797054998305
76.10110110110111,35.391532423746916
76.17117117117118,38.69991978378661
76.24124124124124,35.024057501266554
76.31131131131131,71.36076906741802
76.38138138138137,51.1881964485944
76.45145145145145,27.574866976057812
76.52152152152152,57.128643433616986
76.5915915915916,30.864906661666193
76.66166166166167,45.89073017415196
76.73173173173174,41.89268085292366
76.8018018018018,5.826187022947536
76.87187187187187,40.47430769217565
76.94194194194193,48.537592700875194
77.01201201201201,22.153922009554968
77.08208208208208,8.485010707619097
77.15215215215215,42.09114380791257
77.22222222222223,49.88599854299777
77.2922922922923,33.668844744394036
77.36236236236236,40.300603494545285
77.43243243243244,66.77615924678535
77.5025025025025,51.06974045566225
77.57257257257257,27.984074035084156
77.64264264264264,28.175775219698284
77.71271271271272,55.020587971170904
77.78278278278279,59.13195678164686
77.85285285285286,34.84649795919945
77.92292292292294,24.003481086408726
77.992992992993,11.406553338413548
78.06306306306307,17.956786680569767
78.13313313313313,34.14981029050197
78.2032032032032,14.691644779601628
78.27327327327328,56.521176202954635
78.34334334334335,77.48475975502271
78.41341341341342,38.857562728992264
78.4834834834835,40.439971774345985
78.55355355355356,22.95854019002668
78.62362362362363,48.118368228967306
78.69369369369369,49.87727435049959
78.76376376376376,55.96514064187008
78.83383383383384,41.54709882759472
78.90390390390391,18.591320914080413
78.97397397397398,67.32609475970801
79.04404404404404,47.9828084065233
79.11411411411412,47.871859653269134
79.18418418418419,35.951032078958605
79.25425425425426,9.747294743935242
79.32432432432432,53.652985230102104
79.3943943943944,58.8399111493798
79.46446446446447,32.51790645990467
79.53453453453454,48.1045000910946
79.6046046046046,29.669067681533154
79.67467467467468,43.10507581651957
79.74474474474475,70.38204573480259
79.81481481481482,32.794822651618276
79.88488488488488,28.41392154306692
79.95495495495496,42.675706230286806
80.02502502502503,46.4731323245453
80.0950950950951,35.82727621546434
80.16516516516516,38.98241487710075
80.23523523523524,80.63121318086297
80.30530530530531,62.61905845038497
80.37537537537538,23.59338060165123
80.44544544544544,34.8488477399047
80.51551551551552,48.384492695638656
80.58558558558559,53.8528433279319
80.65565565565566,44.62044683168467
80.72572572572572,25.007763065737155
80.7957957957958,58.32362528313921
80.86586586586587,43.39356107274206
80.93593593593594,37.53347406915574
81.006006006006,17.27722282389107
81.07607607607608,35.79704527852897
81.14614614614615,41.04443371216867
81.21621621621622,40.858964369835455
81.28628628628628,37.33781252782231
81.35635635635636,39.2984705989929
81.42642642642643,41.3367441027302
81.4964964964965,42.20097910619755
81.56656656656656,48.799261642647494
81.63663663663664,62.116491389041116
81.70670670670671,45.585331420509654
81.77677677677679,8.255471772586283
81.84684684684684,30.46732518537797
81.91691691691692,45.58244398518791
81.98698698698699,76.5919067074966
82.05705705705707,48.69830586111951
82.12712712712712,21.084242665952175
82.1971971971972,65.82825640648994
82.26726726726727,49.6693151951315
82.33733733733735,40.654962408230105
82.4074074074074,49.123227450595444
82.47747747747748,52.341935783735444
82.54754754754755,60.79965117012557
82.61761761761763,68.56020393240577
82.68768768768768,33.56761531126194
82.75775775775776,55.54052095383203
82.82782782782783,69.43136990310049
82.8978978978979,49.45437642970388
82.96796796796797,33.06756366812
83.03803803803804,39.56747721762659
83.10810810810811,23.090373708803572
83.17817817817819,36.086080844313116
83.24824824824825,37.60694371046296
83.31831831831832,46.873308540194564
83.38838838838839,32.26052156334899
83.45845845845847,25.685144090519362
83.52852852852853,52.68912491258166
83.5985985985986,60.823065208053436
83.66866866866867,38.60041688219234
83.73873873873875,37.1647748261893
83.8088088088088,69.25547695890207
83.87887887887888,41.66610953268996
83.94894894894895,47.98094005351169
84.01901901901903,48.971855747788965
84.08908908908909,41.907777826918576
84.15915915915916,57.91955933318937
84.22922922922923,37.97929971315525
84.2992992992993,39.052300200549524
84.36936936936937,56.92381834994961
84.43943943943944,15.388642415223384
84.50950950950951,58.62269372943666
84.57957957957959,69.90728981067743
84.64964964964965,37.45713846610974
84.71971971971972,41.32829613874801
84.7897897897898,34.69293230933592
84.85985985985987,27.174008942857316
84.92992992992993,41.7404386338445
85.0,34.62201426237016
73.96355269015204,-44.981553521843075
75.11446828072866,-45.21194031337022
82.65064339843408,-44.515195874305
70.63269130650978,-44.4180581466056
74.39006643947587,-48.129934274912486
75.8381717901877,-48.24683228890751
73.43316042025782,-45.32708685152047
74.84198680532354,-50.766242886885145
76.49816519895211,-42.787512553337066
74.10148195227148,-46.684295342557355
75.27747592859953,-43.286409931040495
77.86433158145981,-47.266413870915365
79.77632998888323,-49.168884137141745
75.8765361494099,-42.413011781547894
76.811485268198,-41.91243776483921
77.4796795437079,-47.10734230165055
75.93425800746736,-51.36719047424674
79.69859108809973,-47.13748396005618
78.69555461418553,-40.84617309030661
74.62883084602295,-46.212883250841884
74.63917524673353,-50.43522574754976
76.08297043431376,-45.11764585299861
80.06937453184712,-41.70019648401332
70.53998242043313,-45.07810311072917
78.6258741980479,-45.96257597126103
77.52741691552323,-47.7258509632397
77.81785730324833,-43.155727343507294
76.94652247489059,-46.0585084014268
75.28348868098612,-46.9252196507173
77.04517846226025,-42.39874064386183
75.96811203814221,-48.00341014123397
76.82622242435453,-49.60956472870144
82.76995077257085,-43.16968129228866
72.1130079083082,-44.604150102891865
77.04767260272031,-50.56352398802128
81.49143083721616,-47.710021029018264
80.84491882508155,-52.024758552416095
77.5993503124699,-50.6631660136879
71.93836882800383,-46.34484027503732
75.52149222804819,-44.10552711814287
79.12200181048397,-47.090756524324284
80.8368285078687,-50.091697105161444
77.83216346321973,-47.684207810904645
72.88814747110625,-44.924130743324525
76.01943394161209,-45.69929052273877
80.00023093878269,-54.091557555632725
73.02100938606004,-41.88213212762094
82.25781829610816,-50.17146538805714
73.97971184546437,-46.500643552923925
74.35674309376296,-48.7572598752753
78.67691165979416,-44.583517688244854
76.60953866587796,-46.871976427903256
74.08192532258091,-49.39566633060624
78.44745218656544,-50.4946159082905
76.65993557542386,-48.35140523640468
78.1561132628489,-44.09942654332572
74.88797022651626,-46.02813229941385
73.25502589650617,-45.58794046034736
80.55995478478619,-45.967901952270445
76.97622712021649,-45.54384994027788
74.90871519179692,-42.45746300900265
75.8204021662191,-47.57371567013288
76.97044278311196,-46.121553923309776
79.43348680483035,-50.56480364895479
75.77165138014927,-47.07764463619592
73.8152837792392,-40.8267728092473
75.93201755056991,-49.91774305114699
73.18242611802025,-43.942921096214796
74.37431022272237,-49.55922095128511
77.42070172444762,-45.41922594600419
71.52569533242941,-43.86224234345273
76.33104063557703,-47.27646159458737
74.44698345134907,-50.97895158337508
72.89022461106393,-44.68905341181878
76.32804367545948,-50.111277761007244
75.57971595590163,-40.391994066605434
74.166403283634,-46.161422034844925
73.71697790692112,-46.17005190367438
81.65208984369482,-48.2788211204532
73.08947576097711,-47.29380790225411
79.56958421955214,-45.00987387594738
76.5049690158399,-43.11282122096849
75.84269509349437,-47.00970188383474
78.43552010026437,-45.06187096471745
75.20838637048743,-47.62916825077413
77.95727556121935,-48.361361029383865
73.43528377890047,-48.45750839283201
80.26161034910294,-49.324132998930864
79.07946753118915,-42.38692845624483
79.8456189942305,-49.34636715099779
70.84772504271177,-43.989042440738345
76.81426649896534,-50.22192358750957
77.86384040516289,-50.20174321434611
81.22022180304826,-51.16220290257629
77.12213935309495,-49.98978979438511
75.84411142339056,-48.20885133607308
75.87431546891058,-43.97752495745569
72.71745693898812,-41.89016998895002
80.20079409205381,-48.99507543834496
72.11912698848683,-48.629646954647896
77.4564005836878,-44.52582981153878
71.94409929093632,-50.78652759994522
75.1695004934545,-49.14405105908235
77.14510991673978,-44.42009143804633
78.28680534767842,-45.942629543460505
71.80431061733888,-45.277215306601676
79.62801386709451,-51.04994333757152
75.36542768234473,-44.648458788555736
78.99973034902557,-44.12035091504551
74.80287844951029,-41.777928361617796
80.10814130485295,-51.440230541829365
72.85698843716872,-45.195112157804225
80.42875915686605,-40.73577849319207
79.52933173307416,-48.715558761857935
84.07810904989863,-41.46166417879049
77.75125407600032,-46.01776757010891
75.04890058006683,-47.526855505458876
76.27837998346817,-48.04399515750185
76.2570949464572,-43.27110610555397
77.00613964349715,-45.7195748061921
73.35754079886973,-42.033058525657815
77.69196120190877,-46.63934676941936
74.82014566419736,-47.617021367166615
74.87269908005403,-50.71097047582755
75.64019022956381,-48.89483232079992
74.64099338506732,-45.931920688206354
80.14485909425719,-47.929684591783555
75.08084699660151,-52.08470323419584
78.29609443084662,-50.28916962340431
80.94039654720768,-48.55929477202208
81.00754522200656,-48.02885261342913
76.20406275539194,-42.8874805893158
72.09788281655331,-45.13986787639507
74.54335872742948,-42.43011168743841
75.96223856636524,-46.14931578151737
71.6316960217012,-42.3715673205903
78.4795386118926,-47.12640162335991
79.12428502353964,-47.885446692592204
80.65326584131176,-44.88123899072021
73.29442077497306,-41.05972805732256
75.86539688229503,-48.860689005603334
75.6005681441993,-51.37435008042086
76.9630709019276,-49.63031890328698
80.54888504728783,-50.30487098052277
80.03799643572711,-45.639698115369185
66.76344385032577,-44.03409492996557
76.91269840068752,-48.69602006000597
73.77384886675252,-48.585405483896395
80.0116425126538,-48.26064205094408
78.58917321741444,-45.49551698628923
74.22248079989208,-48.638558492599614
77.11044544415803,-46.43926030125072
72.442397529284,-52.03528754077231
80.17442625637642,-45.17943749204781
78.39837985771129,-48.933612619900295
73.80510292473778,-44.36471087835625
77.73339372519014,-50.35440381583221
76.85571807455669,-46.68721524379605
71.55168135940683,-45.47635208038124
74.79518481500529,-48.4718900151696
75.28310512714104,-47.90472213207481
76.93440911773948,-43.61413907250106
74.94279411357782,-50.58267711753044
73.60918794720139,-51.672964907752466
86.45560610985758,-42.96575297936364
78.46471904354478,-43.42594917066165
76.20852531649084,-44.18516059598661
76.66882787458101,-48.764006668227694
84.45319499330367,-46.1367775091582
76.71405977494928,-46.55702194523165
73.03788130316927,-45.47290241869842
76.70629411972955,-45.0917991036538
73.46726258664683,-51.82748804754437
75.54943538747699,-41.509389993634166
74.35819013958793,-48.63477282530394
74.99502074667969,-42.734599263717406
74.60292008034253,-49.06111793667366
78.74633444798498,-47.67597930333376
80.5628235475933,-48.94130921603547
79.87262128523997,-49.13556030519464
73.16113208330322,-44.214052938644315
72.55827261090221,-44.40233647922018
70.83018075859249,-43.006666600564756
77.93279219398086,-48.42324677709027
78.94051294047928,-41.87715861316636
75.84954679481474,-47.069502513417255
77.51532969076223,-47.961783273794765
75.69684202535338,-48.45930253928123
76.23966761222887,-48.16975657588738
72.33301359506667,-50.07974393353923
76.21010638755568,-47.101492321794105
74.69713763705238,-48.035062694935
76.02151367136834,-46.60089745626357
75.0939049323419,-43.28977321004469
76.79927743259151,-43.82628455679342
70.35454705139122,-45.03813032934434
71.94579856270423,-45.908194706193704
74.3704833785331,-44.12367274503751
76.47965794240935,-50.46663345688941
75.49084077496967,-48.28703696461767
73.94774003478403,-47.99642943518261
81.38594531955351,-44.98265758700353
77.54725708233086,-47.9777859472033
81.01731323684741,-42.99903445405066
71.85668326548482,-53.72452957745576
74.54904852863373,-47.00703605962321
77.51063403125829,-48.209975578091274
75.05755113833861,-46.31154709199632
79.37256011538899,-42.82126867964523
73.40006662076712,-45.35494426665857
76.76284620967381,-54.93955804746259
71.37286079689481,-43.4338051587174
74.8621753266925,-45.40951237607469
77.68905107946341,-51.85015147917659
74.94348337639153,-43.85970077086826
73.20883603624078,-44.21598329719875
78.32140481197685,-49.333148144677494
77.59686010722942,-41.05627428937024
76.88794336402808,-52.583946036442725
80.690223273459,-48.40241744527653
81.17990058904294,-51.2672935485241
78.59802535377843,-47.04695458977994
76.5816302730975,-48.21433791362784
75.35049274648254,-47.298223214865686
75.62023666354204,-53.135881445703276
78.74895528324608,-51.837550219668614
79.34203587231494,-52.53420704127356
72.49692100317839,-48.33629813063948
73.9091176475255,-46.107974491641095
73.3630475332448,-47.57226104102791
79.07934247350252,-45.524970059236104
81.30075664119698,-40.75375303308216
78.74476051678221,-48.04008017335104
73.94372040861178,-48.79947664414961
78.86037105763903,-45.79971089850944
78.46969518312466,-51.22193395890518
73.0220507795904,-49.060857171330774
69.45538000551775,-47.86008470931958
77.92395082338543,-46.203311612025146
79.69686166320065,-42.28411356558719
75.08935640244096,-45.16619575473146
81.66076028137742,-48.4913428833794
75.59741871584393,-48.02850779632692
78.01853216372668,-44.367806554314306
75.90899221967909,-43.487638093357724
74.21397114952883,-46.470870681523344
75.67282090727193,-47.49358473634694
76.34936266983365,-48.45835235905712
79.24893197664018,-48.468699892601514
74.17936473696581,-47.65174898630877
77.80112330191383,-50.49616644729377
73.10574321133487,-47.069912444411116
77.08208713752337,-46.81228852936964
78.76703018058522,-43.98602907906855
73.95462501283014,-48.77263828443238
75.11027884248867,-47.441870532615944
76.52757655433658,-45.11951467524338
74.62753184027785,-49.648383091532196
76.18441060576731,-51.24924104978492
74.04521392090322,-50.09780222687352
75.19645966716334,-45.74879908941551
70.97883150910565,-44.40175641556805
78.04604539866513,-47.71343188458549
78.60527407103595,-47.98661873931854
76.92391797727879,-42.07488779514912
75.06058326327486,-45.72109046642962
75.5896342511653,-47.09582710872272
74.0846826692935,-47.46179158848319
77.09846462891328,-41.013483217382166
76.9951498833434,-43.96377954655467
76.39081763435976,-51.66925991737828
81.20553021936624,-43.272641476107715
76.03991278808829,-47.07281340814247
80.51292551333225,-50.90701333664501
73.25218999961405,-47.71638212208271
78.19137801164688,-48.67562304458805
70.68421194734013,-48.964722902460394
76.30725079812173,-48.62127781236956
74.08342632638539,-48.75149813404896
79.42110544589337,-45.801992412345065
76.5610490541338,-50.21334745012165
73.06457303903751,-45.24901800738664
77.24268057074939,-45.66510964331541
72.7270517547576,-44.27650525082285
71.2949118599653,-45.51607575009531
78.56520963590228,-47.73507721678621
75.15136541726818,-45.676859143459545
74.35011313882003,-46.55044077083712
75.67095535664672,-48.21358673251344
77.62287241930358,-44.35367988701306
79.85635216732679,-47.88175768530835
73.24941090846467,-43.24668371778048
82.00887052140514,-48.31723237721245
73.4251070923615,-51.057944381761494
79.14391497213731,-42.79042957381879
81.53545902362686,-50.008252355624236
74.18219921921353,-48.59213489869843
78.47885939881574,-43.43364939437742
75.9340183052648,-43.53283259973003
78.79260989702104,-51.751120837265105
73.788122587725,-46.47976785681939
77.28759956427011,-44.10142856970688
75.7701811953144,-48.05340579432619
73.77360312275084,-49.9586123922776
75.52088156413504,-47.72155649061548
78.91232877822412,-43.60266085189612
71.19414294355477,-50.15394468380556
75.10150441333339,-51.26730457524044
72.3854313787676,-45.380207974060575
80.16210376205463,-47.533918011439425
74.51630487578653,-49.25620086433434
80.87737529975776,-46.554068163386134
77.79269891942958,-49.17182783581863
72.83313894954371,-47.35226741742679
78.89357968493775,-42.34044805401184
74.52871606339299,-52.245360595379694
76.65058365637024,-47.420928209323876
78.6366009015774,-46.55596850194004
75.65692018822111,-48.54357408132318
79.4816179104717,-44.87651101960279
72.03411229824432,-45.871648253514586
75.26344326545015,-42.45814415507422
78.00389292254253,-51.25466801090605
70.91106684902574,-47.77676330403031
77.34358674594056,-48.545659465478536
75.09386212637523,-47.22024349681836
73.45363261298323,-43.26480790767537
76.48301929233202,-43.61176151898423
75.6040991137066,-45.52724127517038
75.5008124798011,-43.53738116362839
68.93404095154807,-48.821764830969606
76.60932756394398,-44.302092602925526
74.12791985288624,-50.19777780712734
70.84619638369949,-45.00251712435845
75.59730939597985,-48.59349408277597
73.38208459786566,-48.81857356947728
76.93137473173401,-44.00541236458337
80.56869309223254,-43.89165317645329
76.50598132510461,-48.316644924353554
73.43130389081611,-48.982354111314706
76.05493427075065,-46.53782714236156
77.03192005776091,-44.59707111677465
75.68778059807828,-45.04761917121591
79.14058712233586,-49.88294046424154
74.03856280295159,-49.5707129429961
76.2324839464915,-46.49823127644863
81.03094707416666,-47.40771028381273
72.62109633672517,-49.60581416411232
76.53208220443635,-47.45566073841879
74.10748558775842,-48.767006475974746
77.05218147208866,-48.978108730384264
75.51158722965405,-47.02662363333083
79.6975760528734,-47.39637448764665
81.21830835332672,-43.70511904185547
75.80672763157472,-47.24919292577225
80.03872582617642,-45.59794224503896
74.15474226875835,-50.145425393096694
71.86640671373924,-51.39417543159733
79.77207451818302,-44.89105203333251
78.40122422187794,-45.012627250495505
77.84491233347798,-43.94402151011238
75.77921172749384,-49.478611104625976
74.43558746439649,-48.86905791550531
75.21395291776662,-47.996433781053696
73.99700672337237,-43.930206990332415
77.02179295232918,-44.88883281116586
73.40568661255621,-48.004035379577346
74.41300993468592,-46.928027166684906
77.61603712574441,-48.74461128965269
73.88405344403947,-47.385349085122925
81.59654857749659,-43.373839896263846
75.38278410937798,-43.78357949433631
77.3713613334747,-50.23689852311532
76.38811300447351,-45.62937757566595
73.3253883659564,-53.11015455704665
72.86886532968106,-46.7458360849534
78.19256381545854,-43.7938460867287
78.26989754484428,-48.61586196474204
75.00507589702777,-44.83613075165502
74.75284489359228,-46.88438755271978
76.76551202401737,-50.89872792242784
74.4901908438445,-46.86431388453834
77.66658056909405,-50.51106272295886
74.95284885882218,-49.48574992804116
67.9660195507789,-54.20312506898759
80.94998814327792,-43.91195983255422
81.78665302357858,-53.081918650619556
76.37269218293962,-47.328070045664354
78.95265691037773,-49.40404983494083
76.91614524471377,-45.62495471981893
76.10682568742475,-47.558797221493364
81.6182866477995,-44.50614059042523
73.83724614371516,-46.75401857294862
76.9977676041465,-47.61976640923074
82.09841733845086,-48.605007856204224
73.14512971266932,-43.71442085056999
74.2496146752957,-50.64802726798584
74.23082148136676,-45.93642843457284
75.17057454150884,-47.133156874273844
75.09297579639572,-47.12555360520968
72.27230523918978,-45.63440066985254
79.22786112653291,-49.846409597277244
74.51642531032365,-47.14895179170768
72.71691826908096,-44.27030692781117
78.18538902034925,-45.086089968965446
78.53900895094252,-45.726614210499314
74.77991254609462,-49.550901326627084
80.15459561347019,-51.44277039247062
73.38265292811641,-47.72603579458035
78.72606644327291,-47.05712348027683
74.681327944919,-48.79213925708473
82.09744464762139,-43.76054670407518
72.99836056036847,-47.021919984509616
73.6228004329085,-46.671736075799394
73.98070569237102,-46.30673540011675
80.25469074243746,-45.301945322465436
70.70644492636272,-48.84904880413659
77.25485233545245,-50.70451330146253
78.13338559915779,-45.420195733061995
83.33359381967328,-43.33290983170018
79.41934140654115,-44.966165867499186
82.28855729351962,-42.82057454276729
67.59009344593194,-45.522975266550525
71.08865740142807,-50.265356043218226
77.46736805576475,-51.26339844855683
75.8644637593671,-47.16900592863473
78.38136421721023,-38.91488594071949
79.3686024608672,-48.84969994816471
75.2230356564644,-45.43747748207526
79.74432160251746,-52.41116312757744
78.92195935327808,-53.13825983827428
74.4559987428248,-45.1695981172003
83.26430322228384,-49.09027351566942
73.99502608023715,-52.534487508559145
76.62560522521456,-46.47875877999077
78.20457732259952,-48.851918483895815
71.37932959269973,-46.88014684066525
72.48361347351839,-50.34868065784916
75.54482321672816,-46.3969784236891
76.49391896069842,-42.75010900439698
81.85500175869078,-40.60938992204918
80.23386579633136,-48.8438987260282
77.0191305305333,-48.58304721145633
77.73866935825448,-44.68152927296597
76.26693096953676,-47.91773379667492
76.07762956926778,-44.11779611921513
80.23237214764829,-46.27983179262095
85.176763321357,-42.53732596376925
75.69410583878118,-51.67593728361635
70.6547415980743,-49.02241245061437
80.07560892728675,-45.189069508890185
78.13273124461774,-46.116342041783156
80.32058224342929,-45.812320760901514
76.72513951326957,-42.424522945444004
72.3515938578833,-46.9381847945318
76.23264808502037,-50.77597574133269
78.42519371757959,-45.34197189505439
75.46486437785492,-45.10285916682788
80.0702289198066,-42.152093739510406
74.76371291502234,-45.546618819813524
74.17601869125104,-47.81709974331511
79.4319538277081,-48.9057841836624
76.97781933114356,-52.81001346570539
79.25884854341581,-49.99757568550414
76.76731111772942,-47.84681179671972
77.7404567118458,-42.23156536427968
77.5766383366456,-50.33637450245229
78.06829936028684,-44.3985842420494
77.5903473562731,-46.740325608345174
72.98156416854623,-45.99674168525352
75.19078855567133,-46.009440265098746
74.11533799062474,-45.4047291807786
77.57799889311465,-48.70864873225219
79.4548338913284,-48.96727005775909
81.46291766776812,-46.4705210429451
81.02549734932485,-45.36916422620139
78.48597689388286,-50.01297267347539
82.135880561042,-47.550564354048234
73.5038971632253,-45.37492274579669
77.8377524149115,-45.94291455504658
73.91596604976642,-46.36111152112547
75.96683482467861,-49.40756464118719
73.90827534846122,-51.96064889349478
74.58057979448047,-48.848710069636006
75.86736230271332,-50.67319289636055
67.88078305896441,-45.88148728768999
74.3355851899495,-46.99984775986931
81.6545484783473,-47.33126332667389
78.3605864829261,-47.5145669150909
75.58782262888204,-48.87709816028583
75.66968851996818,-47.132923815986665
74.0937319023844,-45.95415065489634
70.2891587601786,-43.95326812526711
78.63411679670095,-49.074126304152955
81.16200357926512,-51.50609330956782
75.11912953864677,-48.95305893484215
73.01161301723573,-49.030537873340585
78.83399936456435,-49.35010068900847
76.75762339763197,-48.55297930179026
79.70001008500138,-53.23127046267305
72.69814295789114,-49.86296352934296
73.63707647924608,-49.84388305696648
73.15916463394052,-47.01996661082759
70.95183507942515,-48.11802383485177
74.96834726527139,-49.54695760806983
75.89426229062182,-44.266334852180194
77.11211180460909,-46.47320057714258
76.39542673401748,-52.02361247713401
80.00436644439979,-42.90462721356778
78.84036277105585,-43.15803072204079
76.60416430052912,-51.22237370995796
77.41673849256252,-42.34961622868848
75.79954426683348,-51.886085437970166
72.05656790423662,-41.648064297616564
68.85615692605464,-42.15256677612992
78.09647323535188,-46.847805709833615
80.37650044695957,-46.11620032391975
75.5779517697549,-49.780675425061844
79.74612013116645,-47.19034942120644
76.14040571053695,-48.26844280855996
77.31060027052507,-47.22334520150512
77.44856668730847,-46.500571420513104
74.77741299072932,-47.00614864770601
77.6347492461717,-49.09169785151496
78.44635218668378,-42.87982099020164
76.69221908877897,-48.28464977244252
73.99167615275321,-51.182156851164414
76.4295276064073,-47.29424441457707
74.07564365027692,-50.21816259145436
79.01005268819239,-45.23875807512881
75.42642747667585,-48.70892273590865
76.87858794090786,-49.92260696196034
81.9152616146446,-44.12392715364685
74.89968417221641,-43.46637212978122
78.65062696498804,-49.064987155862184
76.52460026946943,-44.193978856752295
78.08543979562549,-45.58314772930717
78.14553933785403,-45.95823839182278
77.00961875028644,-45.508858421704254
69.57916983407057,-46.70817567517481
72.54379478692842,-47.00570914301221
76.20379200938812,-45.02123235336827
78.82745541384126,-42.84040266975278
72.7571567578079,-46.855128944274306
73.00471382820616,-48.46690857541153
77.80799617632671,-45.56506656993215
77.61662386807262,-48.519485313634505
73.89917552947847,-49.59257099748666
78.5148007349782,-47.961046731024915
77.52899989498275,-49.00579097464117
72.99550557185306,-46.239463044046836
78.06805074652408,-44.27995506258231
78.04376844686054,-45.600429874448075
81.12000761129018,-52.06544677095251
74.45934189533962,-45.02524061010812
80.07288124444078,-48.184626418904564
76.52290490071026,-48.05440815926067
78.57093884609584,-49.46920924425907
74.3137213763702,-48.40452548193062
79.01136446584701,-45.886837774088825
75.0968875749374,-49.938532415637354
77.22988447454271,-45.83847270128167
79.2703616055282,-50.940474109168576
74.39223145481934,-46.12546501678832
77.42288562565298,-51.98396130040643
78.60238264556841,-43.72530261266663
72.52408763833866,-46.6059020104225
75.82333293518452,-44.916169989631875
81.11347049977559,-45.378787044509345
77.04318116928033,-40.45339177524145
75.46485551799144,-51.32230147497979
71.64359436511276,-47.3359803341866
77.16740696874507,-46.11793687693756
74.53529999762043,-49.81831237126933
78.67069410485878,-44.458109818059754
75.41674967441669,-44.29587932523967
75.24686734714248,-45.150303010118165
77.58081640272889,-49.942135426119734
75.32663932073251,-47.46875962520793
77.43326262648395,-42.419825642363236
78.23603389055538,-44.91151564280486
77.76742703446739,-50.993905616421664
79.00807537492935,-41.009054908969816
76.08767385560581,-45.37401279546055
75.90278966775276,-45.49134416706354
73.09278468108913,-44.484414097703215
74.8405913845199,-47.66180450174849
74.62477338443132,-42.469906784530714
77.0229953697011,-46.04710206499764
77.29789186858424,-46.886717074234305
80.20258299915834,-49.940534839405174
73.60099707299855,-48.89593720096077
75.87611343237533,-45.586206764623746
76.73905932547153,-43.096302448899
79.65021389863749,-41.77635706118988
77.98465083212037,-47.632390796122785
75.78562122031576,-42.32409334537416
73.17700741973707,-42.437288289519216
74.98303540368697,-47.939541345988005
79.1977466346346,-49.360143661789536
79.10535575656317,-50.345719020827744
75.67469423269446,-46.54403783599716
77.30796064361637,-53.57296024266256
77.70183808913116,-45.163343318493425
82.74693598037587,-47.253280949550636
78.86251238384324,-46.66363184049281
80.8909042948494,-43.2802990896161
75.26960355306288,-46.90619129235087
73.28144007722793,-46.59209693774919
77.78011071166159,-48.25057354888613
73.1071907045444,-47.80957111293847
74.88052095020105,-47.1777439054859
79.72283674612629,-47.698060947828665
80.0303764616506,-44.237575681705074
72.83451996049465,-42.34145630598284
80.82704025087334,-42.584544037537384
78.25835881439146,-50.59167821853018
76.3253590281124,-45.297395390121764
77.74334452038525,-44.96337928730828
79.44030221350341,-45.39509356111823
77.07622729367195,-45.10135131514601
80.22168714896002,-47.33489339046998
75.25317909846147,-46.06571439725051
79.59367947583848,-47.38002616207104
77.05689401168252,-50.52290062851538
80.9406523993971,-49.12804768209928
78.37279766631981,-45.165179784974384
75.32078187622615,-42.32123628653389
79.27490754941964,-43.83774403866296
75.53755130810296,-48.21754790134221
72.62579210600596,-50.464619219577656
73.5065591077574,-47.2011107559069
77.71853728182987,-43.439887576549516
76.45962185458717,-42.82696771014027
75.23624879034219,-47.38102598075325
78.63691616896362,-49.473935185446265
77.24206292545193,-49.87633329304079
74.52672149820535,-50.61096944235978
75.18427571577492,-44.67525319226192
80.62649749415954,-45.007481749766804
77.05228441536535,-48.66847736118164
75.76500279278787,-44.24109144075658
73.36431264266912,-50.31166257533367
73.9180664460104,-43.32520470353643
77.72889428422957,-47.16060111502635
75.27951641671953,-49.30466129126795
77.87865478341078,-47.15258712517426
79.57708868071848,-46.84747646702923
78.89446630517743,-44.51040139582004
76.9379802740327,-47.95823660865511
73.41607761060621,-49.28858765152984
73.04464849492886,-52.655092892638635
76.2408181685415,-48.73598437818022
76.62630520341263,-48.76347551964341
76.37860279632851,-45.265104819461015
78.47877656974677,-43.648350477285355
76.78073060491974,-47.26999902910954
74.43940356748317,-46.174552212908075
76.62372622242032,-47.945502657336604
78.4949974361468,-48.73110189534644
74.46929068233008,-50.73444803171385
77.95307964372901,-46.938067632783195
72.58809588551384,-46.36429333830312
78.04185638812208,-43.787062985120606
78.52052484508057,-50.15832784498135
74.83618244783199,-45.25999653776291
75.99095140688169,-48.55645826941748
77.93570311601917,-50.636512558414296
70.72192093917674,-49.588489731117356
73.933040130144,-41.01827910130755
73.91683552193618,-48.37277008385007
76.68143394482917,-48.79326884777543
73.39153469467057,-45.41095269080736
77.21875434865784,-47.376616333325984
79.57805376985796,-44.216361474962355
78.14042201872233,-49.677217506821854
75.66037581423011,-42.92897694222465
73.25916319582177,-46.82505409455666
78.7380142987938,-45.9220591276696
74.11857114757349,-46.24318192385998
76.73046910249258,-46.47045637641024
75.3928841252684,-45.104709727302634
79.23357621522285,-46.16148179410985
77.2357239209779,-48.257569289436255
80.44592800167679,-46.93839446064573
74.83336257453485,-46.70466925095904
76.01848344222061,-45.97820342755683
78.12151493085997,-43.95171580214997
76.34613884924087,-47.17828078047901
77.58454504042938,-46.83605322483246
76.88356132434787,-47.32498509425677
73.79331648870343,-51.00713589737138
75.1980473780994,-48.72015944207351
75.04603949302403,-42.391381151917535
78.4045959385476,-47.746365887648366
76.88097610670322,-39.63792581900174
77.48297117341934,-42.59284348947422
74.68829467845576,-44.85681662650285
78.36666460609901,-49.42481310364733
69.98224394191634,-45.05273148946684
75.91730011989537,-46.056107944342266
81.12484638638657,-45.837355515531726
80.31246968308811,-44.36270375102398
83.32720035947979,-50.63283316075143
82.05211198669032,-48.193561892365
80.80911905197956,-46.40987024580903
78.55430920754239,-51.1273464150484
77.51095976624487,-46.625071579167
77.03689752719184,-44.3680464334072
76.1511602169192,-42.555766249445035
74.37789833137786,-44.562624472945686
78.84244175830935,-47.78679617999191
80.43972535334109,-41.41720592477861
74.78264172847321,-44.14275203400741
76.5481526532046,-49.018690655053454
77.80086609965831,-49.58870515517374
78.02410581662413,-43.07878054167499
70.99262006070633,-44.711817487330215
76.41244510752631,-44.8976964729733
77.49294419228454,-50.569142256686426
75.7008609627169,-47.10746935634314
75.42499354833497,-48.620478643096156
80.79029949642968,-47.60781693195282
83.20388108775755,-45.2707949002883
74.35586559491513,-47.87031869753363
80.4345617332128,-44.92284913332827
74.40328249314217,-50.620167532388805
75.46912440790713,-46.8794705797977
70.79140253727986,-45.5518102240529
74.518557570062,-45.86616469498339
78.95997569904449,-48.83905030584909
73.18711122877647,-49.72994182953001
80.6269407279334,-43.73886077477084
73.47172089311671,-50.136599203767595
76.80477299136982,-44.373247854702804
77.90241522177647,-43.091359588866254
76.91656684146464,-44.844381113576766
74.80096929899088,-45.960899605088606
74.86786045277587,-46.62629278410261
76.51018795478228,-46.36744257473113
77.92518713867432,-49.76574698981107
74.41002311398653,-47.642181058076225
74.11513770518008,-49.01440755004332
74.09332553022767,-46.53235297044301
77.81897704622227,-49.579628672225745
74.8146887195232,-50.42422343212972
73.70972251400437,-48.52163047180831
80.67921906634317,-45.46051639121689
76.84983819128519,-45.178829430529696
77.62757219236421,-51.655759539288056
76.92673592702917,-48.157899520803795
79.60839062940374,-43.643900695060786
74.22726276448633,-49.479394673887974
81.29532685504927,-43.73294606292655
77.39696713833267,-50.23209683831237
78.20202245422315,-46.92076959312468
73.51963088574277,-49.17708407050821
78.1277853159741,-50.474655758708984
75.52893152068675,-43.340044279600114
76.96946856473333,-47.357576762242715
81.00497486013892,-47.64548215231207
73.96159730494578,-50.043149102610045
74.76656516695823,-49.751259810023704
77.53583425698757,-39.72656677936656
76.37810648945539,-45.85622540976374
79.74309637486844,-42.70583367285511
70.68350196515144,-45.97067531957729
78.57781685038748,-47.32429159520936
77.43034943046564,-44.7195447475402
75.43936099207448,-43.341291487589416
75.16237389515577,-49.57897767859873
79.59652436179883,-44.65547514266676
77.97415468799542,-48.40695463941557
78.31097597715069,-45.50343707223553
75.14722669598505,-43.4571719772422
74.03197341447719,-46.27139201028272
79.35883443606996,-46.79644313731971
77.04475464432656,-43.93542097089157
75.58569386222257,-49.67074317573457
73.92049006271148,-44.82112480510372
79.53943242756326,-50.84660797830513
74.4114819990964,-46.799118151108715
78.77310740098604,-48.966286742656976
74.8782906973594,-51.2748128648092
79.83878204025049,-46.79363750003478
79.72745817548673,-46.334554445787795
79.48010821529353,-43.41404518784553
80.92722420793461,-45.13231827966521
77.90379068161727,-47.660050697695404
74.31882039705205,-46.760939228606055
72.96052699921034,-49.33685934244019
77.98642194205833,-43.43286895706338
76.14598133988967,-47.822849547538624
74.21154700256399,-51.164728990333785
69.5085206482164,-43.17989487764784
76.95387026567248,-46.060518429811665
76.04999137895142,-46.75850366748752
78.65357260898813,-49.06624670614061
72.96716830450887,-48.50170265805795
77.33611590697676,-43.22162969828793
81.21008084616624,-45.9278828557656
77.79827503025126,-43.012265186116935
74.0522556583193,-48.09655767605284
74.44383885891861,-45.488252643967364
75.82026169790537,-46.2318983317471
77.16256199943717,-47.9249079053451
79.37714207915008,-46.52190908583808
78.3914779904706,-49.39447403049959
76.59771725066987,-46.90388813588068
74.38911527806547,-45.20612130028635
73.03171601041981,-45.72183090312017
80.65732434560088,-44.50499771179137
78.84603717590576,-52.591803654395605
72.4968180169573,-45.88188764545736
74.47079546200612,-42.22851812106687
79.46088347617145,-48.886637544628016
71.75989806204443,-49.60087843245598
77.53803306070313,-45.91897885552541
73.59118696371917,-45.803967448495264
76.18985631215048,-47.52584275498565
76.60653864769834,-48.28607857634237
76.3310510974385,-45.69418103226235
76.1931835536378,-50.597252466998185
76.0912639249638,-45.80375573270768
77.73037029194253,-50.538525405630196
77.1101694814385,-45.27157108001079
78.43566777840888,-44.252787295002854
76.95017569607211,-46.555087739612986
79.88813643570563,-48.612823215632986
75.65766993664427,-47.37876738877821
78.12362509400508,-42.5043096024063
80.25101973741849,-50.657754094985364
76.05577200186755,-43.120778458881794
76.99941237626673,-47.22052686885068
76.56383193618797,-49.66197132610106
79.1870203862481,-47.810735197965705
80.7183195611185,-44.98789014208502
75.9275267219339,-49.44822555477463
74.73220888093907,-45.91749238437867
78.49734414257817,-49.42469884538787
76.24319620232653,-48.11431649867831
78.96809523601515,-47.79764919368021
77.70932750484704,-48.63523045471827
73.19614625595106,-51.940489984339514
78.44728541721553,-50.733227528113446
71.54734297100356,-44.05518251141221
72.65197345479304,-47.49602398625728
79.69238360122431,-49.90091229924204
73.51787550030147,-51.21630247113199
73.68719223940758,-57.30446477553271
75.04388024516857,-47.08008093701689
75.72413814743497,-41.87264903114516
76.50474456555897,-47.15121593646809
76.55265531901438,-47.36632290568709
77.49365475643904,-48.570249682274934
75.93452598869618,-44.3793986170934
75.68616881059292,-48.09260313342961
81.83931420202717,-47.12865270578263
78.17767785475438,-51.59934902974502
80.86003730317381,-46.78025304607957
72.89158511780036,-49.15573401165797
79.69414081813228,-46.968674003655856
76.77286621749448,-47.192014843698175
76.36627377695945,-41.944512750484165
75.49101309795235,-44.43299214374462
75.95924425615206,-49.36051958329902
75.89782285455551,-47.51280540684456
79.83908802418664,-47.58216672722452
74.77653509562214,-46.93723649926231
76.81210099965027,-47.225794260198775
75.79865431235775,-42.16504109284263
76.51613737049296,-48.66472752145936
73.00512665944646,-47.52437507399628
77.55071963876037,-46.39090445875437
74.54222906848378,-48.092339356603304
78.53648053178436,-44.31917495993783
79.39070478216975,-49.012576451996026
72.68722339008377,-44.10705527989523
77.88547502351562,-49.57956833281901
77.79136834217795,-47.640683639853734
81.3157118739459,-45.75468185224612
75.99766152573223,-48.16035329066938
74.15662501324798,-46.76067736627417
75.8387042342471,-44.65538049321167
76.47389556456535,-44.687602658759594
76.41288117084014,-46.177718951206444
77.73066098108794,-47.92582482373543
78.31679257141877,-49.86362943687267
77.96668643712852,-46.365943518370585
73.02755112979054,-46.47605166801799
79.92435397886767,-47.74457251807806
75.32909683956218,-46.00025302672396
80.12129760782535,-47.64222133387958
82.30194433538806,-48.390687820101256
76.32083601446011,-47.50939610528632
75.42013200074607,-45.63807065876623
77.46779664570066,-47.03102538061897
79.8533479133315,-51.78712416150276
79.00426133142817,-42.90167996591754
72.64846834151473,-46.420627383927396
77.04346592916937,-42.0829819207443
79.32662565421653,-47.96635035561156
84.7597280181284,-51.13926706406553
72.38026657690997,-51.30292810353895
74.38031979860435,-46.27861311048907
78.76888560629112,-48.2205936468406
76.18640313278837,-43.361080140601985
77.2729993943847,-45.45400596183223
77.49396169927712,-47.917136101055874
75.49617879834287,-43.418770562402514
74.22634876218375,-44.094600589859574
74.37624992777357,-46.24875940069446
76.73217711714217,-46.64762622391567
74.30960741887516,-43.29321808300227
77.46721404167475,-46.33186824461639
75.6400721132157,-47.05852160630964
75.09653225639344,-48.13583847845776
78.05743631942327,-49.659603926674365
78.00608769317479,-41.65494159579144
75.72709798672253,-48.484535514831954
72.24041600895663,-44.222748863662524
75.78072152851108,-45.70851675140854
80.9648558566172,-46.74548612565085
75.03643338961476,-43.19157972033857
74.50811600577546,-47.53678423897802
81.01581574649443,-45.911713144251316
76.75096477582048,-42.19439629877387
73.78858701335967,-47.16535927276786
77.59051028239544,-45.36934783162079
80.63945656587339,-45.57688866449159
73.6325866349281,-50.0579577929971
73.63252073191485,-41.92013337607577
74.70321275543616,-46.506869094176345
77.04815886740336,-45.1278827725039
78.3728715184999,-42.590586465499264
75.10703122187573,-46.87024712256257
74.59942857290697,-46.16913425800707
81.24303173697498,-41.11188764779593
76.79012281317343,-47.28299349567512
76.20902788177436,-55.1088209926409
78.92361671713478,-49.55524773218729
77.42401793978209,-45.62692661290027
80.22633476384873,-41.82218616927937
79.97249973669106,-47.70031231167824
73.95809341756377,-44.807331581157
75.06492373695112,-47.466300118086316
78.7367096662575,-48.38551137341029
68.83825447839746,-42.34478552597746
75.13319208107907,-48.824286713022445
77.10725727257987,-44.15891161708989
72.83118881164737,-51.07933594183804
71.79615771688431,-50.445052558081805
78.63136513038702,-42.78610585555319
77.29387025991198,-45.37932030528197
74.79698246268,-50.11355904233775
76.40479880001054,-48.3682612378329
75.9470046279194,-48.39556804896609
70.66018604195541,-48.009840195034506
77.04454202549564,-46.51602616230008
76.01930855718942,-47.62737088423527
79.78522745300113,-52.70939533399736
74.45256571511013,-48.044744103236816
74.72838184300898,-47.99345719905713
78.43151769455154,-47.68814521320997
78.80467741485134,-51.312517602181536
79.00286635536175,-48.12784567082488
70.46201752989539,-49.41277093748654
72.15515673117898,-49.14822807437536
79.07750887305168,-45.50418808890251
77.40668814199354,-48.325098250515246
75.13347722522755,-44.909663349139024
73.43650198768457,-46.057827067412134
79.82461348340871,-49.07750227562494
76.08967495242449,-39.83833956480747
82.66305489068617,-48.585326034840946
73.42124320270712,-46.22253309070287
76.72396972940389,-48.98944287344606
80.9625633717031,-49.32160349639653
75.5183942888237,-47.18217916375939
78.28331112187483,-48.61902795631876
77.00273685571275,-48.046594210998094
68.44102751495096,-46.67478058732326
77.30094718063853,-46.3208626485364
79.40300188132365,-51.6559920476283
78.90909393052137,-49.132284751020066
70.47729418566884,-47.744468552366186
78.04337372277041,-41.63415947816332
66.32414761099055,-43.65988899270823
73.21850519699818,-47.80312676364696
75.75159097415295,-45.080086498309726
73.3219570105714,-49.05928246586798
74.52878286238033,-52.309716213379886
74.95066638823096,-45.51918804756628
75.34963968103234,-50.549207027646816
79.94086426401621,-43.83371722068135
75.45187460975268,-46.5361493973056
77.02018663685713,-48.352735504065805
73.88254380615552,-44.93059339677271
81.04707614790941,-45.478343944031
73.55679616685245,-45.529934037374865
81.90012127738028,-46.641195991279055
80.36165939206676,-48.94487160840499
74.3547476743165,-45.556271242515805
78.63067544629179,-48.53097807841729
77.41378024483875,-49.701593485791825
74.6932226698459,-47.915689030255294
75.80833151754297,-49.565009366128784
77.37204492809148,-41.5079946414394
77.5689758982716,-49.83758536038501
73.7447995789246,-51.205380356764124
75.06148630126326,-44.91910152815672
78.38342312098678,-50.04313119924197
77.39150637933872,-48.25515739219127
76.36060084861808,-45.413511909245315
76.66339209542532,-44.56260641802304
79.86397815876164,-45.441474609499345
82.5474466358125,-46.564535391773745
74.53864743693644,-48.241088737958016
76.45309405131512,-48.11924056328504
73.39352955166343,-42.96055683010915
78.37425065107357,-42.20609584508933
78.93260058058209,-45.28440900638951
76.34313756010143,-46.797624128488614
76.2007695129151,-46.35306937434824
80.9021746781839,-44.46034751089222
71.59229017939204,-46.37333610155645
73.50713143454392,-48.901668751708215
76.71347172731981,-46.55992390750334
76.20128260221232,-48.56591067278183
76.87904848424523,-48.736101049745876
74.54147036179504,-47.31245398187854
80.3326399057841,-49.2962120211532
75.78580724465448,-44.00737690944661
77.56168976377353,-46.24117086099055
70.82270616630692,-45.06778737047703
74.9054936879479,-47.64200009032979
78.23380406553507,-46.944447952008346
74.99136421545732,-46.205631280841885
76.75243766319002,-46.931431982548176
75.66336767275406,-47.9005999978939
79.71189980477156,-48.20536649716414
75.35728025364185,-47.40268100670387
74.98838006081817,-44.710933914934294
76.63923248274024,-45.16425533982387
78.91827159480853,-49.251740404582556
72.3147150353748,-47.59117289790472
73.89289699549748,-41.808708996227324
77.25956508467169,-45.94574496337175
74.3008983379333,-44.268113068464196
78.84543175816772,-45.80477290715585
76.85101939947918,-50.05963279230306
76.8798419532392,-44.18526338078915
72.72749576942677,-48.52337851351028
77.49585975753868,-48.11732892096087
73.99049194146505,-45.49533991208275
77.17484065664894,-49.48068002647672
75.06760948082523,-47.328188131050595
73.45184096109001,-49.53085767164822
77.26776473241269,-51.92522146254579
76.99996795775462,-51.86284846348656
78.50280589495515,-43.426710011982536
71.66767965689195,-51.12118738778
77.55094505905448,-48.614553744865674
74.68351343500042,-47.22921186525492
76.36939971583925,-49.60818373075688
76.13799741932034,-48.932426533534326
75.944531261965,-41.28494156057699
83.41114959641806,-49.87595234557195
74.86130617670081,-50.034266644103475
79.4229129167918,-45.167930780954194
75.87208213355339,-47.79721861899225
78.16256254392881,-46.66751267503225
77.82691139409184,-43.472078274959884
74.08692174843658,-48.3006422870489
72.71301624434392,-46.97806295411105
72.69921579643231,-48.41655815648252
78.40374551722033,-44.95868730123087
75.66271317247326,-46.515130532537675
77.47648248208156,-48.789699834743914
77.44486616553802,-44.66543450715148
73.81706683045897,-53.110683814531455
79.89467193854605,-47.11552118300878
73.91648936386838,-49.027890441795634
77.27349877608661,-42.975198801387414
73.27830326162753,-47.72884448575671
78.37011228908284,-47.570559749184994
77.2177087451588,-47.27464598598579
76.78408099728097,-47.072205898699174
76.85450366441911,-48.700645301059126
78.21257097552342,-45.516912171079355
75.43680998145892,-48.00381750760157
75.67913597349256,-51.02866914749285
80.25567285414704,-44.033824984747895
75.46971727985239,-45.26038420601197
75.68154271342803,-49.267861281209335
75.75386584223325,-40.82649954009012
74.31270707503522,-51.16640694509999
80.48467330025115,-45.70868375596781
78.37432175013096,-50.60737249723298
77.55826782334663,-49.07948016332605
75.47039613667431,-49.62136181171675
76.44840855754985,-48.596370141532574
77.11347773031646,-45.22603182169383
81.29538672819334,-51.57678966327638
76.8408087435408,-45.83242858481703
77.35641036278106,-41.3231276700188
71.92989672473745,-52.3614731389438
68.31229757815967,-43.0296024801332
75.62565640083251,-43.91712356498383
73.80082143769397,-45.54883141221008
76.01135060348928,-51.17853519934494
71.16006669025334,-42.45113203941091
78.55266216771408,-45.215661966846774
75.17709736276748,-46.990263066306085
76.22958675600213,-44.925847949930976
74.69980374690908,-48.18944950587331
76.65534595460774,-49.015355715354254
76.45483764706265,-42.27293788642836
74.17982270928393,-48.23136461544786
72.66869205190999,-45.221881542375016
73.67980334616175,-48.25901070181775
80.07769759533234,-48.33531979339893
72.86115850992785,-44.133921680555
70.03891012541254,-45.591647575331336
74.59924191482689,-48.8000351479765
75.5882073993889,-43.417316420133716
75.12772173059875,-45.50443647177299
72.31956030993703,-47.32654649523226
72.41908137751065,-44.882977227530155
81.68197117051328,-46.72287096406377
73.31508732234389,-46.16258050912117
78.65953078493072,-46.01945249300508
73.36067991510404,-47.88240893605956
77.51712899614061,-48.12756186978192
79.25716211566014,-47.564701181957574
73.26161309985434,-52.46553671825201
78.09316488145548,-48.98872256552716
74.21943787849311,-44.86711356928551
75.04642818228137,-45.56481437377204
82.43228094462106,-42.23360934409598
79.40147414068653,-47.652977112230744
72.56180408873801,-49.34208559158038
78.89673243468712,-43.43783126693264
82.25028153735407,-43.96984625598249
79.76459638760343,-50.41948447905808
74.39515953958528,-48.48778493452733
77.55510297024017,-47.91309693126795
79.9281094530931,-43.77826609458472
77.59107818551593,-47.7815165178159
71.89731166156072,-48.255356422998375
76.63643227051253,-50.49878816165435
80.10286986063977,-47.01389960448643
78.27280728437606,-51.05029568163603
75.15017443625867,-47.23955434396758
78.18676698365475,-49.13722202078617
72.86431172520355,-44.95093745497672
74.75425564210508,-45.8837749013488
75.7522674472301,-46.4944319346066
77.21747546973653,-43.08119223589891
80.10080270014176,-45.54789179042978
70.33884909681628,-48.09917489607272
77.79076672985332,-47.031485561718306
78.96733535428557,-41.20063176137531
75.31333189446151,-44.13002914595657
78.13646603268135,-51.18426745745337
79.92800688267734,-44.28983447017835
79.2301646923328,-51.180371591090235
79.70423076243814,-45.96527962075474
82.50373822574272,-43.1055092387258
81.47859984779414,-51.697769178172216
75.9350187465471,-50.78511599445912
71.05809500810676,-51.04727940822681
78.06166103199824,-46.387899412206586
73.66721347750224,-42.01166915163903
77.8640584927628,-44.519731752108896
77.19159189651802,-47.620929430933735
84.86494398358701,-47.09136564329101
69.46186001093758,-47.519578686836766
77.52776673603294,-50.88220249956593
74.77604004134109,-45.9443277759281
77.83696433946318,-44.97109272546245
74.29863424780856,-48.05617669607589
74.51148032964254,-44.432615248052215
72.72515174592951,-43.52019099243206
73.2263088367671,-52.44742650879583
71.6202840268949,-50.17279946954339
75.82475780911888,-46.27620938948388
77.24889626732292,-46.89133537697608
67.80008300766734,-47.088591435595106
78.57117147249713,-46.71719804925818
74.09292026725431,-48.44097454158666
76.2163171204518,-50.30457303934377
78.51886934484372,-48.33559986341164
78.97911135463166,-50.63245672149874
76.29789973868898,-48.51943833230909
77.91826683119427,-46.759544214933115
77.33284729845157,-42.17565835850956
78.0099430599962,-48.748548128959705
75.08335744667234,-42.97804337035896
77.37712915793333,-49.345703538647484
81.65491362374392,-45.48466740351761
72.32586729373513,-50.00584701260985
80.2634782946678,-48.277683412072264
80.0565189810128,-40.334041548968564
78.72104400667904,-46.49516165022835
77.20262742964945,-50.24837930754555
74.66183058966796,-45.48906826816115
80.6113975947494,-40.323196535614166
71.27897629045012,-47.85760950933235
75.72810676680648,-47.93366212860503
76.8632119229305,-50.529469706746816
79.95832223561541,-51.687382286779076
72.78244114498519,-44.60851815889178
71.00843754345549,-48.62729404789073
76.69174646346336,-51.063780291911826
76.65086503481606,-41.709978402179004
76.39999337120932,-48.64694841954331
71.50529302193964,-45.661446358938974
71.65787367360707,-51.96049330321272
70.55448535533827,-46.38441321351094
78.99437468570247,-45.230037320008215
78.86069491185172,-43.30020434753458
78.4765958835233,-44.23162773356191
70.19423013463717,-47.605448452661086
78.55802495752705,-45.40288630962053
78.041896066221,-49.862766940730566
72.96733245489709,-45.79528086408167
75.42920213897152,-48.094541883893555
75.44558817199878,-47.963611449598154
75.72756413635975,-39.97651647034854
76.89227266799092,-46.655458155768116
77.61806490055743,-48.688673853495615
76.37274701565323,-43.54860579365162
74.96701629945335,-42.97875856683264
79.48495942548338,-44.12697576346302
71.4614123036992,-51.700298643261505
82.66310059879251,-49.02645542873358
74.33175757970481,-43.05606624708792
76.42255392670239,-43.66453761726836
78.20470121576254,-47.58524704604573
76.39928016880934,-46.98791997425413
77.76035577670528,-47.32154246140704
71.84902845696656,-45.84538797454281
77.98861768257272,-45.09548309752295
77.84578647844816,-43.36583368725517
79.35742337277722,-43.58424019105475
76.44957632300961,-49.27127290174276
77.67703523304732,-45.711049510136675
73.72477860786604,-48.86289248635113
74.07211552295742,-48.7498938262815
72.31959567261237,-45.30057686582163
81.37123134417187,-54.081658796324696
78.37430308738001,-47.701756741219114
73.92654045785233,-48.269385137494595
77.06014649342492,-48.805985389214925
74.511499510023,-43.606308556122556
77.52243386498944,-46.238008952432594
76.74019053986149,-46.25328511801785
75.36382133545729,-48.38910303313685
77.01778795960358,-44.50436677634724
73.6154998663451,-47.905691685660074
79.49890680154073,-45.529635410141466
76.87064674985912,-39.45609040346607
77.06862420487913,-47.47339846792578
73.88670393598576,-45.145985470309185
75.15686273156575,-47.178173813945804
76.68630310103478,-39.50595709729423
72.64095798077078,-44.93020504739859
75.08499040049122,-49.060316476336894
79.80584537653914,-45.88865521600312
79.55649037562164,-46.1827688961662
79.38944872040385,-46.360659261869124
79.75486466771989,-50.126182447425634
79.59657799533605,-47.973833378236826
72.33742080973113,-52.684135148581014
76.79811965632774,-47.381999228772656
76.55412510785052,-45.8606442212072
75.5613468800232,-49.32602461368014
76.16263279957793,-47.74763834874146
75.26189159493286,-46.13110308727189
78.31813068468666,-46.85306465717692
73.33459057303692,-48.54311792027533
73.40395598456271,-48.53365766868092
78.59110385637379,-44.809688163892645
77.84482928664933,-40.40029616939047
77.70034459779632,-48.723021438911985
76.53580038807452,-47.56796383876758
73.29949666443339,-47.57057199113655
77.1746728277763,-49.10697871318761
75.18387538935767,-47.622405053047466
79.21902925201263,-46.12161651270797
78.45158166998984,-42.3300849011623
81.20487190795814,-46.650357109474136
76.89461892554235,-46.034628508901676
74.93245664559586,-44.64617590397302
76.65043887554077,-45.71224459833291
77.54013213267592,-46.237501813621684
72.47556272381021,-49.069247433479276
73.28123865130748,-42.56203885122897
77.56586161056472,-47.278788513377464
78.8339923209834,-47.37124979572462
74.13166622642096,-41.18917592003397
73.72351770052319,-44.99625969891884
78.30248809204596,-48.29422362038993
78.01167580983908,-50.59735432874353
76.8223838414233,-46.74547388935865
75.4093128181477,-43.36389579276883
76.88086513843909,-41.83733770696745
80.1265229111865,-49.175651597108406
77.1603252019801,-45.365455389970215
78.44416419161367,-49.18655426419946
79.09464595829158,-46.738381803339415
76.42122072910182,-46.037311363535316
77.63617447659963,-47.862995595584096
75.58141634230279,-43.583507334301686
72.4549825732587,-47.433854918144675
73.36013569508692,-51.52462057598793
74.44366091335229,-46.07339673135276
77.21591314384766,-47.77217085800284
78.92779170491369,-49.88412482054248
77.64042235698389,-50.16099708725353
75.47342885861342,-48.285324373421666
79.29777268463745,-46.64425240113347
74.78466318906739,-42.38870569648989
77.64604703077289,-48.55790874636674
77.27791246696883,-45.17287046615857
68.12008589151431,-47.559119302344016
76.52526648115469,-44.861911655290456
77.59394087191113,-45.15827873192834
80.4824035695983,-47.4173209761618
72.284313706898,-47.63468134738978
77.88975442605067,-44.496817054576354
77.43608662494725,-47.72608923693161
72.69042724437567,-46.95950952740803
72.30680822974291,-45.56743785687493
73.70400559472434,-44.26704738687075
77.8056946722789,-48.19779476571408
70.7301208137246,-46.46896548952335
71.50087363962875,-45.04989612937986
79.3290121945213,-46.55221968469922
79.76856247720914,-51.09541193992758
81.06930542538645,-51.385000229183895
78.21600308017842,-54.39305472200318
78.543406814712,-40.49785162039364
76.09399919658256,-47.30904170221443
71.45339095929663,-46.367098893838396
75.77807908423799,-47.99785518751179
74.62573790068065,-49.58052141104403
78.26076238941127,-42.88370530953726
77.41210913844338,-46.69704087060666
79.80382712715402,-46.17895676982776
73.32775782226163,-41.831900766266926
77.30002664526897,-48.1686509826794
82.28172267139333,-47.14271264573894
74.94602797726219,-48.230220158571925
73.22050404143243,-44.891295326580696
78.45595647035546,-49.972061839104384
75.87843930789275,-47.617180113091514
73.41202618238543,-47.88313849448012
76.64175871813379,-48.21721587044987
73.19729542140408,-45.252495242757675
76.03481549119896,-46.77508046131263
73.1763681164231,-47.088350879585136
75.80816923757627,-49.78052021968493
70.57704571302975,-49.005355604603636
72.89230279561939,-45.952463154515044
72.2950815393695,-48.31801341351018
81.34462571618224,-50.88156786648365
76.1039125682672,-50.69159137729824
73.17193365703598,-47.276078891950526
72.4484945985673,-47.32987716600109
75.04511189581768,-43.88236446179972
72.63887084452,-41.50187497358244
76.35565065365559,-44.552327277358266
76.69852541456726,-44.19924318022624
74.16572706412018,-48.74474719347548
76.07705631100717,-50.258172466588704
71.28331798446767,-51.8022882891449
77.84625912506955,-46.41625634036796
71.02382559431285,-50.11115763031657
79.4451289525852,-46.03538718839787
78.39532164522298,-46.78136119091194
74.8869772860616,-37.92459045866713
76.93317363912703,-43.490509772426016
75.50135106437256,-47.27873481814786
78.14444801667628,-46.19385162044409
79.12584076617546,-50.05968475834755
76.99570113236143,-46.501924950906
79.99043692713653,-45.775661181355275
78.37740266226163,-50.63106703744153
73.04962273386961,-42.790204420464306
72.8763755279267,-44.95688961387783
72.51312339143495,-44.18570940843767
75.284410377876,-53.686178080262025
73.40815836178135,-47.24800129726308
78.68389051181347,-50.06701268800969
76.65754009577478,-47.25257367886272
78.25602522077415,-42.719876409410375
80.78051684484397,-45.068685624285635
73.12164591414063,-47.86909954684413
79.66247703679116,-50.284986562681496
77.63805036373459,-52.89677129215317
73.08229213348942,-49.92363590381902
74.49499389946159,-45.81056448046523
75.50508816419303,-46.7740005663197
80.0379791266466,-43.86926669149389
75.48314662370757,-41.81021898242853
76.0300854626356,-45.953090952103615
74.635703479337,-42.74139777063039
80.38027621689434,-51.052298468199425
77.14589583721875,-44.00298385887523
79.84375644477613,-44.28944716390513
74.74843504985628,-47.844398325292254
76.46132259559508,-46.93306587527244
76.3814026100825,-41.39321938659791
75.12062105560938,-45.71845115066821
81.27485829552701,-44.9469605767567
72.22941804539593,-46.99178740908826
79.78359705967746,-49.884757012760915
70.91695217447995,-43.85852847432852
73.32519818284023,-48.19391223387684
68.840764432836,-50.90294460675443
76.68388710141619,-49.235222635747746
79.37970299262373,-39.81165859979783
74.45488431587448,-50.23686001885196
84.01374740710585,-46.85044445489631
77.17657062249916,-47.45029966659509
82.28052770583895,-43.53862630731194
75.58749433319284,-47.92024788023718
74.64375954358727,-46.17075832646989
79.11894643740682,-46.29520855774639
76.40929096288689,-44.44522250442756
80.58808318255709,-47.73044902554507
76.60609318894797,-45.43347960034682
77.999183655547,-47.77465932862561
69.47898838152626,-45.27303693398001
77.00404641250181,-50.082474132799824
73.65626482132949,-49.72765176715211
78.38039083662743,-44.227578711806956
72.64605407691407,-46.05149884529022
79.31466745805933,-48.07540470281189
74.44072005709936,-49.463665371838246
77.44755146002665,-48.70326505692753
74.41269982295246,-39.830445300693384
75.79163839165986,-46.82398758721401
76.44568325730171,-48.02436807690193
74.0545876505747,-49.05037840860367
81.48807338088669,-46.08268404775926
78.20273116025854,-42.44408863118599
81.23737300733615,-47.11775376675495
78.92831095211129,-47.67143123901746
76.30793331848778,-48.719583513161346
74.8503858447653,-45.56993240399092
77.58048197759572,-50.266280363796646
73.38897158039774,-51.064337138866144
79.0321950991376,-46.021453363480035
74.37412737751905,-41.91044745869708
79.35691057580723,-49.33458540926321
82.01659800175766,-50.46171330321568
77.31827919626635,-43.095045713602566
75.48076862982593,-48.644926495723375
74.34618859234565,-42.70956429369899
74.33429793319017,-47.91019681101367
75.55348256609965,-48.02393112350636
73.50700693135192,-45.60031651846849
76.61778000042445,-46.624906209581766
78.80068844602633,-45.94763217814552
74.72882865650726,-49.874677970840494
74.7487564850527,-48.50960184645446
78.03455011458655,-45.47425558358039
79.68548493730603,-51.75800833759704
81.41385098850142,-48.54261217654499
80.01420184128774,-48.49283829105816
74.25369940670758,-42.54837385607768
78.40630185171165,-50.776134171523054
77.11289061055791,-50.24116120596118
73.31353005759624,-47.93691704946667
78.31999987337126,-50.80692631522084
75.53905782017513,-46.81382342317718
77.74366927066713,-48.0920845462574
74.32136569334666,-50.987756186962855
73.36624357268752,-46.29998580628395
78.6375446785518,-51.13963109556729
74.19525582892297,-49.3985500207887
77.20443194672372,-45.65560684993259
81.86329555341301,-50.12173933301317
74.57903130044471,-48.205905276928476
78.05348832381254,-49.07030537351959
73.16346056792342,-49.00813288506721
78.29028256939684,-47.434408278733514
73.6686013338259,-48.20424915587685
73.80189425229558,-46.225700904133575
71.34168079821599,-47.7767579335877
77.88202482790572,-43.89915915126554
72.5726795062285,-44.96876910340467
71.10805663566735,-45.88673122231879
76.96712281278677,-43.66400937690126
76.63448050978988,-47.05210887578446
74.04890154576555,-53.71965504406597
72.15015244073089,-43.733684820052495
79.47072521119406,-45.42861159532947
79.75567647548954,-49.522522664267214
71.36946808325231,-49.337612370687566
73.01276172537722,-47.27394774582375
78.67746917034347,-52.12406275681109
77.90690717613347,-50.82822181467909
79.85843511679174,-42.093162830774965
77.82460247487136,-46.18657608968265
75.11510680951096,-43.642323741739595
80.04883146167754,-47.4608733698714
75.70146029707428,-49.08018609063892
76.74360202927498,-43.50754713866189
80.102152659331,-48.188734567158605
74.85144878685038,-44.464923533903075
77.90553798657521,-48.75385528829259
74.73537998097198,-47.76210448818309
80.8909916323996,-48.55063188155826
76.02454423565807,-42.45327752931581
83.07561557998454,-48.304557711177324
78.15590765653046,-46.68415691613849
75.11690726800238,-46.178131620412664
77.87486133127882,-48.55494402007086
74.29628016057083,-47.60438960014773
76.9703975351481,-42.887153043807444
75.69680605958557,-45.35845874059308
76.64035851082855,-50.41356461828369
70.47333971475658,-50.26223077534564
79.22275428136277,-46.8208700388131
78.48558010603837,-47.990049967757734
76.18269236591365,-50.16702460445224
78.3922860450163,-50.26473485136387
74.28755011517882,-45.43541171706792
82.5493221612863,-45.31427998666082
71.56220530830964,-50.11364347230742
73.10775215778952,-48.11848894274542
76.99084389747803,-45.68995444045683
78.32323896083302,-44.765037576660724
71.1127423362953,-46.68073902538888
75.71190129535292,-46.79494061648454
75.86652481502857,-50.30828260309854
72.61325432916824,-50.127306302680196
74.69299761394319,-45.34280596560305
76.7168045489392,-47.67336277430828
77.36237864918864,-39.77851832275889
76.22885502381197,-41.958328003834836
71.07904797651125,-45.323310181416375
73.54128265810743,-41.01992875522926
74.64159172307717,-50.23699277042688
78.01235235922529,-48.06839305062746
74.04674905179135,-48.740987504629175
73.9719896628447,-46.951805523981584
75.16339976563042,-49.44413602331626
78.79895576390679,-48.18988361488698
78.45083334130638,-42.97475324338081
74.85865982113272,-46.77358075033563
74.63806248078141,-51.513312007629494
78.94229439613703,-47.38608501931752
80.5536883336767,-45.69349808418838
79.85955371368014,-46.00520856772601
78.80207123327298,-50.38226020104742
72.49983322513982,-47.6015341957149
79.54120018125114,-47.91863571116577
73.47620503634427,-48.74648881112206
75.92561412251173,-51.99930809618049
75.29994185081485,-46.677035180102166
78.31708775855108,-45.54795498243101
78.75985492924384,-47.395300128401416
76.6509235143558,-45.376918026479416
75.12104441709992,-43.76534034305523
76.16317027813501,-42.75051288772168
72.60885737493201,-50.128896013542075
69.65395875080944,-41.380226580441786
77.76663720160529,-44.25032448965918
76.27836858244372,-49.61547334698636
75.44357915413322,-45.92004155868418
73.7090081783118,-47.0048629928016
78.77822582366312,-49.700355621118675
80.65056891704327,-52.14189199606512
77.76441963821385,-53.351105346459995
77.91343004568654,-47.73420065294395
73.41540171977685,-46.4357380526955
74.01801512615185,-46.03460647426687
70.30545163820972,-42.813567429614594
75.36159778679274,-44.422549558575845
80.10615919416655,-47.755964808898284
80.61890373488973,-47.985877581244914
74.83900511447494,-47.754947192262094
74.2667903088394,-47.3755823302782
73.42260030443715,-46.20580768458548
74.00881800158712,-49.21534109252344
75.85086897145827,-45.901454314989884
81.15650057789536,-50.841653109248284
71.60200079161037,-48.62167319653118
71.97548539613423,-44.189271325751626
71.89312845002628,-48.95252748886627
78.51352584133788,-47.36667091603837
75.91041963509363,-42.89324547304715
77.77055514453802,-43.52266614341645
76.18618780487903,-47.6259238950323
76.79999939340036,-48.543826382062385
80.03039281405529,-50.02720270050792
75.98764233465347,-40.12906159213592
77.67803632189295,-48.56540405243436
73.28147092536089,-45.84852139649582
76.32316331563548,-44.07102212726173
72.58059439648821,-46.37280542921194
77.4835204105999,-47.84104632605572
73.09407873280183,-49.4235238177311
72.27929652712317,-45.19486086578375
76.67600336582508,-50.93443842785376
76.06603782479507,-46.86924985961044
76.78744025847541,-47.92795958139831
75.95690889215149,-43.134388341509464
72.18876848954051,-44.20348848758946
74.94014694285015,-48.9404178811683
75.77959058074428,-44.305950310409195
78.56303817641391,-47.38259886661919
74.67613271516632,-43.90324908406069
75.88059110803592,-43.564988357052975
79.28709092445067,-46.234088634468236
75.47335001038927,-42.10273756715827
72.59248606085973,-41.76762710103314
79.91134602131795,-47.39600506777864
76.57642620993317,-47.24308283710395
77.77122549146668,-45.38795812350371
78.13503099790334,-44.67545440366129
73.8619446786939,-43.59525480230981
73.93686219410158,-43.676585727697514
72.02734555547535,-46.90304117593415
73.14087943065832,-47.26146486934102
74.35549455119562,-51.21776714283399
81.90708896596735,-49.320378173556676
76.95476634952183,-41.232629513234485
75.44753009561879,-45.66369594932901
77.95965297276464,-45.19052830781655
75.18813500786437,-44.3866682732141
76.42808313627891,-45.881011115062044
76.14986093540463,-49.909940272758945
75.71218039994763,-52.25292145527938
75.0186771839576,-44.98326253241301
73.00747310053441,-46.148376226557126
81.13954232838445,-49.886750521893774
79.33023868998534,-45.52415090749404
70.12655291599793,-46.04074530306275
79.49265011726742,-44.22133953363255
76.61802714782728,-48.8759567862721
79.42760658191963,-48.175207642759105
75.2825492363887,-42.96724449441332
78.85829309581433,-43.01641039294086
78.85280339763543,-49.19003807010131
78.94812849944245,-45.80349554701015
76.18741561244711,-48.4681755152557
79.41058370400722,-46.9793301511956
72.65631298369738,-47.82403698220974
79.85828504782727,-44.940433451063555
75.07448471117539,-47.894851874848655
76.99429020376026,-46.55211279997783
73.96921723980996,-47.905875571826925
71.07418885968954,-45.72161021625148
80.63682381475225,-45.41583740237255
77.36710925704658,-40.7549315643339
78.64365651224273,-42.4763277378067
75.3363633475423,-49.114413199291455
77.98300459624949,-47.46211695346416
74.5408406494825,-43.79617769760874
70.70309458212624,-50.345846370693025
77.10857685918728,-50.12618277115347
71.93426105628146,-41.86689703662774
73.10612294890271,-44.478838040377056
78.13511147232742,-46.77850830338292
72.76413987344645,-48.90520950538069
78.71879473924801,-48.17187310852399
79.27673375559885,-50.17909914277506
75.05113192018977,-50.48262487083349
78.63231963956008,-41.96060495895036
76.82433827831933,-47.33043184800315
78.76980773989666,-48.837556815680074
71.62255296484739,-45.890036919449834
82.47190198207207,-46.81830234154981
73.8515135037113,-46.64974275780576
76.43501568225918,-49.60710357394226
75.67515972910891,-49.37965984487543
77.64079456233137,-43.96385849546567
77.13089537421875,-47.76782244453184
73.7803446627004,-45.607523958273596
79.74026135302145,-45.862049303972896
69.49624356027194,-50.17818465055843
72.93732716836696,-42.74380519531554
72.76217177307419,-46.62490597886313
83.39747905032613,-42.67614188716148
72.95454129388817,-45.39590114420052
75.99546647531353,-50.6920523080214
74.4672159095145,-50.25710736790588
74.18253400862989,-44.961536105679066
78.71848850292203,-46.07670960171659
82.69369921793374,-50.44586468172545
76.85657230512831,-46.17117508608598
75.23956052143936,-37.787182787217844
81.80369750892973,-52.39614743312975
76.55441969673231,-46.16697670524558
76.23563147667684,-48.868409275930134
76.56370705847962,-48.818994440289444
80.99089864972375,-53.116064194814896
79.59921725551952,-52.21931624243708
81.74603421457276,-48.72444324375283
81.00768163603799,-48.115531017332934
74.04334273555371,-43.72796129240529
79.60565432016692,-45.44869119491436
78.17273035517832,-47.852514493219374
73.6399711554468,-49.49241885257296
76.49280986279845,-46.11899840238687
79.57676432537427,-41.46001820258369
76.28034905786784,-48.58384427884973
77.8029500168009,-44.063217932354924
77.7635368386285,-49.93757213764415
82.4008679759534,-47.14537989975421
82.76472913841296,-46.79403838278724
72.48711437479703,-44.518892668396575
79.04016994693987,-45.739699893314544
74.56781805635761,-49.45591515628935
80.4974585833903,-46.760730896178956
75.04115086481289,-47.09373713055625
73.00847833978311,-46.73863445914898
80.5090524544954,-47.51588274943575
73.88826864324236,-48.149932482386994
76.18830514439053,-45.924997035415025
72.77837389458439,-44.457886008397594
79.1149093236343,-50.12932185065175
74.32621263512367,-45.32996894959689
75.21560974087977,-48.812975272726284
76.4595491579447,-48.63849842613872
76.08799760503825,-44.94292122137913
76.13338014110663,-45.443087967449706
74.03998136460515,-47.93068532319801
72.34889426495256,-48.83886775523487
76.78446722073814,-48.21642243155021
75.2248897029267,-46.62679493984445
76.70947387094819,-49.27461143376933
75.62098142567964,-48.659558037730335
76.75512601317358,-44.735153562802346
77.33984083392569,-48.60527547481452
77.84564246141525,-45.830417154929606
78.136780777937,-45.07913505062343
75.42415098754498,-49.736165209749295
77.00731134548447,-39.65420790749601
77.15721141523142,-48.591509398179284
76.49528847141107,-46.03950308982336
79.174117450245,-43.64739938431364
77.91908713430715,-48.73870886120153
78.3548816229862,-53.534867205996804
76.61781584480428,-48.48182977829174
73.47224292482028,-49.43085159394199
71.55680554839489,-51.00188682282825
75.10414124815784,-46.87654337439746
74.01674048317626,-46.7166308810787
73.85523104935369,-49.87541115794322
76.52739744262378,-46.93895347804793
70.10839847524981,-49.483495283688804
75.66997968031336,-46.862413447098014
76.80989630713472,-50.648591272570904
76.59139819202257,-43.55482343356974
77.33621894593516,-44.62590057756867
77.47278287703304,-45.89778128830739
74.49800353536313,-44.70456773934396
74.54125262205504,-48.60523539521265
79.74287254536775,-45.46410672121581
72.37903684323118,-46.11721210531701
74.97844811876985,-44.28319304532706
75.77570790373498,-45.15868838768574
75.22781194861977,-49.19254596343099
71.26950885655927,-47.09700844376589
75.27894518191638,-49.3441311091684
76.38921183501051,-44.929742281644245
77.06662414863038,-47.01130503442144
76.93384947324436,-45.25671001088425
75.75180737756737,-44.820758557329576
73.21855257297311,-44.92044025684844
74.58047575510432,-47.62549213941664
78.76271406350787,-46.65528191414028
70.59705293835516,-45.70172057195042
72.47353969171995,-45.167962337427284
74.86293865606429,-47.06174974987849
78.41784988858525,-48.063701762351464
79.93811449518509,-49.49191104439063
75.16370493562954,-43.42650321689966
72.87985842949064,-50.033696946529446
74.44133184971272,-49.70685592905224
75.89543981368534,-48.685994902887984
77.35250704609183,-46.5195816956632
81.22208551138044,-46.86334285489044
79.14862072603175,-50.369700217654
80.23694500220043,-49.947432410966734
75.21436608114206,-45.16993898187589
78.29209046081559,-45.299211116976984
76.04756839586238,-48.31767810751097
82.198799013914,-45.095941143604165
78.07576168330034,-45.90494112303251
70.92147804173595,-48.096612908289195
75.36840945794911,-46.9769585663938
73.15292709586306,-51.13956303006483
77.08035913110461,-45.57946862892876
77.62778690493076,-48.671792539634325
72.5844944727759,-53.78577474445028
76.44708523283437,-48.17847537410637
77.06921782155807,-48.81345641829013
78.71539666639283,-53.18482816716452
73.65532601792728,-44.990684841232444
73.52154700734741,-43.17309501564362
77.20840541113186,-47.04208784387696
77.92036544000948,-49.89667346546359
82.17260798247473,-49.48074564939042
76.32481873705457,-46.72005334465581
76.15898269988568,-46.56902989701135
80.8390531665177,-48.6664056723542
82.47929737049749,-45.564623948915205
75.36195565932553,-46.841582045382474
74.121734394042,-50.15957596351456
84.41325636378731,-51.75142389489579
78.23292780392441,-50.214638634928775
77.47404981765527,-40.93370173967664
72.24804013894328,-46.95733039379818
78.10465019762368,-47.99849228247389
74.30999991981022,-45.909104669579634
79.1818250917893,-46.51895297945893
75.40847312576062,-48.787895401897906
76.43961659894225,-47.99715866722684
72.00857852790935,-48.71864123971422
75.85443016711962,-45.66645405765648
76.5507219859692,-49.446505832620176
76.17076655188926,-49.24982734566234
77.7996516459254,-51.28517058328136
77.084997255106,-42.3885136222146
81.10871011532075,-47.76587237082836
76.12160065509576,-41.88050928424577
77.744628530485,-51.72733765528546
77.89071061433806,-41.45736323087593
78.01451730590492,-41.46176995070322
79.18850190054523,-43.755728286463054
71.29924616131257,-46.59840814207418
75.66735559502317,-41.26147242150302
79.4222349893191,-45.51525806819341
80.91512058788851,-45.10639725294768
74.56758961327486,-42.17221031579167
71.32105061340881,-49.681131376223874
76.2805043707676,-47.40528822651361
77.78047178960952,-47.41069782730699
74.54464950941109,-47.670257795951024
73.10027482340931,-45.805994468059026
79.62637524951597,-45.60791085408886
77.78715517844168,-50.90465733527222
79.51776690598834,-42.83499774082636
74.52594587213979,-48.916220380526596
75.23621417977495,-42.58414203961492
74.14128426186718,-40.997471271885914
80.60537851119463,-45.3664265221562
68.06064954436782,-49.88682069678087
77.34227645325433,-45.67327607467697
22.909116970915736,-66.54521625571232
18.994332928193263,-65.14578837388751
18.990253801075664,-66.29456645950381
18.397887017882834,-73.54281239622259
18.126327266527333,-66.86727718164956
17.88696794191197,-56.05825338713393
15.540404889018939,-61.5790692274738
21.218604809959253,-59.47558748576179
27.58671519461049,-73.0422605791323
15.842924174938895,-55.86394714102194
9.251791836978215,-64.21068127055585
10.66767151553395,-61.354596418678405
16.694662778966524,-50.65144488963311
20.227201596459594,-63.212730499684874
9.334416757463966,-68.53962900002168
23.41346772398693,-60.86918307563776
11.853598373564326,-64.34982450205155
17.332136271787938,-60.29826919354836
9.284245042077682,-64.21750824809136
8.342370106069266,-64.87326630362631
16.388587815145364,-56.399800648785536
27.170328982335203,-53.30012842341189
19.344658886867407,-67.07664125947669
17.59638773945059,-61.05369991588562
12.153947370558889,-70.05368204772344
10.89927414402275,-39.851279093400876
13.718047990056682,-70.16617951672447
31.00149548961914,-45.93433233759609
11.198291977795945,-68.01143494806385
19.83809371833698,-64.26119868917594
25.317500923108376,-56.27376372023842
9.06968346717346,-61.26325496378276
9.575084766332866,-58.92236908303664
17.035511978155558,-52.964198239077646
10.457083009827482,-50.086591705559556
25.087402200208615,-63.860981718270956
17.30457660834687,-61.937201641068164
24.346385233142104,-58.00347597072547
30.000074833633118,-78.40005289546293
29.426540895809033,-57.24627269812156
14.1493449642666,-72.16425744602972
16.664341914275674,-59.62876056193901
21.41176580609391,-54.317502603801884
15.536210776270714,-62.711349887684804
27.98203783916334,-66.79044594161716
32.0256739773134,-51.9248918246943
20.207689358066453,-52.79516815591841
16.011027053681012,-68.87412826220327
0.6272797000701651,-49.08955258777078
16.742428761708666,-58.02096901181177
17.121050428696535,-50.09102909958635
18.685006161962324,-64.68791261403103
8.666732992537845,-58.51749469636415
21.57368956692398,-56.47574494793958
2.9620991244837356,-62.27687639250137
25.339434715582975,-58.62974004734035
10.941820347140702,-51.89278868180257
35.002420317382274,-55.12090045331607
13.118914267863387,-58.65926018446141
30.93675890534302,-63.58981271808498
15.45727318963003,-73.17223752765462
9.912382810830897,-75.6193001779394
22.10536509089648,-56.6259091710793
14.272945568160226,-58.01592453194726
23.220304924077276,-55.54970389858236
19.58706336772367,-82.09519239357161
17.153249430755327,-69.73220154065383
23.070456645285148,-72.42934502348734
6.579220313665974,-56.75929472099202
34.26668773618915,-69.41174150540806
24.867008228837935,-62.51133204839511
28.361040186725525,-65.2587698458498
5.649067299424553,-56.68358277222535
25.605624944001953,-63.2431314350434
12.162517895991021,-57.72494245935629
27.09958156202704,-45.99848010700272
18.805325733079474,-65.16709106151892
15.573228610355152,-52.47920282091469
20.48435044511729,-48.17757413248265
8.526957927883243,-56.51571482856573
23.37444372301226,-55.101505160569786
23.57124454866361,-69.72860430292377
24.72288780838802,-52.658681701501926
12.579902824634605,-63.89275993815554
20.765028791196677,-54.169948150281165
8.372467294982672,-52.29231602424852
17.087334151907744,-52.97178911965392
12.721232020324834,-69.82258679653961
9.867206040063325,-51.66947976063602
16.144976035356642,-56.589485573958285
5.008167575109356,-64.33095935788512
18.66101867971361,-68.2124482674195
9.896996006738354,-62.88356460122162
10.323657845586013,-52.21092900408566
18.027135082854297,-61.16731391434887
24.80017500592015,-56.941854920098386
12.105664436164258,-68.69902297864716
10.635148893937794,-57.362301435343475
13.292734927699161,-60.491436683530445
18.873705633582333,-56.852125695163814
19.59981381087139,-57.90366894751677
9.871355233418393,-59.69221934455879
16.337434698572885,-54.114083623808355
18.371368053815008,-63.167979957799666
18.124750690678585,-62.89849738816516
14.596789302002925,-70.69299534450734
27.378308690525078,-56.041456751677465
0.7217698542306294,-49.14786607036528
18.73942336031733,-62.47029399147218
24.621357867268554,-63.62043328698868
8.899445022125008,-61.77787512699069
14.687554855537352,-63.361097255561816
16.04034317473489,-69.76672978742727
17.573207203806724,-62.11072501000989
20.457901864654453,-52.187149769768915
24.58276085192695,-54.455000139234286
28.47145664795901,-57.781976318784075
24.322302564249103,-58.86200353221845
10.302387434525127,-51.94487795381042
14.026937406374298,-64.92114616530085
22.44074007206495,-61.55360655986973
12.60961627858494,-54.72953570780036
19.048082187586033,-72.88656184976263
19.46278769112384,-52.54168689524941
7.055730831371159,-60.49423883202811
17.714457968745883,-55.707160812497335
25.94887405703027,-64.90769250125624
18.070855722385275,-60.50608259624835
10.786647267951315,-55.20909529385519
16.489040726137045,-68.21798806242094
16.872596640543005,-66.14830991573875
12.54989968934688,-61.30998146239686
17.208551650019537,-70.00873895568212
12.664511200333134,-70.85738741453692
18.159263748719578,-60.03827827309142
15.027128821750523,-59.13930984057928
16.467706383794464,-52.33965745000823
24.855750014746448,-60.92249690594583
23.567617650737972,-62.35289880131073
14.234676040246416,-54.26998339702753
17.439646338947465,-53.107498091002256
24.0559133444439,-53.72049018049293
10.205744755617395,-65.16924083419103
19.574534500756215,-62.91444601378415
8.590723013431777,-49.27645393783495
15.614324172406093,-63.75643067491904
15.30743363798286,-48.551150503114904
18.421558370010317,-50.836116931018154
13.637625282028495,-54.17616996048834
25.48215576402275,-62.425204933054836
12.775049123511009,-58.43192434356544
26.983990207427084,-57.50492331160062
23.91241683389074,-55.71417059469724
9.711413728034662,-52.89112314918357
9.654166466207585,-51.43855501408459
15.177201513421496,-64.02029266094729
6.674828471758863,-52.234991147758016
9.860462533352024,-67.75081441843842
10.953130583058009,-73.04558967576436
23.889967111713034,-59.327445289122714
23.247965747086152,-56.6849553249219
30.18189756878823,-55.688540469420516
14.13917912080882,-58.31602649250204
26.481540989967474,-56.24749744058415
25.320596732901848,-54.302716035459476
21.69454403752514,-60.331737829558094
28.763394703674287,-78.42433456869637
19.918215866540162,-56.67193729832551
19.060099219056028,-55.39817714576117
19.35522151486988,-57.72636048569656
5.85583269905022,-66.690001215728
29.95243025639511,-73.85409608280234
27.955631239164425,-64.25428414139672
17.20260010385692,-62.58557037092584
20.911996880900375,-54.38093018265508
7.09568910231352,-66.13810879630006
20.81737718351352,-69.54965237447036
15.977010401785627,-51.294213337310026
30.076195190749463,-53.49897396639821
23.674967459393454,-70.24352739309975
30.65160135341275,-53.53297490112885
23.896432046752082,-66.38471983514742
29.827409144588344,-67.6040841836219
10.123296163212784,-63.61913574751003
15.724522479043735,-59.2009240508734
6.948971145855069,-76.44987917372421
18.201074603749404,-66.18685446194266
27.971437752911584,-57.04580809155689
4.380208505093279,-55.706189355054505
19.348617800589334,-68.22332177226917
23.148730991476242,-56.00122207187939
22.943065302964985,-59.64076677920432
0.10856199413821699,-57.57393778625509
15.342133281139164,-64.24870639370452
11.16507017013371,-60.45621664403537
18.49529378495076,-51.11362936015811
19.494943321336144,-68.67618836314112
12.996389171257466,-57.475701390345364
13.12925313808113,-62.15471260293312
26.050256774330933,-58.89351620823361
13.4276971700611,-55.21879484513094
25.256760762687513,-62.443456775343826
26.5694997408433,-52.99534221084153
6.241003991192647,-41.88913362337421
21.012447159298375,-64.26106231103617
9.782714420229013,-57.80114336071315
17.91478983637108,-63.44234459111126
25.78437502185392,-63.57691229638127
6.8599555567867565,-77.267454158552
22.841521077192628,-58.13643998085679
23.52023012122545,-60.10200191901272
12.144903909416403,-59.86401037454206
18.136427977562125,-71.49974771765947
1.0645696885419262,-60.448956752167376
2.9341934598253587,-52.21788965562363
17.131544670804367,-63.73169553996533
15.172336766127763,-63.3769244762313
19.308923256974555,-64.55093314197353
22.49511793519108,-64.06375214181644
29.452622540251184,-66.69152933603057
10.860803334936902,-45.681824363075656
23.17016680589601,-66.0539098059941
17.49334263529097,-51.9064510062465
28.584899770177163,-56.22359148549597
14.307388592030476,-54.30085895651567
24.020087501896437,-64.64743385492592
11.48191930575054,-52.173799491633886
10.455337559083652,-56.271211074562565
13.22501795151894,-54.44741397789219
18.25767374088538,-64.11217684593423
13.123906870182033,-67.57793971711335
11.2831141536761,-48.95665310337664
29.32939989558656,-65.57721754715672
22.03753668587038,-61.37566451991874
20.997715302571155,-74.12602769625917
30.2641228946083,-67.43890172094318
26.38716884522953,-59.36438207995799
16.23738435020298,-56.010928173482284
17.707505338484133,-51.815800439658666
14.890632448953747,-57.18038893946431
31.798829789632848,-59.91515383013979
12.982638829870496,-47.85552822594342
21.05955373374177,-60.807058575601985
17.037902712720502,-59.20092094989022
17.865949771372406,-75.74727809859421
21.779801540478097,-53.57934845037827
24.800057255271636,-61.18584474192771
24.538505579697198,-51.35766436207992
21.848529087379397,-70.9562675221129
16.277323624389467,-73.0604568782331
13.036426277191765,-61.87306115209508
16.564943292166816,-64.16550266414839
13.286605982467378,-56.046130760473574
7.936116980700943,-63.84086832895806
17.11453060801244,-60.117070621726285
9.925870166693239,-51.792349309892444
28.11912800530143,-48.62641786862835
22.091269007598658,-64.90760238979566
13.640120831902927,-51.46199468396485
29.377320806527326,-59.47788003094065
25.198760561099558,-58.65647330543209
28.473268777739058,-46.31941878633412
12.172156566249765,-53.29182680599497
26.243263751878953,-60.134589722905275
5.422610831863704,-63.683477438822344
22.671269418045366,-50.65971290795939
17.296424829676113,-59.0528600887551
24.248762317889817,-70.17764757205562
12.948119024730534,-64.65375129149677
17.760575416249978,-63.74230317499412
17.31234123581079,-63.12436202645727
10.455847283775121,-66.72244925962559
20.340916534915458,-57.21271110793014
19.87041258632985,-58.038214213515765
27.330322421123064,-66.3727553172326
16.184852902028492,-72.24450604550083
22.438405214336232,-60.29100356947278
24.775955852889865,-64.51555008110893
20.791422075813998,-67.90992433580277
9.739518026454492,-64.99093898652005
29.31327257020683,-62.52531077025027
23.3424451127768,-67.23266226574769
23.35631522472128,-55.36142360785254
15.833507037036583,-62.42920928694621
9.664092662374483,-72.15598864273215
25.005190212142352,-51.19638392260116
13.630180454834012,-76.92767383111644
11.311450569504395,-64.67194533499406
24.856841391635328,-63.87278333950466
15.21801785442587,-58.48032273612491
10.552808073637294,-69.73589000505092
27.979891641096266,-55.67212927435341
17.605708770893973,-58.179056140593204
15.164107819849487,-53.950858133257945
10.858905242238169,-46.31802268802427
27.60263716673885,-58.85646357552191
20.06570114522751,-76.83027654162818
17.388682255822612,-66.62086260822244
27.85255264157675,-64.78538061310852
20.258747917797542,-57.9436461687094
13.469240432812256,-71.79712287818667
12.964611252772233,-46.15673448705513
24.343205981360853,-58.414653565256955
20.79604065262586,-52.130622849193905
27.312120558300425,-57.51870238209177
13.972586948076485,-57.48543092743994
11.460563893200584,-56.52413968047319
22.565280179635735,-61.22121133325804
-1.5611124760274642,-64.53932221710906
9.376760315083864,-66.31500083690467
25.649647121649487,-57.74915982956586
18.004880265204235,-65.99841252811059
24.653943152247727,-53.67289989779699
4.0659600105557985,-69.21766132708402
17.176346161423353,-63.31522129892295
16.158835737392117,-39.77699516679013
31.425059570627084,-62.33837553208706
11.308450970273523,-44.75730844220959
5.863991319459908,-62.0346052045004
22.556931277320196,-65.10093878648304
18.94388973725184,-64.61254368437916
14.722291675353356,-65.56710253469586
25.29399092254418,-74.06225460141735
18.201876418875536,-67.85565048116071
12.524109964397706,-56.18481792361064
13.559163636879962,-51.7438588240731
13.542736482025406,-66.71924530656109
11.297379649226308,-62.90842836725135
25.300355836320225,-59.60197828229578
8.197305874028942,-58.114111109618
11.474743543382809,-74.48313901309528
13.324649053461977,-55.73024639384682
22.687427885783066,-59.82021209016535
2.4473246653849525,-65.18700790986543
25.603120970623035,-57.5023169361334
18.039150195774106,-57.66129012471843
17.518367241095817,-50.60410746736089
13.595646080201945,-60.77556006622744
14.634831165428444,-65.22907960725216
14.649354412872045,-68.47415296586381
19.443634400253583,-53.46210031023207
18.30203539823553,-59.714914693102386
16.58924493766914,-47.698758165141285
19.316789256990905,-49.1584991835987
14.272973878640409,-63.1419053976994
7.063689515588521,-61.22605688968804
16.345734675164895,-60.59284799479467
17.45434730977825,-68.41320373572235
22.805622205299485,-68.9541064722834
23.064304242710392,-58.59306725186183
15.738255208684318,-65.72713314979514
17.333978601333268,-73.94593138941218
2.9128542529078203,-39.667413329786584
24.254633873994752,-57.60352315268718
5.009389224431475,-56.43627834056707
12.373863335906787,-70.13030844336795
14.182434283810714,-63.25407911711309
25.502183541582905,-52.81929172452964
27.216073152519527,-58.79824184410418
23.81946507766063,-56.6731699818073
31.190042997728234,-57.5701065747425
9.061381955465249,-59.292452137853196
20.028745458657546,-68.03188308625154
21.035736724849233,-61.92882563483807
22.314028645932453,-62.43583834093952
25.368365552224176,-59.80589477704406
17.94096925648578,-59.22761968693212
18.899154259634035,-61.454623820694444
17.607340847161144,-56.24573434251944
12.24993178480056,-49.137596425119526
14.560045639727058,-61.61224284180548
14.970125170170034,-44.38169798718302
28.011764211117764,-64.3949222431275
21.39718406631045,-45.794527544091736
15.367908799475298,-56.898694385298974
16.142072960387775,-60.69452346347458
29.025516145466007,-64.73029100369844
27.309228590784883,-66.73464241070543
6.275466411945137,-58.207954275708886
21.298098350984745,-70.8064509947832
27.94527885872602,-67.14458830895005
25.547571778020973,-60.19988940734888
28.873756598124118,-60.779416050266484
10.441060075849986,-59.57407077571139
14.56020784012918,-58.98015433500649
21.763708093905446,-59.04456157958446
14.871399192095016,-64.44947696179267
23.062151779205927,-52.29966392650602
13.70098236452898,-58.43661818265989
23.56324011456828,-69.73790188414569
20.745399497103946,-62.276808727439004
16.306467919179966,-63.03678268316986
16.223565016292806,-59.785578148021514
11.06626807366818,-56.28605924965203
6.815789564108234,-54.912049771037665
6.527140743419617,-60.78663874422502
14.760303149197714,-65.34074475787725
17.664773252766235,-62.65758866388797
11.9614793055431,-68.3521216257713
29.06569791595225,-59.835339848297515
13.68225329690594,-61.623766342391406
32.21352256333204,-55.81207613098219
25.056659033920397,-59.102890409842864
31.027423697907874,-53.99848726009024
6.448970820556163,-56.81932942149695
19.048891301375154,-66.48125941168166
15.251944500777954,-68.84079113888933
21.23289025648876,-53.7325590818175
17.996561461329502,-64.31035463670263
17.487726749374477,-68.93348258655368
2.574332518873062,-52.018389848915234
25.194198566793066,-58.52529745807806
15.072000638274753,-73.79731508664098
16.38679295930899,-65.03234565699961
36.179076663396074,-64.11546832895463
3.5714028294329214,-60.225408519993195
22.75896562102054,-50.4525966766128
11.40308133245378,-56.808808231978844
15.847618718188372,-65.66851642970657
15.247226658427845,-46.55111597801284
13.495386798271392,-62.25254233015582
12.420560971753787,-59.25804465963843
9.779601528649051,-68.36562198786564
33.467537358502895,-66.05803588869323
13.354992682729279,-68.56242547282692
17.43319396716594,-54.4496133284132
12.710781316920933,-56.34798302996178
16.979261039677862,-56.85912696049448
17.23235588121575,-64.24339400157298
19.752237875781585,-56.437606221963925
14.678489427044827,-67.06662198571695
20.56712503477543,-50.674722635587166
5.634513777514675,-51.50665409065839
25.63593308706152,-57.512388875211954
28.9677130270658,-67.99633342565023
23.974744572787394,-52.823265839024685
25.97770983901981,-62.320707400398575
24.603826181524536,-59.21692309157178
6.832616930362752,-60.461356506317735
19.811881702501886,-60.92018835653893
28.528046661581627,-63.70916881195639
16.768340373107282,-50.719604505047144
28.018339972009834,-68.432090562137
14.626076392439384,-60.26726466851402
33.27461554969367,-65.07192952821997
30.330194781146766,-57.972505683263485
22.967739029645955,-57.881315781055186
14.712714898300266,-58.98910176101204
28.4684962576995,-46.97443096665497
14.185293263183247,-53.16283912942896
29.368939908796996,-53.90373033281583
16.51484126782601,-58.63763706804466
17.043573862324013,-72.677912401703
20.030982498989875,-65.06145055511908
18.777367105618566,-67.08096002372915
23.66805591143109,-64.08580219505819
14.39771580276766,-55.39881766508574
24.37188849682038,-51.3757460533412
18.506510563759917,-59.46029278864153
22.140973460501765,-55.244157734468516
19.1871011130201,-74.67386631420331
26.437698922468616,-69.87776061945198
21.059529079944095,-62.86693495934794
21.501525235209577,-61.890176197439644
23.728377087761817,-62.25504079724663
12.7581803310024,-62.98508042220723
18.582460794297244,-62.97317419618699
14.060335867584847,-63.269670883532406
8.559553568072591,-53.20682833114747
12.078068482715086,-66.7034858996939
19.179973189649186,-67.47184784081846
20.476948682905473,-56.11864997599536
16.411997890576487,-58.783819098426434
9.74542770000544,-43.89781078321968
15.715273689324924,-54.3059099260329
21.174440516722463,-65.13155874515667
19.643748424996765,-76.09220450091506
8.93312098680853,-51.61831443190116
11.727692800160789,-66.8711822490713
18.947936046817947,-66.67632267764671
21.02011897790392,-62.90208475726185
25.378166743776045,-64.65706391886727
23.271008992411904,-69.53014682140771
23.250595045699384,-51.579660494098235
25.912040576307923,-54.084395694877735
13.188608810235785,-74.15792309322288
24.435745576226715,-50.45796102021798
11.72154444386095,-58.957299587131594
5.910742149598278,-63.72401407239866
8.396214827465544,-71.4765717072466
19.214908719110188,-58.35083744935296
13.715384930997903,-58.846174195651116
21.088779357794323,-39.39982421707771
16.275068547460556,-46.743199133386014
31.931794635114223,-68.03084170072984
23.329723996871323,-66.97027198224225
15.647337146767196,-71.59786253780818
24.00827347021389,-59.44577280773244
15.33776945257778,-66.85030014413897
20.019343885124574,-75.3792806839724
17.21523520787277,-57.77507647161427
22.54050759047748,-68.258225516739
19.081899757608966,-68.42225026980356
15.264455338165709,-68.84368335651772
6.860226998033017,-63.67711098665568
16.49570684739584,-54.87129571857316
24.656624581996347,-71.91530843068317
24.437939404822956,-57.60601062619727
3.618725643810013,-64.84348385442446
28.072922908641296,-71.00000245578536
21.85426222823064,-63.28312639340317
12.505491115263265,-73.4027229995438
25.66500462559155,-58.10065543703169
18.65392606738484,-56.88860418178404
18.497243953795934,-58.103980607823345
19.49652466055059,-68.0413438638551
16.56146309245961,-64.03445105905503
24.940621890370867,-53.4509738778911
33.64536069124082,-44.12413486242051
20.543809418985816,-54.408110757325474
15.383669924403508,-63.32009142160497
16.960203437104475,-55.902094236488495
16.843813981327223,-65.74234260539501
15.469341875931297,-69.98850735410332
22.070421634164333,-52.09992291893502
21.498738670021933,-55.281048482457095
24.39467505542845,-69.13662589016374
27.516999665120906,-52.14951762130596
18.250579062729095,-53.8559676005269
21.30295152386375,-69.22502720885744
18.36117430428327,-63.930710782804354
17.59347499110722,-59.34891602461125
14.100614377379667,-60.881983488237076
20.8691512294225,-73.80904396402101
15.884699333491584,-63.19456742415044
5.765797876526232,-55.33371959355753
20.65484212611054,-66.72581408377886
26.412829122367995,-65.02721051060958
15.100068634654697,-55.55423118453421
29.786655284109784,-53.79293513017272
23.967873446876276,-67.4808478424724
21.70186946583445,-65.31531769252354
19.24900367806503,-67.79881172174687
15.612224823824729,-61.74783461770349
22.425704484206975,-56.67884507673184
27.762798135912913,-58.50681606121897
15.636035058536823,-49.728725741443405
20.382142943942878,-59.535971203669604
12.867365111416373,-52.45455176243222
20.842399827888414,-64.5206189085305
8.585153773476675,-59.7733084319777
8.339380807034512,-57.918481275500085
6.023918857785857,-62.57415391885308
17.865182026592187,-66.27702805782194
14.204197318034165,-49.02932769850257
23.23011729175675,-58.15092187834696
11.451674100089917,-68.73606583577158
10.7440242402179,-73.2507308217665
29.589050347423594,-60.40953391033449
22.614603701086047,-63.11734439092702
17.084399314682784,-54.014293861226356
6.818215289073915,-55.29017690775339
19.532616534185802,-58.06518596612576
11.171215423875125,-62.608824965288456
14.726644669207527,-59.10994631131572
17.243917469997562,-50.83806893099821
17.976930552132032,-66.34128360783221
22.159531337305197,-45.558764716822274
19.48683282377413,-57.22697453984514
26.82656788288851,-53.80753764743398
10.021406941149278,-67.62862427434166
3.753818703466658,-63.24519434399092
26.54973716699361,-69.75331011715929
12.123508455677555,-65.3341045479225
12.575176812562109,-56.54806296047984
12.880259658716614,-76.3798733424648
19.673795410444136,-44.49244525053106
15.424233950569324,-62.640527344781844
26.274492889927707,-59.21996102134489
22.567760487265012,-58.33626033586301
14.737061119231752,-57.23230893797124
16.685345563314026,-53.57928188684484
17.179310071147494,-59.20124553508815
20.522961231198238,-61.199754868449354
11.06661126705257,-58.21096193939747
11.943976527740144,-55.91024411321279
9.843164046510786,-54.701467193868
5.2806552577058365,-52.46023381731077
23.626019712070764,-65.8104814028455
11.871784226780981,-58.7081089802338
21.51942250596307,-64.2124615798671
19.706237750105423,-58.768523320807375
20.08745279298233,-67.62754722896938
24.560903910941725,-66.8587927399956
16.010124710663263,-45.33061648628065
27.225134284300303,-55.47049323462565
18.718637847690484,-68.63815093036538
8.06189102353155,-53.745315182210554
14.395874182525981,-68.52766003143108
10.927707041162973,-57.33070157576869
19.408461892670516,-52.7259309748832
15.76153351617862,-65.49177775382411
24.506145942057568,-54.827623618516114
9.54390492601145,-61.90590013519715
7.570425542489712,-56.71003631698994
15.660084564402517,-62.36470781577573
15.808279260021859,-57.4538948019498
11.650198132119073,-66.27799189758242
24.94249880948137,-65.8732916063775
6.874923837383468,-56.96743956883508
32.552466748978304,-69.02627288494034
21.875387272044414,-52.644349727272
4.07952892191218,-60.51999026313864
17.0674863065634,-67.8008107845714
12.084236860436688,-62.026088305122634
12.42540190697104,-63.04709753264652
19.99435322091659,-56.646728981190044
16.71760226436024,-49.76114150712572
25.18529026402062,-46.17319817701311
17.03242220010368,-62.96985853333712
16.131382376458085,-61.52815286064696
24.12722641431176,-53.46618046345065
7.568060574069314,-45.91324886361875
18.036338434327888,-62.613236893518106
16.271756865658876,-69.09545027457548
17.28237707722624,-64.56732037031256
23.91821906336159,-57.79234961718174
8.536446154827134,-71.03304410887382
12.294662975988665,-58.560171144396016
16.131786602103045,-64.96870013130884
14.015474440476286,-62.04422215651227
23.89882248153483,-69.29642911347567
18.79696220416318,-58.66966626367066
15.092957175130126,-75.07121249553607
10.797584624867685,-74.13502294884631
13.059572452774363,-69.80145783568015
22.061280911884825,-56.91886863250562
13.010496856386064,-53.1115633797136
11.957805843508424,-77.16283728101506
28.37708777427995,-46.51416237402228
16.14315648395616,-68.03299519335908
10.502611877925961,-70.80646831979558
23.633610618806077,-59.770954807630396
7.81700416428612,-62.271519928413355
17.50377262826997,-65.05083675669347
12.1777606834941,-66.83815000011276
19.167907875701744,-47.87951143900393
7.710029123501849,-54.113873055396695
18.41818462401582,-73.12943415134448
12.226850612293415,-72.74311227141357
18.771984929434566,-60.66289292251434
29.721893075736453,-66.94560382383675
29.162541425035947,-56.9622662976283
12.016773782749341,-54.38554724840495
24.857906958964595,-65.44717681413272
18.52940543250644,-68.26049261580968
25.068948353450764,-57.26428237920281
16.03085540998701,-50.46630960109216
24.83403294688652,-63.11579396240002
7.906710714987273,-66.29133439163431
19.629801011087963,-57.0400478119185
21.45071222112702,-56.36097167045247
16.224225374738666,-56.27654494172854
27.141657646380047,-58.24930987973726
25.43411067409542,-45.82377191122289
14.865414344964831,-64.04132099720277
10.712193881811228,-57.785085266329396
25.84735826178234,-61.50510211873995
21.18473527414067,-65.37887397559264
12.143115751503158,-61.34944104560633
16.342868434952244,-59.12882378572204
23.601883589865167,-69.32124680894395
14.27003843461803,-63.74126663397733
21.882322989704505,-57.478568158620256
34.00288476622448,-57.35442906399134
36.37848823347868,-64.59900099844693
24.88726876795063,-63.048438211742365
15.681654485955644,-71.27690679389404
9.850504100114682,-55.38048079454414
9.71393540981668,-79.167759670651
14.649037699569941,-62.806786839904376
15.589652903696692,-60.35135257374818
19.983111620494117,-56.12132599818159
22.535405529704324,-54.042040761877324
24.278533410853555,-64.63643912342637
19.74685322766603,-67.11657289441247
24.98344878648074,-57.87267174293873
10.302955060359682,-63.261851445721646
28.062304551707044,-59.331406698442095
18.583978827797278,-71.93537371685794
13.669413349790933,-58.8694484392522
36.8239843620292,-60.877402356606616
16.435622342597895,-51.15461853751785
18.856559261583733,-63.44731526829742
13.046118399567895,-63.75601171302592
13.39558687150078,-65.21674601177396
20.489884948097743,-66.51199585334409
22.156942933870976,-64.01362897066767
11.300099185760754,-62.457203207995754
13.274831731703609,-74.01161002673047
12.296287276685508,-65.90159604926946
21.405251452324144,-65.26743046683126
8.926760758514652,-70.39927017238637
20.93398335273173,-51.1048468047862
24.375155439414584,-71.81694536521535
3.799872081989667,-61.49167248274739
16.30343244297579,-64.20476184649907
12.781336013314414,-48.74471243794001
15.562491516377573,-67.98685063714416
32.160180023348616,-70.48136923552066
21.399473197024893,-76.0393107084084
17.321471290187468,-56.91958700721113
22.5169609130538,-52.06534785569643
9.700097103548297,-54.466254558560664
24.841241378606558,-58.85118334358784
19.77067601124608,-69.22176447140464
18.217457779299995,-59.19867141942469
28.235036297879578,-67.71670436159374
22.803483068192374,-52.345820487554604
3.546091810362359,-43.64897528834257
15.307414277171663,-55.10178165221369
26.668219626877367,-54.404194414497994
18.813669847248846,-58.801720772651194
28.780061186308238,-53.86923529912315
22.104496955035557,-60.927830114402624
15.363576061825611,-67.97153374403177
15.230487281995943,-70.23036433254899
9.8602189278356,-63.28899177568232
16.6938133795036,-56.08475566960134
29.51947693752549,-54.45349521155753
3.6499866125893785,-62.99220199728117
18.420501637390462,-56.940141125588795
16.01358417918496,-62.09451795798111
26.58915096013462,-54.474490133267366
17.409552052241718,-67.37568553974717
17.714618989617968,-59.17460154819929
22.146098688466992,-68.2005755069626
19.126226349754944,-58.29563271467021
19.027678456531415,-60.183081945483416
22.16298977735889,-52.78676294505418
19.734258206512177,-59.47471020457093
16.511504653936225,-63.82003511728679
35.101084353818194,-61.795620835040616
5.282102840731076,-57.2361755050102
24.034135023458987,-64.75764090313531
19.855522397798936,-63.26084850471008
20.43368689817255,-61.2857145257591
19.88651471425727,-55.977332988145115
17.46483733743322,-62.19685255846788
34.91846073997448,-70.4000020195566
23.283438839446085,-68.42751387205078
18.242380378761887,-64.13664308025929
6.608780497581844,-56.40726708988136
17.506770351976893,-61.94665378438405
17.526606414977866,-74.78415821479743
25.8701594883384,-51.30298493847835
20.861530521140466,-59.824593142536024
8.98098340932427,-68.90584989901738
11.444363692644341,-69.83060138394336
34.91587236201812,-55.23805987237708
8.071384849520426,-49.875332213078146
12.427923116498498,-59.9013851446613
17.49171010705727,-61.899356113331
14.636268370052727,-64.01250692791004
12.021282191899092,-57.683522157585216
13.477769562364566,-55.48027206347283
20.731953455071,-54.2033505851141
23.15157545145871,-51.82230760651626
21.223843285434974,-62.32563400353471
19.777199295611855,-55.461626855011275
21.433393645582697,-69.34673865460337
24.102364032821576,-58.05665770276614
26.758447085397965,-46.463555409196246
17.682137339980567,-61.43390303869798
19.87644242213699,-64.38174864139889
14.548392362451871,-61.87970023795057
7.875615671814574,-55.73689362230831
13.608119173892932,-72.00158796804197
24.6366223230119,-54.252909322886424
-2.1132842262642164,-55.887714454147144
18.622781894060225,-69.40300593341499
11.957634087942441,-65.16144530172507
16.359313419119992,-61.589082528140594
17.68112054927964,-59.379239631899125
20.469688629724093,-58.07865926356311
17.12327363239163,-57.47379436640541
18.483453716301693,-62.075997654271546
18.027402337306167,-66.05543119605854
16.85930362289308,-65.93423674294206
13.483996105922785,-57.251574643051114
10.161127864330327,-60.55118838626312
13.259343515111231,-67.79953824622459
17.853606647739923,-66.00639395813683
17.500994483462232,-53.26480254554365
22.54731999329462,-70.2447982114551
27.403806007344873,-75.62039294815054
16.34216242396604,-60.39851754514355
33.96971889256914,-66.67394025010974
13.59433901894967,-71.5146227633102
29.856763288935298,-60.86951324974312
13.1338020586325,-63.09754681750057
-1.5626356848326566,-61.689213333378476
27.19096869864964,-47.885717732211745
27.090306965749235,-70.66450941155941
14.920978034769263,-62.69733503007746
21.575969279073927,-61.62567204442631
15.130123540248775,-63.95823417224163
8.200712616162724,-74.44309576450489
14.862785151563543,-65.67316628116505
8.063086328440694,-56.07594641934034
24.355226456880356,-53.77600077046667
21.86008095983665,-43.42143631101881
7.99873399445403,-41.22904798013785
22.866393295285217,-63.14071217971899
13.551945092036124,-63.88833771064598
25.439637046009032,-69.03500188243073
14.481756060057307,-49.40323817124646
21.835582101279595,-60.40059963359522
27.980523067834667,-59.7478261595804
30.81981075485836,-53.56327573341701
23.372356550192553,-57.215525629625276
21.213375194501072,-58.51216031867224
7.577724389059634,-57.381231423094626
18.0996833850713,-49.28288842310637
18.68004927790608,-68.84737189449785
16.70196643694512,-61.86513147425422
25.01517063738153,-53.6082040428207
23.95272949545733,-61.757840314484646
18.561159212668922,-59.89808632420808
25.69093457786299,-59.12508623502988
13.147043238435634,-61.147765470522415
31.558050628007898,-63.15090077588844
20.678316029393617,-56.49088314744702
17.655966624776752,-69.76908196124342
19.00693747131174,-50.37141840557737
28.10894872420883,-54.725821459741105
22.854681551894203,-58.511984633972816
20.717556390112367,-61.093978490323394
19.354923249317633,-59.126707463857876
22.078206974268266,-56.08860173301946
6.207887955866456,-60.459677353627505
28.521067474603036,-62.87461648091301
22.730260059164785,-53.78576904101788
8.087309442436991,-67.44985378043536
15.168775198691081,-56.37239823841783
23.667151738597553,-60.51832511377726
15.357395331120347,-50.8958627417839
27.003033829806622,-64.00394207034472
14.304254076326405,-58.65171392061211
18.029820019894938,-62.15785799524155
14.035399157317507,-53.23126438100236
28.925491777552246,-65.90636560525178
13.538073118938314,-60.12556298590405
25.812053302688586,-65.00471437036722
17.27917766180791,-66.63550900517906
28.846243801920515,-48.43640644827045
13.809060793929573,-54.52407804513964
28.09043066434657,-43.71986220979097
19.84943229302575,-60.89838442381451
18.479027215849342,-54.77789488411122
22.013987859843446,-68.08151381915788
10.247881868824983,-58.80934301174169
17.106230805871707,-68.25574883389162
18.751606233678928,-63.23284116574839
18.943339011114944,-54.65373198403372
18.276300933690983,-57.89893417368389
20.96413839235885,-65.09228361772878
17.496279195463934,-62.113073703641625
21.502358426670206,-58.74702662847012
17.116660311206864,-48.286190683193155
16.71715874757192,-54.68696627616732
19.87693415600529,-56.21918065683613
18.080933876748837,-53.93194725867081
10.000787956123773,-67.0771264867013
21.389252142986223,-65.40661625372582
21.030758313979035,-62.91500087722353
20.04583891073109,-70.6378399488976
21.596652750107133,-49.53083122156569
17.635562259590348,-67.3815145125749
17.526624447876284,-49.69142440534821
15.390298411144501,-49.87447170528108
18.203153522980077,-67.81241518029735
5.671262896645718,-48.2688875175768
20.695679745749054,-56.296284773723485
23.2886389435668,-60.63689214651034
18.15796678017708,-62.032569786114394
25.91655644701308,-59.094994127231054
23.27681759591189,-59.06776655724018
18.047801746918356,-62.27140398230563
25.53426916052666,-54.54926324670757
11.500365945689605,-63.45622690020472
19.24377292176004,-50.13729542320007
4.921920379527149,-69.10753580908889
9.017825869452258,-63.82352602360097
35.87568169717382,-55.65486639473022
16.385853074764235,-59.28914519395708
28.957393928046084,-67.47278514453092
21.0389345738084,-66.1736840417803
13.443592342684173,-55.896939606469765
18.69169192130686,-57.13906439330745
18.41591351001265,-72.06188357232348
14.432824323596755,-59.37766314382175
15.218142372967227,-68.84339718931261
24.301611059366536,-61.962802304462244
19.37067592589701,-54.819334992612696
15.783829045492862,-56.78189140962515
28.81071489083944,-72.16412953360404
15.483162231278714,-60.7443349103416
15.788726654037605,-63.48137217506857
19.887062650973064,-61.24389677325979
21.522165598559326,-59.311018435341694
14.155027681633854,-64.60202349516801
22.686552242843582,-58.04809823215535
30.069333295859145,-57.99608375445317
15.13740388725259,-57.12344970131572
24.36262454455754,-64.31367549567037
26.59032944203818,-67.34564538959822
18.126021461919827,-53.32770413486272
20.655980342777603,-78.01191950273487
30.59927646843963,-60.522869497540356
21.547645066388174,-73.98094495167328
28.153099123233993,-53.58749949025635
12.340637023247652,-66.4208384243412
13.672657759378712,-63.25454033860447
16.284631777514033,-57.24331531301036
24.1215452680935,-56.38988511409594
25.24268504993453,-66.57327028140048
12.76849515746584,-61.296024331888894
17.22591707782745,-52.533136207649086
16.920433646130334,-48.770635003886966
19.73426879693982,-55.59339667892822
20.80140238568468,-61.95722514311178
21.28464666357391,-68.5435340636036
19.894384191158476,-70.8129107667052
18.348951718002386,-55.571827118926485
6.438118352661553,-64.03921377520771
24.646265869052552,-59.04594046185301
11.878498019257602,-54.63056875472776
22.87333302297584,-65.81819386661053
12.783004081161796,-61.7910161453049
26.963204585278085,-65.48552873436967
21.885029484185146,-57.018439887460794
23.5035889268394,-57.83813596493289
20.978752284762848,-69.21106143457345
11.736566895496217,-50.846103393513644
20.24542749133198,-53.94450785201084
16.24407628932697,-70.42584411662882
16.974857834684794,-55.88158566076226
26.088909278041754,-72.41723374364659
25.70787402208626,-56.20887871079174
20.743106054302793,-52.51332606433503
10.388597538669346,-55.33104890871112
22.609200620399257,-63.285577054338056
11.537158393575954,-69.65115342932405
20.26460882876765,-61.48249945386567
16.113528679875323,-66.34687888645287
16.760606542605426,-63.76246328972264
11.296084202412398,-70.49514204125211
16.296949700809666,-48.3836893578289
8.326161753695438,-58.95470196229624
23.36248938525315,-54.172177167920935
12.678038175718953,-69.0635486458613
27.14575508468183,-61.361099146569465
11.078143968591501,-62.22332447250328
7.739372914580123,-60.12505487054606
43.050285666080875,-74.95866257275698
1.1244962389997504,-52.98740404155832
15.915771423815118,-56.51866349645975
25.652264308219532,-54.32124739475084
9.170447969986862,-50.86610781997206
25.238169123297652,-63.036505766451796
15.832251732210986,-62.48183705379225
26.04605603507205,-54.50556544103064
15.95665629578309,-59.826404183309094
19.472532346983513,-67.15754485040983
18.902708446577407,-65.8196414174312
8.488671076346085,-61.32410970721128
19.40088955586852,-54.479656077598875
25.011271741492376,-62.12295502620012
14.991467982750969,-38.05716318355846
16.116413855613665,-55.283259183025706
31.800513716506906,-56.32373818364695
17.74646262375819,-60.843516720558526
27.412130692137207,-61.268005726074165
18.07487937960427,-52.46718018204098
30.394710608122395,-70.61618590258357
20.20789471035334,-69.7324593615748
13.167875641015701,-72.58890950128718
11.149019824594024,-72.7272154701647
22.86164055461998,-67.3922735278631
22.07727654994878,-60.097302074890315
13.542451902182169,-51.71103947430386
20.065359955627525,-45.31248813912838
9.547916900473195,-67.23737667361958
18.077995534949476,-53.85628529894531
20.031531366374274,-59.41389737417334
20.840869098196713,-60.8465088378051
34.21682568363182,-61.48678355715829
16.168292452659742,-57.48752435950802
17.259032256046332,-48.822826620868774
20.66003995815882,-49.703367346102304
25.103370995536793,-46.474959384158915
18.37114719399928,-65.03979960455956
21.53207949371889,-48.239915791110626
22.05019811946258,-53.360636844966066
16.29960120734665,-76.09017083685183
21.253328356578223,-62.2239921766593
21.036333031823602,-58.80374793737663
23.250544285194383,-56.22578940062073
26.297884208417155,-53.67864560811542
10.879753014446923,-75.04358498717723
15.847803045496022,-65.49893483437977
14.597664489279659,-65.50672607880068
11.952650532301856,-68.71896393162591
25.186782064779297,-57.59564645350546
14.29635579296467,-58.27866197012921
26.169774825294375,-60.02838012365307
15.022182301121347,-57.11832508175518
7.067261263549108,-60.35464645537877
17.11468587455564,-66.36539324216628
15.378360777742259,-59.259468042273916
23.10464384790442,-55.06437415475055
14.89016887030495,-66.43473037735237
17.621994941270973,-73.0410478804
16.37327307251676,-68.07853982595418
26.73696848037141,-59.77748560213721
21.02910749796181,-64.85297762745797
19.34616596993989,-71.02435381834995
33.412038051400025,-58.98134220773545
24.112967844880114,-59.20959863221067
16.140488844879805,-54.24776356088526
9.683445134327027,-60.61369755910118
11.080842244999042,-59.167784739479316
21.13177665090361,-57.91750264714283
31.570454644718552,-49.03023880668564
15.28965030224586,-68.21528086834464
25.300334739495362,-68.57846131153543
4.076989433542591,-61.378799786949095
9.665391056376103,-54.042696108259165
3.6655203452958034,-66.40082562499344
21.228936123703438,-60.71382840906386
6.1746831519044285,-62.59226312884771
16.856336443315037,-51.552994745885954
24.85664401371639,-61.339385731477854
17.667396737012016,-64.7706133264625
28.680477380455528,-69.12235945258325
10.360291548281424,-65.16453371926494
20.1425881295432,-51.45298911531243
17.979151292184564,-59.44162639246694
10.777130033430549,-55.4744520377614
27.646404827394377,-57.309056510809015
12.978349898326808,-53.726289651637366
24.98920958007433,-59.34698567718338
18.542275039763435,-56.18969200643579
15.52177349719426,-68.18665301761231
17.950603889547924,-70.45599356633765
25.17414412118598,-55.01930563992461
32.31952324682105,-52.97483183272881
29.794646000911087,-63.99442842588599
8.766565399710286,-70.37701316623486
28.1047413388835,-59.533590806027924
14.61481109362311,-64.94739131971174
21.140475708277325,-56.11192002041376
15.345159492030808,-57.93498726980662
23.57162162014754,-63.41682490116599
11.486652539194314,-61.736448463968074
32.09492581877369,-62.64621400283381
23.229738740064,-63.0323163724836
16.810565938928576,-63.722443851100905
14.578031704574823,-58.34511789833319
9.429597364330377,-57.056166605968706
16.492652517022872,-59.29491922149726
20.882007125301563,-61.42977272720933
21.00289693194496,-63.81651618296056
20.205843878213038,-44.39314602489844
24.403921560859207,-57.373026707608574
19.239237540878126,-53.04263465330338
15.274180477707372,-53.33987778253562
20.835216520870063,-75.74805198781813
18.754566329516127,-63.64338392465651
12.911547102385068,-61.2967772765992
13.150894612813786,-61.94733209473021
21.706705944153335,-64.62345194120665
19.856715910053357,-69.55947637730232
14.068304161335618,-52.39806047955186
1.05046602649578,-51.8493224532175
17.03544288281978,-50.83143415378015
16.214317918431725,-76.03534070891166
14.481165865426533,-68.95178680124675
14.23137690028375,-55.86164402912689
13.786499805294588,-62.854018221062084
17.29715125940181,-60.87141753193776
9.516044525419519,-53.64049167362576
17.866177687305743,-66.40869065454936
17.674223040229027,-54.37856957080862
17.370815306376098,-66.05175151903919
23.64993157671174,-60.92834469791953
15.38533549702531,-71.3257482739162
11.59320671938281,-59.63967179350827
16.742466525879152,-68.8592057272605
10.824180195005571,-68.04913674796235
1.7178928917913368,-68.71193342200232
15.110087506905398,-67.66541878567159
21.788990797710213,-59.14884519620937
15.422942728322546,-71.65675482407322
34.839238947686034,-60.065328553695416
12.193174454758323,-68.7534051720476
30.587304362807977,-66.71950076965369
28.832708483163408,-60.611664483248795
27.573924041208404,-59.381283613340216
25.892729071901165,-61.64045613841415
24.305320357720948,-66.57976291002399
12.019155570976793,-59.849112052779354
26.041140534916934,-62.98090212691556
11.977818100155979,-55.309971337158856
13.44258822259296,-63.08110085891376
23.252768696578404,-63.2593267384106
23.187547814884862,-66.04427522837591
16.619072664093682,-65.80147508158272
25.703305605204175,-58.68559288294825
17.72506551076456,-54.85254780126455
20.016253562564287,-62.56732451326558
15.136975389057953,-55.43063357813275
15.352513011972967,-53.97310068989499
19.16641378945808,-76.22989980431123
5.28379427832207,-65.67377410791676
25.096961897503846,-55.58038795911401
17.211114094374413,-63.80336196811545
22.12173012907092,-53.57313892512399
16.8994731524848,-57.665928712912944
16.4582917499738,-65.14962126513514
9.27457315809286,-66.11897398943296
27.997579176848046,-58.74290241303504
22.467886330533744,-71.4256418755391
22.738856028424813,-67.38910034392612
20.44259107419121,-55.03026371097606
21.574013191249577,-64.86574580050636
13.8363243453324,-68.37173276507151
18.042884011230463,-67.80205332383912
14.809566030414345,-54.146383256818325
16.528360867717957,-61.06920725002386
31.945198828396578,-45.610223173004954
3.8857449587375896,-67.11893741932803
11.50889262857865,-70.51015073539334
16.31414167438433,-68.25475259815676
18.581505458294636,-54.92974746447967
18.926806935475312,-57.32872487669211
15.778133867016741,-58.5783122758283
22.440182683715342,-51.49265033171027
15.487756338415442,-65.86756144160292
14.676368186851995,-65.02998843756131
14.526794921023788,-65.56434851438578
12.785765409040962,-61.53955132587127
24.56667923270799,-52.24241007424303
21.821223962843867,-63.28926762338157
21.894439354996777,-54.37165963109599
22.573112844815007,-65.79002907181314
17.305032292384055,-57.688938026579265
10.10482145432145,-46.37455305418383
28.031983362942782,-46.42401535953262
20.424368503322793,-53.18225926763854
28.80002323879013,-63.271387664802134
6.6875843132689905,-71.3778318539214
20.855460703499247,-62.07491741830733
13.886563244351935,-66.24283405743472
15.45445366678118,-56.86145348189924
24.5823879368814,-50.76428499187419
23.111794228210474,-60.25902322387281
15.972018782535592,-59.8917422250796
20.27521393844851,-59.839057385546916
18.529835091722703,-62.803792634610595
23.09987584356301,-47.99758396045207
22.75447368665662,-55.119886742075494
20.87343100304864,-61.41737798350082
21.424753460028775,-70.54425517392019
27.85670736749327,-70.20470331552386
27.692055629709863,-66.49814760389518
16.415894044350143,-64.1066522120516
6.476038029592523,-55.61164064808368
20.138395464856767,-65.47901311909425
25.111028976020002,-56.03757582231955
24.075238883531597,-55.42978339458067
13.764875024024946,-64.88036298735129
5.9188447039120895,-69.99106485223822
23.843896278541944,-66.85607595985695
10.26600156796012,-63.64511244429715
17.999462295484783,-55.42008428134278
14.472861706244695,-49.858436545690736
13.516018632439128,-52.722548125013645
19.873879237813327,-48.369211392868934
11.181653004919166,-67.61026716292267
14.372650634572565,-59.91185060130862
24.844581891976283,-75.37558481274033
19.995996276237403,-62.56802716677894
6.990908481781801,-54.67709690483655
13.341277635051512,-42.554327468633375
20.17445460611025,-59.225965028690375
25.310484765522347,-50.647190408455586
22.947867471820928,-68.05346236485326
15.766187201237107,-55.56442799448736
17.99715981880746,-61.79475365380942
27.16933262716592,-61.68501951463588
22.633373523640763,-56.149043594554676
26.662960421085888,-65.73634879435312
24.590515575174297,-59.60314106659151
12.396452360854443,-55.6689292939983
29.70968761193501,-66.84969055488702
21.563198062085895,-66.28421713729755
22.887535167658488,-58.52807305320055
12.695709723205578,-72.32902257004511
16.222523925012766,-51.52920173407378
15.737411626806837,-60.22467528125453
20.291314631201892,-53.139026350089495
25.807728061336572,-58.31879687164019
28.110004633103948,-59.62826297507491
13.35286698811063,-45.16295359740732
27.47542459710666,-55.65124415428536
23.482315056218862,-50.16148010694557
25.160865852236796,-48.44753053451827
14.255795193728062,-61.23150717558643
19.01213352271867,-59.770848464532534
16.576499542099416,-58.445555008328526
13.380290848325526,-61.87712947927115
8.298972698641299,-64.61479289504095
16.573606059266087,-68.98388182596113
20.71725409715065,-68.03338212213342
28.028110969839716,-71.7984179980709
19.24626023916639,-61.528193679644836
15.196798033254106,-66.93508393050276
11.523130476934439,-65.99217148586354
2.1192624157925266,-67.28691556523542
25.926722159036395,-46.69608446951034
19.221197407584857,-61.2549862802441
18.839699464591945,-64.6036100993011
24.550636965844255,-66.33702892584557
19.054363003141283,-69.22888229700865
10.756882574244859,-60.07192269166306
15.085169597958705,-59.040079693086064
12.252030213276168,-61.343330250555766
21.002786017383922,-60.72069335347529
17.34392785365782,-57.16253107588537
19.711147780200164,-60.79824706788443
17.218054184677534,-66.9913641027827
19.137991671203185,-67.58140857679595
30.832477446448053,-49.23629256183419
24.598599425387768,-53.0734750944679
17.63587356097215,-59.12096101001504
35.3451059452707,-52.54542321617063
17.949128975893103,-46.766146282084584
20.470678930730863,-55.34987573187503
14.166189097742542,-66.3190701193626
32.59901988165641,-51.76375801729821
17.479163076759892,-58.35050736723389
16.70464514820309,-48.47601402395637
17.818221448157924,-55.94345508962624
17.697969412267057,-56.67622359562179
18.555974072213537,-53.578529530206964
15.04180646890912,-74.57614052534446
9.07140327053498,-51.91535422260452
11.658662102728519,-58.26884286062614
21.42448216635473,-60.903342805864575
26.911197373596195,-63.75073204253588
22.50969378744227,-62.93387702966521
1.089726409077425,-62.95347044134343
26.82729337610985,-66.0053458378876
17.70047078932054,-63.379645741809995
21.585744722922673,-55.14601292381574
11.709630490494613,-63.18582180596665
23.638271112642173,-58.74135491148488
24.568744017740908,-58.42714906342535
23.978002416777702,-63.479923143988756
22.758895425128227,-52.1950125030211
18.95433651787248,-74.66759473770104
10.556989227546431,-55.09314547269382
32.74028113173094,-67.7567752979098
4.641122943663609,-66.09209494396045
20.937762970493164,-69.95484830412174
28.36285611112489,-58.78132029669669
29.090787717768194,-61.96909425276547
22.30156577864564,-62.72310628604779
10.352473162247268,-66.5580475005999
21.968262072976845,-67.29684120913082
19.334600194886146,-71.34789509208525
20.73447214888426,-79.57824161360519
18.68089682201842,-60.16272938272606
14.56092534643042,-64.43544488322864
21.240114433217606,-73.36678177336462
21.509158730625533,-54.18196248035221
15.967542180360327,-52.240757988996975
10.486729913417747,-66.11963024570548
29.170248501513562,-57.63513038987973
21.313461432356622,-56.764297357036575
14.196915049423158,-69.7537414421625
21.16145809368833,-61.8770948486753
21.780068806217265,-46.63497662192562
15.381198853384056,-58.85840844963933
24.24004066121694,-61.43423263263601
13.752577103111191,-65.44283262178558
22.605541749555268,-62.66778793197202
1.0401898300143486,-74.99240306476148
17.705249092046337,-63.68328373794103
0.4451255490926158,-61.35622940213891
9.92165937412383,-51.06299330908835
24.520764800248145,-58.6998429354882
7.199179121441009,-60.065406564731674
13.331847659353489,-66.59902785148084
21.264383940740718,-59.6193245858144
18.085084631473215,-70.20088734583612
23.16981472504779,-52.02206387175045
24.725885854248382,-53.110077144029134
34.622316629521606,-74.25795727212174
20.899475780874553,-54.74065834176764
20.40706622122212,-58.91770177319376
15.940170585704909,-53.967191719405825
21.897108809532465,-65.06417584690149
6.6494627316542605,-57.68668369776862
4.989416436699649,-56.688018737106944
30.86115608346848,-56.50199303161009
20.969331251307366,-57.951401623844006
11.620966437514872,-69.9497129127634
27.78128809304553,-42.272260478203535
8.125031130893921,-62.35856794379052
26.589326981375738,-61.25595196897969
24.964981116166957,-62.739028151273274
13.631611351888559,-70.11454565855229
22.625502227666285,-56.43105617042494
14.740389250009935,-45.13430360993573
29.993483613587586,-57.18573111642491
27.13722151383182,-60.815131631348706
21.26322859115357,-56.37883178781551
18.9808528805423,-69.49426189654083
15.135755406521573,-60.34423058031236
8.592345215072632,-57.22051926224124
22.353362351214994,-56.363170951236704
22.760087034628757,-63.56435485056851
20.58073193301626,-48.42705910893302
13.9399482214497,-61.573548983529776
16.11862477361717,-63.37918153541595
24.35301412951681,-53.87598917463772
15.128743399130066,-62.036961440049055
26.549940261011983,-59.79971584166512
22.238613071581938,-55.775269709632425
22.47459769887882,-64.26763222188677
22.09653388724143,-64.11467356897417
12.759516063281424,-60.58838812230393
22.35188004840812,-54.91605918481099
19.846574834195376,-63.982441980386994
20.674918667423984,-58.336744824761425
10.472808080005352,-69.77409549716235
19.33460042235269,-74.6511053020268
18.462096441995683,-61.82363247875743
22.53680356668638,-72.06017809033696
20.560472741235177,-59.344119513134125
20.144985011129673,-65.26796450425043
21.131014071045456,-61.38138334078817
15.683064649600269,-51.15399109697337
15.309535617382153,-51.839527257338446
24.194118048653316,-64.51413615907657
25.675195749798533,-61.80788475569392
17.517526055668817,-50.91660671941921
22.0798253607574,-58.22503846411925
23.94079070456704,-58.58927392216968
26.677064437796304,-74.07156504057372
16.973986611593205,-57.14747658805863
21.662246186613785,-63.85014084605647
20.563179397154293,-52.692356249072866
23.396410048840018,-62.173427633076535
29.751883265847013,-72.88838841948943
23.167092550160408,-66.63616447434558
19.681035121347442,-60.759740804857685
12.570516050159146,-56.33676644148102
25.441585776941295,-68.22545569614647
11.461195422441804,-66.94044818880411
13.195792761750162,-45.81200902506086
10.172472517285902,-61.380850044528934
21.600027664814878,-66.85422785218358
6.7234378444972815,-59.40175236509909
19.430217199657665,-48.34210443332554
15.168950577759043,-47.59886088181717
24.86400979734568,-66.49180351820681
20.85777830976564,-65.57783760122543
25.308182589672985,-64.53300524606284
18.731570395028886,-51.49763565663522
15.10464181176751,-50.5756563118197
19.654357543383234,-65.22068861754582
9.220165096935052,-63.01276874298351
13.52679749172857,-63.00203099861398
20.673783208804032,-53.521799333316494
13.466592224081507,-61.30417579793698
22.711891775718488,-59.45824536528246
7.951564287470191,-49.10518484420086
11.923109013446542,-56.84986569000698
25.346443505067633,-60.00995528798675
18.14532469279571,-70.61259851822437
14.63384242991067,-74.76062917779943
13.34892252815671,-72.55077060074893
7.366084604132084,-60.341785348151525
20.700277148491402,-49.770163021292916
23.437523723236907,-51.29217291836045
-0.6906467667893672,-54.62873046793533
13.153077417492689,-62.63624111631879
27.341455304168218,-63.33758108209685
18.706599572063013,-55.548836870131915
9.781667364260796,-68.20495839253645
18.072155594079412,-57.53692635851366
12.912955249358948,-67.27475549335249
9.243004220954143,-57.44949099249648
20.827074334421983,-49.16051585095526
17.592719017288903,-55.37904759185295
16.555282085591703,-56.85627335045024
14.136602302634463,-62.10910248820857
28.896442940461696,-56.250852274779184
18.866375311299244,-56.87536235523237
11.690089513446473,-66.7026153863682
22.104633896376978,-59.414166547371224
14.172516491313754,-57.26998781783079
16.819374866378425,-71.18937050477109
22.252214261329577,-62.580932782634655
12.603297981388218,-63.01863692945449
17.480243270919964,-59.386205122111704
22.05816755615316,-64.41433858658677
17.491255760230406,-72.14102126761044
13.956690345789465,-55.03023462631092
28.62993576782887,-56.86360720384011
20.44510634689265,-51.01402153424874
16.16549058598355,-62.96271133233297
8.637129757572069,-53.5037406704299
12.58158115796724,-58.550502880306574
14.117843894693108,-64.05668907867134
24.198639123196852,-66.91797419363768
22.69196705152872,-68.67239107149602
19.304778949728256,-52.627528705476244
22.223393612813982,-74.21414225823582
0.4390881978326,-68.32028984364364
13.694394234710572,-58.203043486899276
7.980065106818952,-66.5991321501159
21.70043869703465,-60.99483662923707
21.90235057444967,-59.46581731385421
15.980127028252513,-58.250395201267644
19.329143103325233,-53.02106088832099
21.708524765705622,-67.82178898695285
14.135297661531142,-62.206607678867556
26.64980455353188,-60.345624920628644
9.809504475481884,-72.71369247803742
8.901313489148109,-44.742931761254596
20.27985837494393,-60.07493544740088
27.71992546220808,-61.58987473042905
18.972898821520218,-65.7183118412174
26.094105625332283,-77.43721224684197
23.706486590264475,-54.64212403358527
19.79581108754532,-63.45077887605614
35.860987661206394,-58.04509114005513
15.64189022240473,-53.89399664821321
17.72163477598104,-64.5259495794352
24.968587921808595,-59.824085752393664
17.714977786719647,-57.31128747796798
17.73154946947356,-54.06953509304465
22.925571217872122,-56.89550779814131
17.921081829865994,-43.69645880494001
19.03624671480518,-55.9130219895464
22.711676303095906,-55.25757384681934
27.699018145696726,-58.31057594648343
21.879897225517492,-53.3330644288515
31.396645387752514,-61.643660181161806
22.53002624716701,-61.192116019893575
18.647987376107668,-63.52402003518841
14.960283680788828,-60.45148287136817
13.875288244991747,-63.86962440960684
15.893925995459758,-51.846528145841575
22.95067355673224,-57.50404753240113
19.076267898010315,-61.37271532584965
26.765768733442123,-58.544172132226265
21.305675281630162,-52.38052871745685
16.111912041722853,-56.62454963061371
14.411273343551926,-53.591067175544
21.603756796620587,-56.18288282811662
16.761352906916272,-58.4120635751771
17.763617417908097,-61.59590000050658
15.247944368796798,-52.93260850894894
18.266389818930502,-62.78555415817657
22.29074929234498,-67.67862230603806
12.1010295651049,-65.4732403257323
24.409972566948355,-66.59166774326167
26.892272031140177,-66.05947177436322
4.16403631208566,-61.49584509809138
13.567781568884875,-52.19606789524352
19.580452941718832,-55.805259064793155
12.395678285925356,-57.730392986088646
9.0661557198121,-62.23856468245136
14.697147660304882,-50.97854715664012
16.5605761332378,-58.74111009457937
21.063224226354347,-68.2745960982329
9.123626245094352,-57.73366181969539
17.356207844436458,-63.07711655203636
42.63752368987584,-56.055578613023435
28.236681413314983,-60.45533488700609
9.625575968928604,-69.61188128866691
9.368303708597406,-48.84482390303699
13.878881448193281,-63.35297851418578
11.994135045311685,-56.184206005855216
10.10785978647489,-68.15268763713622
14.454317366014381,-54.92274468212603
21.866269084873398,-62.47190672555583
26.52908586276125,-57.986337346410956
22.82859183606407,-58.98367260254393
22.400670673746966,-56.24728870577906
17.402607996887195,-68.06469312776665
9.102825569967894,-71.99956729744464
12.597144476251389,-57.41921129293127
4.915360918515416,-60.93881699336447
22.66899094535594,-56.22541944492669
23.96525748787346,-64.23417644228967
24.532115244573575,-66.83739577654363
15.97165949008602,-67.28332386123152
21.16640495516987,-55.47738686895522
21.81511871236135,-59.00132674308375
21.421152992194617,-59.80893063340925
8.828511715246542,-46.96957512798804
18.41404151326726,-62.85214198973132
10.482538354377372,-49.60776668563311
26.094377195930278,-63.59234563450923
16.868055929685372,-60.14318734365785
12.293662753402756,-57.16261565917534
24.50555025959257,-63.35594844019267
29.82863355774942,-61.32935541044506
11.36115658681842,-56.55893222953761
19.88524833355796,-67.24215114962507
28.885982820558883,-80.65667979176743
5.128682067648718,-55.7041608522353
19.937897454472147,-48.09715139939841
17.861730382769654,-40.08231176410685
23.465653970760346,-63.40345085935493
30.657913326007247,-72.97283540932798
20.14301770917964,-61.06847167998321
22.563429366861346,-65.69798712223415
8.477552241743062,-60.53212736757045
26.501364730812973,-69.34653111241708
8.625625184277487,-55.0247906420679
22.431482705560693,-63.11742444284457
21.101513412203627,-51.286757813369846
19.91159100088531,-68.17537365235545
7.168833352942048,-63.765199391037235
24.12014227559531,-62.965366611444985
20.410671448855183,-63.30632808990734
6.029276705836908,-60.6632683175291
13.32967791351673,-60.87027935925591
16.259047261620317,-46.55810988356321
6.817833813662093,-54.37340763089722
20.836832510017775,-62.54550118285213
4.5044533307256405,-68.6327236868378
22.85676963843391,-58.3824697787385
15.69589948616395,-56.00693555572531
17.18618793969197,-59.90757765787633
21.71687436639914,-44.589083543714
18.79415191024506,-70.49692910857715
18.82854050232783,-64.06799469977197
18.061491873468114,-54.77548725559171
12.950032099044382,-56.87066364352856
33.31621539731747,-48.987857389305574
23.825942165508796,-66.96178621650867
23.04391549387443,-55.4825208385794
23.24736836031271,-62.83542887588353
14.962716393370828,-63.10560062649907
7.634567251646407,-61.593909926310786
28.620703720730475,-65.93543316712893
17.197778207956876,-54.198960199268214
13.456055822540485,-65.9157212210618
0.12428968250791428,-73.49613426872062
27.256901657475236,-57.72140300792417
9.161592736256608,-59.30322505487155
17.416594925756794,-78.1753623842875
19.62967669971789,-60.2072186490564
15.281462533832277,-65.24320396609215
11.963245521595287,-65.42426492822823
6.784790639201212,-60.111469480282224
27.013329239172947,-62.63370759478823
22.85831607083003,-66.9914578994785
10.558601513621973,-64.29415689098474
22.495549258763216,-60.145748123956544
19.91767538533112,-48.375038061867514
17.393843712765705,-58.66006452523759
22.655740956667977,-67.28228549604074
13.186409581640923,-55.63899865813562
22.801692713463755,-63.43718034113044
24.539508239048214,-62.95788605534972
14.569189791102614,-56.32329077398312
14.207687533120136,-52.955726279923425
16.60061350145565,-56.61933647299319
16.837864966362815,-56.42056859671786
26.809661130096394,-63.338916373121286
19.236796968299924,-75.56932269918292
20.993385453418792,-61.97443967261309
13.802202420594146,-68.71970740028573
15.618437995018969,-57.91783013478321
22.379746481698444,-51.93409371518821
19.753141631114403,-75.29014982457714
17.31648496522014,-57.41300326929389
14.79029634321121,-56.34136243774596
14.638983348064414,-60.90643057896841
26.664986421391827,-59.71467015408887
21.758839687009147,-72.12165712168535
18.133248228361055,-58.26999864063641
8.50906876935027,-46.71131086696831
14.300888741794724,-53.68823915646229
24.83357128441827,-59.97259784131185
3.0260184259837946,-67.46732838058554
13.307914128131198,-57.26656813770685
28.580476463773532,-59.38714847326299
14.574656661231973,-55.84040031632866
27.221854000464308,-67.62318361194535
15.392202457271317,-59.20128794385977
15.981899977569277,-66.2579921051873
20.11253594291043,-53.616532656914714
29.713055753328767,-50.522105209085964
7.355890427248081,-61.15630726285457
16.747761467131017,-70.975248058979
18.85901624657292,-50.758891662392585
20.78422043352782,-48.09464781895572
15.18980753905583,-54.75081397980259
24.485979056392697,-63.29743763459504
19.819752553927287,-60.3874739072653
17.12511375938996,-66.31320412483855
24.459439635560216,-62.45853356749485
25.814695149812742,-57.26022701126386
19.168670894640382,-55.258398214554546
26.09444022653111,-62.41796394331692
11.123938225974381,-61.16757035677126
12.700635154910778,-62.20391779153407
21.586563498266226,-50.179537834274015
24.736065666469603,-59.82039017837513
5.619050708351008,-65.77055571027799
20.061641298177015,-44.73604437014446
9.874822658690046,-63.168760616506695
19.04602535052466,-63.86414185313186
24.419211285920053,-69.04552030139469
11.687220398060887,-61.6564169740094
14.764078057249364,-72.60720996963815
6.900842456131301,-71.91840823883827
16.577310176861815,-63.459469009387945
21.680702513400874,-60.90115551465091
19.971812435786845,-67.47486212175674
19.21264066170017,-56.12814362909884
37.23670989775037,-56.896553930904325
22.948695369705973,-62.615177892203434
34.131920602695516,-76.58085123351545
25.339060769895664,-60.63108644324801
15.06097974698295,-57.55214694642521
12.125599507534957,-52.84491078474782
12.904375548109805,-59.614199770178715
27.22194896238458,-60.763288960905946
22.575706420321836,-67.08403906772193
14.88994555420163,-45.33646240501401
24.62825697815932,-54.948194556640985
17.03005390982369,-65.04512864841864
20.618035978192793,-67.41071281487605
17.867496521821305,-58.58318144339837
16.31347786587972,-60.83160037678935
4.913578537800831,-60.39745271242513
21.750990632909865,-60.328427256198765
7.533871066489626,-51.45151633206222
12.582706407212903,-57.97923535928311
4.5953956249417125,-53.3530353198517
15.261416937278566,-64.38256855627263
21.60099980974045,-65.7972777137219
23.82049678457186,-57.81691037528982
26.504999376674757,-58.75427644617895
6.804566089310731,-69.17598562852679
9.782366634919118,-62.752392641878494
20.977834061885495,-53.60632047044594
31.60828221630384,-62.897736679116996
11.23693007435207,-48.221025600518644
27.738573607448604,-56.167337642289105
17.278940968459796,-72.92166057477235
21.339600726033133,-61.85850589488807
12.857953728677414,-70.49448965686815
21.964172090336348,-63.82562211724885
16.288099173308193,-56.56412752865542
15.920044225065293,-57.51432662982277
20.063304895357824,-41.64546029725477
16.431542356224835,-58.95322024971639
10.782926134120672,-64.14735550152069
9.8361934355538,-57.418296294311496
14.343518838491129,-56.881264938653146
21.3887883176967,-72.93986381748981
16.09694272765575,-53.19682755907991
12.235738472023062,-69.24351482537848
17.397575434479222,-47.77828033634092
3.952661411891622,-56.17069857357943
27.810865541835383,-62.2036067566625
6.396404820158674,-66.27422145219593
13.166474549818943,-65.64892978736307
18.94171757471362,-64.38572664152606
22.468382519034428,-64.1416820287139
0.5565978198857202,-63.26984585291873
12.000089099911092,-57.429643931075354
16.16840602434652,-63.26518427287594
26.077984632048683,-58.75682908625629
17.27233538446861,-64.83390218118625
18.438032242286106,-60.83888050166072
17.600757133646564,-63.41162182705208
10.279832190968234,-63.74718175226117
16.414753270027653,-63.79530389008846
8.862900182093393,-63.92552869406568
14.514125437239086,-70.56305718002838
32.4012690447056,-60.751245490924454
20.01945511153226,-67.73568622328035
18.623292393618215,-60.04951642858065
14.152776343835978,-60.13657051728397
10.758647229512382,-57.89600004590832
20.13161503641674,-66.80522302247114
20.503915833244587,-64.00972590277266
22.878495846313943,-58.85602884239045
0.44311654919391685,-54.68597246129186
24.084137585883706,-49.130823172925965
7.6361677232054905,-52.555809267584635
8.775088051772816,-54.5052085461005
0.8271784530002293,-67.90200186165603
18.38956713018029,-57.621220015357856
22.0315305092028,-56.7537381622821
12.287241158391062,-65.7577365456407
29.71648482484367,-64.32105644273847
9.04344530337046,-61.549121793874846
22.838032403667857,-57.82128563431766
-1.5243091294415017,-64.61336494870612
25.673173209171985,-64.87166910137293
11.039308526000022,-60.742281216727875
11.605397013426433,-57.50479193437135
7.411832643719924,-56.19022452520206
19.022757384732277,-65.53155170533829
19.10634010721602,-69.36067021054615
25.368656472942675,-64.15788394438098
19.641868841290133,-52.122394033136786
24.961438177352832,-68.62349131126373
21.714403829295012,-58.575013906088664
13.099146813063495,-58.14250127854911
18.173552679224954,-59.11838277364533
24.646001995610924,-68.65202373589536
15.744138978310355,-59.9377516732824
19.43535555596037,-54.5909894238787
27.170172530735933,-61.53710999870205
26.215694220584048,-69.82817787544946
32.404075061471765,-69.8003603171502
9.878187806378826,-65.74323028626146
15.067021731235398,-54.85587710980819
18.295511682566634,-63.853293762693596
14.834917818091187,-59.12227343719028
16.180989824381765,-50.96732678926594
10.44708568364912,-54.576014037944674
15.028247970634531,-47.0180185883263
19.909183800933512,-50.87689806190102
16.223286827521417,-66.05706208064971
16.68325512095696,-63.26993165320805
14.220996424689599,-66.88814682926936
20.323499124622863,-64.2646398536434
15.94623151164051,-64.49642399716879
28.504010387414496,-58.55004773948477
34.611045170872345,-61.053522722083734
15.527296270944394,-61.19363570601271
14.946818718537923,-61.978926443450554
15.375233566007598,-61.86764581183119
20.701052441534276,-48.51272695509414
14.101276561758892,-55.1506206708029
32.41578839293474,-69.50633301322932
17.707106573532634,-53.40712150735429
17.079479358366637,-61.09536339265236
26.748003792517103,-61.089613842847015
16.91903063503901,-64.77043907433558
23.739099052208417,-58.24222408099582
10.520891850796009,-54.18777836330169
20.2646220137871,-63.34985608000351
22.879948165558687,-46.283207012063244
21.17044551352608,-61.98069474862971
27.563410395587223,-64.15806050441809
24.952620162146346,-44.11885300888676
7.012125656248092,-69.07209465739635
15.262018367350475,-65.66174442542957
14.31235845434558,-68.20856141281358
16.201745857993014,-49.5647761913921
18.528365282836493,-61.47547840195503
32.37437702170586,-60.35078941964286
17.762972123106284,-44.39942934474951
23.02475727434208,-60.112289317710925
14.28411508505587,-57.533840091651484
17.77570201157062,-67.88144471591995
24.64412247502696,-65.13666726375338
25.38962735844173,-63.76240680821745
20.652509307694615,-68.91689523475365
11.508630711481604,-59.141909759399795
18.882537645275878,-68.22284322563041
8.803013684553838,-50.26031353940393
20.87833547850519,-68.27402938977505
19.0495385294197,-68.67384647667576
24.960699724735257,-51.435112247216146
21.544443966387202,-55.23289467436535
10.77681300292798,-57.54467634053587
22.291666109968048,-61.61019471028538
19.262097124943782,-64.29092163098407
28.99539391840208,-44.211504972780155
21.113038878633983,-54.56395198588349
15.946906863256547,-45.96176394748393
3.4054185880076275,-61.905024734321366
19.27142287359499,-54.693217765010516
19.691829680845498,-75.38044948425929
9.161300217221061,-73.84472898987252
19.301422477657578,-49.233311153309124
19.236367370959382,-61.94704370106575
9.500412245006292,-59.63799821055416
19.94804958135067,-60.85897205925199
14.599585608215424,-49.95095301738378
9.536647462614045,-71.76910507295895
19.745768339862533,-57.85105966907933
8.692349951937505,-57.16717691803456
12.28395239299233,-59.67082987170947
10.810891954622418,-56.34866330525628
15.569444191424271,-63.96871223701669
20.085218919926245,-60.1752593002905
14.222461837161504,-62.820794584595596
17.235975306206832,-64.40892686787905
15.611818241961181,-60.029882378460854
17.683246198461887,-65.33659748924207
31.388835948819583,-72.0063870036172
14.457931766729134,-60.72788186779058
26.27221508269517,-64.73904086920653
9.71373548482674,-56.62797852676874
17.20286400125115,-61.26553183219968
27.191400693644283,-57.72299502264146
18.048737507005775,-67.83485702050746
20.421722583874594,-56.143720355027455
16.264378046047156,-62.66690737806297
18.975295038267408,-65.15181647990158
12.449419814101784,-59.35538202443499
2.148628878889827,-66.31199764224056
18.450382491053738,-61.49102410866782
18.820616088591485,-51.03419255458859
18.21757952644077,-59.682599788710874
19.74069072795561,-69.74805404380123
18.58453296305517,-58.28127209089516
17.87462666696946,-54.56941926878646
19.397285117035587,-50.02469342798407
18.816358164099633,-58.71489885519655
19.257354908488924,-59.39546246092409
16.734175490675973,-51.20116020296
29.80094346829301,-53.66263137779177
16.195019198577683,-59.37159998396692
9.948905718445985,-54.04761292098458
20.66169770162741,-61.4812473322395
16.6307777222476,-58.52119674708055
4.682823496386806,-60.334418429514756
9.464734281458123,-64.97861031540839
23.957955999959996,-59.287282604277685
13.442363540721573,-61.82906179648213
8.96576252147016,-64.87937771591457
9.089602786468138,-47.272458458961054
18.12242380734237,-55.83216221187008
24.784831521594423,-49.417424703264885
18.899083951181808,-59.92613539663181
14.9781214449486,-65.90368574275954
32.41218107955943,-57.35659059405929
52.780587277458565,-49.79568090851137
39.0435383748859,-64.59465813463541
40.90214893606833,-47.47904534709184
40.451728069186885,-63.00985822014029
42.071601898815494,-55.410765310100665
47.11135699475384,-56.51412965546606
48.577061640553985,-58.56605304066032
46.85108698734708,-54.34284732786783
41.98738457923185,-54.89013634863404
37.53167056029486,-59.83907928062217
44.90487679987914,-55.73484423163332
35.589450844039945,-61.33431071991448
49.31438984274314,-57.42832797271259
41.55863484432465,-62.50015680522647
50.01406280206058,-52.32077771297361
41.53769789374827,-55.76039884611426
46.42148302074439,-46.17747321647175
42.37151617314912,-59.72476595420545
37.85655947927725,-53.865144743144064
51.44285682295056,-59.650988789688604
36.22683514746984,-56.08401015480346
36.5601566599816,-52.222539264257264
38.452008232988874,-58.91105732183582
43.364114141928574,-53.36033782744824
49.03583362524261,-56.228061742548185
37.46448105199618,-64.36427860467693
47.55812654871857,-67.66474443373612
38.92406597437341,-56.667422842076704
44.13709241138197,-59.870309813656355
43.825943178203296,-53.67266694890801
37.60207286952868,-60.10419979599098
49.65849727316633,-51.56470470515627
44.10323763465457,-60.920140444368926
38.65414275493476,-66.81681675286609
45.65337293797266,-59.90645735858503
39.379771822713074,-50.4556748481536
39.06646937003958,-51.848988988713494
49.4539587924115,-45.117790507394055
43.02695947692251,-54.21340067319462
38.95325735244475,-53.605563708394705
47.03644534400991,-51.3504016284969
46.060513945292,-54.65623327371311
37.343275625777565,-57.08205687168451
38.163949423041345,-48.59253858867259
48.02409215176226,-51.7591751543312
41.303150117247824,-53.368621274833544
37.01148824290053,-46.364819823967885
41.56217990270432,-52.93519023988524
43.17090991814232,-57.88034460740141
49.38407705881054,-64.50980078440888
41.97062729530343,-52.68195772452375
38.1135658885452,-58.487166348424765
41.059407262626465,-58.98122151315048
40.91399298509301,-51.463943124575245
45.41049691131441,-55.56441171040799
47.67226132969017,-50.442860615357965
40.341202565948855,-62.898114717109976
46.83831161618896,-55.66529143177256
35.9228021117909,-63.32097982077889
38.89262923454716,-46.83606189332566
34.02212397027117,-51.54446802831309
51.771637404772555,-57.45092892351256
45.642205868040676,-58.702245910650205
35.637089735627555,-65.62983008801055
44.86642066508928,-52.312251694899345
44.15931334459519,-58.45599294421086
45.259386528892705,-66.10401123749254
44.240069057701845,-55.56104765347211
39.65932796186412,-53.64629309266919
47.021807758488514,-57.5315010648154
49.33672022505596,-59.63512099228373
41.18611543558701,-55.52200138321724
55.61938883234508,-56.70289793746321
41.47704813532059,-48.34625446194305
29.90427244516163,-52.042860283407265
45.67972787575866,-59.11088264110426
43.312508481416735,-56.93638601927632
46.28809430584193,-63.00425719489046
47.1516890992782,-59.16331031574522
44.04324637786251,-60.56117298878102
39.797866106627815,-51.33604777073536
47.97685044212402,-61.144574542162566
39.6255088056169,-44.99912588556821
42.0359052487681,-58.08168040012014
46.933886320634095,-54.654826710211005
42.72939658512928,-62.171677548718925
36.937925843070914,-64.52727439546481
43.50056254542755,-65.17179570519001
46.29277533844192,-59.10807919740216
44.75351777944017,-46.35566317878274
45.78716134453071,-54.94234380661764
43.642816621074466,-58.11713767706637
46.482604539559155,-59.934938611747064
37.480762152551364,-56.16100558257379
47.92582440281288,-58.04906205360525
46.51464309801855,-52.52269888154632
42.35719349711685,-60.51750526921234
41.70340051207451,-52.807331631260524
38.41310733594801,-54.37296918102272
44.83075900568038,-57.78977743393292
42.37761563247152,-59.560711602942014
40.365241002302994,-48.006566333261006
39.62441665572684,-53.46814849316674
41.77656822264164,-66.26835919529638
42.652497780143946,-49.98138542147314
37.817135007568815,-54.899987543971704
48.24645472409999,-41.09002268014121
39.8552783512819,-65.88150426852827
44.92714835489937,-57.45387496538244
38.64827170406963,-54.957121675106265
37.10052257691839,-56.763124470679244
45.227811959931486,-55.1672010905636
36.135816580171316,-59.974456256622915
32.1310372731667,-54.15897360743676
46.39560499604878,-50.82307502215893
39.27966192591295,-50.23117851688434
43.52514295710555,-64.77444078393914
43.37675874015097,-67.14147979857333
48.040482209442224,-55.07558818282542
43.962918045560656,-64.06167386807444
42.49289948215795,-62.642067954889406
44.511693528407314,-50.882248534022786
40.694725135162415,-52.76979387086885
37.03979163542556,-62.181490463592795
48.68063890129748,-54.18246590142857
38.37690896953465,-49.17002014031129
43.69856092585786,-65.56413728069438
36.68030647317784,-54.049035403045075
41.204993513203085,-52.458437180158946
33.53190291004378,-49.12572893360419
43.95746796243322,-49.220864099160906
34.42327715919616,-56.91853495583322
54.59916442743786,-62.3471140313458
47.805964168894626,-54.91702078647764
40.38933341962229,-59.47293861181423
37.593034650548326,-56.25851073444957
49.11818927492334,-56.466682733829074
43.2007752324483,-53.349370137460085
42.47755706623478,-54.304707823512466
44.99385839057062,-50.28352271481583
52.52801071548515,-54.711483036651614
44.95049306814725,-59.776489967354784
39.55556430284678,-57.60268227714712
29.021084022657696,-65.49091282623665
45.42915239275598,-60.59564914188371
34.10901794501314,-48.587417336962226
46.53254939866744,-44.10366424786591
37.44489335103447,-62.08514111980076
48.6662644896963,-53.502400567589525
44.966444079212216,-53.03657225935456
49.92319155699768,-70.28739789125001
37.08382869086746,-58.44912563823389
52.35435106123986,-64.47958116389871
43.84304929093353,-53.551190831827846
34.323434298703916,-55.335211826110815
39.35101192780172,-54.67322917427571
45.135959617525,-53.058270238435526
40.26189899947477,-59.523523528217794
46.33843591273619,-50.83926875383238
43.54523798008893,-45.19484657060269
34.85379708992909,-60.01466032919351
42.87566892826953,-53.76889745680913
36.58451122991385,-61.78528208384558
45.507834043202124,-53.398599973596355
43.35266312659053,-64.06599115569595
40.315137947629786,-54.39270294489229
42.62322956135617,-60.51310697818975
43.59264438412208,-57.288411418962134
51.572335934371054,-51.33482459715747
42.24850756575968,-51.07482829197558
44.9047543278879,-60.12755944888398
46.350108679184906,-50.667809891987
35.20613567549498,-48.8481352699881
43.22792956209688,-56.00598316312871
44.93426118349765,-65.89689242178314
36.04022495038669,-50.64972834596147
46.12585940069506,-56.86198653827685
45.177955468471616,-49.196737236738656
34.684195803594605,-66.10578869445617
45.2610455178415,-52.60032100030449
44.950263230038765,-57.44875707387373
44.85947662596943,-49.42945881877053
46.19617669220793,-53.033766892326796
48.916354675646865,-58.803392569865395
42.61690241661877,-64.58542693539037
40.020768263874395,-50.806896524671295
40.85958185167548,-54.071541873462
45.43167407571008,-54.769373806249305
38.27318457466589,-48.48521742623324
42.324789096167464,-49.524420321731064
41.722520177751775,-53.73463127103984
44.70787116335488,-50.44132840662834
40.338355506727794,-55.89865469722619
49.461270068942945,-51.36627234976667
48.99626299925946,-58.14092938492101
37.39654302753596,-53.06231947882415
37.890028100789976,-57.663357182087324
56.60785202848228,-61.38383638039797
43.346446808465444,-55.249214530438294
43.3252818566905,-55.750717293097786
38.45726170318455,-60.37578470614936
43.04886692487334,-57.34014552794326
44.7416027338553,-54.36145659417742
41.52609408797964,-51.288276944401126
41.653593102889495,-60.09266323899651
49.55184626371983,-54.15227197955291
39.07810461749098,-62.65923168018906
32.419842637929975,-59.2599520873213
42.880612648512304,-52.607188782797245
43.733162982037676,-58.28685728597353
48.50088691606487,-50.5029503470001
42.1913905125235,-59.42847359522537
38.08197781356159,-46.34994837861451
39.407723824629976,-58.02048412488898
49.76651935566013,-60.186293136296825
32.04455547200261,-59.75738595363368
43.11515579781332,-61.262294531813254
43.11898843992904,-48.335052164425576
48.09646248487744,-54.112387260375534
46.12072517205926,-57.2955052047228
36.64382842500286,-60.7262530069515
34.6660577680356,-49.27593730824598
39.06579071992091,-55.59201623844433
37.038738999236806,-57.30948374702686
42.099998592407836,-60.77608094175341
40.018862401102794,-60.20121720797268
47.186655828939934,-61.99822152980157
41.74253194429583,-64.58839945644935
52.41817748130464,-65.86111720313971
36.04632482149753,-67.90027766358583
36.908390873608994,-57.09778930444673
35.81660985827716,-56.35924570635182
44.574234123469395,-56.44992364917936
40.42896872569853,-55.45792757367442
54.23361773782533,-54.49276540545478
42.1877334440166,-59.99675156450299
32.69157020190679,-59.616190225271076
40.36790745491261,-53.77047137902572
35.053891119217425,-49.990247627908126
40.975242289213426,-57.81418691253557
44.64811066352612,-56.25498986737114
33.752390788107945,-48.57610497860508
46.51382659391625,-49.5234798337688
34.51486783658178,-57.004134566239806
43.274499020736094,-49.85689986254525
38.19716926015346,-50.62541125328497
40.24443609494029,-54.65456002954357
42.65284626564696,-64.37407984298531
42.9927080338459,-55.89906908020837
48.31392395887226,-59.095825505576585
47.70043375291431,-56.04750509508272
37.95825127781915,-60.88399396201458
47.71310574827427,-55.60136566676699
30.92161374977186,-48.47117095616319
46.67297251242939,-73.627867171252
42.35691514895062,-53.21739293022875
50.9186333470633,-56.269045160296315
40.86765546348273,-64.93590057998041
51.18076284089456,-53.581464978517644
46.07834543165798,-58.458804373527855
44.369668193700946,-54.398931705104225
42.44420838194484,-55.68872701653847
45.77946009444911,-71.37004398823215
44.68110521195346,-59.63541933651395
40.496879065018526,-61.271721611992504
44.658028884200434,-55.22840186208875
44.14538239186206,-58.80903635306375
40.18865391490408,-51.01127340867694
53.089299653118296,-59.25283183575786
40.84612773712566,-44.65862901037309
39.91623007517921,-62.57246100255206
39.837888249612035,-59.3924572453836
45.030435595633705,-58.20859716410855
40.59172927234367,-52.469070611847364
38.41923964836891,-65.26374600351048
45.80074431212477,-56.850686432392585
54.572549659504666,-58.44779868242008
47.095316394073436,-52.10064740513349
42.48613309452394,-56.9493521353351
32.73630553336183,-57.26734961276058
48.05416722780884,-53.41611663207267
49.79534206880415,-66.04423076470479
42.19280235835383,-54.80227668138197
43.22725926768412,-55.05673364713638
30.951892299521973,-56.07726274851212
33.256257096604614,-60.347932715728945
45.30069437940927,-52.76259321795452
42.71858699462208,-54.916793471629894
40.128627268837604,-59.747340962901276
46.63461100152563,-59.8776898995114
53.37674368848384,-66.3564279829454
38.469646870105365,-57.08080365533432
49.42155190804281,-60.29101279144216
39.216331292311686,-53.032605169214534
40.42485143345649,-49.46852945836679
44.35665727930095,-55.310923469233316
32.387889719377824,-61.9254348041404
34.42403967396013,-48.2282489573067
51.928821572197,-54.19154419818818
44.826016627327334,-54.799335322706376
39.87433272564419,-50.92333651838948
42.46778769425847,-43.475869404778585
40.90798838454667,-44.0574312221073
50.067874972309184,-52.78263525964509
42.887146209233414,-49.533803633702064
37.84947505973852,-60.52474816936488
45.01967703041285,-61.77299943454045
48.6328518025265,-54.188155494155694
41.211458312891125,-55.940440001149945
38.04419388260503,-54.05791017113469
52.40060274099847,-48.89182529587111
40.59499916725504,-56.519808796311935
42.67312006283046,-53.71314533666841
43.76674904348713,-56.799657888033764
49.64398618173566,-58.225520521772225
47.14399869552955,-59.9727350507631
39.88501431039921,-50.36317222975057
47.05151583422864,-53.98916697793755
45.98779789278837,-66.7535237862188
31.74059559693329,-60.52047298588677
34.757784030321844,-45.884484685418315
50.25440492189439,-58.86558289267069
42.57623407429365,-60.31532070406272
41.94350744148372,-61.94592843149534
43.349635904253006,-59.17844085819147
43.81470717594731,-54.13342752731993
30.234846629201677,-54.26083703856643
44.6074685129039,-48.174444714442984
41.08208286883118,-58.79826187401213
42.833695046582655,-60.57159371200983
50.37560304353575,-62.16605663520462
46.92978966701797,-50.53491267393805
39.87979247425639,-57.76172893796751
42.59088893933528,-53.46505463701735
39.13942262106021,-53.50281931420618
43.78304197057306,-52.04768365585698
45.3034585743615,-60.487321115119585
38.14548433175167,-54.55594342336004
39.37456977260231,-62.82273160731229
36.56710825221872,-63.6523455079098
40.10702780737875,-55.42155945108836
44.06483416748408,-60.33171879417911
40.055017409046926,-60.42479053412583
38.075664007691266,-51.62924676991927
36.12005216314012,-60.640544703305906
44.08246088753003,-58.515889122109236
47.15213984449784,-59.09716702348488
57.096519213633506,-51.753573203522855
41.582059378547285,-47.56526054841345
39.08053980224189,-56.105532392628405
45.06762899885524,-54.15389601324658
29.40225120791687,-58.20816018016375
35.676972698698684,-53.51493214855084
44.679458067459706,-58.555710220155575
38.10405276609572,-57.321208030988004
40.655715283594866,-65.40920637885861
41.64810660001077,-55.00036576438709
38.09049011954183,-52.3322026358594
36.9243044128315,-60.38077013791502
33.593533082056474,-58.57054645677938
49.73375129636915,-53.44000708488274
40.86994766835869,-51.85058936434244
49.88012861756295,-54.45250310481947
52.4869078734922,-48.41505990628555
40.01512716072207,-55.95475469607367
49.16799538706553,-57.38562245130315
46.62958331956096,-55.11143491094963
43.62468010513264,-56.852073228982704
48.8017135607562,-49.01884143248392
40.119589397284386,-64.94902082975818
34.30279536003235,-61.046007580101474
49.516047851825796,-56.41899961765394
43.87801394817987,-59.980480419689364
43.36175029737101,-52.79705195656274
47.97829068723043,-60.46337193096949
38.861254737598784,-57.27565261377652
42.843281328022826,-56.870889668786305
52.57878696509748,-47.873584421318824
39.398292350160254,-53.980494976277605
46.31785354969352,-53.29160106729926
50.186234829416165,-56.57876555949834
41.57344917999552,-56.40988721602747
36.60413463753019,-60.52522989684851
37.27205879284719,-58.16532410428592
33.386375892479876,-58.90871540038332
36.15379593342326,-56.2206908734524
47.48906728494004,-51.64626226066962
50.708150642348336,-68.41806008619034
43.99807098720153,-57.00240979052489
46.62662902060299,-57.21303532222616
39.08702826848188,-53.77005388109218
42.01908498850108,-51.370213544184026
49.1970117355159,-59.28354786697299
32.18818364706951,-55.812827662378275
36.75755565194819,-65.2223984690038
49.46585692164004,-61.25606494180363
37.983553849037506,-57.71819275247686
53.54024515216459,-56.522452376162114
48.00520427996196,-56.485041913401815
45.8753398455184,-58.79908991938182
49.24428264017844,-56.24382716276671
48.776819071982835,-56.09275655557694
41.33881788284642,-56.53024927852167
43.752670637426675,-56.367228149258175
34.965794250272076,-62.07296201122773
45.16626143365375,-59.17822466174645
38.89149160596227,-44.055856576125514
43.115480379136,-51.60325100972353
38.608578989333616,-60.17347621134756
56.12879403962251,-59.0076659733422
50.30645764944752,-49.026992758262935
46.00584376962909,-58.818175598284995
45.3574575395942,-63.4902185309454
45.95628362247464,-48.650177972344856
34.263167343567936,-56.28330388371739
45.49995907286359,-54.023695277795824
42.76222109847785,-64.0828916270809
41.8734327632077,-52.59216389803924
41.503842991428606,-63.201070616982854
48.179835033980545,-51.72872092631932
49.22843912171301,-53.80266626891843
37.25342165602628,-70.31805391983806
40.83709777497657,-46.809088348860726
53.41923796064721,-47.835069417762035
31.666928711943772,-48.893151745831176
49.741079575367245,-51.210334423106964
43.15086440984017,-60.94268147300768
43.92532032241416,-63.79182918958909
49.00811822625012,-48.08911571037756
42.05032944604732,-65.14383488658713
44.451152608213,-58.404892692961226
42.7471333750695,-55.36895103816281
46.75515329364045,-59.48955077639161
40.81790424229024,-53.85011285944912
35.656424362854025,-53.96206088886525
39.642263205187085,-55.88242540019449
50.776653263026304,-54.0120044617358
43.83364466687028,-56.04351038166798
36.84923405408872,-58.77762827175557
42.8264623283226,-51.397637234109496
39.24855598582884,-50.83866557315982
43.08435346304268,-52.85316182305017
39.00652581995916,-63.58708477310857
45.57191710071558,-55.92353093842734
54.55677552151923,-61.621269666869665
48.206834964474005,-51.86899428243995
43.54043574776687,-60.08252305231783
44.19412447762916,-53.37315696260343
38.26690494486044,-57.56888462272169
45.16405915733745,-53.12288949065462
39.427963227197914,-51.5486737120314
38.46366232878794,-41.62993217158405
45.50441875003593,-50.28147102688809
35.483218232765196,-69.38706028311722
42.60717112695837,-57.16177954736943
49.738592843460296,-58.618210972226706
47.99119554985447,-57.1665741930609
43.54308944363283,-41.86862135816651
43.438720215500105,-43.075513886641694
42.18876418620976,-57.94979194630621
43.50468551625257,-54.62623660591035
47.205406602966846,-55.38993644501414
42.81350910654986,-68.20517390808371
32.21244579317454,-51.566036753440336
49.061097175035485,-49.31562276838482
36.929433478961926,-59.52254888649129
40.942698854654815,-51.87830799640147
34.56051000632248,-59.003854071269224
41.47126429654178,-54.9279614708661
45.779635669596836,-57.41835431566794
47.18404282131702,-51.422610869309274
38.58953450481374,-57.585532200885304
49.006405049117205,-55.71767516333763
39.81200318430567,-56.16168312279168
40.567848945146025,-52.41977068964709
37.55820914789024,-54.52587742142465
47.18091395222917,-57.079480984343384
42.0442202587715,-56.18872591960384
38.43135037710686,-54.49578721860741
39.199047965491765,-63.49748809950279
50.26615482001802,-52.158938603778985
41.11011911798632,-52.41155227011838
36.857677602640095,-56.697597849067826
35.78690903399595,-51.40990133933907
43.5842715826476,-53.66698569560145
36.53193920685405,-53.08930740709102
56.53413450938687,-68.43701433483638
53.31470661533662,-59.42010854812342
37.04732818665145,-50.790334755634994
39.81721619499135,-63.06684654540594
47.1525231629209,-66.1047750754343
48.07384242335051,-57.761733662961106
37.856725581212636,-59.78342054101592
40.82059118454377,-54.58347306280433
39.24540691721584,-63.02380258754984
41.876774689122605,-52.61497480245472
29.954895101051008,-55.221279778288434
44.459374998478566,-52.57960015856185
48.233816109976026,-62.70133903148579
46.98773916800701,-64.0918670661826
32.99130620721465,-56.569911327672834
49.986170369555744,-57.500548402443826
49.71822964114732,-65.23907528038832
31.52899527039356,-53.832727498170165
47.99571271614395,-59.24087796142791
48.799579741364724,-57.22207336039623
35.765290335919104,-58.220972647075236
41.15354170827816,-53.33735843001034
48.76517427918651,-56.262556975248266
45.72332499164875,-59.79629084592527
48.09485484849543,-52.973344021179805
38.298662438396704,-47.12889515140726
47.25507176836374,-53.89219840410811
50.4899901476484,-59.214367231796935
42.62487165197693,-57.23768555939814
47.48409983874221,-59.58732222660068
45.33976652728589,-60.93923377820884
42.628548103834,-52.66579228034387
44.72767391697884,-55.40790801517018
41.58174657898013,-54.2781631966435
36.938857264601545,-53.203801002579944
46.57985882757848,-56.332624797311844
42.8725782212149,-56.05862691867191
47.08691382791046,-58.72680059232109
40.42345267083497,-52.890851469802726
44.85977895346049,-57.653942960699226
38.42266371447985,-64.47274423035573
42.35852797229692,-56.82087590657937
41.84033615229768,-65.65814727993688
43.50154810012525,-58.27673409141231
37.710885510292044,-56.21964074674278
40.698231062661996,-52.76938568745756
44.923130926977976,-55.32307674751685
49.80529785790746,-57.567719999078484
35.25375758367613,-56.15656580051921
40.383663230373806,-64.01721630486071
43.48899219042383,-53.44686331899543
41.80403131567299,-58.44148719187358
31.82271010238319,-54.84370763018273
36.41313721869246,-53.305942342363004
44.89102748667097,-56.231333715857126
48.47560697760525,-51.881218567036065
38.48065436194265,-59.78830830605034
46.21899468459063,-52.142942966572335
41.77636076493528,-57.9826995622407
41.35645583969035,-65.15079231199884
46.7480622527505,-49.794508222599774
34.43254602422842,-60.32987523768181
46.46007880204985,-50.42430849757086
40.1501966983687,-61.84173949504845
43.90097261244388,-66.20439543290342
44.20100814547709,-53.352523301647246
42.666868678569436,-49.596518091276806
41.42344693477758,-62.48521184412613
40.784128434024446,-60.90983057480268
46.9851812896072,-51.64799720456678
50.20367535435208,-58.23817541487189
38.19761022329897,-56.049783701957665
42.42979088558501,-56.98812147990198
43.99295971239169,-49.02005031684169
49.57052873247778,-54.30187964985275
43.75398286132155,-55.57586163781782
43.638005432779046,-64.17523657175101
40.03227194035873,-43.02205319908926
56.53192931364739,-57.623897107089036
43.84402382722313,-57.679256684141606
49.11516753567221,-59.77625806612274
43.32552507680184,-60.779917186924855
46.16325592504885,-53.92496019186329
40.48340382099685,-60.04535184533114
48.586479594716465,-61.09284196508877
45.0802486790221,-46.81341711526931
49.87878568467602,-53.677828229869235
40.279252792215345,-58.158102250267156
34.6603167796777,-68.18868590297245
40.97383557850208,-61.34196786862687
42.95362562697754,-45.235785427807144
44.229321433777606,-58.36957930493804
37.20652245171819,-70.33590471967823
45.669255449747794,-43.68207649086766
40.37310644233314,-59.81857220054787
43.8470319951242,-57.22058201906225
49.105737144897724,-53.31099774173121
38.107169743669466,-53.22295203474063
39.68769238227218,-60.83042659947952
43.481662044796906,-59.95659780636771
42.544210838904554,-50.54070454989926
40.64244900943453,-60.27457871292018
32.915467594482124,-49.64685044099107
43.799616418324476,-65.23542347241329
33.86137314215227,-60.37489565469115
46.01124041672053,-60.72785027068987
43.661405003504,-46.148934602391556
44.88516223814389,-53.19892016399566
41.724411847264854,-51.77600431008713
41.984403539420995,-58.46600579000204
42.68965637659685,-53.92312374994265
46.85532340769936,-48.37615761969158
41.9061791157599,-55.132890018030345
40.45020151918615,-69.73685693822928
42.497369388640436,-42.9011045183647
58.75400278513978,-50.72654276374762
55.35713225130893,-60.87984386016883
43.16005842576428,-63.628788587069295
40.81253468259426,-54.16521008433375
42.34631172672753,-53.16780530957195
34.48083167839304,-51.540410840241364
40.42636245114167,-56.030185520669605
33.815059923940765,-58.089378477088864
33.52840015314007,-57.60727036162503
37.90067955165486,-56.879407738580014
49.591838952348084,-55.83873862072349
45.88320945368443,-55.7976605869799
52.08636865822538,-48.295516497432466
43.7190040875946,-49.87731204156921
40.325394991910564,-53.605925724920425
44.39177377312098,-53.81987355976531
35.97343187272516,-49.4528998224808
54.66989389003744,-50.27896396013601
32.14801470848775,-54.90202862764628
49.023203102802825,-51.37692517111097
37.7653262806758,-48.265653896659394
47.31743290700874,-60.867958995778984
48.825615164610944,-52.545914791493885
41.2181718489785,-64.7914703290486
46.044791773541036,-55.64769306019123
37.95494658218216,-42.47807560303903
38.6435000576806,-60.57799649288241
37.870357833294406,-64.19595629147065
39.055446288269394,-55.36493655767643
34.14399764569686,-62.35430378876378
34.48022085332402,-52.23705541455183
48.99793617531368,-54.68065173257637
38.75475987980207,-54.30575933187561
41.6200982075125,-57.9047296676717
36.6020771985823,-49.233214843309405
41.94840503157636,-62.401838975081425
34.36201025177135,-61.173590081232035
42.1227158059532,-61.639977761920676
35.544169385685066,-45.50119000134989
40.630202576943084,-52.86474411472556
41.9836286110208,-49.51052553024461
41.35044842568957,-49.512391407336295
39.56243503719277,-54.120968699140356
41.0901806812835,-60.86825041800995
51.25089710422099,-55.495859408665325
35.872528351054356,-50.97131565921654
52.69606032991194,-52.88382401122178
41.02433291573911,-55.70107408124624
44.64502343674918,-50.540895024559845
39.16749609094554,-55.50129891576067
53.06317838121581,-54.512169908169646
46.71339358068387,-56.15161564974118
34.79727257422919,-62.093869043998424
40.36603525216486,-61.970067447313276
39.128177140415175,-55.0214904438583
34.118490022246384,-55.72615429178653
52.8773185078779,-57.67800568580248
50.97192392497178,-58.498535887689414
48.64709337569698,-54.992695310985425
38.34710512147549,-57.62077105917474
39.4497389171034,-52.28740936445653
44.138869569822425,-59.027953786764826
45.737219657686914,-51.84448824073637
36.3103664616516,-61.51426702967705
36.05840826149064,-59.594032099454886
35.382423028822465,-64.50792169330488
47.243803803495055,-64.93974589897877
30.25278886197622,-60.48906008226947
39.91261019186794,-53.611077866397785
45.27532681575981,-56.05029366101172
45.4456014880723,-59.486789046147706
42.20241750618124,-53.071298361639464
48.587312392341175,-58.32138373511165
36.64619984737692,-54.385249587446694
41.50656608642554,-52.77149509320079
45.95342469888145,-56.72685278322314
32.68679808649737,-52.954545212976754
53.78214558421283,-56.981107441196926
47.69174132316905,-60.04875330009641
42.93883944288459,-57.581765335851564
28.97008009966914,-54.46964788157347
32.47299525230494,-62.23532043762608
45.244558990796484,-55.39621208684909
43.876337995876014,-57.639429694143814
43.496849318940114,-46.89564792842907
48.46990818248045,-59.68453893683951
43.9992411880692,-44.81685740464433
46.547014312163,-54.74992843433529
49.64456745426759,-54.64137955026933
45.46893227224289,-56.784072322149626
44.738372941297044,-53.53315658952165
40.312396047784716,-58.779802085381476
47.01115707366429,-52.746235506418216
44.35438148243234,-56.6829407808899
50.212248445702315,-49.833898474396676
49.352336853370616,-68.1309665654727
39.76488787445828,-63.165086205410624
44.25263574180425,-61.920746903786274
50.482976251951904,-65.43097346372573
38.83669064440163,-54.882905138101535
51.141638025333535,-66.33023344000793
47.081979488136454,-57.96140378916926
44.74207187935592,-56.124801598502316
37.90479275074655,-62.16767706747023
43.06875728756108,-41.06893521248396
42.57275380453616,-55.245215609331545
37.67721725276414,-53.40206111922341
45.057771584510746,-56.66595102052102
38.60559874852487,-42.245388162468146
40.22380111810266,-50.971529730641194
42.88026697821955,-53.6062159212031
43.83378224442683,-46.12878626976547
47.6574322943493,-53.39111525110402
38.973910597993985,-62.0180579049453
46.87369257590451,-58.60213578641464
43.698641153994494,-54.479313187141685
54.804254691696975,-58.09535823756303
36.74644845864894,-56.38850366207264
52.04690431434914,-62.5643590770696
49.17740500712156,-53.466708517933405
34.98491725590989,-56.807027631338755
49.57202109755677,-54.041831725590946
42.467802271469246,-64.86533812118509
45.926533964428,-55.13224370813574
33.94412655130753,-54.24553933917586
41.24527069788869,-55.1262645959945
43.05233843282832,-63.316402289221955
44.31102708799598,-55.388051588191146
48.42092283479295,-65.68191273146435
46.928772263126916,-58.69141285540648
39.243960546079784,-62.24628669553307
41.9976949668065,-60.16860122489798
43.08605163632043,-56.32980226988538
39.99898268404464,-55.323219524943774
47.33201356010022,-63.95893069818905
45.19327165839358,-59.88747354324074
38.94596547832321,-49.637542555063554
39.80282784084853,-56.795192636228876
51.18777127915432,-58.06680246848613
49.14436433597513,-44.758480028001046
41.00753364162081,-66.03528853202037
45.42850442399031,-57.67855987591327
40.42511037767132,-62.134109776294
45.47251264880818,-52.328363795406176
45.837181074919656,-51.45349785866479
45.56373625412149,-59.54887519879541
48.21757393772088,-52.9479765787334
43.536802843696506,-58.50295721390882
41.033300892499696,-62.70037565424251
47.648460318783826,-63.44767535089558
40.322304146036025,-50.37411873724109
44.20862271876583,-63.61393343064111
44.15656554384753,-60.541207531750956
48.69125578010036,-56.41461852190994
37.57371627976938,-56.38216610836669
48.90755992110167,-53.83261380167097
48.152434479029736,-52.12842533263326
42.090588020992755,-54.63980884781146
38.14290721478167,-62.51014881628451
41.32172969257025,-48.99164888516815
40.871650217474716,-52.662391462576
40.725084446653995,-53.79554967901785
40.64686321064299,-56.80408298550009
42.20776000074589,-61.70136053483682
39.14048047152697,-61.2727839385272
40.93364039874183,-54.668582236502516
47.74712695415261,-50.00998944838873
43.03400485721093,-61.08434357003697
37.9091699672715,-61.3947325653849
38.54971523176541,-54.96897532578736
35.82986746129752,-53.52961005700547
43.707003314281515,-59.53134628204867
38.77150083909996,-43.92789732371651
43.677647506852566,-65.81031336509102
44.41494197556653,-60.60041284023946
43.88460203068394,-57.01094887143245
35.01734355803735,-57.545719348628545
34.89835180573961,-56.036228672274056
41.5443498861434,-61.61762545456588
44.822551930000536,-58.90141015346224
38.48884789474992,-48.897312726372334
46.23195315999694,-59.8551102104816
39.10034048278899,-53.803831618727806
51.38954522082045,-56.91446739549705
41.01256860264884,-66.79531189504776
40.84051679822832,-61.73647830542575
46.249582854882746,-53.641891130367526
42.20971464179441,-57.7623206614515
48.06817847794617,-49.53868186198018
39.138142371167106,-58.048743711846356
35.66782053747338,-50.24723642333457
51.75468417454114,-53.42452481699185
43.047946141292414,-53.557301281265204
45.15086754010619,-68.76790010303408
36.800677023826424,-57.63486731509455
51.88158755706803,-65.11025443518432
42.18431672606018,-67.00849613546009
43.120355733307214,-54.74988798707796
48.741479754840405,-55.12086813309574
32.24829843596686,-60.544810742632905
42.007490471554334,-61.10128497855387
36.68494021454603,-51.74119177570397
41.98834364815559,-62.594249495741394
41.04107376251618,-53.00870644768489
48.46920642317942,-47.257318363477296
42.056280220351894,-54.37474153523316
43.890556386967134,-61.47352023582775
37.803057119703475,-51.109251520280935
33.74688568548669,-54.41302086524894
50.89127240455523,-68.62841096758574
35.589728714574036,-57.41089285795791
46.75193925970778,-48.64028644556602
37.04325936150627,-58.77631522788726
47.58425560293901,-59.71111602898821
45.51380946964766,-52.29641009695841
43.46077582484415,-56.48420231059334
50.04896725641674,-55.654527886695874
36.05242739020485,-60.0496521395788
31.29358204171089,-56.531032284523555
40.19502552961302,-55.956953775198464
46.77186288781965,-52.13933024013665
43.53105832921232,-60.46567559785799
40.91190875244231,-55.90259721499664
36.50234364332857,-57.7572260877566
33.99027928329277,-71.16365609986346
40.58652775722829,-58.947392050882584
50.791247902593014,-61.60443647513728
41.10391745601885,-51.815518829035106
44.44278335558847,-52.196990704734084
46.07282992305638,-54.8094347161734
40.85687287217579,-55.13639534555214
39.96910070213352,-56.02138968068429
42.07967232008551,-57.746185986187754
40.137352085392244,-59.36734662272844
44.07039572133588,-58.756188470004446
42.508253064263926,-53.13970058944125
36.249299705983496,-49.13467056227583
36.38094603992053,-61.68916860871037
42.919076500541685,-60.81923280687292
41.05566871300489,-60.62241808857901
41.93139295030064,-54.5445123373801
44.99971445004594,-56.031253582318335
37.96021512080668,-53.73412493645247
36.369446623514,-61.01779203763135
49.260687805461195,-51.077359164041866
34.15899366808935,-54.98969034389121
56.87204468405477,-55.40176697910304
38.32020526827327,-52.539804854229146
44.753072108397724,-59.32169849849252
42.50784163302592,-54.44438036175172
42.40054674664986,-63.62791527571126
41.73361921986328,-56.744336704619634
40.844285662730286,-59.41696971835992
45.3218967121178,-56.62619205930705
43.40507536869291,-48.65890247762517
45.69968800438859,-60.49801250541145
35.51952957484201,-45.79578516822712
47.74358370519145,-66.60601289666288
40.69956294824077,-61.08144928884019
52.909630789388885,-61.93591194033037
31.426455235948225,-56.5264832562781
41.89524529950626,-49.85386666078771
44.706790329194845,-52.303360699859056
39.64153624593587,-65.48883399916623
36.532550091249156,-58.14205266010859
34.46071611063215,-62.67756356855933
35.938732547489835,-45.15183869040506
42.48448519844032,-53.1976904818078
37.92582663114524,-64.84049196632138
53.41946977266329,-55.78518462718261
37.10982552626473,-49.01597838738041
36.395918234705334,-48.852826317268736
51.283731533688155,-61.94698141392673
43.57315633500071,-49.34582621082974
41.85009006883847,-52.98846581640996
46.45542362288975,-55.48579128209972
36.77214116242405,-40.88947914566287
38.53197410608189,-63.57147297580331
44.87316394036721,-52.84506012433242
54.59597939511806,-58.01887919846805
37.2534168387367,-48.36921845707842
43.03601898383844,-61.0994194882682
46.06880278038525,-56.7729728558683
49.23242238490525,-60.46346078256723
45.717679418186286,-60.073123652849546
42.62289901290624,-68.2077119850119
41.04309625189771,-68.249749797349
41.016758001894075,-58.612538845276845
50.28153084324496,-61.22909108062383
35.594150135662105,-50.22764636754525
51.13813899449461,-50.82980288967441
44.06765593941229,-62.86755191959493
40.585011194826556,-62.38155606286851
47.424863810941716,-52.78551728036969
45.14294918618013,-62.54537599603947
39.365106249293305,-60.44292468865754
45.03945664060082,-60.33783597327048
40.695423376076,-55.59100251894445
38.884113632401,-57.748970184428075
46.084493084104906,-60.78150847526766
49.17744654953238,-50.68635944228753
53.63060289234586,-60.210066649531626
43.963806799228585,-54.80135618892145
44.39281338997582,-53.98929012324146
50.876804477814176,-53.06455264230344
54.76322147528858,-45.58429996239313
43.62545206237599,-53.39317083659404
42.28474529511264,-51.89492670433769
34.182025047683084,-56.04713563686441
45.92061886433482,-56.546142905472486
37.36381028239411,-49.49787767933023
38.72222773574349,-55.40564995344865
40.490795952581806,-61.65943378587815
52.755274567485664,-63.27885074253876
42.283591723495846,-59.83291650309141
38.455071836395994,-62.70621902435851
47.733311639410125,-53.743509206999924
38.0346322514335,-56.5830225463888
43.1523995668026,-61.124871400603666
36.22732785457206,-59.14904950012602
44.75018401375074,-57.2521010543844
40.20470680983121,-49.903017601486646
47.95149426483327,-58.206795616506945
37.08302869246849,-49.41051432420296
43.35702366674393,-56.998755568722935
40.52138240915262,-54.706154788178345
43.11486743209247,-64.0190822010835
44.78335908682179,-59.73483374220207
44.74756246830111,-57.509924159920985
46.6209594066637,-57.25331076754902
49.21040176233678,-53.558067745110755
41.550930929546844,-54.9349563344719
40.683002998560475,-56.68782428208912
38.45354457227112,-53.3455969039789
46.54130905721882,-49.82191412390163
44.066267056256684,-53.52603380951957
30.61537614202515,-53.763764133076826
39.424811093788385,-51.582474636011476
36.200290468047,-52.04042009929188
45.220132271046744,-62.90947197630546
37.97053824301123,-52.96411753178662
52.222497654490965,-63.42725777182085
40.62035927466934,-60.486496768451296
46.04192758953915,-51.67771420258054
53.68294616449903,-57.124764165519736
36.744149521578194,-67.81696519963616
40.45896921842969,-55.31651039477044
42.0876765501875,-52.88994194985279
51.67179335902027,-55.912067874832864
45.398538373482594,-60.633721441749906
34.050678126745254,-53.41116474173425
44.187287848654584,-58.57481730779346
41.391182183462504,-56.31150007392943
37.06894239611444,-63.15110879278077
43.319679829189354,-54.45110281569111
37.170025931812056,-62.626490673972334
42.02782295271058,-66.64754440142579
43.10116499724771,-60.57946889838271
48.85991747763605,-62.9307733501795
45.035288096124596,-50.41024935233732
34.1549992636474,-56.514343397226
49.934012775276244,-64.66759774045643
33.42043449106295,-55.772543447373366
54.78212765086811,-53.44756742974201
42.11958112920937,-46.837041206069784
45.127864175652725,-63.52930266628227
37.91454239691349,-50.77149694481496
39.812044981793626,-62.29200336162687
44.442838668373284,-53.53088832808168
39.41461813271438,-56.422094805905516
36.18486003218074,-65.38302582675536
44.491058079792715,-60.98019142936711
44.253372083637416,-56.31847876420046
33.84712106426889,-63.79645191517842
38.34841600737379,-64.04186530030145
46.582995964635856,-56.232456738254086
41.32778126682768,-57.44171145023388
51.48694784313409,-49.18520461630952
39.40231756269365,-55.853368088243485
32.98982304802472,-55.772563933127856
43.40389167360987,-36.51284835336353
44.84107757707319,-54.84476082991988
40.104815829223334,-50.88970187658639
35.34170490312059,-66.91456111202841
40.90428222769563,-64.20022668767722
49.517987081137726,-62.88115386750614
36.886891236644395,-71.36297761287159
45.7468566988088,-64.64790509051454
41.61360256869402,-61.11902886962378
44.38399681905185,-60.35794492785947
50.2448163572072,-59.76832304842767
38.18809633282384,-57.51952941287112
43.00233032432858,-53.65966849575995
47.28783039129755,-61.75400030177882
54.01416414851717,-58.311216531835015
43.66186230359585,-60.39771937499056
33.546600856349386,-61.78395012773845
39.18048042416353,-59.226905309379184
33.099316797875936,-58.72119468853927
41.296750098297096,-64.80766090972627
44.52083551763885,-55.92125947533867
32.566847506064434,-58.53073699096971
45.77162119522225,-55.57144446519102
39.371049819630755,-67.89651683686459
33.15247707329313,-57.92152169730562
49.40868304948248,-60.99463788308374
49.64197032589205,-58.00235710841591
40.21738425869337,-54.647410093773395
37.7846862031143,-56.74233656265091
41.37779184118362,-58.9153142309655
37.58645707717023,-50.983085120093264
42.91554575325508,-54.99849528846151
45.95091986987813,-53.86626751768219
39.67248977028807,-54.35184436427588
42.53843295305329,-57.12585204752544
44.54921212914654,-57.91734689471974
37.05929337634175,-53.33169811724726
48.21415370898203,-62.96740705775668
40.183189082630626,-54.31021040372385
43.28774823229715,-61.970250251965055
42.475571634278445,-60.12577310516298
40.60318363585189,-55.54142874462745
39.57481995406908,-59.16467842133471
39.75539363366915,-70.18971514672899
43.84699301890897,-53.47376889868308
41.12489434867269,-67.5490814102403
49.736901604988304,-50.94251970214799
48.407163375997555,-66.35215326191778
43.692303007454875,-58.175783668737814
41.60456985057404,-49.94116718162747
44.370810650177205,-53.46662690042452
41.657955496954024,-56.04074606809173
35.98693615165781,-61.121078934249155
34.61211846329657,-53.12366229462236
42.45870129785549,-58.59626511328553
37.724447222100586,-62.953226017911284
47.92762472019157,-62.885481371994345
47.57545129385613,-50.79821378912885
40.6399966130833,-63.45761364445977
52.055818621186205,-52.39217057268979
46.721616621572934,-50.444768079027625
46.532393698938016,-57.03318054365732
39.842386727539925,-53.71034587172648
42.46419547705258,-59.66248286382627
49.11084137584883,-65.91355215135137
45.1116000059247,-49.62794110914811
35.455363072680676,-66.40246744948556
46.73991446113894,-61.0474321318619
42.65009155964524,-61.59350809230088
37.17032028709203,-61.07218672024695
51.74587824375325,-58.675582687802184
41.949805612252895,-54.75193497113906
33.158915657571505,-63.08685708870769
40.99570387501176,-59.12428371580766
47.57067730709349,-58.93639599180546
44.5892846944174,-49.291154025605636
47.12871798804917,-60.25002112959791
35.826632220355116,-52.609978407002096
44.858655174431554,-50.883317021585924
38.3494820557705,-54.7912143868591
51.06726018868771,-52.61697920921229
47.05049483762978,-67.1173166728638
40.42148197809435,-54.976578129883656
40.84236920734185,-58.51507605400404
29.752223834227078,-59.96656597143116
45.295976637868094,-56.94298848943547
48.03238114645181,-61.60322567887942
37.25476020990535,-50.25338486135537
45.035511726307526,-58.51046402467089
41.21234081460719,-51.90252471735269
49.84672462509761,-53.88957751729706
48.671512775813326,-65.81562302645035
41.30812756640679,-62.70810035833142
46.656624011097534,-55.35141387351042
41.12454225693237,-66.88244994432294
35.480829877454354,-57.22612963229316
45.80388745751541,-57.6025425954134
50.832509110937266,-56.46169114310427
36.523071466189265,-54.70012084715682
35.87886919503191,-59.32429388113988
46.57744788496936,-61.71370857546267
43.82969474457309,-53.667718832759086
41.36975519496921,-59.18245932421921
52.39617049022199,-61.457704446481344
40.1520903787303,-56.28953194222537
45.174582615964184,-64.56589993049269
42.515508613441874,-62.544994176720586
40.30737104393585,-43.558832273159204
49.37669532479218,-56.57148796649382
36.05496279097993,-60.14711296191794
38.725883668484,-49.880353257771255
48.98094897220894,-62.36438065114118
38.477867325070214,-56.26497746085021
41.20933280560758,-53.500723856976045
43.07983140402385,-50.5039132766622
45.09087568616669,-61.269949649233524
40.26230964516682,-61.86354760164821
48.629498769132454,-62.82056240409725
47.90264013164679,-52.0312494794196
41.38432734688532,-61.807538440746
44.68380161874846,-65.41712910688175
42.74088136021697,-57.496042085297056
43.17155554070533,-58.989499755994544
39.05349011571908,-62.33385407099504
44.63205294323473,-52.32890657832593
37.24101707514423,-57.18236970941626
49.85632852295111,-49.255570794828785
41.89473908065073,-56.74932890546784
39.31502607726412,-55.18603100233165
39.450368443671806,-42.54822432513527
46.09895549249762,-59.217479528944594
40.06357375909936,-62.27363040256871
51.83673604870361,-51.15267707509677
43.239265228641734,-62.121015243754925
38.060141359542406,-62.76314885898349
44.344715941446005,-66.0584328856923
41.04960313636433,-51.70360022556425
52.11261303071992,-65.10797609741145
43.73193230775267,-52.373809407971265
40.474132022708496,-58.32278938679269
46.40681999074016,-67.0954504878652
47.14370314096734,-56.03417058124524
44.50497790980372,-53.02108436051251
49.60175266318141,-56.44816232779856
38.00572415050566,-52.34929840491721
38.8200229641462,-60.55077984717143
50.26130548390486,-64.01830143869205
47.74599562437614,-61.75024951504832
36.11575098700344,-56.03194679340649
44.587643623080226,-56.3368631814342
46.51723378453745,-51.98234536473235
45.52725375755981,-51.3919681802891
50.167510157030186,-63.65111598142582
46.252831685664404,-54.63156991560456
40.10374863089722,-55.110948514517105
45.7220685042064,-54.11672996700873
48.28970780579262,-59.38748356544261
42.44709662239512,-45.79372414322186
49.22169898972673,-54.874254288945195
42.93978694823192,-62.739006809504886
41.474628045719946,-58.4660704265808
40.11063478935342,-50.03422055291074
49.20851029724533,-55.147452321387945
33.17987106515152,-54.08458222608558
46.848240488092685,-58.32851014291587
48.44741170958667,-57.787936939956474
42.38280426094382,-58.97038431693336
37.90623110392362,-56.40924981537399
42.73313128571186,-63.10455708365849
44.5884518078454,-56.3055180897455
46.48281517996,-57.42114645967911
39.76277986001572,-61.680178171315205
51.77228875450992,-57.48779974532191
40.485962489950005,-57.8442727385477
32.743062029970325,-57.5519647150242
40.04671355087834,-54.80943255347689
42.90507906613867,-53.875158068961795
50.050071190824056,-51.68909993638296
45.23278829636656,-47.565638289976775
44.55376482584702,-46.32388827302836
46.862676804833534,-49.48364294378812
46.06221147706163,-62.51151975466428
52.83765882489391,-56.13532594472399
49.12148663882065,-67.74236182408423
46.08263608383324,-53.06985411587548
50.87716992747091,-58.136159753648954
43.369351096137144,-61.22616998495918
45.76955176548806,-53.39183865644888
33.26078172147531,-58.780396537609
40.71628778039967,-51.40350944735684
39.649476724123176,-55.380075792733884
35.086213367393555,-62.17521587230506
44.92660914068121,-55.920358270448126
45.31975284468385,-55.94375340939159
44.57339260867271,-57.04413385485812
43.728554020054055,-52.092669067069
34.79206267992859,-60.825193053587455
43.376800641608845,-58.932732785201054
46.466687659417424,-48.930977129347525
47.39665061122982,-55.32532828717496
36.83204614546011,-51.73003431703962
37.507839487243075,-64.15557919742484
52.55029613777117,-57.724979240716706
41.341923183502296,-48.97998179260197
44.4590371628163,-54.53708572738375
47.06256943193917,-58.44518329983814
35.96818242139854,-60.09255139054249
40.467509757400144,-66.87209241606166
27.781764908234443,-58.32856123701482
52.31615478510024,-48.65786872721402
38.64212269050167,-67.98822033402315
46.21495959917574,-55.55096087561092
46.73223938497256,-69.51595265294424
46.17538827437181,-52.199020856316935
36.89161535757299,-55.88896914380161
37.01981288866257,-57.50011865935822
45.17192324173543,-52.43267210033488
35.91440563689874,-54.67924030659213
38.038084032846456,-55.73896316414927
45.56621253437468,-63.641244499058345
46.179731311672256,-58.94487674080961
43.75556486794124,-50.20019879306119
41.507609107892925,-52.78215562809836
35.73956470403529,-64.31559949953514
42.83997324141567,-56.43311694973212
40.208831391983956,-64.63890181479685
38.880835488260246,-55.959847543175805
43.18543471983819,-53.86070538041369
38.43693047472055,-59.69856085027276
47.680133885349505,-57.35486182730293
40.00401791097037,-46.81218881700667
41.06062950615457,-61.17179204461876
44.86588830757998,-59.691144762096904
40.33356819207869,-60.01948936058952
48.73814982298209,-41.731561716301144
46.68166336512401,-69.91247693455765
44.63282242093858,-56.994246266039546
55.996201493091945,-62.73987227413319
38.13772794346587,-56.11942086373812
42.98944782841079,-49.11745656616872
37.64219043763881,-57.31150146762062
50.61558400728127,-62.140734345098956
39.92834841904553,-58.353670382024816
50.79658318195863,-60.55977941737454
43.627441874644774,-63.43993454346313
45.78227354286857,-60.430865949968286
39.39647864046143,-58.82887772324992
47.63266235658429,-53.75647311768124
45.4195312689477,-68.400523811025
41.477014971710155,-57.45763437486012
43.73938415611699,-61.238377419801026
38.51212465015711,-56.11289232247692
39.36220523008671,-52.49182671239716
35.99651427247153,-53.55176602577335
40.08003399319692,-62.262318935946354
46.72725160813758,-55.357513754034315
42.70367162138127,-64.09421036829134
36.83276048003519,-52.98623445250427
40.35262244936635,-47.64429990669376
41.60893786938125,-63.23883931002813
39.04562714830173,-46.080500352580195
47.44320574732087,-54.62626831721262
29.980774400660355,-57.14904274297911
35.174939439742644,-53.53866044840863
46.262731222647666,-55.656413496062626
38.81150056097339,-51.2474188424255
42.315153110046,-50.82997299017177
45.02281921014149,-66.17622529069459
41.683707704765986,-47.75204448554267
30.620245794833835,-58.52041519488825
33.973919124805676,-54.64775318121845
38.1485681963376,-46.66933011104639
48.46469284125104,-56.05395094946234
43.75808963440514,-55.22392930441852
38.01173309468194,-63.658081292420626
44.94994603783661,-60.14899451977441
37.898093380125474,-56.28282690509164
37.081482536703206,-62.437951550250645
43.771092190629595,-65.97006895185956
45.84928871473585,-55.99200878225686
36.61110987586143,-54.16747923211652
40.52284932003805,-52.00603835360039
49.87670396057692,-68.43815870367695
44.20591084799825,-58.51772700687851
37.5758593071172,-61.313926745803315
51.69865900669767,-48.704248759484294
43.91265930925168,-61.18557472970408
45.26370532581651,-61.682810795578256
43.565206691585196,-49.91149470904629
43.29810427517862,-56.72388800384128
45.05353747596395,-59.8987476160507
36.77532317654208,-56.45418657606059
48.65657966175567,-57.662053203141916
36.96275405430646,-55.613751738618696
42.49070818267824,-59.25818359059986
37.45737801331024,-63.81709509187806
44.484333163298594,-52.92609718237305
35.51695646192049,-64.5087821695118
44.34682547300355,-64.05092080069909
39.972008211096984,-54.4574823131003
41.79714192794877,-62.03189161007462
45.49912941554428,-63.15805096082984
40.58318069587161,-66.1479734303506
32.701677145275625,-52.398310199487355
46.84142744888441,-58.52498737730193
41.922542927136085,-64.17323577350274
36.51720115219121,-56.0239821773815
44.93128721066406,-48.94917026227503
53.414558451495886,-59.93635892310667
40.71328833610399,-62.83908224805169
32.69470597936772,-59.33885343001667
41.108678241457525,-49.72420029721671
43.895822156954054,-59.68366254534808
39.256303323722506,-56.05650834263017
47.26162957424253,-70.45946619454308
37.03364755472636,-59.8604007305112
42.19887883542359,-63.97252274097302
35.62058931283638,-61.476773841567365
44.52893900572441,-56.848450994746116
38.42761978529185,-54.106076574739625
31.50148595335827,-64.17469390530887
45.022135857244834,-52.72161578506146
48.933156580653296,-53.85327211581389
43.83756643238319,-52.82356154121442
39.45058443018516,-58.381715691182436
40.49643726987368,-60.46038695279708
37.68826101294116,-55.35600340979616
42.45357425470703,-65.61684881214047
46.57219832960478,-56.234514102688216
44.41090411215054,-63.74772754582824
41.45710439980518,-57.46874847332278
37.46658513674468,-56.00364657860636
39.01097558202959,-54.934869122298316
34.79817344134478,-55.42553866451962
41.88900203282585,-51.84894545214015
40.631153265415136,-52.13366868647286
38.1696178854155,-63.73189007920666
47.805629676961345,-53.635448154059844
41.10762511483092,-53.06594477819035
37.827351194970504,-50.928023753339815
47.2508401724903,-57.95618379619069
47.487738718247414,-61.25969364316897
43.6557785595975,-74.23801331567776
50.327080153939455,-52.283673918972035
45.264597478721946,-62.246873702391476
43.34659878803531,-62.820240302063866
39.79580996873665,-56.44449819645236
55.73239390745435,-57.0877094313074
51.09507322606716,-54.83520972317246
43.97689569144468,-48.672044965364364
43.55736538992272,-49.74646615627503
38.325607011626765,-55.82561118750664
49.063273760064625,-56.29874397071858
36.636355052391636,-53.041314660815964
59.48460833875599,-73.66342275763218
43.79291718708022,-54.76831287021081
32.09094587344927,-62.72722808080635
43.74484305209537,-49.1077441043629
34.73114892016287,-56.25588040203801
36.15535249318748,-60.15531468886481
40.11472867329216,-61.41100727417116
45.119548279478764,-62.302861422204074
44.23749444755317,-58.68679814453557
44.342549566369044,-60.543090710620454
37.46453156397504,-56.890061736021536
30.329928341812874,-64.63459058967291
34.72636371302021,-58.47828663853048
49.160601314207504,-61.87281933286298
39.85555339752729,-62.5504816599731
49.91802238760758,-56.191136919068626
35.39746745581623,-64.35679092066536
40.650902331463456,-60.25264324224386
46.155156797991886,-54.58709968609156
48.547450295925394,-54.955337071718944
35.819510340322026,-49.49554561230745
43.13604274779948,-63.160816226967285
41.25700471192072,-70.28312505499966
51.260116751088816,-55.653702040868566
40.75574671745038,-52.65378490030973
50.91999739686276,-53.985018174305985
41.58280319407914,-44.85224701245218
47.8634901906217,-49.55558550758407
39.89830640512139,-59.05516595076177
37.82449128070353,-66.18213883987625
26.620158782695032,-64.24131020483087
41.394619302451815,-55.03875280622214
45.45472766103202,-58.89535165558572
36.69923558187094,-62.447172328309684
48.25753332857069,-60.71075023714536
36.284350676962426,-62.28014241843534
48.171534888582045,-56.73064989760443
39.097348636060666,-52.95498721212636
37.92798377957321,-58.03704821661147
44.3432323230512,-53.68366944597348
32.88285323344324,-55.729800671344194
37.85728644436336,-54.819819894517536
47.99743504635213,-49.38641590503177
39.367285139287766,-50.42359358934649
32.94839738788831,-57.22674415659607
39.28147509253478,-57.866946481030595
37.68932450759431,-52.63569949260748
46.63819589958649,-61.474908460462736
47.39289798911089,-57.218387196047814
37.72147286589949,-55.46841658024861
37.816396199736545,-47.509638375565075
44.742507024925246,-65.05700377298997
40.39973819806736,-48.790309036458474
36.77715156089724,-50.33530666552726
36.10195941453075,-51.1565679144375
42.46570462457408,-52.003454989789375
50.2012968517379,-53.91696661453173
43.74949857914118,-53.32255527224975
41.60760125915769,-65.76948712679973
48.473757294373726,-60.540340291950606
37.22869649265307,-50.63512204703824
44.617623726408624,-60.303450541241354
48.135858705950554,-55.48135730584476
42.66665267352972,-60.93727507025919
44.61189919082609,-51.07914253762613
38.8062948944065,-64.86182736911785
45.606361325811214,-58.010016492785574
35.59765818045947,-59.464072666318884
35.68739060181057,-59.824803840835884
43.96603999158859,-57.51522456535646
42.50606956450722,-47.60806911407526
34.18720588593577,-56.06334553226906
40.04562368123716,-54.93296843693647
48.891624468928335,-61.31309826117844
42.799270821916075,-56.38281764947787
51.11694218854329,-62.702691047499705
46.37511214189287,-54.59534091043219
34.371978135679434,-60.775254267759905
49.19806570141452,-60.59877192547637
44.32443075907591,-56.83029879694417
34.173597573697556,-59.45199380441885
54.71056161057308,-43.2663856760654
47.92190132951985,-57.69488941645113
38.981491916793814,-53.95571237894695
42.86950163228363,-55.29778685737646
39.02605123034324,-56.85143040889108
51.221593966713854,-58.65361642846431
46.90195803574548,-55.020830035691375
45.28341111612736,-56.19814795957865
38.6543374571888,-68.06974007380664
32.579876458572436,-54.82354409219857
42.589324176771406,-59.823973845406286
49.385702690090184,-51.598038923804765
43.95781770307436,-53.13168699761537
37.01016162843447,-61.61272754531398
44.936755086115454,-58.56190880524044
44.945935867808984,-56.452609582010474
44.39117910137289,-48.13961348473416
45.37323918188098,-56.152629898205774
46.685223250737664,-48.56061542182984
42.400336603762476,-60.48482604924476
40.56441510818321,-54.67640103770889
37.194324200261484,-59.184667811483514
49.138793962934166,-53.610721256626846
42.583775861807844,-52.58173833431202
41.50701985529957,-60.89556920494979
43.6898802120542,-59.835097099623674
51.52650500452042,-61.361199499676836
44.297350857050176,-57.287484868689496
49.781700129778606,-53.4720773290883
41.68803813292783,-51.21870630269401
31.48865192156591,-52.37986727485782
45.945148061055775,-66.60671348546987
39.94840879500438,-57.6148241291693
42.19524233225305,-57.492266603305914
42.07779013108411,-66.12441165596647
41.58762376115839,-55.3671250316352
45.746200736318244,-59.494954657542934
47.72636759857092,-57.35642351440053
45.70426847934815,-58.13404518223766
52.611956282442286,-61.52227093099438
47.614550989801366,-57.396034283494835
46.79957122182601,-59.94854294538139
47.79715060643742,-65.2546601038153
44.527414382232294,-55.82210681270838
49.45950886244117,-50.98830299890588
53.44041367219624,-60.10677827366617
32.06215332616344,-44.68916662701646
42.41970130664254,-51.03476735297221
35.55502191491568,-61.38179656868456
41.611129940456195,-58.02254400886323
46.041593250114396,-48.457818686361506
31.680994964445624,-52.950323716710486
39.44729509755976,-65.47343433307408
49.403493195638625,-51.99308527970207
41.07923464866032,-53.17154879409496
52.68856940340335,-49.15510332467285
44.22351532602142,-57.88709802459421
43.039351789840325,-59.48566826138337
50.75553541131578,-57.58233322280424
34.164291567493635,-53.17874534587425
39.55130515320576,-56.12371784443579
39.913000266689025,-56.24752076742218
45.88277022353524,-62.66946811950048
40.112030511319695,-51.59965338029142
50.35591490913025,-68.09972531269106
43.8173464833471,-60.02531929874107
42.099249259424035,-66.76801537077964
48.60812235467449,-52.93831411968279
40.438491034156435,-57.182412050963
33.5675997525291,-48.85328057066392
37.085590053680235,-52.459643350178006
39.40323934064349,-51.99154163518099
43.42261885632031,-47.105924166645124
44.305050961587916,-57.31868684506153
44.42527692631071,-50.82063692861711
38.43522112737155,-54.288663431800565
39.63212773753052,-58.23063826263448
29.903109591864762,-53.693409940252025
39.53150447978373,-56.457754193701085
39.744869954421645,-62.988439412811665
43.19334369856872,-49.838361245225755
50.39254580203021,-47.353815988537825
31.133589694732276,-57.85713221138005
45.666183853781995,-59.609214207390046
45.4183006567834,-55.625417837646296
48.96099817895932,-56.62894625061736
44.15388724085048,-60.11478713538927
42.04352898521268,-61.8931631785698
37.46011107073698,-58.68061743896472
47.30374304397662,-59.50758627125523
47.98244091120607,-56.392987325769894
42.167128653848124,-60.51852030246043
43.158647146446775,-50.99044994904303
38.085383036608576,-58.780722728285454
46.60018549510104,-53.689531204844464
42.590643952046435,-62.00253223709524
41.611439351251214,-64.60819209077371
37.8334737564876,-57.961918959449434
50.4716022163869,-58.31447061241483
36.71634302195143,-61.12089117504137
46.888224401951256,-58.90925129782999
31.55066663203778,-53.00476767627445
43.455189129506216,-52.60518931008627
38.0493065824192,-56.436181602338145
40.75668251999276,-51.833134712514536
44.82109890759078,-59.128274863204496
39.20641429351974,-54.09410664110754
42.96102631733074,-59.44354665295176
38.83979336689546,-57.481959485936386
39.05284857324882,-54.51362600736866
47.19745208736613,-55.7340182447254
46.85722029060809,-50.98263742625623
43.23417040077401,-54.921524993819396
30.466373585972654,-55.86752746578495
49.72361010985314,-62.07745569951879
43.87323897870934,-58.95738295016767
50.26027510477655,-60.05440724558639
41.3838335505595,-59.623645243103205
40.994251285832334,-55.812784265175246
44.62568392842701,-59.54011331042938
41.47798822040052,-58.588927652928035
45.36017663139205,-52.744496646851914
40.58812738448427,-61.15479539573392
45.12661080055648,-53.25990926314951
43.52033908253726,-51.2913621552397
41.37910345001683,-57.51765320481112
40.47599781759241,-52.9349627641734
44.85238238022979,-63.72457086924208
43.84418941186424,-59.64343646631103
35.83561037994461,-52.17191551482391
42.3101244469524,-50.77780062746457
46.344558393455145,-60.155761165657054
45.9373265365776,-57.107583292155674
42.038427106516274,-55.03208057128388
42.14362511144859,-49.97634339555107
45.073854964261244,-57.16835366094471
44.22249217781093,-58.081745629674394
49.16136366646249,-56.47664581277133
50.141071123962654,-57.0409705023826
42.691906309684725,-48.6258904675376
46.39009567673813,-63.430650440284005
37.78951630126222,-58.09727268753372
41.595775163754254,-51.79111753875643
47.945939650032074,-68.21143002165084
37.225471301400205,-68.89809396537406
31.453989392069516,-59.094401449790816
51.638422422039056,-49.9366319487623
40.750317412188465,-55.95369101450247
40.54858397166568,-49.4197269892382
40.01968335775787,-57.18338542410297
42.44342142228885,-59.49590584252939
43.85400111773529,-52.677785666920755
44.93663748614092,-65.1830399701823
41.554668473795026,-51.16045551762093
51.69444993890063,-65.87102029546587
41.03413838590499,-52.281940306761896
40.22474102488899,-54.50808404668102
38.0052308930475,-54.89487082827544
38.323875051097886,-56.406969895795
42.40931660904868,-52.58503365660808
49.092141688015566,-52.34901785350834
35.48081928466325,-45.312086784469166
41.62252521525995,-54.211571441523276
45.43883401869144,-62.02949732095778
42.10161100798751,-58.09266807017276
45.27725828274877,-64.70665959138238
36.54422249935518,-61.95053652912772
50.10683964304175,-58.868900231980305
34.95364407253395,-56.6357099381698
40.30900564255758,-56.178578247800495
46.173105493452816,-54.47666209951887
39.77704442083045,-51.940681632266774
38.35839133783698,-47.95267561890873
37.165221165272676,-51.568516087417166
45.92378240383627,-58.09541247078803
38.391372971468876,-60.19469215949448
47.69729812948266,-54.1549592145079
46.46648875253392,-49.93746244350631
40.26600956253004,-55.356167731589245
43.978212407293476,-57.8333057425065
53.34584940278569,-43.245407277647374
40.337878022727665,-59.20754401788632
43.04962198748377,-54.2611986118455
54.44487769341344,-52.98183669446486
37.48236775063938,-53.17111903501723
50.0596505679365,-55.577534202495954
39.43734341433089,-58.53788951569781
43.416863253899834,-52.48783170443777
40.43791198645268,-61.349708144476345
38.09847698518132,-63.34853986203302
35.40610207775088,-56.78182890736765
44.37891977623521,-51.53769039733355
40.58967384190689,-62.2801267031611
47.459681597317406,-57.51944751928077
43.448685836485744,-59.94789547350944
34.12114167724772,-56.20749430779475
48.65389951211659,-50.738166130288704
38.685456278222006,-60.03288404958857
45.2836563409351,-46.99169823456275
45.13795300839667,-59.268432899339025
41.32584911768205,-66.96961008712513
44.22164257332879,-60.56679751368476
43.07386585905961,-55.11011487554928
33.17318633520956,-62.1085754967513
42.98179183724897,-64.99188755911446
38.19715839009582,-61.080265482372916
47.05572355754627,-55.01568906553304
41.855031917000986,-54.411311444314386
37.82609279916391,-61.0107554988191
43.724859602230836,-56.67514395456764
42.09713245146514,-53.36594702326999
37.30636531677337,-61.8368211421207
44.65439221829804,-50.488299485143955
44.67753244741961,-64.48748095864084
42.3085227132374,-68.56432127387318
42.43111477854271,-57.08354212688978
30.252562457957794,-46.80597806355234
46.38199033394487,-57.024702139917885
42.147911690525014,-55.58522701040999
41.26059243721177,-62.46998698157348
35.9067787009687,-50.18290925624057
47.05910910557317,-67.20172459595693
39.24023188625668,-55.62674805543822
50.69879111538361,-57.54822578336245
42.91927275046723,-52.56798509465494
41.504053544852354,-62.23296485352568
45.33884616585699,-64.28132185003055
52.34669127374369,-71.47791552200223
40.996928526346956,-52.665441558003764
36.021977438819704,-65.2015886383025
49.31604810914178,-58.85117909364619
43.912522484538435,-45.942106702477034
44.017896896667786,-50.761214772417496
34.88813259410563,-55.94857273646584
42.26777188515538,-67.6128990525546
35.353598844898016,-56.91791689132499
40.40372568532021,-58.22740300120719
41.488804760389776,-49.07014853711239
48.80190446687408,-66.80291018747123
42.67944504346793,-47.34094007213387
41.18951678518375,-56.675642677078166
39.89310718456172,-55.14897425009052
39.81054815063985,-56.88249422864369
38.8753672793669,-49.367053590672086
41.38935599912494,-52.93147143087341
43.79992618285874,-56.835480232167306
35.61605621566625,-56.31608610397269
39.21908655960634,-50.61940301132536
50.05106870935462,-54.74477892033638
42.42035449030162,-61.08240447777432
42.82869876972292,-58.44346984440227
41.946750360899465,-52.37811156258647
41.976279264249335,-54.33732743698271
41.6591456644326,-57.67730540547154
42.11168448648653,-58.3734233117249
49.29993614493265,-47.00961608030168
45.43268797420758,-58.077930469499215
46.98923520515482,-56.0606753763696
40.510075650470455,-49.84199869693194
42.04391132226249,-57.97888358783328
38.197270481159634,-47.82786943900382
36.32667607722302,-47.64674022619036
41.35236558366418,-57.9427959624141
36.53715675939766,-50.583480994842745
42.0234167242752,-62.700667231774545
49.274754635677525,-59.2476872065406
39.59225279918669,-57.46257837090837
43.705867117712586,-53.56509068394298
38.66182654811986,-50.972070024321035
44.62194543516015,-53.36912091442917
34.26690979606142,-60.00552944050001
38.48577312210949,-56.000368288977036
34.70992533112762,-60.26771377322712
47.230035704180914,-56.995859934938025
54.26893636181401,-54.70883007701785
43.37216815225406,-53.25220842131833
41.3549721247946,-57.673253895057954
38.07467862316129,-53.4399284969743
37.14202087559646,-55.95970133648355
39.11184613091571,-60.54086317698445
38.397668868145814,-60.037152960278505
42.66720544550903,-55.31531584857125
51.63420968985205,-55.67783242990246
51.820098958676475,-52.34629127406718
38.45376103657151,-50.00842329868906
42.90227615387147,-56.42200779749232
44.55682227218354,-57.05616320118554
34.59642709043962,-52.36285547289798
44.62611087114016,-55.579474050999586
40.5497193283757,-53.19707684614624
50.181881645211554,-49.89465198252479
52.87753918147281,-59.422149814167355
35.40241916737007,-50.84455861589806
43.967798550274736,-57.5998292172056
33.75188544886664,-53.30152907121778
43.36420622681821,-63.70648013489371
46.61716872077861,-55.26519737086118
45.25402753848759,-52.90200268553889
42.80437105144103,-63.30365540008134
33.12824422472362,-61.093913649615644
42.98009607987986,-58.5796151913027
40.81511966002473,-59.645313984885114
36.14927019937623,-55.64453025331397
46.30265188346948,-50.8939584780341
46.295057681896594,-52.133558447426765
36.434124536622626,-57.24257332912103
42.2646585651469,-63.95853708013847
40.370742109850376,-61.80537475699792
41.124109138926016,-62.081139770168065
35.797568321054776,-54.62456428509563
35.21982336688453,-51.43151216793746
49.55508312594113,-60.51952588103787
40.60995701734505,-48.336158398990044
46.53856395225512,-56.07974057699607
46.84810745479715,-55.38060396807818
49.745954455380314,-55.12136391714171
47.20802882773595,-55.260361290149476
42.321601217616866,-58.879289952474345
39.74014718764853,-57.981015800073344
43.137018148916596,-66.88544503725255
44.57793207835194,-66.22864128075938
46.44222265849081,-53.08994481249501
40.51497358405658,-51.69192932085275
48.30387968716805,-53.96279201321215
49.62702375942942,-48.97828583780459
44.05959466339928,-54.475940144115995
38.0522159022053,-60.22176585547518
43.20269271089736,-60.745847087176095
36.854659986982234,-58.50530316324918
45.896531273174894,-48.79648026734238
32.7635511295362,-47.544491005574
34.594438741588945,-56.4110676690679
43.20635477587275,-46.461118172594816
44.800407563288964,-47.7961535826028
40.66801120656832,-57.522472628582264
44.54128815970791,-54.933561514492716
43.63196174412907,-62.137360209399354
43.63192327380919,-60.25849542809308
49.05157257376485,-53.78524708452687
33.42282790566754,-53.84407977174503
44.962339950071204,-54.24276896419382
48.16081687293271,-48.71911072002645
38.71471231381111,-59.210261836113936
51.36516636955935,-49.287351449478535
38.19545821918522,-55.069757803822355
34.69609396664249,-53.53838876601045
32.526150482136366,-59.04076268438928
52.30533343682329,-54.99484839082413
33.025898709043325,-47.036540899926585
42.46728337374109,-48.60551893143252
41.25363524860344,-64.00405986717166
39.32563222520833,-56.112486463027984
30.870552956568382,-47.66477539459701
39.664291937429226,-54.94660873426761
39.25295981357664,-53.480780951718444
46.717316126577245,-50.11238534211851
45.20657460792227,-54.68535329312322
41.55289850314433,-52.602053115483606
43.89124413220303,-58.91310524406971
41.16819602711321,-56.88501924397518
46.11875556990566,-51.09630709940723
34.16036810045024,-50.90176359313344
44.27922033229081,-53.05124319912303
46.14035209710792,-50.82220505686659
46.50607923928005,-56.15352263446213
38.00727925280312,-57.86519785963192
37.570172589003334,-51.420038775620995
42.87602210191661,-57.15663209569282
37.94009732025157,-59.40485086994981
50.80091288492365,-50.111364639462614
43.63080166078997,-54.01203695937523
52.059341826851,-50.90862548051614
34.54952807683456,-57.262036891905176
46.862262698793884,-58.48520837542602
51.95386775582104,-56.17432295266975
33.95284691459475,-52.91373430302101
40.179537283236094,-56.001567515910565
39.116728248595656,-70.51782469056872
50.52061530055519,-58.1181015161528
46.08770511700811,-61.987785539802154
48.997455086285996,-59.873639712900214
44.69088759329505,-57.79306512114435
43.57845207077319,-59.6861583605368
38.61721644046657,-58.55313721178035
49.90962326230963,-55.837289800749126
39.91806143703212,-61.989951651762794
43.40156896871839,-58.861355932854266
40.686487868006935,-61.76453091476308
47.569600112391726,-62.44576233396316
34.69634735924826,-54.802009855861975
45.56405378817914,-57.527411676230045
45.89843651423893,-48.3270179379867
41.48934449621705,-54.8164121902983
43.345478417473466,-55.70913048465267
35.917584861354015,-57.37999930225834
40.646109732312624,-54.09660439476712
40.45385321833042,-56.401468814978394
54.63245615168688,-65.29217179967644
41.895100506953256,-64.61571664659593
39.524983782633775,-53.186358426955394
41.92096205158345,-48.10039879168761
39.71947621771371,-46.853328811821285
43.62716159398261,-57.43720547772521
43.28335448868619,-59.46759384013789
35.49177769009135,-61.816326693987335
43.10293370397713,-50.358459468139934
47.02261966712285,-51.1369565519605
61.695403956447464,-67.87221367128657
41.94501454727374,-60.19890520262773
28.730293047189683,-53.304170008660996
41.336375734942024,-51.86733044471149
47.53457415035472,-50.48292503039104
48.113076127782264,-60.96648701554461
39.34236695576436,-53.16092402646573
44.6428226958128,-54.58253271700188
46.52355182996215,-53.98722060550273
43.882628466128125,-68.83006114486412
48.45504012406095,-52.25792595477659
48.685848698812386,-66.4949166288656
43.402858333528215,-52.91026669622946
54.21729493352791,-60.02537183484749
38.20576065223703,-55.662794510238705
47.068967379164505,-63.31231580225771
46.10086793652346,-54.79004337375185
51.286899186877164,-51.64294357211577
37.86033407705844,-54.60725980445513
42.72951509970536,-56.992698112076965
44.50723085722501,-54.63323468974429
43.933908659941366,-50.736173838787884
40.97831272018185,-53.624487435051826
43.37358382952457,-59.315223233183794
51.73133325397806,-56.39046206011498
33.60519181188774,-62.23700548481748
40.56477482799694,-53.25899325965712
51.1413839446755,-56.162855604259235
42.56935063680784,-60.346719128788564
40.76368162731945,-58.962981788102546
39.02944161997976,-56.68044977523266
35.042805499501966,-54.40707855640827
43.81227219748752,-61.56087786859359
