x,y
15.0,31.38597541359879
15.07007007007007,36.25171800636914
15.14014014014014,41.70997576968675
15.21021021021021,29.285629961015722
15.28028028028028,22.58182355402041
15.35035035035035,10.689591931205957
15.42042042042042,36.179694543712635
15.49049049049049,23.5719385590616
15.56056056056056,41.48439790209082
15.63063063063063,37.22143670586991
15.7007007007007,30.080059285340518
15.77077077077077,27.98511489431672
15.84084084084084,32.438086327839564
15.91091091091091,27.14053122475538
15.98098098098098,24.54723289694414
16.05105105105105,31.389992958546024
16.12112112112112,28.145210453289305
16.19119119119119,37.4783867146166
16.26126126126126,33.437014153429
16.33133133133133,34.23532916437458
16.4014014014014,31.27228302295696
16.47147147147147,41.996685782986354
16.54154154154154,17.567967125304428
16.61161161161161,37.88137613988066
16.68168168168168,33.68929981820699
16.75175175175175,29.090608771719424
16.82182182182182,28.97824753497907
16.89189189189189,30.23004995538121
16.96196196196196,30.61439448925053
17.03203203203203,33.24096184609842
17.1021021021021,38.76947350424523
17.17217217217217,39.1536660631428
17.24224224224224,44.58375564071394
17.31231231231231,36.68793081044078
17.38238238238238,41.93005688471432
17.45245245245245,28.005475775869414
17.52252252252252,51.036449247913694
17.59259259259259,27.122292123054024
17.66266266266266,37.16548241269969
17.73273273273273,27.187159743560947
17.802802802802802,42.66946343157804
17.872872872872872,36.26407222741474
17.942942942942942,46.73489937818789
18.013013013013012,36.75638776385891
18.083083083083082,26.185505571142983
18.153153153153152,36.766891857157425
18.223223223223222,24.37731633742981
18.293293293293292,43.01388939761729
18.363363363363362,41.58480011498481
18.433433433433432,28.61332932509409
18.503503503503502,30.139171189898548
18.573573573573572,30.448060922597485
18.643643643643642,52.283735470302126
18.713713713713712,27.99700383419663
18.783783783783782,33.45658986977094
18.853853853853852,33.07869243755747
18.923923923923923,34.35467962636787
18.993993993993996,39.68033659573817
19.064064064064063,41.731881645369846
19.134134134134136,19.930892028311934
19.204204204204203,37.58041222931333
19.274274274274276,46.59573022547187
19.344344344344343,19.063072620568647
19.414414414414416,41.6470652846356
19.484484484484483,44.16600743905974
19.554554554554556,39.15606574931592
19.624624624624623,46.37627056925427
19.694694694694697,44.873079788994
19.764764764764763,30.856953081166086
19.834834834834837,35.26270613480778
19.904904904904903,36.01697388644946
19.974974974974977,38.31901315277955
20.045045045045043,30.270005519066885
20.115115115115117,48.26881142358511
20.185185185185183,29.20775250295047
20.255255255255257,45.572370890809545
20.325325325325323,36.077996322192966
20.395395395395397,36.47558774893728
20.465465465465464,42.82203944533325
20.535535535535537,29.277926571152406
20.605605605605604,39.861116873040984
20.675675675675677,24.762995780361784
20.745745745745747,39.14819377671901
20.815815815815817,36.42448094825216
20.885885885885887,36.67995963510885
20.955955955955957,40.52448508762282
21.026026026026027,27.713697959092478
21.096096096096097,40.06582125995022
21.166166166166168,44.325514877534786
21.236236236236238,42.41812914208048
21.306306306306308,32.932915904557355
21.376376376376378,34.94182138952917
21.446446446446448,45.491276699876195
21.516516516516518,31.944998830516766
21.586586586586588,36.40497226324809
21.656656656656658,42.80577000437155
21.726726726726728,46.123104899708274
21.796796796796798,41.548701103393306
21.866866866866868,56.101515110038
21.936936936936938,40.6247682969555
22.007007007007008,37.191335311908546
22.077077077077078,45.172275466321715
22.147147147147148,40.314223979459655
22.217217217217218,27.329435224614603
22.28728728728729,36.922275829098425
22.35735735735736,48.710894727760575
22.42742742742743,38.230822761071046
22.4974974974975,37.89393427176133
22.56756756756757,34.673459142264036
22.63763763763764,41.15202924742008
22.70770770770771,33.22764428830135
22.77777777777778,39.019688074273255
22.84784784784785,45.70637824636269
22.91791791791792,35.44973658947616
22.98798798798799,53.082894247856075
23.05805805805806,37.18920887356224
23.12812812812813,42.76798423908328
23.1981981981982,33.70449254717539
23.26826826826827,27.578357085761205
23.33833833833834,42.88178523007039
23.40840840840841,45.88125872609417
23.47847847847848,44.619202972379256
23.54854854854855,42.98089044707659
23.61861861861862,47.413826155954986
23.68868868868869,52.49357071695495
23.75875875875876,39.04137658429232
23.82882882882883,47.21875957657611
23.8988988988989,46.88107038609615
23.96896896896897,46.213074932380756
24.03903903903904,23.31291305075994
24.10910910910911,48.1005436770221
24.17917917917918,48.8253600991101
24.24924924924925,32.65122448472124
24.31931931931932,39.677336114345835
24.38938938938939,36.02456013063714
24.45945945945946,41.049552743784695
24.52952952952953,29.123169357753724
24.5995995995996,32.125182192746045
24.66966966966967,35.38289295677926
24.73973973973974,42.93551127081589
24.80980980980981,39.28452037386801
24.87987987987988,43.781740484179956
24.94994994994995,50.53447442343872
25.02002002002002,35.0009194946141
25.09009009009009,53.56277243360752
25.16016016016016,45.028187298317164
25.23023023023023,37.74481110526552
25.3003003003003,23.0720266973812
25.37037037037037,46.73827999125992
25.44044044044044,30.456650462200876
25.51051051051051,49.98774682723429
25.58058058058058,53.37413416188437
25.65065065065065,54.00954540144474
25.72072072072072,45.021331624852714
25.79079079079079,56.03597462915365
25.86086086086086,52.82923260365252
25.93093093093093,32.26670537211834
26.001001001001,40.29741879622459
26.07107107107107,50.998209666413906
26.14114114114114,46.44442795144391
26.21121121121121,52.74956501598625
26.28128128128128,45.7520856228086
26.351351351351354,61.80385196858049
26.42142142142142,43.63741703553114
26.491491491491495,38.03266708879974
26.56156156156156,40.33634010157078
26.631631631631635,26.82295204509475
26.7017017017017,40.561354290607746
26.771771771771775,44.7065443551784
26.84184184184184,59.37862143591656
26.911911911911915,51.46664526089483
26.98198198198198,40.529361071595154
27.052052052052055,37.44437448954514
27.12212212212212,44.007842696591226
27.192192192192195,38.078710764720746
27.26226226226226,53.25358155291113
27.332332332332335,32.025604120534666
27.4024024024024,55.03064443360799
27.472472472472475,40.696648773064524
27.54254254254254,41.34761565861971
27.612612612612615,41.74517576857574
27.68268268268268,46.11178472946722
27.752752752752755,44.985902186861225
27.822822822822822,39.87634205983405
27.892892892892895,67.1700337785478
27.962962962962962,46.851470552588125
28.033033033033036,37.42122653721143
28.103103103103102,46.09934176213392
28.173173173173176,46.14373655259751
28.243243243243242,55.77779294063946
28.313313313313316,52.47583838227876
28.383383383383382,33.05854515969989
28.453453453453456,51.97673066172872
28.523523523523522,45.4708128398721
28.593593593593596,62.131858188213535
28.663663663663662,40.48817647127085
28.733733733733736,47.16024270921985
28.803803803803802,50.482811366157165
28.873873873873876,50.49601050479675
28.943943943943943,51.6762109367952
29.014014014014016,54.31752178587031
29.084084084084083,54.269260336280475
29.154154154154156,48.41459277907388
29.224224224224223,53.344434696043
29.294294294294296,59.19429588301071
29.364364364364363,50.82402263166354
29.434434434434436,51.708608469662906
29.504504504504503,42.88867820259612
29.574574574574577,55.415775102351425
29.644644644644643,53.741632495580156
29.714714714714717,52.002220340242545
29.784784784784783,51.05035519787105
29.854854854854857,49.45323564654038
29.924924924924923,47.55138638104937
29.994994994994997,51.25397567709606
30.065065065065063,49.62036813430959
30.135135135135137,61.88891662373905
30.205205205205203,45.72730540262444
30.275275275275277,40.465941096081394
30.345345345345343,52.213452278205914
30.415415415415417,64.95075177300681
30.485485485485484,49.01306918474593
30.555555555555557,44.16819601974025
30.625625625625624,53.68563453174743
30.695695695695697,53.24972237296472
30.765765765765767,42.15049199380469
30.835835835835837,50.280162041201194
30.905905905905907,57.385608929867495
30.975975975975977,44.78745181541312
31.046046046046047,61.065588229321946
31.116116116116117,54.703789201843136
31.186186186186188,50.47283132506579
31.256256256256258,67.2306969259989
31.326326326326328,53.81741492989108
31.396396396396398,59.88572954989449
31.466466466466468,61.80083594345564
31.536536536536538,62.088350687495705
31.606606606606608,64.64681060788848
31.676676676676678,59.99544130428363
31.746746746746748,45.05794902575313
31.816816816816818,56.16001054162231
31.886886886886888,59.62115216349221
31.956956956956958,53.28309621325478
32.02702702702703,49.88311471867372
32.0970970970971,59.916471495773855
32.167167167167165,56.3760709219333
32.23723723723724,50.24863149163081
32.30730730730731,39.796531680602385
32.37737737737738,53.61785969174326
32.447447447447445,43.77010910079688
32.51751751751752,52.47707284220448
32.58758758758759,63.09583230332604
32.65765765765766,58.93250211507788
32.727727727727725,45.13088688452707
32.7977977977978,44.966580980026805
32.86786786786787,68.22681537331768
32.93793793793794,57.29126053539435
33.008008008008005,56.521866336234865
33.07807807807808,53.296412102595866
33.14814814814815,63.42843329322314
33.21821821821822,57.841527404897064
33.288288288288285,57.314758751390144
33.35835835835836,50.80144917297527
33.42842842842843,57.33135340778791
33.4984984984985,47.137833553262354
33.568568568568566,55.519434482370905
33.63863863863864,58.73032917634199
33.70870870870871,51.41800305673244
33.77877877877878,61.297018656443356
33.848848848848846,60.947505874434796
33.91891891891892,52.25227938740403
33.98898898898899,45.09235342844826
34.05905905905906,63.8665919623608
34.129129129129126,50.47423828480542
34.1991991991992,58.24269460359303
34.26926926926927,50.61113967365957
34.33933933933934,58.961490092281025
34.409409409409406,51.466541648378524
34.47947947947948,64.21083055907629
34.54954954954955,52.76378831570299
34.61961961961962,62.96826127260788
34.689689689689686,63.64446815221853
34.75975975975976,62.46566267337009
34.82982982982983,58.93844608370723
34.8998998998999,62.12845042244226
34.969969969969966,65.4021130905958
35.04004004004004,52.72585517367534
35.110110110110114,58.75109646055013
35.18018018018018,69.19457763664563
35.25025025025025,57.05268332150976
35.32032032032032,67.74101572016743
35.390390390390394,66.4707862418044
35.46046046046046,59.25904402683768
35.53053053053053,53.550559681070425
35.6006006006006,60.5090806696451
35.670670670670674,67.24400886849128
35.74074074074074,62.2747179742044
35.81081081081081,72.0769281039351
35.88088088088088,61.10668153711476
35.950950950950954,67.14929150549122
36.02102102102102,70.36202617159309
36.09109109109109,58.743412680094146
36.16116116116116,57.79114376272507
36.231231231231234,65.47361251633396
36.3013013013013,49.21340041757231
36.37137137137137,56.51015103686809
36.44144144144144,74.40299949908781
36.511511511511515,62.787832870423365
36.58158158158158,67.5733160176657
36.65165165165165,75.79449028800818
36.72172172172172,65.97881987243929
36.791791791791795,61.88727830189569
36.86186186186186,70.01065414243519
36.93193193193193,72.57541379649487
37.002002002002,66.66764013159947
37.072072072072075,67.90073285735751
37.14214214214214,68.41126107689061
37.21221221221221,53.63317121984229
37.28228228228228,49.81161891251081
37.352352352352355,47.45275779574283
37.42242242242242,57.50171915517691
37.492492492492495,57.37819614081788
37.56256256256256,64.10211524972397
37.632632632632635,62.04373650265385
37.70270270270271,75.61384607943677
37.772772772772775,53.716780076899575
37.84284284284284,49.46014042197602
37.912912912912915,57.641392459032254
37.98298298298299,62.41519345348182
38.053053053053056,52.1764689423957
38.12312312312312,69.80994344314497
38.193193193193196,60.55080808936293
38.26326326326327,64.77448628870738
38.333333333333336,70.90619341936393
38.4034034034034,70.33119111350311
38.473473473473476,60.23454784172591
38.54354354354355,72.99733020973618
38.613613613613616,61.420996886372905
38.68368368368368,67.90380430607902
38.753753753753756,78.73723482105686
38.82382382382383,54.03077208414545
38.893893893893896,68.59275098082321
38.96396396396396,63.79985136969094
39.034034034034036,72.03303687361065
39.10410410410411,61.20292592721773
39.174174174174176,56.50368907332397
39.24424424424424,70.09872437141232
39.314314314314316,54.498398784735684
39.38438438438439,74.31240341953173
39.454454454454456,54.90211428527059
39.52452452452452,68.84912173910475
39.5945945945946,69.00006222303234
39.66466466466467,63.55967168784831
39.73473473473474,62.75835666625142
39.8048048048048,67.19434152701085
39.87487487487488,61.59437964620798
39.94494494494495,64.91387097141404
40.01501501501502,56.907690587204044
40.08508508508508,72.03585418723226
40.15515515515516,73.92489830207009
40.22522522522523,71.13827641375634
40.2952952952953,72.07368779635513
40.36536536536536,68.98449218345795
40.43543543543544,58.974357634817956
40.50550550550551,79.81101562080693
40.57557557557558,71.00674992495595
40.645645645645644,61.67129221014793
40.71571571571572,71.44940554824535
40.78578578578579,62.671124990162866
40.85585585585586,49.672531931912125
40.925925925925924,69.5921382469707
40.995995995996,68.11665247443841
41.06606606606607,73.34528515607555
41.13613613613614,67.76191748573146
41.206206206206204,67.73257457113911
41.27627627627628,71.38096029788095
41.34634634634635,79.58755982961924
41.41641641641642,50.39854980584572
41.486486486486484,66.68572450904408
41.55655655655656,67.84955377418544
41.62662662662663,67.50342414885654
41.6966966966967,66.7351700579867
41.766766766766764,65.16612440308175
41.83683683683684,67.43006580868614
41.90690690690691,61.74214659820131
41.97697697697698,61.514621166667425
42.047047047047045,60.06997180734881
42.11711711711712,66.46293193457488
42.18718718718719,70.60784242259213
42.25725725725726,62.145099207011036
42.327327327327325,67.14941552290323
42.3973973973974,57.567413458337874
42.46746746746747,63.74211855848881
42.53753753753754,64.73275117465441
42.607607607607605,61.98531464934435
42.67767767767768,63.3842574933419
42.74774774774775,73.8709657811302
42.81781781781782,70.31323167864076
42.887887887887885,70.78001567028991
42.95795795795796,78.14505022968717
43.02802802802803,66.77849839308625
43.0980980980981,70.47679168501155
43.168168168168165,72.20348356532949
43.23823823823824,78.89821204490117
43.30830830830831,63.01860821356241
43.37837837837838,61.197685123639594
43.448448448448445,67.2521830405253
43.51851851851852,64.95136930653013
43.58858858858859,59.15858456263166
43.65865865865866,73.61903068086389
43.728728728728726,65.33798825006025
43.7987987987988,68.7667489132917
43.86886886886887,72.89305350326123
43.93893893893894,81.40270142148566
44.009009009009006,69.63936406604398
44.07907907907908,58.9438785665764
44.14914914914915,63.83246896727364
44.21921921921922,77.83608921188346
44.289289289289286,82.36733896223478
44.35935935935936,52.365854176606945
44.42942942942943,65.46683668851452
44.4994994994995,78.26383078271473
44.569569569569566,77.8048404474937
44.63963963963964,71.4238729999747
44.70970970970971,78.84156857121799
44.77977977977978,68.24409348044131
44.849849849849846,72.9757373705195
44.91991991991992,68.56461002090408
44.98998998998999,76.08638893730387
45.06006006006006,75.38856550055354
45.13013013013013,66.29628295254051
45.2002002002002,62.32063490294048
45.270270270270274,77.7580166139956
45.34034034034034,72.7153388812991
45.41041041041041,60.55995912020843
45.48048048048048,82.23160930993394
45.550550550550554,72.22068308606111
45.62062062062062,65.32138562161636
45.69069069069069,66.57299350197131
45.76076076076076,61.833721238343074
45.830830830830834,68.36669895519171
45.9009009009009,75.02542971221074
45.97097097097097,70.31197392692442
46.04104104104104,77.7168850625192
46.111111111111114,83.22883799957921
46.18118118118118,68.59603229131194
46.25125125125125,72.01130570135996
46.32132132132132,65.19511282139854
46.391391391391394,75.77025620318342
46.46146146146147,78.84120497078962
46.531531531531535,67.08449245459687
46.6016016016016,75.42249488403631
46.671671671671675,76.39529250264711
46.74174174174175,70.34311818742648
46.811811811811815,75.72141444125295
46.88188188188188,73.85587625633441
46.951951951951955,77.31746377288664
47.02202202202202,73.19570463492279
47.092092092092095,75.54133587683387
47.16216216216216,84.6808693996807
47.232232232232235,79.04248424902644
47.3023023023023,79.49016718846705
47.372372372372375,83.6555479421137
47.44244244244244,71.21521760828045
47.512512512512515,65.98667644104428
47.58258258258258,68.15575538071185
47.652652652652655,74.53007284849527
47.72272272272272,70.96567197472052
47.792792792792795,82.1098137078553
47.86286286286286,71.48806292308426
47.932932932932935,68.60525088216501
48.003003003003,72.06160973551516
48.073073073073076,76.70193372102008
48.14314314314314,80.0452001664418
48.213213213213216,84.75815483585386
48.28328328328328,87.7717670464084
48.353353353353356,80.17697510944224
48.42342342342342,82.73208450544881
48.493493493493496,81.24426846698503
48.56356356356356,69.12378691285306
48.633633633633636,83.93020231680681
48.7037037037037,82.57547405061023
48.773773773773776,73.91071146365363
48.84384384384384,86.37395646945248
48.913913913913916,79.72108518281999
48.98398398398398,76.821043942839
49.054054054054056,83.34093635182079
49.12412412412412,77.23980266696852
49.194194194194196,66.08719932812062
49.26426426426426,85.90875214465808
49.334334334334336,81.52287568315053
49.4044044044044,65.32384641585715
49.474474474474476,93.50498471492307
49.54454454454454,79.21305683340857
49.61461461461462,84.92144594326618
49.68468468468468,82.00629499743171
49.75475475475476,71.27499653646332
49.82482482482482,77.75690523892298
49.8948948948949,77.57326659028868
49.96496496496496,80.21448092497592
50.03503503503504,82.74962683460684
50.1051051051051,76.4559246482231
50.17517517517518,96.18843341304984
50.24524524524524,86.07352087575678
50.31531531531532,75.04735882286055
50.38538538538538,82.56341091271219
50.45545545545546,94.22135434418118
50.525525525525524,94.64554790990334
50.5955955955956,79.96240683009665
50.665665665665664,69.55903808112397
50.73573573573574,73.33082041770541
50.805805805805804,68.31375888868118
50.87587587587588,76.13041149260707
50.94594594594595,72.75323688690759
51.01601601601602,66.14591543856625
51.08608608608609,90.97820357542462
51.15615615615616,84.30000999879027
51.22622622622623,85.71996578536914
51.2962962962963,91.25376372561811
51.36636636636637,84.46344178490688
51.43643643643644,88.44103952034165
51.50650650650651,88.93285458442544
51.57657657657658,76.09823938805376
51.64664664664665,89.328493530218
51.71671671671672,75.54721903704232
51.78678678678679,69.49772151280085
51.85685685685686,77.49512848237521
51.92692692692693,81.14019651227542
51.996996996997,93.13696672738587
52.06706706706707,85.19494035253172
52.13713713713714,76.21915812857489
52.20720720720721,92.38153159495393
52.27727727727728,80.82308800537528
52.34734734734735,80.62330263770635
52.41741741741742,94.0253251511869
52.48748748748749,76.77799186641253
52.55755755755756,80.15721588449077
52.62762762762763,74.57656687650658
52.6976976976977,70.84477871352794
52.76776776776777,79.1389593013549
52.83783783783784,89.74602002517278
52.90790790790791,94.23081174472709
52.97797797797798,87.41202149638784
53.04804804804805,92.15433490030524
53.11811811811812,79.91983010294331
53.18818818818819,88.9619930765252
53.25825825825826,82.71558784422034
53.32832832832833,95.87409505543191
53.3983983983984,82.38738824552364
53.46846846846847,97.22866636618254
53.53853853853854,84.9293729328655
53.60860860860861,92.59780286046099
53.67867867867868,96.3171369277502
53.74874874874875,98.42694590596004
53.81881881881882,95.45867530228719
53.88888888888889,78.6139000459878
53.95895895895896,80.67680293918959
54.02902902902903,91.83245651680045
54.0990990990991,86.0636621670075
54.16916916916917,86.71025217573967
54.23923923923924,87.09294829897007
54.30930930930931,93.31157646831112
54.37937937937938,96.98878316267636
54.44944944944945,95.58659998853321
54.51951951951952,79.39374337750834
54.58958958958959,80.13892525764152
54.65965965965966,99.92653821320165
54.72972972972973,77.19126893900898
54.7997997997998,79.64233890796406
54.86986986986987,88.37493063102195
54.93993993993994,100.03143477200337
55.010010010010014,82.22198335215072
55.08008008008008,77.43918774181229
55.150150150150154,99.18858222030508
55.22022022022022,102.27315450724579
55.290290290290294,77.26881612599905
55.36036036036036,89.51271157897048
55.430430430430434,81.86493242716331
55.5005005005005,86.17975685171061
55.570570570570574,84.50976784834398
55.64064064064064,93.7236997175957
55.710710710710714,82.45549679905602
55.78078078078078,89.35059476779027
55.850850850850854,89.56898461122223
55.92092092092092,68.0414488995894
55.990990990990994,93.42513595883239
56.06106106106106,95.19971351295881
56.131131131131134,94.3426162564553
56.2012012012012,88.71117197585015
56.271271271271274,89.44387983871675
56.34134134134134,92.23505095991406
56.411411411411414,81.2160399155903
56.48148148148148,83.08299620721971
56.551551551551555,83.69298381115844
56.62162162162162,90.08781261994447
56.691691691691695,85.28208593627504
56.76176176176176,82.96219939596104
56.831831831831835,80.53904460565096
56.9019019019019,69.09111198067444
56.971971971971975,80.95941534955182
57.04204204204204,97.05323704573878
57.112112112112115,91.24290932457461
57.18218218218218,78.83690677564014
57.252252252252255,88.45056833348514
57.32232232232232,89.39224744409968
57.392392392392395,94.69355840838773
57.46246246246246,84.94960565183727
57.532532532532535,105.60416568628689
57.6026026026026,76.3045159969803
57.672672672672675,88.08324843183482
57.74274274274274,86.2682294068685
57.812812812812815,85.86012157321699
57.88288288288288,92.01314948145101
57.952952952952955,85.75629979960392
58.02302302302302,102.46844837127067
58.093093093093096,91.90543906996955
58.16316316316316,93.34477853877749
58.233233233233236,99.26302236957892
58.3033033033033,88.23562644217837
58.373373373373376,84.82093210642851
58.44344344344344,87.71359668566514
58.513513513513516,92.14033418697106
58.58358358358358,99.45904644201448
58.653653653653656,94.99177928568096
58.72372372372372,92.47465385145674
58.793793793793796,93.98183319349927
58.86386386386386,85.2642379806125
58.933933933933936,87.9699391678973
59.004004004004,107.31722880969907
59.074074074074076,95.35239309896481
59.14414414414414,79.5440300185126
59.214214214214216,93.98263610339627
59.28428428428428,100.2427668083686
59.354354354354356,98.4896030261515
59.42442442442442,106.06974252232762
59.4944944944945,96.23280648172165
59.56456456456456,84.97433906937664
59.63463463463464,90.86570454691834
59.7047047047047,94.80162148985836
59.77477477477478,104.3181679342858
59.84484484484484,96.67083156513914
59.91491491491492,79.5579614281551
59.98498498498499,96.79028959212037
60.05505505505506,95.91035920481134
60.12512512512513,99.83134283942516
60.1951951951952,105.68532227348805
60.26526526526527,97.62051992298156
60.33533533533534,90.55596631331007
60.40540540540541,113.70815343031933
60.47547547547548,81.04840508414088
60.54554554554555,104.71320897103361
60.61561561561562,88.85705075820329
60.68568568568569,85.56182421454025
60.75575575575576,92.87121212080714
60.82582582582583,97.30069679246253
60.8958958958959,94.9308163933104
60.96596596596597,100.73963380345292
61.03603603603604,89.93631441944412
61.10610610610611,104.5154242703311
61.17617617617618,101.56284958911837
61.24624624624625,91.67336558146766
61.31631631631632,103.55540446236256
61.38638638638639,107.58296892254337
61.45645645645646,87.65232939593005
61.52652652652653,104.21154787965597
61.5965965965966,91.45909141175085
61.66666666666667,89.70152845067223
61.73673673673674,109.72218417895942
61.80680680680681,89.47022511797717
61.87687687687688,92.66250446925088
61.94694694694695,92.383806862988
62.01701701701702,85.47322729740682
62.08708708708709,95.12846167652884
62.15715715715716,103.46098161053948
62.22722722722723,86.61978161874026
62.2972972972973,95.26486285174602
62.36736736736737,97.9432138192637
62.43743743743744,93.13040868853224
62.50750750750751,93.28675698280998
62.57757757757758,96.83676895005637
62.64764764764765,95.39917849379275
62.71771771771772,77.30342029072222
62.78778778778779,96.05551305289487
62.85785785785786,108.34338734947876
62.92792792792793,103.57994137562642
62.997997997998,94.30071039215053
63.06806806806807,88.59957350091626
63.13813813813814,96.53172311986911
63.20820820820821,96.99689947896438
63.27827827827828,92.55690542478705
63.34834834834835,102.47289848231732
63.41841841841842,97.78717890552096
63.48848848848849,88.82318292845623
63.55855855855856,99.81686551211679
63.62862862862863,98.47272386712456
63.6986986986987,94.81239326549104
63.76876876876877,90.8088144579811
63.83883883883884,101.59508846008872
63.90890890890891,100.40667423643399
63.97897897897898,106.90750133453578
64.04904904904905,104.28697867730334
64.11911911911912,99.25379630304393
64.1891891891892,89.80145797466035
64.25925925925927,97.30011002577555
64.32932932932934,102.15964032180501
64.3993993993994,101.54842868587382
64.46946946946947,89.39118193338862
64.53953953953953,111.60707233447263
64.6096096096096,100.97332027565419
64.67967967967968,101.56670636781655
64.74974974974975,88.3199754088856
64.81981981981983,89.22782622326613
64.8898898898899,94.3534627906953
64.95995995995996,113.07947554887775
65.03003003003003,85.71987543631117
65.1001001001001,100.59557953319737
65.17017017017017,103.18894320818933
65.24024024024024,94.3700150041004
65.31031031031031,107.78808500117204
65.38038038038039,98.07339053349317
65.45045045045046,95.89786380866467
65.52052052052052,89.26109552935381
65.5905905905906,93.60235625476984
65.66066066066065,102.5483367989654
65.73073073073073,102.81043339598395
65.8008008008008,100.59107047159463
65.87087087087087,107.26757170900581
65.94094094094095,96.63224118206627
66.01101101101102,107.04490336615295
66.08108108108108,91.41754241587108
66.15115115115115,104.64292329875946
66.22122122122121,94.49839780559456
66.29129129129129,89.14931297530578
66.36136136136136,106.23170875247727
66.43143143143143,104.23034325713542
66.50150150150151,104.38782131000511
66.57157157157158,110.3177780024527
66.64164164164164,110.57808437242036
66.71171171171171,91.6813424309519
66.78178178178177,109.00055250658916
66.85185185185185,113.42060584957726
66.92192192192192,105.45511518333535
66.991991991992,93.93226957366991
67.06206206206207,119.663824436109
67.13213213213214,91.24633502806624
67.2022022022022,104.97305224384259
67.27227227227228,100.63023481384822
67.34234234234233,93.4073004669915
67.41241241241241,101.73780456263643
67.48248248248248,94.10238536202435
67.55255255255256,113.22218124763234
67.62262262262263,103.88816298855686
67.6926926926927,113.88512701096806
67.76276276276276,107.86157970711858
67.83283283283284,101.10025404262467
67.9029029029029,112.32494321645723
67.97297297297297,93.29019043353969
68.04304304304304,110.65603621304022
68.11311311311312,92.82502972981929
68.18318318318319,116.61902427564098
68.25325325325326,121.0604018550149
68.32332332332332,109.76527779441307
68.3933933933934,103.715932537422
68.46346346346346,102.58983522509473
68.53353353353353,110.76378714029424
68.6036036036036,103.77168164357889
68.67367367367368,101.93754688243453
68.74374374374375,92.37420343373711
68.81381381381382,96.4330031578443
68.8838838838839,108.47960923169488
68.95395395395396,104.03211549463299
69.02402402402403,105.80765506689575
69.09409409409409,114.91415583371659
69.16416416416416,93.7230628950976
69.23423423423424,105.95138633552907
69.30430430430431,102.4423488131382
69.37437437437438,114.25010803658361
69.44444444444446,115.61155046270366
69.51451451451452,111.20210070790404
69.58458458458459,92.89910717825906
69.65465465465465,111.02539944655959
69.72472472472472,96.900800088468
69.7947947947948,101.02265463381374
69.86486486486487,113.25416063929488
69.93493493493494,106.47052097569104
70.00500500500502,104.96648215711905
70.07507507507508,104.57941048661644
70.14514514514515,102.65859539898644
70.21521521521521,120.8646407199111
70.28528528528528,104.56064832946981
70.35535535535536,105.35488066123833
70.42542542542543,101.69839172694175
70.4954954954955,116.7969328694999
70.56556556556558,113.34003401629073
70.63563563563564,111.96096782385511
70.70570570570571,100.78447649754091
70.77577577577577,112.73619233110817
70.84584584584584,113.1292518867662
70.91591591591592,116.68034500842289
70.98598598598599,100.58541101122354
71.05605605605606,118.61571909029188
71.12612612612614,108.40641837209219
71.1961961961962,104.41853631912308
71.26626626626627,110.78290967251955
71.33633633633633,109.76404961051001
71.4064064064064,103.26608692621498
71.47647647647648,109.6976341031509
71.54654654654655,111.88092246405232
71.61661661661662,114.69558938505291
71.6866866866867,110.94286228002903
71.75675675675676,115.31380292088444
71.82682682682683,114.58483908581564
71.89689689689689,110.31832548149961
71.96696696696696,116.80873010616509
72.03703703703704,105.40801389066777
72.10710710710711,112.90458366122311
72.17717717717719,119.89576699178427
72.24724724724726,113.61765376953853
72.31731731731732,112.96754272847349
72.38738738738739,109.30870359737206
72.45745745745745,107.28132249282696
72.52752752752752,114.51921852923728
72.5975975975976,111.35851275089239
72.66766766766767,116.8367246342627
72.73773773773775,125.03889357981173
72.80780780780782,113.21759978723787
72.87787787787788,108.54946705108475
72.94794794794795,110.83146065225651
73.01801801801801,118.94461322820051
73.08808808808809,109.03982301651659
73.15815815815816,114.51370519032349
73.22822822822823,131.75664827368388
73.2982982982983,117.87583356218467
73.36836836836838,100.23170291008933
73.43843843843844,106.55949874424061
73.50850850850851,112.87790981775036
73.57857857857857,125.7283063990084
73.64864864864865,104.72040833538018
73.71871871871872,121.19784103988664
73.78878878878879,113.98951893674985
73.85885885885887,120.929493676034
73.92892892892894,115.96399085505583
73.998998998999,110.31688205584246
74.06906906906907,122.45641409619792
74.13913913913913,116.06357064761292
74.2092092092092,123.74017403875598
74.27927927927928,110.47762636297765
74.34934934934935,118.18475791165196
74.41941941941943,101.53103375753417
74.4894894894895,108.34782864282455
74.55955955955956,112.03929549203616
74.62962962962963,117.4242703689017
74.69969969969969,113.94916585915338
74.76976976976977,123.06877983527028
74.83983983983984,104.37104222070298
74.90990990990991,107.42270196216403
74.97997997997999,114.3422696284401
75.05005005005006,125.5509756394386
75.12012012012012,104.43736275976113
75.1901901901902,122.74262661739091
75.26026026026025,127.66403263173164
75.33033033033033,115.2179728257359
75.4004004004004,115.02593539491825
75.47047047047047,112.23641980080798
75.54054054054055,114.5427821705298
75.61061061061062,102.39613085219395
75.68068068068068,111.7376030276934
75.75075075075075,131.60490142417459
75.82082082082081,108.24698700400852
75.89089089089089,123.34879262439269
75.96096096096096,109.87127351604096
76.03103103103103,114.444850989691
76.10110110110111,118.11296328817852
76.17117117117118,112.82297410319643
76.24124124124124,110.35835716580551
76.31131131131131,108.11279016907038
76.38138138138137,115.9841172828284
76.45145145145145,110.41880899773787
76.52152152152152,130.18530401272236
76.5915915915916,114.81874478387952
76.66166166166167,115.45513953237376
76.73173173173174,116.46233735398641
76.8018018018018,110.20790820403238
76.87187187187187,131.1745027684625
76.94194194194193,128.0124897644066
77.01201201201201,124.81043123974811
77.08208208208208,109.11669283610355
77.15215215215215,121.3352478309117
77.22222222222223,123.27592830144481
77.2922922922923,130.8751636566929
77.36236236236236,127.0859540033458
77.43243243243244,119.94831816540933
77.5025025025025,122.906179571115
77.57257257257257,119.0130646403389
77.64264264264264,110.50744261634271
77.71271271271272,139.74332329284883
77.78278278278279,117.67169552807098
77.85285285285286,118.72751643268012
77.92292292292294,107.71744159841916
77.992992992993,118.7820410298892
78.06306306306307,116.63923074849814
78.13313313313313,125.5709366365207
78.2032032032032,122.25123738915084
78.27327327327328,124.69482236336499
78.34334334334335,106.08176231848837
78.41341341341342,115.34466373409482
78.4834834834835,127.62612876207376
78.55355355355356,115.14180294408281
78.62362362362363,113.20477504246178
78.69369369369369,116.84802480688931
78.76376376376376,110.4905419897419
78.83383383383384,125.9984578325031
78.90390390390391,108.48341376544587
78.97397397397398,120.40845813952623
79.04404404404404,122.72081185789676
79.11411411411412,127.83204176536726
79.18418418418419,119.18982620639564
79.25425425425426,143.71528377229
79.32432432432432,128.57636517007145
79.3943943943944,128.2388527459655
79.46446446446447,117.6236669866328
79.53453453453454,135.11700610917188
79.6046046046046,111.37698920985218
79.67467467467468,123.87476172572308
79.74474474474475,120.51777500661797
79.81481481481482,115.78792443331405
79.88488488488488,112.45563392904636
79.95495495495496,120.88698560175978
80.02502502502503,130.35405133968848
80.0950950950951,121.79173683918167
80.16516516516516,131.0246249330558
80.23523523523524,115.1926627756064
80.30530530530531,121.39995019146123
80.37537537537538,125.34062850952537
80.44544544544544,120.54578928152422
80.51551551551552,123.745485098132
80.58558558558559,112.33586267460807
80.65565565565566,127.46400027245376
80.72572572572572,115.2800953894528
80.7957957957958,114.54009137462889
80.86586586586587,108.19357183847174
80.93593593593594,117.14358233682859
81.006006006006,124.78460634511953
81.07607607607608,120.01617058264624
81.14614614614615,123.82969178278346
81.21621621621622,131.90933229313646
81.28628628628628,113.92353822311942
81.35635635635636,113.17201239031463
81.42642642642643,126.24116822261452
81.4964964964965,125.35870713845766
81.56656656656656,121.60832558797857
81.63663663663664,133.71368635891378
81.70670670670671,116.15933530035231
81.77677677677679,120.53201785353905
81.84684684684684,125.19294444404234
81.91691691691692,126.94344512673412
81.98698698698699,135.40132341461725
82.05705705705707,114.75572395065211
82.12712712712712,114.55049170196416
82.1971971971972,121.04435896752231
82.26726726726727,120.90965162914136
82.33733733733735,120.84913223858018
82.4074074074074,135.2913786232183
82.47747747747748,128.84373244313457
82.54754754754755,124.59430510440313
82.61761761761763,142.00418329468903
82.68768768768768,124.67231539055634
82.75775775775776,123.79394553452708
82.82782782782783,117.94572308368458
82.8978978978979,135.1004347685599
82.96796796796797,123.92002666641447
83.03803803803804,132.96493949510352
83.10810810810811,126.80895945609828
83.17817817817819,121.38561606600754
83.24824824824825,143.65755654966114
83.31831831831832,118.16427651557446
83.38838838838839,129.0004636624328
83.45845845845847,118.12535202683091
83.52852852852853,124.10141280245662
83.5985985985986,136.94674579139155
83.66866866866867,136.0753022638602
83.73873873873875,116.49119258655043
83.8088088088088,122.90282101457638
83.87887887887888,124.00190780462205
83.94894894894895,140.89400900522014
84.01901901901903,132.11250000563004
84.08908908908909,123.32947569523613
84.15915915915916,124.22026116461953
84.22922922922923,136.85610891460928
84.2992992992993,144.72441394034746
84.36936936936937,134.1423528265945
84.43943943943944,123.45788937613297
84.50950950950951,132.78374873873022
84.57957957957959,137.50860332001287
84.64964964964965,124.50109545614032
84.71971971971972,126.1542995137591
84.7897897897898,122.29949686926145
84.85985985985987,130.36541074606345
84.92992992992993,133.4962436631263
85.0,121.19342922517357
59.01151636624453,165.86662967920873
58.13782451393904,162.10124087476467
64.70079311657356,165.51700355902358
64.01454899414283,164.3267221140168
65.70633809889378,168.83017255647331
74.35298528200605,169.66334775719025
57.17011152599732,169.82324900658847
72.52294261684516,170.61640187805634
70.62162396897496,187.4296342460818
58.46933539853994,175.2460312790785
68.38316940981532,170.21725390881977
70.67392904024437,166.30225142162038
58.77579496792608,182.30649095577704
65.62273603740141,176.8212029633969
61.493310886843076,162.49411513756442
60.950027290796044,181.7420406786834
57.24328639698095,165.7503672013239
61.05384475130414,170.60535364254844
71.8248182611626,176.46878382933912
74.43728216767245,169.33471181747103
61.301566676195634,168.2244175496852
58.4079707999538,163.89631454177447
67.73068846813669,174.04247941752962
70.6677441352217,164.01371189555638
66.31408968003714,163.7816532538572
66.34093426705233,168.48918781424777
73.48290729337825,169.7853954365854
66.30639158252862,170.96375433085768
62.490105452255605,173.43944440617162
74.46342091807433,173.0164456881507
56.83022699017263,171.01151783924323
61.56843409104469,168.41394358168702
64.97641480962497,172.9070388828712
61.26978061350752,169.95921052895216
66.81418217055457,166.98956826062852
59.93621595736985,172.9085972054212
57.703371541282145,167.99445498155418
56.789172103958805,181.4149549892919
80.2839523065934,172.77776853716782
63.18008979341316,173.9685213324061
77.50696482069422,171.95402759024427
64.50934208365913,171.69541011748706
55.98310016846597,170.16627844963426
53.52604779961134,167.27714622949443
57.26758443536939,168.4587264539374
68.10248898761758,164.4417098057676
68.22586962452856,176.1741321397673
50.587324985446934,174.82333357188242
72.24909043401121,175.21270260125746
70.15859826353913,164.5709488908755
68.22370011355216,166.7817030418989
70.34175415174138,180.40651671840465
64.51432416152406,180.72499982153067
62.6368036284362,165.04897429012414
71.13405676741873,175.69542267686663
74.11403435379631,163.09382519589454
71.48605216098859,174.90643314660701
54.01841475065007,173.47492737531346
72.0855271236566,169.88528024837544
66.12782758380148,171.95003446657898
53.64527489972323,172.34999516657285
69.3273976152067,158.37770793430184
63.4979807406696,172.22061082489788
72.30690166567226,168.6655860749446
57.43564995908639,175.37741789880948
62.49158159517811,168.21730511231289
63.04162810960757,174.7615023635637
71.30244715153906,170.13374386334442
67.17693581314543,169.71999516121585
64.0273941576514,170.30574011159234
55.20973456697838,170.23750767101407
71.57531593665979,169.0679219256383
63.91567930485472,181.95429083625916
59.10821488020036,168.41806574030144
69.32310223879016,167.03815221440837
60.48598956370542,165.84650948533243
69.62027455612296,177.91200921916274
58.6728831874658,169.30112451969498
68.55658479705733,168.87203190728363
68.06432658611097,170.97958185937196
64.50485108110942,165.2727585158603
56.55266631438777,170.04434197860223
58.28757475846675,178.3577248063138
67.61648322760558,167.59135171413658
69.45587267876742,166.95231623203776
64.48968962333741,163.4844758299687
64.65309882310387,171.1768719671422
64.33295695413004,168.77182304504532
59.244994598032946,175.87690892026316
71.11195067207615,168.94770408921985
61.74362420705065,166.115903633598
73.62181572518435,161.86012623560728
68.39313253540256,172.94166030781346
67.97574255037537,166.35224560611206
69.57521746504048,166.9416237305471
62.34165887485408,172.63037868191174
65.42199346564534,167.62973632137778
63.94133079888835,172.14687725256238
67.99532540797006,167.44339057364022
58.96044618981041,165.45144772698643
61.64616948732226,165.70731470924002
57.58096781487542,171.17115283405647
61.81416876157121,157.55298142450272
73.7285667428385,166.1380655811522
62.81602995784458,169.8626831445244
58.07624087396239,164.23651070097074
56.79050408223281,162.47766721210917
59.45807110619548,167.9183892492613
72.12691364219698,173.50386589853522
57.813848896368405,166.9372817721814
67.31916997748985,172.64270672166157
62.90370724591842,174.13743958178637
64.84281434348166,174.05803717732553
54.94147829957168,167.67640427466895
67.13384417691034,161.79576045471882
64.82639639229663,171.8180716610435
62.43624911239436,176.64809790795283
62.97397260020015,160.7877572688239
58.35452994520826,161.22037883502506
65.27284391601931,170.8866075787237
68.0867196647647,177.36401973495828
60.72186426508913,174.92389704696308
66.90879662224917,173.93985319527704
65.29510325461118,176.14552725579804
62.08906006424862,160.4013282553074
76.26537332899227,168.28227557770725
61.064236308903396,166.88639397899303
63.142219378566246,168.18243075076046
62.90505115692673,175.85829953943454
66.40306163207282,163.9948646324027
59.23224987909532,177.293574050829
58.67056014987964,166.48775264648418
65.09040240085747,171.29367516122778
56.20172307637549,169.29611430312787
76.76686364615392,161.4250584915766
60.75007684385105,173.81972843479946
72.14386062836996,173.09784307645518
62.82916811243453,168.437051151996
67.10051402970576,157.45147304918675
68.64116433283407,165.77979640000353
65.88904107184077,170.5280196088902
59.30775197629261,165.97344469234608
74.1171550356443,168.37224227963281
65.61780738491876,175.6953824541743
69.62108258036896,176.36190079873626
68.43303083771266,161.87955697520903
77.9074366506519,167.79837519370065
72.50876093133235,167.92671796425503
62.810307348166496,169.3819485927925
64.93746374262825,167.34004606612675
63.61310040463781,163.91711283603647
65.50963911876518,166.82217681085922
76.95885440960703,172.55491789777926
62.491163981626784,167.68346554883516
65.99173086543604,172.49613069763666
64.14440671245171,170.439089476343
58.86562593577299,165.25156043609306
67.08997039957593,169.3412917322252
61.58824156056419,168.49475695555202
83.04101347234626,166.37005535958176
71.10129022731076,174.3750314548677
69.82340245982552,164.5602703518653
70.84380050082265,172.34255898758036
58.21811758791428,173.68122326581374
59.438705014634266,168.1646662140368
62.095585190089174,173.648022167471
65.3157540786125,165.65416799621752
70.28518673554355,175.6019657731225
58.208239027619626,164.92140130771207
68.8879928998008,165.3177859768176
71.24802041677984,165.61885090985274
72.4660383208711,175.04927783068072
69.01629199917019,168.13658212629903
79.1503467986972,173.00288372841925
56.229462805908085,161.0129502839231
62.65958623949895,168.87436188349574
63.21542444529426,159.6491986772418
67.24885361590478,168.34053680180642
54.82705846388198,169.80825255905899
66.06146293319732,173.01920917293785
69.55052505250302,165.11995530507983
64.4464616009567,170.0306063132873
66.59073144770178,170.47396714663432
72.92996154881787,172.13286354704678
57.26796233166934,172.78338748309025
67.39318790670237,174.21982857761986
81.94306766777324,169.3313924069031
60.36747869227164,164.86193510824296
68.99558043111564,172.88678141484337
71.71044502334686,164.86712775763328
67.50884888931385,169.77488685870568
64.92610033594161,167.6860846352818
61.77358604895,164.2569791389589
60.41334018987262,173.68962935090386
63.45057389239147,166.10296965258857
69.41032027604624,170.09059719446424
74.63689722198924,178.4022556886981
69.49733698171366,171.73002244807347
70.19564002430697,169.87366370518157
70.40646335368935,172.4816813478062
59.17705111113048,172.01514810510912
59.39187803924888,161.92665854867883
61.988065755081365,171.86851624168162
66.16321048732466,171.67888459218779
67.34087649549599,163.24473958507951
59.08128451841514,173.83605639372726
67.38448352253774,164.97240998190435
66.11440892277342,159.01667064012923
73.05551187786838,165.127536883394
65.7312088079733,169.14141465549218
59.90771017966934,179.05379057549632
64.42558160648137,183.63384338565805
60.15702197374368,170.84359264838585
54.233978798158745,176.5358562901521
64.14519176621093,171.5426613256068
60.614755430046124,165.34692389184406
56.46026476663487,171.13314300868757
57.738092572811006,178.74816329655357
64.08412143228453,171.02060479710556
65.40536290930193,164.95041010380544
57.004490581879956,173.92109243262456
64.31090811061736,177.1081086645384
65.83204483452941,168.748765853885
65.74247512919368,172.58060225817414
65.95022260187943,170.6503486266717
65.05701302796544,169.61685594759118
58.68026200929442,166.99046514994123
50.490237194795455,172.74838245040198
63.166893451560576,177.53977157765053
60.131984604756106,175.12797181629747
63.9279422608301,168.77059292770716
69.2316629768578,170.2498028880805
66.85071769626921,170.12288646766504
64.72816206074292,170.2106275706732
73.0372088994498,171.08727441540603
66.96755543665009,167.3071774362339
70.79642552804918,167.59321959546344
63.97448953408621,152.58419657523456
68.10925690243008,181.6994414947632
58.26698785615318,168.76722467735533
63.591872678168315,176.63615831372937
68.494494261188,166.11554203104944
67.6516905682473,176.58684034287032
61.11318738498829,164.61209853276037
74.76585780363158,173.18994530105255
66.9596113408263,175.98190062701954
67.81703085884432,166.5402207623959
65.16919272268854,164.2768150875338
71.0499050044828,171.63825499239417
63.81992088360899,171.12536368532295
69.11149089101526,165.66274261614194
69.29423852243892,166.21349836787442
70.26692787794093,173.3254288479406
71.75273938462749,171.6208168326322
64.33043435215752,169.92230234959283
60.56162234548545,167.88729533507478
73.5644198190749,165.5164593878542
64.43629034123751,162.79756423041434
64.26221956935646,168.84958723723886
69.85145404442548,167.8153894146115
66.22564345552166,178.6971920783024
66.45411539488673,172.3079270417754
64.08591107035024,174.3348225221792
65.32610440269988,173.45100282619106
73.69630768751627,168.58325952110602
64.58026985510634,176.07574837371055
70.44954898649236,169.9895651786226
65.48269135435189,170.33050326913323
69.22549933932541,173.5192137389957
59.111331563765816,172.5351950552349
67.9864483324023,165.93004108287982
66.62402711928364,176.90361939770867
59.17725699498303,166.4312780939475
71.05792845992366,168.48799781113797
61.87747026395322,168.13881944505098
66.5630879124677,168.31135900670526
54.010626754728875,170.38288499392806
60.7250320217068,164.35579263966565
69.4184370978348,170.7162044521673
71.17466642934646,178.22901842901948
62.78886488509448,177.3124392039395
73.7339116585643,172.6624856081129
61.303271876240046,170.7112586294273
67.66746459040112,178.71126950396297
73.16261918606536,165.184934110954
55.24864316633198,183.39220080835364
59.40540683724866,172.37452538164453
64.71403096087455,175.60090373570884
66.72660590818975,174.0625647577225
62.77608268789963,166.127205299172
61.7741270976975,172.84488022975367
54.1558346357651,173.74140796652202
66.75672928272243,171.25757877096547
63.83000875313485,176.50077420215746
65.17516131122457,175.02554917357998
71.82194802573417,168.8917806624746
56.50980201146247,175.20468356755478
61.89312742437319,178.7271007627038
70.11822756839906,168.15612397917008
57.46133911417511,168.55590483840774
59.6661919825016,165.15675254456235
79.82102334011044,166.6477920946179
56.98844807841545,164.5266922756958
69.5140522478108,174.0208588968688
60.63921720626484,171.08743917145935
74.86559053429258,177.09208136072044
62.96247214685509,172.0629528741082
60.461040905941594,177.28655513639148
74.70230282000442,168.52836497244215
74.60506772494452,178.383007106016
67.92448123428171,169.56668271977915
53.85790914642149,180.00613354737985
71.30527408367442,171.36112764755956
63.475363068492605,166.01320204535887
61.597145704675604,179.6961644578459
55.260738413498,168.88124021147033
78.57465056586867,161.01242841078096
63.56307529620635,177.7086210399045
68.1563777595262,171.68057960119293
69.4878023454746,169.6889517055116
69.28188924057777,177.18272268431798
63.80143873224326,168.82171930571548
68.15362201552702,167.40827213741645
54.54225732313347,173.4416578116987
66.31902897179474,177.3567022908292
65.27235662827651,170.25071349606583
61.7623043860413,161.48196537468607
60.86697675926372,165.4003075506641
69.57747228037273,161.6835380501439
66.3553224819653,167.96595065328117
55.17515699424901,168.54622718854515
67.36672145203907,171.26795929712242
58.62587003711373,168.84770715974673
67.61818369576567,181.75136856738038
62.60764753637638,170.96367931994914
66.39605769217403,165.42394067122655
64.29312954839703,163.94136879557843
63.8966009582865,169.5543831447132
60.99034283905376,168.75019001213852
57.00559460543988,170.3851012167452
64.02637811657127,171.3755731128175
59.420438993268554,169.93281755871357
59.16773606977787,168.21792855436243
69.2281570335261,175.68426973541247
70.3208225738293,169.53626931035643
64.87460103389492,175.3395011546632
68.47445404747602,168.22465434611848
56.22740573515061,183.25634333450617
66.52449710021992,172.76065849382255
66.71034812848667,171.4385085000058
56.48483403917413,166.14298530877952
70.43393064696069,169.39196161780154
65.54542472456673,168.99517082801245
68.52471357364973,165.27540626042236
63.74815143539397,164.70099636650423
69.25083137900356,164.01959130404464
62.59733475383267,166.15380567597188
63.30559637818367,166.49782695312678
68.22379924936943,168.05747325238124
58.54782979160862,167.64767510426705
55.436172725151984,165.3946394756661
64.76780706939206,180.56359594367675
67.3863273052809,167.09157916280162
62.31670662936291,179.69638041655014
59.96531702653311,176.97177148737765
65.15641431416894,171.4041176187752
61.39161788778515,176.21781127929947
64.69186709810451,171.238931089725
61.44284394464709,172.78282630678225
57.81394982724171,172.74639947330996
68.71074032333826,176.61876665130052
74.80025020742877,176.96081818265188
68.3382053957043,173.01856710471057
77.83785377715517,174.48466139543973
60.952136336406156,177.41250344508288
61.425603079143535,169.07370839023716
79.23548688675862,176.84426585853404
66.74745668668697,169.09110031764365
58.19709787817328,165.1541795576783
71.79628856028589,165.9904477958365
72.72392296777491,172.41466179004445
59.97806328538745,170.092689319275
63.09892273735278,173.91316171423207
67.4738306696139,175.1314064078535
74.04285571104842,168.580883639617
59.93861139239583,165.5402726521075
63.186972298316334,181.31130876423336
61.959651177057054,165.42630871574437
63.71340787545711,172.120287456454
64.53200342789073,169.30905652914143
69.19768786838651,175.74891533774473
56.635685483588055,174.55236910902022
70.99508950202865,161.42179692246714
78.95710251649098,175.34484108874986
68.2347435409367,171.79937148398778
61.24379073710129,176.1012397532168
75.91958483491123,166.34705919389046
72.13171962927724,163.37498317559928
72.3260588020764,167.166528787159
59.27293398307374,167.73197582879868
70.58733373515219,177.14192734755946
63.54057076357477,166.32500516738148
71.018633204391,176.04363716387982
77.35146459770881,176.73929872309773
80.18663524781236,168.28733830290386
60.936402089606545,171.5570122166629
58.52039098979381,171.88491928909747
61.308153827590985,166.6617411468659
70.10397026255048,176.95748464725028
66.52978059483682,173.28217294233514
54.784636407162125,159.95448914605043
76.55343993425399,170.03502136586505
61.656130830347415,165.07043475995764
66.72233687288015,170.71095999074998
73.7948744117892,173.52045129063526
71.52243051069726,164.91999500739928
56.00846327136854,171.59934940264333
63.21367456944083,166.92787039562646
73.37872176026879,170.0827260148554
61.531197853438364,166.77388506268497
73.82103428879499,178.72152845170453
65.03621404915462,175.7646004562594
59.98608276596022,172.89777622649453
61.19394568223543,166.7936593286463
73.30079676828282,174.8040092966745
55.81995442297622,172.00564935966554
71.74186518452544,172.25146049390756
69.93868418288235,175.81516506818417
66.95934363753669,170.20161588914996
72.31970835944097,167.8832978347865
62.16596292634525,161.87709214058987
61.78208441619374,172.80229866213648
63.574681122112885,164.5397049179693
63.56444580735095,170.2219840843521
61.27897349627355,165.99844691193425
71.05513070550755,160.3014339367071
62.24925171653052,165.49265076185898
64.77275587671946,161.26544325549463
62.00499090070457,168.50037175033142
61.18969566769855,170.59241964207197
61.994981347789036,163.59260685794774
62.96062562847384,175.93865777768937
75.27895139857944,175.48014484741475
67.63797053658018,165.32524268091058
69.06208610486178,170.38458974367495
60.75368120507495,173.44219964428584
60.040088857716185,176.54194109204917
61.375231604163574,159.58910810026185
50.74704381713491,173.50813382998987
61.17682887541881,170.56232070387713
63.33117438267949,164.93316313492016
63.29642306351353,171.0258194900038
70.74666834223598,166.97920839307494
68.00812425634464,175.59481313277172
65.40314611225482,170.90568373487068
64.75678921244443,170.1868395666527
63.151808747631435,176.51885115896079
76.28202651497959,169.23163491047885
62.024486512740566,171.36796390695088
60.3908508722052,173.94791026772762
74.74792615482524,171.25082522447028
66.4628889780845,170.66651884261248
61.852449112516396,173.28828196448183
61.34664689329638,172.8341757389517
60.9526927407946,168.31959223398906
63.41172097651881,182.69039527742677
73.21919505700015,166.27592042678108
63.67548519947643,174.30540195230003
71.4375653825883,170.77741411778368
70.31266225225711,181.92635579967933
70.25606641502688,171.38513079665833
65.0594839506588,171.43092094187247
63.41708667649376,172.19857812776667
68.07632050668394,169.64298537103159
55.68693214902663,171.53108412175507
66.00146059064451,171.55003227043525
64.32759481280547,171.60558392521764
63.11075636642049,171.58043682020616
58.978145135029465,176.12595562992436
67.67121972796551,174.04130702759784
63.329820192283584,170.2244102240307
63.5089726115814,176.79712028830116
64.29661436373148,169.70228375485615
74.16324857758603,177.14375671299018
60.78258294756283,167.5759999273729
58.06772596515826,170.12627038663254
59.156256136397495,161.77589175243855
61.88326634088408,169.4112274667255
68.36749703829416,171.68315358545476
67.0058760211116,167.2734324455174
73.547469335966,164.60212939319615
74.63815940473972,171.9947399405476
64.13547754222971,169.54950424811534
60.837859833481374,170.43916522458053
67.78261904887074,162.17682294723903
69.06584310502458,163.81351994436835
59.0760887128733,175.88999034627707
76.08716341961014,174.54033133917437
70.77994158634007,167.7323959406748
67.84693222999933,170.73480113002935
63.96437125631806,174.25794600337048
61.64554769575943,178.92170269604762
61.90378806382696,171.06316743682822
72.59596882035993,164.9768156458923
63.6115859812952,175.45453747855558
65.03033573600723,170.50694714529817
63.0409092359118,152.23624459511183
58.66026205540466,174.41590101834905
60.898346523942344,168.86324418204373
62.17276604772738,172.6112197702245
72.25059237824472,161.4097895289665
63.29490681214376,174.36273172317632
62.97460624961105,164.42680878749337
58.8253240864949,175.03251711827173
73.32758701613317,168.91742294818548
65.35045931175301,170.77980542267025
66.99784039679301,174.06035051622487
69.21006561302649,166.99282387846196
57.76183524380699,171.74306309181176
70.24861078367857,173.04817961057955
51.36934598146792,160.78715965922513
66.94432704444651,177.76437231182135
64.669767220509,174.622207293452
73.8826518376336,164.53651932168017
63.209424824932725,174.48082583760657
60.294745440453745,159.56966390541163
72.64408151082473,163.81806358949643
54.21245461760188,172.54814192775342
62.41510815300707,163.31812133769475
66.49261207067626,168.94301780090538
64.99689327227173,174.95491072002494
62.017371029315164,173.7608655058712
62.381014043285454,165.36071937214587
65.71166703346553,166.15599289847185
59.40570460172934,174.58065114450497
59.184850228239206,169.90073256268124
61.268504866866124,168.02322158436596
69.07028882582233,172.0753482191213
67.96847252960643,166.93971660201095
61.35866805901243,169.69010137418354
57.322974506642076,159.2057979143898
72.2206914808915,171.0474837028222
64.52353689825705,167.5317732778841
64.78493670250994,167.99876135573126
69.81556085191097,162.2044449377647
69.78692808698905,166.032992953617
62.13320741863832,179.80714653521386
58.11054664171707,167.13478418104336
73.01887181314926,178.50076180651712
66.0238779244915,163.33943644837714
71.16220361536456,172.75101959944226
67.40668131212742,173.93612609276553
72.30086946181794,161.49222071475882
63.07995622019103,177.24618692852877
63.78817383406467,164.01608263627517
59.9076548351312,175.11694691074115
56.67170189050165,179.24762474272524
60.35611858835288,176.48835798523925
59.77613749506305,177.3716997003744
62.29084870942249,174.97641186772992
63.21905257290732,161.8083209168802
70.23330166508767,165.06804446897792
60.720191708632385,172.91599286004762
55.029599401036165,155.25226271383332
63.64766167011306,176.00917467013093
69.57008539326075,175.4626690347741
66.1603718331501,172.9457595140382
64.32259624209735,162.6905042971774
68.74627252027491,155.13591427918522
67.39165975737104,178.03437428974948
63.75881850815855,170.78409735631155
57.62138198084167,177.1096504516068
71.67019085890477,170.30753301575723
58.832723396913664,167.71290378421816
61.74180090259905,177.16452523887472
57.83616464006428,173.52092734184922
61.576568874701465,166.94170117023066
64.59445551201296,176.72315770407516
66.0748002841914,170.40194554262865
61.58725137958172,174.01958827567512
71.24514388060047,162.98986539762151
67.4967404894765,178.90552606220726
69.1392213676933,173.62646928418428
57.84873309851149,168.93621249279633
68.27740303236229,170.24619059090458
52.4252386569052,167.28437211007432
52.93165028484226,173.2451922034146
59.79994005945268,173.14832687253212
64.81138381952738,166.96440419202105
62.56796672056996,176.0033713139416
67.24505666290493,165.0760971213992
67.0681616095883,176.02574155279126
70.67476905659404,160.50984461879875
78.07425823612475,161.41414630030448
52.421710208085486,175.23429974977202
60.70871494771055,166.73665316578715
74.58983437671304,172.08412241603963
71.14840898484465,168.1215032436589
69.35458431581515,168.91500974127246
69.17709955781534,175.16529627518435
72.01127107149875,164.49519744668413
63.42943371050989,173.55780696776006
60.789133494130084,168.53776773742334
63.42463839009982,167.37384248627828
60.79726047206741,171.86240585782258
67.78885452524356,174.7254262538533
64.23411166350603,170.00574357267715
61.90613873457096,162.72897818523575
65.28793127696338,176.3236083608356
64.77171335980093,176.61580399543308
67.26940853423635,164.38158431984579
64.86309583914328,178.6211482254839
65.06843430127064,171.31067606882766
64.3913273167191,178.03875436876285
66.00060058320027,169.58032418188245
59.758096272117,170.81749116309192
60.11710087723999,169.0769291847463
63.810247010671695,169.87219780007308
70.02551408171892,170.99062150523687
61.26204439471533,168.04692647952817
63.31985632577686,179.9141336371398
64.67086069047485,180.25087261127484
56.392342900114066,166.65884495375255
64.29746928748055,174.2103178101561
70.7835627654833,168.01206033141938
63.461694898215214,170.97810782061558
73.45693446983259,163.5248807660384
56.54831557595792,170.07181663598993
66.29593591121817,171.1242105643785
59.110351362890135,170.1134696625323
65.32073962090244,165.30865105619242
69.13252355153209,173.7492545949588
68.5236672745553,164.792326865815
59.51368427656884,170.66481816570513
68.78961710470828,166.34586009578436
62.695393683632716,172.1226874682044
70.20376358871918,170.3131322174891
62.34419197797662,169.41827935848826
59.874818766752675,173.8710299499861
60.04126941298038,163.99201846568624
62.89382635048827,171.02639525369452
64.1325992427149,175.54158284242595
62.11015858299397,171.8347227762577
65.32689488358564,167.57651721155239
66.5558914961767,171.4251164946479
68.49519057372684,168.40582893207224
61.83967840089194,173.42094706335905
67.90895262856975,174.97830924438097
66.75155287009662,162.77349070004942
62.31570187170383,180.93682081709358
66.58180305807409,165.95674509714436
62.29696522846728,172.855173247897
62.565023596908915,168.41238997717693
61.93938262248641,171.02256458505113
65.3881230994873,173.01138698460974
63.31028045315106,170.8713698195637
59.88050790527946,172.16178934017108
59.84679580025559,178.96306865510192
73.2753841093467,164.20159563132512
57.26868087081938,167.89254701771034
61.33275297107161,178.18495318933844
72.12460702838699,172.20838517866196
68.10274192653429,166.50228457920832
58.55861294626985,157.26679960382657
71.09472025637139,171.39913927287952
65.84845671046487,168.19798021329962
66.3943245125125,168.58087218904615
71.54940003285057,173.71994245989856
68.41127889330238,167.05067038878803
69.24893970934473,172.9108366665623
54.78887283397991,169.61329537968822
60.26728212561534,181.83693824876025
64.43389259988639,177.69787394939667
69.64895270967311,169.23663310315
65.49445074116132,168.9860042382679
58.443559086953684,169.87522045169516
63.66510814040761,160.9702915769735
59.823626072194656,172.44773945612397
69.4409558836099,171.22970924546414
64.76967989994763,169.81905633936412
55.106018946705966,157.72009357814633
58.6923177724949,164.00000450382868
62.596104456678155,174.4139437221361
75.0914497916335,171.98536891193427
58.624310398796496,178.24754837518512
62.787721313627884,174.54611635903626
72.52853417833738,173.26985328147123
66.31776150913043,180.44270192315548
58.7067302650728,176.87444351526568
60.955639125676115,164.37095825255327
69.2272085150232,165.18890014960084
62.40753549126763,162.77866094552576
53.776953967559436,179.46241404232026
69.85987305999402,167.99633970869615
63.235751009354296,161.92724628953144
65.9518378295514,174.3948991108609
59.20021420211223,168.9842824125538
62.0883001947572,170.79789657083612
68.53372544896418,174.3828421965333
57.119009840780784,174.4692896725936
60.40150696493284,171.26315548750878
61.94254503652888,171.92629949921434
60.27125943946073,153.87811126986665
68.07393410728456,170.54839078429853
57.18305124191353,175.81042088987735
67.00780085174775,160.42769179861165
62.94086740108621,168.7558410689732
60.49632628065413,177.34550820017043
61.44879814394105,166.69601680555996
64.94129475539383,171.55750930766268
64.87442004865028,182.1286474286278
72.16500620634098,172.6401592387144
60.6577064453975,169.29663604951406
58.4720528355231,168.60598589593155
67.60810409149089,164.25150722974462
58.04863335050457,175.53019554886188
57.06156367411123,168.7968031814591
58.03380713264474,171.03295538465738
67.3483370461287,165.8740943551029
62.647047527692884,166.87009839512507
67.72593311404553,174.27931320520233
67.04173421742205,175.36876337752614
66.23852613218223,170.01043201361512
66.74262331854234,170.39524453763113
74.22542662926122,165.94519833211265
63.77909028402486,170.17038511374173
68.93395226717814,164.8615289438481
63.66022564012972,178.3665798277885
63.78583647347877,165.6674735360383
63.07467640538909,166.23393882388444
67.45097365154277,174.39459350487058
65.00242436372632,166.2567496155492
65.14243824562712,170.33277605425147
60.52902443505261,180.4865794397471
70.15040297687415,173.7807969900563
65.70478522894678,176.25418947119718
61.43475147998008,180.6292443986914
60.37761432424503,179.7472461956205
57.08165160020108,168.1896233363655
69.05102321563794,168.80586088846658
68.42408018183974,170.04971063426464
71.373864516522,171.10664336784222
74.43001017155164,174.34588777839835
65.52233755877711,169.89872575259207
69.07241157682921,169.67769590098635
73.72230196974598,166.8469460951248
68.3944457272474,173.2625485226409
71.02163750412483,176.20986826075188
61.81941007372737,166.62904677184392
71.76638027452022,165.96321073166445
61.40058776252897,167.12167315835646
58.49870186292829,164.10617006220386
56.384034696232774,180.667196740874
66.83264490898672,174.52610414504088
69.8863334232787,166.88059457471098
67.63418200830165,165.30964518375933
63.629172797346676,155.02790921279484
51.20121591795462,164.30996972594457
54.3333120190134,173.06932392759518
78.16505936803122,174.6808643514476
58.926697216189744,171.43297000787135
66.70887510394533,167.85201155597383
55.235866868063674,179.3383504436539
60.29447884917883,177.1703677985022
62.542131467205905,171.1210238382858
64.04470499718828,175.1751124080778
60.06911262971929,168.10467143029135
66.08798752177832,170.4706120039532
61.70886924413056,173.40615449307592
68.51874764244957,162.94382118619615
55.41585804352913,166.7196273787881
66.89305451784344,176.32946383947984
72.08896073079612,165.61027741142414
63.428769972099595,166.56095220694056
68.37794544056375,165.5222676506667
74.80341006402602,164.59763888258794
63.4002479677516,177.05248263558656
71.3125268102275,180.9811441823377
63.72096620402262,162.7826931106407
64.82312711076052,163.43523164936178
64.82447084709958,174.1505529484011
63.324330264657625,177.73140758534714
61.05631595139941,177.9766950746652
66.93955750212787,168.593727913613
66.63593507414096,162.62814723608997
59.0361946825473,165.92709026621412
71.21891593874207,174.99452092169733
64.44675560352755,172.7727277818812
61.39597530100869,170.12529483647697
65.72607620509804,176.8675705420954
71.95607079152802,170.30237468457625
69.61824398660265,172.71729620113183
74.02676446717754,159.43658357671148
69.13059327295888,168.1518518019791
60.22559783046793,169.58047121443713
70.10296799515396,170.53521909138462
66.43826388411189,165.42863428873466
68.48059405235733,173.51327920201018
66.76439128397762,170.74258323292472
67.44115969244335,183.99420890784597
66.44109876540394,168.9229752765369
71.29698471573032,178.8920633642223
56.935331357624214,171.34464362581014
61.342762124382865,172.41643458448553
67.01354962992882,167.084227781269
69.52952159315355,160.81699821229537
70.83095687216883,173.68771630159796
65.5339428239653,182.76089013639475
59.7751759810559,184.80544963664497
69.69671795241804,173.1016573430285
63.930427033852936,173.4759536231162
73.3146185862469,164.51295337859693
64.28525945317826,167.7448366430522
63.742175462549035,172.36730790621058
79.05098429891888,168.78236555489593
61.3722265322983,173.26261225689964
67.63157578241612,172.73832124404473
77.3023437323389,170.31641487607604
65.13497580225632,172.61619548920999
58.72366775617727,170.20085465414232
66.55107282401099,173.37924230620138
61.75551494234176,175.36229687765538
56.66166199396994,160.13502960260675
66.50938504709559,176.61314222117838
66.21740510642843,171.73182446515926
70.47945642509453,177.84201272383174
63.92217007114036,163.23835652014623
66.10878835928582,172.71708055093097
65.00047895027049,168.40848661743078
67.86223492803401,171.91053044611039
66.89876398480632,174.49044657251625
62.553241255856406,168.4318887733357
62.19556178416545,167.23719466860524
69.73423066167692,175.18755680366868
58.87915716568723,164.71220511431585
62.11187613111878,164.08427610062225
66.5001457658122,168.3564709213662
72.09717123017711,170.70890051209446
58.26582618535591,169.21494520271006
48.63125252451066,173.38306033385814
58.28588947920593,174.83999129860894
58.930788553934285,173.39358069707484
60.96026291123964,176.62126399598878
61.023981591118655,163.64967927123564
69.21025169795377,181.5016640002852
69.33408323904695,160.1341155948402
75.07464624219561,180.20189275169727
69.46732307734877,169.81068441942057
70.82525994683125,168.1100855658518
69.4988114933489,170.33190975709104
71.08709415728211,173.23535664411173
67.98125331535287,167.91998924391976
68.7497662380882,172.7106784446588
70.59673842270911,166.90677478032222
55.79150021219146,169.79498790161657
62.36697127109941,168.72724562410292
57.640248235475035,169.37498626952987
63.64209830658492,179.31854924916314
61.434021820357344,172.37356217150665
56.84731636757601,171.20661922436824
65.42383858695256,175.95802005045886
69.95941095806043,166.60976312826537
59.80855148899467,166.926781122812
72.13497996797417,169.79130038878387
62.21143941362847,168.27411614603326
63.7009093649725,173.07901070000875
54.36874402269078,166.10872618567373
71.29404226395998,177.67774701475702
73.99497608802848,173.99412160232856
71.16987707802149,172.66972471377986
55.56066343477511,177.0734280998241
55.68692116675471,166.5579483416083
63.221701146077045,173.2860077802712
68.45368021017312,166.83822290207277
66.20533739536208,176.07024348558033
64.58393726533139,173.5407923079719
71.87842103130234,176.29906941167948
68.83284803539142,174.69279721613955
66.36813986433178,172.2575473781733
56.0629956507543,173.3531381783052
65.36247897633875,174.66549030759592
70.50432228340406,177.83877978458935
52.455772217446004,169.65322725552025
67.45543017228316,165.00808592390027
62.48296485528748,178.51182623735724
68.38889084594896,167.61625793792928
63.05288233823433,169.92595577689502
68.62846637114234,177.61603411498805
69.91093209070186,172.6700478111341
70.40481511302954,166.68451732880933
63.03084111603447,165.67670869263392
65.95679172597016,167.15084846004385
62.93361786035509,161.29588475615125
63.30013923314919,172.16836645029807
54.523537422113115,180.8680355759405
66.21749478544997,170.3784485983307
64.61134590198154,175.84654880734087
65.49338029615852,168.2632272964102
50.81818493145836,166.5489791112077
74.1232100559343,165.3557455855745
67.76503385452253,171.94938090443412
64.23474646879231,179.46525422535873
66.51546314106078,169.42000309230377
60.01385567383619,172.49183820686352
60.02626147054379,176.54179889618433
59.16485716376874,182.55530983220018
70.24692027731773,167.95723514959215
69.38828323470076,164.11546788761507
69.80588921570589,171.65329785242184
67.74391432081342,168.1338960326593
49.622981018538724,163.63730376602683
63.300459901137565,166.2772489967667
63.942652087754475,168.92259063572598
67.7678494396864,166.57791086264567
59.135673699363956,166.07339599112836
68.12766402665258,173.48629535829042
71.04250336570593,176.22492810765996
61.89290461090039,171.08346348648777
68.27134227280482,170.11126115512832
62.45303030995945,157.69628194534303
71.53117937089291,166.42371321442562
61.7110165140827,168.94900646782858
65.31877581342559,176.09958560171785
67.13717389235786,169.3218264404846
55.39207716667165,168.73088340692203
66.95909502877022,168.8019810478891
67.65056296663575,167.73328936823998
69.88840398569069,166.68153052939343
78.52996864296577,173.16314428113762
58.333124911282304,169.87389157075918
67.61557634367756,177.29760877745866
63.060850175581976,166.7688311590152
62.343279939899034,171.3998185179355
73.33966120667324,164.57307884437986
62.121328443164124,172.8870712051586
61.46821615699032,179.3064565215111
64.39523130774215,163.07716297172206
56.181974238688085,173.92376401848668
62.714007043093495,170.5558162987685
63.91433105829329,168.2635639402941
63.22216734418254,174.36411981230293
59.728558979165044,175.61802161120588
65.52173981448755,168.65837502564727
64.96970720078818,175.80190033686083
68.60520238463832,162.69119443333943
69.22452881999658,172.57956926417546
61.26366331460335,157.78480556638425
67.40563221343827,171.9815974221322
59.726314464459584,165.92794990672266
66.57208376838271,165.81235240121703
67.24401567647558,174.8728258185339
67.11128429681334,175.5785985821519
74.63607709919499,163.03229289039464
60.80027702641781,166.50018715608041
62.96610608908534,177.82590090109994
59.36366934143619,175.85085731716967
58.236094807777405,165.67394291413217
64.562961844833,173.613526844338
66.36844974819917,170.16901343118917
58.27909913688808,159.81750442302322
66.38747432593391,172.22878755778171
75.00303609955029,172.02236759364982
66.08258483168939,176.2714222385397
64.82754011451811,166.8322572228674
63.893949841199934,168.6579255270197
58.965267150700114,167.97775792392
62.62100090858763,163.2697904300575
61.37275618560737,169.64645171691438
59.63303194470952,168.4505071311605
65.59974145685945,172.41296444212156
56.70608593380607,170.15484043229324
61.51548416160476,168.4438254569384
72.33450813359414,177.5488510810889
63.4914524339307,162.65460351390203
67.08316658969764,168.17722469218862
68.35517353316938,172.0792635849256
57.127649314151135,172.25057608105863
67.10992023017337,171.40105224848887
56.52913653794949,167.99638652234864
72.8042752000043,179.99938077503697
74.78685168987519,162.9450269003093
59.892356012282015,175.99194424032396
58.646481846509005,165.83016978414236
64.57549307800807,180.8077868216959
79.2822928721404,165.513754527544
73.23435161417987,169.1839633029758
59.21611137050327,173.17893470205843
64.29427969380708,167.83858857875225
70.89120777065476,172.924672009946
71.01932120406248,176.19855183520886
65.00406046452412,171.7912624779033
64.68255573644406,165.30693492223224
67.2751238245883,176.66282893149827
59.171157660914034,165.21794205057273
63.55436863621584,166.76081768903177
74.92052193253268,165.32897451665843
59.64939787152299,179.19085324507918
65.29202040261345,165.17525957008056
59.97936155843461,171.43014250673852
64.95753978715942,167.2321765706516
64.0025646469591,165.77681859174285
66.70674934898202,171.93957974765516
79.32931635474017,167.33815884652887
58.33463330443789,173.0981223508972
60.95301858543907,169.75282652278224
71.77448734874412,171.0399683309007
70.46516097858242,166.75960408207766
67.82539783442834,170.96520653541907
61.3425312448826,171.37631673307484
62.080422106467914,164.54666228758953
63.74792721929084,171.3162716795703
64.19559143773557,161.41657604616458
66.77135890656362,166.85659466719724
65.70963168029381,170.22630639788113
66.83233769686358,172.00807595219607
60.58454025879171,184.42149271789094
60.26346360607189,169.52039476476216
61.00152436555653,163.96812901531774
73.33197177674529,165.00482882825165
62.97898027625673,166.38305409782674
64.70161556490388,176.74121079138104
58.552571328544445,173.97467858222774
74.07035180737299,171.3822632776175
64.88486736877911,178.55073663331424
61.44636406129989,169.80648772227838
53.880534785894056,166.57751221787524
52.848096806986085,171.82170943829462
63.97391554919369,171.72357194509271
63.59371044055998,175.1264477362863
67.7704358185609,173.46717578260998
61.093701326512495,162.48407365512
67.04839563788934,176.61492166408104
65.6657148045559,167.57167149181666
61.801085380737646,167.46948535075109
65.03343605965323,176.63989741439303
65.77634093148438,175.99729498419484
62.98689290612746,180.723080056653
66.31331472076617,170.89485388921779
54.47046362014321,168.48295352680051
64.59235772577313,172.65271885536467
65.08513828270303,173.9641823606853
66.84600031919294,170.68818177089432
56.49149924912878,170.80729005580525
59.12874531343211,165.29189958595782
64.63032968796999,170.46870445877485
67.43998729324312,173.18814885387744
61.89676969174186,170.12949481111434
68.418677131236,169.39218195950508
64.20839691783898,165.33126295669788
68.8692921864169,169.82914504196202
62.308139538215556,159.38213945775723
65.66316943802285,171.85607391854933
62.52804233792899,167.5247972310252
63.323331677208195,170.766285382424
64.32052509687713,178.82895919751226
63.248978676447734,171.84629209477603
53.95908929951622,160.6082051359277
66.3219049337079,161.79666953188507
70.09176270362987,170.3085447584888
58.90733850822284,162.05267697901633
64.25423436042749,171.75626998793362
75.21452921373084,168.74247518620516
60.89871873031345,172.61253164925517
59.1321100447329,166.02858538773745
62.2868753137557,159.87634475914822
59.39768319206287,179.1818250252688
63.466542101027116,169.51598178507587
58.371808687574024,168.0938912014789
74.28004908720261,170.66288301198693
71.16315045807963,173.41594664501818
72.0259466399221,169.31458710280498
57.146293799381176,176.81570326371258
54.79492721851595,160.02405986216965
66.15377068734315,178.07897844223447
72.44692003056501,161.0929207189358
63.90615408768749,179.87755860593904
75.54902923883293,174.51404921757987
59.61965527574487,175.80195859538935
66.65754574198404,178.29727756996814
66.23995344829058,178.4983091790171
53.91206939617046,168.90555326242801
63.13505364945394,175.86854479393662
60.10047897967619,184.19502859709436
61.96721858301811,168.17502624938388
60.09051985471959,168.29631860640058
62.20028984625013,165.82833631312258
55.74077444596858,172.771080668279
69.08397332444062,171.40627536365608
60.8241691349744,171.30628469938532
71.75956491423084,169.1849463576505
67.8414186112992,173.81610594299008
68.41516186964287,169.91949825376034
56.24490623647123,177.44514042061252
64.41758262540702,164.30754579811446
62.8143173483034,168.49010194135948
68.88852619126257,173.3095440063705
60.34740099203005,170.89822083220386
63.90096917513086,170.66524833954927
54.40819714245378,171.8914511354579
67.08160549148876,171.3266434106304
65.64933634869176,172.35239357126147
69.40368568551007,185.8017878108099
64.96954986794621,168.73922347024694
71.39527909061437,171.3573016126372
64.64668701067825,164.4430129386406
63.90967659118928,170.18879633285067
46.932474413470075,174.24355182749306
57.54470306069147,161.1363213235177
58.26738069839526,171.66047693474707
62.91021699169952,171.0009061447328
56.25282618787258,167.33614290142944
69.56206127519582,181.70746046996194
69.15539575162423,175.59666431382382
50.91619681993767,159.30787250603032
64.6442589940351,176.5824739061128
65.23457139274937,174.4000735065674
69.82304070017861,171.84570799907974
66.33530616303067,175.50079448036172
72.36165178635646,171.82028555600195
71.65371400230079,166.9031879030419
65.56525878840151,164.63189744349813
63.251397810978666,175.54247117266496
71.33266620575876,174.69621573860402
62.22817879846684,174.47096232052843
61.12896741359905,171.37083651282757
64.78748961461048,171.44379784204588
65.26064792524622,169.0989848881351
67.59177373895439,167.68336133460917
65.77406210408785,171.79402170592047
64.35651345337078,176.69090597816395
68.76780504336787,158.78118440974274
70.31962670809096,179.02069174587695
59.03175655620939,168.87629913563535
62.53973119937057,177.9005664357303
55.2472561770099,172.03702063332676
54.41092596240243,172.5721281143512
54.77380430006414,165.50935196710424
68.944828073262,173.70901192257708
72.78802318132074,171.55913022021215
63.550764649158594,163.2737789183535
64.76479342587422,169.83396813707046
65.97854122627142,163.9377746441235
53.238758028484355,163.76623643179232
66.34773122651616,171.86702005937244
58.16882839413205,170.56990332414426
66.28952810980013,166.68949870467563
68.46772052303795,166.95121677873922
72.83423101503466,172.86982625813286
54.51256871214623,171.307610473813
73.63875848635696,174.80964091114882
72.52323598346742,168.91184509469582
70.05015797972176,173.03951856022422
68.66313773529751,168.07420270240385
51.78658271735265,159.2340397254997
68.27962252229048,171.85459394393024
69.75426000643391,175.0165085961877
59.83471507405041,184.2462434923723
57.15517961840882,168.8760934925134
61.372192618892555,169.6137444935664
63.97279712584466,155.6797383770828
62.32509356128323,164.2147336270726
63.63086476090268,168.81731055901827
56.13758530858371,187.23450244349783
61.33085169455539,167.39151528086626
57.45960870681995,175.89300502916254
59.357775688153176,168.07054930310247
77.54033332309675,177.49601927636414
66.50052011374342,169.1386756283145
68.51385774693674,167.90317076693694
63.01365300606642,171.67106514673225
63.773489320089546,178.37483832706155
63.87912062102803,184.2445974293896
58.80246499858651,174.33723345944284
67.83991063558658,178.68723075581983
65.47558870561333,166.4742939881488
48.42125331554188,184.23743965671594
71.44727691737788,171.55416238960575
60.5093296737454,169.25193923563833
65.9419487383139,167.35305058190437
62.65992860279348,173.2639393710937
71.22817444909678,178.51825122865225
69.71314548470761,174.8547857404243
68.19717327751957,170.93762770063177
71.90991951107085,173.09484894668947
73.17094524948006,171.21963371062566
64.0678143803529,164.49178142457322
61.588159179267706,165.60787492682815
64.69681723900396,175.51199681957067
57.722562541071134,176.76429064119216
63.274404571804304,165.20452957038916
68.79350970884505,176.73106522416873
65.23658696673421,166.2147380524056
65.86649458458112,167.05865055372558
64.18537682921135,171.34893214297637
70.41546225973711,162.87446941615318
65.24310055345633,172.01837462286474
67.25646689789062,184.31834654125413
66.89987038668286,169.84991029760985
63.94221813676712,177.4012024098366
58.879626830292146,179.73736001261645
62.40693182515676,174.880906764035
62.10037789748241,168.1476314296338
62.07877126526223,176.254182868793
62.64303106727652,164.97857134324445
75.04561047000054,173.66732857465584
64.53730279388989,175.12927255116344
70.20667078054316,168.9781602095864
67.64256098961458,177.83670289103375
60.12859609061444,173.22011624487527
62.39904868035215,177.96645810036352
64.94492836642722,163.3550375468165
62.764126748409794,181.57002436010734
70.37323127442431,169.38174680287668
61.354774455081134,173.76117570204136
68.96641902344061,161.52896134459522
62.24707421568648,167.29157547990468
62.26167376347226,172.23263922494314
66.23006091766659,171.05287284525062
60.31440946106712,177.87743628896706
63.90393058400115,169.856381947185
63.06861012564217,168.5984454777124
68.65943196471551,174.69318483867337
56.4001655532408,165.4784511225421
68.65576055276287,165.65370645402325
61.8114180029661,166.6464182843422
63.54498936354024,173.9726645033768
58.50612171527773,164.24051399187672
59.065491613754226,165.551737834525
73.98917397100394,172.24236050094257
63.63456634064211,176.72441430387693
66.24691905989998,170.77359692248368
62.11084010851244,179.3733067213217
67.7839495189147,167.7347385057522
68.59287192441906,172.06906006254508
62.999187409665964,173.00311553599886
63.39402453101493,180.36373410321522
62.91168695841733,175.78880090736456
67.91115764647243,171.28068886480503
68.13014415609732,168.0504989325688
68.71133217900586,178.90988914964942
66.97763073639246,168.31766672706797
66.0608271421218,180.23424945883175
67.85791268579115,168.1833925128303
68.26535266809265,165.84985251203486
66.41825735750929,168.09219165992985
52.83944178815828,166.04307119885436
62.61815049996697,170.40739321441902
64.12295700361854,174.78524385801492
63.4464865165359,165.54593295359138
66.85804530824078,166.75706868900204
61.48756960524807,170.7581336564665
63.13415198325238,173.52968019464828
66.07931621131422,173.2233399112445
71.31686240026976,172.99754585888167
63.893965781237384,165.01452844622597
67.44631112270648,169.93017761722356
58.9260217517822,181.2272063329409
66.80624423724244,169.97729779733726
63.95632242887008,168.2778415251595
56.67989495663041,163.18101750359145
71.30537158687761,173.2932299693675
58.68597297876113,172.52460516130773
63.74366198740312,179.62432540013813
73.66847798322878,169.04420949879633
60.04863628277669,173.0373182654109
72.37989668371642,161.70639015377182
65.44152346774189,164.26276840533015
65.35949913844254,179.82844155971293
73.04308057696544,169.6370511652939
58.55487213200694,176.3368628006377
69.71647140048114,172.81695119932235
65.30023024742258,168.5950596301376
58.81043595708736,170.18243294456028
64.63461702876636,170.58458628572419
62.49563263176441,167.64053092360376
60.37011880375192,166.83778442802262
52.429764338070584,158.01194691944337
69.73341949286515,172.2919598959718
68.53922590973158,177.0463735313652
73.32758690693076,167.27922446324882
64.24689531368783,178.1521621288732
61.357184949502084,172.87720439205359
64.4637885692706,161.77986301050407
64.09157722431033,172.080320836127
69.10411985467145,168.49374996650332
67.31798080599579,166.2604314149466
63.3267660623043,165.14356525339917
65.77643236899601,165.94661505277276
60.67045965443045,169.01673290909346
68.11865954937255,166.49141093403028
69.49010465383401,171.96444918670713
62.93747994558043,181.77836753802626
65.58799887735523,175.76219543386244
60.65076497062688,171.2310242417103
59.35674664255239,178.6043358411002
76.95736702269723,163.0070456390929
68.50658385620532,166.00914834125345
60.00413402158772,172.7733832769537
66.33059209535408,170.06455860523965
63.13238905704452,169.16247271635578
66.91322248987416,170.48603514044163
60.87379261470298,162.89543610459364
57.52792722564316,171.70350824740927
62.26005631859869,163.811949315581
64.42406368635814,164.60276824611668
58.18604162041907,175.56661270857137
61.27441603031582,170.1628015531008
66.46609088866963,169.00539121271356
63.14005814623543,172.79648319671307
70.48207903031326,173.90620349855016
62.60581711664268,166.733417672068
69.36040288722613,173.7814289576992
71.28478484470024,167.2801585586842
62.31555669381757,175.4860373296739
63.475787123502286,174.4398645140668
54.494901207662224,167.1734828600589
68.51898607657851,172.77179889274703
57.2819013019347,171.29671082415638
65.66183349514739,173.04193730554093
62.40396292573701,176.27775714914563
56.937966751371576,167.78366519157524
63.04164441053327,168.99028823787964
62.55515775452978,164.933733318414
63.946754853094525,170.965276929383
69.07412992433518,161.43067756466564
64.9159650786648,170.38656333078242
59.345537171321965,173.13609107177848
75.64296349784725,168.0578823869633
62.722854917583405,172.80226252012798
67.35719277146235,166.85455487914516
60.39148215395159,168.55725409397476
57.109189218447035,179.197269972827
66.04377942030803,167.50520759286812
67.97492528496662,167.1395929705612
58.09550658180299,157.3493128342139
68.63892256065404,163.2820633994213
75.98870161893069,170.63989584355403
76.16269635323489,170.17147981088303
68.11616918402535,173.58363075521243
58.148195961996315,168.636241872238
66.76832461351601,167.55756584696726
64.89826554281426,178.08003194153866
74.13882562005584,179.8141286688264
69.74012665804756,171.02427180388602
60.566604605763274,178.75914335367827
65.77797506156843,167.4310321588605
65.86350988824583,167.52160345335426
61.940492189051724,180.84500700208096
67.52889999617787,180.00683615443765
59.94536492229013,168.03372755847408
67.00229844685519,174.50824912338257
64.3542658660565,161.81639367297947
64.24959131288809,176.3704413377025
68.9578167332135,165.7436350705518
64.35055884062241,173.88115375178987
67.2346734676293,178.70319156872003
62.87264317462976,170.23919381239628
62.75166600218268,173.79092818777784
60.512673096517474,173.89646362789009
68.56679086768236,172.96408549840905
61.316227171908196,171.32818890712628
67.85929527522423,168.36782284714405
65.20173025308654,174.9532409873944
61.31213551916663,172.84072335335324
65.1801161594292,172.68030525967689
55.377659273782456,173.23781224906156
71.14608732395033,165.4046649183446
68.00601848776084,175.93258520418254
68.75217477884347,163.89977620177362
66.51820766940831,182.0709931486544
76.22406001886964,167.73758345321306
59.753415675590766,178.64320103238816
68.59662038400623,177.72240389510605
72.71310587937604,170.55026587547462
74.92724209868484,169.14006932145827
69.11001600113215,171.07288726084107
62.71319425531377,175.65063821076336
67.43440068486774,170.54189855850515
58.51430235211334,170.53373664127807
68.39790837050337,165.42636455601357
57.45759253093998,167.82084865744858
65.24560962753685,167.4050334346662
70.23270329302495,169.27561460847895
62.00010232028774,176.658687344743
71.83442591767341,168.21806473495312
74.69194476208703,171.71140087518017
54.07549130017769,163.2732423226716
61.02855880672062,165.5070026613142
64.04806007800408,171.5617708120901
62.31800852964284,165.50626500246656
56.57172538385581,171.56436768383367
69.09853762595837,168.10679585273022
58.147332858788516,164.59257655640357
69.86932788532347,167.02101086025473
61.33254072503151,172.70059011957392
76.0084984642059,167.9252134106262
66.60289608028395,175.29025629726337
64.37020708838071,162.62053555701212
67.99133001400176,170.00242215612695
62.40753910137986,165.08483771608584
65.67727887549623,176.53588111553657
60.07775232389149,176.9643613794827
60.80757173747549,165.8224366487836
65.53265434766378,169.13197504802798
65.07834355689015,167.72230311249027
64.80015927145571,158.47396555367413
62.725214098182484,175.21033482517583
72.83909350334149,171.03009713648538
71.54950912898094,167.08446440517127
69.5350698675764,161.4814183612485
71.81419127206853,166.906915029901
62.654059324648415,164.89761664557656
68.25077206071543,166.46164911741272
65.60079578731765,173.92449869117078
62.6278868620036,164.18635187974752
60.887076188026775,171.09253570720097
72.23425994710965,166.30181220088855
59.20361079882359,167.32352462735605
62.35032005492803,169.13972919862778
74.49217967509091,172.09606739428196
60.97851195886758,173.3234402105466
57.58684012250999,159.13992390939592
67.27443665567245,172.56795444563105
60.49130422041455,175.28291685004288
71.18266019487208,169.37644461498132
66.86454293022736,168.84907810503833
66.24878003751019,168.232000922974
75.16570592387254,169.61558048146125
61.55932843948848,167.25222971825758
64.03001046942724,174.62281071974687
64.94076398895795,175.3570540041868
63.78705351782738,172.88400823435887
56.370216624801856,165.90726790817396
65.27810549343707,173.29544927996096
61.659864916656524,167.1680556797743
65.21356015233816,173.2598371373984
63.359597060724994,168.9289605525936
73.15029666166078,168.54490815445632
69.6695209793982,177.83174219635654
68.66960274586029,173.34280940676513
57.67600570524273,175.45144257529643
58.05375162672678,166.8180945675691
71.47562391785529,169.2306497021114
67.17444218179183,177.37663549433756
63.846379282085884,179.44002041118068
50.47822284220244,165.37709177073424
60.557393102325605,170.2648338952576
68.16575891764519,170.42277034343007
62.32562257168039,175.9534578325803
67.09328678649611,170.45617163991855
68.31093531063516,165.43248542485898
68.10380322069071,176.54991212398286
64.5495175608524,175.53004100687093
64.69120082800183,166.19290343199944
67.60624279061285,163.70038235852647
75.7909694712796,171.2650033165759
62.5545855638959,166.86022170562154
73.98467806871487,167.3868756631466
69.54955602460905,160.90302163056114
58.72227144126418,175.64996631238895
66.59479703685541,169.23251880395833
60.23725865163459,169.17881767866015
58.41911589765384,171.54053666368054
64.55236060605168,169.75846842575794
63.21337983134193,172.90863744777312
66.71519688204549,170.2252688682601
66.67939263624707,161.3548954732904
67.50445899004902,178.72555242592253
70.131870095754,172.98527983516436
63.12824885747843,156.05652277486143
62.628723130210986,177.48726553320202
66.38072564186986,175.49489957418209
61.844247640359264,173.60637140930018
55.05540957467266,165.0939236013226
64.49330842742431,161.37673161977543
63.256691176608484,171.8171848945179
64.03889515121367,167.27470224942593
69.72225000905108,163.84131176692944
63.671874612226596,170.35596725580987
67.61829526910547,168.06951128996624
60.973088518730414,170.36635644825876
60.81736577033203,172.87176812252704
71.11383031262478,179.76856455130837
72.25879174306814,167.51154691643347
56.47071792532439,175.3160840591663
64.68870214490597,166.74900749597498
68.44924657913718,167.3797049839515
49.323321561481016,168.5411344674159
62.55783031612911,170.01166872666155
61.35840615278204,170.28594549425122
72.96733983991456,167.01546612139867
62.46834115521022,173.3760751068155
68.8149532252878,173.5954413120145
63.93983860180397,170.8421040528679
63.593668591408914,174.6712227778469
62.60107609824963,165.92483280697152
52.369193035563654,171.21587315183322
72.63098182023022,170.83049533297242
56.82482334274751,170.2865668474202
64.37665222269592,172.46233573498006
9.157178252108391,-70.57413498012005
9.935451712450126,-74.63950683275729
15.704018676832128,-73.26819969100691
7.313478756335961,-70.03743433176689
6.436418037149073,-77.56515375256627
12.075918134103008,-76.38402304575946
12.704091684064052,-75.65895661678796
15.560495682427998,-76.70808450569041
10.373726185761349,-74.29724661163658
7.686758666782813,-66.23761058115991
14.620312284496805,-70.70578658238608
9.889702826773549,-72.22608903741771
11.16435854146923,-69.74531941394363
11.580784003109628,-66.37470675219728
12.432097068149815,-69.76042901590388
4.024005370456566,-72.3092983303586
8.176861350991821,-70.92058141512054
13.015863322677772,-74.6166355054495
10.936181899612876,-73.96203279886856
11.151958940643505,-73.38529480139005
6.397554485782546,-72.18170286962908
16.750054877729617,-71.61815954833214
9.822878284477078,-67.95562192922043
9.233500672028049,-73.86379746481327
10.315183460117726,-75.41112431855271
7.041339405227168,-70.84301409598454
7.028166887688039,-73.39776009487001
15.08689829600846,-68.04581742584861
11.363059798502698,-77.9975972708045
12.029136677337881,-77.72858044446812
11.341678441967897,-69.4327002343055
12.735033717082118,-71.62492652229754
13.437921368852788,-71.90088366834674
5.319404447700652,-74.10129317270365
6.778523123937334,-77.2623154018553
10.100197740025434,-71.94613497211654
8.75757572831783,-69.2221627371923
9.142718074178042,-75.3263279235844
6.720613133076824,-78.75362966349769
14.125613735048429,-70.18975970119591
4.591460363430867,-79.50089971719915
8.185182283289478,-70.83362975041891
12.941077024431,-76.63200890724721
9.45772813614499,-74.93251157081272
15.307664724708317,-72.24790060056826
13.326404431063517,-68.36078917676441
8.747755374206719,-77.18619741040409
4.466189347696831,-71.48933091290486
13.548102720831176,-73.45718281420348
10.037731077719823,-73.59748631784329
11.312706865354485,-68.78988419281286
14.726639241568787,-72.04926783572908
9.133223384596366,-73.20049364047024
10.28695794679743,-71.18044114104313
11.938349452719288,-77.13541845619669
12.90681847200006,-69.87603731453669
9.51159026850938,-75.45344378320026
8.087088557352823,-74.74267751426522
7.662442234127699,-74.25520473199605
8.853122452153048,-78.88376422708663
10.407362470954771,-70.91244587331515
9.799488311952635,-67.17910473897207
11.925697881950484,-68.0830511318597
6.92356655531122,-74.95643063249831
11.018348771813027,-74.86108899168764
13.526188675975082,-73.53291808884492
8.611064995938637,-74.85991981086644
12.400521537258594,-72.64427527101354
9.42442101835773,-76.15242549466144
11.37679879892928,-68.24596983334158
8.869613209592604,-74.10826073324242
14.08978177507296,-74.93457769384193
4.992647589443822,-76.31274326702855
13.958519869705903,-68.41666483578528
8.289501798141321,-75.99000021500396
4.434616635225457,-73.82515623160678
9.468197278232758,-69.94747290448906
10.65625180354016,-75.62740825068458
8.271966360256892,-74.92630710545674
6.992611042386722,-69.64896261226531
9.80937008273807,-71.80222933008325
15.544199169265086,-69.7321421452958
9.635880938862094,-73.64930004678206
10.815144532188985,-69.62539625428678
9.191767023911233,-71.15226388377964
12.784284658155148,-73.3368585175379
11.799393583121974,-76.01816316069609
10.655068587780416,-69.1682217015277
7.96373805134593,-74.87931540844983
9.944425894170095,-72.65876277026716
6.502176930478143,-75.2531934864547
9.696437648524494,-77.4616805063668
9.417982165862696,-71.60350263690549
7.705880308105654,-73.86899602419847
10.167673019271543,-79.56863560595747
7.181918664430587,-66.51070452117322
4.5586915485563955,-74.23566454558654
13.740759146736206,-65.0495726247697
10.947000609146016,-78.35897318414166
11.69882629932434,-76.79409456104119
9.79868293483722,-73.83238210773068
6.808279054440833,-69.51050899933395
8.962728985498057,-70.73754498735897
7.304326202668695,-73.26798294265242
11.969127277353767,-68.15910398921407
12.398728823778086,-75.34707102816127
5.777967859042847,-72.56151220064444
11.253085143342627,-71.23640169484462
13.575488290289982,-67.75196295919181
5.459959596654754,-72.59772593217325
4.5789631649267495,-73.15855257394648
13.42382473030724,-76.60347951043249
12.150635126305502,-76.78713417651936
9.704862709279643,-72.21956343302597
8.995889503736448,-75.47652488686475
13.177300987211947,-74.63733446351172
11.556467424905463,-71.98782591883648
4.794404965920394,-71.10441989107599
6.535217599064508,-71.74669608065454
9.160475255078655,-73.91638250496403
13.565464040030717,-74.13541609680534
8.417878809878298,-70.72528409075139
12.74490917809117,-72.53260692423643
8.497319559123707,-75.41426509815683
11.672445196874198,-70.26989196004283
13.826480750499268,-74.04126198419492
8.048155790578772,-77.85504295816693
13.077210458471448,-64.73872690520466
11.770947438268726,-80.42758360574122
11.15276158113147,-65.45466525144735
7.911092869304493,-73.06171493746392
10.412386286458686,-76.69873681604815
6.7854298408202744,-73.74345793237265
7.939114433592423,-78.34349874040541
9.121193440308232,-69.3153118690292
10.360005259182094,-74.16616556195602
12.194623069181846,-67.10111716515756
11.340359258642824,-79.81323811513141
7.41041388898502,-68.6163649848855
11.442209677940042,-66.3656259878213
7.94219526558641,-67.12889737483242
8.531299009841067,-69.91220431551518
14.869026258966048,-73.71148661856341
13.426056662254426,-69.91955788142018
12.553098834466297,-72.93227546039576
9.6200402338781,-75.16594453013784
13.185579940528031,-75.92711668105633
17.02971344979629,-73.64117535910131
14.625124721533233,-76.10513728022828
12.330935566950675,-79.81311319262072
11.646467544328923,-74.71062848889127
4.7962783439813945,-68.89408131982263
10.142791668164818,-73.53559221718096
8.579661520335264,-69.28034144408971
11.56381445469956,-71.3014497146531
5.504029507950755,-67.67371808047311
10.925103850165891,-72.7065160187919
14.782033637225345,-77.50099394249301
11.095512992654623,-71.08224083398648
12.852804261269045,-74.7965062030189
12.555570515215596,-75.71450458834121
17.762001075264106,-72.8415724004031
8.63277405887023,-69.43133689688304
10.655458021925469,-68.28380054755647
9.449828654795324,-76.27370848252728
10.445567805595452,-74.40473309884983
10.915742412767731,-73.86254610215903
14.340002760892437,-72.0042083211352
7.936662204957546,-74.95004740199562
14.926436892599853,-69.43943003102298
16.780829539755747,-74.79636128756167
10.216487526835188,-73.65933104859259
1.6846241170386413,-77.03753349987535
11.1023662269403,-71.69539528114674
17.734708529648056,-74.3913766183017
17.56436718599763,-72.35499199887259
11.485466124723594,-73.86886038643381
10.26280860441145,-65.29400111115213
15.782794171551638,-69.17944743964664
6.258107638750567,-76.65245816003556
8.698554113764555,-74.71609762294682
10.48064325970593,-74.87512187356756
13.82421225079915,-75.09578647826689
9.154854996693539,-80.64939485033695
8.106757616927318,-74.32854201989957
11.193050638995663,-69.93475235395886
6.427708874546267,-71.93767981534029
10.634862577203961,-72.40630367436759
7.278942870623046,-68.76690461968275
13.224050355514365,-82.44999832264782
7.572661418188902,-70.54703007008109
11.894705401932626,-82.14500420531631
8.267599773739498,-73.40941171816769
10.573727582205036,-69.68775996104641
10.361258435778852,-70.85484604111102
15.881884425000523,-74.72852006594269
3.921292862190052,-74.87649165133493
8.139464532384757,-76.69547388592508
15.508728258602439,-73.33785689504806
11.677743149469933,-72.12856225834047
2.1078962980285514,-69.072235239815
13.900365618161773,-68.64370795071554
12.788033326058079,-72.03540072429867
10.313216436158847,-73.65584865098828
10.252766170064977,-75.16169206901127
9.117922035984538,-72.28939081715629
11.255912718374532,-70.06868206234144
9.998582434134825,-75.82246561799165
7.068502793019985,-70.1857359148575
5.914018083450046,-75.67524425147981
14.76107821373188,-67.7933220634239
10.608441937216456,-73.94843025190634
5.384561994397784,-75.78084229958169
10.317113823710484,-70.91395742613018
9.076425973426204,-72.57047818496574
17.68605580081659,-70.39284009085893
11.40672386407588,-69.55289708482225
13.276679605528487,-71.99035609513207
12.58573371092485,-71.16680502308733
12.906616422849947,-67.35700229803331
9.797321042331085,-73.06088821891645
10.641767300218692,-77.67674394840304
13.388227051068348,-75.96474285219789
12.053178570842043,-75.18414738281376
9.696703066095496,-68.58088688027736
12.935749889831165,-68.85676174759026
11.915677051072242,-69.5270893234032
8.879015393719136,-72.39948644066517
13.6797360387783,-75.71697388304838
7.098431327919666,-73.37701001959294
13.998729412662719,-75.7649923164902
11.219251114637352,-80.89568317226674
5.9024162732392735,-70.10832201788084
10.407266320220314,-72.8783786970289
12.989757718667459,-70.49591154256012
13.0661088684005,-73.42994958113128
10.898178910412069,-69.64568767033795
10.764355348749556,-68.0353153436985
9.473949421364633,-77.81248279137115
8.858405458295167,-74.2488977836285
4.334281336315032,-74.26096633764831
6.264751238478107,-74.51145691527432
8.986375972911526,-68.10670122627889
12.834664189357062,-67.09453121912183
8.938122476462675,-73.42580149007613
15.175503945384804,-74.76467637358573
9.907686632253915,-67.73111273425833
6.721139608078444,-64.25655670045768
12.381760013233126,-70.68358040562342
8.50436562722709,-78.44648317275463
10.84265190990763,-72.22509048953518
8.024010885152308,-74.12920615506569
12.45900974442881,-70.14847472604103
15.525323099554019,-74.57354889678807
11.567494745294368,-77.20674396960338
13.052271406619134,-75.75393302500294
10.571785702424778,-74.95487100932029
12.652970391313277,-74.49963255760484
3.162454750991145,-63.746152156993034
9.872875771344003,-68.7864020930834
13.656873569212593,-75.9266437810405
15.324855291505923,-75.50989484391117
8.782289777468046,-72.89843577673726
14.504797415908897,-70.3781374904439
9.158534270051945,-74.5366589580836
11.984891085026817,-69.79297411322175
7.254566591969068,-74.39741837588602
13.968548386436389,-71.64609547113044
10.193402929470606,-67.8948363141974
10.355502881007476,-71.87260259285692
13.297673995096915,-76.77180756976396
13.347858558186772,-76.72686440013211
14.210335215682658,-72.13225683516407
8.870907053443977,-73.22525040153984
6.587175794101675,-66.85616884932894
12.100053685970002,-72.51440794255045
13.655277342396301,-77.18186161716517
10.92098514964237,-70.90368348962124
19.30110297765455,-70.99683599788695
8.064390071081695,-71.77837954165716
11.586809444030543,-67.79344578572726
9.86711884164064,-65.93884971183049
11.941266725826935,-70.85741440792263
10.568035784802388,-72.3347848407882
10.804099134092755,-70.89718975804887
12.647215234435203,-65.51755013331727
7.217584140041566,-71.2194088268086
6.124027943235374,-73.01690742093398
13.669726015204485,-76.07811989851245
5.276820560871664,-74.74038168997454
4.079465683133196,-76.90008654166226
15.578923221652559,-71.8312799754769
6.202998704432356,-72.3220733751864
9.31552676066655,-73.74620178221508
7.292519239976722,-73.77291612458342
8.711934296144044,-77.38004059791093
9.070225486850694,-75.42840499865027
10.658685226065984,-73.20706030477231
6.8092295042666535,-74.87475838591303
9.604331972997405,-69.31079418929343
8.096939271338865,-69.3287903598956
11.525433899087973,-69.45808727468575
9.530526230523728,-75.07057620802661
4.933708880791355,-71.73815589382701
9.99052716563208,-68.42166767683979
10.525305832425575,-73.70392338444995
10.272093333286815,-73.73027317798976
11.437652780025438,-75.81621724471631
13.699249717603958,-71.74443998665478
12.94731589097326,-67.11749637648666
16.977700483444337,-72.9432331731538
21.944040349394164,-74.80574109425002
10.748519920103625,-75.97978471774165
4.992074392657176,-76.35609703457254
14.246207960670283,-75.3199000888477
9.189840557757195,-71.53079251347738
9.621938252358785,-71.28054525743514
14.199828249888132,-68.02546119063744
13.869409771450535,-76.02708288476745
7.5774714174337365,-68.60988796677209
11.237480093751337,-77.83328973398854
8.283112157831408,-72.89198362455393
4.86529378977825,-71.82001731386619
12.770786565081796,-78.86233882845646
12.064429189924459,-77.42120243542523
6.779655621184073,-68.84863888801937
7.233454942609399,-67.13396347652171
15.91177762491576,-74.81864870282604
10.711309421275793,-74.86746627450498
14.119266223965809,-69.80689384093381
9.7908643896483,-70.19501510962449
13.558456780243471,-75.47043542704202
9.245387265360835,-72.77818684364233
10.256584369669367,-70.21313312431525
3.510941984138726,-77.63128717554878
6.857169614577766,-74.03448721947758
15.231256274926238,-71.04700478976332
8.358812244669847,-70.69307619859434
8.168924973206922,-70.55125783933488
9.886687410006541,-74.16053749793846
4.998447369535269,-70.05435670357512
16.831031940083957,-74.50991549329822
11.93655771613206,-73.56907153582239
10.93232177982532,-75.00907957218357
14.118336936915059,-71.0692158656818
7.976311724476851,-69.38288619948618
4.606382080526548,-77.33357161232814
13.841758044332524,-72.05370247123352
13.770455035181069,-77.76627437727954
13.299152049796552,-76.02395394295394
17.348081259235027,-65.78727431766501
6.5024065986328505,-66.79798959601942
13.902720771251678,-70.81917989437939
18.52899202812724,-74.31313073399161
12.064864236294298,-72.88401277365475
16.683342068113014,-71.21761179130067
11.947824396342284,-74.93573788350912
11.463942349304192,-76.70833242659587
9.336102413049474,-72.46316798659792
14.034045527445036,-77.14575127513541
7.303372167639473,-76.30179077227614
3.415577869786911,-75.05292389631893
5.315756404015797,-70.58973022656461
9.243465359698074,-73.0309541525198
13.839923718684828,-79.16167562612408
14.249678053945505,-74.65389974277227
9.56618888492901,-71.10857115312709
13.557942091500648,-72.19187643998288
10.849611705924936,-71.16075751714351
8.055935337481486,-70.27808375154808
8.424075348178086,-73.59437886603247
2.7998136565306515,-66.4023924505799
9.009756071973008,-75.1784842535912
8.525343976124477,-74.04727052129454
7.702424749122134,-70.57085267652968
9.440015178435198,-72.91770364097722
11.0235557862758,-67.22122704587696
9.955200107228595,-76.8967940857781
5.159675857390245,-72.92270569648414
8.469701214860814,-67.44763176736284
3.8308376951644894,-71.85500085286891
10.063621195007252,-74.69714380955526
7.235018092612975,-71.03046204150418
14.267252868287148,-67.18386613679223
11.069280113699785,-74.6646071153389
1.9249965498107073,-69.05418383558712
9.459503845927042,-71.58426382410825
11.3531306517147,-69.1656123945905
11.440311873418224,-71.17250365017189
11.584827091163586,-70.70354523659748
9.217978481816687,-69.0884355468106
12.741997842506787,-69.1145127517264
5.899708868727273,-72.22539799616399
18.960448502640098,-73.34394244284533
7.615735006599056,-72.90325811353962
13.159918751074441,-76.71396927696968
10.709623690844738,-69.50113122858099
7.385263606133092,-70.95931329920126
11.500242469147222,-70.44573215406082
10.808493826984137,-68.58996310938804
8.242611080451244,-74.11441838844962
8.824371495969045,-69.27354046423189
14.471482445354475,-71.60556350733461
7.424834883651219,-66.59304932834767
7.660264214267572,-71.3735320773129
17.34692970007821,-69.55922006695052
8.41609974780082,-73.57711514987244
11.383540466080479,-72.42266920058567
8.048301066388758,-74.35075355184054
12.981899563640921,-74.59734244602386
9.662530357329658,-73.6224812304467
9.370308519102831,-70.62343626747467
5.148243629955726,-71.43168588828964
18.99845791747059,-78.1005328626478
12.696756664040473,-70.51160526423777
16.072497686542086,-79.15645331937064
6.095556941753811,-77.70430679204782
13.015378995208344,-77.71790085329107
11.013975248539005,-75.86066292800763
3.2516667726143664,-71.71727643774183
13.47792143152351,-72.77528804436065
13.225480391620197,-74.24638553878737
10.110230282769514,-71.85236891674818
10.43643133664304,-71.7387823140532
10.839405942924191,-68.93056106677231
8.847746243288949,-74.5544924223028
4.393567082905525,-67.37887947031045
14.78805962249805,-74.96937497336542
8.265255934598965,-72.80076353105535
10.735835564702771,-71.03668054601465
4.810877585036863,-73.78449077991505
6.4421123216209475,-72.14741608412396
9.513508258362588,-73.59412067597617
5.911395041367439,-73.60856391942397
12.079829655876713,-71.46716754081157
12.97410587623405,-68.69003173361945
11.213499844029137,-71.53636474243173
6.510755819469939,-64.57790287301937
9.818204396105891,-76.75983821484036
12.185459654725861,-72.85115614190943
13.032001154596571,-67.35690589954682
12.495483628501633,-76.95146558790421
15.057900853658595,-71.70166771253405
12.764136316669553,-72.62797691084518
9.13935813538524,-69.88943314507345
12.307969659783893,-72.78731136595503
12.918642126471116,-70.09043872519592
9.872145866919654,-69.04133703288264
15.338885554350277,-76.13914238150659
12.714338723079575,-68.25532152581424
12.802076483388078,-76.8356991077447
12.674357183953262,-72.11650705178963
8.908826556589414,-71.6036987456303
12.814560055242366,-72.05770605736997
9.112661637305937,-71.56929537693973
5.333351660521231,-75.09888304476041
11.694127228121772,-71.45500022880765
5.460481446749901,-70.89330903059282
12.104615678822325,-72.35839318773525
12.621141161795958,-73.2653947216486
12.125295645961874,-71.57891888029127
8.909452761052968,-71.90277260925112
8.064324831836661,-75.58622205158913
5.265036975957143,-74.50786576611415
11.299594318915458,-80.25686719392256
11.181334648250003,-74.21786881172535
8.414120627232997,-65.57252030901311
9.516789931621409,-73.27877055962753
14.611288347770738,-72.55226891494384
12.995012843973374,-74.6806771308476
8.503360168190232,-72.33702989531432
10.43812233237797,-77.27488045989048
15.791030939763786,-66.40743020426329
10.084023340007677,-76.14112155889829
9.974364027243501,-77.63180230058536
12.346347565067372,-72.54596968317668
8.464894095037991,-77.90588766326844
15.180082388816189,-72.18544272560308
15.035818982956341,-72.93345235371126
7.73107318044473,-72.39048110091073
11.03122528032659,-69.48224973895911
14.033998526478204,-77.61121871081345
6.182096277227783,-76.66055371258904
10.151231007967,-74.46523224448686
12.822533735396961,-70.23488442693379
8.842572547570178,-69.88135190386255
9.64101823816298,-72.51163503677842
-0.5724972200288736,-70.93376133505838
15.109610820508639,-75.09137681778704
10.435660708594485,-79.8240855535361
8.006799511247102,-77.15794544857161
8.268032095142246,-74.04178904902204
10.401432930521059,-73.76461447622479
11.192650230473346,-68.36226405896957
10.924922213933762,-74.30524421731488
10.750971124099793,-70.9585472047376
9.248796760861147,-72.00361728635276
15.8888088962165,-74.26099147914667
13.173973617616848,-70.07575236953166
10.337068111047882,-78.60092971790938
15.747328771115498,-69.97587619674366
12.210952736265849,-74.19533511058764
8.75245885241384,-75.53451252256541
13.45053733121064,-67.0233955980358
11.049832649160178,-75.5115006274755
7.110942329931396,-71.37218524526052
11.866416602306229,-70.17787520153941
8.297047602122841,-70.4680729444643
10.675085402791778,-72.15952862971712
12.74511485340983,-71.94679780697798
11.90168829626488,-71.36723573597781
2.979420657724029,-71.73897968854132
5.389835899990714,-73.02813135964485
7.836569512214624,-72.22551074247154
12.390393532958534,-76.49251415649972
10.394840567610023,-75.94103208340896
7.056711358511514,-69.20407636009095
14.61392286083408,-75.79294671691932
5.8668674748522305,-75.88601932677112
8.152929735895718,-74.60051485397403
12.090164559818934,-73.9104788264236
1.3575515638521054,-72.53403504780059
17.012118434805323,-68.0388249023033
10.855525887453032,-75.31919727888621
13.632125019520842,-66.17390356544809
9.210638880761199,-73.78383053658281
8.406963458291662,-68.02412316556429
14.187658918271818,-72.67002016507102
14.973131539049959,-79.5102087879724
15.292781859153948,-72.10174834962315
9.518170336034872,-73.05282334644554
15.814200745601905,-70.54424634943193
9.167046354034792,-67.31448873762648
8.267169455735925,-75.51928931812468
16.037379778699766,-66.07565856607131
7.658691136581119,-73.73114806988542
13.445843571563543,-76.14954020883104
10.255893277831714,-72.28148281599262
11.697974231348708,-68.58104891506481
11.773287769616406,-68.76419472864019
9.793776510571808,-66.33081433051476
7.731844990333773,-71.11233452828374
19.351079342026054,-75.30481921757072
8.185027176653852,-66.97284655442397
13.309608451300964,-77.73537982117895
11.82491918966293,-73.49580839372526
4.969369041852447,-70.40860466943543
11.178706283263253,-77.82060270168675
14.899661830002264,-70.2786291731235
8.761558346328737,-74.70663305813888
16.653865301468503,-71.97470489083429
11.179007830652237,-75.46662442177112
12.2437535475696,-72.05834203906554
11.552452395412677,-69.98197517718961
8.356609653068997,-70.18997043363755
7.34878244897471,-74.97761018707652
11.690935200610774,-74.83428725708059
11.220063654945408,-72.49997233716272
8.943633944278108,-68.3058962281389
11.433272668952398,-72.00865016140068
8.24013551584793,-69.4936970976244
10.557051435269658,-76.13674033775368
13.053535127260501,-69.81391820405969
11.151125670521456,-72.9280335573205
8.768536640048703,-75.03485648998951
8.643274520550772,-65.95229995348313
11.3290206016628,-75.6086858075898
2.5128715621808206,-68.50375878537999
10.731219421488127,-73.16710293987326
14.355299054869095,-71.15474158741334
11.578115615149306,-80.489640210653
11.317535985172961,-72.05729929754685
7.728725798096221,-70.3424191991219
12.46827772884969,-68.57797804731052
5.678488981139511,-72.30801615941196
9.937456275169444,-72.84751001920827
12.33057342390523,-73.58685836235188
12.139119284154283,-69.81957017869026
11.871697675332417,-69.81400912333649
14.667936836206046,-77.01407273708162
11.722358527658763,-70.49505155892287
16.09268950260536,-74.86083541083093
10.808207002759328,-68.38261974015802
8.642977527079404,-76.50546538933429
10.353344203528088,-75.5484208665759
14.580071057632058,-74.95863034716791
9.651972163657378,-75.51053970124285
11.950169132529105,-70.9900144095505
8.524706028237405,-74.06071185508176
15.652791145484972,-76.84366306882305
9.988670771381365,-79.74518558516584
1.7136419663516929,-72.64858397555807
13.406265877791125,-68.3236870698421
14.482586472519229,-73.30504002657511
8.213829066684921,-74.69513376829613
11.225594329246903,-78.23280119817657
9.416637667419336,-70.18480414778767
12.63225132563918,-74.91527441207595
10.799240661737423,-70.90500363781187
8.122088460898796,-71.26934536857645
9.839144781877053,-74.54066229020022
14.081678374734768,-66.40440277688622
15.39617132727705,-66.01105542038381
12.56535629729035,-68.72801047809773
9.910152273225172,-72.85300424759882
13.665883279997935,-71.09110810661468
10.369890066331145,-76.40947006855278
11.855109364169273,-67.81216634999446
10.705932015423162,-71.28557055132717
10.045210992667661,-72.09677446234338
5.097716074938571,-70.101991001535
10.393253291208646,-73.581711487515
7.199955648297067,-68.06282331988403
5.916234830731379,-74.34348961953968
7.120334297024195,-71.56917330515505
12.986826858509454,-69.93715986514684
10.438859591323622,-73.82772397292821
10.516863304097164,-71.6914113293064
14.147334743500462,-68.29782518400609
5.16139624874505,-67.99166920301822
11.92581058232532,-75.2472389861062
8.6980489339789,-69.94684928521647
10.744231114907786,-70.8421872273979
11.76995084913741,-67.19110852107111
14.315508329171612,-73.22538908380042
10.424578384237421,-72.98959849527706
7.73944769895791,-75.30754534565247
11.64711616172748,-72.56603923366393
11.794054967558154,-71.47755232585008
8.152544488128616,-65.22174627140886
6.310792356362634,-73.03764055123942
9.399457536054953,-73.03849654218834
14.241006465740586,-72.47735530967839
6.840411087981598,-73.8312225437058
6.949790456128982,-76.66130324305922
6.9349749590769605,-69.77031952294224
13.095536559606199,-73.90755203600568
6.864304032794134,-67.31260064663668
15.309412267211894,-70.54402491741159
12.363125380385933,-72.38063272497358
9.977486329409034,-82.53251960425399
10.434894887047935,-70.12289878710727
11.159325555117872,-79.20963271653517
14.933565011851574,-61.82296096827516
5.8299335767270115,-74.98929853528067
9.966732839258825,-78.35353371837968
6.341282938402036,-71.12532787722104
8.31010658059344,-66.53170350534671
11.522712341037407,-75.97739536565055
6.24474376882326,-71.69600245761842
11.304644992099032,-79.30170636172811
5.83580974512579,-81.06279542256276
7.226105923490943,-67.99710521659493
8.936194002198516,-75.26694723944047
12.732240040044868,-71.77973976553751
12.703851949777293,-72.6538985960167
17.121438881443364,-73.7430228616838
11.114892334662375,-75.3898671807472
5.082772578082478,-75.71394594838138
7.3175906515585005,-76.43992609411859
6.037811225035232,-70.48629986652388
11.116787154357375,-75.19829972207116
7.315524846047239,-76.42184575235997
11.533607328670882,-77.36095730037815
10.001937882893246,-72.19773479890209
10.975780974420166,-71.60228038586821
10.310580925787653,-79.37608913306738
6.306837502508559,-71.16121218901733
13.783305602627289,-75.75741847951122
6.746467155096107,-69.18541114329446
9.408805723661938,-73.19832419162533
11.151390846817623,-74.02272902039084
12.159673871499225,-71.29754310385906
12.81280696632586,-81.15121640287987
8.32884639179182,-69.98863122869193
11.204199103743171,-71.7711737605142
5.605696302322107,-65.01861576680506
7.45540562597895,-68.05716036420917
10.818644477818617,-71.8373712154982
16.517966326352145,-67.69728183799505
12.890445327253218,-73.83655724693065
13.896570343548055,-71.65667873363269
7.993350586355891,-70.85393310772233
7.710460241424282,-75.14219152914005
10.686669536480178,-72.80849943249237
12.74364389546881,-72.80492142609582
9.913452850111955,-71.73525387460923
6.391283246678978,-67.81070940797844
15.284243597651475,-71.4996785473738
8.924416093737515,-76.05109237619406
8.75086769931945,-75.95798046166612
13.140650675382503,-71.02164759010853
10.893650440969918,-68.91326065040947
12.666612228333168,-67.46690310246636
9.919801487592082,-72.83150677087046
4.982035584560811,-76.88164721478942
11.597619672431916,-72.63691802089755
16.58339750866355,-72.9878173074337
15.707174893782701,-77.51040420516053
11.061907777174495,-69.11233617708868
8.147325764150423,-73.63545358827622
15.317822892279217,-73.49703054281677
3.393910784384061,-73.23055604799617
13.624468300914327,-74.72020016077153
9.16693233597668,-72.60603568416775
11.72456112053347,-71.29517219037318
-0.38424862840680873,-71.70355713063417
11.096889130655274,-76.35553892816829
9.586055245558455,-82.72009407054658
7.9043230177430885,-74.22531216380952
7.31978540627671,-72.63816301130336
9.545040118958802,-73.33609058270736
13.565323481649749,-66.23935394082798
10.789867476810556,-75.12608396653235
6.617963161799964,-70.74957167858673
12.682235920653564,-72.12492767698511
12.932792143706532,-74.90191605752361
14.335020753469268,-71.86581439382448
13.598308568935316,-70.09001994456732
17.45011484071274,-69.0705595794372
8.068878449517076,-70.46251508414066
10.660306431071206,-73.4234703270369
15.826939162799878,-71.82262760908151
12.42184363572741,-75.17193862671219
12.604916065355365,-69.14834195252122
8.170084197447718,-77.7738770934234
8.457622449080482,-70.22386332590443
10.602738903006474,-69.13870644585933
11.442344939818652,-74.90238861215775
9.262657319763333,-72.02145385277097
8.924559176372393,-70.2708010444806
12.845245740449439,-72.50461292426692
8.345941044963787,-74.66244288804924
10.0968468707861,-72.94887506045208
6.319092696059583,-68.83509798917112
10.127305357803435,-78.97547359651342
7.684417355752019,-69.58358573171921
4.401911867163808,-75.12323995849347
12.393678864988708,-75.63731628368146
15.693999474029592,-76.49529283284564
6.0367819095560655,-73.18570567694802
17.699114719618322,-70.38046165081332
15.590964622030624,-75.97065317390354
10.799443918637015,-74.76352732115708
9.710533289400011,-70.7826731483112
16.587567966040485,-64.29381800686839
11.263891616901356,-68.77502036722682
15.494952190431425,-78.42974352275616
11.195136004037815,-72.96737668790172
7.263060715651273,-74.73018768671156
12.043538267246014,-74.28764651527442
11.487615119291434,-72.16097164181701
12.78149704649514,-71.53274128731934
8.850367247097106,-74.3346638028523
11.793702763388026,-71.9954573849932
8.820126711730444,-68.90224166228491
12.868835058687628,-68.51973349580135
9.487522345154382,-70.93747454726058
10.440676162646252,-73.32274245646562
8.268006850876002,-73.31554288113783
6.177547503877966,-71.69045609601693
7.052339702040944,-74.60170934154935
7.559383070698011,-72.99482130872039
10.401090579339199,-67.78616609797763
6.67932734195925,-70.88592695194924
16.806842700431645,-70.06628110668056
5.664385979095189,-70.20337091771214
10.74389477124338,-74.8180771356731
17.044270984291288,-64.89398061898727
4.917587418768458,-75.7606939371481
3.8178321753829767,-73.09998660536594
14.009261132581935,-75.12654646953345
9.912870019323051,-68.50654012476154
9.499817530722588,-74.55972861334935
3.2169199789589626,-72.84868184398194
18.314058676099613,-71.21750001043046
5.701934514560612,-69.0100161675935
12.797190730668664,-75.16128946705597
6.768554399814188,-71.88727245494461
6.678586674695125,-67.71475766373128
10.07445959113232,-69.98552493794267
15.765044391764622,-70.05705109900882
8.863409303906442,-71.18409061542206
7.569126677994085,-69.55491533018944
7.127689152921698,-76.84273160025124
5.46249169844835,-68.25917076979816
11.434052125385039,-72.76449851425613
6.884246299240369,-73.01963107744373
3.72926086499766,-72.67545415225517
5.686704701493841,-72.400540417074
9.281355299372438,-74.96314627296373
7.325735309941085,-69.85577928287906
3.649081343646203,-72.6604562538259
8.880544831191166,-70.93942245363918
8.986491539724039,-72.8081377652382
12.21339475145025,-71.03285022878146
14.257373050176916,-68.8608696747438
11.324876067165352,-68.8191131739368
14.524477475250865,-76.98451355524303
9.430974609376202,-81.643484746393
11.587518106688643,-71.44577581751173
11.38903788462411,-79.79505916645353
6.95644116757092,-72.0664522915381
9.212302721302876,-65.90415148390588
7.0403289216151315,-74.48835518516229
12.106666861555796,-77.22639369666715
3.922727847604688,-72.12986206819419
10.975868867284875,-74.81080403880857
11.45304485494286,-72.13513000666016
12.531742247801521,-69.35381561473021
14.041778126328756,-69.56607510659114
9.075098223697157,-70.9889336148619
10.312484864705352,-70.29059454806368
8.912431024908226,-72.00127419751806
9.549292327298796,-78.98153560653783
16.58393370922385,-72.31028062241614
6.355136015373884,-71.08883125230119
8.294860326300604,-72.80632535695831
10.057867393465317,-76.6602255895345
8.753101612450251,-69.16823758117054
8.734826291926156,-74.48367974140413
11.063986293964874,-73.61037228626981
9.95632632271963,-74.69123667827031
11.21592084876813,-76.66360795113489
16.501161640046007,-66.98995403609867
14.338166942911323,-74.83767652386062
8.755308203174758,-71.60307475718133
7.819771445115286,-69.65819337286763
18.82025519378121,-75.53279376117356
7.334623446315492,-74.22002848003704
9.350065304799763,-73.71550861899382
11.523388196792334,-69.05541901844835
7.247847096044309,-76.68919240637213
11.40363938352273,-68.59617377902899
11.129914346547915,-73.09417328996719
12.837742103305642,-73.81167139220514
10.764073219198151,-75.15235676315439
5.489507854360839,-76.86489310506872
10.578249728855605,-69.38634736711685
13.405770802044406,-72.85269309212481
13.026856008548432,-72.73087316776126
12.155243355757925,-70.63332460849145
14.258340433256917,-75.71843145741765
5.996350732864632,-72.25162930780017
3.5770580111717436,-76.0417753946272
5.818332763760362,-74.02891474571277
3.9022983723131093,-73.34486121351115
12.218274505654723,-70.20238284443253
13.014441284906834,-70.97565187838416
6.269064624307371,-70.06523480749289
14.07982394230972,-74.35955588542
10.699687452068396,-70.04223593525329
6.109334225692567,-74.45947852868817
8.222484462043086,-71.55032839860768
8.290593402282706,-68.47207486245267
7.685524830834721,-71.00781016415468
13.945232083948206,-77.10393558201402
10.204598430513462,-74.62893855133895
14.766680926093585,-77.47382417370379
8.730719430527751,-72.72105530258638
12.46263297860951,-67.92554873571112
14.72012285949734,-78.23879866802669
13.919332319235082,-72.31481212222872
10.680724854533947,-73.10834152467861
11.994239093673393,-72.40455209892816
12.163557443039796,-81.14790142645201
11.038081705994905,-73.11577282403293
7.920340029186649,-72.95649534359025
11.169001048245633,-76.96452388877854
12.93744194480436,-74.41353679876826
8.858045996604883,-79.10338426538301
10.842786901546033,-69.77040314958094
6.813086142435666,-72.08955685605332
6.964170974767736,-70.31054789115028
10.69777169238344,-77.10219800124514
12.274257589364609,-71.19336862009247
8.452525647780742,-69.80054258610613
4.454643864710623,-72.54878219725698
14.360993199035708,-79.63091463470779
11.02664490148551,-68.10057549844538
16.230507736385018,-71.42284449637008
9.446208094876699,-72.8657303008879
14.433171219577336,-76.35061879485119
10.647769723973445,-72.53626525025199
4.926358744853416,-76.35217384439683
4.80582583941896,-72.23381946440921
12.6612279941075,-68.73308284859073
16.862150995782084,-76.66314239833537
11.81038511145945,-72.07219825109767
12.706207042035793,-71.8077285140243
15.853650260211339,-69.59096725909004
10.847786916078524,-74.6001347491105
12.534269263395949,-74.02490280975623
11.142035334691045,-73.25058011411893
13.65719359715278,-72.48206802614555
13.86105830527169,-72.06544452036712
14.465496966371424,-75.08690354321062
15.165982968650756,-71.26161340534104
14.356061604958969,-71.00785264415758
16.145622240052028,-68.3512590327952
11.78069588446445,-69.58640469147015
12.22659594930381,-68.52960144932283
15.61996407136062,-79.3424954395578
9.42185143888882,-68.51421721762715
7.887844895816119,-62.79603359037027
8.446006068388476,-74.26130089500926
6.575091965633013,-70.0109207135876
10.046558519460474,-73.37397245916254
8.388145855308231,-77.16222116451065
12.36577414875239,-71.08903263097838
8.649508109567337,-70.03171782260513
10.92551681961357,-72.88040541148017
8.309298385883313,-68.28028607471495
11.812661923748404,-75.03637580719112
14.016975260014167,-68.19857952043286
8.60481839400294,-70.47130034406493
13.869576330052045,-71.2802388823132
12.920778680463512,-74.85150976694885
10.189288823750488,-68.85877997622147
11.493602447895196,-75.25330948664183
8.886516052187934,-69.56204586882733
12.906853936829,-78.61136458264734
9.83871845902829,-77.22401460538669
13.976407039780838,-67.239995286496
10.982282665553072,-70.74826409712125
13.894351272727365,-70.97983156789898
5.481668613865603,-75.457958695117
11.908362171705829,-73.43026470594302
7.518501083815584,-78.52135828409307
3.6116626692539526,-75.59220357236393
10.310393089291441,-78.57576739322612
8.070851801665267,-70.93046799170136
5.7943297214277605,-74.05664863687139
8.201189404695667,-73.29216694317087
12.603345911933165,-73.62385719151004
18.896196357197013,-76.05522259271392
14.697613859683702,-71.38802651663234
13.830641778874778,-73.36280386922881
5.411038708444911,-73.79622214833364
5.388176132067756,-78.07020209530513
9.995247294478538,-74.11881877331624
6.746068195707368,-71.31617464026156
11.847524394354693,-70.5199355793716
11.892264829430705,-76.437445885257
10.544489361027914,-70.06114337119386
8.578533891843213,-73.69581198221957
11.97344812734572,-75.25396083103897
12.107752152191805,-77.55041028907816
12.318154906344233,-73.7099244568365
14.388212208092265,-71.04276058875976
13.678690344826922,-73.64261960960931
8.939846537715695,-75.40030335908732
5.256220076762058,-74.6314976419241
0.6356699977682894,-71.48560230277856
8.427157959676064,-71.14169490254108
8.25160513365282,-67.83801486695145
7.251567355873744,-71.25503873753324
11.374679578569411,-75.39438463633533
14.141898796748059,-67.15107798729979
8.244851735178411,-72.47637658658365
16.16510000312391,-69.57071211025523
13.558504594139322,-73.78543645502486
4.880797807211874,-67.81129337634982
6.001349700638798,-76.23419758363404
12.343351325110781,-76.48738078950971
4.927940199231299,-76.57139529892156
15.095205696494862,-69.6035250934006
9.426096842921265,-72.86289963606778
11.857299831521022,-74.53776619810489
8.48009567097131,-74.44056320908598
6.494888099674156,-73.44364828169856
9.942081512139833,-73.17748051004797
10.503403655953893,-72.99987973783819
11.91808411393177,-72.11921289195169
11.08898924987945,-72.48084651491259
13.761899057337612,-72.72680331817179
10.29015867357576,-69.95240289348165
7.854554611070986,-74.38276671300333
10.790386778518068,-69.17879586071565
14.014800939648477,-74.41387953214752
9.086231407641018,-71.73884127344057
9.267496469664687,-73.77786006997243
15.886266428829394,-74.26564917864424
13.24510666795696,-77.70834142089932
12.0324995491953,-71.41557091108625
6.319469873314223,-72.42075889887501
9.326773084892148,-69.40663860007324
10.983225633536664,-71.15777596352491
16.23130244678218,-69.5677376799203
16.26863579463646,-72.02488423755125
8.648755498109672,-68.06478092438934
6.558216358614244,-74.46511137140872
9.539408572446948,-68.77881436072407
10.651451645914486,-75.12995710381126
12.903762529003439,-75.07436377170586
12.045840271340985,-74.92234706630757
5.680181929095447,-73.79777288703096
9.593088122231356,-71.47392650455626
10.957756531286465,-70.57387950142562
6.139141196239467,-69.18103965544302
14.38025914881309,-70.9791816665309
12.466818003530465,-71.63997412183913
9.745177402478873,-71.1698787487576
9.37150531808054,-70.73709586069351
11.687192229613556,-70.9492151118316
17.26262977594643,-73.68222196187442
13.78192323869856,-71.58494195673575
15.251748319685404,-77.90042401056863
12.406581364654794,-68.557386239903
14.762644220105468,-71.05531859679326
16.49546500440664,-72.6597035769691
9.812027957858854,-73.46838334545869
6.636863014889737,-75.32702230621683
10.055836039207728,-73.08291584678338
9.330397945513424,-70.25589786265904
12.759486648462802,-71.67817453404245
12.142968242658387,-75.15327373432488
10.786757484801337,-73.73246521167685
5.228496897780058,-68.19311553039975
6.65984444127693,-72.25357607191285
13.622281603799896,-71.24003854985779
9.41358573157458,-73.91321850919074
6.956341992771776,-70.01460636992847
11.634030592357622,-72.20624361179526
16.981903588093047,-72.01954987124634
13.270946936114136,-68.0603388591278
20.072494524708187,-72.61791630621232
8.54391420831131,-76.27080915138993
7.541653649261683,-77.83458836491552
8.176093401801447,-65.14500056739061
12.67848927483364,-66.79936802317054
7.264916650367954,-72.77528614623239
6.38960124454212,-78.53814951709433
10.163201221989546,-75.44861590399688
8.524428006747701,-70.03930638720114
12.30941973359509,-70.45506532199093
11.019332426692714,-76.3531982180495
13.860101274053413,-69.39007490895257
11.04752518091984,-66.90842218168964
12.03100310101028,-72.35007840850994
12.754093817034276,-72.92377049688795
9.110827867570292,-82.7349494329424
14.584710714452914,-69.6327971720005
11.192086346456925,-81.3373440203543
7.665497747138003,-70.664943255759
6.214027355470859,-69.43326923577126
9.492703520001527,-68.8017708697428
14.326413698336983,-72.0296236298496
7.106062910409779,-72.11711201846015
11.07617716822401,-73.61422954724995
12.233983748553882,-71.96167245069428
9.022829399949144,-74.1492919529693
5.804616235322426,-68.4374741138181
9.742823155655259,-72.70702054712422
15.389266630807754,-67.40321574101368
9.828952167508136,-70.51837198421516
9.008037289468344,-77.97975096538545
10.937442917414192,-67.59166283514122
12.926569612903178,-72.54584492884001
14.412024272005088,-76.76616375173462
11.698297633326684,-76.81556545443937
10.990489447540227,-65.37788280250436
5.453931558866818,-75.28143658339548
8.247247938089544,-72.4134326990067
17.605553791775563,-78.4779146426697
5.882930196548838,-67.73134291169141
10.540704684221883,-69.53324012343884
9.56252614042193,-74.80199195156507
8.871862910531492,-74.37932827491888
12.712168001390179,-71.9634040118708
10.2161657959331,-69.69496299865324
13.268233412459075,-70.41088954886098
12.86656714649731,-68.8359227525884
7.092873405968781,-76.8672493227782
5.905842794896143,-71.30930426116477
10.232531143454073,-74.76619463704324
6.777684694854498,-77.50153178114772
9.539501467726923,-71.69335259235511
11.157761330892022,-76.01739502699469
9.362826330162441,-72.92730215246246
13.269052722817346,-73.22565232341788
9.251264073957149,-72.48791646481764
9.778942672021733,-72.78574855439288
11.67364335610563,-68.84781071835248
11.763190951699153,-70.9909153953546
11.684169702094994,-68.56649592425049
9.94766167679132,-71.33986381495978
12.787169072024405,-73.79751650651836
13.915470239927753,-71.33323552425429
11.116680531460451,-71.87465844381917
9.485448606727074,-71.28065128369896
14.981647214990492,-67.10806857155909
10.87980633115584,-77.46993043368845
11.77270300958628,-73.44347431998419
13.329213397307736,-70.94949685689204
12.027267121214223,-77.76615932124582
7.335917853680746,-73.45548005761411
11.733617253790975,-76.43510062137585
10.88011278984181,-69.06501691590259
2.4148426549658115,-71.40652971938907
4.001947243492824,-72.32791891130081
9.42493639494753,-76.38448195840984
12.808852217676394,-72.59850798733024
13.927557502331952,-72.85068158664163
8.489864027696544,-68.52527997739814
17.615770771869624,-74.13381660552093
6.070777383772874,-78.31885647576544
9.04096121452666,-72.73374975871172
11.018508050001827,-74.20709677691491
14.685399128394819,-70.85606027099779
10.233695403040748,-70.42719809829174
7.8231835442879625,-78.07022004231247
12.048865467482699,-75.02034009929926
10.179472036624114,-73.89475717233083
9.099321370516392,-68.03760497996673
6.254623020605923,-74.67712881848882
6.4865689589634075,-76.75666568852972
7.531226903579425,-74.06549565130618
6.0146023801984505,-75.05134055431527
10.333892006421069,-74.28397032962485
6.758940914940274,-67.23418677448677
10.813385390940406,-74.08998744601422
7.355742002368029,-74.93318775068204
16.522809242273674,-76.0878245762807
13.694690268112634,-73.59304932339367
13.419191101130004,-76.75258708015106
14.374230032917229,-75.89578961284936
3.0759751742398205,-71.15491129122637
9.438517526699476,-70.94079313067859
8.709276508722567,-75.00375655678538
8.972770070017855,-75.24616538581962
10.122444890697441,-75.44513482611261
10.793119177988748,-69.59650086371089
11.474083417198123,-71.67972888847785
8.21894760822548,-70.66260236240848
7.31902564977497,-68.6228113587763
11.735488915796537,-68.34572027184518
1.2367242573158688,-71.96086460901108
15.269186250670074,-66.72382513383954
18.48211023518559,-72.35572477818367
13.441912932749887,-72.20387633470348
15.705260493782317,-72.82846158277277
19.66162184943041,-74.64068205885125
8.137344083685845,-74.00220643543223
11.760398729406534,-76.77252169779133
8.181847789440557,-67.81702789514979
12.575723725125346,-73.00363640868213
12.618628373679979,-68.0826494390138
11.873451121090852,-75.95625557726859
14.875532388944965,-77.2285316547642
9.2823922726879,-79.04586936559535
9.66600792925753,-69.79802242675552
11.248662569875698,-75.28714790616013
16.009506643433376,-77.19659867643765
10.189075062993098,-70.68417771271959
8.362735769438583,-72.38486564521965
13.197140179220831,-78.97839155478528
10.379044257330206,-74.80241766604863
10.061930344829909,-68.77080456922866
13.363017622500228,-72.66055135031989
17.20204421272844,-77.33279126651279
7.9838303992985225,-80.02860120107037
7.841150786925349,-64.38319742047085
15.597667649269908,-69.50626759792033
14.441944644546986,-74.04109162501233
18.337346306845745,-75.54868931934453
6.549795599218967,-66.95759337952119
11.026177188398306,-70.2018119124766
6.4657672770528745,-67.46905766941697
12.671499951245398,-69.15566834920175
14.184671531661458,-71.46433449832138
8.0040594734253,-69.87235262099888
11.953955398181627,-71.82737934637078
11.869063928982303,-70.20278168880088
16.697569843,-70.68979110202243
10.776362212148456,-71.93966139223778
12.97935902672848,-79.09419923215934
14.362704065005268,-78.80920514093793
8.911150232696093,-73.99469250550372
12.28847971865433,-68.63436901515895
7.921644829355008,-79.39536812343157
10.23383144969568,-68.1925898666799
14.835301813537066,-69.04927979295293
11.722218810360431,-60.78496239170733
3.926624859628533,-69.8742730377016
8.833464563853576,-68.36085540422046
11.64182594441278,-72.79641709241973
8.098281246116354,-70.54713426379594
13.831611040703194,-69.6923776676829
7.355782159350492,-68.34660302271708
10.692566932556543,-70.01706594408098
11.060279206828689,-76.53583153254384
6.850399441531378,-72.19474239304292
9.630167419147142,-77.19714870678467
16.202194975387094,-72.12201566103508
13.646896201881235,-74.94064662147939
10.460926103503255,-74.04704574930705
15.289951189360558,-75.14495443185555
13.265174916053782,-73.09854539285914
9.809955835940182,-73.0111962864173
5.017955531944068,-76.20646500347122
14.719808414297589,-75.11972659282408
12.995309783469551,-74.8201028312703
9.091119853994615,-75.33926688795948
13.404963546478989,-76.60493263271299
12.691528631177242,-66.14473938093292
12.042783818425045,-73.0429258259116
7.692325023440846,-75.34568702380463
14.565878272184781,-73.72646659646465
4.600936804845359,-69.94139915782107
9.58857794228192,-74.62543718036639
10.202166362742748,-73.65312283346255
6.104301619446337,-70.75197980644431
13.132918781871677,-67.56657280606048
10.096068013167121,-71.23239955374254
13.218702179408842,-76.08015933144969
13.846567126517854,-73.33947155003494
14.783886569194749,-70.08851766126905
10.529878867594537,-72.5998880724193
10.322576276378502,-70.34747147460828
12.334508783960029,-75.06851987108092
13.384093958119902,-72.31172949619237
9.635362418505176,-68.08616636749773
15.454600600670254,-74.28547815753696
16.456495567226284,-71.45267679703969
12.731643249364412,-65.97117409206791
5.049532703931807,-71.81587312919119
14.735175471436147,-68.13447143957357
7.874397356537849,-71.73759131442893
9.639120106752436,-73.93694072334273
9.572813453422292,-69.90966484853429
7.524566824337924,-76.0904692238428
9.385980446207693,-75.80088404152053
10.766399126420596,-72.35331186853043
14.995144091092893,-70.01762248200228
13.396773065597202,-70.06489699437742
13.650635342933079,-76.27666572637217
8.508483475224049,-71.94002480662529
13.130283312675827,-73.85781516846308
14.601082512712235,-75.01967252723945
5.869679268604812,-70.27102315369446
8.6460754790445,-67.66960815611766
11.427986201773807,-76.9926896503806
15.376868510158609,-64.13208680063224
12.58540646837969,-76.43109626742596
14.368890140104423,-68.6686059523746
10.464106396965366,-76.00733811822926
10.736875196117447,-74.37373125102093
10.224978698100118,-76.13132779696754
15.69795094902797,-69.89146608265726
13.905904763686456,-65.74782989759805
15.06951029302407,-68.70460263200944
8.477169548618399,-74.93933323225643
7.8417535068373,-67.94362143507051
16.46431198002138,-75.13721469613238
11.800164034520838,-68.93379938383714
9.512038348646556,-73.13376541323484
11.539335289193044,-75.90419704960098
8.346199334240538,-71.14121493034568
10.531250179416832,-68.51139256412475
15.026662761444282,-78.65094097125854
11.555205659620079,-72.11905644470738
13.34060327264046,-66.72484817955471
11.947787332635533,-73.42005483661013
11.05090560167323,-69.7074419467267
9.736026706679816,-72.300790451684
8.160412565542218,-72.47366510140252
3.7610396899675473,-70.57806721364909
13.001042815567313,-72.04780354215983
12.707254308716854,-74.97067194005987
9.043568507715154,-72.6913736863484
11.247128780694641,-71.07889832920979
10.941709302674342,-67.33105206287
12.785241401207289,-75.85580477399964
16.968120331704295,-66.65353065341867
10.846257686014638,-73.189895995798
8.868341339106966,-71.13849585984988
3.360668147732481,-71.1047140897353
9.270303933828705,-67.08773204543581
6.9201203698939135,-72.7042348036199
3.968559600842191,-67.14448365969794
12.126020176632231,-66.83168802519103
6.874502174005757,-72.59148912646201
13.939888556944164,-64.86668649525956
8.912587011501877,-75.11007604535732
12.053762032837477,-69.89619343178278
9.759286000016004,-71.56332898071767
9.864712457984455,-72.33813081871789
11.325716614131938,-71.14396042847022
7.059481054747325,-72.95219602813805
11.728823971996484,-67.46058945934541
4.462923728526362,-72.96099143067813
3.352153075584588,-70.39105589653646
11.852822328808784,-67.7617659938218
5.312456655634309,-72.28268075221725
13.188721821657067,-73.85040003890023
10.961560075390906,-70.99848606709976
7.972981911883917,-78.0504963241054
8.093451530881294,-72.43802114636452
10.819737526129268,-73.00921180105107
8.126122538011629,-70.55894352190755
12.090962799379632,-71.48927046588821
8.358747378187882,-69.94004106463142
8.059751311496138,-74.83089803962955
8.336731205667316,-74.2584911438922
9.087600909350645,-79.47718809343561
6.9411670035138515,-74.10993880123827
12.02270669284939,-73.63721145570582
14.739232448268274,-71.90507974636647
5.160968040052825,-76.50415277434593
7.938251667946641,-74.91975054867089
6.484167133954903,-69.30092522378916
6.353324016850202,-70.24590516254656
8.753705469252303,-70.66450752506432
3.3723372841611665,-72.43370073332653
10.630533792068988,-76.12566779661795
11.021995302518318,-73.43670976066943
10.670146081297762,-75.08808051226983
7.219905644637608,-71.52642916512809
9.230145631925692,-75.07797278489224
13.035614968048401,-66.63296949770779
14.706667906868324,-75.78779696376083
10.462455352414027,-70.71526180507865
11.2165675429056,-70.81552757589887
15.211403173442294,-70.42264217166759
14.509430709579652,-74.785472912075
12.58076498580423,-73.1275760962474
8.636889930432778,-73.55807157700899
16.24174589522716,-75.07331344380142
10.954408629300756,-74.75596896720315
6.6085480470182745,-71.20370617354875
10.90178903009502,-73.57295519514545
10.276458217646569,-75.09404005860162
11.268749064041561,-72.84065545629844
8.981446295082309,-73.04583751344592
12.97850945256849,-75.02631329027105
9.936709311585672,-70.20390969832678
13.390342403367715,-70.6397913337633
11.016335815454728,-76.89275341275864
11.028307746949734,-73.94646126972533
11.082021759986423,-71.20487850717424
9.188871196250897,-73.89355630771772
12.963452585751927,-70.90753132010194
9.654444556947954,-69.05884464566932
7.673637443534554,-73.16154331271508
13.017136193029327,-78.99166847881533
10.886230301224183,-79.05752365201259
12.547465705156887,-68.69784020842727
8.926162217315671,-71.7590575180968
12.27850581329118,-71.46102666497585
11.184632139402526,-78.9971960307811
13.188426351106134,-70.28985660197388
4.804322982752228,-73.27737853212356
9.016819565234112,-73.63215000367643
8.944734152826904,-71.42691656028204
12.710580884274938,-71.52742956418189
10.701755516810405,-78.42446277013836
10.167252513988549,-76.45797812451237
7.4481810875870185,-70.20364567972999
8.463172456043832,-70.44062462469738
10.906715412062276,-71.22124530949684
12.088142619668313,-72.36853453285465
9.707673724061213,-77.59147955233834
5.076432712112361,-72.19901508799809
16.019771455348305,-71.56929235148571
12.265905946790994,-73.48449753891542
8.61793393422321,-73.72804019194918
13.346955442832243,-70.96504597992984
11.403620520154167,-73.05384882148894
15.883430103250053,-72.78803285115006
4.934959892413648,-74.77015721623556
6.285167582693957,-72.45322932516414
11.771524768127666,-79.48296085152039
9.50893991156199,-70.11216580855749
15.10681302126006,-77.17306706836322
9.24140102974852,-70.61647772678295
10.489954394741082,-71.66513809300719
2.8174756044438736,-76.59244613349955
12.44817536753536,-73.7131423741847
9.761082621620012,-71.02047332632496
13.241520382410647,-74.21797721293926
13.078782171485209,-72.98051369039523
10.142054418701022,-74.75249630491953
9.939111459627421,-74.50484103533866
8.923798984768498,-70.07501671118186
5.593845561372449,-76.71708276323601
8.45170084317269,-67.99461560811142
10.04362235800556,-70.27485444338281
10.483758241636872,-73.19537859098247
8.248348496073163,-73.67738817384372
10.201367411711015,-75.06437460923375
8.979194929591625,-77.94058495823015
8.284777994936888,-76.15109378141906
12.271448825990237,-72.99619032075243
9.521782379773278,-76.12598675305966
7.100925428078701,-68.24607603463647
9.979103995702705,-79.10310609364917
7.1358759745956295,-74.33691712245006
1.8893810547242254,-76.31603676086652
11.787018873734677,-68.10457810466443
11.259676443190699,-71.96421582281211
13.664708787431534,-77.64456496020398
7.4554654761902395,-72.69771185131741
9.313022308000773,-73.22659574099038
8.112449601739103,-67.80221779826996
10.825298432088976,-73.61264372444089
7.385895351038333,-76.91774309792532
12.336317200140673,-64.92429518318407
7.590276868869648,-75.8212437216688
8.005753693087149,-74.58269912383776
14.175824722245602,-73.7554064453703
10.117290880229671,-69.26369798061727
12.157982522565842,-78.13526522082265
11.475591489936694,-72.30778195796115
9.237282698687476,-72.0297586085234
9.128426995163723,-74.16312426912195
10.770943501367062,-70.17359548522009
13.875716704277377,-75.03470314029066
14.698329822396705,-77.40315956490194
12.24092054462342,-77.86397285695978
6.867379791367295,-81.03943545202733
4.587052685795215,-80.46080327277107
10.658913495534641,-68.26649529981835
7.829501489803947,-69.68350380294177
11.616140958602267,-77.71546437361421
5.733061219609215,-73.48505380332331
10.53129136871427,-78.26230894830223
10.315630712297114,-71.13210806629951
10.033957807657483,-72.20563386047867
10.584354291027104,-70.03554200134977
10.406133442190107,-72.94970222327875
10.038986685577987,-73.58715933710657
13.329908069398446,-68.65626404199398
15.678080162774291,-69.21928072121695
12.156371727946174,-66.71605397710526
11.081978781874373,-71.64683399811122
8.25773973372003,-68.426974190939
12.804750152546324,-67.5741247680065
1.6950879550192077,-71.46106472201699
11.6839015468176,-73.86852733506512
12.448519476106085,-75.50619347517781
8.081354957500594,-70.70870638397075
12.303760673836226,-74.89280869377811
12.696599178389796,-72.30968747083382
9.610503326004363,-66.20590660512094
10.93495848119592,-65.62191724826549
5.430649392784526,-71.8889979684637
4.819757764614596,-70.73102848487818
7.005055238594797,-69.27965417422513
4.781005063770357,-73.0329218245459
10.46334048812129,-74.44511813861553
11.413410395291184,-75.33154009832619
8.53494283127574,-74.13263234779062
14.43091490346433,-75.34733044848521
12.28309704339122,-74.35693260357363
7.0812005657303425,-75.78796395466468
5.751835853121507,-74.23646278849674
10.580879121391856,-72.34438114041613
13.200547781361315,-74.18746838980127
11.24653510175068,-74.94966354637471
8.223583530208439,-75.71220083038581
8.918557835909054,-73.77518731597678
5.882030855137583,-73.04947376520033
12.46008925722752,-71.9997043780683
8.206015111398422,-76.43901043589436
11.22226035102703,-76.30432469750123
10.281852593343665,-67.75234839312341
6.230217762876081,-72.48649406624858
10.561065672387514,-70.83295597586834
10.490873962864764,-69.10466307478826
13.645887564407063,-72.15491906370615
9.826850169577979,-71.82373431146688
15.482305960332452,-70.83391735563156
15.545924726242223,-76.0923493171938
13.119438656674395,-79.85045663319114
13.982062364414505,-66.51539474025246
13.976425422764821,-71.95161096194958
14.754490543848043,-72.9407221979449
9.843611494276228,-66.62900812294052
3.3383511269818325,-78.369016710369
11.7199386953058,-68.79094546234222
10.089810576867242,-77.8267263492751
10.758747207074304,-71.3374246720946
13.14144910074073,-71.05859353294282
11.006069012245918,-72.89451882002561
9.322126048688952,-71.1569328913892
8.650212644117005,-67.97112799899536
8.350247438904574,-71.21653581085604
8.893933686304512,-73.71870171284974
14.367080399317326,-75.76709731988466
9.558938337616143,-75.17488350041488
13.706938959182198,-73.94283632226475
11.517605317942488,-76.1651484380349
12.789592076314381,-72.43093940905051
9.25289098770412,-75.41188477031278
9.285246633306391,-84.49965926682171
4.860478389822982,-74.07595419568842
7.430934120015651,-67.70726902991052
16.710001322141547,-70.91653564442112
6.569361793131497,-72.921470662509
21.561001933748127,111.9387961764157
19.70785374811546,103.40853168005877
22.24704084519776,103.76859612918219
21.23192704264067,109.28884225059215
27.103571675596037,102.15966899261073
17.127625064069633,99.01868164278982
26.054727022773953,100.2257336260279
16.38990841427183,104.6098714415146
21.87610901523383,98.04187126267593
29.26529236106843,100.25802053541463
14.499340448364684,100.62163437127218
19.881143076088495,107.06062398966084
14.11707083482899,100.24280707825703
21.234839610785446,99.51940608975879
15.906860959420687,109.09167139006915
19.71115639168746,102.4371799571551
30.282322344478203,94.87183247726628
25.830153839539427,104.79387030193514
16.14894374353264,96.40799755669197
8.739385311489363,97.9479440558833
27.355391464156256,97.75968078991387
22.829238246004156,106.1291670929162
14.1082493475533,103.43053046112118
22.08069331515313,92.44892368717124
19.77913696584382,105.96052788128219
13.207335881574394,105.30301267582004
10.704004956052996,102.3473479049179
30.279893393389123,109.42009788797384
19.0351328653729,100.25076418564419
16.567168314075893,100.98520192636234
16.367703272351246,100.01815093230717
14.820844818303843,106.68746720219036
18.926315188343516,103.7322956964989
16.58859234812434,106.67700870006956
17.751263876635548,110.50091129923761
35.836621548755126,98.23394735470563
13.528947464088056,107.80780251787304
9.304265603668506,102.9075319371635
27.013206165962824,104.47786724810257
23.287707656264107,107.77615806903296
31.62791037725752,108.45804458333323
25.71375046216449,104.21519427998545
16.95255743851007,106.95244066895447
20.339296028897728,102.11448360793054
30.60994568874863,96.21351530935151
32.299653134912376,93.31931933539707
23.012108854280246,98.81904079037693
22.177602320104135,108.95975320474689
21.652453731143147,104.16746891828191
20.54035542751302,102.84561612618089
27.387438545016717,103.18199688077046
17.43867766214675,109.23428437245141
16.67375002255312,106.27090918339705
21.835444555035128,101.99573449648874
16.89297224012899,106.1421731949256
14.968716293198263,100.66647130135263
26.651056793591955,104.12936703868941
20.651421888538323,96.84263945096895
16.10813384990134,98.67558325038362
23.810496361288397,95.81523765179404
18.930338839396804,97.59690407569326
25.65686954126396,104.66022883369094
16.38795409951099,99.84894822013669
13.983499773601807,100.15538659873171
19.431889348806738,115.81006477908653
14.598813866505282,98.20998736377703
22.383710997198836,103.95192252907339
18.502092260508967,113.57349363004887
20.14621068648383,108.697830497213
13.48246186730098,100.07844512807833
8.84523032396443,105.08809909004715
32.98835727462419,96.61890054697759
25.07029539266444,99.0091727351214
28.41933686073981,103.9877055280431
16.209097383654786,95.75473874768633
19.054365153807748,99.11889678557
14.121802838382706,100.52503674151755
19.816129644452943,102.78468686244071
31.529874233435066,112.45782812068722
22.869335949676355,105.46350657644778
23.539246938110068,113.70256601034998
19.465798232224746,98.04382081548228
20.882144440607362,94.61126219778016
28.717533842789038,103.99225584766904
19.831696548265164,96.57046165216273
19.15153593066794,113.8028636521124
25.981398347422427,101.26659152244729
11.79869763531563,111.58141163718832
25.31526344185595,98.56911022486598
15.527418500550475,103.30728885697445
23.20240784024216,102.47959672861077
20.58425818670415,97.01279708772527
24.36881203410103,103.39477652327967
20.53958466247421,94.05664543089617
21.3406434006438,100.74492198809325
14.855635349006306,101.81949522633082
17.677148280142966,100.11066638458772
18.132599039945564,95.03656774419441
30.85221028143433,97.31839218533531
11.211951702991241,100.42561408994568
24.891707476861605,100.95519309249615
22.258295545666556,107.84410291774307
20.05977004562062,103.0811373888829
15.271965333562537,101.92979245928363
21.016066862561498,100.53793885548204
21.6382616623582,109.57324374499034
21.393750457455045,98.9132247034964
27.46313034497308,110.81662730443098
21.929336090212185,108.1650427415566
24.363394032767996,102.63104295423372
19.533278014623594,101.0811010723178
14.631243498827732,114.39571966434622
18.38799438050859,98.3085688063688
21.783093415190635,103.25692711539851
19.6535730393582,94.39444810620515
18.38990830831007,107.28770884799047
6.70126421665022,101.27831702673008
21.27060713109799,113.25576057696716
28.25431095889835,97.18155735579265
14.749984544651326,96.51333480041296
20.697302357205213,95.25702886679751
23.41671284781863,106.91649938985
20.514983520068107,101.2236270693495
18.743503181020888,98.09305650147762
17.33676656440387,101.52591370895757
25.980612947054567,107.11666989312917
14.888939273780718,101.84798682692978
28.228883399447728,106.74600111803697
28.718031629100082,104.147266055721
15.210044899171915,94.61992645211421
19.84368912599864,103.03752474695368
24.956926485404964,103.74992492906
15.60584446473663,100.67650745135506
21.61400888881986,107.58108081118222
9.76915683097166,99.69117784981401
26.964932753060424,94.46851193570629
18.651782757997847,119.94510971555299
26.75140717670028,98.16295750480035
13.858335375875061,101.7713922450549
8.34353880014814,102.1467657518742
15.1657434819602,100.16635481047511
24.008794274527677,96.29280796087401
24.4483841177357,88.385870088247
11.133300542485214,102.15604339589036
15.937083578723499,100.98816808924622
27.824660980611412,102.82203213028403
17.004794093396395,102.22700096017695
25.59220676756824,102.89018758896455
15.548783939458247,99.5476284737094
15.522058477003629,98.47203656752549
15.838558481187668,100.6720243449049
23.22153704915108,95.91548161264498
8.91896273943483,94.21236404591141
14.541048269396544,99.98627799508226
15.926119312633192,105.56329672006133
30.658078552012014,109.01773019971189
18.368277301685097,107.15460088966377
25.875799463654825,100.36784110517553
27.2830365032311,105.22228248221295
15.00010778013716,107.02318065959341
20.07328191168032,101.0461037202704
16.025155925865803,110.2948836787877
23.915298183654322,106.93173705688395
26.40149938663922,108.0963274666191
22.746012187247317,99.36184894201881
24.561794026511002,111.81971909232183
28.667229024577434,101.98904496297196
19.66280769050971,101.66069211955876
23.02751942829508,104.22539785547184
24.094094762233134,106.31688335171857
16.323477846469427,100.28406187680417
24.529422156871494,116.04565872592688
28.13037971222187,105.27488894754472
13.537387790803544,97.42376424644672
30.558404947371354,98.06085453553874
20.891289183920357,101.10331298535313
13.445850327607761,95.40826202917079
15.520307438682558,106.2708244659338
14.86058047067037,111.79476010835978
31.050266761882654,91.81031263939744
10.36068212303883,96.67926596309997
15.834067830168308,105.47474411844306
15.512446661464843,103.69280989170142
24.95401735405378,107.83049391386733
27.824998990624177,105.17082651649163
23.030527726829245,108.21244607577219
24.168286474846465,104.17791716982809
20.285612746942736,91.34453024012589
26.43678084960426,96.74192121974696
26.764262643360176,116.58749149886955
21.390070938399926,109.74543850989743
31.22308561611422,112.38334899103268
16.32818544678674,98.1221482093681
22.904371284965706,109.20493317525563
16.908598513313063,119.35991109119504
22.02246596596926,102.75508266659918
20.037623895179724,106.82086572965018
16.386695045214793,111.35368766036098
27.624748014079746,110.86843224414594
16.97010833323231,103.19292463474716
9.566318311235058,105.1752764343976
23.183160726812403,105.764174186276
25.601849691878225,95.18070616939166
5.936219802781684,107.56533544786772
18.020368815639205,109.03678473101922
20.484933948584427,110.00178715893914
9.977089881883101,106.77348479135993
8.677125072263635,101.80552791822288
17.13696193831421,88.26228466950838
27.296860783231384,102.30992197777725
21.978657092179088,101.50083505122777
28.008787876517818,109.3049337261669
24.257044180559703,92.8493104769638
15.799479191923872,100.50327021438729
17.75447586415737,104.88745104677245
10.519258913373852,97.76767814287383
16.568291813821023,117.52629862608558
21.97246283032835,100.62276483472515
19.573132021711224,108.51068148741008
20.856941655195826,103.29871587019977
19.539243911565006,102.42999953301324
23.212055716210507,102.29813936090255
36.69719925662095,100.32677608337696
17.862492480780613,99.94967221286714
31.097707606683542,104.90935968735147
13.535724548563383,98.8298678643845
14.031579815685198,100.4161931010302
25.658056912636933,98.23229336313274
16.748101252967995,106.68680958112314
29.185466763060084,100.85294432354577
17.622608228829172,103.12054539159614
10.640463551732292,108.53339862211368
30.310923167547344,109.44908727940533
14.704768528334593,100.12926158217303
24.145749518869817,107.03853358966859
19.223409694858596,103.07780814396921
14.856646033730236,106.86625841435648
19.865380103659867,103.47272817346756
20.046736817193597,104.5561400998091
15.479326290575322,107.1429012602791
17.575836821661298,105.4794355028238
8.802414218333174,105.86692606074588
23.149655399232888,97.25428914561667
24.645159724121406,98.3240380090781
24.091845743869012,97.24938249989795
19.57583561454895,95.09438845832213
26.20643976208739,102.31319500905624
21.1984941774909,99.98121239142701
15.575153625029053,105.01742466410704
18.78943697427425,111.2116556129705
16.422828184575778,104.29320982378414
20.635561593967324,99.65757516405748
13.269453679993912,101.55350804992534
17.772934515289773,96.99592014142246
27.62935335047639,104.71883624755242
17.85587120278178,104.72935675120522
14.3665605211949,104.05611584354028
26.15177203248973,103.80292469571282
11.029749542773256,108.37823328123056
18.722962177878973,97.8917638931738
10.286508082594096,104.59590514387426
17.477035291112763,95.82761190097467
19.046177438903985,100.74993385666458
19.96476633750195,106.57555066643401
17.038887507135232,98.3912425593915
25.17222949664159,98.48961627261798
23.306588212151294,101.07648072405959
32.13493646999222,101.86732235594528
25.71560123425829,106.99675910241685
20.24304304885583,112.40017482555616
13.730207799115394,97.01410064989747
20.196019402232984,105.05268712782066
22.739551847412404,102.52013816208449
16.137659395125056,99.72072037328337
17.16425085901911,100.77447147667124
24.91690273973937,98.2992251574837
18.111661673378407,103.92714450949391
24.71623579142065,96.63229085944877
14.78533580910739,110.80412405796602
12.506639071715355,106.37410969154536
22.672367305163736,99.1748567555079
24.967482474222976,101.28634827464379
21.878447187584847,99.36287481920178
20.945223834957993,98.89155122258782
6.1023079522293475,98.02374873476394
21.720874353047677,99.15700180058766
16.353220216158494,102.77939240065061
20.503046630199382,105.76937906944895
18.467569854555883,106.55180284941426
18.90303545550287,111.30076769382241
27.734820708341825,103.12752432045609
23.658227334802497,109.63872025485882
16.659816814964447,102.06639264291536
30.40391455256485,100.80626531145674
18.36508221380936,107.91243605173521
16.278413153620996,96.45703262024622
23.800208915687804,93.71056696244639
5.3061076629590485,102.99512944830087
26.8263142523261,102.3850949000105
30.39855756831032,95.6214789312661
27.74990578524578,105.8913986801607
21.180072404291746,111.31815736509542
14.569648146419482,104.02781994414764
17.020965956933303,92.68460926925245
23.726345814210305,105.0792266300517
16.422261494804705,92.06987092463427
17.202789092044586,112.15696010953283
20.95505142834469,106.90057844028735
22.55443311376237,103.85014833795897
17.751793367573658,93.58109246485634
29.208355291550937,96.68972249136046
14.399881439104185,94.12204574142888
14.89055286939864,106.586486615804
13.74232558658208,102.52835687900685
17.371223546661614,101.04641674990165
12.253042177441749,100.73182486862792
20.86047796696467,100.08878533409114
27.404380745429222,106.64091415518783
35.840629948181736,95.88067684466878
21.482164397130695,107.67545780589595
20.45011169741983,105.89387901417415
14.069674532194622,98.43580763810186
12.683394657582056,99.73368359784455
19.489175332930362,96.03949999263662
23.319041000566283,101.93924225615054
17.646828027532894,99.82802103387765
22.24012774039029,92.94400673039199
19.132018213152104,102.04868141318072
22.266487251323447,103.18078005870032
8.873755638018743,103.89386883064655
17.02086569699023,106.8011022232606
23.753641000878794,105.4448409009857
19.18763839772281,98.67539729811901
20.036806299319434,109.23890443443558
24.396323080775648,96.34415446698517
29.07307708983147,95.7827526234294
28.98938172680834,105.54832081101269
9.750245321604257,97.21806497123912
18.819915822893996,97.09738694823871
17.57357794462423,92.71240333307101
30.762815414927385,108.4005464465404
13.015379510862815,103.03939524490202
24.660470254935255,103.01294612970557
16.488923178317098,114.0890978167834
33.98012089340298,99.81166547766124
20.487881990967328,108.5414416277072
26.748123664723266,101.17470563553282
24.735892519135618,102.76549447877494
16.581974942197352,104.98205650775115
19.753426006684293,99.27230020945512
20.306878960612135,105.07068469463337
21.811245552692295,96.402677828677
20.314649814692782,102.09554637928106
22.26006519470968,105.57218736427036
17.486800679930422,118.19130184140401
24.709675784072353,99.42464427403344
19.527599930383378,111.65873975390113
12.916212135094728,108.50938660062099
25.151844319604464,101.64282599679325
21.578416129922935,111.17512740673764
18.438519232847614,108.01450266330168
17.11720297996586,105.82797935611521
9.09197520142822,103.19656764489504
15.014973104477818,102.23070649315393
20.557083395661817,106.56348479946048
29.462950126681747,98.13645532696246
25.01408243074189,107.90931665747433
16.032369570772595,98.09135578460919
25.167610197182263,99.77125992085318
20.88302093232589,96.46180604323808
12.353854160444355,103.4897353304096
21.925759316405262,104.83860714362366
23.654665868732366,100.20751708296099
27.967433290024875,111.76293019743912
21.420818093874438,100.30306758717674
15.979256959106927,98.6357862233258
15.477354978415747,97.13157113017722
13.733229196709853,102.27241116119859
21.42808180674478,100.98364311095894
23.775546465266675,105.32278490170752
22.569369298007167,95.94485763615745
21.724730188796748,106.87768981396933
14.671325960068703,99.01527992350857
29.257916033499747,100.49115600478682
17.470328232311616,102.6553687963754
14.551968354948572,102.25238285408194
13.134033485944574,102.77079562440659
18.53735833670582,107.62454367546232
16.68574579290826,106.34409065256004
21.852407309538947,99.7475147312774
21.990980488839366,106.78605890339318
22.026579032009803,99.75455722519933
15.552874554997695,96.123231076051
21.96426200305778,93.29556619281894
20.627370440644725,95.61548572635527
16.670061321000137,106.76733016632673
16.357058785841094,100.59031083936112
15.881602244209862,102.33668967708304
22.22871667109702,104.99022079088856
6.913002493491515,101.0488032807475
18.90242279265936,104.0760951284061
14.399697747504177,106.61336846332891
25.50830896570843,101.65175081724433
20.348936887048943,99.98216435066028
23.715840709570827,102.26963419467648
18.728338979283862,105.38067291619146
19.552780831610807,103.67192657797993
25.4541667030908,108.06669156324246
20.67506598169471,100.92295907057145
19.29907558166299,102.8028328716655
32.53884297982681,108.51458108057517
25.852744512218617,104.21542239004528
27.911903266373038,107.7727164612139
24.642252309060872,101.21095995010619
30.716147590919725,102.44497831133326
25.287098473430525,108.60531719955337
14.7333241349311,90.29813840200032
9.729687202619493,104.89188099511493
23.469612575230045,99.3744283528048
17.29718335707325,101.05724482321996
27.73128419723603,113.83657630240548
23.996144838969315,92.62124889087863
21.085399601629373,106.18351701890592
27.018783035808383,96.94784154607217
20.905853921569186,108.61936265139536
26.684451986576505,107.14879880387322
15.815815329018246,108.75371356598858
18.84625085821687,109.9388169616008
8.25369349035309,88.70475152918198
24.97661269763041,93.59745845964099
27.11141221536354,102.7039830233058
19.327893822370683,104.72565536051722
25.89599437287672,113.10813640391851
16.7734838764305,111.27590954097762
30.975543313427885,103.34443254273869
25.927455942758584,104.4652567157373
15.48400659500604,102.73537124647865
13.064247344012493,103.03828096885724
23.167484234957694,98.07791122627464
29.76944271316826,105.2874876217509
14.769155486646781,105.61236370408902
24.798913695706858,93.90621395883434
27.380354768616996,95.50917971755504
25.789553550805596,104.18334155844396
23.242096867793812,107.63477822182097
27.561647576362024,97.97220455279336
23.46526840789071,100.44719089060246
18.462479067030316,99.50869364961979
21.14684440586903,99.73010290082705
19.59574935385399,112.42712545237862
8.623675513470655,102.99411442642084
18.464451242574455,105.71941111245344
17.19410306255416,105.92937984921888
14.399887316255036,97.10106805103241
17.602185292861837,101.7228002174127
10.816257318044471,104.59904733163901
22.609451933523765,95.87834595859219
25.921434053253748,99.6555572835762
21.029126286705793,88.81192918712208
22.613435099660506,110.17957276903861
21.710290722041957,119.429532676459
18.303131487992562,109.15377277912474
24.15504235141148,104.71536742983571
18.691508931014646,98.4123946758804
18.14926176029155,104.77604735440562
10.355679590607963,103.53977067234655
22.217070209872066,102.54726523578222
24.072946943137005,97.7851988803569
15.935986426400572,107.75761326609309
18.47385416762464,99.73724474313305
19.841986946748868,109.85813792288212
8.209520584674067,117.23167055104625
21.298212906650846,103.93726979229136
17.248899577621184,116.75653408049558
13.200305632390691,100.61682816347664
12.124818157542888,99.06346025976832
18.887137822170196,99.65834386215863
10.755395595134216,104.14945551739643
28.105317966228732,113.57183556926749
14.638591662788485,102.2387000817826
20.32569417538215,107.00967643414133
20.377302971875253,100.0886750802256
10.38324731925847,94.00288261990367
24.736581709565595,112.33114300127421
19.501648176483254,99.05770236452821
15.599377407822129,101.12296223924962
28.616032719314592,107.73923490512091
16.979076139177128,110.97980337907275
21.272137375934346,109.74241396813746
18.888142845397898,105.77768093928242
22.118503546208757,106.60342444712947
19.352072151324354,107.86927434695642
25.22947493372825,105.97694555449144
18.289736509410147,103.00418144484877
21.952349385414987,96.3594082415048
16.985588455567804,102.79694221009422
17.15452918059402,105.56735035483705
18.762504787194512,98.15754804224302
19.438752795313558,100.299808489938
23.654271248611757,104.31211851015779
22.831132424890615,104.05836907988494
16.810000403194003,104.63165104990384
15.603530451661797,111.42217659772872
17.02244780131358,97.77367280143179
14.660699000120623,94.09095160757579
34.48792828701339,102.8026093374838
17.917809616232695,98.59125190590572
18.423116974602088,104.4308340311611
27.551222604533834,102.59120643537668
18.136402474239336,97.70783324024401
15.359083640908718,99.50194910533794
32.08629695636798,106.34112659104763
11.696039489304704,101.54813665736474
23.081516416632592,110.93527344890131
19.546805865600888,96.14237247109719
21.55091517068588,100.2971703763933
24.976209298075084,98.06316026497757
30.715276480267555,96.99714246105145
24.69495913365675,98.81239999704108
22.63777856000052,103.29537654483563
18.96121041160974,92.33992924702584
18.317841613254334,100.03001684902759
8.437048924288614,107.77244165224327
25.363881352515484,109.74950404751104
13.519313176947726,107.12059871131994
17.491233247457416,112.33122226075545
17.553671981363088,98.677680583914
15.643929018184904,96.76552020088182
18.673464414587365,96.23653157823453
18.149079697972855,96.71931541643562
15.290077827621317,94.26179667005073
19.126386939997843,111.77243393835555
30.41167402967429,97.72561535077955
14.917346420836791,99.14655565801893
28.404135701416326,108.47980511950202
20.903868883788167,100.1671431294241
20.452289895546905,101.96805253251102
29.114432776217438,102.62026602236418
17.613174435112622,98.97843960600908
24.156362630593218,106.95036444968466
20.277272746706508,108.17354114821934
29.14953514227375,97.40066112010145
18.27490107507272,105.49466452165011
21.86447926604817,102.42703434582883
13.2746932159383,104.5729395699428
11.451258210178075,101.20694785780543
20.342023181128706,107.62660032599497
29.661048768190764,98.68069021696054
26.492395482845502,100.64100289181083
22.235329668784033,98.0534873297904
15.79195886131415,92.12967746636518
22.82222451300759,107.17480534168708
12.690493763703266,99.5850207226122
20.195286513766558,102.43383167232936
21.712165723480407,107.13486602765855
19.089880043437944,102.18659683551328
21.88639024086853,100.94688665005538
14.47797708134284,105.3921468045614
25.11892034631273,103.2182705640121
19.71958375146266,105.13889090900182
26.995391734695165,99.1681066714557
20.02888137716207,98.93853125700008
14.200097250149685,96.81972500735827
14.186553858898181,99.40079801319942
17.994469169642915,101.14743526949535
32.519364224889884,100.65283108861092
26.32433024509506,100.7553731309428
18.225390080418364,106.11113745934668
16.275250643068343,97.87323718737872
18.067210341434215,100.56691430468992
19.95955509589215,103.93995235498065
21.53525173114757,97.2153853750094
17.302092398862236,107.51459040500649
23.210756206040898,107.13711035644351
26.909136158890487,99.82731581724636
24.28950106587656,92.4756143077191
11.123286807410835,93.30034232307794
21.935845670758567,108.56882415555216
22.821807698501683,103.36717822407685
18.706006000611406,95.8449005683679
23.610603964694366,102.21422711683698
26.5738179981914,96.32863628025098
22.547870795818195,104.8843713275575
18.18773158506859,102.92636674896718
18.212980570888206,103.178857217801
26.016375345323773,108.04926021034812
16.30855462782075,99.69394287414197
16.911647238851106,107.55894495012548
24.327043220654623,100.16173006488387
26.44168280921426,100.91665730104017
28.240244771274334,112.41031386653609
13.638830035539403,104.5330644436708
19.246032541555564,101.57105677182756
24.506366177376833,115.31108914359478
29.709868151909003,104.17662089816612
23.114036982979883,105.63494103339438
29.729177330476503,111.25665365969336
18.983536571889566,89.76784458497359
9.827226633223466,104.73286147703708
20.99878239817085,105.62200718084924
26.52873198842851,97.21031965077437
18.259699024683485,97.36646643733093
15.420299418802447,100.5021734527999
27.86608098766898,103.49138932794656
25.54832701966181,98.66536752399196
10.5516240147158,103.32474347185969
24.161452850568384,105.44991217144789
17.8498577485807,107.9170064278648
16.66042217697946,102.2927821604205
17.55240779674617,96.09193837687276
28.638463649806745,93.4033021759189
22.22379911667639,99.59994218259313
28.81201051308245,102.81908990009698
27.15521989035014,98.00102541293936
17.759429811395734,103.03359138805223
22.25340516835771,108.35959518881201
15.102137623660502,103.72493026016909
23.617686408498606,104.76795452963836
21.88547133779062,114.22179638663046
7.599375236623649,96.16353786522309
26.354835362409865,104.27941858936106
15.217317596456473,97.3744425388948
15.215947520750555,105.7618461415832
15.625243912897703,105.26900102720518
10.174823548649693,107.3387182762174
10.70446081364796,109.0163785759612
25.50410643903524,106.78436167154233
18.164235694258615,108.35554041337213
19.931360302512193,99.70579218066868
29.095900252216865,102.20223146507193
15.218988447047423,104.62808461563282
15.665900793974824,102.47714630729058
17.843308506334488,98.31926692624121
26.418128233699143,99.84528179948262
24.648531353608885,103.61889760179558
18.61302181526951,98.25704011472386
15.156428782020887,100.60982565797477
16.009200887973694,101.93388000508942
21.4127524916698,104.83381253077457
30.667526256286415,102.25271205786093
22.438198464188023,103.22831655315568
17.691803336844785,97.0083667316515
26.439586649778555,107.38624989889598
16.92088525512951,95.66103454563903
24.280684048807203,108.65037640315319
21.453441680130844,94.30380543437924
28.14798102898865,100.07345163028376
25.76706280456332,113.93718652420162
23.711605846215505,111.73806042981343
24.88810330979208,107.74882231302855
14.091786057922366,101.06978013651234
17.14174842533003,98.20899330318834
30.782166235103283,107.55014149139005
24.49446376260411,104.53156232111681
18.969790948531433,96.51683057831363
21.545803445467797,96.20139442339124
16.819378980568608,90.69542895838771
21.35538576839339,101.82832528303753
14.945468499481063,93.72411126537655
19.01760806252568,103.1145316073034
12.646544422639256,99.45952217537176
25.46252029198717,110.02212079248322
13.243616294891112,112.16846498467262
19.352105817348722,96.7017613314706
18.560107716984863,98.93744333349817
17.58828682914433,108.63828117136741
18.532286679774586,110.17965778360748
19.235457438655857,97.27257811223043
8.853125159967888,100.09960558219016
26.24620025591196,108.7601359425237
19.164795406633345,107.97331114821075
19.632642885060232,93.90038061479135
13.297065858242888,102.34589841068347
16.46914446759601,106.26340033599206
20.7657331076251,110.87904808248135
18.650737183894144,115.44838725902719
23.750510292468512,111.12710124254292
18.363209688739595,96.85271451128719
24.089893002586887,97.58264954113022
21.731138544357954,104.54075923986241
17.287592126974026,107.85046775337277
9.434199642544975,95.11659476179835
18.861455264614712,99.36979292486278
31.29191169762811,96.0730432659591
16.24302943930052,105.59443638273845
21.770133610142015,110.55708618434595
15.097538818905502,103.1939883845366
11.836193046446809,103.28383551610213
23.320288526707074,99.83717418177766
17.47084624592168,96.16675784279641
21.20016342629569,104.86618111623663
28.281904080088783,95.22337473178673
24.176542413002117,110.7398346471008
20.04097607699254,94.45774211671132
33.530330691487386,107.90938832187396
19.287280029208166,111.87786604067225
19.428325993155052,100.96306578617039
9.61434252936183,102.3523237071916
16.04622730550232,94.75590838930141
15.135794311862881,97.27389440207149
17.664473855756796,103.99201943926818
16.0280161924053,110.88877568594292
16.044393841687537,106.54801503089737
19.66208258176344,114.92353805725244
32.397935199600504,90.8133294215245
26.05732258334711,101.9220186795888
18.133009652506765,99.13543749348995
20.315289630002415,104.42392239387378
20.952144800013308,110.15649353660795
14.802391940768292,98.04746339622662
27.516976797367118,100.29984878385257
11.86705286622378,96.6845814200912
24.897598078044666,92.21586610618306
16.547062155677054,99.6733578032562
22.588908813958604,112.89032571507573
15.649683819712301,101.42544227149014
22.961154431413373,100.07090781695238
23.20443000833052,100.90378530316292
18.856975309116212,103.42887634047526
24.464907854409397,99.42674587983862
12.962125749739798,100.30931572861589
37.98017776818304,101.44605992522122
21.43238194174886,103.01466452765735
20.471741773933836,94.33524387190275
19.794830797929293,106.09176206745768
10.872647456203877,102.49309459290944
18.707425327376747,96.32645273254988
15.881238164093572,106.32626783041681
18.79310732876583,110.23706630134997
14.126243318710003,102.84098651975629
14.95549816646043,98.41810208639164
20.41473401141947,104.9953378154953
15.267109739854323,98.67534657061972
7.769060038309194,105.28759635387895
15.8562053223868,96.14866157738626
8.924329296698673,97.22136928730276
16.466891797718016,105.87204640475161
25.967695998986365,104.24857983950676
23.28556696550161,106.2750952804572
18.76900370775096,111.36196303193991
30.067246532542985,99.93448339658288
23.451455798414475,121.04844093313613
28.86419206153832,108.3282834886207
18.850460795015106,97.36960306966138
17.250122987421,111.4089424524618
16.471651847599276,111.6442436378768
25.380685304012008,112.79933119704437
23.488452151726108,107.57619594508859
19.07160368994858,108.58644549448645
19.648596448702175,103.86391784134378
10.462593296326714,104.72643537675717
18.683363920409953,104.63777399654825
27.737466120882612,100.8432480495999
18.518922015994654,95.415852928059
17.82108192068579,98.78149424504005
27.849455066120314,96.41204683279696
32.500160002678314,102.8932119542975
25.65137664313698,96.53573267805972
17.034787694742526,103.83475474829638
7.7054930494297444,101.97563460831194
28.44697786937595,101.02038116309123
24.894366284088647,96.12222575278813
23.425726845571813,99.75770910883261
17.791754253506678,112.10754162620799
21.86394682660655,104.77458370850486
19.497969190873754,102.90097665688126
11.439767713333428,100.18387833843038
20.023254252208083,97.84316544971335
30.94736037775193,109.5633206721332
17.3853396706245,107.61376626541828
16.175768901619723,118.0531322656366
24.44360268342708,106.17153482797266
13.171465507337604,97.97453297284076
9.34996833478038,105.88983367488652
24.45356686720983,103.14914555957304
20.776670586134934,100.25010168136262
21.1600072637021,100.69339056694714
14.944522186967845,105.32063013259476
22.254066275658094,100.44795309240111
15.272941707003106,105.29415450953324
20.162785367766244,105.68484146397377
16.60317098855594,111.76648420402
23.784086505932073,102.90606525330888
25.2589012648008,100.43340546887815
30.525058629147985,93.64574587425409
16.07610745952819,111.37527193879518
21.12105074312845,100.76382158267857
22.567122653083214,95.11457510334971
22.65132385463571,106.2405443029753
18.648385370528988,109.90936004242958
23.631184287389054,103.60729702063529
17.351896331934004,110.0692279126909
28.207858793536246,102.93689784740431
10.263375401644078,101.39916474049319
11.577517288160953,104.00846882211385
5.738631352295558,104.70008390291709
28.277685283780446,105.13079484481952
18.244909837770606,99.31004688670615
27.554719833347825,97.8964371981219
16.748506011248494,104.65069540339694
24.636258219446017,112.74918701053113
26.704065886379603,100.25154219416612
13.764572341618415,105.70385240164207
15.610913466475171,108.72951472114717
17.097977273634076,95.22873575320764
18.181384561432306,107.44556228663657
23.79113540831896,97.15152152777291
13.481899748171616,107.44737309759675
17.791611930524684,109.02855052963906
25.354783569638833,107.72255799253628
21.730956916500837,98.61686268561638
17.226759783142384,101.14486669528894
20.380827996317386,103.9804094699543
21.76743279365418,101.09608848564447
23.274167928692084,105.71674752504427
25.569069224155005,102.38648416549962
17.20945804551678,104.0637269642218
21.94442435178896,91.62318786392099
17.981721961076026,111.7339241619957
25.80889359299433,116.5949549998465
14.711778528603457,103.48226308540379
10.119948858435823,102.48609313659028
27.830319265457096,115.66660989589396
24.62291270964079,109.05998778419136
27.309212505133125,103.11510770826965
25.054254198036,113.57376203018093
28.192725310166608,108.91397280988922
12.4837553094803,105.15361191227797
17.43349173611218,103.32151405117436
19.115174004050434,99.98945314639016
20.47454246152996,106.39874884399852
23.723457895184325,102.53169517656823
18.23356080687224,100.17183734175839
21.091201321965084,104.43676114040738
18.930447702786648,106.90330553023358
12.361290299518384,109.82135719904835
20.141722945218213,106.48366372074035
22.132037906107637,109.19065014321457
16.841548551462882,102.57168210406479
25.214650090935383,87.9036261748022
30.713073024470997,104.37523374170515
22.123292207490092,107.75060166946156
22.087629672803665,103.49332650359048
16.520283891690948,107.1513379903522
20.68494221052655,93.29714369014293
21.85502275822423,101.1885240018849
23.218359478274365,118.85814727435681
15.08724992005327,95.54271226628303
12.468253778960829,106.59199397179418
23.750215102728983,107.39025568539017
25.44307011623461,112.46300884928068
12.866424329243578,107.57073523218924
14.982044632903104,93.52903433073445
27.518817888169202,91.763496179523
22.546038996887603,114.58096074598494
19.511051992375943,111.86141145330338
15.296747258847317,103.78778419435483
17.184742102703392,106.77106254808042
21.069161809886985,104.0305472970758
21.362416055873496,108.64722407897706
12.656651403327757,108.19103376044772
28.06819901084973,102.60696316009242
14.186130958028574,108.28451777694416
20.93489889834773,104.64156937130572
18.42685855515633,96.89200810971377
14.283867215981985,97.61039694962416
25.42977575987079,99.62999951368376
19.005447051695352,110.34445510692109
23.365781431810035,95.25955396944754
24.354780545753492,99.2560560865941
9.353451450772988,104.07625329363945
18.45538457818993,94.18135642744444
20.987572239301503,119.87275673345974
23.055154048275487,94.39582177618499
24.198950519012474,107.99664424660834
35.66270685448178,105.49654381033884
31.294568415583562,107.52341060322527
11.31233417427813,102.98247760721927
22.410077049494184,114.05878448902158
20.541837248446694,101.33059506299777
24.717771821281325,109.86766495210655
24.27136991997073,104.04769356548066
19.59551443267017,116.80504943386657
16.5036464624619,99.4673552679826
22.672619821083902,95.49728053619056
24.91241198399767,116.31204561820299
18.905990021522626,103.37651025210572
19.499959663381127,109.1321062826433
23.75633239422841,92.51434252263847
20.862139248313035,102.87961525389338
9.849616790882171,96.61043409135404
24.19360407738606,105.3068175699361
23.373519633327206,86.80443840288913
25.14271815767023,110.01154205226891
22.908695681584295,104.73949220969493
20.068748516851205,106.42355597739139
19.266614517112128,104.40697278137776
13.189297924106192,105.89490618612777
19.718051473381795,99.90580398029363
19.748395210514758,106.24242763658164
17.69766286154164,105.37578685440138
15.607812833438112,100.30342497070637
8.585874679489025,99.9532017858824
22.696546787420758,107.91154379620805
22.70339436393185,105.73266427178969
23.580315159206155,103.46425834137554
20.063398435365244,109.20825595758811
19.978681686193706,103.36067346672576
24.65764869763476,102.05664493752573
25.084710712697852,101.09412827393616
21.93876713953856,103.24506816382406
20.919274962989917,112.9218138291152
21.52061605892566,106.05638650592573
20.76577492830486,104.74956143376006
19.442615712945848,105.5025113921311
33.69885845326311,99.26855037319844
30.791323975664227,100.97439105393212
20.32227630783574,110.00522369924991
26.10408191884896,103.6480320485363
23.40363693148089,99.32525389557802
23.52708718948834,109.97463245746673
24.690867257163454,106.28615297704911
16.907798321565874,114.90062629810153
19.010547180911754,94.0968496789337
14.37605302084554,97.20264406958763
15.907499651395423,101.87636066263441
34.72862336407644,103.97856327215335
12.89312140407418,99.00582374393349
20.284273922242097,101.88082180914512
30.45078295825865,107.83892539892916
25.886603010057897,107.60168020893424
16.06507634179808,99.61877499026173
18.377619843169292,105.27434893173464
24.685358963526546,95.83765774533572
28.555486690459947,104.93090179543627
28.141227783365082,107.27983720247894
17.425053423798357,110.12909480833953
15.390453720206331,107.23798806429289
14.3130933350882,92.0690978616628
27.91539800347076,99.18614925621098
25.346316198687948,103.25674022412186
26.974261285554554,102.16853101743875
16.81368011830153,106.31840925631803
13.929992885567868,97.44060956407418
25.56158691011183,107.11642635458279
35.550357738753746,99.58307139772509
31.20287079722926,103.34488088805948
27.702217115687482,98.0435402783969
12.009298819311999,112.29071352555455
26.427375349522364,106.69803010374488
15.41035712126328,89.41450940164796
22.289210352696557,102.3727686931849
20.937229772829497,95.74751896359228
30.712992064507873,106.86606053752867
26.898783399324707,108.85443750267592
21.356638618639195,107.78035506437493
30.96082938968507,110.09600372620139
13.397955607831175,98.81014587727374
16.54067945877244,101.83788310038103
23.079063107347285,101.50297479870362
24.038806209609085,111.01224116706437
15.274231375626393,100.30693093643247
13.28083524384105,111.43093009303841
16.604652013245406,100.37381960670086
13.201866948599967,113.8948971154885
11.93754962333956,102.02593359024924
19.946986859997867,96.10777093762064
16.458065693591454,100.35991893985171
27.265339527318215,107.56641568032462
13.468686280841938,105.44333820026729
18.728966662312367,102.77298248071848
20.293780241993154,105.45837058452493
21.07756641020524,93.37273635803304
24.542910914820254,98.74585552964348
15.987707181679646,104.9719883928438
8.894036756385018,106.11551767354317
9.311213058245125,109.12603246490927
27.783523794803827,103.2115237635023
25.839194720227624,105.42462523035852
18.546119351890272,95.96382113698009
20.10363020093587,101.89582514417074
20.235981700302155,106.77061650050808
18.497512633418545,103.09578938403884
19.751420301617777,103.27199915843832
5.822998415884536,97.26295334309877
33.19296106176359,93.1622093560925
18.18578290679379,96.63852211643143
26.150087138755,107.11848749220334
19.45171098057216,91.48237840817765
22.973133094770564,101.84710403955373
21.706112884899348,97.5411502469467
29.382550275469356,95.95833554962105
13.484907641786428,99.20180206255188
31.73810880741481,97.84615996619382
20.4588624845959,100.42487642820396
22.001452134064913,106.08455551640932
17.953151560934113,119.79839518605974
20.272551712479842,102.5781359085679
12.069245194905097,102.89786754560488
25.74573682581109,102.34349384988546
14.653114231445192,102.70642520427499
22.02364660431735,105.78592602637352
18.324491094524276,101.8928145425294
18.586760405954625,116.9521807586461
22.338214895634174,100.43058098064294
23.497013400186443,98.65223364447942
17.776729275743342,112.49685397883958
19.691467228508557,111.89662495833903
15.833486157875935,113.41253712354641
16.155935344444075,104.72965056394794
13.643363745570753,104.79527154059558
19.340262955161162,109.03303204513057
24.759240311746918,112.06482846981677
17.8634788911894,93.5931494673161
22.297238282662917,101.56736952986188
16.50800042786684,106.93789940337994
6.695241423714103,104.00189444534591
28.712943442625075,107.90440171474089
13.031591490390213,104.14250814020653
14.613667819330676,93.54086987476825
29.615788949505784,106.03385416327994
22.98983563263127,100.20335793092826
12.2113721570826,106.7646562123116
21.099298588841904,100.66246626920115
23.345027296131725,100.63491918013776
17.162977781310715,99.64477755756698
28.569151665172452,94.74012264508605
13.446773596906706,97.60485380848839
22.50521061419169,102.03602864106149
18.541340443342794,104.00527555698623
31.11771132509312,104.7461560852969
30.101856500853664,109.89820493661121
16.308427439563694,102.3632097552461
19.38552193823954,102.70307973253568
17.173372394377203,94.48325250682886
24.46481981450238,95.56844117084765
22.16869395275809,94.77213557644296
25.658766892062154,97.67660307245997
13.489949449579765,98.07290503317301
23.383506801320856,95.75817017247094
27.745586398999272,89.55923412082042
22.963355143093054,104.38997114033529
31.361876496145758,105.92162432576234
27.53039808956974,101.53698410476713
23.915843938449346,98.48168342537257
15.927576540237485,98.37334034798914
20.987597696225833,103.650100048452
25.71135082130555,96.71586699624766
27.56059691010342,109.74919598345818
21.0700184386675,98.56279863404879
17.560070488231034,106.08013125678914
20.637583435462275,97.41214296801184
15.33449216607513,101.959874872443
20.91552507880628,90.6999177052105
25.341646401558304,101.59212495933643
20.709465949143915,105.70127651829257
26.53316854925523,111.37246666790637
10.323414066398545,99.09426289061606
25.792876016166645,96.66585733173379
19.196512895157408,104.29159851528628
22.98494102147017,93.96250829279752
22.151041515331478,97.62446739346623
18.54687691681968,100.67288782737825
16.137744497580186,102.57308991211328
24.779963940234914,104.82419134814387
20.17398097126997,110.2524611762699
11.970486349743956,97.66748494204639
25.692978048181295,95.22910569476022
13.176508581776199,98.34908461889218
31.596786673945633,102.2611787313337
25.22864765800024,102.47592155136077
17.122275341774575,96.18842011492632
21.08783315444243,104.5204830878351
19.120511493034023,110.8474721347973
21.078886387703854,106.3814705951221
15.275691327984742,101.11644125269622
22.05863340324449,108.65858013730032
24.390862577066365,104.56297519736037
25.56094058001773,102.54521182670311
20.96589252985013,114.95612100761804
19.976332773582776,105.70230416941337
27.915808695217965,100.3517992282867
21.703151632068995,108.11053674213592
26.37999429200548,105.39279444555714
22.48314889716279,108.88807382700058
13.99740708708651,113.46402156480676
19.067021134889657,95.53198043759706
18.658642297012022,99.9601637891882
16.785202149740012,91.7560224555528
25.78946858506725,95.75225722378504
24.19082299978973,99.0232993257633
16.832991887128397,101.25663397146302
24.560646478652977,93.62154791765018
22.29986174250746,94.16654875810231
12.44566254742925,106.7172206538165
31.926011137440355,106.54215673746182
16.41751572119059,87.53008584172484
18.458035086114563,100.90970928638603
29.76527653831174,102.56928757655245
30.296772312148594,108.42345740757975
20.980622871561344,101.89865910313203
13.887522691064415,104.32463760922116
14.670456197914959,106.64583808080152
19.527928502814767,95.80152690553987
32.62585688077991,110.01093823235288
18.19223118934211,95.14002916598155
25.827885173699237,93.11766184354455
18.761652371997762,104.07770428383127
27.29206895357303,97.17420768982767
24.392246365054245,111.94457079453349
7.113326987229268,100.03972281871526
16.281207842091618,102.20881446270788
24.815988953704835,109.86912625635466
19.041492001475188,95.12361946381748
22.622046849932797,97.34466853764145
26.44058147958365,96.30020701606011
22.70443299620093,109.57560561135173
20.930363218425754,109.763263837806
22.66002244718755,108.32016356903625
16.70407306861553,101.99021225744974
23.92135206262799,106.1044239995328
20.430069456289736,100.77919511568203
25.776879111214093,109.54197609857133
16.64132894153115,105.15901144099595
26.049396657684778,106.69835310628966
27.243365029851844,100.7310852298511
23.25879380986583,99.06472199343851
19.200965259336254,104.30400775721057
27.87123959824084,102.36773788309863
15.38627073721738,100.25780471812189
25.96701069265112,103.86468937117169
20.35656834735285,119.06664126291346
22.13020592734463,98.51095229899215
23.897268206206828,95.42278114383954
17.99523234406735,103.37292072324524
15.779158323753009,97.96820305986253
27.88045523581196,97.63345453671936
21.899132070053938,107.8983545068977
19.981648494931626,104.16567152836114
33.3784115634639,104.17725351177533
16.049031287610312,114.98675951636717
26.547538613775075,114.60537866613987
6.571724851859814,106.36292346966697
14.831233816839621,107.94112529443181
21.884132763140833,106.2296818813053
18.589312839969686,95.32033650662561
25.729163395036878,95.49515592329475
32.641157828153574,100.44791117903831
12.248836102015622,102.40848499506602
15.800253362249329,105.26578611029363
27.829445357028458,103.79843894280742
22.360411865105167,112.37124497851464
20.294581232835007,96.40633729623941
16.952223822657757,102.72399844981733
18.1091320052355,106.4691279673593
24.755727178819477,92.35037477612252
17.93034990365542,99.28464962979668
25.606125703450218,101.41276615064338
29.184911484755986,99.16523047508753
27.930646270056748,102.98267043921531
25.577677132106523,98.59273535322846
24.554364139998295,102.52591822208304
25.61347988965279,113.24242911764357
22.550005223423064,98.18842117186716
27.988475158323027,99.89120237200335
17.98109280751956,97.35029632158604
15.915051160344994,106.4365595468252
29.241697034094877,105.70205523421662
19.19686673511565,107.98222315034572
13.23162218013109,101.09188981232887
13.083115800991571,109.9146717947693
14.589210595885639,105.50710443033009
21.44635823397714,106.75494713970625
17.6089417041555,105.9986872968266
25.520777545465336,101.62365502281914
18.026986555020947,110.27346987436535
16.881186706884474,107.5059589187156
26.165363621089746,102.9662718873679
20.984418306533826,97.32178165440595
21.372362297425607,97.4952580912512
16.725233512335123,101.7208461842817
17.34121416333814,109.02828778808971
19.325845310397856,98.79250057641107
12.313668204105497,100.29129733770307
26.51179628117474,93.0462465777568
15.819451326865785,108.36632544441278
26.701132389112686,113.61846285295972
20.750240773505496,103.09281886660234
15.875889925744756,95.74789210081056
10.97050324000971,106.94571314836497
24.335715952212315,113.91614430704846
20.078941793591095,105.3829159137171
15.649962388420438,109.39764350610717
24.930041421568298,102.64123819069218
22.420665208886817,103.78623867404382
20.15138199241607,109.03644803415496
31.32681093716085,100.65100221649446
17.149944614528025,108.51958300843114
17.515034278701652,106.52789925550694
5.884824764095265,100.69091316280281
26.442678926095457,86.47907028048371
30.00799826658694,104.38746244585555
3.9434382678674176,106.55145855186178
23.715816702319707,100.13882181927741
20.81023557035922,102.37907525945822
29.783709397060793,97.96750765655108
30.347093901996956,110.60777699263505
19.771410884001064,97.14803810447026
22.797758917518514,103.4686472177378
16.119926588720627,102.37422197551254
16.97770771073049,112.2900875896673
25.632224171894496,97.00116622892013
12.936727979515037,101.18943838135081
23.824712095172753,106.28580321860508
18.19256004203401,102.84351806395391
26.273059551617454,103.84242230356163
12.588068474695767,94.02832272869101
15.821662579952203,108.96327348105099
18.378957056325046,103.279888690059
22.60381791792239,105.45056299182522
26.853149841842434,108.99266373543624
23.32544893585393,108.64952575046418
17.858349316610628,102.94578865941097
33.36045662781193,100.86406344586217
20.60355796412676,92.76628659151079
19.939853687299763,91.52583063021639
23.673327403840034,102.53082548842745
19.658448348818627,114.61743188281328
25.63776978603336,109.1503443655271
20.353871643916765,105.2860744830763
33.09765786073287,112.21330124194428
8.524353455280167,106.46141488244676
27.1583308577705,104.41339725719402
26.578014697072433,103.37942620864106
22.183858450953107,109.47809132861369
23.540396114829566,102.19227247542078
27.973780643315713,107.04476473310093
11.715636731693671,96.01167134884949
14.883826934287551,102.1566642248156
19.50172675269163,106.38109400112364
11.281667527644407,103.88680730416034
21.73630977831135,94.45816189830671
26.405035041124947,93.18740417781254
22.405876723636307,105.08457037636148
26.491745631863097,109.03878814833796
18.414682787498656,100.2118368826191
9.803609030638684,106.36012970760206
17.77674568400093,105.76217247439239
21.576540270957572,96.38049691810767
21.878308499837427,95.32513405725875
19.431330977440425,104.99486257157888
18.047175968405295,103.0462816431016
16.55325739497033,105.72728447151889
18.93293784620317,100.82445403426196
21.931202926919696,101.6902283405049
28.3791537714444,116.32445603223849
33.43915660259283,100.45226756835183
29.39675234474622,115.91224440132056
16.240008798332923,110.12450279499936
24.91917255080667,103.73972704001355
23.91586899145799,96.71105134795229
20.88755793209946,103.01589520344012
31.343920722512813,106.62955253848203
21.755162499540525,99.91405511775393
22.414896136288718,97.26379968487615
23.298535478208514,94.63696683015006
23.43466938861334,94.58618017071137
15.408595283616645,109.06423939220008
14.373026196958012,99.96352084454689
25.922068026038126,95.83548589540614
18.871162120468064,109.2462384280946
18.049713864249377,98.72733347619828
26.702523701502194,108.21539902842741
28.482349941865593,98.8629437919423
25.728246622511918,99.92298954170103
11.073881578978956,107.63657453229287
21.963355035738545,97.15044911261108
18.045920814471014,104.47362045879366
17.747425140055924,108.37865324267445
26.629216546521064,103.41367926945188
30.3291295155919,103.64427879344348
27.004112515588712,110.59999952398209
18.149227079963474,104.56699812332138
18.450926463882862,110.42940518395619
23.52840708895139,99.39207620087434
13.46116949706229,109.03513351955974
16.038462906041822,96.78076124015874
27.215093641490995,96.26107168571133
19.265585578510205,102.7359210071793
11.152743195779383,104.61615890224189
33.71869361725524,116.05638659608816
11.374762552078437,101.95215349459072
19.085342482618064,106.33852951138988
23.897343471363346,113.29043659667589
19.776198988383154,112.21650284228602
20.518070232081243,96.2741454889597
17.167514776017743,107.68349660879684
17.71904291339267,121.69712644065828
19.248583466684543,97.14960413339224
28.824751298802948,104.94246246411122
22.7055398754325,90.34185908741037
23.88723290012035,102.3325714374746
23.88804362823879,93.71491676919896
23.62535271617161,91.57523078475812
25.133573608959814,93.88536624838821
22.059467743819802,94.55934531318961
15.559183135365892,104.58249759860406
14.583099418495781,94.46084979784523
16.63939968103001,102.30243993959496
11.240707478763824,100.72134469411641
19.55922609305921,111.26270418220626
25.772683192978075,98.81432018871809
16.68144718635203,102.20011778423647
30.09038004881682,93.97575224772991
28.98254215347071,98.63894728818336
24.360753174021404,112.05875090262592
23.695846259696687,116.0407899328141
11.83333312819161,103.29955055059978
15.430093563181126,90.42420091833421
22.92324872807772,106.38072051491928
17.13795482935199,102.96502702718925
17.885775918003798,114.92385032838725
19.886507335553503,100.82118768389287
20.205975209125953,102.5064307927421
15.612461486137175,99.41338017604117
4.055126108726579,109.19380827705626
16.366545881394092,108.90343445673284
28.621075648996673,103.18361200816824
22.23873340157969,97.43509036900521
17.74167637668821,95.36690218889538
16.504705751272887,101.57854773781695
28.882368627117323,108.14176393952951
18.985654807477257,102.28525467570995
22.017875295960753,99.31680619181911
25.696136819754827,102.50729561726811
21.147109680107306,101.51400580932547
17.661428452368884,99.95329222989596
14.804714153814476,107.477334890256
20.02985927127645,95.2623368072733
21.890827640774845,103.96791837283197
27.794403605995576,93.46832852591953
17.71218006517929,102.50153983120747
18.470315081353167,113.00829516167717
19.7244259920891,102.35836983452685
13.69951231715893,101.0748351572071
14.362813860184204,102.83720398026367
21.84760862069933,100.74428795737857
24.59822677196254,95.2123094492162
23.23435478083451,97.76466066976673
14.737130504340378,93.37596375203508
14.871111057899615,109.46654310172484
29.633251226981244,104.20445294018492
20.341691760963865,109.52388548479607
19.35074060751966,103.17329265494331
12.5099000129732,103.03049303080144
16.622376841120108,107.2695257576054
23.433390756971395,107.66224003659391
24.920474733156247,94.14399607809347
13.786044758217875,102.70264325399611
21.1802092938573,107.27153381342964
19.76574910711806,104.71291170572556
22.30291148929964,102.2923318057531
17.514440446427173,100.1344913057326
29.239457638295796,95.17293629754232
13.133981309228936,93.16232550517914
16.47942628961217,106.40231140440208
16.99982104837448,93.37117614692168
18.073564281173198,100.57955236193179
24.788549359042182,103.08371722717585
18.69255883915037,107.33571031561114
25.511681279191603,100.5058213145203
9.012236532467904,103.54949267116213
28.466001452874217,99.15572615154777
17.169607653232163,105.67830806750743
21.087382833329784,104.44406546346549
18.993233543577105,107.1695291934677
12.258898362536637,96.02390108710026
32.97365705707468,107.05181755031478
18.808004097137825,104.88194628555132
34.01584156147776,92.67932236079787
22.628040854044993,103.62757260798764
22.286470323493855,102.21551477699425
22.587413292172027,105.6191500921281
18.588716693436602,101.28701381883226
20.71035344286299,94.82203157117658
25.002963331007894,106.97339252871878
19.388670052410728,104.71890294768038
23.755809445779843,97.29696224765539
21.905384652653442,106.41056721561489
20.055708753540536,97.20837638278384
14.248315311096786,112.88347261266068
18.995484527319274,109.26493928286584
21.746808065589377,95.26346992306257
18.870086242178182,104.81387326135147
17.738070842255375,103.60496404513336
21.36811262473469,96.9207134902643
18.25126614409162,96.25953050374262
24.878699228208028,102.88793316490737
26.05301636819252,108.08279874735744
11.898951211377263,102.07491752750718
33.09567064284488,104.87894873902472
25.92340886005762,100.55459108149239
21.320506795045443,107.76153675263359
10.946569253256401,103.83178137474471
29.06081372076849,115.31733667921134
23.197349464192012,101.40427594945481
22.70104544921311,99.83211311157147
21.911527960961617,104.12480017538478
24.191034596446045,95.43015198593822
7.9566801497677435,105.04465148155698
16.83199300985517,110.92761082282514
16.32394026761316,98.81496291072804
20.99355285481007,101.88643478914187
24.071827905405787,102.5052424357468
20.319064022877868,111.90939731466646
12.198556703147558,96.51609433474802
11.939250220740337,101.2003450921406
22.215946752977622,102.73188725636015
13.269438952513166,109.25963112184907
24.572900475664415,108.90186807959712
21.487719714153908,93.07706968855668
14.513910839933232,114.15016291927994
13.967579334325533,111.12354804567495
22.042701606815594,105.88975550340496
9.546822342352712,105.17493552422769
9.269843474389475,105.95520355698416
33.19422713907868,96.7523741619242
15.822569896855608,112.08999479042409
20.762071034953745,99.4150507553904
25.52100881630282,99.10508362436758
28.614627475393213,100.97360865796617
23.531096288390877,108.08766245640776
25.136936440427544,95.718093968839
24.78739646822087,99.38631137976869
8.70884782919775,105.2784197521193
19.25774040091862,101.01158071671895
14.519602547176351,107.23526513747701
11.938049686502778,106.7684060570375
21.140987925698337,107.139974995086
13.919124522192861,99.58589439498243
29.749870717214776,100.90996904319371
27.29417335863357,107.10716207069505
21.54908836151524,109.49708780528198
24.80291483243373,98.64084847618682
16.896275389312258,99.10241685655848
19.093167462657718,93.3265836456191
5.932441086923763,100.5925269113136
17.82017047789594,111.96916142449821
12.873272531597152,95.7284883338894
18.78124095683831,110.38183559801993
25.349680512134153,107.01871955160229
13.09601203503076,102.74585742496276
10.397661215708892,92.57829147915444
25.31772936922494,100.08214213369085
15.600739459884565,107.68498171620979
17.093552925285945,104.95747834980698
17.94119927926327,93.5744448843905
10.6605340004777,108.419765784052
17.052962564122588,104.2522601079135
27.842804842504414,105.41045287207561
20.70672949664504,107.95301755386943
15.174218445094718,102.48377933423116
12.109343127103074,92.00817444422314
21.31999519010994,114.23786756768803
17.744991237442505,94.30944709713496
23.6636448384467,104.71623416173404
16.734670673925923,97.77317724352079
18.44894585427652,99.31936761431756
23.04849829466948,98.29664801139035
26.66558424466473,101.89810451150923
9.983412837560024,113.11928687326942
21.150944535582333,102.9457482800452
27.183982559506127,103.31866974123766
25.061483669729075,103.28711226123907
20.43162500406257,110.53349115302295
17.23597665827057,92.71727893568162
14.029621112138454,106.47717287446795
18.291321606032184,97.93331511492069
19.277224214925905,104.33388571594116
26.638834669091594,92.17730328629563
24.73639076379515,104.97239551098072
14.990915255839772,107.6599056774582
16.43491118043815,109.43032877381751
13.19866641869094,105.60609312841697
15.446346981013365,112.99640722391376
18.929448138726315,96.80414816950454
19.052495124735422,110.01619844455857
12.377151373302457,108.20303544460471
21.3302956103381,107.57253675211842
25.466825191255417,100.26799662807232
10.928584135585007,106.77207636706599
17.056667030427505,112.22468575558732
28.028806503167687,98.14663439936652
13.480155801165662,113.84903444524203
17.06303001944706,105.4638957048918
30.54162604042874,105.9768505550596
19.01344234510433,109.02883025550697
23.70557147284794,99.38560172410479
27.88529126014082,99.8739916597222
22.33486801868099,107.47869880955811
24.284012031416772,-18.73561882436158
24.23197846300031,-25.516947214002016
28.808269754001632,-17.673156056158355
26.9681743559744,-16.636115137081894
24.839210269789643,-22.11710524633322
27.7817594160778,-25.37716561826477
22.266617001605056,-30.155742457233806
25.00743066070845,-19.87737564488845
28.28820911386522,-17.59832943083832
25.210359816283706,-30.26047213256178
24.843925114691103,-21.86198165108099
25.255514574054512,-19.395089646511742
22.84928208947364,-11.704009256128657
27.071838735655977,-21.625257809405568
24.87460336808071,-23.107265958931727
21.581140860055342,-35.90913782212
24.505854114489136,-26.945073727846314
21.992536163838132,-13.347266939081697
16.90750917100059,-13.770924638085399
28.299061534905366,-31.897685746187456
24.292390159871257,-20.539119461203637
18.011106459655156,-12.472200171150854
26.921006506669237,-28.44063528013927
30.5641217842088,-30.05683499223847
25.63700595400929,-21.570124581545993
23.69633058502068,-13.945898854971679
36.65673787911944,-27.225393455538146
36.576300172229764,-19.097523655627878
30.326246306698536,-19.66603682401116
22.48973510317311,-11.792437084823765
26.196201319026724,-16.82529066605981
27.74866250546287,-19.42818336218859
32.45447969734067,-30.567702407999512
44.95206572153574,-24.17088549975957
30.927859657874574,-13.914893988120223
15.584460005481336,-15.654291283053972
16.07741330277048,-10.144880294334477
32.01546398202312,-13.803047397106438
12.788177109526561,-21.799821300991972
41.31655290158937,-26.28740343189419
26.87316641630797,-35.86094113056751
29.448769738988453,-8.663952409209463
39.00175964750947,-18.1068082670409
23.32749303172131,-17.99687953524859
25.33330086618375,-23.697666379794043
34.382543097962845,-21.086369936905587
23.654592608819044,-17.645262638626928
21.41671678349212,-19.568981541927887
22.487060401278146,-10.135172839547
31.16653597910172,-12.525644124909373
20.098391008633566,-27.78071742651929
19.899219622568367,-11.124831424719929
38.10589443869732,-24.77787434305516
25.558811454258553,-18.744990372946134
33.31615653331653,-32.733083336945214
33.505443491827165,-17.864741155152775
23.607610735564165,-18.552081483436318
23.11637332419138,-16.079801276909564
25.784383878159097,-19.21287324009096
18.171254059322756,-17.706690021096737
26.5622557427968,-12.187666858754241
24.998141480401493,-27.154390205652795
36.97005958318832,-15.384729686009583
30.670195050097306,-22.408758987483125
32.63109006786498,-8.639133620420926
21.28442139050478,-24.205708113011948
32.38648294831698,-18.950068429140902
26.847409240744373,-27.11028041127654
19.76631592079993,-20.399099277712452
31.142909071566073,-19.73305914759667
18.033780019160524,-19.836849014857883
19.134473161937677,-25.23009019300354
20.000301361606915,-20.50417740176683
21.708256783299195,-18.648629966600794
28.51024919524047,-28.58228201617247
19.545105163714535,-15.633448989913905
29.77792807225423,-23.221105167352995
30.90243760241196,-21.346492577623614
19.573543637607532,-15.863263777942516
22.60373529608794,-15.926990448983016
19.675709250098418,-10.466722991223818
41.39090718563827,-10.362352178294579
32.158548581296884,-21.454711943535305
24.315518477821424,-23.24820548687969
18.83921824732821,-20.19119306977348
35.36416742548748,-18.29991257886315
27.958842412328185,-27.381879678158207
24.072609276024103,-20.492400927045733
24.242310312461132,-7.387123765581691
28.775677501495597,-27.307824889179546
16.8015620610446,-29.972176260798474
28.096928350145657,-19.90462025213701
28.844579305872625,-17.019833587928684
25.694972041339863,-25.24506356086193
24.164637615698755,-17.49762708809877
30.40945544182681,-23.034130838621902
20.00022039060011,-34.22731540678938
32.476946118838875,-20.80580469858218
29.956163321517252,-5.370989347363217
30.101706104101435,-23.198365558311412
29.412147705610604,-19.29870367354166
32.15705212409439,-23.4888399435082
31.808550261359915,-17.060279830467316
24.51345957197741,-12.018112868017726
20.734342312962042,-17.536804681780367
14.811173711082379,-18.033173096320805
34.81045249202288,-24.96423236154942
21.342989429172587,-7.178780541021856
22.206222853590283,-7.542012095658274
27.355584758431768,-14.618381364888574
26.555581660714655,-18.457028050892944
20.100745734445603,-21.03227923886
33.02305460324566,-7.409770993240135
30.21029343809158,-18.212628784150205
29.917808967489766,-16.826398468167973
14.55780062642561,-24.0489535907394
32.82719291945163,-14.243315589871182
25.372052192639806,-4.235443134388788
17.07464262700487,-24.798949055967967
22.332675887824454,-12.133619416780501
22.775176752989562,-18.543661178335935
27.445648911112126,-10.180486522281004
31.646343535353466,-18.81458607601444
32.3175874271665,-19.728036598354567
25.67816917460907,-18.98460955049196
29.931756965567075,-26.042426381385233
30.87715698649742,-7.337427850996983
22.452893902329254,-33.23707438594351
25.62319531350933,-20.26625098717653
17.547026055663462,-29.55261533479554
36.50399402463456,-25.631092815025752
14.064126392339592,-23.398460088452673
22.479296468253768,-18.105082381629924
35.15507822320235,-15.63574826189782
21.169488894381743,-21.826511346378584
26.151492451740463,-13.73843893877549
23.477543090269464,-7.371144535985138
24.078126795468478,-15.03410122810647
34.13843833461559,-13.193659687814794
28.756219495205677,-16.069356935225628
20.17579105627404,-22.25989203030179
29.19796716369961,-12.83343227334407
14.285874890204978,-21.636303059016132
30.205899394543035,-19.62923028960636
36.96321968512681,-17.22854104355588
20.62102311733774,-21.216462984985682
27.626435754158578,-13.318875238214003
27.207231514772605,-17.775721159262748
34.83686251930446,-14.212382803624845
20.808935975994952,-22.251959254956763
21.64993296034465,-26.24563521804398
34.22765144333044,-19.000625299293876
30.039358126267956,-27.669443864397596
24.624705045594222,-9.053359663810172
27.640551949588115,-19.140797448340216
18.525477944661347,-24.318539127169593
29.906100177140704,-12.66179078127457
42.87766153615294,-16.00000055854928
22.872666289524748,-18.301423108592807
25.47759232585628,-7.569468517050039
23.29342901610392,-11.520317580091453
35.69391206109425,-17.445855953033607
15.721591665620249,-14.655917652493816
15.292051376974667,-26.19286915502643
33.59607016164303,-18.93408999610978
14.00136868925597,-20.66947178411417
32.86452708951869,-16.841030407223286
32.38587915216085,-15.360086244439607
17.73608882435954,-3.1356325963025355
22.922336459481652,-18.265135902670323
25.076409611074574,-21.125017140858567
37.283570918781166,-16.97519575934157
35.736887457837916,-7.019679484416807
26.721141999262993,-4.9443886254739216
27.035310852073106,-18.252908012807456
27.256878199368796,-21.42311769759027
27.579111561203376,-24.903467531458084
33.19608663658583,-24.958554438136794
25.56027413342126,-25.058898391287148
41.53463187862859,-18.0187466680251
24.333625801211152,-24.709109690497634
29.23523000553645,-13.524577110714237
26.426629470159973,-5.415994741237824
31.837260606664394,-22.73514995782906
27.93088286588483,-5.290787172378632
25.542013175204975,-18.48093208653001
30.29361498236574,-27.707438659798967
31.662853250967842,-27.608897551036762
45.5335990698717,-21.7697615631106
32.290570570031676,-22.584791300752265
35.55491965843784,-18.13225707632974
23.606071702637202,-22.445403071053303
31.296104448078026,-14.801126380930395
29.39449969113537,-22.618185354077408
16.82785035165807,-20.050182402902337
41.632784313015115,-16.331482141180974
25.14765384725874,-29.796828913175805
24.964936347092976,-16.45685352562464
30.034080968063257,-20.879901652044037
21.225456581868762,-16.120649251311878
34.7877757491216,-31.300087180701077
33.186205359224715,-15.020426704132447
31.53983117095241,-10.052952479006043
24.062314082454048,-14.722974033038312
15.143876777083541,-12.09596091069579
18.932054055808038,-37.805897234029175
24.16219658040094,-20.64943994257531
28.511025531176347,-14.842492285407648
22.994041199315614,-11.592213705021216
16.905863306707758,-19.700112954058266
29.661206380162636,-25.331282332259914
22.493839621901568,-9.989825732356492
28.284827656682054,-19.454766678711998
13.2175484484115,-11.801591116157383
38.35897741735114,-14.563935496034912
26.63915439223821,-25.628526876056178
22.13855799924623,-31.448738914828553
32.9392316199275,-6.787896120026632
21.221662679746437,-23.813263290925182
28.49187028210013,-17.562815703014095
18.411484677675446,-17.095492871776237
18.636510510254567,-7.7109258968600365
37.32589179141059,-21.476198970713867
25.895081108077203,-26.615361135877837
31.133391879292915,-20.499679774891028
21.01907387129337,-12.126313721304623
35.119175978285135,-21.58627066812664
33.715090504689336,-34.10893203967506
21.470535132608223,-16.815858965182215
31.958227600790227,-12.035381627223082
20.354315843082382,-21.849239744095883
35.32394719470669,-28.411125930940358
29.104305097575235,-21.578640834754264
34.301395971901464,-21.304666575800688
18.470171034029583,-18.217874534721854
33.573533396934195,-30.913053257082545
31.31260774590232,-10.121112380260339
33.19938988390939,-21.773015754173283
26.152625286317562,-27.470188933080305
37.27609114204697,-28.8694687781334
20.330271821014726,-10.698154272759371
22.64952275702973,-21.29524199570621
23.93350245459419,-24.893776424388562
19.622013518860044,-24.141018073519596
29.83334375689702,-19.11485896396839
19.25951641845331,-12.38595996268386
29.54978012938894,-26.2338391910806
28.392269156195148,-15.575494620235883
26.911443522568447,-15.682027736715348
21.623113008635208,-25.41314804746335
17.210494388091508,-28.091544021776738
14.394501001418783,-11.86183518753929
35.12722508272169,-7.334871460527813
27.46998260322178,-14.188209096285298
24.323476840884616,-15.999902705897089
24.49524711465264,-23.136837374638098
20.13907690437294,-5.71991149996253
26.913922147974116,-7.417970151296595
21.035425259098453,-22.936725933557852
20.584825190810832,-16.8007331458485
21.213315649395128,-20.704418213974915
29.607428779184332,-27.888896000542665
30.7922230807998,-23.83847386092009
25.446494330003897,-24.802099943507685
18.924941695953166,-18.85854684281454
22.99114958541771,-13.118467882710807
35.76064650306031,-18.379096854455586
30.594618621053268,-13.022074632899503
24.450316222618078,-23.403949241204202
27.990646413384557,-11.26983777849156
16.595792720855513,-24.470687151813962
28.53254956538782,-25.194754491155432
34.663022931764864,-22.261879108520212
18.593642628834303,-11.526436004102594
21.014495397900575,-21.034872254738275
31.164789452812,-5.063108216475019
33.2814767848796,-22.049399497672383
26.743863867480357,-13.68601693050659
29.802376107047703,-20.1599366815674
23.638161180812208,-14.455434247399296
23.38180507642468,-16.435664705786763
25.699432732583478,-19.573043226524398
17.809064559018946,-19.93354735561018
23.334016338626032,-13.725409131905904
35.28891836011072,-20.706467663146043
34.10235255465302,-21.07960357507368
22.351181694804982,-21.62565990901586
14.647229681660747,-17.858025778483878
22.300461406558863,-18.691576867944164
25.756022892419832,-25.473054073586876
31.783640653913658,-12.454396396844082
23.383265302839995,-7.663548801421085
36.871753245323035,-15.64107792079125
12.211101793209185,-23.981045075922317
34.742027398564204,-21.180897753448622
19.264337492609563,-16.42515638852198
22.113539002522497,-18.581655484254842
19.844892200286317,-25.136172092398276
24.09867146234023,-30.506694385476926
32.73601573835099,-23.36933677714587
33.685826079965345,-17.992026656968946
30.96276052111804,-24.566689473306553
27.09723458906356,-17.641148177939275
26.712446451469997,-27.592064269963757
11.63552806000242,-18.718872887982027
35.89409672805647,-19.194288244878805
26.822885847846624,-27.524493136599148
31.275298771252885,-14.86495192612865
20.662315867659355,-21.536572573203422
32.821659593056054,-17.913381210298894
26.921883753884273,-21.244254531090508
29.11802568479436,-30.86508638141241
36.00890323486344,-2.6455569900019533
28.893229051390946,-22.773687304983085
24.925340741493176,-13.864762683383653
25.616431900761317,-14.606898517634264
29.494067892213632,-20.92095794510476
28.978826171490034,-16.03619563181154
27.629408471126045,-15.453389045385153
21.421045205730714,-19.318113788333715
34.51760900986424,-19.390443228061184
18.633853910920358,-22.073133660116245
26.362569444472193,-12.328994478712938
29.141643007539724,-11.59217641442609
20.68263762504658,-20.591434260830376
25.160705695001376,-21.42899555713226
28.22991664435559,-19.340560469427416
37.53163411257915,-26.099098543362853
26.756151212254043,-31.06852166183694
30.2405187452838,-23.59723297081277
30.435525647769907,-11.102895225081802
26.180883409872806,-11.394768350985359
13.714815976696855,-6.548210735022227
20.04490596103894,-23.13024772833475
29.878747491813712,-18.187115794476888
14.210550747151826,-14.774594374557157
27.076624998612782,-17.848222738080256
27.269356436370977,-13.587438382255769
29.89408107968383,-16.60651895879942
34.04930599339505,-27.411352794617365
33.63319752415908,-13.523896676248317
21.983154570755193,-9.382558793924462
28.6908072050669,-30.70809128914811
23.93602310716797,-17.746594257745794
27.662704631223274,-11.591628126855063
18.656864755400132,-17.389069123397928
18.395357957678954,-29.085713765443415
28.886035546888895,-19.5784345263197
18.388986806069138,-13.878183182684104
27.73643934516828,-16.26252331900251
25.798671106699476,-14.252485468965173
30.16004570322146,-24.350600025943677
29.936459509770515,-11.287481899607966
38.735495309976,-18.48306556726504
44.050423894798676,-12.224672955156699
28.872594061464238,-12.849187664985731
23.339295054357763,-13.044097452592746
34.33012047203736,-18.063671780220798
26.00089283985437,-26.864748115610833
22.651840413763665,-12.81053026429476
24.45001386205334,-18.31009446187275
29.91474335028108,-27.0694234957411
26.8242050495964,-15.140451377328873
19.81897416856147,-19.96562187023076
31.974251858167285,-13.18010957325592
15.25233944593034,-18.47936190880206
19.321279214147978,-22.912940785280206
27.175114901501384,-18.97223269771622
21.152379262125265,-11.730983777173549
29.098814212632952,-21.459332490333807
37.726439405566055,-10.748305129820972
27.234891086932215,-21.791189531096727
28.48522056563325,-20.787829848161298
27.914216423214842,-25.258723997086324
34.81550780676865,-14.84184389565836
22.415177657489526,-20.337378246800853
17.36866310847355,-19.0356265437584
14.514212529363764,-8.371283700443684
26.958537085226983,2.3212100665601056
41.78998455621042,-21.658550027772346
23.64711182112427,-23.235278021630144
22.51334991920149,-16.831113743417376
17.340715042657667,-17.937793738560625
22.572630525518672,-11.77819542514855
25.536662641012395,-15.343571921736864
34.78763708297164,-16.846580419376366
29.931303260362323,-19.50976642740081
35.41991392428168,-23.034035507951593
24.31359854425765,-19.689116308029888
21.421162367487156,-30.7926582831955
26.834060356668513,-19.825994824912414
23.481049502035237,-16.316660357352248
11.850129931262504,-12.672705099129715
19.982420008600357,-24.807539790610694
29.532116317711516,-17.306320087624552
21.18302295631657,-22.29270687834026
28.62151268207805,-24.41151850145147
37.40092565100322,-15.299126503895089
30.85568536431992,-23.79651214684254
27.549466533682086,-12.156307764658017
32.27807385241787,-16.020806639731614
27.721954790853758,-18.508839591370755
35.07607351408589,-28.41971613815648
29.345913048403286,-21.127928398368084
28.591049898120602,-11.892366873779078
28.976493225634357,-9.34168789676301
30.908073272122465,-24.423907507359857
33.878201960766354,-24.763889206252703
19.482174920670232,-25.43958468541628
34.296286609615834,-21.613130835340257
20.342046694332087,-23.83859730427622
38.07402453778647,-23.346743274183726
13.899852207199965,-11.97686737137392
24.48254910123223,-10.90972964124093
26.449390671127823,-11.912718730251612
21.255331122809185,-37.51291170028921
6.13212812197737,-22.187757787483868
28.829820938031308,-25.733962382349354
40.26886657756912,-15.93725858520556
19.941342505482428,-17.53050181655032
35.438359565933695,-13.56704422768351
13.612579217961759,-29.05155067607992
32.75033689974224,-12.298914580557055
27.99902182295859,-7.533717559083518
42.8167743337779,-11.140787234781245
15.886417957836942,-12.617611836171568
18.36554347747272,-8.167338667193588
23.27907294507785,-11.594882137272528
23.80419064167385,-22.678784320992285
28.967344297275453,-9.946621933595694
31.038563495723523,-21.50701620468038
38.89174133492129,-27.95881511975871
24.93186189252107,-12.77070546146376
19.401359673338412,-22.859676909688268
31.790081828797245,-15.45568280638442
11.180265206988345,-15.326219917979792
31.49699688322058,-20.6361378470762
31.058600325631296,-25.97464631741971
16.038936246165807,-31.233078246704366
31.724749916837233,-22.09190971653096
41.7089707259542,-27.031769654711876
28.570731366430525,-23.642280311292623
30.92918208394632,-15.942185923425805
26.694129830398197,-20.789445190337545
18.95791416703718,-11.491733458418746
22.571726024318004,-5.680936885034029
27.59254785106399,-23.93512707397968
32.102725798352076,-5.223069128064598
29.85791123323288,-21.501374333299733
27.03906353926385,-15.709020391279491
23.853804940770626,-12.16445314439324
26.854230558264234,-20.065238366433853
27.395824990399497,-23.588797710928773
14.648835750206898,-18.473260515797897
28.23852787404369,-15.464487274571367
26.075253597737348,-18.38865584090605
25.795212615347445,-28.80526584174614
27.387348769462825,-20.107649059259746
21.07520845941663,-18.14768547607504
26.55837707044551,-18.227094833745213
24.692911266416182,-18.168329237801707
12.319671401823866,-14.56357492856101
24.39542173490429,-18.832003108889143
29.428990615854982,-10.174763734746863
34.690469615621836,-20.93742597081315
29.94354219605887,-25.46812805171517
19.109153451989066,-14.336822659989267
28.019827104352057,-22.188350812884718
22.666879326152333,-19.559306220151278
27.08423016313636,-25.617861865212124
17.372000172066386,-28.35699345289333
28.967864084761977,-22.546311763436083
26.344054667321668,-22.12162261229703
24.937633453628045,-14.697795312885031
39.784620074314915,-19.725618076154163
32.028935165948255,-21.302871404457584
12.035164051122864,-15.964299502633663
37.669212515774745,-17.21447543109216
27.281703707110122,-27.578266900054935
21.347120003771096,-17.247210961374428
29.66197370626415,-13.829439332565737
25.22771621566758,-17.759763889758528
29.801522130124766,-14.853187797136503
35.30143947682566,-23.096179849360688
28.388357099617792,-7.25682787413332
19.752756067794895,-21.19770244175595
24.78732367515205,-21.230573085348098
35.23232898603359,-24.84904882819847
31.914361544733627,-34.633603222487295
20.41990326373854,-37.33553542604568
36.18253537432145,-34.57858368993564
20.23736836312955,-18.47867900514075
20.248936060580263,-22.371273569627764
34.28966810791515,-17.18451632985514
26.600663934701007,-14.20453607277581
18.260793742808993,-21.410743342153378
33.34944682562626,-20.1283051095797
26.295022500904043,-15.892039379668665
28.76554739883511,-26.397283041937634
21.61564065524552,-22.395052700826596
37.383134946664946,-18.194589164156742
31.446669144545268,-25.829876009089638
15.287322323094223,-14.682752239577198
27.61964355249429,-25.35507658161448
30.58410024908652,-26.643860657318214
37.013112246551984,-6.773402077584141
21.07121332584115,-22.82854609009684
34.221903857979356,-17.45515034482098
29.091742279325043,-13.0339811124857
29.256375074540042,-2.629564302953135
25.651709995305477,-27.58761806936718
23.46421552292245,-20.43549075054828
23.159674690500143,-17.01201012612597
17.49636862861781,-31.384643819288083
40.52131840794364,-24.127971504438644
32.45477760825231,-18.832502500171902
26.05898596145398,-28.178113306306756
19.390394380624084,-28.905355663529743
19.091424761767627,-16.893668045036428
17.229833168694896,-6.848312169401899
20.042640811711376,-27.83253282333709
24.624869687743388,-25.825060881668808
37.523260078657,-21.02704123952542
15.325566180072258,-29.295752437687312
26.047091664028798,-15.443496714111472
24.428165018595834,-16.029394644315573
20.55197635947981,-17.032702029434418
30.4715770132704,-2.9042187005295936
27.125984643349902,-11.520982105802421
25.988569953459756,-24.558066834564706
31.731964854177154,-12.075814166752068
24.472855527166566,-9.134882557015684
25.50451155160543,-25.227190933771897
35.836569521410226,-12.718026428154408
21.99396921931841,-18.16046975610342
19.73814148935368,-25.760058678671143
25.05023308327651,-16.763254691952373
29.733905179628195,-17.40656380628128
19.766097560959306,-18.13329389716508
33.46455752869741,-13.666579944431021
18.006873126613876,-15.40338449043096
12.915481198330294,-13.376241855622803
22.19258286984951,-14.073319392584196
24.7625865034587,-25.866993922339105
24.865882940645715,-22.501097676148156
19.03582030167519,-27.235793483333758
32.173832362193906,-23.161166659294324
30.747065573289202,-18.57078423804836
31.625081508300877,-15.258393039987569
18.108105983609352,-12.666190118338779
21.29476975038735,-12.397690836077349
37.75133155073019,-17.24020762350964
28.957432757751977,-23.576494514339768
29.393705079312525,-6.501798240972423
26.843400046416612,-18.465893468795887
22.991735601028353,-15.413681121610018
22.38576907422496,-24.473348393323523
32.6619412986689,-24.41745790079048
22.278341131114217,-19.596487141909865
33.95056176787171,-23.891201894336017
31.602673113015417,-24.05261989699553
10.701773307672735,-15.304873684379492
11.873540592588107,-12.499636211750722
25.19822009698132,-17.98390738831097
12.478746780903196,-15.109432002514383
18.856582721128245,-19.951301767307115
29.507458438879947,-21.547550590954238
20.37097988839943,-22.095244705096157
16.59902136636422,-14.57936445465161
28.102020504815336,-19.224172586231838
27.034628343428654,-15.042901397487757
18.752528514158875,-23.8792690612041
30.523805912901686,-11.950430515857803
25.037863237469384,-15.522566131218023
22.757953770723038,-10.836402949362453
25.0980977689401,-15.53986754474943
31.70015706751989,-18.825015525047352
22.97817084406029,-23.791227519909885
34.47682269583077,-22.475866531538802
22.864441348748855,-15.213844062969942
29.302300354640924,-13.790958709921982
33.02798705680063,-17.911539074284633
12.402718352912059,-35.24483997240035
16.56879811822408,-15.11052107550351
23.3547951065991,-21.177200066913738
39.26085970357177,-28.697229024781286
33.25321407434515,-23.71145797405238
22.70142201284898,-20.346957639053045
30.2864519797272,-20.9061071714131
34.878425160957484,-25.97907791461865
30.81944008403329,-24.59819882813511
27.738422445199316,-13.739250598608788
30.844566616393777,-24.37867243607412
29.87088605051166,-17.200142703924396
22.780684663294657,-12.380714590648612
23.63907456947736,-26.10138541314199
33.618581415160506,-15.59522016531009
21.735193199085323,-17.395448829395956
38.46408534458836,-16.698858791329346
40.7849639424293,-21.874674020794558
29.592922194013706,-20.108660755640358
24.151937903076895,-17.48446240962199
33.448405682216496,-20.79214324241133
22.920162532358063,-16.003571014367736
32.99031858719534,-14.410757292939326
24.173087500875976,-39.2391672073429
28.152187197950735,-16.02659206690678
9.788836022893513,-24.244885111049175
27.930022826542086,-7.851109078065214
33.4495507901059,-21.12625454898468
38.8851712044395,-8.67533111881098
24.25757927553535,-12.999387588536411
13.092284667893301,-8.97813933911604
36.75920708914411,-12.401082207861766
17.307995979465197,-19.8607682310125
25.502822240709364,-23.06248268077602
20.51087546221398,-8.657351016552917
23.017608858798216,-14.404257054089456
28.60199288085819,-17.719257793593943
30.052926261376886,-20.616928231729332
19.219455477644097,-31.783237557591796
34.27944242696202,-11.292641878467059
24.46632978257573,-10.0607331495192
26.339058151504126,-11.652383502137248
31.912060988396508,-23.907553425221636
32.61303347069092,-16.127087164410035
27.360646135503483,-24.90994949034914
39.511999924980294,-27.90477175551804
23.916178811464626,-20.763248768702546
30.7650640587327,-26.66367470880204
27.02952012001036,-23.955570511778387
31.4445173192826,-24.766698127299595
22.46372940532835,-22.4452484486095
37.879684673413024,-17.570035248329777
35.68641957394022,-11.941367756460654
13.185142982622557,-24.383797349759952
22.29301483352816,-24.215787698290846
35.35350881767605,-15.476160935713356
32.33592965029929,-24.91883909579137
15.931703695023051,-19.178838410291952
34.71207412674319,-2.5903646853070263
24.149597116648756,-19.281083427946115
32.047088616144,-27.428547273399637
34.942873576592724,-28.761608756414347
18.02195178545078,-19.44561585130088
43.92699971063711,-11.674182740817525
26.946712512391233,-23.890127637532622
32.17146095196333,-21.714985435082614
32.01721413890637,-18.89721821267719
21.985512821721855,-29.653801411263043
25.991425836141193,-5.0535087201172235
24.626945700893533,-21.95053671107954
22.988457911931317,-17.757722818287228
22.878231343853066,-17.437426433600784
23.323736301968907,-28.970001387465416
21.502761152807288,-11.1782581151355
24.49370665844708,-19.53687149977833
28.97512007198305,-25.79460293147921
15.403083611764865,-10.98341762443755
20.769548880468133,-22.831418900204124
22.974194208224656,-29.324292550903586
31.318392020560985,-28.845592762565147
26.579465362324584,-15.245537295072717
31.461436845830175,-34.553976417713955
38.67060624624482,-12.634047646858232
24.338788380777196,-27.386747846089726
34.75384499313475,-21.334552319341505
29.74130654019609,-18.421289092594176
18.26991325928188,-20.96137333307577
29.357055241284847,-27.240471577710473
32.692108722582205,-25.96209716792241
26.06813199469238,-40.23379118490712
28.793136619467088,-22.419642529335544
31.026359348908002,-12.53334040495596
22.70634681895668,-26.283466808064446
35.06345818791095,-27.066585644377177
31.091770725547907,-15.641799259912405
32.77171899032787,-31.033695403243044
28.2702763216783,-31.320339026749085
27.6449879197404,-13.096782176718111
33.31099449652635,-13.970628746056915
33.632624673934004,-21.453839756199965
24.132495113715645,-37.45594415363905
24.751918287272158,-16.87470891225149
34.64982500518363,-1.9203375675882093
25.21119172626468,-18.779757197569687
26.58210563377334,-14.589209489559988
30.096581023704633,-10.105714751349344
22.200693643765103,-18.549235996926758
28.552912595095002,-23.773282545015253
26.823035837858452,-15.940366900183404
23.38412430868691,-13.682950594680818
19.00973543734696,-22.05161230057647
36.617253885902144,-15.124280363717974
44.52165730211044,-21.997719513412033
34.273595484889206,-25.55031066718936
24.997598161953288,-24.07069561064557
20.16324902280829,-20.250729750520833
27.926495177560486,-19.311576615109786
24.166483544481114,-10.64381837755256
22.422448045304982,-10.695168271112495
28.724610765647135,-21.78024824666595
34.804927259492054,-16.355473005756007
22.932198134646416,-17.21902170611297
20.949725091471056,-21.53745410534575
19.61450671448373,-7.791387421538952
16.576508770817906,-19.452397456120494
27.605770509407023,-14.46404402297739
29.554181913153172,-11.353161053516125
29.842063769984616,-25.78941920250677
32.65010322252496,-9.236434084042152
36.53250007711055,-31.81730467567388
35.2516892281211,-24.383741715911572
23.357105475762395,-13.870366317633703
31.965142340022428,-12.876402879359862
27.107255136151284,-14.805404913297194
35.31738955665839,-22.047997287238303
24.317271696789252,-25.34294807321483
32.28196098186632,-11.397057650928446
21.896052438921725,-12.810942256921663
21.509256962582235,-19.889707894637
23.75368355450144,-24.159767018112596
11.978579123054693,-18.28337847929594
25.44063922637982,-16.940410624857098
31.798185440077923,-26.209777304115246
23.535870720762322,-25.051826855498653
20.612278179659917,-12.738017884326961
31.15411821293979,-17.861161399503885
36.39368028470105,-15.648223942815102
23.46137543291548,-15.239086598006176
39.532974465379446,-23.624278778778795
21.642520614831156,-17.816987837715303
30.72466162743857,-15.453575234789161
26.687610758649686,-23.939870310309445
26.68061257087411,-19.57614395548803
23.313561337393814,-13.135457902289343
23.78086719432481,-20.55689516171683
31.139595299976907,-32.159293684503645
30.346190601912856,-22.538743863728495
23.33748045905277,-15.662909015314229
29.041666801061037,-15.157723863115129
30.79627235586325,-17.447417474110306
21.17996715413495,-9.624408573531776
39.974919037586595,-17.193571819873924
31.314409983498706,-16.99641381433668
20.111090545498183,-21.631321949388408
36.32625637139385,-18.380395954489124
31.73203984090553,-24.355719325041544
30.560924948862528,-18.497932852970283
33.95561351541142,-24.937603326756623
30.023377798322826,-8.401685233205612
32.37173149592197,-16.916127315946355
17.334122194729726,-20.83715074584577
27.8798917911643,-19.27995093859858
22.86918026287364,-24.0093900624001
30.245685116881237,-15.781032748011723
27.768475896466505,-19.70331641507266
25.009976423557724,-20.97297021282635
22.894109401262025,-24.5156749613898
20.153682310534588,-25.217625148552557
24.480713796199012,-28.866894457115407
30.4081616012881,-12.70642590438552
23.78262828150253,-17.147597006183528
28.014086396211276,-8.975256354295395
12.503895820279682,-27.186560547714407
37.15196671342944,-2.5967819792337323
19.010680564988988,-23.402661943577666
31.702618188580885,-14.58756937900204
23.423671043527385,-26.109771444574502
21.699774118921475,-21.97011411870684
27.30870260886975,-22.858496848318392
24.292753266631486,-10.657297854141188
29.366746336566255,-10.885054694556885
20.47065755458347,-12.979810805363403
30.742179328357146,-20.166304690764594
29.832499449874472,-6.277421433117977
18.59846698816922,-13.69749973709546
29.824773971555427,-19.10034822849491
22.85427670720074,-12.478470067045592
19.133065525933674,-22.910074673019473
16.12300697100234,-8.023146847450196
21.75651516028721,-15.998483927242274
26.210388759407135,-25.213517972210497
21.08861774488592,-15.367372542863883
16.705676806741668,-18.37780158210562
27.46926582785528,-16.62878506178447
19.27079412116176,-8.54741358200584
44.13656173327365,-20.090629481758402
29.668111994216268,-14.387061318416947
23.558084474447448,-22.850403047688243
32.14895836826487,-14.996189917091257
22.78051825410515,-15.205159898551688
34.011193500391116,-23.789874324270265
25.323463690871105,-12.162744733653671
22.556356392485004,-8.865244604986538
28.350187747038184,-9.294994080402871
29.43394578796625,-27.415324557017108
34.57459768132774,-8.986120378499807
24.544658691944676,-18.126145231241132
14.979022157286204,-24.609375512224076
21.1762896258941,-20.92240991989579
40.43497064603286,-14.073529873993248
44.02871086838094,-18.670691601331548
25.191243595938438,-14.301894256720022
40.26782185582778,-17.97922970458389
21.264593261336696,-6.526314321318786
31.563135080537673,-31.77664481376899
19.339081996483486,-18.12106943972861
38.49232115314534,-18.50561391822272
23.63216847926071,-11.578316075198272
25.951785455380698,-21.43562656838788
41.60313191566606,-25.08724572571373
22.48241490868063,-22.517680641000066
24.718111627852057,-16.557431039462678
27.95573094608947,-22.7538547050688
26.295565206657226,-28.606334483191112
16.814883667410868,-11.855272387916346
22.14001640448956,-27.527531785545968
23.406193928788518,-33.96972846352979
30.217992712476565,-21.267100641525023
32.187803012697636,-24.915409635822254
25.79725242147771,-23.166263914566784
27.42275637085038,-18.217445846925056
20.679282471445497,-17.581441961592702
21.60822743683866,-15.707849993990713
37.139959153142286,-11.893544645936242
20.18837432599188,-23.04728185811951
22.796623235172508,-9.37602300005767
22.15406056753026,-15.048163349698275
25.04254156884386,-24.058587547694906
14.44946812488001,-11.588087910636936
26.830038328742543,-18.4347808552992
27.037039696521827,-21.765978881118304
29.160557580193604,-19.106648453401384
31.65646515666307,-7.460092198977888
10.035295137091477,-19.486170149131855
26.24778933850129,-24.274168590871493
24.450980975635332,-20.231162035935217
9.838916944882723,-17.72678493534591
28.624708744755203,-19.426591828517697
24.455959276224505,-15.357259061670728
26.59926310780226,-36.808059102479575
35.39749630835032,-26.107219200484124
34.23285579175639,-30.791588026571603
19.11498045986324,-30.046437774015292
19.481150492522485,-10.669343977684905
28.548706855366817,-23.048384210954747
23.810365975750393,-26.810201180946777
33.698329115213845,-4.481545268753436
34.117166830171875,-20.008871023268846
27.261897413342346,-24.783311257226714
30.19488561586574,-16.99661099899053
26.79286177618027,-25.623677812270177
18.864333059528203,-27.17843116555023
24.097703223600686,-14.104570241195916
20.789514079510333,-4.093130923437069
27.06796183355705,-27.864890898781354
21.754302533047706,-29.262720462643095
29.08963409577762,-36.03474814051072
24.092928864888155,-24.07703747353999
28.36318864620267,-10.016279991598488
33.56347082821877,-11.113548523899501
14.833877612411062,-23.1615347595512
16.15077485948158,-18.27896236119503
32.612078598452634,-13.80189200540845
31.516181094760597,-17.39434480353539
18.78850100734916,-9.724240981518752
19.214499121680287,-11.58536995830184
20.424884029084573,-10.291182134268
33.54804945531461,-26.905690631870897
29.88526304124877,-9.055418392146978
33.94358595607253,-11.828985587909322
29.4121810149178,-30.109605335989954
24.669720699483467,-28.10707410912733
23.44934259108414,-18.26880108681026
23.22614247210248,-33.5533375174377
33.94788846211246,-9.169252683927711
26.051320874478755,-20.955093205589638
35.78698749647998,-28.91619468191518
36.194878719352886,-19.09679947634349
27.137646616399643,-13.969801852429072
30.7112915107905,-17.28457007590682
33.935967436056536,-15.950109706840975
23.23237107335711,-30.721654496938733
26.09935116746559,-23.653174556968278
18.243010300832886,-16.079097405936466
20.357472074614797,-13.906758350469723
21.360693634290392,-15.258993052735608
28.23513838462316,-27.966915667018334
29.044052776484396,-16.55635918746482
38.7595797751319,-24.48246708124124
34.29096448712437,-25.80175682146812
25.452797934532278,-15.409899074546615
20.142969846165997,-18.174853919200018
20.46829913879239,-14.748153135334881
30.831497307962497,-16.029831693621478
25.45528176866106,-24.87800910484502
21.807142000941226,-14.414585061113698
26.548925975833615,-25.503467936936993
27.755658181128297,-14.466508365994388
30.812096809801893,-20.925664461852627
37.68273916798652,-25.238497099071115
29.7180570236424,-18.380126291720963
24.66876622931097,-24.85023466095158
22.841886031257147,-16.536715608803988
13.697390274325716,-13.310656082175853
26.230647932938336,-9.91623085848932
19.051538913499098,-18.160476725087495
26.609344837775165,-8.043653041566815
31.88744639506399,-22.575506340238604
30.123365667968848,-25.9561360514463
30.539811573940842,-32.33497668497366
32.136467401781864,-13.904887204899268
27.1482568140917,-20.19637795533655
27.851638972122277,-12.825448148151569
25.754626268855684,-27.75658958876754
15.64876241711741,-19.09181093558805
32.83848643422884,-22.32888348697354
29.176935003673474,-6.345519615293073
16.19323179241515,-27.326627819067742
23.679543200049434,-18.207060123792637
34.22493746187393,-14.157992901777895
29.24697633442415,-18.88047984422217
14.180857826524155,-20.187660489544776
29.915787949952527,-12.315424151615632
20.410554818440545,-24.88672657399442
26.934446001365973,-15.80031756648855
25.328525136261973,-20.720336723559427
28.79611162366616,-24.82066902864881
26.727881227864163,-15.360709893668641
24.976249013382503,-6.862605574638151
35.42403046542491,-18.48295308141025
19.83988976678482,-24.384644721391034
32.275172032754355,-24.789939014583524
18.688615270903064,-30.967923624506046
17.505742048783162,-14.530808107801235
36.38809654727733,-24.475901975892878
28.23086980426104,-17.861375081442194
24.209947422030524,-14.12244221187452
23.94393977549919,-22.84671881629875
35.111123738541124,-20.814459501729587
34.66408672818986,-22.0278932505115
17.131855941504895,-19.867989894669904
26.53553498024581,-25.578321205145013
14.08463182552074,-15.818761077372589
19.10566617895015,-11.848085630331763
28.02262172633746,-12.518692444272364
25.434387201951573,-25.010783688145885
19.00636695590167,-23.558937948378794
22.798925406519814,-30.65866958787896
25.035915301230975,-15.203384486099349
29.539295707219708,-16.003364253358846
32.20631673471456,-24.12446504182693
27.949446638808247,-25.089603140732738
22.486375208626878,-21.269025847469294
28.704097599154537,-18.97943269599476
17.38519820044219,-23.20743483174483
19.526680420765402,-5.408384536040902
22.24666248822939,-15.918574224209296
35.09566095688286,-8.089356067817617
22.235516895055575,-18.03068337954733
22.577787278547916,-23.24103915109466
28.754752615747364,-9.629470607898046
26.81960070940144,1.0991215303245276
20.110905166466676,-25.436071284945854
25.886050415632834,-24.577889922276
35.21317072635987,-18.79747648146343
39.64351925176495,-16.018342230989635
23.445098715355414,-25.96557056258614
28.710355266316164,-12.021686788268479
18.928011568908207,-25.693926846085006
17.262010228439575,-23.01961780585277
33.21414688499739,-19.540135604744464
34.29409657931897,-13.65627744300084
23.080239047735756,-21.3687434391603
34.810657198400584,-18.14272163293592
34.47643599362337,-18.399048592504204
22.949327075306865,-16.997218103603817
19.04723205582429,-17.10405723197464
29.353420793635667,-32.68793167037513
30.28617629946262,-8.219078210313533
30.031710938899298,-22.70093769989101
27.0456167355629,-15.93844294637696
27.963767715844984,-23.09919322182202
25.893739150059417,-24.199783119250345
16.378861091625176,-8.5750336977249
20.337337579037897,-18.476836534717293
28.739803112300784,-12.821644215025243
29.12040050438072,-37.61972767679666
22.336250165954535,-14.799076997897522
25.69777110358903,-11.722664588913632
18.41668889431842,-25.539597612682485
30.974153611286344,-17.4082683208386
29.951420876768076,-9.678163391955417
19.69865153502193,-18.43571164082912
18.82456086487246,-18.179682547228648
25.016934296983244,-12.349151567213127
21.93266982980473,-24.347250537107076
20.974703315326916,-11.308824239916545
31.150514450266893,-18.677748095718705
27.09443415508765,-31.184724792527053
23.326020111057243,-13.729184716775736
34.16840406431696,-24.046798838843163
30.921043374428557,-15.408233867254612
24.044442085062965,-9.57129137980317
18.369441148791,-27.575495192416856
24.51055068414333,-15.905667206554636
39.16023608419097,-7.04378885980679
26.40096433671646,-20.596064940593788
36.385494427100404,-15.646832120101454
19.507853550426624,-17.026866097140395
14.43469826428537,-20.57775517529167
31.243396531758542,-30.36199961994814
28.18319958636314,-21.567153841118007
23.572056808611144,-30.698779651026683
31.614689275396884,-13.146185906224257
19.918800947006382,-22.012455273885504
40.775592725721324,-19.958994248530388
28.447669490031856,-19.907577565089706
26.32743189897546,0.7692813142555295
26.356599314943523,-20.22117477245763
23.962588352750164,-14.149851281332122
25.681083883438195,-12.189773167400421
14.992989515799666,-22.70175516628125
26.430192639051945,-13.655191836610875
30.850004888627943,-21.649810725068427
31.56866493222856,-11.258187254939575
19.154063575245477,-11.449689612268086
25.122226147307455,-16.616961548250092
34.10625989688429,-20.81099416890794
24.579760004593552,-16.748389889198698
33.62631181565541,-26.34706098833341
33.38271046689141,-15.976651231434749
19.19831057113448,-21.071273794217774
31.899068694645543,-12.505349462174381
27.747388618005928,-23.133543668738433
30.73836940621934,-17.552190525416304
30.044435651575398,-20.7888433413319
32.06893818971655,-30.85085727072913
36.31946795962924,-24.65167608043724
24.33451701424285,-23.200526119027362
32.60649882558304,-20.25681902843603
36.92607663384284,-25.744450799278344
31.516303515498443,-33.25314179935972
28.247522139914963,-13.134118801697593
18.81686923378375,-14.42986151490328
30.48702370906424,-13.43015386699738
35.760529864771655,-16.44829420398411
36.257603674830534,-25.23662958584812
23.309192335614764,-24.42305483893847
26.180909805405264,-15.966561574025956
28.612751368129988,-18.81097244832346
22.25539697660057,-20.130510781674243
29.047642551099308,-14.513783161456843
34.90363693681281,-17.891483466964218
35.2104826685353,-20.375677432635577
28.59524648240829,-28.013550173366582
22.097146953690086,-11.424574807936256
18.426933349630474,-18.55105210221834
30.75258312386876,-19.893178370410077
37.1002856322139,-3.642140826385157
39.256390540183645,-18.52604262596414
31.49292842051696,-20.342630424507636
33.352868541187135,-25.25076610086751
21.651314829789545,-16.563422670576585
38.175141905524214,-13.846685445357632
19.990214764290446,-20.27397153513977
22.606677872812405,-19.130843339350122
17.260157623797795,-20.427020051075655
27.936073592417326,-21.716261972096937
20.224893869070094,-23.781335633462678
41.83488727508572,-12.398343890216932
24.52096596475031,-13.577226363137303
25.56553122274948,-14.340987616133216
23.771304486411225,-14.960022039876986
25.65537360789533,-23.327040557188027
26.57538913972082,-13.803131105546957
24.962837607671176,-15.897063368780836
32.757007008245715,-24.828309434760627
20.842272559614216,-22.906191028913963
30.85370041837959,-15.000469389779123
24.733141567818766,-23.65535728478806
26.644853266135883,-21.666981329611477
27.78641721666501,-19.473950527191626
35.97480207060763,-11.376073651873437
26.770003230278974,-8.864748296481155
31.754492870187136,-16.544245903165063
32.712209007880006,-21.610004894017145
23.65976250926913,-20.07919208487169
25.037785246982388,-14.971519882800955
22.64351821619505,-10.99338763979597
34.03011215452335,-16.13897543226501
21.581257674998135,-23.05467846267069
27.094839574386043,-18.285102079216898
36.78309321963624,-29.269989487702027
20.558984447371454,-24.92492107882517
23.8275296152382,-21.601236136362253
40.117633555683824,-16.575794138856857
46.75296559215519,-18.154532988454623
29.22194810081903,-28.047421935835295
28.33034602447468,-27.992842256303334
25.7852934998285,-18.63141681714531
24.234897747172305,-14.636692711609935
33.86621363679264,-9.164148806648063
29.132349233548382,-12.695973533828163
23.448558582058116,-12.312082613401323
18.146022745059874,-14.28403134491645
24.70461010579421,-18.58120584383779
36.99971981455702,-23.172141960243252
28.723108777016854,-12.93849790732315
29.610395502873754,-13.084994492550532
15.869898568940513,-20.355846070422388
25.982627374775134,-16.247251779377773
36.62932379710039,-28.581091060872808
38.995423299683324,-14.902298593219001
26.33960790931893,-19.817096764100402
31.605690492483895,-30.16658372818744
28.405670702336977,-18.341328721115566
22.832872616161115,-24.459230167110317
18.91162870726625,-16.18466285489501
27.182688615798316,-22.331241462738305
25.913241216193715,-8.041118726319727
21.003103502825944,-13.522716821887617
39.00747931719596,-16.48368255758411
16.754438457328945,-24.714963265169715
30.071413694662443,-16.963778358196702
33.14484303499849,-8.236973502263334
16.008128817068737,-15.948314718922568
30.747837932125858,-10.28394757840993
25.81665729953219,-25.346321760645573
21.949017728138706,-12.232607960380715
28.43945853596221,-13.855408353168546
16.561407836947055,-34.15270770864699
31.755702232903104,-14.4884391782951
19.468748689827947,-13.195043988385667
29.318146031771864,-34.50520846046331
24.27249416202547,-11.78851692164725
24.24513146367068,-22.97482468548434
17.724698342923617,-23.57261490345566
36.499454816980816,-27.558396081612372
26.84732654875618,-9.576241126629457
23.18694175413313,-20.408171181897828
27.83901999887355,-12.090162998085175
28.441743890792832,-23.98168003536364
31.409176206646553,-17.792026547176288
27.68872951221594,-23.899283953562982
23.890540385137143,-18.921754025104544
29.94104560752402,-21.5631885290469
26.14661805870197,-21.380472569006596
33.56365219670381,-14.549929712731963
23.317874246979464,-25.339034292502035
34.703278899385055,-19.428833097086663
36.352874833676154,-19.392952938529355
21.967359734614437,-9.75739924256472
32.54209522946259,-26.040567847051435
36.10519876348671,-11.136113663250914
25.858326293737683,-17.311474792167182
19.42688715904331,-19.743992330838932
38.57015471907047,-28.838269645202793
29.396981991206072,-13.577582293451226
30.768964264461225,-21.199524763051212
20.578659966587697,1.7693789184181625
23.751198279980482,-17.082143535049898
29.000296447852804,-6.625045327316283
23.329950464996628,-13.593753618797116
37.9771220662928,-4.020413216505402
23.236019857799597,-13.036353953792108
36.23394898673415,-20.38173169905784
27.713043834816926,-24.78539970917595
33.27567091005943,-19.154404522442327
23.045237824091203,-24.574054646780446
14.653887844656259,-22.93471101004429
22.679363367413213,-15.260194016151502
36.10178642739033,-25.934402901294654
23.388829030891525,-26.37688343501636
19.563773938340145,-24.126504298716874
24.99541349377415,-8.291781471756723
34.273287365738724,-15.74345728020126
27.512721279534226,-17.235168144996095
17.680526399441295,-18.89001178081206
23.859362324856107,-6.193467176220242
28.97186662225093,-25.193355259325568
22.867857193096206,-23.416784305302457
23.92728327437604,-11.201225326805865
23.31910227988318,-19.448746411803583
23.73487434859838,-3.9894936957911575
29.74996672115998,-11.047876085135506
27.065920347766983,-15.042269168650549
21.50734839259558,-21.945998506396435
27.727624731334984,-23.613414846531143
20.437442863643454,-27.882212122477107
37.43258426130855,-17.985102571962138
35.71671134743533,-15.508890369398827
34.67880152941383,-15.841557353331552
22.613647678251333,-25.77864488891818
35.29550462652138,-17.096186963226277
36.44389828763677,-24.360296103952365
13.530151520292577,-22.947976693740546
33.35793207702644,-26.91409106741446
29.576566952616112,-19.687223638510808
32.470492655542365,-15.61513433204449
31.46101104771902,-21.638526788757765
24.280263072683898,-20.11216114601375
40.438676845770544,-21.638265405262253
26.031924789192036,-25.714790173902436
38.188315426402056,-22.465019387547457
34.94896035322603,-23.022257874808197
20.109735970281072,-14.539912930586933
30.685621141055993,-14.681923304997206
25.442401637765343,-30.750339466146833
26.861369307293987,-19.586482771908113
23.8569047856397,-24.114111841749878
19.823633400528568,-18.130195847540577
41.59866378007425,-22.59800158111562
33.71961225396358,-18.390202735202113
25.18353249958185,-24.160367789805385
26.780036005043836,-23.108695598891156
8.783572984578882,-8.909257702937992
31.818703022438356,-23.226059416508587
19.354006940304455,-7.696331143473156
23.709166521680437,-13.750413837251287
38.89293340873105,-25.72852524060146
32.94054645805643,-13.31614144914495
43.733223427880475,-18.73755853784431
28.184073717870124,-6.763200296971901
28.925520223159193,-20.154639236448674
25.41746882976647,-31.181722645157507
24.8316063309415,-20.932884083642914
34.67740095508603,-22.02246331744867
27.30703901948168,-15.580277843796004
33.18470518177365,-12.827334532196318
36.08798986222438,-28.910547031077996
27.88677713558806,-10.38764653459407
27.773209236169283,-25.02329253723769
22.23743461388957,-29.53736682803688
25.92259935504408,-23.106688944574568
17.73729474753012,-13.796189239001652
17.361509099749284,-22.13414906963995
21.38873994929582,-21.44855679406269
20.910955583625416,-20.90402806414829
15.201943429285173,-13.832165475405404
21.334877669499527,-14.393156594747307
26.611038290785196,-23.365118950047325
31.271658844718367,-13.012252681057213
26.701672278754607,-24.247280317864636
19.542752325689293,-22.754279648605753
13.458950520231925,-12.555688237240727
30.98420043904496,-18.351395180551066
20.815293903171625,-11.884276216650559
32.29217082980755,-12.210287530531485
19.317948820892475,-17.751489626264156
28.803701331458278,-10.43171246808687
32.52526846915883,-18.70146071212327
27.848028981320848,-16.624666013125463
34.10705586853958,-29.52281331339892
28.837367450602454,-14.901839437741188
24.891389744097566,-5.928781443705681
26.198374608980515,-12.63041092609468
16.907822177922085,-10.246298071478307
39.55537589766798,-19.433095667668677
28.41923736835853,-26.031443332841043
23.22151313960802,-16.577190211347183
23.031952083557165,-24.744398682943807
37.76414667048701,-19.258861724123967
23.841438409460036,-19.55894794078646
23.712267381076284,-19.94308947092118
28.389934500165992,-29.82402277692724
21.371281501677963,-16.731265850325983
22.5067650855187,-27.23751523405546
24.782460085859636,-19.2020350936075
22.63187380460004,-17.478302479408264
33.49965341286142,-14.371223475049494
35.20537508608526,-9.076340688713131
29.573976044533023,-20.968690630963152
34.15889981871996,-23.201131260387132
20.32394030288342,-22.858687974125584
26.707314377394344,-24.7013076190334
31.467925596613036,-26.63267935042641
33.93011408016224,-22.76494960835837
26.36083717058546,-22.912700796971443
29.46879635084059,-30.927575783214024
25.8468959493339,-23.26664469387678
29.26917404172775,-14.883026057292916
38.07341438053544,-22.67251051208289
30.168239607515986,-14.904834151508112
22.67360832666184,-22.421105743173065
33.34095258231352,-26.972558944457717
34.10790069501057,-13.162867943424429
35.141227716894655,-19.416929266951804
20.334491668709543,-18.57671053803161
22.73046239960105,-26.5787272535955
25.20404740702191,-19.13688371396759
30.444718013343362,-13.406811043265767
22.211678546295687,-16.06383685828697
29.425549008174197,-25.679194351513956
23.6534586470167,-15.970551047637029
32.85925434934723,-23.44367414611697
15.557845751150106,-15.28206954958756
33.07383527948836,-18.764447117873452
29.95296905195417,-14.904589121779999
29.09341665480186,-27.368359335412975
32.815707839573,-27.359293419690786
32.48367535215147,-17.964783994582003
29.487537719886102,-2.864225891002782
17.579415873766614,-15.646980544509367
30.425670183357695,-22.591495338642986
25.67158531969887,-21.58676923563722
35.27587167171323,-34.077405556049214
22.5083096353627,-15.199739989835965
25.916772621799268,-19.443464755270746
26.86367212292586,-30.877205763858782
14.738332409802341,-13.849492517456753
19.034769763851354,-21.754331948580923
32.628022686343634,-25.198541112791542
28.802156663862057,-24.326194265866658
15.473959845162508,-28.92462953166024
27.441200525793516,-17.287721484853893
28.721382713477414,-23.98328597471321
26.744832484892164,-15.110637932894956
25.93620518310007,-19.209250125442388
27.657639035766575,-16.0563505735697
23.53810277215502,-12.134791488377049
26.10231531255679,-31.22105654213055
33.48224527801247,-7.282713870071639
28.747347796480952,-12.213862780999289
30.969193779536607,-14.982433958299923
16.804998980533227,-19.930926486631353
27.121095527133363,-15.692509183325715
31.682413746309926,-20.40244565189067
25.031722557155444,-16.96458314053026
28.032175095018733,-22.12660847570959
31.703025028272723,-32.32805895623431
22.88930743925835,-10.794438153385995
19.988926292657204,-26.237797851215447
35.86108183970505,-10.07183411658806
20.787773667654058,-7.471384135327291
20.327355898254677,-13.239526646107368
21.196456234484334,-15.273508811418054
32.22992120681285,-23.155044291638227
34.95801323097669,-25.765127944351637
30.74208005945353,-18.915790631499355
35.124649524406486,-18.956580179431207
43.32484890706044,-21.418491816680312
41.056724009529,-16.70533558660426
29.92480675146855,-19.475004628499523
31.332429985287593,-25.14467437862947
41.94291938724908,-24.943812662322586
35.06607351791027,-27.391451004681002
32.78224624023648,-24.762078195483998
26.07275685981552,-21.802704792280885
10.663435067621627,-33.71091473792782
20.98901919839631,-23.46869439636966
22.200407723939172,-19.113352125250795
24.13465127018717,-16.940214228359395
21.36994707283429,-19.051277037029298
20.87175621444248,-20.847763674702627
28.285805961689075,-21.119785163318213
19.867346505246783,-11.178726311840592
18.04007735971151,-15.654238207426811
29.120159636534435,-35.43474615348319
23.49282533830638,-24.95552263566308
19.76688713269109,-18.69609827768837
31.850279294517062,-23.773412020771993
24.702719874915893,-18.9597453376398
31.496431635132296,-12.448387475341633
21.15431360533926,-21.76115165292092
25.702687465864564,-16.637794791994704
30.446705980776976,-20.176035027678953
37.98707027232489,-15.872449373681757
25.477595452710286,-22.840621191106642
21.000236737743833,-21.666018773425744
29.42319159558005,-28.474322473679464
25.242622385932677,-13.972983205008418
21.071909247546998,-24.53818406444252
23.640337617823686,-26.201297945357616
22.33826298633719,-24.399504356652898
33.660423836695934,-12.418822532262304
22.889174744338195,-21.766871851077635
32.747971748002136,-17.830549718904418
22.01062886198126,-29.512900220091755
24.840863413877397,-12.935736533423606
26.206738702841957,-16.51829638849902
29.403853300203988,-8.702430723312569
32.45023902978454,-15.27295235234584
34.19456719263342,-14.485317350715112
23.81053432194344,-8.75059688645565
12.011563397328649,-26.79165916440983
26.211969158419695,-13.49349488714014
25.272196903403046,-11.812489650825675
29.68164418647483,-35.547366327745394
40.07696655186042,-15.054359638866122
19.99550730179736,-16.162370345001655
25.07196960724118,-17.812042357987835
30.522745267097065,-11.51097160216859
27.975680479237475,-27.911971284321645
21.20872841946382,-21.98106189661099
29.819379975923585,-29.529264552445287
27.887508988318352,-19.572349004582293
26.297506548149656,-16.044492203993524
33.80212989448436,-17.83723530287617
23.27101697763295,-14.120610609690278
28.503475305799427,-12.346411932637626
26.712516271591657,-18.139764684770196
26.667161314079628,-4.2560918431193215
19.327592622386735,-18.63120099853567
23.704601114246348,-17.50427223238445
18.75983888828364,-17.36631247000188
15.89920391077457,-13.42639167767599
25.26081001765495,-12.850937202150336
31.950101213769884,-20.820960539485558
22.93430921329914,-30.45362946301997
20.71733055247872,-13.027816648525052
28.206649367260265,-15.261150453710052
20.70390193879767,-13.22508775914309
20.6483552895027,-14.908001941209928
17.540922708057,-26.074891999574323
20.704585212155255,-25.88038188564366
36.893334069904846,-22.416564910023446
28.546707811178912,-20.976326829120254
32.41427096799867,-27.041084375412076
32.86755728283735,-24.795263037735978
26.159597243658,-4.998896791726937
24.364756619016273,-18.74188590786764
19.468069295210807,-1.8088064589462256
33.28945308335977,-31.218392778674996
29.70408675158381,-20.869036018607922
20.739665132017393,-22.521518153104275
17.91227573474294,-13.551447184035645
26.105694278039408,-19.371901041930823
35.27007664034729,-10.463641900623907
33.27462234557164,-18.677034794638402
28.511213813917653,-20.684781057052284
32.98492337908677,-29.224944533963615
17.823883923252236,-24.17749565708283
35.76593003692287,-17.06710135001602
38.09932454463723,-15.668641854429039
25.60730616801567,-17.393258035285378
22.862648693389687,-7.575960183046851
29.526320333776788,-7.957558529177167
35.39183393724056,-30.533059699397164
25.950414100137213,-20.081523374297433
24.514959650494994,-14.81257813508888
24.636644359544853,-19.040843964345054
24.81636558924141,-21.353827913476703
19.275033850569717,-14.404729773719595
24.302148398192525,-13.084817441036044
27.945166791157007,-24.979758009151563
28.842085854679368,-19.767137764291657
41.73971236900943,-17.517285394975065
34.579720619991704,-14.928302822697944
11.824929235982106,-22.78979167684358
22.318628161797932,-22.699464433043534
26.588903232223238,-9.81437503063897
32.93091861115875,-28.303237304981714
33.13860626101798,-28.357492436345133
25.030396577955663,-15.645343934626995
27.10082741548195,-12.232179070758207
25.11881883085819,-27.046775148063983
29.829515620547394,-24.60219898638927
24.261413196136683,-10.427908524775074
29.94808971820006,-14.435234446531265
26.095508450213874,-22.624833318696407
32.80590446287379,-34.719362068820885
30.574534409402993,-18.55509581315721
34.586333666772056,-29.765039851801852
34.949848825665285,-26.579206140356302
24.641492945445588,-24.716440554870527
29.626931080054078,-24.131763078862104
19.886373344804504,-6.961225474629453
25.77198804084995,-7.658884137302811
34.18338807314085,-15.90187950104166
22.459863536197314,-15.231873493718513
23.89961717463299,-20.2312365244909
22.35018473141757,-29.91439503316573
26.17547974504683,-19.05361102065622
30.802482525619638,-26.398485484548008
18.85233352196967,-6.2715768745239835
23.327562660342835,-25.13713078079431
20.94590541482875,-28.67174144153328
29.96214749270778,-24.899563544088423
24.67395163114499,-28.270517718548902
20.920912147892444,-18.356148906252493
20.588215509815747,-23.440978193293454
30.212822154575726,-7.408783164803431
30.14382231393321,-20.175231452399643
19.731707419754727,-25.585897729919562
28.5546514243323,-16.390342860509744
37.76393942539717,-25.34171984519948
39.63763928252598,-14.236275953396724
34.39058971400522,-34.35911264089937
29.839793648771337,-15.033068137756763
34.10070099668698,-7.527314967855476
22.6724538171951,-36.09638430296759
26.166510219947703,-31.195301322523985
26.014591894796048,-24.59265052691791
34.446400050406965,-20.899818448709
35.200236534105386,-22.221639694911044
22.56378410274224,-34.26257171535619
22.054972089342325,-25.311490412059758
25.636204726540786,-25.153600732896862
49.460031227645025,166.71814444612477
52.57619720934208,168.6615828692641
54.49828607176417,166.77457592319064
53.49078344081453,167.48593008313816
53.45352584245117,163.81168204189746
53.96816008924701,165.78511534229978
54.83921457446995,167.53525370525864
52.179596689119144,168.80088476804465
54.520718209085565,169.27454357097466
51.40362050160452,169.15730069166764
54.14784253539513,169.71726563118395
52.40990121407551,168.34455887884207
55.368174619883504,165.08155079519193
47.492022773584196,168.57320600221584
50.15486407088975,169.13372173167537
50.189821437190645,164.8929317012392
49.942143160878004,168.4725366675232
49.95370281025471,164.0639819790432
50.963881954642375,170.00933647798658
53.19481288390633,166.43098794454326
54.04979951514473,162.55099802212305
52.221487317208535,169.2025095909179
53.946579844311216,165.40808384605808
53.75261547424217,162.95694583230596
53.58403777645244,167.3734269621473
54.287289035544774,165.97022638539403
51.603173820611374,165.4322337720361
54.12534784834929,168.1565774474186
51.35044012802258,168.78078763409616
52.43580922231169,164.7806041903698
53.11711616576647,164.66879711681236
51.04943291641239,166.3782777464132
51.13484440104061,165.57790874897455
50.88093781599921,166.3386098098932
52.445320439523805,167.4347323473118
43.74115991392642,167.32466730368367
49.59412239729701,163.85588886679577
49.88357764355106,168.11611055880326
53.0713158405386,165.51138131346198
52.6530518897047,167.03959022614808
55.84872278631241,165.81848351683922
50.02756183448317,165.4439289681379
51.20716306992161,167.09419869964282
50.18765810289575,162.00105038923863
57.25721049286572,164.30200267621086
48.80169478377965,164.747944333969
55.12216335682973,167.0454372103204
47.6744844563531,166.40130146325632
52.540506947378965,164.1041917850911
55.749749445750936,165.04458766817885
49.79547308508604,163.04062848433813
52.10271721134967,168.5233557612682
54.12801309655657,167.7258420201286
49.96032819304988,163.89815621859728
50.915967265547785,166.5065171725629
49.87034707794452,169.10013022119648
52.385942543130035,168.3446692225366
52.15741374561263,168.40583821501525
50.25338202072702,165.74283292076447
52.470938087843535,169.04918370624674
49.77702677249727,166.39837874980378
53.21118638035296,166.82024833220905
52.50756937782369,164.62132039943037
54.48735511872392,169.25460355927427
50.99953297446106,166.90342065307175
50.570176215038714,164.03732111445885
51.62220616152388,170.8064095011591
52.30892455937668,168.7367771351369
48.5404668474246,167.79215941764298
50.91607715728826,167.01175755720087
56.1327307659911,164.51605261493233
54.72994581984829,165.6002182445165
50.22818119724294,162.36978400113532
52.345772076096374,166.73693046058145
56.45089949289326,164.19222833367166
52.116211981873214,165.80075922384341
50.8593361240378,166.03298458744672
49.886446606749374,168.81087977327886
49.327614030276635,164.89581429394227
54.07955551896885,166.93640115718208
53.48490221485825,164.98767876296264
50.363472983866295,165.56910803095127
52.175792139390005,166.19867043017223
51.15004114281116,162.13061611972714
50.6613894644189,161.47940224603795
50.68832308529428,164.63033411483806
52.15886356974177,168.07418273644137
50.563820243243576,164.37760885236318
50.89192476650091,165.58341683057472
52.81718811514114,166.401882292212
50.27188356784359,167.03973118053298
48.06859603946426,166.25732270562085
53.1884360250246,166.59847803211295
50.315522154238536,164.8825806313686
49.41805372916282,163.25708207175555
54.49988858062216,162.32045783768382
52.97315609865084,163.86422335012992
48.44907128655293,164.48862535844273
50.19275341433364,166.53727292382126
50.7397819180498,166.43426330966918
50.47789943258144,167.19347357549617
52.138324605931025,165.70621617613406
53.14244819199433,167.7618586886098
54.147284460941485,163.18872893855465
46.832167703932875,165.03839710638684
56.500763863108325,167.42319295465012
47.735523605998054,165.22562909327456
54.28795424308005,167.26309739471407
52.740446938075785,165.123936751325
51.569583225476705,169.91448305667888
50.902105261767986,164.13040585210402
51.416143774764315,164.99274404720515
49.77844347901379,164.31218075376736
51.186878430045844,165.06390186040255
48.68391142304765,165.83478271173112
57.17219934576286,167.13978458521012
50.089925636563194,164.17242839132587
50.4246517590879,168.7793000050144
53.80667261962056,168.52466778072508
54.29056308151315,164.64726693180907
51.198855004963484,166.45150185047984
56.47800209856584,165.67471407981822
50.356621224485615,164.18194719144176
45.39023730672256,163.0158208723819
52.57232239327923,163.16084675947664
52.41637412959679,165.16226085334355
50.08969846970145,165.58774150966534
52.85796665378003,168.2867726873041
53.876460509841024,166.95602218465706
53.015296761645565,164.75674229672376
51.284614720969316,167.669934765399
52.79834340246515,164.63176292915637
49.55913467364437,169.03178778332114
54.656350889472456,165.6168789235185
50.87386286308126,165.41367903861257
49.422378755479414,165.69748443214647
50.802667302630546,166.12348000803362
52.27098731633293,168.19248320969922
51.95620733254077,165.09313588210827
53.96992431925275,165.40500556285346
50.33915188732907,166.99972314950557
54.162231805358786,163.1731894686571
47.59120686807811,164.77936669700608
53.054974437306214,165.56369719254002
49.328165736133954,165.43010676006782
53.76958237903668,165.26800232634776
51.24862192946521,164.71408477585007
52.14685855754265,165.6820547087198
53.18460281875677,167.4414809620625
49.78282733725324,163.57637384973873
55.35149677052541,167.65036769688112
53.322976574444844,165.53381654364918
50.18247569915686,167.73332602162313
55.197036664579706,163.23707513004157
48.635537930360364,169.18703554659177
56.574677642453814,167.89718413494597
50.961938640750226,164.2127736703081
50.44188089033021,167.4730884638109
51.45671241576814,162.77720292007584
53.92323404347199,166.2405204779561
55.30516834825348,164.2784809018551
50.63411828914544,166.1712057106694
52.543076756908974,166.29178060006083
56.92218574578822,167.54577364403056
54.77901656738135,163.625944918642
52.884175601578846,167.69198875645696
48.19668756389691,164.47745736342023
52.4156925404861,170.3044408029462
51.403824000473485,165.54951863917253
50.16790649171348,165.3383795913155
52.55887531791481,168.9273900002238
54.76735465410027,167.2298322309308
57.03736937746093,165.53218542516868
49.30234558078865,167.1730580347841
50.764880076193386,164.18890538603338
53.239534391158195,165.64528583428287
48.78957309660569,161.77141384863552
52.08395471017681,165.73937207546243
50.77497545221513,167.26224932326758
52.97078168488585,166.24089225769995
51.95509575214724,166.48386442111047
51.803986973907726,168.3429915117061
48.27652301344377,166.49712749183797
52.04653196963877,164.79120086079286
54.68396483488089,167.25699818214508
53.012395566494696,165.67818818143067
53.391844311728065,170.8345596088619
53.62857102380335,167.71978810368435
54.26075081382597,167.29073521770619
50.40262566010361,169.18452689229602
51.67030541982402,165.2780334141968
49.270012106533535,167.1066545349406
53.78048342979114,167.8681735650929
48.0941685937193,165.6591779182004
52.71328541660027,165.07394170090907
54.858054896651566,167.8337850151414
53.060062379623524,167.02104094807711
48.15832205998558,170.9924235890022
49.38327343342053,167.2362667746224
45.23936982627456,165.87890154479987
49.243525787752354,166.23993330462798
47.283892032951925,166.34251209157318
54.60741126605077,166.17680570656694
55.695913903956814,167.05395782019735
51.64553775862658,168.87161245915703
51.91152243374314,160.75390257461126
51.10758286693608,164.6623342349874
52.03531291630153,163.71669396726338
49.32383876310318,164.82636885006605
50.896830970152706,166.13981395789028
52.5663316830755,169.38884053072172
53.9211448910869,161.81176491033494
51.80847104623932,164.93365539708884
51.559969711384255,166.56604056209193
50.575751756714155,163.73896697788555
51.6935017945303,163.62666998649348
51.41961051575947,167.86894477888248
53.55520957538772,162.1258772559274
52.394370078498646,166.86343984030512
50.94715180132453,165.04624070801495
52.185233439424245,167.61167550624828
52.636886477556416,163.04253270425514
51.08636173256499,169.26101926274632
54.83826419550327,166.06151955285316
51.487332823438585,168.2815257575575
49.947218869269115,167.78592143276214
51.996096099346076,167.45577556044327
52.03200484970561,165.03762431226514
51.557811809135316,167.07745569789182
53.25214829830072,167.38917935186254
47.56196075507706,168.10892938399013
50.66315247705083,165.1324691378374
50.87251256791932,168.63143497207767
55.40383080487223,168.59395004861233
51.60504941800981,165.78243327042117
49.61577893027145,164.00068905159182
51.40223505475851,166.07311717666357
51.93799427847051,165.04586847027463
51.98676716665204,165.58915231043957
49.20662023511677,167.05410666660654
51.20360336292164,166.53594257261867
52.45690715466407,167.2827958588563
55.81655986082472,165.533957238166
51.83315581805713,166.96796397683516
53.41728572312847,167.03765233175352
53.260877931832376,167.44284743700985
54.249379190641825,165.3309366216706
51.43088274030911,169.40507973627197
50.323772144073985,168.2833140457623
51.82784989353254,164.29407056141605
51.13240361567466,167.15931495802226
53.72760052315759,164.53632189478128
48.0220845649564,166.22184686945494
50.14114319182022,165.67406767360967
52.67950098619915,165.57432185096923
54.61125422154612,166.04232562411138
54.12533499513439,168.26947219774794
51.06026792133181,163.80682575068758
50.25676493653278,167.40342295838232
55.48619476956368,161.61725635298183
54.23425924037896,164.83497104780284
53.767056975760475,173.41898660011066
52.09875803996767,165.5483694007674
53.69511171943644,167.50199066785552
51.346355812697155,165.1165133189131
51.624531138386125,168.1803895168131
52.89246589475975,165.4146501383207
52.63307419612422,165.4334460143221
52.90044790824105,162.81868937874825
54.14829778019368,165.7199612911341
52.233444587268046,169.29108264404283
54.1319575629138,165.920453004753
51.833127793509775,166.67836825027783
50.10186888258368,164.5095481009492
46.033939932333794,164.75941472447388
50.34383786756313,171.16721475698108
51.021185220845716,168.87248410879639
53.883519173943085,164.2586263122302
54.55373959383995,165.80621344647
55.29708497886775,165.45104432744236
53.15040174434458,163.68937741953607
49.798165283706155,164.82621095941388
52.19095824709207,165.3179085535513
54.79211457009173,161.69021512267184
52.07574088726179,167.78464710615958
52.10176286547227,168.04215816547236
52.79737822382065,168.17892615754593
56.38369405199457,165.84511141881524
53.12039598936268,166.75377002120848
51.481170075136156,168.17644387607214
56.001993165108566,168.59105222309756
50.994559614510116,163.74345124263883
50.1084454382758,167.40412038522845
54.71483526376942,169.33795997308368
53.68994178802952,166.23918281833835
54.82923388935397,169.58420872371312
52.73221668513116,166.69689256396987
52.25254656982914,168.9749725076199
52.937619243923976,164.47375404780541
50.05063810326237,164.74581198520747
51.19011816548328,164.3281277997229
51.21445236411405,166.3112907244872
52.6170434744525,167.34205884383954
52.133446622000875,167.0970071137817
52.73718314323641,165.6485584303517
54.03379813078674,169.08387541067987
54.70953524663993,167.59352766056398
53.89914788197984,168.69440775191785
51.74494734533336,169.35664605941813
52.50056764514477,165.55112581816252
55.254845653291795,165.78239960474903
53.81779935168249,169.03173572003945
48.99960403471227,167.93092302505562
47.24632018531799,166.9165579825418
53.33137000441243,163.70432109164406
51.55864728604036,165.44467476271254
51.42355792831723,165.6027284414625
52.77307296775433,167.83549521671418
51.89242410977606,162.46735065262075
52.23168453262806,170.25859025072668
52.143117322336785,164.85853590723409
46.1093627427876,169.94835402617082
53.69386823658253,169.00078998398462
54.14049650523435,165.48562792183316
50.72219568721386,167.64806409433007
52.463837430893776,164.7163465647364
50.682590723048925,164.61443414361318
52.34234140984195,163.878138051908
51.65770598210375,168.3405091529442
51.60213196633648,162.3446438510753
51.7555810003835,165.08187527643923
53.09900046832928,170.26116141375044
52.092899514677406,168.54058406952075
54.76131031141167,164.84205719987884
50.43698509831908,167.1062425523558
52.8370393330607,167.11837828848485
51.998018686425674,162.81186212921025
50.68678553516963,166.93576116979605
53.51186272253211,164.89374563151446
56.43922236028892,166.45367747643422
49.73707012008808,166.13320514335328
51.017126424699626,159.86564325231322
53.00927939791022,168.07009562993986
52.0799172082711,167.41680327622095
51.74053498148121,162.2724274206685
52.46732371696008,168.26879945221214
50.72916323839847,166.70809707818813
54.195722199317615,163.1522485900793
53.5614486734497,166.63937894780665
50.993699587460405,167.17081084239868
52.236455121697034,162.05307785820438
50.646138481379886,166.69204850458803
50.208350733125926,168.8365595334338
50.194984823842084,164.54170865548957
50.26215679639676,165.95341960249087
49.756472267425686,163.40066752237115
50.914653930392156,169.29755599441668
49.47496222412581,167.67248765651019
52.54562973261716,168.83856704580919
51.48851125366886,167.44315388407878
53.68837718330759,166.02837114190655
51.23695941648011,166.18934031775433
52.13349861430681,166.21979934266258
53.3270477752233,165.13965760713165
51.102170426420415,167.3525368946001
55.60378831257362,166.14712566646236
53.37194206878068,163.47704577766032
51.40240829233075,165.78010229900823
52.39025764002443,170.6916166759474
49.24152375089058,167.89974682217115
54.134438907377735,164.12244356497436
52.201660919082855,168.4617814111445
49.152254327485196,165.48568331883422
48.54825441466345,165.29199298786335
52.874111048482526,162.95306712078053
52.93073923108429,162.89233306550935
50.25397442969314,168.0233196190859
51.25828923286621,165.70256479253047
52.37476525795315,168.8990264445841
51.725444035478134,167.12129024779156
50.80668616641314,165.97089758572776
53.565035735058025,163.64772370356047
54.542388406287486,167.68680069369927
51.69906263029591,170.4144875572304
53.48172002225826,163.78747387795542
50.199370169766745,166.2738390706848
55.10627825343365,167.265142533211
48.594456234858754,163.2588660155439
52.05507791289015,167.12538109751316
53.087930610554594,168.6126775888268
48.4321396059169,166.58412467023226
52.17275943876149,167.02214766859294
49.80826768851755,164.2383383430472
52.36640406508631,165.40712337781687
49.053415249396465,163.560298598429
51.660808356355744,169.85998184024965
51.892443348400484,166.74159534986055
54.34527186725453,163.61077883662472
52.12842857187383,167.4417603903246
46.39958420463521,165.74864604190375
53.61686776122125,164.95604453264852
50.30640424219133,165.07892040631214
54.460548813312315,167.1171316759018
54.55750055246614,162.81465441911436
52.67115117765795,169.97012298471535
50.60124390663014,163.77984763768362
48.87413387149065,165.3807536017349
53.797937183173076,166.59634825902262
53.72501001835191,164.80601814423926
52.23303660670127,165.64269774963427
50.668448459030905,167.33148304821435
52.280188009385235,168.23630554966226
56.09233872580891,168.51340368817276
51.53081071384756,165.61040530645536
50.98226242856797,165.43284452732854
51.62037633411123,164.65064943085477
51.6946720261329,163.99915349479338
50.25985088270037,165.57794152872833
53.01991515621787,167.59520313065698
54.86619331070004,164.66616142198595
50.963206757861066,165.42943059101287
51.788325532180764,165.02719367738783
53.56385983337641,167.94250004062604
53.07417522562102,167.0603557696773
48.87785324330123,163.55192097210593
52.337408024496135,168.267212928856
51.90378208323098,166.49287748415452
51.437172178981356,165.37607373242656
51.031060105335115,164.75290376024392
53.5323647205746,169.82866842963074
52.40773385853119,165.98867300629746
52.3777486516784,165.5471166559372
49.973210174412976,165.09943830825418
52.24538414811431,165.2505222322398
51.81876704265593,164.27250557357115
50.30367850288988,165.87478666089444
51.151381796610536,168.4956226940532
53.02039579277721,161.8563543891923
53.105020756501204,167.6753840221536
49.23976834892983,170.5247187903542
54.40473586913064,166.00339724427275
54.42084107169671,164.43438880362464
49.40853711073636,165.56531129888526
51.317035854887706,170.55666005582233
49.31512795230009,167.0263853230062
55.10884393487808,165.30203877610316
50.41444423066555,165.30239394495322
50.007961507196306,168.49445020702115
54.528594300106164,164.96054843099392
55.20522492995473,165.1046801237966
55.777498603728255,166.9358239813386
49.6023932659195,167.89913225295146
51.72596976818852,168.60651554058634
53.45336656893033,165.8447783765052
55.42257091954376,166.42441511418778
51.48349159001276,167.73244839099556
53.54295377531481,167.81628060497593
52.52573409330803,162.72556543948704
50.816786787088645,168.35334814664142
52.238874796276825,160.30164881992715
53.42769195903417,162.71717395691377
53.92385347813212,166.64327736216723
52.662372915645975,165.92891086605138
51.80941481360101,166.96426212710202
52.19246111141638,166.8923341405111
48.48650071647283,167.2556593456654
54.38989936356697,165.56802641791768
53.074065765370115,166.80046335848468
52.001791961779105,165.58460369357317
53.86733348962576,162.6539502974827
50.637066374422766,166.3343035549938
47.56201928282837,168.31195718712976
50.157093398790906,166.1259239600143
49.12771325073769,166.84075746551207
52.89329057839936,164.86252860361694
52.28357241816445,164.90156104346556
52.8561574160704,163.5003496596953
52.96046359165935,166.91144126664315
52.24112876734882,164.83349196016363
50.6628803106411,167.54609950736548
49.05047337025306,166.29435526680422
48.52522517586381,167.64636206068886
51.25213294868473,168.08152235240482
50.03453413107053,161.37156823696003
52.03167687086313,165.0010511098066
52.956341440164465,167.86222601119482
50.00798550917561,168.09134453872272
54.52264235045191,168.69420656251538
54.9416973276536,164.72222640077462
54.34175394306623,164.9082061685366
51.92019498279311,165.91554096016225
47.370142026122814,165.91064926796176
52.3328170067592,167.61112674192012
50.15569418286284,168.27609624900006
54.2891622423024,168.10504386641986
51.83889419827874,166.59708665230792
52.10495247173554,166.973929266265
51.68651125395067,166.0393663288854
51.56958904562983,168.3684595507177
51.80833880855122,169.88269258121596
51.923041682088844,168.55167205120392
51.364205140010675,163.97638810422262
53.28939498507475,164.91707596651045
51.929217738997984,167.20471428041535
54.835768800435616,165.78469258747913
48.9624933543389,165.29792353719887
47.46637960041516,166.3207328625025
53.73360695518006,162.84465077019732
51.88005908688468,167.64112975145932
49.83203893793737,163.51062820099895
50.249674216874894,164.19958798616827
50.401121504836276,165.913953806347
55.81516068857949,169.88464765931374
55.17439259704041,167.74441654208113
52.31955929685848,164.5831557171363
51.24812949336225,165.69678546542016
56.018396811523715,165.67922046580028
51.81678012464114,167.0123496722359
49.66340375791641,164.68431029618
58.210373647431624,168.4086988761755
55.270956760528634,167.84106436529206
57.11966636719771,167.93540529644326
54.16437153308975,164.582428245825
47.46543119887449,163.3566158490815
54.67463305504685,170.5624148291383
52.31722278089354,164.5519442822097
50.299617464189005,168.9439944809855
50.22992943493026,164.35392349561414
48.655385442189534,168.20431804001421
55.29502134829832,169.10203355555666
51.48868097037838,160.07236979328033
50.59702101023537,164.84580157683448
52.31746908641396,165.94637973933087
50.0483326160577,165.5759473988442
53.98770913643198,165.69178753421187
54.20690750985246,162.64724946100353
49.72605921147951,162.74781793877182
54.82978927594551,166.11946604292567
52.93604633288249,168.59564436104347
52.53125589879075,168.30506122910407
51.73425212960745,164.45326225883505
55.851876359064796,166.16143016994107
52.741971556383376,163.3225505802034
51.17152363489672,162.89749297153665
53.6337611342521,164.17497828459622
51.87898464529824,167.5325803326618
55.313867814291996,165.96678604294638
47.7493157344945,164.50652990793483
54.75250841802213,166.50232783382876
51.912023091143894,162.19662403654178
51.14763621044921,166.57160027805517
48.85569089637225,162.97805112444752
50.72047281793407,165.72197325439151
50.924236020383056,165.75829829957596
51.50581419687587,165.43783268792134
51.41394373965244,169.4031745714279
51.958675683916276,167.21586246629704
51.70193088392431,162.13750542918064
52.527088303587036,164.69972649385514
51.58182762464629,162.60542084192724
47.980326490305096,168.92401673626048
51.108415073220264,167.9762940289448
51.38872299873784,161.9891345744737
52.38183750543443,168.99527525417477
50.691102671609,166.7638030941096
55.05030102565402,166.26108247348077
51.67485483341672,169.89378073012722
53.629476982122426,168.41245796496807
55.97380778520098,164.1742457815459
51.28180571629084,169.02243176958146
50.89737561622962,162.07052962345682
54.458487737182175,167.83786944021458
49.99326869486544,168.76996934408874
49.982006784733,169.0176329270812
50.59605756315707,165.4694599935124
50.76386245622752,166.28206642731433
49.94024867388779,161.28133236809643
51.767942591412286,166.40661517323412
54.38244824361342,167.94671212617288
54.389765631276326,169.74339255187056
54.234004833102965,166.7644521315617
48.55762055801904,164.35117550195224
47.533169603232636,166.36494009311116
51.0200843556805,166.67913281830118
51.67760868785112,166.73751416407134
48.506241389773784,167.25551650004178
49.37846076590998,169.35389202667818
52.52020567768943,166.11602790742887
49.18035512130719,167.69711380474428
49.75109650282645,163.37150925119198
53.311705581598105,164.64235867171456
52.231739273500246,166.28296384263666
52.83270304445338,165.43695266171974
49.091592209814614,165.22322037226655
54.15434996913679,165.02490212043378
51.41916739089389,169.36279633057353
49.32114749290556,162.89589133562052
51.11267858500815,167.40804641244355
51.131842188396796,168.10204013234852
50.8180142815607,164.02307957461312
52.315775218350396,167.57363409061668
54.10017581049911,169.60920815949362
53.30203021727905,166.57971775542882
54.0540454390139,169.00373070242532
49.21658334878482,167.64080673616365
52.3639012895209,168.2010114856833
49.06364488803175,167.69712936139823
53.538651017313086,164.02175877877588
49.545134561571906,165.29925748854907
50.94499126031349,166.30914032153112
51.96700611574644,167.4089088130285
53.54778672300269,165.95380587475813
51.73503625205651,165.18798468546268
50.96075975273901,166.70165042078855
52.907003500000926,164.23417284223805
53.96471279064778,166.59516214507423
54.61119036122142,168.97362664076925
51.68567504450266,165.61185611557605
49.659860327516945,167.76989944996237
53.03733859154809,167.8678391468978
49.69805869283461,162.22516596944052
52.1385285623482,167.07964100518438
48.57784807971294,165.3322560557698
49.18205954158571,166.4910439585012
52.03783761564632,167.96097515773548
49.59494924033703,169.29736130810068
52.85172587641944,166.53372028730698
50.39139009179997,166.58586948566784
53.403633469444664,166.92635323442454
50.71213094745198,162.50872199715312
56.75280973423273,166.5251059361632
54.050857280552655,167.61585216777124
53.781026530488965,164.7325036246391
51.67368696847508,163.5644258689463
51.6378515805733,165.9734428881058
55.44945824939779,163.96675770031445
50.63962010704598,166.10639994594177
48.28115658272417,170.20842381096867
52.6354403918778,168.20598491925827
52.23919349281224,167.33291450391332
49.06031649575087,163.4433627183316
51.641608741474315,167.88348863446964
50.46044517824211,164.87477782145558
51.97493191329477,167.47533446703932
52.72984791025798,163.6374832134926
50.27136518250918,165.75443449607923
54.14205044556437,166.65439722757756
52.87190088902453,165.21504183694714
48.67416064440523,166.2517765892831
54.286543238284004,168.59351325885874
52.80819639384516,163.0395079133088
56.482595029843885,164.3392049950317
52.323065019437934,166.77054678174272
52.14903512753225,166.35947579091896
53.301779418133606,169.10521382616625
51.661455488432956,166.87517526610716
53.32296092104141,167.41854990939723
49.95964544363402,163.7985352465672
48.98191008681983,167.73947259990467
55.640409335413494,164.8996926316378
50.05813886729743,165.33131560487715
49.07378641088823,166.0583358519366
51.33079274614654,165.357095114132
52.05401457554634,165.45857759855343
50.47466825078484,165.92091834516785
52.35451933145351,165.2976008504864
51.285758674148305,160.53751595536565
52.696849589113675,165.00182601309186
50.14025591684605,166.83721650111875
54.507142427436165,164.1487187401742
52.732999185497775,164.49331824229077
50.32292480408971,163.32997164107934
50.1717250697986,169.47818874704592
51.118731267366854,161.33711170496176
51.35108065631631,165.9953717602205
52.10381318764597,164.34946807842337
50.95320181258131,162.66290937431643
50.06898244232754,167.23829761429536
51.538174076697224,166.3356996362902
49.62917592728711,168.62277452093173
50.250676037597096,166.52466769903918
50.51594120955914,164.86242004706813
52.062881887958234,163.24949404078734
51.90562641029474,166.4513264609972
52.0064407431361,167.23979206163966
49.71519622113826,164.8127550028589
50.81225588332581,168.70330200029082
55.08536056695675,166.06781466694054
53.088989041568915,168.42033993823878
52.72269933695612,166.4176933528971
47.92849760289207,164.8901866762963
54.39304986275902,162.91838238037747
54.80875061787022,169.64435208805344
51.563618699834166,162.47222835908818
56.07637251430035,163.99067924517848
51.681461431801594,170.14420187717832
48.06451569489155,164.81968749075182
50.49385707714795,165.96138028361148
51.81934605731115,161.64130337995286
50.4059557005807,167.26742920042858
53.988464202180865,169.96294298582842
50.639357631355324,167.4915630959927
49.59231807059256,165.91090802555163
50.0526141226324,164.86508538152896
54.676284388904655,167.37934098964766
52.85972580258545,167.280134767233
50.17648108494138,168.51338239636132
51.066409926800375,164.59249292039377
48.73977911077097,168.80857982843037
47.87330021827776,168.06305011626887
50.30593476581312,161.36161967646288
49.992322138251254,168.65121272108334
51.09878871271273,166.34728754409025
49.403272512396136,164.29230691357512
51.15700622928922,165.88905897093593
53.186100505070534,167.26110851023827
59.19408329569986,165.9137381515153
51.27191569496244,167.9985505619
52.9148262606118,168.19670550302632
50.509651568877416,163.4144298958409
50.72061535362613,165.6985487564731
47.42011919257758,163.1697673049002
53.42911136801641,167.79936912069377
52.54827041209846,169.2445974466491
53.83731225968687,165.18298415817156
49.057999235160686,167.8804021399932
49.99619969689926,163.15595659920862
55.712651064955395,165.13417780671776
51.459838601434086,162.90191401577928
53.55651415801029,170.14420292142185
49.82250870465208,163.5195553870796
51.919746610835304,165.11493453876616
49.822859476576,163.74445139319124
54.87124050605212,168.36300734618257
50.093357308739826,166.95310514590173
54.767362183569304,166.92525919624163
49.07180796272388,169.38403813614008
48.79157926747701,168.75261778314024
51.168641463853405,165.0741442476051
52.836762488747446,167.33315909539073
55.91233611164743,167.89078915288002
52.74844066070826,162.7126423478985
55.42717924018128,166.2823592562382
54.41477304995638,164.13818643998198
51.90685045683194,165.85119926308127
51.143876219138924,166.2578536022933
52.615372011344604,165.12210824918083
49.95133918768875,168.3503128362056
49.778227143052476,167.71701690256012
55.15675400906922,170.27842777329425
54.00487712665724,165.17873706550415
53.81922495216743,163.56998081828067
52.51293589987578,165.45416155565408
51.77335863429172,166.37997798115285
55.22811419861238,165.1073135694356
53.802521460379324,166.5516125302109
50.60003836707534,167.36791906492792
50.33804675973249,167.30152159926394
51.19589290773134,167.687720359966
52.58882496629218,164.84778675993923
52.775030496451805,167.06101933112726
52.2083746639511,166.40483200708294
54.53045752371774,170.23198199700445
49.09306152257581,163.29098481064946
48.499920276105705,166.58830785245354
49.92034435559202,166.31303167653058
49.04171121796592,165.55921650247834
52.81233429242292,163.47144393129574
56.214771501204424,161.89752113047516
51.724053472033475,168.59621790589978
51.5128629304016,169.69609581242491
55.144882168733595,167.19933205302038
50.46418517343709,168.72117239982484
55.45166280679517,165.76815152326154
53.10123470425456,163.76376328058944
50.227430067131785,164.9266919321084
52.059431268735494,168.6729891971105
57.49968861670123,169.1429255089286
53.10247068459985,167.03978472381056
49.56969949295728,167.9782889038037
50.19252322395959,163.35169702190737
47.40398127251665,169.30041164763787
51.976947400076455,165.6121912130361
52.74661603707328,163.9760044520547
53.64169743684365,165.40734095963282
51.89351901733737,166.19617764248574
53.62684105156119,164.7696315054208
50.44668463430224,167.72615493972185
52.59485510530264,167.438801049349
53.38307867677675,164.81364836546433
54.20513601000093,164.1992854670229
49.54254501856043,165.08657300930076
52.214398111644854,166.83085456129083
53.936687864632425,162.973126641486
53.17568023232997,165.96891405148796
49.17331226974509,163.55156393390806
52.03821649999876,164.22912081447515
52.435313568254294,166.37966755385364
54.24966223431894,166.00654799868286
54.89999439434331,163.5900640082801
54.53983581818159,166.00986546059804
55.4886346607624,165.88247892123934
50.76290104987998,167.86235555599285
51.39647829401154,166.36848664212727
52.37808832869404,166.63520339912293
55.167868133716354,167.3972602628476
55.42969541074336,167.30799902143647
50.86791473373665,166.60595580392228
53.05935288636733,166.9398866657237
54.80751741586473,167.99386069025726
48.92801573547967,165.28366424526232
49.3195833402144,168.8481105510566
48.02724256202925,165.6741769909602
51.48122030062146,165.73875693169305
52.37249955211725,167.40692218661516
52.12429036996383,170.02145172558787
50.22543544724909,163.55064241080285
47.45756137264973,164.44582032790322
52.402300467854076,166.9191160480546
52.243401577142315,166.8469881572236
51.37235136948044,166.72288395617687
53.591254080051954,165.8530230888568
52.81530438444885,165.60622307482993
53.17426618788759,165.62270224909645
47.6207359772064,168.4283781347248
52.641406722285346,171.05101208560677
50.12687246914218,165.22999050366982
51.79829638062526,165.25147078171736
52.04471877131432,162.9953461439014
53.95668130859597,169.55092373700907
52.95585950430114,168.5634689084653
52.65234937145745,167.40938423706356
54.3498085520883,163.08656566380205
50.89341316885081,168.77595915472355
50.97814803533489,167.21790594998456
54.950846720046584,163.54105263027242
52.07657602773436,164.25063857707534
52.70772672313762,166.46075790829312
51.10490205542533,168.88504343419888
48.69143807222683,165.03508588523002
49.07898453075216,165.6363801573088
49.038240505872494,164.95102109793848
53.441640209889094,167.2255777126556
50.981018596464445,163.44114390126708
51.38954866859529,166.56212430423966
54.169223342746534,167.1740768296082
48.66959325745387,165.539691392135
55.347022695744336,162.49863595315045
52.97663114262069,165.34605208442736
51.64676900817328,163.59215947712002
52.65912307267102,164.9284310895388
53.40790346718348,167.44473343707415
50.22786786669793,169.58665456548346
52.299968553916564,165.45738700554912
52.76428311058494,165.24897781971384
54.68665969390997,169.22399307628763
54.27894024943533,163.47130848057668
53.81465562059461,162.93681497248735
55.83553139750517,164.15623107857576
54.578696892873985,165.5316369322709
51.741994622902105,164.2757462715038
53.08828352836293,169.19649907425858
53.94535511544602,166.50870461700475
51.97290633845791,163.0240388944768
50.94104223107173,166.9455609769068
53.019973287739276,163.30386660796245
53.00737565196387,165.0965037414217
52.907056162468514,166.6139115307626
53.12493391963615,165.35795137199761
52.18230315103706,167.9172098547515
49.11721758898955,165.40286187666425
54.26483535851724,164.08128726552653
51.918378790971694,165.23686369659572
50.518883935606496,167.6984041168047
51.73464557619692,163.22400194066827
52.93445185489913,167.132635427607
54.35065501854364,168.20215778266427
52.044994844729445,166.20077596960556
49.22281181840707,166.55165774358034
52.62810682415233,163.79484635919206
55.41590515618084,164.14525528867938
53.64228090237917,166.59060136786823
55.9330232831643,166.95037500399175
48.18544800807819,161.54612983941033
52.39041668134528,162.10238312491202
52.62456179145844,167.86807170747002
52.14111831550945,167.62876176192228
53.968474791772614,163.89264739372865
48.18887623297709,166.27904787944374
54.31637412076996,168.24857266196753
51.49863943552386,164.6957118347419
55.937736059580665,167.7486475302102
51.68838443606929,165.06430267873813
51.75999140099507,163.7814011435949
52.32905500920175,160.88739795951946
51.43904652097275,169.0628881762515
46.84744231439429,165.1913024215399
47.7569321122823,168.06039182318605
51.02642726805948,170.12180022132793
51.67085950625144,164.1919382792472
52.95456130394798,165.53344443499205
49.6775950103469,164.2304262622339
54.28092747582222,165.46895687311002
50.114993303630136,165.331895289934
52.40331121189966,165.3911089631463
52.05308237785723,166.5737417427289
51.2371864560793,167.9677784466824
54.6676571424739,167.97585415826748
50.956546344593605,164.55723745866771
51.61549966362971,167.47537985694316
51.93862462638392,169.05601711088354
52.18738176534247,164.0104386742314
53.3896478506347,163.20213097585108
53.969004731739204,165.35777672490124
51.955763228377215,166.5776012453175
51.884531594620086,162.2696152279966
54.454869433879686,167.59301680098272
53.12390772219677,165.50120407787614
51.33259449609823,169.4734128263451
51.41938566975691,164.29868045338685
49.044863625636125,170.06553820610645
50.614566443876804,167.1404765409906
52.916868421612925,167.3586288538984
49.78959420791574,165.14953430790774
50.275161122388745,168.61936512469788
50.271277577168185,163.99247288960996
52.68077443233982,166.06564799801785
52.1392674132089,164.74308275271335
49.34554350403867,164.36325327111197
52.59252181452204,165.44964993564713
50.345488479326455,167.67666596182752
51.341598304000826,165.83500233192282
52.51466992641848,164.10505469038628
53.23888659115602,164.80162544027263
52.72955956760587,169.01273620700152
50.56463110046675,168.79109823853966
51.64955338757784,164.30062059052707
50.242052021465376,165.931640298278
48.16655821046602,165.77002508703762
54.50666713831164,165.8191086348162
50.55076559891495,166.15171740116656
52.04237875019324,166.1426838003096
55.75317629206401,162.90138794563615
53.51096429415229,161.99138872642223
51.645422208653976,162.93701378143584
53.771062761111345,166.0131016318796
50.240919089177936,164.81491883883692
49.64518932776961,170.05156964617296
51.108046198211866,166.35371944903346
51.17828946084232,163.9540244197562
51.318151225397486,166.15290302910736
47.66001739834033,167.53028481104025
51.14797800503822,165.9683786300717
51.47617532640018,170.72354120126695
50.423589925174966,163.379380961198
51.989343874669714,164.18357691230182
54.3897599118069,165.70168249526955
50.865026213814254,165.77816720258446
51.93266876811552,164.07304580739984
49.86007839928336,163.5029001322308
53.17313343123024,161.2175547288353
48.22555354553488,164.4654826689777
51.644131816696245,161.9302482045868
55.33324999054712,167.28972915508706
49.83149593898605,164.98310343949987
53.33591941574021,167.33166481355454
50.96444769824547,166.07670013481766
51.74299962061449,165.2537185462878
52.636938564634434,168.38957281263274
48.4158851713766,162.26568086358625
52.11672824668104,166.79528886195644
51.56497615734738,164.2324790553742
50.61955049102303,163.06388669946543
53.447849868414025,165.38008644163563
51.41053482553164,164.1382352774939
52.061152940312574,168.75596900426092
53.072925345212255,166.86800888458936
55.08797558173241,167.193629217496
54.520216363177276,168.43390019193257
51.64851601664916,166.13386833033982
50.32173713838982,165.86756016159674
52.97390166993256,163.0261293240353
53.37024997330089,167.46489293251793
52.831900913758865,166.59554356053602
53.315018469641416,167.8986339505805
53.03579309714588,166.52508589778373
50.11442175458857,168.6050392222328
49.55064174058869,167.11897190666483
44.00148703290684,170.35259003035242
50.091050579789105,168.16163492466364
49.87467704951694,167.18800910796102
50.969546154026276,164.49699502840883
49.22017002774117,168.24171502816674
51.91972823407229,164.16715544757278
53.76605060557226,163.8702097331509
54.30755359368731,166.87330401944948
53.153008286724145,164.88381442643706
49.40477438523252,167.59796891747456
51.130454149525605,164.8864070216152
47.842846951384466,164.7779277970755
53.295498564093215,163.82864535317094
50.64667368991813,168.01978384547812
55.36536888694569,168.7165126763238
53.63266973925375,164.26505330699814
49.29545560360294,163.0310854818722
50.952678699827445,167.1178958739198
51.86933452027186,165.46099854355793
52.08882947795289,166.11152652208895
48.47183344758449,165.19010832511492
56.17752783158815,163.07408978825126
50.00836003756093,167.60215018347068
53.8782739146632,166.2045844593572
49.68742223953741,161.9643481702384
52.99314469788483,167.60357066075835
50.31644264381719,162.92605584962928
49.978862814962675,164.1539739499591
51.55077769746166,166.23049340930294
53.38219298199502,164.420016769274
49.4843188367896,165.48940697979617
51.98780633652938,164.9620917954864
49.974083731771394,162.24889745537357
48.780284046385844,167.40787423597357
54.78952154438328,167.12357433681885
52.766684670864876,164.22408282262526
54.40463102587091,162.39908943520769
51.50064413770192,164.1256865842512
47.14319873329382,166.8301266417688
51.790948011806314,165.38266131707445
53.8536202494941,163.201782526132
51.77743914497592,165.7186742608144
53.88273628276878,161.6884042432486
49.37437043673074,168.59066402746146
51.00775317744278,164.20428422605818
51.49528223749001,165.48580949295211
49.61622167984155,166.9112157598804
52.17612418762614,170.2129967999302
50.15545183337334,166.51035937398822
52.02425550669472,163.88201926624816
52.23345658276053,167.0682006298725
55.24767758310232,163.405210168171
52.06870218259923,164.3186229670803
53.73977632797772,166.19923357633348
49.36586068600393,163.40817510794776
50.884309395388215,168.31691021061033
57.71275281290998,162.8281787154013
51.05565403639828,164.73310408096043
56.726192149347874,167.36145788915275
53.08921092635591,166.36905426703282
56.905152924844735,165.8973679750682
53.70056859494947,164.3174402398223
48.8952805017243,167.64715832505897
54.1411058694625,165.49029810155477
54.179926444734306,166.67802425362484
52.08429487877934,166.4304537907231
51.51731566637625,163.64690702025337
52.90803395844983,161.59660595775702
52.13369133140773,167.31174772020543
55.28301637011889,165.02858522684113
54.565111363991285,168.16553678653014
51.30305401115915,166.4855025034913
51.631438196182124,167.0269678711682
50.599601327179315,164.46100158142124
52.73259261350059,164.0594929626345
52.12876183390199,164.30984493489308
52.29763742143671,170.26048696364322
53.66902541225875,165.65997950023444
49.5126311933195,168.28440379920534
50.09722329250755,164.8468014364425
55.28027670532008,164.5592914150668
48.702263326318835,165.94116945197183
53.809695212467744,164.1328864878131
49.53023883108645,164.50724931013366
53.06339278014796,164.21702678486992
51.77326164277012,168.47246132054963
49.6042334545403,170.83850712383838
51.663166442749784,167.1366915092182
53.425582313657124,163.50302802388003
51.54053199663855,163.86605674194098
52.616957012723006,164.01456329573438
49.95925480408825,166.10810581796233
52.31948159051482,167.07276494351385
52.724868331473495,164.38726039970413
51.69977309708332,162.748751082246
50.7509092363543,164.2109950332369
51.613086434394525,164.775176998926
52.55449920400894,165.4163616777333
51.45732756081446,165.64979850753832
55.02045114448064,168.22938544849166
48.116592139556076,162.6457010994187
49.93102854212944,162.61523326515646
52.155829010062476,166.94029595708975
49.69688281479514,163.70718614566184
50.131246438097406,162.8152204941013
53.82968641527528,164.36069245100575
52.254089429397794,164.50436474410617
54.94015330838192,161.98164821201283
51.90355668333895,165.45159619107554
50.20923629009552,166.2702871747657
52.360636863300684,161.93560387358556
53.80577330320459,166.41175629461586
53.93357282704215,163.5099131768406
49.38739845821953,167.77162486528903
54.27563299036172,165.3170942395358
52.24951289114207,165.40076861087664
52.71899326264289,166.7126911522742
52.24157410378617,167.41077707972866
51.440464847909304,167.82991131584458
50.87066181789246,167.9579637018513
47.95890692714168,163.39795368152292
51.376374648763765,165.80976676292056
52.68300750313109,165.7950801525662
50.11210886953994,166.32577638676057
48.8889739058898,166.60264799402663
52.70876995814078,162.65414145217213
51.29771894189995,165.47135765813596
52.49213530279434,165.1164547507009
50.54164177258875,164.01229571785947
52.623623658784155,164.3540901772403
52.60315059850546,165.35599551072843
53.79644004589519,162.8807074049938
51.768284273997665,162.80531485872123
53.47096707862483,163.8279507538744
53.62493461297268,164.30793493853352
52.85883521704173,165.03184761312838
50.16671975313393,166.93064800097824
51.34116607172001,164.18674419310423
49.65143538464674,168.83222507895874
51.65990020857545,165.95843781851912
49.97551434681252,165.0502548439765
50.85866782954156,167.08485133018385
51.064058450701765,166.2942729871153
52.18565163151146,163.8789510377236
50.866201705734376,165.03214203415425
55.93219518992544,169.00759224413787
51.4423558040569,166.40607150881877
49.57240515458068,167.79340725136808
46.98597794839315,169.04780478147765
53.08376371052652,166.96551794659362
50.91119021162723,169.79799888437702
51.14092680571693,169.68373649631292
47.52410284177559,166.3214215524047
48.218558806193414,165.044108531946
52.81100266716421,163.91454012012727
52.92058636838249,166.33388907549693
50.04551563135838,166.9241004906978
51.96300234731972,167.43320811080523
52.50829755235629,168.16296664981556
52.02885825951595,166.01081893235573
54.14563137737754,163.36824347178936
53.737334757124955,164.77900073669477
52.116831169244435,162.73975055899967
55.21472845857075,164.65254734015653
54.34841582435776,164.9781060548661
51.127247655837905,166.23125949515136
51.644467975692706,160.6153526253456
50.897839130704156,165.97628507104747
51.854820758825625,165.5321702123067
51.68676133149083,165.81179772557272
48.528989979437995,166.85556597665538
52.6645149323438,166.57620440848467
50.08822619527387,165.3710484309395
51.752950637243174,167.1202653056408
53.76780491844642,166.24177524832425
47.25866055615635,164.57210619149004
49.647571472868265,169.89266266170563
54.23050341739417,163.278560340608
53.16933984209344,163.9230566993296
52.72135698755145,165.60094831468768
54.45964893521017,166.0410603029103
50.36336143320074,167.78118262666536
53.94691987143362,166.85004346128673
54.228475113531914,167.00112109166028
53.38303652111457,164.99885104915683
53.09027280232479,164.13535825824172
51.501551164609516,165.75247593918064
51.57501403653932,162.98875980193168
52.57761904397202,166.2962887773265
52.10918626602047,165.02600984924052
53.79026884218457,164.8628827729566
53.78006865457044,167.2092641773464
49.749569047847395,164.96925146503028
50.33962669666288,164.66363681055435
50.17229677994553,164.00948650896873
49.82130234351188,166.75927407223625
51.37775371226889,167.89042029742438
51.09794743091045,165.28333290817528
50.902766699298226,166.43202754798898
53.38316820274256,163.1428105404765
50.98085149946971,163.86742491504737
54.25917326581097,165.80435514368247
49.81309917278732,167.24338581306458
49.902512676233954,167.85795580421163
52.24838906880163,166.63305394152397
52.87607660546026,162.0255176488372
52.71487782403032,169.8731040909578
53.199755422265845,165.24675074460237
54.759463290553114,166.91197918226538
51.64714937959995,164.36779849692445
54.03478692471797,162.8800940500889
48.73298916584799,170.5117205183988
53.373868284935675,161.50418425839686
49.18607664258941,167.47300059307466
48.41268784570562,163.60086929985104
52.69362318651708,165.57579688502506
53.35397876869757,168.03384051817255
50.30172490121368,165.75510181205146
54.13378545559294,166.9382279470451
54.50805470627966,165.64632267855484
55.86962384330202,166.82057162680846
48.5428975598918,162.33513392177326
50.68653947908955,165.71698270390806
49.0610155040012,165.4531923265821
53.178323265151455,165.53815712639667
51.700273113881686,167.0015473862445
54.628174854560015,168.6194534032057
52.78716820038545,167.99987325195306
50.58360566264446,160.67536344935797
52.656554096431584,162.88084010639847
49.81580934434694,169.01188452631513
54.113370504812295,167.82477726614033
52.58421709213291,164.37193062203144
54.834933628897595,164.53854434964018
52.29510043501214,166.7054387040003
50.181795962815954,164.4305883415469
49.64993372850916,167.15517027432404
51.60844159098605,162.77415161019806
51.40553955090281,167.2576547035393
52.34850114941519,166.4120101076466
52.39967735402519,168.69918113522547
51.09775243937144,166.66342037703546
52.133988388863955,168.07775949401358
51.411504219339456,168.8645148419831
54.8058180310652,164.79572793756407
53.05012802174273,164.88618908202753
56.873586158598904,162.55166144315595
52.44888426556982,166.21772835965967
50.47656461887633,168.38021392873145
48.797848228904975,166.03737549375631
53.30178173820241,166.50838831183285
52.298374675764364,168.04221039008326
56.22295526198294,166.8809269660552
48.900150286203434,165.52792784703757
55.85276328584694,166.19720468210116
50.20981893466077,168.62636874181783
54.77988082789775,167.83140565129167
56.1379475783262,163.87857355807884
50.67799196194577,166.44243507263403
52.126790442499434,166.81393497252228
55.20385621888188,163.62855483587006
53.87671314021272,166.1464659072702
51.09314717370754,167.45596912297805
52.6920691031814,165.99737118541213
50.108542503242724,164.9788141213729
54.131868913513664,165.98906063988932
55.35145625414211,169.3681038347179
50.921368105846945,163.43614119368146
51.11554266512577,163.5290780102893
51.76206391484081,166.56591323637568
49.352264692731104,163.27264562098284
53.44681178219674,168.00504106303063
57.21322317872102,167.23015661954145
55.38616422007669,167.37343776805017
49.55866541857389,165.70077904197893
53.13481024410368,164.8959328984218
48.49968906111082,164.98934544864906
49.81665734696878,166.58543785941634
50.940663285193324,164.12831246704266
53.87163714333548,166.9109329590318
53.27920102279216,166.0220645895824
52.420102877492404,165.10706767409968
55.133770686522354,166.55148919427032
54.039077083835274,161.76463520386693
55.65154083860852,164.93470709118924
51.039950872043754,167.0490558282219
55.61926825160489,166.88626275486988
51.41168818230361,168.43142576799383
50.08679134354,167.36055745829395
49.162562392670274,166.621439573102
53.06284296891655,167.70612109332563
51.52092180099825,167.20711495547633
53.74795522690493,164.72387326086073
52.108515041437855,166.04705690852515
51.00866215706454,167.3919729618107
52.751509021036824,167.29441801487536
52.270106953707135,161.7985349134289
51.45043873882199,165.48886094901758
52.955177454508316,164.2840165631826
50.76617157877518,163.16201993779583
55.407463222992504,167.5038229761045
52.914372903645024,162.1380665255203
53.33613500407682,166.29459626486164
53.42252603909182,165.27974512945536
52.296598160943326,163.621789753314
50.71242163289293,164.43566731843373
51.32099359262429,165.74535628465506
50.070802677851034,163.7201448548841
51.74764869411431,164.6637633706129
54.27072780736912,167.20940437863987
52.239538796344696,164.68477974728012
49.83007634907021,169.4513874729953
54.83430264725495,168.05318607417627
50.074116664091086,161.01904437825897
49.88389148525734,165.9468239136367
55.022132854818196,164.739592619397
52.636976013956144,167.1331356948285
49.49420723760052,166.81989349976078
50.460361174825294,166.85985604013334
53.60637532726358,168.12884698318308
53.49312868209158,163.33497886371927
54.02508740124896,164.89570538596755
48.798305886929136,167.14720195324688
52.67724180043444,165.71800105542292
52.24338134293718,163.97977737571128
49.99638478567006,164.40736865549485
50.37132127795806,165.2058634346579
54.35998492427372,162.77286205206138
52.617189273871126,166.90432560523175
51.603735603940684,167.83730384808493
50.78576165971547,165.66203094895437
52.55173236540938,170.27190037829703
51.907769583435865,167.27540776629695
53.32501144752315,163.59819890128958
50.345982759019634,169.45459865627305
51.2338009946493,168.39327782109171
54.2001678695763,161.31586169231903
55.20176289623707,165.57972790157356
56.12452417800034,165.56642423309748
53.267863225172945,167.41314319775822
53.26643812046157,165.46059502596563
51.884258350046004,169.0507585054811
51.660708453033514,169.7112619482279
51.55413533735172,168.9717689111535
54.04303890709146,167.1787504058468
51.011681070033305,166.44186516111478
55.57424139585071,165.5806166656046
53.92280935511687,166.58690721475057
54.36729520051389,164.72801545996256
50.5263155211817,166.0188704744246
53.982983398850976,169.17311822644308
54.11789292155767,167.45418955420655
55.86879176841384,168.87031353672708
52.30578055972338,165.81407657623993
54.70458157929033,172.31740147857562
54.24042021814107,165.77513502508737
46.20991909424457,163.6644626014699
50.03480228784337,168.2451364298183
48.74589778513032,163.4763518445225
54.388674316030034,163.88795936076897
55.9012607580873,166.17992014155314
52.213955009500445,166.61383311376053
51.120136750095554,166.07283107404987
52.35079018641199,168.79486663773517
50.51431028029534,165.11350940569474
52.44109893736107,166.84955874218593
54.37339446364149,165.47464396062256
56.58757844283441,166.94399361776235
52.240968447792916,167.8583323004771
51.10025456734608,167.3733488200887
50.050178419320225,167.17298160522316
50.83597713002734,166.16238927703512
50.659582451320354,164.3011571811151
50.92348477987326,168.06106700399735
51.408657347733964,166.1900332182963
49.75497792062681,161.70553354589632
52.71305524471116,167.85785082438304
53.967737363721746,166.83459824222336
50.814632759656575,168.02720243296108
53.38348883773149,164.07797131607057
51.795640899803956,163.95152299023712
52.793872789212564,165.75483449808658
53.2493687169288,169.26379769905063
50.676251553689774,162.40011468323922
53.08332610901918,167.38462680377847
52.66893716857708,166.39307567839253
52.81424876125826,168.32913298012693
51.01111765709149,166.3189096216514
53.405494386455516,166.52183139091377
52.72250010263745,161.72738632087714
51.79272178675699,165.8564413819911
53.80958499593199,170.14282631066348
49.92632462823359,168.13719217374836
50.805055525857966,167.13469711689865
52.1158004991153,165.059142509787
51.48676764489889,164.69704095624834
50.556121385135505,165.06305443489464
53.685454105364016,168.0213985427567
49.264198840788175,167.5404988897728
53.187915378460836,168.350374565754
50.580118983155785,165.04021907719
50.34667587923098,168.92718647269342
51.73259279858414,169.52024353248822
49.22084802906826,168.40883666039332
51.03192588344718,165.13921754623001
49.26025090908195,170.2736555470593
52.063261044235155,166.66246533517236
51.25552003573165,169.06039089959896
51.64982524626663,164.4383697659629
52.44318656504583,165.8182179173255
51.269090452266624,164.88483043635685
49.190793736332985,164.46770034608562
51.69946569605266,166.94595360136572
50.56817760515601,165.29534093985413
51.41448107882397,162.7001410196375
55.610823272155216,167.22719724788354
53.852469472809695,166.95009497346973
52.639989618213185,164.34099818667707
53.30517659718881,166.93545911601484
50.2181348952454,162.9970023798453
53.8776608624114,165.19644370017167
50.68136981677074,164.88898590935813
49.78061899524216,165.1251629835843
51.131397753196254,165.543463165547
51.346341780160415,163.75688126175498
51.07574765044656,167.15553888896167
50.163521014632224,164.81959182265788
53.0773822556169,167.09404858454582
50.46304460264505,167.52283635718294
49.31029748638602,167.0605690001469
55.49350895388465,165.1585471647502
48.60494721138792,164.6655766498603
53.88302074946505,166.90898095615714
53.28684287575054,164.88358078847065
54.87428381602583,164.230934588672
52.75020665480837,164.04632003805838
51.560454235237174,165.2665904054193
49.987179425755,166.54678858786392
52.09603396425809,167.91232822031543
52.49477245551576,162.13114269229544
53.370106352458286,165.6127159145381
51.80066781288624,166.1778677235347
52.42396506751604,164.6879172147816
51.70757830291713,168.5975374365603
52.67950576256979,170.21187612207208
50.79102119201007,166.93896480714457
51.259701710487974,165.29628095566872
53.41307179356811,169.40115451333403
49.236691474008076,166.84614461159597
51.985892505857336,169.09862604576057
49.52146800171012,169.63643033789495
52.05334478513913,166.3477914039515
52.760174063296745,165.59659440947115
48.99401094204416,168.44092567022238
54.743174982305156,165.985752361401
50.37411740310689,166.11538460292434
53.10440907498577,167.44514090591588
52.24142761180739,168.82124600239212
51.73802617598253,166.48086273005234
52.28980747667921,168.74190706533057
52.057221960041424,164.60536420158812
52.51160936278898,163.91063708192198
54.478818641359446,165.50655103830073
52.14209526926888,163.44859684207412
49.683810810096915,164.23194135558214
51.13269217207525,164.7806642070104
50.83112762292317,162.69731562912784
52.45498989991719,163.8566256646329
53.22675704262099,165.77752820210222
50.09907209878563,167.19127329404287
54.745319026785936,168.5323699698443
51.00659933883025,167.2174262396774
52.279540142930834,161.64750300010175
48.63349600173909,166.98830162150304
54.44845800327539,164.54456482124752
54.91852243341252,165.53177876381443
56.012684023761665,168.3491919939071
49.168731844358504,167.07768977736058
51.967916862522145,165.5040908651792
51.74695925911711,166.21084398726407
51.0112813102342,168.62434103701247
53.297229906670346,165.97112142493583
49.59911934214737,166.77551938005894
50.01292560211373,165.8745496772293
53.632843881584286,166.18439668091938
53.17903327866928,162.97994480894403
50.58151441058282,169.1641823596796
49.09932045278515,167.03268115994962
49.80000599744193,168.17597757607334
51.5569914933547,165.6461219912208
49.431496561048185,165.76479110911194
51.52856828352838,165.9184867041702
50.00134952781532,166.09440053848655
48.35052348831257,166.8058850436154
52.51091826621469,165.95230247281322
53.27601548128799,164.95844278981568
54.84971924709365,168.50937306014413
54.41069253546675,167.62014145004977
51.035448239415615,169.72232305017678
51.467699266086605,166.71217850820253
51.71553459641624,163.95777942250072
52.159272564086066,166.33349069718676
53.04524425282222,164.6497688879062
49.600198471326266,166.65965192873938
50.45889606945278,166.26705470433345
50.87189173575536,166.50557671503583
51.29903567403029,164.36386621834328
53.42212238925284,165.5555795217839
50.436992433713655,168.02076129930958
50.660533025099525,164.60721639898148
52.5890423364644,163.14118999165598
52.67311608617928,166.06308737755353
