x,y
15.0,46.82549196942683
15.07007007007007,51.53961857990683
15.14014014014014,44.39308804843007
15.21021021021021,50.289786083856264
15.28028028028028,37.17196263590147
15.35035035035035,60.07681978430915
15.42042042042042,55.52584638493269
15.49049049049049,54.55281738433251
15.56056056056056,52.19204476104594
15.63063063063063,56.956812055221576
15.7007007007007,47.756116440169535
15.77077077077077,42.92779259015942
15.84084084084084,43.952800510327506
15.91091091091091,55.656842913674794
15.98098098098098,44.51078308855049
16.05105105105105,55.47123765654011
16.12112112112112,57.98619202767968
16.19119119119119,51.88119622742644
16.26126126126126,53.12806592390855
16.33133133133133,66.92763945145492
16.4014014014014,47.452191353627725
16.47147147147147,78.56763354198715
16.54154154154154,53.97030446163744
16.61161161161161,53.117006671690866
16.68168168168168,61.270202436915724
16.75175175175175,41.39395654329618
16.82182182182182,56.14510347948521
16.89189189189189,59.94605672734068
16.96196196196196,62.48682129786033
17.03203203203203,69.5654874245105
17.1021021021021,34.652988630456605
17.17217217217217,64.43359288939628
17.24224224224224,68.73147862909059
17.31231231231231,46.48682272789938
17.38238238238238,64.08746187349784
17.45245245245245,64.6257742340405
17.52252252252252,64.04723200469408
17.59259259259259,66.80044454461012
17.66266266266266,54.48299067246819
17.73273273273273,29.355830427728325
17.802802802802802,62.48223498173864
17.872872872872872,56.52437872026008
17.942942942942942,58.31253391388225
18.013013013013012,68.01875405524878
18.083083083083082,50.75823677758653
18.153153153153152,56.454719657385205
18.223223223223222,51.65626435186368
18.293293293293292,58.2091881318511
18.363363363363362,67.51909821080717
18.433433433433432,57.2700653746215
18.503503503503502,64.55835568492881
18.573573573573572,72.74301987803922
18.643643643643642,49.37658385555401
18.713713713713712,55.83512303939237
18.783783783783782,71.38450604399335
18.853853853853852,63.39384674977002
18.923923923923923,52.957124690228646
18.993993993993996,70.31307333789725
19.064064064064063,49.0030473115278
19.134134134134136,59.032867798819396
19.204204204204203,51.938061998034954
19.274274274274276,56.65753093762831
19.344344344344343,69.42907519420613
19.414414414414416,89.49143210814543
19.484484484484483,48.21382821642716
19.554554554554556,43.888802912209854
19.624624624624623,70.47955689782307
19.694694694694697,70.64026026914355
19.764764764764763,59.22559091199063
19.834834834834837,50.346072270832764
19.904904904904903,62.071361782166015
19.974974974974977,84.7866424408644
20.045045045045043,63.225397996645505
20.115115115115117,47.28099983824009
20.185185185185183,49.895552588087995
20.255255255255257,66.56926121544447
20.325325325325323,62.64586421192648
20.395395395395397,67.60920156893478
20.465465465465464,62.217242338325704
20.535535535535537,81.37177463037756
20.605605605605604,77.48262182955214
20.675675675675677,70.85594209812687
20.745745745745747,58.73174762859387
20.815815815815817,63.48187388802763
20.885885885885887,57.839643485760085
20.955955955955957,79.28863608220537
21.026026026026027,67.17236528788794
21.096096096096097,71.91569906440911
21.166166166166168,65.73412469093647
21.236236236236238,70.0030675741651
21.306306306306308,84.34460415215639
21.376376376376378,62.434230581446734
21.446446446446448,61.54717293429243
21.516516516516518,65.88611699180393
21.586586586586588,51.55691335939089
21.656656656656658,67.31608076890707
21.726726726726728,77.78715138623474
21.796796796796798,66.01346888227651
21.866866866866868,60.63795141724703
21.936936936936938,63.73937076661872
22.007007007007008,69.88985166705359
22.077077077077078,48.50978140821141
22.147147147147148,70.19058144777676
22.217217217217218,65.82971209562935
22.28728728728729,58.46009968670797
22.35735735735736,66.2370350247366
22.42742742742743,70.78280925813957
22.4974974974975,82.49789177887915
22.56756756756757,72.10883204097479
22.63763763763764,75.32986569763835
22.70770770770771,85.08250522356573
22.77777777777778,68.29692831210677
22.84784784784785,60.32657644834454
22.91791791791792,83.6080932707393
22.98798798798799,67.86474271126083
23.05805805805806,70.36157404961504
23.12812812812813,77.99792263694665
23.1981981981982,83.47330454643175
23.26826826826827,82.24021505956838
23.33833833833834,88.84493692393372
23.40840840840841,88.13731797311591
23.47847847847848,59.085614197102664
23.54854854854855,78.07507577301504
23.61861861861862,80.53082316541067
23.68868868868869,77.59476164215421
23.75875875875876,73.80822814650443
23.82882882882883,70.64414137172352
23.8988988988989,67.04114303166548
23.96896896896897,63.764575823183044
24.03903903903904,72.11424208233836
24.10910910910911,81.77100605531744
24.17917917917918,69.52881307416331
24.24924924924925,76.93432301844666
24.31931931931932,66.99516007555917
24.38938938938939,80.82088367705619
24.45945945945946,68.65449343759059
24.52952952952953,78.09110412761568
24.5995995995996,80.66341269302116
24.66966966966967,84.81260464258868
24.73973973973974,82.12889576355259
24.80980980980981,87.86012847342717
24.87987987987988,77.13289426979243
24.94994994994995,87.81819852023457
25.02002002002002,70.24337002924482
25.09009009009009,92.3020901422023
25.16016016016016,88.83690171437124
25.23023023023023,74.6963565953753
25.3003003003003,66.66249142151557
25.37037037037037,72.00343111681808
25.44044044044044,81.58388525680928
25.51051051051051,83.86511821525608
25.58058058058058,71.16998860595275
25.65065065065065,66.15446387186502
25.72072072072072,85.82230734750696
25.79079079079079,87.71344041252844
25.86086086086086,82.50443262252954
25.93093093093093,82.49829386139527
26.001001001001,98.0760272231516
26.07107107107107,80.72047003982223
26.14114114114114,95.38647812198923
26.21121121121121,69.6060443795027
26.28128128128128,87.44947917966081
26.351351351351354,70.89739745883338
26.42142142142142,85.3994017133051
26.491491491491495,69.74855530440087
26.56156156156156,67.19504656653677
26.631631631631635,82.1977629220338
26.7017017017017,87.64972603191725
26.771771771771775,89.17532575357238
26.84184184184184,81.0340802352064
26.911911911911915,85.10304314627957
26.98198198198198,83.69194772487093
27.052052052052055,101.80711454374912
27.12212212212212,87.76058762830749
27.192192192192195,75.80167896358853
27.26226226226226,89.45104907563339
27.332332332332335,67.21531364013472
27.4024024024024,74.46371193781494
27.472472472472475,83.29133432347167
27.54254254254254,77.36551408146799
27.612612612612615,93.64026033026357
27.68268268268268,82.32513002446227
27.752752752752755,86.60707286648
27.822822822822822,83.92851760004295
27.892892892892895,64.5415534464444
27.962962962962962,83.26972439461592
28.033033033033036,84.87050307745373
28.103103103103102,103.00419424117804
28.173173173173176,90.42476649526195
28.243243243243242,69.8747043201823
28.313313313313316,94.35096646987937
28.383383383383382,98.41740298621649
28.453453453453456,95.75940146725574
28.523523523523522,81.00614738297641
28.593593593593596,93.74431437305527
28.663663663663662,80.35744199510424
28.733733733733736,97.76048126080106
28.803803803803802,100.3706544503315
28.873873873873876,102.34112742318973
28.943943943943943,90.98588904110962
29.014014014014016,80.86681920345252
29.084084084084083,71.66591751092753
29.154154154154156,86.55117801532387
29.224224224224223,105.37157188286233
29.294294294294296,91.02100080892627
29.364364364364363,66.2331642227356
29.434434434434436,101.13976489166431
29.504504504504503,86.50064906100185
29.574574574574577,72.39826835726703
29.644644644644643,116.75993274573779
29.714714714714717,92.95369271653797
29.784784784784783,57.95377316801505
29.854854854854857,86.99373896798743
29.924924924924923,103.50824634507546
29.994994994994997,91.1104467558328
30.065065065065063,89.15545925656242
30.135135135135137,98.61270510496716
30.205205205205203,76.47543813241711
30.275275275275277,91.98609782841112
30.345345345345343,85.59132602200977
30.415415415415417,92.2201833353281
30.485485485485484,95.23376557328967
30.555555555555557,91.42216119546151
30.625625625625624,88.15281392524092
30.695695695695697,88.52028013473176
30.765765765765767,89.878880622149
30.835835835835837,94.63618109802303
30.905905905905907,82.2536638585059
30.975975975975977,118.85394974849936
31.046046046046047,97.83316255151173
31.116116116116117,96.90604759605574
31.186186186186188,90.39178704968612
31.256256256256258,84.19333621930261
31.326326326326328,89.82986064636687
31.396396396396398,92.15867141636966
31.466466466466468,79.66580604476664
31.536536536536538,95.8747919323643
31.606606606606608,105.19482027809717
31.676676676676678,100.59659807433643
31.746746746746748,108.25203170830459
31.816816816816818,105.48436041055707
31.886886886886888,114.28695068653039
31.956956956956958,120.31221910818006
32.02702702702703,94.60284837070422
32.0970970970971,99.81658706691356
32.167167167167165,91.03325070530431
32.23723723723724,105.52175990963238
32.30730730730731,106.4310274181952
32.37737737737738,99.2322964962481
32.447447447447445,99.29334473329597
32.51751751751752,92.87950950823834
32.58758758758759,97.39379398944106
32.65765765765766,99.96768775825271
32.727727727727725,87.57392987555
32.7977977977978,83.61235253475624
32.86786786786787,98.39269042489782
32.93793793793794,92.7783308571064
33.008008008008005,92.49883295665086
33.07807807807808,99.22595029861621
33.14814814814815,101.7333758151499
33.21821821821822,94.50628960692255
33.288288288288285,107.01335397424208
33.35835835835836,91.04610405557212
33.42842842842843,106.57211222668342
33.4984984984985,112.32570540357625
33.568568568568566,112.89808568198004
33.63863863863864,100.82764987349587
33.70870870870871,103.19945560404678
33.77877877877878,93.23686818309852
33.848848848848846,92.5294432949237
33.91891891891892,86.88686748249255
33.98898898898899,122.5931248855513
34.05905905905906,105.9852232310239
34.129129129129126,98.74045235590005
34.1991991991992,98.31919098103207
34.26926926926927,98.23110106208574
34.33933933933934,99.12742798835716
34.409409409409406,104.61431006850279
34.47947947947948,102.249729350767
34.54954954954955,123.00184057910535
34.61961961961962,118.4992848363199
34.689689689689686,108.26741028670092
34.75975975975976,99.48618821237456
34.82982982982983,98.6683743566187
34.8998998998999,90.6730419120482
34.969969969969966,98.0032601170532
35.04004004004004,118.39107200400775
35.110110110110114,110.56974917302708
35.18018018018018,95.6763056924464
35.25025025025025,89.15911165483534
35.32032032032032,115.53758118591244
35.390390390390394,107.5503525806023
35.46046046046046,116.7335628918916
35.53053053053053,100.81846628917337
35.6006006006006,112.49645017589698
35.670670670670674,107.4714541467659
35.74074074074074,123.67837701967167
35.81081081081081,111.46858906231516
35.88088088088088,85.04836295857939
35.950950950950954,124.06134782893007
36.02102102102102,127.98142193751022
36.09109109109109,130.47268749591285
36.16116116116116,101.47445036552361
36.231231231231234,103.83816893702222
36.3013013013013,107.62640126960166
36.37137137137137,123.025358349875
36.44144144144144,117.92612597917628
36.511511511511515,97.19934180192091
36.58158158158158,113.33073900419868
36.65165165165165,119.7867259840126
36.72172172172172,110.07470846466292
36.791791791791795,97.28809614646902
36.86186186186186,136.00447057447127
36.93193193193193,120.20727401884263
37.002002002002,109.39761912503678
37.072072072072075,120.53051647880527
37.14214214214214,99.92244853871188
37.21221221221221,108.94071913539442
37.28228228228228,102.05398815114287
37.352352352352355,126.68560614415787
37.42242242242242,112.65172540511396
37.492492492492495,121.18250426750983
37.56256256256256,111.30986981062786
37.632632632632635,102.69305402772326
37.70270270270271,98.99402991466864
37.772772772772775,105.25598301754623
37.84284284284284,132.93793446806916
37.912912912912915,117.6519793072827
37.98298298298299,136.66082328053332
38.053053053053056,99.83908372628987
38.12312312312312,117.05719882911225
38.193193193193196,77.57592453305992
38.26326326326327,105.17022430155926
38.333333333333336,112.54790149446427
38.4034034034034,93.93226497491335
38.473473473473476,94.90647543601429
38.54354354354355,113.1332636330764
38.613613613613616,119.10765591209434
38.68368368368368,116.69010933961486
38.753753753753756,138.60771432000973
38.82382382382383,123.84113643627609
38.893893893893896,117.74265867183327
38.96396396396396,118.61973962679093
39.034034034034036,110.42671816803275
39.10410410410411,111.03218356123732
39.174174174174176,120.17949949431745
39.24424424424424,105.70459907917474
39.314314314314316,113.57434130696596
39.38438438438439,130.9441280781508
39.454454454454456,126.80598165550592
39.52452452452452,100.26334133175799
39.5945945945946,133.50317481735505
39.66466466466467,123.50081799061772
39.73473473473474,103.62077855729392
39.8048048048048,127.30364642014878
39.87487487487488,146.57285938190887
39.94494494494495,117.94950423951474
40.01501501501502,122.87025759723535
40.08508508508508,126.04134059541414
40.15515515515516,101.57989067243595
40.22522522522523,126.00807232447882
40.2952952952953,104.88527180391134
40.36536536536536,118.36657538886148
40.43543543543544,121.18336648615971
40.50550550550551,113.49012974582936
40.57557557557558,136.73181153973874
40.645645645645644,116.85015594700289
40.71571571571572,108.51745343075216
40.78578578578579,123.88945466285097
40.85585585585586,139.4554180626436
40.925925925925924,108.63466161993662
40.995995995996,131.8851072130135
41.06606606606607,117.71408756278032
41.13613613613614,118.84124400844254
41.206206206206204,125.79963593454346
41.27627627627628,116.86462460632939
41.34634634634635,113.17286495430254
41.41641641641642,104.9960544330717
41.486486486486484,142.61101433019456
41.55655655655656,122.86454158944267
41.62662662662663,133.1375522899221
41.6966966966967,111.30545526906253
41.766766766766764,143.74286178551657
41.83683683683684,136.05080724155093
41.90690690690691,131.79935334060957
41.97697697697698,128.66589988460348
42.047047047047045,141.39168930040987
42.11711711711712,119.92166828800289
42.18718718718719,109.86611784479794
42.25725725725726,134.82701744703184
42.327327327327325,136.08567019945355
42.3973973973974,133.74116974150309
42.46746746746747,123.42900536947613
42.53753753753754,125.52925040226837
42.607607607607605,134.6666887453123
42.67767767767768,136.62377488658748
42.74774774774775,118.67026028672008
42.81781781781782,133.34318265509626
42.887887887887885,121.5652988883297
42.95795795795796,117.92575704239411
43.02802802802803,138.61139732436675
43.0980980980981,111.72086364135902
43.168168168168165,126.33963161028731
43.23823823823824,132.28982799653258
43.30830830830831,129.51799646472867
43.37837837837838,134.28941485311498
43.448448448448445,141.06237057238278
43.51851851851852,126.25135864906416
43.58858858858859,134.7055783483901
43.65865865865866,131.44171957143692
43.728728728728726,143.05070158072073
43.7987987987988,130.07624032196696
43.86886886886887,134.9943488387826
43.93893893893894,131.9963581279201
44.009009009009006,110.4078590224291
44.07907907907908,119.07256105384326
44.14914914914915,121.21798013458621
44.21921921921922,114.73613908527678
44.289289289289286,134.1191267535282
44.35935935935936,145.50160158138465
44.42942942942943,143.78160967990485
44.4994994994995,133.3101030690549
44.569569569569566,110.56506340781263
44.63963963963964,129.0819925129938
44.70970970970971,123.54078076039711
44.77977977977978,133.2916017483129
44.849849849849846,131.33781416035262
44.91991991991992,134.02100758000628
44.98998998998999,139.68592135729818
45.06006006006006,136.59994578547915
45.13013013013013,142.04901064754193
45.2002002002002,121.00406450760727
45.270270270270274,140.87938180280116
45.34034034034034,133.45961066790844
45.41041041041041,141.97909459577133
45.48048048048048,132.92360749523442
45.550550550550554,135.55611843022862
45.62062062062062,146.79129456882697
45.69069069069069,121.28095249424123
45.76076076076076,147.6285676987065
45.830830830830834,150.9308507536644
45.9009009009009,107.97635486262388
45.97097097097097,139.66143517688727
46.04104104104104,146.36211635899744
46.111111111111114,127.44592062401772
46.18118118118118,142.7617787321622
46.25125125125125,136.2594362278508
46.32132132132132,121.46726366537095
46.391391391391394,115.72104173972265
46.46146146146147,136.97006756156085
46.531531531531535,146.38212477126936
46.6016016016016,121.99354696683504
46.671671671671675,151.9433041271238
46.74174174174175,136.9617330226406
46.811811811811815,144.9719909872356
46.88188188188188,135.55710897213012
46.951951951951955,120.50389589375345
47.02202202202202,125.1029805421567
47.092092092092095,139.79546833402472
47.16216216216216,139.69601149406034
47.232232232232235,141.1530919499564
47.3023023023023,152.74400621772674
47.372372372372375,126.45275178169702
47.44244244244244,143.1575558056944
47.512512512512515,124.15458882883456
47.58258258258258,147.77959068580319
47.652652652652655,140.18121538313025
47.72272272272272,146.34893756155503
47.792792792792795,120.86715240047408
47.86286286286286,141.171727495022
47.932932932932935,147.0960323441062
48.003003003003,142.47719371162182
48.073073073073076,137.70974159232514
48.14314314314314,131.9646888725991
48.213213213213216,139.04392168286847
48.28328328328328,144.65329797354732
48.353353353353356,149.73188370210485
48.42342342342342,134.14331672694703
48.493493493493496,145.41424681393636
48.56356356356356,138.83488286702
48.633633633633636,140.53103283889317
48.7037037037037,148.03451209668003
48.773773773773776,149.64905199305187
48.84384384384384,146.64810621230754
48.913913913913916,134.82301886949176
48.98398398398398,157.47652511404937
49.054054054054056,140.78609868268666
49.12412412412412,121.37300359417682
49.194194194194196,153.8284457695949
49.26426426426426,140.94307963793742
49.334334334334336,157.0257132346483
49.4044044044044,144.32239870332364
49.474474474474476,126.71566066610474
49.54454454454454,166.02311307028592
49.61461461461462,148.68690590402798
49.68468468468468,134.14520731910764
49.75475475475476,150.82490828660534
49.82482482482482,159.37376754356063
49.8948948948949,141.28787143677818
49.96496496496496,163.51123793448724
50.03503503503504,158.17639840389015
50.1051051051051,137.58402560438847
50.17517517517518,158.56044656627435
50.24524524524524,164.6015703956236
50.31531531531532,165.4368343804274
50.38538538538538,142.19551038996974
50.45545545545546,150.88718296471555
50.525525525525524,163.81222656379336
50.5955955955956,154.22143350361227
50.665665665665664,162.5433119952472
50.73573573573574,149.7002440101872
50.805805805805804,143.5107543497535
50.87587587587588,170.5981736739862
50.94594594594595,165.51271595798283
51.01601601601602,139.69916856497588
51.08608608608609,149.75624929512918
51.15615615615616,159.5453947815303
51.22622622622623,141.8469203412837
51.2962962962963,157.74352261350003
51.36636636636637,169.01890627972406
51.43643643643644,167.04394407534673
51.50650650650651,154.01747321556846
51.57657657657658,144.88483136036223
51.64664664664665,151.3834961816016
51.71671671671672,161.591893402737
51.78678678678679,150.3906960923932
51.85685685685686,163.15773428521481
51.92692692692693,144.86644895692075
51.996996996997,149.30326652026287
52.06706706706707,159.8791402136856
52.13713713713714,168.6984665881094
52.20720720720721,157.44705108624206
52.27727727727728,134.37083937069076
52.34734734734735,156.1064531237834
52.41741741741742,167.7312628448779
52.48748748748749,157.65137569083174
52.55755755755756,165.23870586277215
52.62762762762763,142.72059712703202
52.6976976976977,163.16685515131587
52.76776776776777,146.77332506087944
52.83783783783784,144.869286899178
52.90790790790791,154.0853560101696
52.97797797797798,148.7025258335593
53.04804804804805,153.98815370385302
53.11811811811812,145.97691619836465
53.18818818818819,143.20898765123303
53.25825825825826,157.05506539771466
53.32832832832833,160.6550543857293
53.3983983983984,165.2616351189645
53.46846846846847,158.3341155238354
53.53853853853854,160.09909293049728
53.60860860860861,148.813038125129
53.67867867867868,165.58789766308624
53.74874874874875,171.57828214056102
53.81881881881882,158.41554676747165
53.88888888888889,154.48772889471715
53.95895895895896,152.7250709562965
54.02902902902903,170.29720466467995
54.0990990990991,167.3970723565103
54.16916916916917,180.50522752080366
54.23923923923924,161.0359736059534
54.30930930930931,166.97135932720815
54.37937937937938,193.16154004485978
54.44944944944945,174.44574948322128
54.51951951951952,174.67659351795078
54.58958958958959,171.67721311823587
54.65965965965966,152.89190926132324
54.72972972972973,163.56862460781772
54.7997997997998,157.91038861233613
54.86986986986987,171.27045106094906
54.93993993993994,154.5702304756474
55.010010010010014,158.45442960200728
55.08008008008008,140.805411754126
55.150150150150154,166.36560805374984
55.22022022022022,178.43120926897933
55.290290290290294,154.1422382755002
55.36036036036036,173.14766987603036
55.430430430430434,180.24599727079297
55.5005005005005,174.18878394093912
55.570570570570574,162.7800377885722
55.64064064064064,134.7476750912547
55.710710710710714,157.0517890229742
55.78078078078078,167.97661348860672
55.850850850850854,167.0559982084102
55.92092092092092,186.26726407913938
55.990990990990994,164.86174876854028
56.06106106106106,167.55731623840737
56.131131131131134,172.50762177811222
56.2012012012012,154.5404019399152
56.271271271271274,152.73932528242935
56.34134134134134,165.12311743561176
56.411411411411414,168.37532573562345
56.48148148148148,169.66904554507278
56.551551551551555,158.06764634653527
56.62162162162162,175.76190225020036
56.691691691691695,163.59770837842328
56.76176176176176,159.76802811771705
56.831831831831835,181.6780391050717
56.9019019019019,161.92558731592004
56.971971971971975,175.25098458198045
57.04204204204204,152.56225666988166
57.112112112112115,165.17447523819314
57.18218218218218,168.2787330633068
57.252252252252255,170.05264875404754
57.32232232232232,165.87195838272277
57.392392392392395,173.88530426018676
57.46246246246246,174.1899042876141
57.532532532532535,169.33911149528876
57.6026026026026,174.5282167947332
57.672672672672675,184.45776850102592
57.74274274274274,162.11870890591473
57.812812812812815,153.62347903272658
57.88288288288288,169.78711818830928
57.952952952952955,170.0165006808201
58.02302302302302,165.32243200987776
58.093093093093096,181.40107891177615
58.16316316316316,177.42956028095315
58.233233233233236,178.64470931943416
58.3033033033033,171.2448412653254
58.373373373373376,185.17656048715543
58.44344344344344,169.33704681938985
58.513513513513516,185.96225707427357
58.58358358358358,169.01985918596046
58.653653653653656,167.30144381978923
58.72372372372372,156.51401676534294
58.793793793793796,171.4100629293406
58.86386386386386,168.47743432713153
58.933933933933936,163.61562267598688
59.004004004004,172.5038876675348
59.074074074074076,171.80669513314365
59.14414414414414,186.67946764222216
59.214214214214216,169.75125329559546
59.28428428428428,151.9913723132871
59.354354354354356,173.9290755032245
59.42442442442442,166.32324470562114
59.4944944944945,178.32418085232456
59.56456456456456,172.2962289835031
59.63463463463464,162.03754285946812
59.7047047047047,175.01855387413994
59.77477477477478,160.3653693269918
59.84484484484484,186.30896557800233
59.91491491491492,168.62596887720727
59.98498498498499,171.06002382319903
60.05505505505506,179.35946083602514
60.12512512512513,162.85613803218513
60.1951951951952,176.42347147069475
60.26526526526527,179.0481540134803
60.33533533533534,173.24303017573035
60.40540540540541,171.97386830212332
60.47547547547548,191.3138409698624
60.54554554554555,179.5180647346786
60.61561561561562,177.72379800108118
60.68568568568569,182.60256522520726
60.75575575575576,172.64477622327388
60.82582582582583,171.5971566725473
60.8958958958959,192.5832465988927
60.96596596596597,174.42151716615552
61.03603603603604,177.9788607264461
61.10610610610611,159.37732615018842
61.17617617617618,189.8565523032295
61.24624624624625,170.73551454631277
61.31631631631632,173.45519172520454
61.38638638638639,174.5035846256945
61.45645645645646,196.80558258589517
61.52652652652653,176.66183561542903
61.5965965965966,187.73164009102533
61.66666666666667,180.25238645855038
61.73673673673674,185.989081773553
61.80680680680681,175.73000306848184
61.87687687687688,191.8974942185901
61.94694694694695,194.68576774986545
62.01701701701702,199.0417166545573
62.08708708708709,198.96860711253183
62.15715715715716,186.704002027635
62.22722722722723,174.5654777239427
62.2972972972973,161.42376735702763
62.36736736736737,176.2893817981451
62.43743743743744,178.34533775145758
62.50750750750751,181.9470263616195
62.57757757757758,181.19709134791563
62.64764764764765,190.25496052491198
62.71771771771772,195.8968328475541
62.78778778778779,190.97281965554222
62.85785785785786,184.2164964713434
62.92792792792793,179.8160161049348
62.997997997998,192.03736095559103
63.06806806806807,186.90642500389927
63.13813813813814,183.31035927260044
63.20820820820821,187.03973115141167
63.27827827827828,196.5684412344268
63.34834834834835,195.60254069624796
63.41841841841842,181.47970542660164
63.48848848848849,197.21483605396205
63.55855855855856,184.5810639323373
63.62862862862863,195.67386847729804
63.6986986986987,196.7428183228306
63.76876876876877,180.49207323538263
63.83883883883884,189.546112518741
63.90890890890891,196.2304400968996
63.97897897897898,198.88305879643954
64.04904904904905,185.15926849756772
64.11911911911912,195.86385147733873
64.1891891891892,200.95702263517757
64.25925925925927,189.24933924659896
64.32932932932934,188.65229356495405
64.3993993993994,192.06105685034885
64.46946946946947,186.48161456757094
64.53953953953953,201.9636571112179
64.6096096096096,183.089287405399
64.67967967967968,189.50852659965147
64.74974974974975,201.858477045106
64.81981981981983,198.13266756095635
64.8898898898899,199.35545481044636
64.95995995995996,204.30837231857717
65.03003003003003,196.78713810696345
65.1001001001001,182.6027449008294
65.17017017017017,196.67040437147818
65.24024024024024,200.4748371957787
65.31031031031031,192.76525617539718
65.38038038038039,198.47140803453436
65.45045045045046,173.9974884745832
65.52052052052052,192.36338816073408
65.5905905905906,186.18200594389512
65.66066066066065,190.32406075506466
65.73073073073073,182.5280552285992
65.8008008008008,187.53945808524108
65.87087087087087,210.91220518045597
65.94094094094095,173.80094585509238
66.01101101101102,191.4309777225964
66.08108108108108,184.77336121171695
66.15115115115115,198.3760718029533
66.22122122122121,198.28257787880048
66.29129129129129,194.10916180586352
66.36136136136136,172.04716420096574
66.43143143143143,197.993328127843
66.50150150150151,201.25820638533676
66.57157157157158,194.29267030439487
66.64164164164164,208.43958420480647
66.71171171171171,190.33699544950676
66.78178178178177,202.14145890991605
66.85185185185185,194.5729045383931
66.92192192192192,187.47409187377824
66.991991991992,184.12207275311266
67.06206206206207,206.1303624992191
67.13213213213214,197.29130018274532
67.2022022022022,206.63670569012177
67.27227227227228,179.25181107425064
67.34234234234233,198.89177603181076
67.41241241241241,187.26607722611655
67.48248248248248,198.70573373523476
67.55255255255256,217.13629767535272
67.62262262262263,204.82002216228082
67.6926926926927,200.67603246046357
67.76276276276276,188.5932133330169
67.83283283283284,184.8706298711201
67.9029029029029,207.85037626646923
67.97297297297297,219.73079877441302
68.04304304304304,207.8835977288004
68.11311311311312,187.01408178610754
68.18318318318319,204.5779233355673
68.25325325325326,205.15203791680716
68.32332332332332,188.85304646020762
68.3933933933934,193.71200301958163
68.46346346346346,203.99266289148784
68.53353353353353,208.7193290534816
68.6036036036036,207.80430562882933
68.67367367367368,212.22111478110335
68.74374374374375,211.70543913306508
68.81381381381382,192.65164928016029
68.8838838838839,196.48390839511967
68.95395395395396,188.3429146311442
69.02402402402403,189.82334948310375
69.09409409409409,208.9008034033555
69.16416416416416,191.5411660377223
69.23423423423424,209.85800508891577
69.30430430430431,203.21357398946174
69.37437437437438,204.49418649348146
69.44444444444446,206.42447434286393
69.51451451451452,221.0609671931739
69.58458458458459,198.07300470841432
69.65465465465465,185.85517076809168
69.72472472472472,205.540142652751
69.7947947947948,221.0383016228097
69.86486486486487,219.3683307514968
69.93493493493494,211.8988520272753
70.00500500500502,208.34805083079706
70.07507507507508,194.30482839747836
70.14514514514515,199.12935213734335
70.21521521521521,205.42871181388395
70.28528528528528,189.10577292781
70.35535535535536,210.96788707899378
70.42542542542543,196.23459454003157
70.4954954954955,216.249318862359
70.56556556556558,217.52373921724023
70.63563563563564,200.48367930057682
70.70570570570571,207.21247313215184
70.77577577577577,198.7567905490258
70.84584584584584,180.8234913862575
70.91591591591592,212.98668649560275
70.98598598598599,203.4466445062704
71.05605605605606,217.44055016424775
71.12612612612614,210.2506800994088
71.1961961961962,205.47994070207292
71.26626626626627,213.45300966805195
71.33633633633633,200.2156471904766
71.4064064064064,203.2136117642675
71.47647647647648,225.51304937291823
71.54654654654655,199.2728399728104
71.61661661661662,214.12282817787718
71.6866866866867,211.83984893728027
71.75675675675676,209.86645644219385
71.82682682682683,197.4590848827479
71.89689689689689,221.05633804479206
71.96696696696696,222.96191525834098
72.03703703703704,217.56863442939766
72.10710710710711,199.7718713798364
72.17717717717719,224.90198354867903
72.24724724724726,214.99135823642226
72.31731731731732,216.31692936074694
72.38738738738739,190.5867177867112
72.45745745745745,210.81994544184536
72.52752752752752,213.03664255777326
72.5975975975976,221.70830058299225
72.66766766766767,225.24115859721735
72.73773773773775,197.67521668345438
72.80780780780782,223.23688989712736
72.87787787787788,217.48451550688947
72.94794794794795,215.83812560425704
73.01801801801801,190.9750127449324
73.08808808808809,208.2030267564236
73.15815815815816,210.86033804152618
73.22822822822823,224.84293077657028
73.2982982982983,225.48806798594183
73.36836836836838,213.64286639593877
73.43843843843844,209.03828012381356
73.50850850850851,218.65746012283867
73.57857857857857,230.70495278980783
73.64864864864865,219.83581256963015
73.71871871871872,217.25991541419154
73.78878878878879,219.30095570132266
73.85885885885887,210.2245715366499
73.92892892892894,206.3922025177939
73.998998998999,232.06245602414185
74.06906906906907,222.0686651439697
74.13913913913913,213.9739248879185
74.2092092092092,220.74198108558386
74.27927927927928,225.41494243227172
74.34934934934935,217.3347845445624
74.41941941941943,212.57393489585587
74.4894894894895,204.67945977291384
74.55955955955956,231.6846076559405
74.62962962962963,199.03405808051397
74.69969969969969,226.6886008159291
74.76976976976977,209.4270993629138
74.83983983983984,218.97213760860228
74.90990990990991,223.7162601537758
74.97997997997999,218.66461651183988
75.05005005005006,220.7607167581638
75.12012012012012,200.63777465849415
75.1901901901902,222.88448912400622
75.26026026026025,210.70155820589244
75.33033033033033,233.06598549529033
75.4004004004004,233.18211498425558
75.47047047047047,209.80099357338526
75.54054054054055,222.50997394387093
75.61061061061062,198.29871280463323
75.68068068068068,231.17079162929957
75.75075075075075,225.60319250924502
75.82082082082081,227.09150724873268
75.89089089089089,202.7195724386278
75.96096096096096,233.53286409364844
76.03103103103103,220.83703141828448
76.10110110110111,227.55613594187764
76.17117117117118,214.756142621391
76.24124124124124,203.52376411982627
76.31131131131131,239.6340661961017
76.38138138138137,203.1607791121121
76.45145145145145,221.72695944619548
76.52152152152152,222.66906175488853
76.5915915915916,223.72367340349575
76.66166166166167,199.6540688158757
76.73173173173174,228.8261192320368
76.8018018018018,235.75277822047573
76.87187187187187,239.4102880936675
76.94194194194193,227.42386207882467
77.01201201201201,230.51929445079824
77.08208208208208,225.81872396566422
77.15215215215215,219.14080239506742
77.22222222222223,231.68386050014857
77.2922922922923,221.85834008201678
77.36236236236236,217.11751727132952
77.43243243243244,215.90233185935185
77.5025025025025,218.01152977371075
77.57257257257257,223.25910446279724
77.64264264264264,226.56775640107963
77.71271271271272,224.55467865654666
77.78278278278279,240.24189972733882
77.85285285285286,222.22693458093102
77.92292292292294,232.70948712636883
77.992992992993,215.9137313707863
78.06306306306307,216.18980730250598
78.13313313313313,223.57705290292387
78.2032032032032,209.57666579713913
78.27327327327328,218.60592125125066
78.34334334334335,230.1460595939871
78.41341341341342,227.09442459202805
78.4834834834835,250.7948899727082
78.55355355355356,223.04888149658774
78.62362362362363,222.77262876786492
78.69369369369369,254.65912450870894
78.76376376376376,246.2601238938263
78.83383383383384,218.45867483724746
78.90390390390391,235.66963453872026
78.97397397397398,233.32406725223788
79.04404404404404,221.65717684735785
79.11411411411412,230.7255313343607
79.18418418418419,215.30187208010705
79.25425425425426,214.03678540150526
79.32432432432432,222.1848739662675
79.3943943943944,225.04173658523217
79.46446446446447,220.18083206223088
79.53453453453454,235.5239348855003
79.6046046046046,244.23013330886997
79.67467467467468,227.92206759020448
79.74474474474475,227.8325017871392
79.81481481481482,239.58870874737065
79.88488488488488,220.35899145589423
79.95495495495496,237.43063360514623
80.02502502502503,231.5691301999562
80.0950950950951,218.39259004860833
80.16516516516516,236.22877986264018
80.23523523523524,232.9431308369049
80.30530530530531,218.91070961476947
80.37537537537538,238.51673079481358
80.44544544544544,229.7961319659889
80.51551551551552,227.0317790820089
80.58558558558559,226.3128012852994
80.65565565565566,217.9395023881151
80.72572572572572,243.46174439481342
80.7957957957958,244.10495197210915
80.86586586586587,249.7213718900264
80.93593593593594,234.55196865565384
81.006006006006,221.10910800008486
81.07607607607608,241.66495728538985
81.14614614614615,245.0274965369226
81.21621621621622,223.4885861129708
81.28628628628628,227.25609459518776
81.35635635635636,252.80263528368081
81.42642642642643,237.59856893394624
81.4964964964965,248.50746614897056
81.56656656656656,227.26395372283451
81.63663663663664,252.61838462384605
81.70670670670671,240.99142337696156
81.77677677677679,231.85802642748126
81.84684684684684,240.43362478500853
81.91691691691692,241.87456755643313
81.98698698698699,230.16394023486984
82.05705705705707,242.8392921452091
82.12712712712712,240.59139369219372
82.1971971971972,253.22349289571105
82.26726726726727,235.59269836787627
82.33733733733735,255.11572923954765
82.4074074074074,236.58210802727342
82.47747747747748,237.18463612976126
82.54754754754755,238.91148918007158
82.61761761761763,247.50019957321254
82.68768768768768,234.43201765656144
82.75775775775776,244.09676278296374
82.82782782782783,241.71274576223607
82.8978978978979,249.36352086131845
82.96796796796797,218.71473604501634
83.03803803803804,225.4558881482717
83.10810810810811,225.41845184589658
83.17817817817819,258.3548790003176
83.24824824824825,258.2556584203964
83.31831831831832,247.3390696255842
83.38838838838839,244.26338030930327
83.45845845845847,229.83760050477898
83.52852852852853,253.1587416213143
83.5985985985986,259.07584028350846
83.66866866866867,254.26896932091728
83.73873873873875,227.04229349663618
83.8088088088088,237.8908116987272
83.87887887887888,236.03143024218136
83.94894894894895,265.37566999447233
84.01901901901903,259.27323295175887
84.08908908908909,228.82671742159343
84.15915915915916,248.45254920967278
84.22922922922923,228.17618299913374
84.2992992992993,241.60222854090682
84.36936936936937,237.179253495263
84.43943943943944,253.161516258508
84.50950950950951,248.73027016435492
84.57957957957959,245.55021426620937
84.64964964964965,258.39609813033655
84.71971971971972,253.1285984969836
84.7897897897898,244.98207528325523
84.85985985985987,241.50116950727755
84.92992992992993,260.8289810437921
85.0,241.8028515384945
16.025781556442645,3.452452413933222
23.724711206822096,9.428213857024376
16.659803779885657,10.202959185996036
21.90972068426569,6.7567464016911805
19.973186772958687,8.643540475337621
22.937188649496996,11.288296314898137
18.55831496061079,9.36221610606088
22.324660501696215,7.587615342162609
18.559838597597363,9.873627858815677
22.844200302734922,8.128264485717168
25.548374910116024,8.723125974882468
25.32257393917365,7.15922615035333
26.3762540844437,9.658739834987792
18.28697828787459,6.604126531278264
23.75816742743662,3.747333029757352
23.56819901929297,2.3476443179309534
25.77981736476846,7.85594631501056
22.464457927449065,10.107940338191401
23.658808811912092,4.185264851129873
19.309620714682637,11.220145717829414
25.92581255761573,7.0848421539662985
22.681304742919895,8.31001695889407
22.198734679933942,3.063989535006975
22.091836860780447,6.607172322703422
23.528742904615807,7.533558940015108
23.45724930257975,5.480562864336106
19.696686925084247,3.841863362979508
22.056099628718755,4.222300460768405
27.504582120983898,8.959364964087586
22.194863975133426,7.673668651455261
27.307161845426307,5.47225954218141
19.23049374910535,4.885564698013422
21.984506093773213,11.527257110963609
24.027856907801713,5.600106659587134
22.669477888836084,6.96976253455093
19.34430802365647,5.159630105783223
21.937215322716355,10.159441787628657
18.718958127305026,8.0091756549975
26.14611094525018,12.3157964600369
20.596880971278935,4.871023973235743
17.420073794317368,1.0831545984764084
19.643819001986483,9.699017897826081
25.013793149458124,6.343205584838608
19.455832478566144,11.807666775078985
22.636790235240575,4.590174446194347
20.206735104376495,11.097872175345522
20.533990866327876,7.475821785741711
23.94446826800195,6.434757121821887
18.19683153016378,6.138829831170308
17.80434676139949,9.395397716822176
26.411010686342227,4.319980459071957
18.11822359298175,10.228667986227657
19.649736367194155,7.067666773721006
18.266301152452854,8.907138309165942
18.5429570467795,6.459130747609521
22.384422193041093,1.4366247497190408
21.244698278071873,7.241284210132104
21.76069122839775,5.371232719036033
15.956502824929697,8.55013674015027
20.054099272201626,13.023904045170198
17.077412882433265,6.993922342314196
21.89958551638123,0.1108999299107083
23.514761608942447,8.23348954566837
20.08839619619964,7.985531830156267
10.823595313541174,5.977901827211847
24.331854760661695,10.122314846534307
24.85262588200338,10.679503142114779
21.90987517582542,1.1798179661798907
24.300649152361785,6.704767882228395
19.129465072913625,9.18709889740682
23.830664684493005,8.407491733495814
25.317335693988877,5.069466035882892
27.09422789455912,4.1558523209928655
21.218046287903483,6.795342923048779
23.154884747728296,8.317946083824427
23.101492960747706,5.567695050530585
21.850310372688828,1.744831282908752
21.16753649024808,9.082781633209365
20.178269925040524,3.5182128532740067
17.716398380879294,5.699195234134747
24.736492462518697,8.67968264819325
24.727944691894482,3.9778263802591156
17.68851009122344,4.149982828909998
23.273877893507155,9.619538578829069
16.643130654419608,0.9606515143946979
19.536509188901892,5.466532523638525
24.422669997289393,7.23835329952528
26.724945684361604,8.920116979213136
23.733770773303366,6.447913371445617
23.675071389733436,3.064864518376534
19.422556339674255,6.846133386790126
22.042623860653794,9.497616933353019
21.197475184058945,8.83389063480578
22.946642123675552,6.1166965651759355
23.84325497347946,11.32277820027097
21.305774869252875,5.247068384473465
21.96288659262437,3.9756949284009355
20.71564157735311,9.088125557894632
19.04584394720951,7.5846650013893715
24.04524996759385,5.9974209158272185
24.30866426650607,8.846150644132205
22.182806288195824,3.4290601086362575
25.939503295627915,7.831210467977195
18.515402185511867,8.599877803812058
19.213679315109804,6.638662828217021
19.210702769527405,9.913807257240506
19.444827779873354,3.0533630018794664
22.55230874650578,6.825456662652052
18.185489832161995,4.751885486943011
18.70310454125267,9.425231817943075
23.515972381482403,6.5696135619497955
20.524569744940177,7.560835834981315
25.875401408856007,9.073272320815194
24.869666393725034,5.719424310521677
21.639437724097466,6.392172106807987
18.320667519231645,6.5749720091011
21.987960232175123,8.13048893613896
19.398077662280848,13.737380468134333
20.99448624423177,3.8933336854297065
27.898611341872282,-0.8045364112739355
20.65875978312966,8.475195260484645
22.223775271276264,5.426756314975193
23.61925822776662,7.852638091723137
16.731310571797703,5.600877392571849
21.597564461226195,2.67810080710626
25.31549161311602,3.1731316612712046
19.332889564333453,8.082597532242406
24.369072928497193,11.717807247175806
25.525324787620754,5.996790616433985
19.49172473358756,7.362966839182995
19.180230152430042,7.099196709458956
23.64845552144529,6.9485684109136185
20.903095845326042,9.895625678338634
21.824966964245608,4.8563815674046396
19.256791228985005,6.5391102702227215
21.10009181697453,9.61907795978453
24.56834393845631,2.765418290629577
20.352583399061768,9.4860865944161
25.530655619892975,4.650142721435012
21.142779423317343,6.39829753605715
21.03662002904515,6.544222169529339
25.42429361407682,9.624400821370045
19.89979404466013,3.312091192415764
17.73423562961724,5.712702410986817
21.027541191526126,7.7681029907650965
20.76705013885137,6.702500431557981
24.590810465192387,7.443870404739677
20.694619497509862,4.2254518305782724
19.755708277296687,11.282502008665736
19.306396035964372,11.611712632915062
24.188587452069008,12.392134953171205
17.691716022956566,4.052749578982798
23.85207864238986,7.776027873620498
24.584507945938917,2.5056292906603774
20.370476103328535,12.065321297349074
22.797251097846555,1.703273362363917
21.594709655754574,8.777830559698053
23.753067772733168,9.643791190015842
26.984983224942294,6.345598643837275
22.064467763170192,2.4470736962911257
24.075997222417715,1.5538850823002193
20.452342020496637,4.596206625469313
21.464036865629332,6.718103362378622
16.56827513666253,7.848560017404505
22.032896040710725,6.296579216735056
21.61617792385843,5.54014334323465
20.281255370234803,4.553349767202718
22.451439829851925,1.7432791862275536
21.52662986735653,11.233236653235736
24.585979417553652,8.353661400591204
24.698168297522074,4.081561764421019
16.599764759873683,3.140848749516172
22.661900667346377,6.4630868685407865
20.55741353092462,7.4558399091743395
24.11210749062933,2.5751777497687023
23.653374626136667,8.040435768025537
19.000389263782157,7.002144276117931
17.995780185377335,6.271877310714496
25.582268483613856,10.055834625422689
15.029275245011119,5.960054577209948
24.31619637268363,8.421285485169783
22.790536985622097,6.827331200807253
19.624699762768643,4.646186562604408
22.75607774703453,4.574477993366966
25.62490715620628,6.550853917317539
20.914171414186754,4.188806682905504
22.481974210355638,8.560941453893495
27.77778759938183,7.544296161605821
25.093248115388132,1.3002375036203606
17.560875878421697,7.770972213130957
25.51798855234695,8.980226343419496
23.69915777109325,4.707164222692871
15.947737032994015,10.742562179587509
19.388057062116292,7.120605524845844
19.184177285342212,8.229237148800753
25.340435642777997,11.363421818092434
23.29703588599742,1.9977960705231474
25.13354275976383,5.757684573546679
19.699773033669835,6.004568085090545
26.77310712371617,5.954891343131474
22.735109054172142,7.2081853189590985
24.810641158757438,7.799887574852153
25.312136507328873,5.814141987853961
27.114596047742157,7.442138536857771
27.463703914211727,5.96319671175316
20.987363075683028,10.96955862331298
23.10791474317907,5.221487741411343
21.779945532234056,6.119358049999658
26.374635982123237,12.183977582364943
27.483510463494483,8.038968458441902
22.35965734514114,3.5539114160130367
22.37705682861189,6.524633746052144
21.472142607520784,5.6450856579861455
21.27382341739211,7.223979327951159
24.76824769950617,4.049600251064021
23.7772192420361,6.4158534546217885
24.168500598509784,5.1596906508055715
20.695092893684375,6.20473224473005
22.363499693850393,11.453733017196406
23.54752499160133,6.956131597085551
20.579171441811045,5.861568784253469
20.34473038901879,7.045031088415638
22.661736251016897,10.638046836832306
21.78611468124166,12.186502313728266
23.720311064533128,9.367026460163583
21.892542932500728,5.256593255456756
17.595269894875944,6.657119982586156
19.121718560484055,7.621037719579728
18.394192298708404,11.040501558552783
21.39808227424532,8.881076376836358
25.521049003182643,10.708110030760675
22.350944250928,2.315647245773148
26.555894184030056,3.5360038881918743
21.887280550159545,1.147452219124312
21.57428683881855,5.973673645384356
22.841118812427077,10.854432054270328
19.13098442953299,5.892447827941959
24.740986980241395,0.6427952156493859
28.57375871442577,6.425809987068095
20.38750392956594,2.0116007945824332
25.709732976072665,6.876631005313833
21.876429086986942,9.289101850621972
28.258357291939546,11.426210519294273
23.389664107476307,5.935688984475991
20.720283258827298,6.696082869773643
24.662015620975534,2.0296897956552433
25.01322244235726,4.682148250942024
21.42182462322014,9.47727199580487
21.424191445838133,4.997671827937735
26.226886611936155,9.517143436070842
23.7809783352469,4.182216267964638
20.070042621121882,9.762480728117977
20.299652661748564,3.3044988767049226
16.43304561126788,8.412996463935468
26.54127175084717,7.095007073698192
17.025975300504747,1.420612790228927
22.32036375313994,9.52396915947774
20.652529385158264,10.522119630292249
26.110707766316946,4.539415523377183
24.5383983090043,9.674058490929763
26.103385240410482,8.35633354538573
21.00227183802637,3.5179559974620145
16.83991492388643,4.817387989698597
21.88824682790437,12.538933445127007
26.51393264991332,2.1542172589828263
17.69946450144507,7.013852516253205
25.496364477695664,0.5812756797012089
21.784465270255897,1.8761461417595573
19.847953460189395,8.31621456556542
18.005760843367295,11.490458634686636
19.369696072953253,13.274177490884236
22.249039396682495,11.203848677622124
24.033600191679096,8.376839705801801
19.1706709505671,13.251054333006689
25.136508310480693,8.982925739601031
25.086458425398117,5.510794995148546
20.491208078760163,5.281588775523467
25.339221527579706,10.405569677261635
17.62012000907549,9.45784933800434
20.247174654902626,7.852524162417921
20.69782653141387,1.1911343641710603
22.667775357822546,7.1148284596022116
18.063435385153344,5.5901826791630445
29.887550746710176,7.946857896431589
17.648862959523534,6.115784099000083
19.66652559925929,7.005307941573822
29.018910672520143,8.34460023030553
23.162870964902154,10.972518159447581
23.588380257946106,7.23176523161396
28.686030003009897,7.957492616986335
20.03551839100648,13.77214510436872
21.6210934013829,4.61853443162337
27.828388890100427,6.362882873056019
22.29464508386552,7.697132429887136
21.25496559730312,4.261839369574778
19.34498955441874,8.202233701449579
18.620810756559656,10.857087432808232
21.97313836940052,7.399232976821508
20.819378820651163,7.685077368968163
22.556457630417558,5.314574194282258
22.09686216481035,11.172151560324554
22.12780974865612,5.556076139876444
19.682240350411167,4.655564559395777
18.073492384851704,7.9276550672605435
18.96413398862433,4.9200501475517795
21.021175229861957,8.943619977526891
24.602810225838198,5.156588449764016
26.73789159559322,6.194746265199785
21.836970668587995,6.1803687786520145
22.69265611801354,9.899186026629188
20.267219898952803,8.215134653931928
21.083537591061123,6.264359438361271
23.50083622236817,4.071975040977717
20.610159184523692,7.9850599582593365
23.58596484465954,2.2495516242545808
24.304483171749364,6.715422356939489
18.095139087945483,7.275811020099622
23.649147612342748,11.917069182492313
17.96832217027841,6.9989951444840255
18.981631200496977,8.453877651461037
23.991785724649866,11.28257594907259
24.20529818506945,6.3364141893266615
22.47732452926821,0.8327522183726384
24.406786298449063,4.432922539687448
19.02427258218166,10.678364600056538
20.94095027627685,6.482523527863557
22.05692174893096,9.820206168470694
22.63607259146865,7.229138893491953
21.197747801850333,9.108679975196516
19.152968303345574,11.607727331371166
26.707305924194802,3.986707716473377
21.29879740342391,6.7546952915108065
22.197195119800423,2.5294611904419764
22.30653636666672,5.588809764805954
22.2237081965658,2.668845277338682
24.211437497915433,6.539470580338838
23.13177336614281,8.6363860544961
16.80020412677452,1.9216698607835312
18.449811122099888,4.427119921748173
21.10043606626149,4.19712847316001
27.310635010500366,7.330420791689224
23.675227676013893,7.497046921742859
21.943407427040086,6.826042850497949
19.586387159729703,4.380768148739199
23.820437898382256,11.37398472473934
21.86755097736597,6.944123025306481
19.186533649414315,4.894417242949069
24.0085127596241,2.4678549544596997
22.87058297340001,8.084878389245
22.752489436196868,4.6587820988881505
22.258683178897197,3.5919243439301085
24.91207877607545,6.713480985095169
19.286039818600415,11.655507782609643
19.347292681215755,8.707306488439036
22.10494015636691,4.591528304200384
20.384654067655354,4.871118532037391
19.357882785363458,6.893929255299181
24.0954104828947,3.1072702632522056
22.501441930725147,5.23256794610545
20.88043428547075,5.491086824398749
18.445026621718597,9.938670274409201
17.72363974141078,10.514509775130591
20.62742231606144,1.2344381156398967
17.344819480317483,14.253766999711315
17.905480252236504,3.56172572816881
19.585861050433625,6.127321308698305
21.09175266428617,0.9360293532775552
29.654480279238374,9.333724080299307
21.270087984892722,3.8998927202233724
16.954682267631707,6.97718957713046
22.117392705524278,6.809363498392515
28.216018375938106,8.95125750564269
17.71169454993727,7.934076663407325
20.760524627280976,10.322781367139314
20.293506669113906,3.938801356648341
19.796114698241073,5.8649426621668335
24.831075046646415,9.504780521797269
20.231583408913618,6.1244864772397065
20.94581964698628,8.675796388260238
24.93262572395772,7.359716917357503
18.076013704608147,9.373399704178041
24.025504641857317,2.752320487174223
22.406635470245142,10.879086553677283
22.498182972781315,6.120483551348556
23.240437109031554,3.6982522475626007
20.465672092935637,1.4975528469764763
17.240348908505233,7.413907872844403
21.252498622203667,4.923071353135042
19.44723507190039,8.614677159408032
22.16665942007173,4.055775613030352
23.30810319190501,9.553703431933172
20.879462230635472,7.270193952109667
25.11749144827302,7.248255526439851
19.96898994247881,7.173077555744793
23.411982160030014,7.31300090987429
22.287980062171354,3.07054139257773
24.17317617600666,3.2316764809693317
22.35171632859456,9.780972985358876
25.242860946093835,8.3905730428973
20.314647635015337,5.2974262206441525
21.504288599801402,4.94232170939263
19.087021454615588,13.064863046765032
24.091589027484797,10.7921979035991
22.227234525137938,2.6742931576713658
20.534139940647965,11.367706888426124
22.72731597487882,4.249959808393093
21.704957856168747,8.863389081711903
18.01279793560213,7.3560790714273745
24.48775635315599,4.871728054138586
20.199528167531838,2.813141103611441
22.553201444670766,3.019510123425254
24.373987543300757,7.313826852192106
24.671807313287577,6.101336588748147
21.53031831986935,4.760563071874729
24.902260167126713,7.906835499387005
21.005757049064933,5.566898971470399
21.758937468753263,7.510596270838483
18.47899286305726,8.106259069985171
22.393731168860633,5.304859759144247
26.44694310482623,3.7122991749845045
27.994302561614575,5.119518726658708
21.89658094445755,3.5202413599289515
25.372179187258883,2.4850418063665067
22.7030112307096,5.338874427947189
17.42625582630122,6.1641150272118646
20.839283929334524,6.310729150488848
19.278499746406503,10.933616412351345
20.915276091444067,2.49676864864648
21.698460908173185,7.087414596876524
28.923011782933322,5.750423754193471
23.989125637586838,4.429038451887277
22.829311199930455,7.4767639638175165
22.708210831739127,10.204905298242945
24.215413328139306,5.959419721569487
25.26110458995867,7.311439284999719
26.005070435925205,8.813290301914934
17.284445441041278,4.609303280773693
24.435393309396947,5.514689425603322
20.328764857100516,8.724839607713903
24.15599222996371,3.8423428526190895
20.719430746376293,4.744322232223369
19.962676342691328,6.988602652464227
21.15532932750334,7.073033914158158
24.133266804473763,5.864997159357891
20.907794153567085,7.967718401219475
20.321258404840375,3.2340023471805406
20.877049940272933,3.3548232260426762
17.149618523788195,6.63078308048033
25.5132115037409,10.529799886100825
18.896162166955026,3.5372822736316385
20.574793030135726,5.435005849618313
20.16198646863448,3.941791856259518
16.97558635512489,7.5279279678037385
17.583437114616988,9.091547007674583
23.11095611069542,8.329862209079625
23.224324140296233,11.339188832069564
23.63037756176212,5.1300651874440355
25.27335155347675,8.173301857011369
24.316805298451992,5.8725212019729565
22.70307012804256,6.493451764475914
22.446890554785302,4.078594289422858
21.73418911549092,7.308176425853286
18.645822853921096,8.93715303468769
25.187175164487375,6.426659762356607
25.165927449157863,4.025455125517361
21.616409957051143,4.667114878460053
25.39415562412823,8.720177465785508
22.01980291723187,9.012370265224341
23.5226817754382,9.133524760591207
20.755979268191634,11.398973330907427
22.49880089477366,9.078547152860667
19.642899931614686,7.630736818873895
22.08294905221349,10.636154326324606
24.497011314672385,8.396378797634686
22.031634187743908,4.702627741446163
19.751378813499763,7.368897583841311
17.077568885460437,8.306900359876934
23.963573932225717,7.039969798753611
24.017073751697787,10.95147703454466
20.481424267390334,7.910664665411525
26.00337189107878,3.7383041683926614
19.857932842915496,8.373901136735808
17.582180176823105,11.05546458222899
22.438489974574114,5.118008114166519
24.489469943762536,8.761166663915464
21.766568818340247,10.140620715262452
20.923734334022612,4.268176074319387
25.65936383567062,10.130573230659019
25.994181154691745,8.30652973053186
19.086998661019642,5.385794894465574
22.1049589210795,5.914380699196705
26.524515262343748,4.293615139328594
15.687517431035205,6.09632654088138
21.334896160156266,5.8891307564150805
19.633128510256903,2.207551785503802
16.986266497902406,4.757980478600753
22.730353786918688,5.0691273647237525
23.867517143112224,11.441673837234049
28.051719982701073,6.117286455077723
20.93796235017511,5.421414348674775
17.795282614622046,8.48270568645451
24.51922515528268,9.53116967317013
20.3148813196479,2.4767726330697464
24.630502856902496,4.188955743594718
21.30699603728832,3.5686783171491103
17.34793418919569,3.923167107486103
18.162688354037176,7.594750572535935
24.45761823566273,8.555534502598961
21.165000343072343,6.491320036135263
24.547755865589217,8.891995032375188
27.371646758000697,4.399593067580577
20.752832396165722,9.307205661220872
16.00533024345009,9.16925742684845
13.626383748500741,9.089000681173045
23.005951035275217,4.6638684690503
24.072132652572257,6.019047372497677
19.15740815157146,8.424804502388856
26.542156407710515,5.253070758925021
21.28545870734809,5.655545367864952
27.97170027041779,10.490141244105464
18.965703176051093,10.428310764953695
23.161266499485205,9.525770048088255
19.546454055195387,11.702418031827472
18.006197546483303,6.399368720296096
17.044789666646665,4.668710961584406
25.775472447786264,8.327926020481023
25.90556580985345,10.820778397831832
17.18952827304404,4.786573851853875
20.25852055263449,5.276228230060866
21.065462969204866,8.362703730720957
14.43844637693886,7.866037551445082
23.66545358382347,7.537015721746163
17.790872243067373,0.11200174337438007
25.21816005653052,4.096040044996727
23.313898925752834,8.523562401328839
19.771080491399413,5.484904661770061
18.11420503859263,8.457295277137863
22.922111878654473,7.910074193181092
26.73584406509762,4.952317017220259
19.883805514080247,8.248427499386137
25.533671076977885,8.208067269178784
20.559350897636506,11.18988771056678
18.574733375761387,4.3827267257679665
21.7270441002302,3.6881989705601983
22.571970128652392,6.311066156406342
16.847904777307022,7.022610239842581
16.962120418292038,6.853310699900559
20.1237123518916,1.5316409869240344
23.935424837317196,6.968160213195392
18.916478681389822,6.54887309234608
16.26472298055524,4.170756669347976
21.181814953436877,6.146644480362521
21.445965984458017,4.592925687256176
14.065698439316714,6.793264618767669
23.233527023074206,7.152991810186899
17.324308866328916,8.0994004767831
18.671767257999356,8.632614370270748
21.18350514422625,0.5170254360917887
22.37154963715129,7.288200574931096
24.99636673345497,9.892802418088454
20.32580843175202,8.142402282316311
24.65683824041422,7.700211950520934
22.267531534392635,9.999605439765816
17.286343902834762,5.912290960878678
21.686868383265114,7.430791907418494
16.62331254619207,3.6035706989722125
21.635600730538712,4.734073005778809
16.95426687213135,13.426311287504308
18.466123794226608,7.994696129470402
18.698462862616164,6.774877744359589
19.409584683825955,2.2883274184634574
22.93880300974514,5.367982639067369
23.01431228431911,6.382575911073398
20.326123887477436,3.632616420891939
25.863480233481546,10.323179071800052
23.47427526468213,11.85768216154595
19.207697032589195,3.567954314411236
25.635786836781087,7.9677837166257515
24.622872177901016,8.035864053181287
24.76499992727447,5.569598745035514
22.713458065853743,2.706464855430001
25.85629352030569,4.973424442248202
22.97805707630635,11.54965337794345
20.010768878501242,6.696289526712853
22.846225891472454,11.6622165369434
20.988316935008605,6.5229398892236645
23.07216054033467,7.9541923907340575
23.330126892197793,1.2281978077074998
19.985115554538257,2.8711279567474466
26.626909969774687,4.299244019368406
22.15355381174277,5.190284354547945
19.51350983759981,15.65256541158908
20.794381828301596,6.222114435650482
21.30613324426612,4.174046152644822
23.533652688390745,5.307709634111474
22.62179450756701,6.369575672262569
19.509233485404092,7.368656997092599
20.931509599789234,5.012662470722654
16.142047996484948,4.468676891832514
24.271325778284492,11.303056349025152
23.990127972994948,6.971305326794461
25.453070950793006,8.606994346651156
18.615740235550064,4.212817895325495
20.433727423973064,5.093839971417117
22.232998290266494,3.8696218154306954
19.773586638657225,7.287439291354296
21.681565418341805,9.636164255035489
23.229595526238906,4.644833477511466
20.3886715695934,4.312585367047479
24.531896710588303,6.384523328397213
24.69262603151325,8.314828860546303
20.47443732803643,5.50803504746255
21.07502861967035,7.103924869977734
22.743329433969254,6.43327753472106
22.682015446532656,9.669216602515483
21.922395049129193,7.5211366733337925
22.557077628857087,7.490357977331401
25.140623917013826,4.624157853026215
22.983029794179497,5.9607194821607985
18.312779780066176,9.31276275100644
22.2342799822017,13.00152550027777
23.883026953631376,11.449442494262412
19.78291805713582,9.601918679477723
23.328137856586878,11.383590596196814
24.907184062839537,6.3283274089188035
20.36435212272218,8.308552524328864
17.54350917618109,2.7428329823369895
24.43408459111981,5.644150929101684
22.268487915063794,7.398298316467556
21.237257457974398,5.612041590998457
22.624913014112245,4.333127177072495
22.250135539790875,4.771456873368949
25.09708544736255,5.831418724842146
26.9409621856062,7.5069962644924795
21.733303993367205,2.348715156315505
26.592703318189628,6.210444562804172
23.951061948084526,13.988990237894495
19.94358056347034,6.390209460188023
19.781170831506167,8.083970336467939
18.719581649338547,8.301581411479342
18.129700402988234,2.653806092340858
23.155959039930817,7.831365619389869
18.398499854180166,8.909830524760846
21.559131443687708,6.389431525229342
24.760179524343098,8.09367652550625
24.636324846659114,8.429102773511861
20.46446328971132,7.696547380988606
19.618119551181728,6.831139355796462
19.13150533785836,6.359416424311403
16.41949784621182,7.2604286707501435
21.667454198892642,7.461300026579303
23.669881775888786,2.3202890313813
19.282649126753693,6.338026115472015
18.92520022048773,5.245830393340671
26.151597630738486,7.227321485515296
23.648177810149186,7.046612851527692
20.182396803099937,1.4190964029121478
24.558086576652734,6.6598680696286365
24.47059994336283,2.680286498244885
25.80240979010541,4.468854399676596
27.992775678272587,8.545623501423078
18.533090003469294,5.8410321703625145
23.15322983902171,9.827939935514209
20.53779587495686,8.859917700156377
22.06855401771748,11.456605183425882
22.70410236508591,6.647165947457408
23.00439108277694,6.446267653700138
18.199417995637646,5.384155905755869
20.8305590773961,4.728010125249514
19.15492118370062,13.147975661821084
20.690624918250908,1.9612306578143919
20.13919235017182,9.921843734107071
21.47681318766152,7.968457480440904
26.235130230009588,7.35851069192273
17.78096708667021,7.665385470110158
26.608487755304438,3.7250191683244025
20.718352487053927,5.2596295412197245
19.25774193374507,5.154668214654245
18.758443365763718,10.38003247643086
25.946560449913243,9.914978012083626
22.969428054344796,8.808706711716358
21.62040520028304,5.527076086129525
21.86798659493586,5.991774207355943
22.2633465756145,5.861059930561796
21.818345399554723,4.681170088451184
22.746610981420137,6.874632681087539
24.425289214568863,4.643564492613401
19.644934162210543,9.9350331973766
15.970604264195133,9.023608329883771
20.562714324383137,4.094078649232317
20.625455221398276,5.2240874966466055
21.939447516348732,0.9148138896098397
18.220339352494943,8.264605117711481
19.376193236278763,8.575071257281895
18.57705357125858,5.281602970615479
19.631516667612072,8.641768527360794
23.433872125110657,7.131327609191032
20.7595081968109,3.287905681219314
21.963932749341904,8.060886676498571
23.63387831619761,5.784831578057658
24.18448593059259,4.84453747888383
22.020958940538993,5.558346994275326
20.725346837744297,11.782823559360292
18.442717119124637,4.157982905040031
23.82007281723675,9.912909335797206
21.070307261750372,9.738905269623764
18.28360727768092,3.121085435255624
21.93051345996553,8.515102874532557
20.325924366439928,2.5347101459420864
26.25902981051169,5.433726188577344
23.47067918475804,7.12064101071938
25.252976785716676,1.441276671290475
18.22029416173069,4.63946032818397
20.585979892975924,2.97358785301878
22.907635595869753,8.453740780537327
21.355931769705577,6.719253844918831
24.033097830165456,4.279629692088093
23.356890718905053,7.1133951639909005
18.867371085616153,1.7965541890718981
21.848600801368708,7.174693296162962
22.144270626152043,9.91877036413051
23.387540970365833,2.7520576078911914
21.130727765783742,3.0094426707901456
18.426319900083463,5.252405916174491
16.81537462047674,5.632070177419839
21.701556731460265,4.968620896683046
22.602708238019844,9.377441100340398
24.175115669218258,6.915415427105488
17.690010134159202,3.9046441665051668
18.52375921802523,7.753374272046669
17.698077006719384,6.62559907634819
26.811907948539396,10.267066794638037
19.481636386536564,3.7391412345158344
21.032120663213952,8.65216225092359
20.464928779718303,7.766945788891629
22.942560530096017,5.05729129237118
18.968116681582785,6.4549463503613245
18.413627924156376,7.719236448550618
17.97704799663361,11.021103409525072
22.52740662630045,5.399737241737937
24.080756106098345,4.85280663367635
23.368408091427465,5.762161601211041
21.752809145056432,8.683877310514646
23.978245105285026,11.107830039094004
31.0622922620627,11.221365879264802
22.240394825558187,7.53057350062662
21.19031755862221,6.943946431238994
20.664333062432718,5.078220299974344
25.868966739710448,4.9624971872161705
22.052458641388892,-0.44233580967801256
23.487462609859897,-1.8093969271894643
24.244489168606915,6.38078368977578
18.560844919058063,7.148680155778168
21.78899613434691,2.9626297531159382
23.622155544200496,5.694638685510954
21.236678729612127,11.79936999944574
18.812392987397434,14.435162113734577
20.111929959736802,7.02198062941086
17.69104858754944,5.627973303660651
21.63755041650758,6.096549561043841
21.461763527405388,5.008654202680613
24.469491890798853,-0.19692324797573857
16.4232461906322,7.200933376206136
19.797293484911915,8.734720824116895
20.590525525697213,9.90898682727251
19.75978876664722,5.4535849792064175
24.041551158583307,9.85437764776714
23.207334767778285,6.800628397885915
19.2068514203685,5.865357942049203
22.072751788168883,4.377481987933611
22.67866954720367,8.965251937871013
22.47819010376667,11.302247338448064
25.285930783979072,5.211762444607617
20.668742338144796,-0.19591470381879894
19.902808813564743,1.6737887080474474
21.23068873272182,12.570504340715484
22.223671401405486,10.415419258534406
23.255593456554628,6.824827823300347
22.010264992365773,8.821151912103161
20.19854113603979,8.166122477633643
20.60864034159893,4.457803220918345
23.3077881505265,7.250925432414633
21.382038915332547,5.643868593938369
25.122405011751095,4.515870394201251
19.972121482614902,8.680216117185699
21.462499830629262,7.526033705268986
19.516756055020196,4.994300756838019
18.833661600049737,7.3577579042243215
27.890147021477265,5.894604966765967
20.486228362539045,10.83662127019126
21.137788850475747,3.971671734966477
20.077395963272195,3.9250225712972497
21.183017604740186,5.172419398135609
21.768826981657018,0.31748053036208823
21.54190121245991,9.628856685683434
17.972022764832815,9.066329725537315
21.10741386072135,5.2140889098567555
21.09265966687561,3.981285099291233
27.075147002150004,7.601516601619923
25.236703444143032,8.260646962521752
24.124776375164153,2.031818476421271
26.898227678255616,1.3664510167088109
16.738266368999728,6.610401944715586
22.0344095256455,5.889840649943266
22.12001130317766,2.4015477808704073
23.52961107612392,9.126640640744963
20.441198167818648,-1.8467420095323615
24.335094483372224,6.190722823455488
20.032121640533166,10.269313182204092
19.40882627883134,4.893300291264952
20.621167846358514,15.042995483887431
21.393782497635083,9.555411515519983
21.560685276507748,6.922165108750413
24.41268507056511,4.163709268862127
18.973682966792353,11.611392225872645
19.821754151225527,4.683961953896565
16.399761298390043,5.847801485429779
17.967985871737838,6.25446540087425
69.12360112195881,159.83987740267196
75.78282702956685,154.57750546907312
76.80119840513537,158.70021181072258
77.63396632415466,164.37657369500343
75.40589696345022,162.79634918696388
74.38037509506749,154.32446813448064
77.00111632233546,161.6968635728594
76.5523039089308,165.16620669599203
79.45950843381615,158.16206528072345
75.93131195516973,162.38025157538516
67.64383566814841,159.16946203540877
73.4868172588759,161.0875882189334
76.6453712999265,168.2712898067723
73.04201119498592,161.8585513982609
69.05513633387902,156.58008434064587
76.0217236482893,157.932694993935
72.76394284580262,164.88164584251672
76.54086133194158,150.78391486753338
75.63263723801607,154.6772935195518
78.50307114189879,170.72494131799795
75.43295717374063,159.46984032632992
72.58803572197424,165.572683906295
72.63718951499365,163.23002449174496
79.06412158367068,154.94146634506245
76.26685345729649,165.36511789708058
79.61602112674498,163.21954976302442
77.59737954015411,158.1918595456195
68.7348108425924,156.0726310430941
76.96632742714002,164.52082045987288
67.78183930781648,161.60452573431266
77.0783247755948,158.43763493849875
73.38309916631627,159.50693775875766
74.5954526467419,160.7081707345579
77.27780169796725,160.07510336542384
75.52661515925018,166.04957692076755
74.1556934317748,162.80384939058007
76.51095352674999,164.3106759609663
79.97746858610444,163.62316412321496
67.16590211480778,159.6864589648813
72.86492628242921,168.48474901012077
66.58123289647622,158.03944761794682
70.43383088737798,161.13467543070664
72.8341188285296,156.38659308309508
82.13322763120289,159.50167477896227
77.88679527602086,164.90542846028598
73.52241139547272,157.8917951596551
72.23530847032522,161.4385996505153
73.81970430823476,152.64439933630135
75.44407183790067,161.6007559707863
72.07791836421286,160.76293323450636
79.7991714464677,162.67556905153577
73.71857603908816,158.94388852252413
70.67771392041082,160.34612335101937
71.9429730679995,153.99769378212042
67.9869580347743,157.7194152030885
74.97592207275183,161.8077769829207
69.41632838406214,163.36748495719047
69.2129655791975,160.5415854000087
73.91621523772135,163.60046887165151
77.69173186076945,162.30226842457543
75.72388362868044,153.57727261758225
67.97346585482464,156.20510434162335
68.83213353473059,161.0532175473197
72.70830429691762,157.3764340316667
71.27903906228853,154.9362261979127
71.71704144624886,157.20779666394887
77.11528516732595,157.36572237666675
74.55925131553512,161.12926684752296
72.55578075066319,163.29821582148904
67.98214188567401,160.23214361669622
78.08826711868213,161.47727759829718
74.64021074767568,164.15697720247215
72.88773826894575,166.90097160440098
69.93060537456273,170.73369727031425
70.83150594093685,156.34496485125155
71.79422546489056,162.53575004609846
69.09173974187416,157.8865526383494
74.5329033255858,159.31960121490567
77.58223640090146,155.05286577713574
76.63452253778073,161.9996250147727
83.65728446486966,157.81142090531216
76.27855234916288,162.3762714189
75.53683281697874,163.12787029303445
78.12346376520526,159.79458076183684
73.2194641475961,159.9786941492742
72.60444426038147,162.67447845442538
75.5082774793016,167.02707318794617
74.94792153673045,158.16049263465717
77.14207324604386,157.44265622436802
72.36499529810007,162.22968723046992
73.05207283901863,158.25267042749525
76.9755701441675,163.08642949195954
77.02195298109804,157.60986723228538
75.30982795163311,163.0150726606454
77.50813033930544,167.1517142646132
75.72457428447176,162.23961590013107
74.50094195460557,152.29586316588404
72.93360452474846,161.9259344159131
73.20320217276125,154.33344618727065
79.61486075492542,159.93438824146764
69.18243188742143,160.60478388876788
67.40421809392853,161.4471498087317
74.86790010578768,160.5648133031433
77.37784761833937,158.40596034667837
74.6102507690188,162.91919013145053
77.49596237090746,163.30634256683422
71.50836226864273,157.97779193565364
76.39991101182905,157.44723091809203
78.15829924202052,153.59100834439872
76.1430125719879,163.00478343831645
72.61691131004312,162.43723591162262
69.86458572293077,169.64979888039892
72.79348461373503,167.3891550208494
77.53395255975276,162.23019129185494
75.42809749326803,162.82480120060774
75.10826960027407,157.96593405869024
73.29791511631062,163.25363590446366
70.46758125663365,159.95119493508207
69.15080288309258,162.2854906400171
69.32302163607466,157.25571621615762
67.81620601433816,158.16782860746366
81.03575170898313,166.2956057043673
79.2521760211902,159.54704472367115
74.10190778964792,159.24181978197953
77.84999584428107,161.66112993907996
64.33430991314331,157.88688340180713
66.40606586077881,160.11099401203705
72.51580217642785,159.88750848352612
72.70410990827524,161.4489740082523
79.3565932769074,158.40861224265333
75.34832458694348,162.9087433639835
72.296371814011,162.05218300831677
72.21213425234991,164.207562307636
76.5777814677825,166.54772918638432
75.28575217013895,163.27854800492338
73.34433290410628,157.66760195702417
76.92698582214337,160.70444998220285
74.68566997461606,156.57048702480472
74.08216025034288,159.36182469094098
71.97285220179137,159.52692857626275
80.33103692787704,160.47350889793944
69.38906046273459,159.49652610810605
70.89145958331642,160.3525136486896
68.42226131940501,157.2801638981103
76.07590000885594,158.45842850908008
74.5185954163686,155.21363860188453
73.58068177227958,158.67307309582782
66.63131082949722,161.98793873999978
75.59803566885634,162.61045925252927
76.52168714152032,158.29804277137416
69.18983965246093,163.5011637883679
72.40728607950358,161.4827888332174
80.4114877959912,162.86789576789184
70.18166120424945,160.12296006896742
70.62794956713209,161.9600969377199
74.02551288946434,163.34467963519845
77.77538555023216,163.52461971992165
73.99477729262233,156.5631587753362
75.88779534764471,152.88796926655576
78.90090105815636,163.67170595180602
68.19154175408406,163.63356212978
73.10056970757194,164.32296608582345
71.12407202088934,157.7195997553837
71.19166935736138,160.92116302903347
70.04699807028125,160.16785810726407
77.34959942271396,156.090501369622
76.15449380588606,162.68181405953032
74.57808669688161,159.6265541359391
74.80673153483762,161.43309397246384
77.75247713456183,165.05479783195835
66.71335814432922,159.7470002851341
76.31302548904785,153.8956765941927
72.7928617166866,161.0875087971268
68.28274558379452,164.65869996610678
73.28626678320619,163.26651669991642
75.77242873792729,159.03735755407092
72.49087304860745,154.2927194590849
76.60358288869256,164.20973274029922
79.4110415189926,162.45244823559457
70.9721450830208,159.75645201267426
72.62416148198588,161.76096348244224
72.76330134732984,164.97661193876405
67.48387146933109,160.0531383049656
73.70333419316515,162.4870979149392
77.23718202222952,161.17423693150513
75.74560209287883,162.93773146178592
74.81752773280262,156.7027613872385
71.99809498140229,167.26468143094834
75.43579104008155,160.73510130831647
69.3610324547676,163.78135136440432
77.06296594417003,157.71145405444847
79.32599861654417,159.99359124822217
80.57384819261776,162.99208302626022
80.18808418123707,166.4562745875392
77.46498244444489,162.44501780248817
83.97054477612565,160.8013862310221
65.13951210503352,161.38371233962064
79.47540122613042,153.64837908644728
71.2983163617337,158.39356392259046
67.57983439136649,162.3165420600847
78.4279100891321,159.60337859099346
76.65977471532717,157.19450209533144
76.54490781104958,159.99842498635996
76.47871450063415,163.55594507974868
81.81737467544231,160.97067476129862
72.82433814439656,164.39862466063437
66.92453078383261,161.0332327105648
71.73894095001947,160.32626605794155
72.99069151762009,161.91125186106794
75.85154043004643,164.70166256715174
70.5081794769413,153.6814597453293
74.2311765783561,159.43814391007905
74.92790514655296,162.58031167985803
75.34104577511212,159.29984643778806
72.23733099737451,168.28815821897757
80.70462544513295,162.4386718265055
70.70172160236349,165.04397533017953
77.33970933734558,158.808933861688
69.74518557109141,162.4377706504729
78.8663918894915,163.12876923157822
69.21503930439727,155.70732848763515
71.17472429317158,158.14374564185266
73.83462928411033,166.62357235498914
74.28562790859662,163.6717010432724
72.99405869064739,158.0546044002619
75.50117089170283,161.61716347793293
73.05992419404892,164.3595318647051
73.75872084689973,164.2611230440582
83.39496019265626,168.15726552561912
69.2527811716796,161.39372347522226
76.17186452489754,161.2984394253751
73.71528903249076,157.81304169484508
77.22383360327575,153.49337392399676
78.67720524773218,160.83184240848422
73.18543261896188,165.40077797411107
72.90520490511467,155.89647522503708
73.32163254549096,158.6920733187093
70.74189220476892,161.3038868686666
79.68549232412151,162.0536968042699
75.65950099512101,166.66333756424305
68.06581086755965,162.37720155820335
72.55283681140564,159.1368668889095
70.19024321683132,160.4847572726728
70.74277699822152,162.35444628627513
76.53041534229286,166.4243055504126
76.58195410144398,163.84164901148264
78.81387623528279,158.08076988286305
68.89576316631995,154.41996725436465
66.64027230600145,156.46250954589246
75.07615065987869,157.7007036378186
73.24859194545813,167.06753156215734
70.8903097544555,165.66313555453058
75.53634685672229,156.3270601776192
77.53124240388247,161.87772223742
75.53543598794617,160.64666382571383
71.409166707881,157.64211720057588
77.00644131575824,148.7484627570021
77.23698815575119,159.65701650099277
72.44566988958526,166.7881028854723
70.45329676374018,161.65076807471996
71.86433252551836,161.05781607468555
73.2416859294353,155.33863439534994
75.50251468577461,161.5583028052435
68.9707069714425,159.43610038300068
73.52881763251445,158.260410417732
73.57003934506906,162.54150372575958
74.93307916877013,159.3682412375662
79.72799176377455,157.7635518235464
70.97861696279026,155.27842067185756
79.25399841212248,161.7650033208668
68.26554932799938,161.2885923449056
69.33989761407771,163.67305770074455
73.95195218217235,157.52026762564367
73.8800788508913,155.81469591925307
75.44274717244306,166.40375637416625
67.3398054135398,161.16869100400174
78.268112033748,163.11111996571717
75.90648314701563,157.3492226675426
76.13709986648092,165.5553588398219
74.21562762238656,166.05329082672412
69.8904142368839,157.93902881049095
73.8345752315864,162.0198291552891
74.98187972816008,157.67579633307164
78.34338982253487,162.252249046085
74.34186557135921,166.318731282361
78.61153117951856,164.35428681855637
80.8497634088802,162.39328630527828
70.78974988204337,168.55245882591
82.38107036584357,165.8989789174535
78.5017743842146,156.36213035702423
73.72175440946496,159.6849929478163
67.24915352165888,165.25961897366068
75.57097946885733,159.68019406355057
79.47793805402027,161.73461370205
75.1221787089676,161.36710011460494
73.88592670104022,163.82065699555767
73.49619854372746,163.79605485229212
78.41806889211847,161.48350476797043
80.08993436757544,155.11369130288224
80.06801123337658,156.5885545981117
74.02899757933022,152.67196037928795
77.2368615862895,162.78118908535083
73.74478524273478,162.81925041555394
71.30314331440759,168.93168928332992
71.91707528995225,152.15859283424834
74.99884068707735,160.35092143287758
77.18206205348423,164.38063602639625
65.04108992073054,163.29663983416998
69.16338775573972,159.24104736457159
79.95278183246953,162.58723713481282
75.7730349622841,161.40739072106592
67.51987218526148,155.2110432368329
78.86842683777877,154.9119172793627
74.61150488306986,157.21248555721624
71.46695657843985,156.67629359481842
70.97804092747782,162.40614865083464
73.44169655097564,159.7702749680011
80.32796584350939,169.35836136068863
74.69679537225014,158.83129728250523
73.17382775486669,157.20189843745743
76.55303905138058,159.55171615730538
74.31542932929308,156.9498908321721
69.73541228003535,163.99354027156713
73.97964569943328,159.5953342588342
76.56422290166597,159.6276400234581
74.63804714852628,159.00933170226637
72.30475315400766,159.82325180419946
77.22194994415808,154.98584473867598
71.82518258688972,162.72940004709253
76.18725892442326,161.8904109650844
74.52855308524717,160.43761806779594
77.30161722853734,161.74706944095672
75.1649212058916,162.74310828992967
76.14454929596627,172.59856831117798
72.68179845454074,166.28195707241272
75.65843455482096,161.3416440972972
73.07703965064411,163.26770652769562
73.33972030888135,162.69432673956268
76.53498248844453,161.05962914651968
69.25536720316217,161.78137916530065
72.68341394644814,151.59842677949467
73.01823109391223,162.8442686091904
73.63586563477651,163.54598098163535
73.21408182569316,158.2990221880483
75.74886937404199,159.75682048057197
73.35317633586081,163.6091407673795
77.86106329059379,157.37936599888312
77.35760160069465,153.60684277156955
76.11281648453705,161.32022505026055
74.48833557895158,157.9150913629061
76.86533271648723,159.10170250334573
76.72482501013438,155.68900132610477
70.17962770864806,157.93891925100996
76.1297773659059,159.9446009927872
81.23527061144499,161.39830982338287
74.01673346646028,163.6886842120929
74.70273383540746,159.97080921308233
77.13312913088804,162.39020102007166
72.4116845341316,166.27699610968665
69.30602975909913,162.49855788708948
73.88683483841373,159.72164510314363
71.83380509095939,166.26643350628873
74.84427634626844,162.21637201950335
78.64404527646045,163.61038686501254
75.29132667710412,160.1303329088857
71.57334267792984,157.09760188027002
73.6169544626942,161.50878191773538
76.15709733670197,156.07020354820762
76.34675525406902,156.2941948105406
81.82453262565396,159.57488450077787
73.73071374457564,162.10356698314334
75.25723510061648,160.83081246263845
77.57571780311586,162.08430859072257
70.13318661950458,162.54980669721502
75.1173071826255,163.94320483698363
74.66683377208133,166.3054086348621
73.71205450711811,166.65513287327315
74.08680473351878,156.8585238787604
76.55957892936344,164.18492652751598
77.08579432626615,161.74294124006033
79.80414820117537,158.11085659823576
80.52969678673243,168.977345782085
76.40104597856704,165.8518092733759
74.05421655887912,158.1380916127767
70.41611947454571,163.69444752069006
80.22801299650993,162.56904542779338
71.92121346093964,159.80083882162245
76.00641661975963,162.27025039094224
72.50491122071563,160.24509562470445
72.20521118899372,163.15656434633183
74.00778881882725,167.5002854843815
78.22626593470315,159.6222604168827
74.6706903661384,159.40835641003198
73.45288814217155,158.39474633569935
78.09608253267054,161.88776215280566
79.75857829973846,166.13382453250887
77.18020957093408,168.52003641366142
77.10356620885736,160.59775484696
71.6749367118125,159.4408148385259
68.75737254612469,160.82150622913832
77.46219470853192,164.42158645953907
76.22144479956414,155.74895262238707
68.7421818154665,155.04784678814352
78.0555188130284,158.3916016483591
71.96291210370573,161.98223312642372
75.15159252792739,162.53490816873085
72.85171875265324,165.28871480442484
75.05094746418125,166.2064130308086
69.81025167462464,154.9875948663637
74.54671992593913,154.88852621914478
77.07073592049755,157.08456875154513
76.71179668088627,162.4346813813667
70.64490613037418,155.00931770738774
74.24132132404058,164.0321624261974
72.95408551858354,159.35771845198678
71.87366577434256,163.0451927654494
67.84530182801736,157.32471195843596
80.67511477359665,153.77145543714738
76.083650706936,161.31302468464685
72.81633217554935,163.4373021381939
73.57416066312352,162.73519468174706
76.74386530143532,165.24255639420346
75.38906494949062,163.97093223743767
79.62541843357462,163.56432134337288
76.19536703621328,168.386715206754
70.80452282132651,161.03671751940175
76.08658583575354,154.17806823680547
75.27429628905595,166.2815725125683
68.66664475921311,165.34713213987575
76.1036401185945,158.32968522165996
73.90109851673893,160.5817446532798
71.87818713735685,161.3630287857549
81.11827999936244,158.14082990815135
74.59882445635783,162.2451802418466
75.68970646084352,160.46444574101542
78.4427044611009,163.18635363666587
71.54415380806968,163.0181222829281
69.83015952278261,161.7865771328522
79.7590379033876,158.22951903726036
71.14495402953789,159.13704779045423
76.0837146915824,159.5236293587722
81.2571513135585,159.1509257767286
74.4242702017412,159.04515251308567
77.51522552125448,166.22220264088708
69.89390802330372,163.04534693721843
73.35533695477251,159.64990920323478
75.80771577193701,167.50463744052155
72.94186727578817,163.4344443173086
78.9212627645087,166.60632924890317
75.07478037276721,164.65879914991197
77.36333893021025,152.4022353146606
72.142090004208,165.85604800276616
70.69873925754192,163.70394770129843
74.21553464706587,160.01527366795918
72.52927809211951,165.9072400991926
79.20262960207688,167.30936486701606
76.47311395818816,158.33654154676054
80.41606290646621,164.81531843461494
73.78253641187392,160.61324956449866
75.65839285534247,160.21483914125926
72.75701283253223,161.13238045853018
74.12990538596506,153.8455995309262
70.50093503060754,164.83242771203314
82.40565524375853,160.7703193301612
67.90810893909554,159.6974985959704
72.06975592276942,161.64860652567623
76.83348700774071,164.23340071424195
65.81802335616669,156.9527626112006
68.58869237754512,165.74494569631503
78.12582547929527,153.4805406514628
73.61175133814429,159.03194451993383
76.03282496055287,164.67666602246018
74.47463852309816,160.23006779247544
78.39449761178757,160.251552446726
71.07570162998239,156.58483440026333
70.02101279370314,161.46306494250388
72.2625180835971,164.3297033661165
68.90654821528832,164.31941522835993
71.00111453397604,159.354427536471
75.99730536224529,161.02345313239536
71.3678919684554,162.35857548638845
75.81639058887524,152.1371910801119
74.19535498176815,165.70277153195417
73.2349157046164,160.47524856164824
74.3062671286499,158.70609931841224
75.90654944137414,163.44610610946677
73.13029372015089,161.12403505649633
75.77096607266631,158.28079555591054
78.55787392621372,160.86498425463844
80.43460024885296,153.4575840124135
74.32055285258,161.9813841340445
75.46295916097209,158.1513297054979
70.57831594036927,162.84597900107852
73.55676545049322,158.46560307559326
73.96760697746286,168.23796578857605
73.20690228038784,167.52651065995678
70.39560937484754,157.2330355901975
73.01420628973445,158.82557748431134
69.68136951791737,158.35188866771756
75.95514802961723,160.15581232245646
76.27508495233101,161.3615568591967
67.6753034160653,161.51393618943092
68.36019087458247,155.6063956625316
72.19514442333163,161.50142109909845
72.03441636134896,163.7156814941929
68.40437382084066,159.71383289655054
73.69515171267811,160.02450133043556
71.7530068773493,160.37752050173012
74.41774537006901,157.84605033492502
72.57971499035924,162.5861909747972
70.1840069110283,161.16360433208843
75.31337249977852,161.96742128355135
74.10399313203246,161.81671155970315
78.05693781163444,159.80025553341022
70.53307256784996,158.61225216449395
71.83524806345359,159.57873873391858
75.11391990736351,159.66732804685216
72.001103230257,164.90878076632785
73.62430773288536,155.31314007596154
74.39311370397441,158.4650576859713
72.48524032765802,163.76984652387677
77.62021583879962,155.99209020341561
76.04501092571866,163.53432555294293
69.89026685030906,159.73501598569405
73.59224256725265,160.6944619409332
70.38978319534317,163.45496614727284
72.70643951795176,166.81200515857907
73.55458114996046,162.25973939683905
70.96327782854789,157.1574501344133
71.34892577076425,162.82856661719154
72.02776996098682,168.84281751628404
68.31043372474483,158.8755805421888
75.48052537115282,167.22291705843705
78.9640708598741,160.15612088161592
73.3959719941513,163.02018604033347
78.75129894084401,162.7015464028289
75.55402312789053,163.15710158837885
74.99954579427003,159.81638767828076
70.9332301147466,166.70958793495794
74.23487944356691,159.70735117358123
74.52162369602252,162.1599385650766
73.43489763477281,160.76141763345996
78.81693467796694,157.98560536631817
74.02328692449004,153.79976741298788
71.97310340189756,164.6952724820448
72.63128814921409,156.47023990959815
76.3751625554093,158.61999898662637
77.24104785708866,160.61706487652302
70.89308346677227,159.3434654581346
73.71193964026348,161.06672117536888
80.76482766888473,153.57933477309393
70.51360241329412,163.44314511746836
75.13702284913427,157.97144554273893
73.8636477735283,165.52287303369943
78.58890382140177,158.11290160867088
69.83327040035813,164.40580850553607
77.00301321049966,163.32373879906385
68.10148266606437,160.4118849849044
67.72871028088737,162.9561839544193
80.57519477324897,154.4497960588302
76.02174220665826,165.07515332695556
79.0470395176738,158.7271282318329
78.2450426079459,164.50581885244083
71.51475107690504,157.72224278552565
69.06737055740014,165.8916950697699
70.15150400958444,153.6810458368138
74.7633708855525,162.760926859599
72.046273497878,164.82308726407967
77.89281222513624,158.53407854664542
70.44344392932643,161.46323871308218
74.80680361609416,163.3893581938626
72.93823247080479,164.15823860260772
68.90893956828656,160.76586359001539
77.2179219706887,159.16309342033887
71.91519859234202,162.18541020180862
73.03349871784322,160.78616130321063
75.47752142375661,161.45127747631707
72.9547882015221,158.46031888831243
76.48652009112139,159.63679975544972
72.28033379578515,165.35547278651677
73.02747048497605,152.28993907757152
75.2232006227785,162.47241223251564
77.24135832599895,161.34044604879753
74.94862220231626,165.70842645007264
74.74433609354547,156.2957597053921
72.28156569698096,160.9451881616068
71.65701384355486,155.70705188399887
77.61240900675897,155.36310332812502
71.92096344973952,158.10206263734548
73.39518196659213,163.72111626082207
76.17240418804616,164.11018509446833
78.25458680874405,159.2276392054933
67.74287097125975,161.19845786268377
77.34103780265718,158.5742828058541
70.77840358356752,161.4025174745299
68.58635155811308,159.75838397775752
70.63797593977289,160.17089617045283
72.77276589171124,156.75286086079882
76.33328912400245,159.38463330653516
74.47666423080118,164.3781090259279
75.15839666207057,166.97440314869192
70.24250500479653,158.8052535013947
74.46029673643051,157.99510245367733
73.77241858588587,157.7469426169514
77.47058945858605,163.79723316340275
78.70315612715267,159.83970668939793
81.00323630968188,159.3135404302444
76.33205389639106,158.33191893955697
77.20316556429182,164.54508030721078
66.19049125173352,160.9275102925745
69.38164394312078,160.31836153743353
76.01435599601899,159.45742627495204
77.12029802801494,155.81607276283546
73.14364704337284,163.31687904672356
74.62449706258296,169.17048990213553
68.6299666070508,161.44573699961708
74.2339881373924,159.88912355432043
73.89821731796434,158.69367635636175
76.28796276382141,158.74269233162696
75.46571569972969,160.14775252063862
75.70637075336734,161.80634057643005
78.52109375784026,163.10370167927468
72.9366152498804,161.85941583779402
79.08279800303447,162.51062995986857
68.22524344882697,158.21755064602678
67.83706134835316,151.82528392255122
77.85485856250494,163.6368744053769
74.6770014653934,163.08981974290887
69.30825453160881,168.63289096957777
77.80792318446869,161.8917863626031
72.00937351678745,164.1213047187937
76.85588847142955,159.81263032839047
79.72337408036046,162.2975517560663
71.38886668033447,160.53122003888183
74.80952306283712,161.23255771581964
74.48568130949116,160.1737056887281
74.17047411395409,153.88120715488142
71.10794790228182,158.3775784235479
70.63742380674235,161.62497745592532
70.57539022681992,159.0462075865833
75.18876497035572,157.5724463389872
66.07441756155657,164.37229268655435
70.34749525783502,167.54969551002077
74.56262435472061,155.24988480643984
73.68082511800434,161.8551407363798
68.05802596095243,163.2658999289834
79.31686728607937,159.77096108550174
73.13489376171142,171.56534915241525
74.54397100008703,156.86795809824764
73.66752365853299,163.05389947693703
71.14961602716888,153.92229163228902
80.15327919313894,162.35032209269966
80.26076760562034,159.77916153633822
74.22540658769172,162.7024514293382
77.6969956230755,157.65460159371955
72.27828761661168,163.98183631962348
69.50259839188585,155.00327368788945
74.96907932147708,159.26561633984343
68.90248018799423,157.79777919203408
72.62791958820955,162.96179111524927
73.03599596748998,153.1710165668713
78.84773837506965,160.32729090868148
80.43182824329898,156.59373415563613
75.03165929148689,165.11730919000604
67.79135350165426,155.2371179602111
68.475843466306,154.73461682022958
72.71939028197194,160.83525531335113
68.91089439241652,162.4785798356873
74.01210643704763,161.31136991556073
73.87594590254561,165.01319218721727
79.97090157661609,159.62862685208174
76.96315940440309,161.46495457208079
70.02042537234448,161.34571674698088
75.10655255739759,162.98292516689142
72.27088681829785,162.0265945645519
72.90822121016531,154.06058757850138
74.59039489330414,163.10239158160908
67.37058173572694,157.7718484917684
71.26207472256455,152.06032980016425
73.56697760959023,165.25596449468634
72.76364818961866,161.61812155041673
82.48019918616137,166.20340078230225
69.50384235099973,163.46522738807698
74.03691429957483,161.09282797905163
69.42484924994781,164.85529036207805
78.8116290423289,157.92364956942063
71.24948976426849,154.22866022227387
79.68125063431317,162.0481982645252
70.15784830673101,164.97099715779305
75.82767006271905,162.2575386972738
79.49129437309013,165.11867599658768
68.37356353263948,162.8034874987594
72.56761138829502,160.54786179475633
72.067227917845,158.08795321730486
75.67950589625268,157.08571997445503
73.63562822637819,159.36103003671138
75.68751829695152,160.58296363255127
74.28795611959988,164.46137433312597
75.35564548826676,155.77147280377133
73.41948634565036,163.56208701417594
83.41301007456215,155.15041530047634
70.24291311856882,159.44070659061538
70.8787682255419,159.97874524528095
70.88052651712485,157.91683569390395
72.06157109567062,169.8118044338076
76.47653896483995,159.96477817136324
68.58775684328965,159.11615997468095
72.25153839646664,154.9734765607991
68.42494139205427,157.41184222558218
73.53527784000173,160.639021295049
73.25172475934704,164.51185010910746
78.93020095456107,161.85903222061418
73.60172378030872,156.44880917149592
80.21305199665836,162.2642504848592
68.29268733730507,162.38157854155537
74.07005447924463,155.0660593705236
70.05543492486272,160.1204705621906
76.17703839691849,154.74207369663824
73.95629954539004,160.36558157142932
71.83679128935627,152.9102835201694
77.53083650373507,161.02191266311326
67.49497617280086,158.77218893409673
74.0945771978018,163.64626509620666
76.06740999456092,160.82879808841946
78.22532980875658,160.84470885993312
73.7554097173204,162.67181823419924
77.34578772361381,158.14957491764585
67.1552882311893,159.47952881419005
71.68715043427778,161.2394031839598
74.01421539133855,163.2930789121127
76.6190104165528,155.03102543548061
77.56915269768125,163.6486044193638
73.19848944091937,158.2136110346511
69.64774464685712,161.98476450158233
65.3703403790363,161.5272789853755
80.17143494876163,162.8689492107973
65.96223390904795,166.31198203162702
76.8871790332982,158.0322200730742
74.29809324704374,161.66646041789332
70.36027238754748,160.22263637551723
86.26138636922099,157.88136971802103
82.26316775683179,166.98870077239468
75.33437506654585,163.1236110132869
76.03128124930976,160.02680365261926
68.7501969866071,159.03395250923182
74.86906290177043,168.63413480933076
72.31305313867168,152.98254693156275
75.68383656166613,163.65433997445848
70.31805284016649,167.21395521603787
72.58029929843603,164.32081648445646
71.82623250162592,155.29164640537138
76.7036447954572,157.73371409658102
72.0373780090113,156.83174648285166
75.35726512943404,159.78672352235236
74.80592086532933,156.50480854558126
77.57974627134335,161.4356333741955
77.43245153053198,158.24048028487837
70.87131216364966,150.30759334753583
69.59672168642403,158.1565498621702
78.35469696273438,157.2697148259521
71.01576011081119,165.07791155775126
67.7410106351604,163.4937451633571
71.6110342567441,163.75589138276334
76.7918637177765,163.86271668292886
71.69335814842145,157.86201334272909
70.914946557621,162.20218678556517
73.88455293310726,158.14400368074308
72.6752404496497,162.44449149915468
70.88183515054781,161.82694137097906
79.33064031603726,161.34205448420076
77.70113999488814,158.52192285660223
77.11452472292484,165.07574677922707
76.01013756893283,157.10343852309038
76.20608717606093,161.8804586112351
67.8756664942709,159.980518239004
77.62502795117832,164.75978354285
72.63953034348411,169.5442081992397
67.43020458879224,158.62825092620525
74.26181541391051,160.1387723776096
73.80923395059952,166.43675775915318
78.55650249709869,161.6991785578117
70.7998202245783,161.2655239202399
68.27547661111386,160.19114145032495
68.62217170707312,163.8638148250444
75.62510536258574,170.61473307241593
74.1185522743928,166.01038057214188
76.66215998241101,161.0307847223236
74.2585035111974,162.87336026105064
72.87919258468814,162.890800673322
78.90054535065936,152.15092563669674
76.96416613079487,160.17419398581075
75.9923384114926,160.45523199625254
73.76282596882038,156.55577059629414
77.82944693837176,161.36079326020615
78.87231228566377,158.19733129551526
73.09884867030311,161.4855541627166
74.27576844062476,163.34302561755095
68.31951336907795,161.62470437013252
75.29985066934849,157.9487281125353
76.91318115278526,168.18037410636197
72.6413023205885,164.11443670170547
76.24687232551321,157.5229293781542
79.7645455594916,164.59107851495511
77.40251952229053,157.15656337965072
75.07687857794903,163.9704960605381
80.10347145305106,164.0001516840802
69.24390585135738,161.04849655504844
73.60824131290973,158.41923513382397
77.75003982934636,161.85698043030794
72.26267552428808,157.59600857479256
76.66887140673762,160.53054751338954
69.34127397803783,167.42298127785725
78.55470217547027,154.95539828009257
72.14728926838143,157.02592915571984
74.35553633985775,155.00094538151123
76.1357945859097,162.35678165956298
78.32792503844247,156.36462947585386
71.47903016292717,163.34801497055665
82.68921947727196,165.24009610877096
77.75273248203744,159.57139530698697
80.97390037876013,144.59453598475264
80.42977736598029,159.97997189283396
89.56095468040913,156.28338469933502
81.32744048766557,151.67306345826574
89.1551459663481,164.98152689366225
88.12598196272084,158.08336361544173
86.35425422962474,154.93943096443948
75.8690584135943,154.96129148470354
90.20409902560357,167.16564579099443
95.63054267290012,156.9264537752561
88.7193997991292,168.8634652033757
88.87145221677862,152.72629875850268
81.41436053252589,166.99702374088992
75.15934834455243,168.05688305823566
88.40109504020685,165.72486181476077
82.97925625285781,157.29741728981585
90.07432407688424,165.81079426768736
83.98509447526033,165.37771534690316
77.43395675856334,158.27556137054995
71.4584854094772,154.199684195034
81.3211593241036,160.45836665582726
81.72225120501757,151.9724691818425
78.83898782583643,159.452264230308
77.59419466755084,158.26521315228985
83.63078644072084,155.0904527667492
77.77448445935605,156.64883096004104
89.1927408137601,162.18416499541814
76.3370975677553,165.49463518730354
97.84364952532135,156.25127855952587
76.26208771942248,159.6608124892238
79.74699769431093,177.42686592153456
73.55967941861785,165.73960874529263
77.89509652986979,160.1553535550161
83.90049287342508,159.12316954839204
82.67278392242683,164.18156547954334
84.10259897831429,165.7112573537348
76.04094670792196,159.22023919849207
87.20709605077997,160.64657765794456
78.96817597411199,157.5515997513651
79.76484657634501,160.4273042446389
85.6124341569877,167.48387952794837
87.51889183584942,164.76236343330623
88.73596328847702,157.88885720953274
80.33556611097848,159.63862621465603
79.21225663988633,168.8520544753925
87.67150286467219,158.21076195392064
83.01816850524482,155.67090532750757
86.25641684800313,152.5274012812237
90.8318140946113,170.37526157404488
90.99476647123011,157.76427656398644
84.66703048283323,154.7551233814209
79.51631550943974,167.9788146820361
84.10239042153678,149.00842502620347
80.82629400459321,169.43955895904165
86.61938610607513,153.9777264383341
75.88703298195836,158.42150544662374
75.49854657877373,156.9111553912499
92.51065397797298,162.08579526847464
78.6658785701186,157.2151624063387
82.13993310328401,159.28894582821042
83.75022649250512,151.11768464430267
80.29153309190677,161.47154921586275
85.91222518194158,171.4338656678457
92.95004105473603,150.0142625501981
89.49379871995524,161.16641254571533
81.99940706070858,163.6210413138467
79.36253548591938,164.8612869183859
77.9669352897395,161.66194784650202
89.52604525099034,157.1481641451378
86.48372282829553,164.86538349308037
81.6662059589721,151.57205818327864
83.00817147783509,153.1185789353315
93.81946749902353,154.66678780431883
76.88052082767628,160.90477250375537
83.0984267187354,150.55394473602712
75.91121028119669,164.49460803807082
82.10465389839746,156.72847719759483
85.82628171259591,172.07399767130087
87.50330811241096,166.95134768848607
89.32525431022451,146.04933095175187
78.58877639724328,162.54280475188463
79.2514361181686,164.6649909408677
88.731964014783,160.49458529026106
86.14586567821581,157.98335111390907
70.1089205183795,157.66510760681177
86.62451432811564,169.86639661157685
78.01665729566264,163.2017419193316
81.63723810757826,146.1093332520391
84.3074694713128,162.6712935737663
83.88203414434442,157.60408202436662
79.06809944120167,156.69009044900753
77.28514621043188,160.4981123878202
85.36932962808267,159.7040383107145
85.75135072243427,167.7409352049369
79.31548628534759,161.8356813744081
85.65958588814006,160.4943255075511
83.95815827293868,166.49767013678735
82.66627533717933,161.80279683996505
81.41231451713969,147.52318400636887
77.76812414852098,160.37841843426122
87.38758084894003,157.6790837720933
79.14289666956905,154.89778028233002
84.57091039483745,159.2126117703887
82.97325638377846,166.46236070261378
74.47238134083389,161.71676033256088
84.42080515248146,165.25078888378982
83.27337701725438,162.4871569219258
74.96034419673072,165.5709521117316
79.74590491153799,154.59602353791811
75.20995024117767,174.40424270365048
86.5706333101684,159.12422101862066
83.04043837046599,146.87495756062162
82.54952964981311,164.8073128382573
89.94175011635969,155.74555595002028
93.40566959566138,154.06475329413715
89.22112414927055,156.80826019246638
89.13068881095714,160.59360430910135
84.8384004190688,157.54121889088813
79.4567029872328,166.89861423037547
83.92104196905485,155.69981635178587
79.28023067395152,158.93381155285417
84.99395379337744,163.78997069803958
76.4864372062573,154.14460442711612
78.06430281702958,169.28443182876762
75.88569083591427,162.63357604851396
85.14643770607084,154.68201851473412
89.11448963426172,150.95257526308768
89.30631385358643,145.0806987711261
72.52281787544948,162.33007373903462
92.63760568977041,152.67800361441186
75.75712055481613,151.50133082554578
81.16967818961075,159.59210759800246
85.42101120403669,147.33015792867207
87.34176536090236,154.49094451727686
87.22451390698633,159.10074404831514
86.30558210259399,155.46303893724797
87.48039017769709,163.064396636676
81.15520476277887,158.92525207987
72.89531303745048,160.57023708427386
89.4825421697681,157.0801935903472
77.39793962985419,152.7605838390309
75.99674729644816,155.30179026212176
74.88920061702761,157.4977033889235
78.25487335536589,159.9676233855917
76.07619866426027,163.89756648743156
90.65642305774291,167.9153070339863
81.0096534794632,159.16196708783954
93.16016647878561,158.69582647488352
81.00914662612439,163.14806360206921
81.75815447593733,166.96342838355196
91.07255525936476,159.45880289941192
85.69138140310841,150.93366355328564
81.37858500465181,158.72846421643595
77.06398327948747,165.11121459766096
83.86225178448278,145.66215162244734
79.11357474538501,166.5057054509048
75.12518914820734,158.9871374658263
84.72185081566168,162.4879552396953
74.08539809571803,167.24107490866717
74.90725865861748,159.85488533141086
83.67419442354543,156.36061547766045
101.85129461974756,164.39801915080986
85.23939395684701,159.84026193314915
89.86063414674476,164.03390457907634
82.40839958586652,165.93530598827974
77.12398350156604,159.2126360903303
79.59087190391807,156.36608005728016
84.16800575284287,156.80539312097807
77.36872788675836,163.00881454158463
88.31779423134485,158.30783100578523
80.35929698547733,155.1024497492459
76.19257895055274,158.3776634942453
84.67790223115486,163.15912907798136
89.04768461070944,166.3235785767347
74.87563567587088,168.65669843251993
89.59952695337935,155.78395279761943
92.22656576222808,148.3028943884187
81.08319705700984,157.85789827974483
88.29740926744527,161.44813956230195
88.32603916433817,169.0420656209506
81.20763015654944,159.10622139537637
86.72577032780146,161.1252901129501
86.90838418716186,159.1469592775249
72.10708106169758,160.13738108431704
76.58908734312377,155.8712111750238
93.10862354373471,158.6953254268664
88.1336286084249,159.20781169628597
87.75084511989067,157.2441086095264
78.02787883821543,154.73198831040685
76.55140295386796,162.00241114458862
85.04775439335731,167.7048364159172
84.62062410459404,166.78390057890684
69.15546564936405,150.4046206383663
80.27758189700131,156.12456493025707
79.30352346220799,171.23369950464024
87.2712561889772,161.0543150994165
79.73875877053604,157.31432357316484
75.5762072688692,160.83956965261183
73.84630894169806,159.33234740003337
91.36776101109285,163.9237960408976
89.06256574450322,164.11782108140048
75.80406246103328,153.14684125022734
87.07597705363472,158.02929198540932
89.08625724486713,163.61398520629837
76.68784835218338,179.0021500565054
85.22654455680453,158.16665600657882
90.56007036979294,163.429523373966
80.91437583166412,155.8034625427483
83.91766961492122,161.56776584328495
82.11455421281724,160.29077287418318
92.95930623366151,153.21378117786773
88.09010317928673,153.26875068260426
79.55556135357733,157.2354337074715
86.30363676946511,163.335395024453
88.15687631086753,175.16594129087622
83.16361493064234,171.73000991441498
82.58271183155183,154.20655352754937
80.44117105385673,154.9863849495352
83.76650015472536,154.66142222308602
82.36164162189777,166.08886056099328
85.8844311304399,151.7509442708869
84.69834129777811,161.59090874337508
87.7419714991259,169.4430673108719
89.99383260317781,163.12086080878072
82.75126143907194,164.69522919879165
84.379620512477,153.88898139035456
87.96483778281927,161.3826847531711
80.20210545486978,151.341119037961
89.34901956537213,153.46051658917776
83.86461621618805,158.0096908468828
86.05867094373497,150.16807566189692
81.74524893196191,166.655436297963
95.22402883204363,157.2839292634398
82.41388740032247,165.94278307395777
81.31746025378403,156.53586523312705
77.82727972032373,146.96660836176054
79.50981560987854,159.0720979674992
92.19228285445391,161.72922285683086
82.37723508003566,157.64244182883067
80.40791973324488,163.49027995313907
82.15707572669947,161.194351821477
86.72241511243143,157.92953407459575
86.94954720633874,154.43500837309716
86.47091451118938,158.75993867404574
88.27943785220738,161.0661991391578
88.44571854301428,157.34961837028513
86.46732445271483,169.63964041830758
90.33578615973019,169.48611680370647
88.93935905426044,163.7902698582975
81.63977114611201,150.12344987518793
89.75969522286942,162.13585568526517
79.4860599238189,155.39267537556026
87.39800324636899,170.38975905668013
80.38918277921705,152.20866445731485
87.70348921155706,159.4710071682016
100.9382249866368,155.73197705013172
83.26336531904539,150.35295525012882
92.81840932106684,157.3256650751942
76.85286529392162,152.94672596577658
70.95333920885922,157.9521745349143
71.96101760521147,156.19882339768424
83.97037356825517,167.6866781799435
80.28355387303982,150.54714798367786
84.09739420255933,155.7507015611719
75.4488608546963,156.49648287838147
87.27743647649685,156.97083994033545
82.92268150068246,159.05451048433167
78.40264792294107,153.00784477748545
89.91500015447467,158.379990649079
88.77281020230258,168.38998910737448
83.93734315063782,155.7875693418002
83.32106390651552,160.06480213902145
83.31243697511948,164.61707794249736
93.45853123377803,160.58158993991248
78.13410735001408,160.91898918812691
83.83006018140574,152.5991660416884
86.93732484480367,163.92106554715212
84.72045176240952,158.7539103554532
75.19401628499439,167.92106394880636
90.79241565175285,159.4562597894176
87.66456723231397,159.7628369377884
85.03443755504793,153.06661905450997
76.04605238368902,167.0222852667728
86.25321961530952,160.1675781910952
83.81715073090804,161.81547508820486
84.18485888222106,156.6611979463585
82.48580203954569,161.3894557877071
81.5938035434015,156.5145896854255
78.9127728556627,165.23094289882073
88.36287773035106,162.50020735184083
90.53593590701897,158.97133583355287
83.14160166486725,157.40486481436614
88.35021033973955,157.26280593484316
81.15310099374027,163.20395380976228
82.6170845365489,162.11372367782232
89.21120293060248,166.03241583744688
83.52007134238389,157.80471975508254
98.80713823045072,159.25698808523848
94.08654392642201,147.98405500519976
87.38438469133402,153.13953751492076
84.77759316970597,169.83828515380736
82.72368947178438,159.2353253559932
83.54110158812871,158.9726712911839
90.83539405522666,160.46307608829076
82.72279526667734,156.55720236835046
78.88119219023972,158.23852505084375
91.88302671409737,159.44198342818925
86.58937270783562,156.47044053729144
96.17537404277117,157.83926511827852
82.7968180391881,158.25319564194902
94.33442498955812,147.3779396838412
86.01977299165499,159.18828418970827
81.27254457012721,158.1992166987107
80.1962022215987,158.5744999936258
76.92529466556988,157.90777776365672
81.68656437844632,165.21711061863735
78.85295744254918,164.07460202142255
81.9797456018351,156.9859951864685
81.87442851844365,159.39121643870615
79.20440188145913,152.80084569281
89.20372324043927,151.44928706811237
80.7874821689718,161.25061757662579
89.25560087162242,149.27693385425147
85.6198840801669,156.43381923355574
78.44905899407127,149.26267173763225
82.97738094640806,158.39726067991154
81.82935013942522,160.885648592205
81.28358634442021,165.1697779065911
87.39453664082923,164.80281593624517
79.26205926735216,157.94351195990987
75.92101467785459,163.4369466096716
81.05915897455695,161.1653704379856
72.09231608392001,159.0272809703937
83.0941963298443,160.67297919903956
75.89546432346842,159.22525463633949
106.29342677315144,161.61373951608851
81.1998312261354,165.54865710851703
79.91072583569067,161.16890866414113
81.21205055000353,164.44029656842807
84.86919334498666,157.80691303772673
80.31334990201621,156.35036512162142
87.86147948083921,163.93144623772758
78.8485754874552,155.09584374257386
87.35145897651759,151.3190961882628
80.1866276593253,157.83462122117945
88.33204257962296,173.37858088906052
77.38019179338181,161.15520976781826
70.28689340241148,168.96385677941
87.78999615482986,154.93656350348218
82.3622655656634,158.0986022112559
85.36955833638244,160.0327785717868
82.09126033651486,154.69489271486665
78.57819498782519,162.1446626938127
89.98065947545322,165.31361936596156
84.71023115877635,154.18607243641054
80.93032815953572,156.50910885402791
83.3973323773467,163.019905219672
84.77267204599256,172.88228922148264
85.32174789944176,165.05876663269396
80.53555152418808,164.53925589643276
79.25506591534788,152.69109653531189
83.87163912329767,154.1724392341459
87.17910643893511,148.07095277738068
88.189345099684,164.68917871795824
81.06954852712808,161.16535110444426
94.87916734874102,156.64874879416922
85.84921610419978,150.82119412795552
90.70657798348236,155.69425625121923
87.20354844826092,154.0393208674119
93.76364655072776,150.5078443395029
79.80331996120523,154.0523451986844
85.48135994293342,158.455365837066
84.45750821019844,161.95175818534085
84.8655512196666,169.18986323262175
95.44357510321713,162.18953247064616
67.858715792946,168.46781183186263
75.89739880801793,155.4889694147632
73.50748390029537,167.0153029778491
77.59872801618442,153.76962224166985
87.8731009706297,153.9902822462482
78.67230552788091,157.00960313353156
97.17270203405562,158.2047206573322
90.1678171926269,170.12872030782378
76.3721805071193,155.12788220114572
86.66444353493867,166.20518845156533
78.3827026760839,167.48376550784076
84.69108081613807,155.35614835656523
77.3364367261896,160.1934518751561
74.41363128765741,160.08216580990575
90.78493861709944,162.7106221233095
82.81741844136222,171.79977690356003
82.84477921147305,161.05016100004178
94.51802713649269,156.57650533059288
87.07889548788448,163.79830012562152
80.14094664076872,163.04539084401756
87.60322597988652,157.12631233566543
76.55409346900223,162.8742508070152
78.58617156547822,159.61938119564937
76.31057410197639,165.1032515281481
88.31103918057633,160.55410357042587
89.07310073662774,161.83710612063965
80.50932104335217,161.8515176525117
76.54492855496375,149.06891343807203
80.41809417141553,158.1336886375089
83.05839546924874,171.11926012536443
78.74860063157068,168.37447574834786
82.13716860212462,154.3324751306832
89.64755274867743,162.15205060385713
82.57507700030996,162.20840127829743
89.71740290427324,166.38319905591908
77.4195165238558,163.48474946400543
76.22763383395386,163.08962352318082
87.3593899800641,150.53995339805246
86.45614172477458,154.17125523941746
74.97760942185378,154.2727933860431
71.96966422269982,157.2466069410231
76.87257141731199,158.56323144252858
88.0103521914316,157.79019427518233
79.54340563091937,165.69582768444982
84.39267776243175,160.33383083149428
71.89422676948672,158.06231878011255
77.86193276448519,166.43467897186534
82.48930835813634,157.32707378932724
82.25843114324506,163.77647409432328
88.38140060970841,159.57699043707078
80.6907965639204,159.73776122336403
76.77001249819251,151.8733681319202
77.65355377680025,162.8030394182295
91.74796885037789,158.5062917052167
86.94577884227631,163.1036672158559
78.49386533854076,156.08718585055104
91.74125035963597,157.3177994907984
79.42574786526067,156.20325477170803
81.05515770883116,166.3802590001946
91.13394219011937,150.89715184730593
84.69312530720777,166.09816663026663
80.85483753069121,153.69443802925653
84.88094072076,158.0364459433794
75.59554160795749,157.98634106320446
90.10945501027906,171.66320022029268
75.50322631547485,163.56782937908648
87.13139516838646,166.58731696750502
82.25783758023904,170.548492107323
80.49034187865327,149.10027758158677
78.95057835771142,161.97233214663595
90.01380178337988,161.14037021542862
92.72780002837239,158.24082399724955
79.51979701105103,150.38295847108157
75.36509625438488,155.04422052810074
91.52686313225391,169.57745245979942
78.16512803173961,164.1284166613557
84.60907364768191,154.26721205448277
80.23811170672738,165.0723362997554
86.3205236071392,160.00610373240247
79.82878238862799,164.62054627918585
79.40340756149271,162.65541200902857
86.3579181667193,158.8108226234034
89.26489371570432,162.7787457888769
86.12942535368298,163.81849553442393
83.38680645787687,159.27425300114186
86.58855640344073,149.3288423747449
83.11202101697461,175.51700224610533
83.56968774700672,167.90123091579147
72.79402124036433,158.58239273553406
87.94195231468976,157.42542647935798
85.15589744159742,155.00586225670978
92.01586028505636,166.05672914199107
79.6412899206027,166.57817190653836
78.78895476317003,152.03795793655976
88.10959618748036,163.64093910602145
84.13659550568524,157.93101035296505
82.12876812802223,174.92992550397358
85.83698287339054,159.80772134545572
83.72833672139159,161.06896080534247
84.81339863288416,161.49616457661025
87.77539455847142,158.51253343992437
76.58355041351936,149.04352071996965
85.72201724373976,165.3832571391585
78.4554030581467,154.20703197854309
87.29307958523512,158.75016196120058
77.90673290037437,157.7166495314768
85.24393465106418,160.91242708614976
93.1842018694162,155.16214739842172
71.59504724408276,163.5628579142445
81.08991588302754,159.0947158453501
77.95076842830409,160.4734057363418
84.74063946532723,154.2775612108942
76.53538595334244,157.13638265010562
85.16642219609405,151.44227038246717
83.45941794850098,157.7410084970747
83.36297103873758,162.03646413998507
91.59487504068967,161.23406892268136
80.22019566758324,166.27249889915745
76.0023453331693,158.4971672889804
86.40160902618358,154.1952392242107
85.15020128080235,154.98679882640783
83.22167670834826,163.78117015032194
80.70883576660572,155.6385376222733
82.60226532869584,162.90269095277347
78.24716473237407,155.53949307845141
96.04738978813516,161.3460867301377
81.20731034717953,168.12507972994578
88.69641401468617,152.99511939192843
94.2663032659835,163.11423219426572
87.88539597328932,160.940809293941
88.16355267524365,160.28149556081513
80.53606521404282,161.60041820170008
76.79573427991461,156.12915409402905
75.91086359652542,156.2878056784737
74.8511358060822,156.38684823994123
75.33457553935172,162.17224591212465
78.29985541032715,162.46708133102874
93.71718335318238,151.13936074228855
90.01998816976845,155.7388903512036
89.29354001188675,156.56333563596746
89.05742706146772,158.41054425649804
88.54520092440028,164.39703659679563
85.25010671119772,165.78488971818575
80.68572114500067,163.38047920629984
76.47858460476144,153.10016042056975
80.28201113056849,154.81439238178737
71.13118847938479,162.23337736642796
77.7595233481659,161.2985544138951
81.8584555613703,157.36778025992945
75.36961145415759,162.21427326904345
83.82290569112892,165.28697740758832
81.77705567160132,166.32269779474865
84.66935907858291,166.82608342145554
88.92541283775526,156.6581487478293
87.11504038352693,167.24735749902453
82.22723391809244,156.45486842811582
83.58004624148745,172.93168051548525
92.156410647305,160.14427812139976
79.2273940365942,154.21556596212702
88.51378756043482,159.0801509348151
84.92870078178724,159.57339999931145
87.10044570605618,153.60515718310148
84.47005046245275,154.5803857762654
80.36161762353247,172.18184384272905
85.06584474659857,155.83820492216432
72.22784216062541,170.1173715806611
77.74597337724575,159.73415576712893
78.741479831568,168.47366310064808
81.23922620256955,159.58181484339468
86.11258836239475,163.93552033409966
88.86342655742324,170.01528971479186
91.96341896817717,150.0699904616308
84.58099190089361,158.99499602633543
82.13378351603093,167.28223064062269
75.1314651801304,150.98291817484133
84.42529440874304,151.99181841020211
76.27603286610687,161.19621645403492
68.5382124340172,157.6730235166961
75.11136217373632,152.70580778952453
85.58570663720715,165.8989190168924
87.7590200732206,162.02240312324665
88.07453704357387,165.1983344508171
78.30212274574998,162.82174485763267
79.44399765945192,150.68347069269586
76.09664656968508,161.2757724024172
85.83031610825861,166.29697858400294
78.15539068781479,164.91758774120768
97.65673773593922,169.46375983637154
83.24482283170622,159.84242769055575
87.19224449617278,153.96704025929535
87.0732365704954,159.6790876100024
83.80731183356404,168.47440394952588
80.31158883403505,155.95850506535697
94.644189458069,163.73422835324337
80.97884146157395,164.57994144391722
81.16077643332702,155.99070829972112
80.818726636722,149.29545333622224
76.60328229763857,166.31249173875705
81.1187360625557,160.5140325567215
87.5172227632296,166.32176464728806
84.12741602343107,162.72963257957508
73.32327057416497,168.12163200074778
71.1703355875016,162.10423474927063
82.64078504648559,159.63327569705334
81.55458133621237,164.0854622233426
79.23174250766525,148.33255817494035
74.88148088571688,151.58952043234606
83.44257076525636,159.70515633573433
83.41235314120725,161.28952475664238
73.88747789686565,160.343422829941
91.61269738806297,156.5967777780745
73.9373653996625,154.82470124314582
86.52553767654268,163.8905970174357
84.77979883743163,164.35720797080728
82.92193236298894,168.19279216897618
84.50206112726235,158.64452361998113
79.82721257756585,164.60724322241316
87.61558602599743,161.20544993853076
92.09738308574931,158.7177236794737
80.13447816317252,158.40596155249705
83.77691121563608,172.42285325552646
83.6130133422313,159.44886415107692
88.73002588816665,153.16672445881937
80.70191128179536,153.95800364699278
84.06405975702081,150.99627657387708
78.01804784923954,157.15766318537874
77.75179402326927,161.70441554180118
82.19784698875375,161.42565707323877
85.17487529887597,157.42969478095225
87.2635057271642,164.95484372904338
84.75313859235459,155.60688432974487
79.76008112309468,152.27530670193704
79.60217558831562,167.51488054146242
91.28818708681135,156.7768830329715
85.44892592054738,159.14568340453857
83.49440829653756,152.86790711711683
85.32879195049028,160.2260496207676
85.61424443605956,152.755618773544
94.56415301566274,151.33123041821784
89.6815942679002,168.41259366628
87.30891073067733,160.3026168421603
70.04483457439673,154.6345735165884
88.45052089882216,167.49850142304112
85.34215851771603,148.29452502055057
76.988014791548,172.72803710817084
70.14460719624083,153.34033703415446
90.29530077044107,153.83986904296393
97.21614834435262,163.28285916790398
85.37761751673744,158.43773874906068
84.95947617137361,151.27916735586484
79.1822380875754,157.31371254620333
83.40443434672991,153.46741831379342
92.52705865306814,157.02345849774352
89.2289066938507,163.71248978883136
64.18232288482226,158.1628091338537
84.72088586730709,156.95316431790098
78.88523732213697,165.2866549079295
90.17693193927204,157.65414500949967
90.91788292697011,153.84419616715877
88.80115572827194,165.1634161202197
81.79114418359464,156.9541885501987
82.98046732955066,170.3121866123908
77.32346106943872,156.7613701014306
77.6082844360067,163.75814515088572
83.76200194334292,153.70017811084378
84.30392304510804,154.2578466798359
75.00165820822752,160.70231479453727
77.17050306241033,160.45337354119735
88.87878730078033,161.82651257048
81.6633813620459,162.29817819847213
81.18357261148311,164.6075609370916
93.06893614070283,150.92671957336114
82.67077520099708,161.4651823733802
74.53110541668254,163.5518833750878
77.87981074278973,163.51712998799212
87.45800802836843,158.14543099262303
92.30733581796775,165.2128529401532
92.82278539654801,164.7158208719014
83.23748928411574,160.71280937870597
92.29175592464628,161.2157717377985
83.55028906028367,162.90121020961072
82.75768464541018,162.44251164041896
84.20969578909003,158.14310635183182
94.61248413216292,164.5372983776988
79.77460244805388,151.57824134355067
84.61822275891005,160.5981292134972
79.7279580798619,164.71061673753496
81.98429611357803,156.99133100548576
85.98121272464984,157.6112272808914
83.08379600119457,153.78970767864786
76.63211812653826,162.97393233424393
90.41254599149515,161.89506265014427
75.14129972644814,164.34296759356857
85.28789165773361,157.77713218953568
77.15049561159549,162.35333855047594
87.64361189664923,155.44580819553377
83.01193618755772,157.9298679342968
78.8114066247539,155.42057402494407
82.45263017054418,163.16172665425813
74.43917740142636,169.24889556494207
81.23377925109412,152.71231503122627
80.51295561883417,158.0604536709415
78.1362479518462,158.42860370212614
82.74531613684353,168.80915966700599
89.7735414719698,164.99948106508
79.28162476629849,158.26125473880953
88.7506820041256,158.71101515842395
77.43921162137718,148.4431735718682
85.21721140945652,161.20936187738303
87.30928463662441,161.87788519777476
79.42876691629633,154.31835526953958
69.27833277509617,157.56666710172894
83.0132163704032,161.55043172616558
86.61834246741314,166.12872787310087
90.81144708110324,167.52838211934605
85.45564884452298,158.34990413606104
75.81764260278187,163.20999734568187
87.17728107847545,161.51553889940917
89.2642753117616,162.58634728516216
78.40564965794792,159.7461460286922
81.12217238528933,159.3532699248295
74.05650106456575,159.12061448906607
85.66847027663871,153.4993526896408
66.90036449519963,153.16503152933097
85.5064567366823,153.56437268335588
88.22815673097269,155.44130399842894
80.65611219375572,166.2367543864943
81.35003633423938,153.19207508704483
75.47460097619962,164.3534460879762
72.45765912945674,175.28707616322546
85.08998323446508,149.0304683616161
82.58764276945097,171.11049339291625
91.84313871010252,167.12695950747738
92.54096001502084,151.23613414710772
89.96359300724647,163.2681144651648
90.28730722512702,159.04017497896953
92.12213503820401,153.33341235830324
81.03665281443415,157.16724055259277
74.68222959947082,153.3606227722382
87.95129425677023,157.3005838926677
90.33363607908016,155.62203495431763
84.9876083275863,169.64545158806874
86.22235791462217,153.62445699019386
95.60763573500225,154.03168525594322
79.97886970996798,159.29358854946534
81.32610951472121,164.29833055569986
84.31651706194396,159.62203895929525
94.85067571234555,152.4240328419927
81.65863868904266,157.92676105110985
83.05449595056321,164.17896360662746
86.10605685324093,151.41775374007082
85.98303867927135,160.9176018164522
84.60200844209739,165.09024716107558
86.78524782045614,154.40189297645028
81.00560699929022,162.6550655979253
82.77816217594462,158.19151784731832
81.33735458756954,155.53139079753146
93.67178110933635,157.61385655256282
80.77732660459066,167.0667338373182
85.41160494141228,159.49104920012763
81.66132290164533,163.30208440303022
81.20988273523778,153.02824179538786
85.16393903093817,156.7395165657478
88.10802963483576,157.1671059736571
90.23053126627158,156.55799162720484
76.68636798636437,155.5022696686088
80.02045822069658,161.26674239763827
75.36197177001064,167.8120276148722
77.32188278110867,165.8645425760737
78.6115922156297,159.68579650623244
84.8083615866119,156.82894432056904
80.54918478230464,154.5927633736587
83.21145861546269,164.6149456287702
85.90488588890398,162.0305321264251
86.18463813354775,165.89881400541915
76.9666952700849,154.89021313594554
78.65922616324382,167.33654873047226
76.0373493238281,161.86079556913256
78.22076640431393,158.49160775599412
86.48914609261011,157.46586193911222
79.17860494901078,152.58376081973816
75.97861093979178,165.1283184984642
97.68468789967297,145.90066845106517
81.9802477004623,156.2279641668441
84.28516555359954,159.5118842336373
88.58627565431664,166.43212833268493
80.15859875177895,160.4777732099632
90.19664627607963,158.6424081901631
85.7167547514325,163.76722170731648
87.31417407927839,166.34367555799506
77.49059683556617,167.65128775421735
85.3114988604887,155.53949029802752
90.28228298492033,163.31601527162934
88.24404248518252,143.12876651285293
78.47768706648291,162.41739767551445
79.79128534430279,161.85385695037536
84.83713421887377,158.84052972814737
82.42100972286622,160.3406537476543
72.76416519278135,169.7195426047078
85.07147294800265,161.4937704359639
82.1574167979452,159.7315802209026
84.70135551141232,164.5643236562355
75.67723122911998,157.19511722673528
80.91426298935401,161.78183914056882
85.24505757964907,165.72901341145578
76.36066653230938,146.99875546207062
74.5697107360476,158.63617748630895
83.0886373320864,159.7826137641125
84.49579963993021,160.07032643208086
84.29348013147376,157.2280011074679
84.8903528338511,161.97633889323748
79.21411999531368,165.83632242653556
83.11805269004178,156.73405583944822
85.4226749870639,160.90818566187127
80.23262816154293,164.2745941749457
79.55357044189519,169.49272515085696
75.83143311601081,154.58590977264217
75.70707121179404,166.86399684435494
84.97994431653503,144.96853466916338
86.30368616152528,165.18836762092022
92.33503748647152,157.31282305894314
91.31785273723479,160.52072353397406
79.17719029358568,168.92483293971617
87.46941863015323,157.11935054156598
83.84995318120177,167.91181960499085
82.64873433870737,152.26739932338418
84.2893410789157,162.52267323279156
86.08678490567871,165.3383707998234
87.18276689309275,144.8586495624218
82.37991346541835,166.9145948777984
81.0439037463919,154.926981921991
84.95997877309895,168.37399828748573
81.55381359031576,158.75208804320965
82.49842348621264,163.17635331106635
86.88223833465005,165.24325627236078
88.5746541439507,157.87941365798636
76.94435598447343,167.68060613983315
85.0987211138991,163.82815882757757
79.07964805657156,151.8951321784062
86.73863333365553,166.7773961777789
84.82809738549852,158.373793990264
28.894677413616897,187.26550595664224
42.459342238872296,196.1535719251212
25.113388412463124,197.70652476284488
29.893010696652055,194.6083910576514
37.16978110264567,191.66676434296645
32.55569428599999,201.8040153042526
33.47747344691174,198.26392330047037
24.495331670572668,193.0268964066864
35.52085964378171,190.50255891456817
32.09294222696692,196.35787639169914
27.454444980976437,196.76456638066787
23.74102163910267,191.70568214443955
32.69057422705262,204.9069175471486
27.205700773034465,201.04843449471932
33.53975031425661,191.88567902895582
37.73081132216083,192.8279932211445
33.089344122378854,188.0058983211988
31.49896522837321,192.53047285799585
35.22126278510152,185.96983997377453
40.76334845982799,192.38570052056437
37.45827705721915,193.03720136306583
36.31108005595056,198.4226092105166
36.57696413732346,188.4975677539563
18.02137327664839,189.48834514814175
24.79618718934404,191.83792323371648
32.564753240391106,186.53925468590546
40.24324741090058,184.75050669082717
28.341138601419587,194.75134101257598
23.136529339882053,197.78250270488584
35.17204486370287,185.45163414386593
28.650127437414593,187.7688527726584
24.025679967895215,202.88720774447037
36.22493941768712,187.7868300859187
33.78917456412342,200.0962923270915
28.425170057717327,193.9312711502488
13.854486870980129,197.59319891339916
45.045084357821416,197.51125730281044
30.04289664709461,200.01846153776953
33.628034077907635,200.65073433302842
36.68598957713404,192.53893573586438
32.63228217403817,200.29604948373435
34.288730800981426,205.6480373047465
36.15220570401959,200.8388848033632
36.10498742026164,190.79239929909127
40.23219075710485,188.56799601123808
36.140482819237725,204.3454373751359
31.4092919247331,188.3913603180949
34.13949995414868,199.10207158980563
25.38188232435671,201.94266082755482
37.20070980536916,196.08569490237008
37.896948028132485,198.6052299442192
35.77552026535193,202.5347847724265
26.616336016229436,198.21465210162944
35.03037101341926,196.38234094708776
36.55547014625187,193.7927920485997
27.025714078099245,203.6915388212913
36.66763609229987,196.49203106609653
30.136784717153493,193.45391397865066
27.367807715424767,198.6697162331553
27.609086069156966,198.38871136764638
33.48476426736605,192.23347904572807
33.153661517390766,199.4116123749075
26.369122682759325,209.10807119781467
27.114026635480528,198.33873412773258
24.78773004373696,194.71047136729413
37.168355369057224,196.7727148332767
29.385912913287648,191.62763680218504
35.417321885180066,201.47536059362966
32.50461337086287,200.71186227591957
36.93493131070789,189.05961483664166
34.29195701972643,189.22151591390568
21.507995835487648,203.85552827341925
30.152239944420945,186.98164813149432
37.53182868068706,202.27703043536584
32.46526091127203,203.60269115872558
41.396968894212904,188.47766032132228
36.29938839415065,193.4594594546375
37.66781249462069,193.64309460099608
35.30470120232039,197.05430523015923
23.362179098914627,193.95554797331033
28.511196537108574,193.38069086346192
38.7443733100306,193.2711495607625
33.65380742644829,188.1976820582351
38.11962466726442,195.62755120548664
32.95410106814169,197.9730593667305
26.12685923668296,184.37690265111667
36.53788840025533,203.32704004249075
32.48208324510864,195.38043645396615
33.941377519733265,196.49451255923364
22.76247346884825,192.9679531105168
35.83813950208087,193.21944197480133
35.963747113264596,202.93448850399517
32.70547251691662,186.16798324734225
31.579318968855734,189.3661762202409
30.151810187822164,202.35971918823373
36.77323378758542,194.1052687270089
26.159317265575332,189.85784421833185
24.251252637605855,182.71641488068857
36.850140074642965,209.41728877762807
31.01351390461432,199.45136109667595
31.55859286163448,203.440230055668
26.26027590351312,198.27560553395517
27.569067632773205,196.71420774840217
28.23640496051246,197.80032210811666
36.560716890970404,204.15371383877104
16.704152235851,194.15627371491718
30.937116960837457,199.0179385538209
29.64036103168133,195.13193078315845
43.827264754575765,205.93075342294722
33.18678669134235,189.01579719390878
36.90135655215909,194.0391003051085
32.75940647332891,191.2419707831226
35.99834330989185,192.3331235590124
17.97116876939559,193.42789468549222
17.854622680381006,190.41300076646345
41.6468582856213,195.67443403622448
24.43496444100292,195.78854649681188
36.80313113511687,198.5489979639827
32.8302940871303,200.53275385563353
33.99875673877977,196.71289528672253
22.82985921016636,191.09062833799513
15.295145519203189,201.95866046775473
26.812170774494692,199.57546962105823
26.917475824166573,189.82840338621972
39.00804937105423,197.89840459133717
23.19009543175808,187.1988617514126
26.341758258313032,190.68356206111795
30.646468785441463,200.21398925352258
33.06039104626653,191.41837557410196
35.05084393577232,199.86008989504384
24.01466655620754,197.57174718219844
37.66883217426748,188.89928884481628
31.71837428097598,192.7427257223947
26.632510672485576,194.72832946245924
27.213916611990065,182.03514766967712
29.22098228218787,194.91597372680957
28.990255684490894,201.36801010228066
39.2917443460356,187.1230395180132
25.811675943011018,195.82147095058826
30.452658290494988,201.55506170784386
40.73297310911177,199.68565431389436
32.21615665574937,192.7034750833608
40.53440169148368,197.40307779832654
36.56320269769254,193.27506644572236
32.83604028875179,189.9277164114887
34.41251672404477,199.03644588946565
31.746917516372857,196.92641091142949
37.05539749308076,204.98996079353347
35.204942706550824,191.50650230571316
26.19390625964496,194.0502427696852
28.651029497373344,198.04330799556826
33.77552783180874,195.28648124827953
35.83058141950214,187.53441251464076
22.346364620052718,192.5143614140905
40.39759648087954,194.85870765103456
35.20641973588155,195.82201723880925
24.063636813137034,198.32402592442898
33.644775253029515,200.30201485624443
32.90489785261468,206.09012445862152
34.810855530789794,194.66431943933844
34.716434297534484,191.50066352123824
35.80728899607721,185.27810870422434
36.057189360648735,192.57797355834015
31.245718009571657,196.85934864518626
35.46046209874909,193.67648846113585
37.42856861591314,194.95252804866263
28.319333355716086,198.34080513142953
32.002995091317516,195.7977952724272
28.21721286966969,199.93402257647963
33.9245862964283,193.55190147815117
38.238576614441946,189.92220231588553
36.896064362530964,209.16690308071222
35.526751244281726,205.24711944993996
44.86907707803151,198.39469906398796
24.635810179877986,187.7139981516375
31.383253299669853,199.09555951447706
30.20504973290507,195.46696381920177
36.732028299050555,205.29277887707255
19.376353181981333,199.4664472371317
31.932918962934036,199.45993510603964
31.890861467568737,189.83742900745005
29.909714347839824,201.32767334007696
33.29575909001246,191.77975142532466
38.94372118282158,202.19594249779772
23.858002413609633,187.14474798310678
23.558388980906937,191.6260357155727
26.451121238217954,191.56940481401566
28.52134995490662,202.85096489854527
23.968951969120194,190.14376272812027
32.13130113669113,199.1128794763435
34.6869282359994,203.175714469956
41.13330543729714,202.1086296102435
30.03730972239183,202.3176010951199
32.931054442326996,204.97795343697663
18.978882617669072,196.19832680986994
23.1583049003314,193.6207553576322
31.802373639455066,197.63692227942562
34.39062624885723,194.24241568553973
32.92754710943817,197.2484927375654
17.338337713893793,199.379519606319
19.379833832617976,199.87380332772304
35.695620013853414,195.2126909743396
23.744506220695484,191.94033201140346
33.14795270646578,195.78847718240283
27.158341563397983,204.20837287445647
35.524970191582604,197.38589807314574
23.171843704175764,198.4054334466001
28.49517385029307,188.54091115558617
25.046800479314626,198.4522196969794
45.73506998842158,194.68216386028809
25.24576109123455,193.16418857955603
31.088292470282774,200.59908405848185
25.070629447224135,188.53380276654397
38.8445155621581,212.6763262301952
30.201240615933767,200.25743923831124
29.700022145180235,201.1279108286076
30.917625983886758,193.8078381518543
34.60362780297373,197.4616651625576
29.73854519877961,189.33049590349233
35.360849838085265,193.69966514679294
40.62711510811781,205.3385821804195
24.850271128862854,196.54676926167514
33.929304220656824,191.60808028617484
28.698684514641307,196.3856377290883
33.05142167409852,189.40318192585067
33.379606147826095,200.83996218013272
30.408215902047928,204.47270776744529
31.740718417480164,200.9833498078984
30.08576361536709,192.90663572452823
45.73425797189822,199.20179145828914
33.182745662563235,189.96526810756626
33.61844214270054,189.92736185909575
33.78966086168304,185.91860119184733
26.594678672395304,184.92703431509497
31.409740229283596,204.44762225892188
42.30393646171718,194.53382016123075
27.53204544701275,192.35755150389272
33.00624706340955,195.51771749410517
38.03153652933612,197.68809249466227
30.034907764894676,197.74404025606796
33.74183343795139,190.64598437981218
33.176898600403405,194.40593092742705
31.803348070104203,191.67026250136576
32.9309141454972,196.65379742015458
28.832373998164233,200.98956267117333
27.575473568398195,198.148050161453
39.79581706213032,198.64853883017477
42.28724700314771,198.02772983159758
26.308640337832873,196.53477545221241
34.4762730743951,198.4495849917399
22.771200346799482,200.17870024820874
34.51946867372789,191.46725914757113
29.07928873310973,188.45127527417458
27.31541900828067,200.71763180436204
35.84973502229405,201.12497508419796
25.189809360381595,203.97343862656416
31.17145407135797,193.68813040321854
33.236600321936706,199.02460684009944
23.54286497226063,206.84232088723564
32.71100366632642,194.3394783565838
33.60874565464464,206.1401146272682
33.9857618212593,199.22004406540722
28.94090459217089,194.33061118568355
30.164257510653613,188.18210267682167
35.77197305877761,190.11615624696356
35.921384198288514,195.27086806174506
39.407137397609276,200.8866962795626
40.72873553193952,194.95763248066712
33.11355005096464,193.3737020778602
35.047598777350515,198.92080602205704
33.155650895366065,198.9791096470798
38.25365053818097,191.51023689207966
33.338928682502726,197.1066418300944
20.086942489878815,193.4126007383757
30.077942574779374,188.07336615337968
25.864321631382822,192.85280440811403
40.89854329710474,189.03190378511962
25.681967180182493,189.63338743393962
27.49842828015872,189.15198979330157
28.8494993532862,192.1799600439146
29.172394290529887,190.2640707928121
37.880452888180564,206.1519824880925
27.268060754919464,190.04288825119218
36.057651574038786,188.83555364052012
31.903105950167287,189.1586405680692
32.58902357288115,194.5618768358237
37.2343669332932,197.54166273632288
27.678690262189818,192.42148741621574
34.017127690395796,186.50096946740405
28.77179407113888,192.34508803921153
34.929993208364124,188.53806944920018
44.820131942704464,195.74193416782862
41.18973605008491,186.36210259107924
23.94345014202813,200.29988632414356
25.964028836893448,194.75537438967655
35.80960993249411,190.2933732964416
30.996019201587984,195.97292690140588
31.93396905312567,191.89898051932
23.797415814551343,190.62977718126936
34.66942580512667,188.5834143696317
36.88347838009717,198.7163585539369
28.999585001560252,197.88969105365297
28.066006080675468,195.3752724100244
37.55371819199477,200.45355767479563
40.173790736722225,197.02721045964716
37.739751579541355,199.55985944688607
30.952395461847722,198.63439328839237
34.11760396704429,199.96579317471736
33.02016558879205,201.90136093161965
29.370633363992262,192.82305850080655
28.830323270282307,199.14059104943607
41.35885736175532,205.56780895382897
34.83466056500542,203.47428668363807
37.519114915902875,201.5085034822857
23.887638292443125,196.73514291450437
25.972744338198503,190.5486276253221
23.2833412039757,198.32410391983308
36.178490654959774,198.15695472565037
34.884598124109914,194.91809148618563
42.43138378361668,206.70255923564727
34.75077895192602,197.89109774168946
27.896316095309828,200.25829403166716
39.89593083792125,186.937069470187
32.123839884792,184.54907165313017
38.11168521953387,188.22716978493872
25.824584806133547,197.14467428531728
30.310881697185813,200.8621863748692
31.80891890254683,195.6558788733355
32.86883795245152,197.70683365045798
30.856046016384408,200.08374111334734
24.034654115490913,206.33613109166976
32.08245979778445,192.02126187841586
25.968419761473804,189.06152547093677
32.43700640542005,194.3112190165292
25.865679995970012,194.39393430541978
24.072314115773622,194.99181215218877
29.100626344302018,193.93285691597538
28.1130779434438,202.32819436932743
22.841292378912012,187.21464582289784
34.91696092406208,191.14320456630898
26.901717250435933,195.50025450774595
28.719448286153536,192.53373878055376
34.88992383532621,181.42818410814243
39.09802475876632,200.68013531165155
39.580853722759144,208.76889202987027
32.4724857613453,199.79472871769389
33.52249226670754,197.10444991717756
29.73097757311313,195.39200017439757
29.468445008876966,193.98864310971305
26.53913335226501,207.01863931678193
29.88643237992071,203.02398933767918
34.25598780831026,204.41294520037604
32.602850197939816,196.1365052319661
31.51958576976609,194.20662724442238
28.17468752661339,195.48196479803013
37.2187432991174,201.51319052261908
31.9804490433672,200.11320316138358
31.064803385271016,194.72410404819308
27.390471121706,198.95342313236165
23.22493962231806,199.65449862163587
25.846961190576526,209.69480819465045
36.5209048262841,195.83137169277404
33.79193001326567,192.21595694751304
19.87266403726538,205.43051806500043
35.955776819287685,187.68356027703624
39.67066142168091,208.9026156331002
26.913629219080846,204.06255425234926
36.11109331150391,191.91921829230233
22.550576753217257,193.15259189147767
30.78623849362783,194.28536550368088
29.69626857589769,194.78707221542962
21.7702867174621,192.02714257720842
32.87267860597413,199.26279144968024
25.625021621333886,199.7752371351903
29.44172960520274,188.3660398793417
23.786439829707028,190.24851225929092
36.704979514574354,195.71383968189338
39.61097371619417,205.5741569524163
40.074438873096,191.71226671440954
19.285385882848402,190.40573506898053
27.683062909598643,192.63932421877593
31.62378165596575,196.76610981402484
33.90278173708948,203.18112380616162
28.90953018069038,197.77916968645516
28.084060389179353,194.13944120003816
45.043016104290885,195.04339560345028
28.772766418510397,208.1435742311145
25.99608774158842,194.5854837350869
33.94233428287875,194.2471106545644
26.91062164270109,195.13886754862892
30.089427226161725,189.703604347302
44.46069161819713,195.6744223328741
31.382963592344996,192.88804187768318
38.899487352124474,204.8257328203706
36.464546396363836,193.29377052339152
28.400681112698326,200.00915275591072
22.861913774762662,196.9483188329366
28.742494320239636,202.95445141937861
21.850319291237923,195.24144825168636
43.526315122538996,201.7720416714873
38.62462551113664,199.05836889648185
30.772604005017673,190.4710793244419
19.35474487461687,200.19221106644787
36.156651202876716,197.94129938823014
37.81732824244438,198.84309955022528
26.58502695706728,202.00731532165852
29.54882211334265,199.32930337095488
25.923639246642075,191.4003248395689
37.241922289494795,190.00438704685266
43.0663569592391,188.4719358887658
41.65855341191693,191.0680116264139
23.810453712449096,197.5102740949426
29.042325670292456,197.2588997202239
27.065145701854956,197.7995164706262
37.029583739266776,204.32849192228372
31.296428754083095,202.36851289340507
36.90135724845072,196.1605151967193
37.7275429038667,201.84458755287386
46.077665140296645,187.9438828479828
41.563658983589185,192.91632580110573
31.158244692038668,197.00302600326094
37.90387524014302,184.46038148168046
26.514506720716007,191.35847911425697
30.414083972587864,188.94741446961712
34.22675914954061,193.09540798083694
21.248707073036176,191.86319084793786
33.12694923070081,199.6396876259504
41.3794197380999,191.40198908631544
31.943055825631532,196.80124367994617
44.071424846366355,194.1580484640569
38.799024810462946,194.23472209104645
32.77915899027287,200.53238300487203
27.034780320534715,189.758473930474
38.01456606578253,190.33775995567734
34.69465060899257,196.28045105731857
28.942260981511843,189.27836162190403
34.96657413555409,193.99001377006027
40.93764517655701,196.65607739834118
34.36654692774098,197.83878562094395
34.2720398125433,196.60825720299658
36.695932929927686,194.57553940724992
22.420791140207,185.51047579190003
32.525434275058444,191.62135405146617
21.737733778228343,192.77886141884656
29.864385664374907,196.07378398987046
33.13900413089954,197.4900714808601
25.721192945853502,198.13872478039093
23.969018457604847,199.37136475359176
32.51338290272434,194.51993931865738
24.380593803328864,194.32966856073259
29.88773918997188,198.8510416230019
27.333915778055214,197.04565181444113
24.035187120084796,208.38921401633922
29.461277845038,197.55731881079524
23.382917967066206,193.27965861488343
32.72727504807571,191.40545731564717
45.7665594786435,195.78132905157102
39.15309865788402,197.17706064010636
41.515566256390386,195.968487623411
28.841275595760592,198.90467613927638
39.46444386344406,195.82580394561464
24.640670409376003,201.8740511194272
29.76991313801349,188.23292722837635
35.876450757586326,190.81693428834868
37.24831718790805,211.64525391179475
44.08094989124927,195.63326118520524
34.910493383766514,200.9049619883592
29.553964377380463,197.62756771666446
43.715042629644316,192.35661332190162
31.902495285246513,196.1734338535814
34.02810239944694,201.55585290228058
27.158389610881834,194.4443860423253
24.897944478599268,189.55530301585082
26.859835141867006,192.44156416796514
31.053308688999227,190.6990206696312
27.090684273332155,198.39828340360228
30.556605783520638,194.07660170532796
37.22141369569346,195.60487101234224
36.08880662688073,187.83590440042903
29.738685868853636,195.37611316020852
23.834891053571145,189.793897120278
22.36909759443058,198.26536579145449
33.890363347872565,191.53629455926819
28.99839497695405,192.7867256152383
36.78969200237548,191.3781758556956
33.523680409007454,194.14761806656395
22.681594787538515,192.91921125069615
36.49376395931504,198.8556270559892
36.93812071688032,194.24043118233794
25.91829668473704,198.25878451223335
32.520434958887954,202.68243441164012
28.142401236641895,202.91673431900824
34.46351028218279,195.67169333477602
47.27167076241592,186.58026103871472
27.992248747592,201.66508850237742
32.21421387940618,199.72244601303615
29.358947949032896,197.22729368956064
25.24356784782934,193.26489590764513
39.434542201912194,205.60078016447602
19.42674785993688,197.5707821899165
37.04374948762054,200.4465445403381
33.24666111111099,193.189786099971
25.474415287305035,203.78331240340668
34.67989653159998,189.0252874459821
39.16724364165076,195.74002595207534
36.12895647797842,193.88996055390365
29.566475134997997,196.5008499654378
40.07357130026342,188.33952318658103
33.005866513474174,187.71276098116647
24.2267399156249,190.34773749943287
39.94145411610359,197.97605882847844
34.72148276586355,187.0834556503548
30.045440930143684,199.28737844732177
28.444983051962357,195.69448531274716
28.2146376945846,195.68856517098138
31.014202210705857,196.3101229080413
28.849499851213537,196.39439135361354
28.0576587973053,200.63784918697593
32.87158591250611,206.75766769422953
26.073933737909883,193.5712210968931
27.21846431399957,191.53657092213666
31.458257669890095,200.30251675966048
28.307696176222386,203.50735929642454
32.10367129206341,201.3893101801076
26.861287134215655,199.8456477564767
40.337445845932706,189.4312212496004
34.750070436320726,202.15829537480047
33.16468655803755,190.7624617518883
36.13023056787958,196.13360226416702
29.242598123756117,190.17137859367563
35.93397244031291,189.2779180725666
22.40125298950299,204.44413262703566
35.52874721574129,189.04075009221498
38.414301973959866,211.0732457398944
25.809163452724803,198.02230833158114
26.944470708191318,197.00320531829493
36.6251981290505,194.76619928189626
31.365314951781173,194.08108342268523
28.39947669698843,187.66661722037568
30.73444584650666,206.5114869337423
29.40511332069604,198.57493207456943
25.51404030367643,190.19952415888295
45.537851998310984,209.5562540204222
32.02915299925017,187.0692818061827
25.745009240827905,206.04893877707153
34.204132307984565,198.83295709363102
39.387962510714814,188.18493551348286
28.82297087328275,187.3880820639779
33.288398163988816,194.3283311461936
30.38632433710449,187.9786519133928
36.12122540717658,199.28799128980657
27.25475521930084,191.18224039141757
35.53674507502862,197.8280662635377
33.02971605319903,207.03367175014267
33.87338633335185,192.52174378035832
37.22579964726984,205.1475415521026
32.72375673719512,205.9815119438095
35.775749866083814,198.66140014577147
34.40164279236519,198.3498835165686
35.787717246894545,187.9817152954398
30.72532294840292,188.08666552993702
30.322406115758994,180.41449200858582
30.845832840239005,201.4643619172051
24.31724505564249,205.977146827256
37.887359544725754,199.37568843157885
37.12825440165353,185.7207508165786
28.42213220376153,191.7712148300363
23.640934627929692,191.14445927232228
23.75851074071623,197.6039286587515
28.06417297285682,189.76069845226715
22.66283074223798,196.84516805688833
32.44518292713512,201.60645578841337
28.404084993577907,191.12379612434208
34.27827821107439,194.49395824380545
36.2150695738479,197.50866801985867
24.56674023723661,204.58265112095688
38.2038379056968,194.73134752056427
32.2295505201285,195.98832330476742
24.303245512843866,194.10623173181722
31.71639652259048,196.26409068768902
31.656123013230655,197.88119001706895
26.506924793434344,195.49797606581316
30.657860925987663,208.15638883477882
30.907284368915846,195.51346858472982
27.10531799115542,197.83006405008473
23.962284610046485,195.81677388178898
31.718834950977225,197.72123881953723
30.692681818675094,186.6462179116827
34.29700960421989,200.786170537105
32.93432983490416,194.05557625082565
24.01606784750816,187.48900725514946
34.99472475711385,199.65341434708475
37.660518600533884,195.62618261456313
38.874387918542176,188.9785229189852
25.532065323877983,202.23271665624446
41.90985125766149,207.64568905032968
28.928162099581378,192.3599409485249
37.886472263052354,199.57759356933227
29.290961804503052,195.0022431703091
30.133122054153556,201.58212352898832
26.42250258758888,202.99853691443155
33.655018267507266,185.84923933910127
36.72112370816238,196.8255549979169
32.847453837842586,197.9523981871116
40.08462124873998,200.8073806538709
27.33499925616136,203.470019915297
34.069861617933114,190.8880663062229
28.5173181352941,197.36993569609427
25.158415293162154,202.1265310289004
36.47395948274213,202.12523373113928
32.12511793929727,192.55212534662178
35.569767260362795,190.45388876012927
38.876633703778,196.40566904247646
28.415751896343625,198.48891487720343
30.00206659667843,189.04025424381885
35.03632002654875,187.1647526636508
36.4664741182755,191.653979361037
30.701274348643324,202.98223182096038
33.340461847651945,192.82852802786013
33.05092017966222,207.76752376721888
27.67513740863516,198.0359857382664
40.54192198565684,193.9480085352593
34.89518530172827,188.64955611648298
44.40542295247092,204.57942706817198
35.00326692610515,196.43418267411215
29.15444087213759,192.46202272253873
34.29622775275492,196.09255017600336
42.01054389910886,184.75952236302905
31.379267346758404,200.94999934210762
31.538990818043754,195.6370536680399
25.55686244677674,188.4577271536371
35.285176492231365,202.1857104224334
33.73634934006463,203.0379060349809
42.16082143194663,204.87443588442994
40.844403689348844,192.9833976718852
32.39045715319823,194.94458750994997
32.15271253657395,184.86581995171966
39.687295390235484,198.85303655229754
32.168026148004806,196.1523043985733
34.609677595540916,201.59285095531126
23.48269693951128,197.7281023076095
38.05876859332283,195.33277086932492
33.95377220957309,190.81685479181309
22.791790042149486,191.81486517184177
22.84088195166032,194.5801825811325
33.32522209782109,190.80953361270377
32.89997912069135,205.12798821697191
20.865726787396305,195.7660435071574
26.505660368705424,199.78604816213323
35.23604940434063,189.0617046300769
30.328970984434196,195.39257874434918
33.37672734713497,198.50582945666847
33.43984371637451,198.39069311109304
28.997023941674108,188.57082888621025
32.12728900240153,193.48857643485204
28.411836401429618,201.59024924257898
46.20111489255828,203.11465461276785
25.595995808737634,184.4633595205963
31.00004313906422,197.75786765631713
35.94035591130927,188.33960783123595
34.01557027892681,187.51289356237385
28.4715012672936,192.14869395306434
34.05401335963679,205.86572591738104
39.47882290470001,188.0124876899807
30.112686372355736,193.4186832643926
19.82916888169142,193.29307979062523
34.496806092233776,196.78146456849208
22.50526258140507,198.0812248639879
40.04155637474073,192.0347242903315
29.49615208425722,187.584926177173
23.235415034969073,198.56236724427959
23.834376568788237,205.50676954865162
31.14106270806994,183.7921069673009
25.752823090484018,191.15435746519645
35.84891061548807,193.07102522441636
29.99715925512861,197.1641395403204
24.358540174399835,192.34317307114998
36.09231427252395,204.4177951645431
34.15485895085562,198.3170356222169
39.33619924874587,202.77403319362247
28.368482863579004,206.25240841935985
27.308323294209885,205.69342190628893
22.111489554806212,195.3284135972416
19.881132467675187,199.74430847446524
41.88510135867014,194.87281935928755
27.594707251077253,197.22839065705568
38.719663341924175,188.99422930630348
24.0912466276584,200.14731216803312
31.95495732676215,195.30450049847235
27.759294314145095,205.4058770888945
36.129073845959546,190.00052997755134
28.27278917003696,190.65853997669862
34.388002717447556,211.32197919186288
27.63361467783991,190.33613875330104
34.19175153446411,193.5773819495354
34.43032762791153,199.31700773652733
33.70943216705991,196.96605219237728
21.12325919582282,199.1504254741852
20.467695377657833,201.91188499602532
23.878060628968374,198.84382795901027
28.030233106306113,190.05588010868064
29.0893664812391,192.3007568554156
29.60043100946708,197.6432529497431
32.740306016430715,204.9857925171794
34.52081692473582,199.90222413399079
22.873056963524284,195.56172330952546
36.239711984393644,192.13759497265224
36.49029565288091,192.97194104136506
23.87766540767312,184.7990531825867
32.33440012836419,193.44077346081494
25.900612756275127,203.14259172806925
37.349254362237936,191.25285041703455
37.98983172353926,189.09267818437436
29.114553867146444,201.2797755956896
36.45993283443399,190.69709498849943
37.02015657969124,203.92626793945144
32.67691846850573,192.20608531466993
35.48451091361046,203.9496663992875
35.45278545059836,195.2005977423792
34.49404007403506,199.20763819940325
25.225641742898986,196.57009189620067
26.494424062095227,185.3513273413098
17.308349899813994,186.8883567980139
28.89887228415701,185.29719457461474
36.45756263474844,197.65559283700347
31.75188484652085,197.91737064883065
22.57881699951144,194.47267404390354
32.673701104078326,196.64518326798878
43.713149703880724,196.23685686349205
25.709442046865647,199.33641452577754
34.768924701946254,185.0829464428446
30.525790514809245,193.9391705025079
38.645271828069205,188.57479218524315
39.28284971627161,205.89356817824438
31.34648667507136,192.95736149842648
31.96230773126563,201.79175719727064
43.456781690129,197.23978709606897
27.335769591762396,189.09251287795564
28.71191031530835,199.81525143249806
33.9955539569741,188.31526943737768
32.33747158747312,199.93762916686447
26.136053751688344,199.34442265246298
39.930860964963756,188.49632218240106
34.80204166113314,208.30680421722028
28.090901929948522,189.89882235022785
24.473722460282833,196.693499387173
37.19752298490151,200.07016973716117
37.782344119628036,193.00708741930478
22.329520189449003,191.22893743194774
28.08520145700552,190.77267273161402
35.93237974619021,192.3822878409193
36.321408809264355,184.97860149692272
31.17826541109566,191.38179896588636
22.668345365956597,200.29253213500957
28.405781344300845,195.06196789270263
29.811873056505846,195.29076635493226
33.00834964556715,196.72047196493045
29.864513312136168,194.5931042616605
24.474811460373086,197.65836566682862
25.208507587342794,194.9534658912505
13.93888746887285,183.56629277484657
37.87945858917287,198.77219560215119
37.806727261989906,198.7589514513027
29.757740369320626,195.1953421310203
31.29448901463901,187.54189786303115
38.23489851630025,190.79255576686515
28.86196565893933,200.61051281896627
40.40864595033284,201.77273634760425
34.37129081739512,186.79933513596345
39.44045940613016,192.41973801409407
34.79306636276477,201.17641245114459
32.205717649161635,201.56647542918455
31.436886840808953,186.3529924664198
16.351564150504277,191.8924493025413
31.485113311271693,196.157694211616
30.66123596033621,200.52886480204145
29.63935878780031,193.78703065321668
28.274045076095128,198.99542627374976
30.310049537870043,195.2420952252612
28.582333796461572,205.63202367765706
26.208217877867558,198.32314208288116
21.203600025919975,192.24954679080042
38.95206950029454,192.26868736815427
31.483922054408428,189.26932403240392
32.16577837565571,190.407094864905
29.197853628956334,190.1465659195325
29.015244721189813,204.1661165360994
35.6531964999266,185.55142398453603
37.19561951076207,192.37123227692004
37.060941966111166,196.95654267435998
35.47626909266394,201.3874735156909
36.70589766856648,192.04586215647922
25.924551908481057,199.19150668062068
23.580313847642564,197.40579654822923
26.337346564905424,190.90453230300454
35.79318315840124,197.6336328173443
29.293265135098252,197.6645359825956
24.734743861662558,181.47481336197507
37.51940713876808,196.1241174948336
36.61213549555568,197.6547575333659
26.344513028372145,198.9346153431507
30.91363053758067,202.61618706613572
33.89055125278635,201.6569363959633
45.850761555409626,189.9191799317108
23.199818939637318,189.87876670121454
42.6720892033112,192.38230183528964
25.938895560349096,180.09404566721338
20.4366791461463,195.88222189693502
36.61395064730259,207.6193272488611
31.341703596963217,202.61155070005262
40.450201345712294,189.191913317689
29.121825500812083,199.91809400588272
31.001303640586677,201.6509027104766
37.39411743600556,202.60144116895773
32.491908738866115,198.96143783906584
26.810784023002817,195.02612921055865
23.118594125760993,193.4691302947358
36.157693732899986,201.92131995582125
