x,y
15.0,49.697844859491056
15.07007007007007,32.4042839464811
15.14014014014014,57.55071855207976
15.21021021021021,53.76836289626521
15.28028028028028,59.55826372671135
15.35035035035035,0.570288975049067
15.42042042042042,42.52065426739215
15.49049049049049,74.02000790853343
15.56056056056056,53.57804514263392
15.63063063063063,41.5518965260356
15.7007007007007,49.63596594989211
15.77077077077077,42.321224167403784
15.84084084084084,76.33647415403084
15.91091091091091,39.0440895916667
15.98098098098098,49.00103126720943
16.05105105105105,73.50032023257273
16.12112112112112,57.86165306771934
16.19119119119119,47.12457320205908
16.26126126126126,70.39876102524897
16.33133133133133,45.82835131157329
16.4014014014014,47.30544532772682
16.47147147147147,30.584364804886814
16.54154154154154,67.54281515711571
16.61161161161161,55.72992129838525
16.68168168168168,91.83803034240208
16.75175175175175,34.87615289744255
16.82182182182182,66.77746106903308
16.89189189189189,53.80572027510392
16.96196196196196,41.4031250594717
17.03203203203203,81.99722896268159
17.1021021021021,50.830098767684824
17.17217217217217,32.89984162301976
17.24224224224224,77.80056680802029
17.31231231231231,50.47208874339862
17.38238238238238,49.356522839834945
17.45245245245245,77.30045237335617
17.52252252252252,49.737151128768595
17.59259259259259,60.74103229347597
17.66266266266266,68.08175584509954
17.73273273273273,59.341329124193116
17.802802802802802,65.08437771606415
17.872872872872872,84.32116500330649
17.942942942942942,44.871163691410324
18.013013013013012,38.717911533049914
18.083083083083082,56.83353134099406
18.153153153153152,81.84783451370254
18.223223223223222,35.851327299827986
18.293293293293292,73.63281215748182
18.363363363363362,66.12025750878841
18.433433433433432,53.565121396984516
18.503503503503502,67.65931442554644
18.573573573573572,76.95337396425111
18.643643643643642,51.97915247694661
18.713713713713712,70.95639223999524
18.783783783783782,53.69099767247191
18.853853853853852,51.80443141662495
18.923923923923923,56.656970450890135
18.993993993993996,62.89270855012551
19.064064064064063,39.538370277934035
19.134134134134136,61.31451968342367
19.204204204204203,76.30114334718819
19.274274274274276,43.11777738165094
19.344344344344343,55.17972608636841
19.414414414414416,66.06237905830723
19.484484484484483,81.42714919554129
19.554554554554556,54.51466739633937
19.624624624624623,87.2354720440074
19.694694694694697,59.387141016196864
19.764764764764763,54.85745185251815
19.834834834834837,57.21552059111081
19.904904904904903,64.48398376958951
19.974974974974977,24.325918411453948
20.045045045045043,38.14377697205531
20.115115115115117,54.38544130931393
20.185185185185183,60.25299104846677
20.255255255255257,55.57622152859404
20.325325325325323,84.49097519260526
20.395395395395397,69.35724863782573
20.465465465465464,47.28421563737256
20.535535535535537,55.183082783850715
20.605605605605604,55.31975265198786
20.675675675675677,66.27389312990509
20.745745745745747,58.894846584843265
20.815815815815817,52.53434024788591
20.885885885885887,28.408165112985508
20.955955955955957,48.764960645196155
21.026026026026027,73.80020683020405
21.096096096096097,66.0934628478315
21.166166166166168,71.97138801171538
21.236236236236238,67.9645916676491
21.306306306306308,57.131574857737256
21.376376376376378,64.50998476249538
21.446446446446448,87.51328564409366
21.516516516516518,62.56474262391313
21.586586586586588,49.73401679960013
21.656656656656658,76.3395917579896
21.726726726726728,69.05580553423887
21.796796796796798,75.71963566246578
21.866866866866868,66.95649529742597
21.936936936936938,62.05689821603893
22.007007007007008,60.64817873478584
22.077077077077078,84.40845303960782
22.147147147147148,77.13288558906068
22.217217217217218,71.20718921628864
22.28728728728729,70.71276693487758
22.35735735735736,47.451553389241546
22.42742742742743,59.69131171156983
22.4974974974975,60.80824133181003
22.56756756756757,79.56080306007851
22.63763763763764,107.09762161544384
22.70770770770771,74.2107025790272
22.77777777777778,65.07888951242435
22.84784784784785,68.84185788573123
22.91791791791792,89.83375952818609
22.98798798798799,68.36931487860004
23.05805805805806,85.53169037860408
23.12812812812813,74.75913172731315
23.1981981981982,69.42367599836466
23.26826826826827,68.23294983066465
23.33833833833834,78.62931939325193
23.40840840840841,31.146886037268473
23.47847847847848,46.74446837678563
23.54854854854855,94.0265048881991
23.61861861861862,77.75786755084152
23.68868868868869,72.99122598120562
23.75875875875876,74.89948309444914
23.82882882882883,59.061133307803104
23.8988988988989,46.64388049511375
23.96896896896897,52.877685860227956
24.03903903903904,101.60108626765405
24.10910910910911,101.33074118021037
24.17917917917918,72.18870221411844
24.24924924924925,94.83743841819195
24.31931931931932,46.502006626306404
24.38938938938939,86.81567583723577
24.45945945945946,84.59853151154402
24.52952952952953,68.02668087953697
24.5995995995996,98.4945740984746
24.66966966966967,60.94930677613558
24.73973973973974,85.57272669760872
24.80980980980981,76.36661307034808
24.87987987987988,46.0388609644089
24.94994994994995,83.10200124312989
25.02002002002002,77.99695658988139
25.09009009009009,62.532374902691075
25.16016016016016,57.58177446356634
25.23023023023023,74.073964672426
25.3003003003003,35.40864417354419
25.37037037037037,64.38227945377088
25.44044044044044,77.3008925680283
25.51051051051051,73.31991522102065
25.58058058058058,71.72046589089734
25.65065065065065,96.43944712039604
25.72072072072072,79.48598963046783
25.79079079079079,95.01698340842856
25.86086086086086,81.70278678758628
25.93093093093093,67.40903911895086
26.001001001001,98.71040099648836
26.07107107107107,94.58881871462101
26.14114114114114,80.39439172508261
26.21121121121121,77.72194533535273
26.28128128128128,77.93808620595334
26.351351351351354,71.81961516993432
26.42142142142142,91.98627591837926
26.491491491491495,87.05062774339538
26.56156156156156,65.3288947499539
26.631631631631635,93.970434939287
26.7017017017017,85.7151801303761
26.771771771771775,94.87595876967791
26.84184184184184,60.82727453699712
26.911911911911915,65.05629340855991
26.98198198198198,89.13928817499696
27.052052052052055,55.14944591810283
27.12212212212212,72.4299074583487
27.192192192192195,77.76054726253118
27.26226226226226,107.50819626521334
27.332332332332335,103.30517757173128
27.4024024024024,63.87678331402771
27.472472472472475,93.8887560901833
27.54254254254254,90.42954895278402
27.612612612612615,61.929592666700245
27.68268268268268,83.58878414984498
27.752752752752755,76.95970232635857
27.822822822822822,84.17511663051461
27.892892892892895,110.84489872146038
27.962962962962962,72.4140529436005
28.033033033033036,104.98870344656767
28.103103103103102,103.47637642916612
28.173173173173176,81.31386343015197
28.243243243243242,110.23691574800108
28.313313313313316,63.53416608972293
28.383383383383382,94.69774475969415
28.453453453453456,100.76101810703592
28.523523523523522,91.18094838949874
28.593593593593596,87.4179550804838
28.663663663663662,57.81387221381732
28.733733733733736,77.54163503481904
28.803803803803802,95.37403046530054
28.873873873873876,78.14678868327428
28.943943943943943,67.49159207332764
29.014014014014016,93.54612700171248
29.084084084084083,56.912112059051324
29.154154154154156,102.94810685191655
29.224224224224223,71.34813178129868
29.294294294294296,101.00895809075475
29.364364364364363,74.217166550489
29.434434434434436,109.34555563263325
29.504504504504503,102.738802004368
29.574574574574577,94.85000647550517
29.644644644644643,100.18253579873377
29.714714714714717,106.04746992992047
29.784784784784783,80.69020937102795
29.854854854854857,87.13985334230865
29.924924924924923,82.15532194497013
29.994994994994997,99.2350447131469
30.065065065065063,84.25524812098779
30.135135135135137,106.35028298116046
30.205205205205203,94.05242161673979
30.275275275275277,92.62269019018493
30.345345345345343,97.63356351623356
30.415415415415417,116.08140474973749
30.485485485485484,101.34160184764634
30.555555555555557,93.0027704182183
30.625625625625624,78.16680084095566
30.695695695695697,111.22605083954552
30.765765765765767,65.93302245244456
30.835835835835837,114.44345523069674
30.905905905905907,92.51690679550731
30.975975975975977,91.81558989883418
31.046046046046047,75.06926949863326
31.116116116116117,89.24229774245258
31.186186186186188,117.86794831011099
31.256256256256258,90.19926001769056
31.326326326326328,88.25666491836131
31.396396396396398,106.13983336264411
31.466466466466468,83.63102952359621
31.536536536536538,72.08333504636514
31.606606606606608,115.87721186587645
31.676676676676678,101.56124381726946
31.746746746746748,119.77372274853933
31.816816816816818,104.37100768260125
31.886886886886888,138.66304639441103
31.956956956956958,132.71569633096618
32.02702702702703,80.95246749321386
32.0970970970971,119.4162813355641
32.167167167167165,102.09934963312848
32.23723723723724,83.08832073726742
32.30730730730731,85.62967790299129
32.37737737737738,113.05162148464959
32.447447447447445,133.80165226945337
32.51751751751752,95.73541810349442
32.58758758758759,68.57304785698784
32.65765765765766,99.22946709561306
32.727727727727725,112.07814401777449
32.7977977977978,109.62383421062442
32.86786786786787,80.88268175477869
32.93793793793794,99.28181764550455
33.008008008008005,107.40725029088358
33.07807807807808,71.92430945206817
33.14814814814815,114.64327207045571
33.21821821821822,96.69058944118372
33.288288288288285,101.33211827320201
33.35835835835836,68.87421004427019
33.42842842842843,107.56360833049872
33.4984984984985,100.38300721380956
33.568568568568566,97.08722660339077
33.63863863863864,84.9448677045269
33.70870870870871,114.96901005223381
33.77877877877878,91.28856160916021
33.848848848848846,99.47967393327589
33.91891891891892,107.83249499557954
33.98898898898899,88.10238878578208
34.05905905905906,123.74008480790222
34.129129129129126,104.10187970914157
34.1991991991992,99.74958472295756
34.26926926926927,104.50456805874876
34.33933933933934,90.11573638947576
34.409409409409406,127.75919327929587
34.47947947947948,95.30372404746447
34.54954954954955,94.1720271525019
34.61961961961962,101.51520437656197
34.689689689689686,93.60935528749305
34.75975975975976,78.24293637273547
34.82982982982983,120.12552383771147
34.8998998998999,129.50394658306385
34.969969969969966,91.34403102443048
35.04004004004004,106.22792856310332
35.110110110110114,121.99887486108459
35.18018018018018,121.91516046762274
35.25025025025025,121.64214238231716
35.32032032032032,95.69888368624927
35.390390390390394,96.23630712796754
35.46046046046046,137.51078493639
35.53053053053053,121.03997082711965
35.6006006006006,103.49801458492121
35.670670670670674,87.75969453063584
35.74074074074074,124.08868979388446
35.81081081081081,110.55923072371364
35.88088088088088,110.40268187390454
35.950950950950954,118.22323807704933
36.02102102102102,117.54781171220107
36.09109109109109,111.34252152612174
36.16116116116116,112.82054796733256
36.231231231231234,123.21641282363525
36.3013013013013,98.65141536068671
36.37137137137137,115.1042549606412
36.44144144144144,112.2721919248219
36.511511511511515,95.4885330848378
36.58158158158158,75.60066549694902
36.65165165165165,123.70388976831474
36.72172172172172,99.55121603391825
36.791791791791795,122.74583255797673
36.86186186186186,117.4949516169916
36.93193193193193,94.47567965794916
37.002002002002,90.03989729965619
37.072072072072075,130.56938045323793
37.14214214214214,114.63002959083431
37.21221221221221,120.95011765369634
37.28228228228228,112.17310983431099
37.352352352352355,128.49087765166993
37.42242242242242,107.33077519182301
37.492492492492495,139.7101777261338
37.56256256256256,109.03853940258585
37.632632632632635,105.8986042650275
37.70270270270271,121.88740001850189
37.772772772772775,105.4112581319706
37.84284284284284,113.7020140592574
37.912912912912915,98.41840252075042
37.98298298298299,100.75247073870295
38.053053053053056,117.45194959624283
38.12312312312312,107.47028139468944
38.193193193193196,123.77316989386622
38.26326326326327,140.7545718748817
38.333333333333336,94.30209528480594
38.4034034034034,101.02549192869597
38.473473473473476,112.66620553024585
38.54354354354355,141.28067982703965
38.613613613613616,129.59184211882723
38.68368368368368,146.90467465607685
38.753753753753756,121.3266495998384
38.82382382382383,118.71695489329362
38.893893893893896,131.00019974677994
38.96396396396396,135.49043254485105
39.034034034034036,111.86768342766112
39.10410410410411,100.03338587106043
39.174174174174176,126.83034538044754
39.24424424424424,122.27167912129303
39.314314314314316,127.81539843187268
39.38438438438439,135.92602414999305
39.454454454454456,116.33803156855618
39.52452452452452,124.31377204885713
39.5945945945946,117.95208055586568
39.66466466466467,130.6857787636384
39.73473473473474,113.51770306384577
39.8048048048048,112.69426093504978
39.87487487487488,118.54925279104344
39.94494494494495,78.43901958689136
40.01501501501502,154.98769472175374
40.08508508508508,111.53814076299598
40.15515515515516,120.24803650114944
40.22522522522523,90.1737785218173
40.2952952952953,146.20653996429283
40.36536536536536,81.89759785856538
40.43543543543544,122.75693709503138
40.50550550550551,140.1318549115525
40.57557557557558,134.4804347752615
40.645645645645644,118.77066863101905
40.71571571571572,119.22881921782297
40.78578578578579,103.96935264351859
40.85585585585586,134.74732261588355
40.925925925925924,153.2716829183503
40.995995995996,128.50974194835388
41.06606606606607,125.41060158883256
41.13613613613614,113.82739941045621
41.206206206206204,127.60166611920248
41.27627627627628,164.52213169097428
41.34634634634635,130.55155453424513
41.41641641641642,110.8647500014939
41.486486486486484,144.65580991905725
41.55655655655656,147.1371775519917
41.62662662662663,148.1888226420337
41.6966966966967,115.7573113606522
41.766766766766764,135.03721067222466
41.83683683683684,136.48965729715803
41.90690690690691,120.16066391391068
41.97697697697698,112.07542602250996
42.047047047047045,125.8127303109615
42.11711711711712,131.5419194404495
42.18718718718719,122.69536311707093
42.25725725725726,123.07890421880887
42.327327327327325,112.9816874931315
42.3973973973974,170.3836325032493
42.46746746746747,129.38690872174055
42.53753753753754,105.3926631538656
42.607607607607605,123.97102189339134
42.67767767767768,118.04369330286512
42.74774774774775,139.61215959114864
42.81781781781782,152.47789939086078
42.887887887887885,112.58669011920026
42.95795795795796,135.5353529601252
43.02802802802803,136.44925354035712
43.0980980980981,123.9458226735916
43.168168168168165,96.33166171340963
43.23823823823824,139.85915233011275
43.30830830830831,122.45794541537333
43.37837837837838,113.83141824604239
43.448448448448445,156.69875437719764
43.51851851851852,134.92108514903032
43.58858858858859,110.38302913485632
43.65865865865866,148.43572629828316
43.728728728728726,139.72621199429773
43.7987987987988,134.35470015283659
43.86886886886887,93.76619692828078
43.93893893893894,111.31995548012004
44.009009009009006,121.72013030082739
44.07907907907908,144.42467782621793
44.14914914914915,120.45924573700725
44.21921921921922,139.76777122528384
44.289289289289286,125.14297145656657
44.35935935935936,139.9312623215631
44.42942942942943,113.22800510665309
44.4994994994995,130.7707905622924
44.569569569569566,131.40876704841799
44.63963963963964,134.69873108953033
44.70970970970971,162.9007961381085
44.77977977977978,131.41741444798177
44.849849849849846,106.81667663550789
44.91991991991992,123.68817344363008
44.98998998998999,128.94760777304097
45.06006006006006,145.591596894585
45.13013013013013,112.3676478134796
45.2002002002002,113.34050260322073
45.270270270270274,113.64700841291065
45.34034034034034,130.77399179791868
45.41041041041041,154.09947198401397
45.48048048048048,116.3037261667113
45.550550550550554,124.94479253999064
45.62062062062062,133.73572655441077
45.69069069069069,128.49492059740038
45.76076076076076,116.71352913722737
45.830830830830834,161.0866519203079
45.9009009009009,151.55100940687458
45.97097097097097,157.4886306725739
46.04104104104104,106.93485807721463
46.111111111111114,133.30704639831788
46.18118118118118,114.48707718607253
46.25125125125125,135.03770488583353
46.32132132132132,146.90225615825372
46.391391391391394,152.52543717921486
46.46146146146147,137.9282205198462
46.531531531531535,152.41057341686866
46.6016016016016,116.25229445056145
46.671671671671675,127.3502547449927
46.74174174174175,113.4631285995138
46.811811811811815,128.0673536823959
46.88188188188188,150.29733489340504
46.951951951951955,151.83724798249864
47.02202202202202,146.0735574382327
47.092092092092095,155.86136997944214
47.16216216216216,130.38254632357427
47.232232232232235,156.55886491634308
47.3023023023023,158.2051002321519
47.372372372372375,158.5784663010877
47.44244244244244,141.04693429935043
47.512512512512515,134.09323696211737
47.58258258258258,136.91027953754727
47.652652652652655,157.51162328896808
47.72272272272272,169.91578770535546
47.792792792792795,127.39575573012259
47.86286286286286,143.99008048848543
47.932932932932935,134.40648000656955
48.003003003003,114.99682495244757
48.073073073073076,147.5219495181676
48.14314314314314,121.68732089149475
48.213213213213216,128.98401527092204
48.28328328328328,147.96602515227542
48.353353353353356,124.98856118255637
48.42342342342342,135.62980215200355
48.493493493493496,136.68686416420158
48.56356356356356,151.42029175417363
48.633633633633636,142.96714193753252
48.7037037037037,158.6417337235232
48.773773773773776,125.82733928476594
48.84384384384384,134.69757653552585
48.913913913913916,151.45165601984027
48.98398398398398,130.0368571368143
49.054054054054056,153.35848489517676
49.12412412412412,174.67036436399223
49.194194194194196,137.64549730076638
49.26426426426426,139.96950573176315
49.334334334334336,145.21418487911964
49.4044044044044,123.11796341273518
49.474474474474476,143.40696239832926
49.54454454454454,148.44593108268236
49.61461461461462,119.93051692393175
49.68468468468468,141.5174815813091
49.75475475475476,139.47782928377282
49.82482482482482,118.74622076860405
49.8948948948949,158.2368359369581
49.96496496496496,154.22930546474387
50.03503503503504,165.8519159688483
50.1051051051051,163.3513977024327
50.17517517517518,176.57351105806163
50.24524524524524,147.73855397660216
50.31531531531532,130.05277231911344
50.38538538538538,158.80606181326775
50.45545545545546,163.2417643195842
50.525525525525524,137.1254685876158
50.5955955955956,100.3787522524045
50.665665665665664,157.05302744223278
50.73573573573574,167.44222252373658
50.805805805805804,160.20671548091528
50.87587587587588,125.14792323105728
50.94594594594595,181.35305973449564
51.01601601601602,159.51362408900678
51.08608608608609,172.01787307721062
51.15615615615616,158.52695207335063
51.22622622622623,142.32550907906796
51.2962962962963,156.34511758479957
51.36636636636637,156.8539271001409
51.43643643643644,154.68532153618003
51.50650650650651,137.2439486748469
51.57657657657658,135.1085816462476
51.64664664664665,127.8493356559692
51.71671671671672,151.26437006691214
51.78678678678679,161.88141745962497
51.85685685685686,179.04411820367338
51.92692692692693,187.42075090536017
51.996996996997,137.9023122344493
52.06706706706707,132.02701871114328
52.13713713713714,159.11152554490528
52.20720720720721,170.843167495855
52.27727727727728,148.5137567441716
52.34734734734735,170.57137464373218
52.41741741741742,130.70595372219043
52.48748748748749,175.59374593570863
52.55755755755756,149.57351744598876
52.62762762762763,155.9633163072509
52.6976976976977,142.3337401226934
52.76776776776777,180.42072979854294
52.83783783783784,151.61520989490063
52.90790790790791,154.25963229182065
52.97797797797798,157.29686043747466
53.04804804804805,152.76366148938712
53.11811811811812,159.86792788700507
53.18818818818819,138.90430742301987
53.25825825825826,158.2521073393306
53.32832832832833,157.4869631049927
53.3983983983984,153.26791245276974
53.46846846846847,162.9370768173122
53.53853853853854,171.65803717429193
53.60860860860861,152.48428016168768
53.67867867867868,140.69275975731125
53.74874874874875,143.78772622034975
53.81881881881882,137.60634611383387
53.88888888888889,150.68972855558638
53.95895895895896,141.24220718107412
54.02902902902903,165.32510728867237
54.0990990990991,169.7675358591099
54.16916916916917,147.9790098327143
54.23923923923924,147.63155777080755
54.30930930930931,171.80203928990215
54.37937937937938,175.4156311306491
54.44944944944945,149.60612979952091
54.51951951951952,165.36819583176722
54.58958958958959,187.32379957031728
54.65965965965966,170.01729544683002
54.72972972972973,135.81012416915775
54.7997997997998,153.56296349697786
54.86986986986987,180.79324372189535
54.93993993993994,169.35898822590943
55.010010010010014,147.06858625037458
55.08008008008008,181.52304117921884
55.150150150150154,148.28335651726334
55.22022022022022,180.66396538927063
55.290290290290294,155.7243497679202
55.36036036036036,192.29672216417708
55.430430430430434,138.7121531265249
55.5005005005005,159.77300594123497
55.570570570570574,173.8190674835638
55.64064064064064,154.12571085552295
55.710710710710714,166.21375145020048
55.78078078078078,166.70662877434233
55.850850850850854,171.84475644692932
55.92092092092092,171.16134493594072
55.990990990990994,188.33443993748415
56.06106106106106,186.2065691086113
56.131131131131134,192.66962775962241
56.2012012012012,183.06327106995423
56.271271271271274,159.1473060207869
56.34134134134134,190.99123796077555
56.411411411411414,152.57724977245962
56.48148148148148,153.3966713263346
56.551551551551555,162.50191966454543
56.62162162162162,170.18284403836887
56.691691691691695,168.33302635850788
56.76176176176176,180.589872046844
56.831831831831835,157.5439649236593
56.9019019019019,190.4546081470017
56.971971971971975,148.41615001172673
57.04204204204204,166.63882594713883
57.112112112112115,174.13925207257418
57.18218218218218,172.091124903445
57.252252252252255,150.73620689622467
57.32232232232232,154.93384654318416
57.392392392392395,164.7831423409824
57.46246246246246,154.85724330754422
57.532532532532535,173.19751555947013
57.6026026026026,157.08421681431142
57.672672672672675,173.18975288752702
57.74274274274274,146.22969631937661
57.812812812812815,164.9318164791419
57.88288288288288,159.53299466464443
57.952952952952955,172.42027616722342
58.02302302302302,174.35943053541664
58.093093093093096,182.26016174087164
58.16316316316316,160.03011293617897
58.233233233233236,186.4058405362542
58.3033033033033,166.75497243766068
58.373373373373376,154.50644101113562
58.44344344344344,176.7773454462141
58.513513513513516,161.28784136572492
58.58358358358358,135.94835704958558
58.653653653653656,185.96854133223127
58.72372372372372,175.65700976358713
58.793793793793796,180.74372713340517
58.86386386386386,174.69149638007343
58.933933933933936,148.09076196778065
59.004004004004,169.0910307093493
59.074074074074076,139.08302835186777
59.14414414414414,140.6056072869237
59.214214214214216,165.3068833315289
59.28428428428428,188.6789378056842
59.354354354354356,161.6527993104198
59.42442442442442,176.4344936888635
59.4944944944945,205.31265512416354
59.56456456456456,204.23171447485996
59.63463463463464,149.1824038936478
59.7047047047047,203.40082536127906
59.77477477477478,204.46203858143153
59.84484484484484,161.26066827886413
59.91491491491492,191.33045997876283
59.98498498498499,169.90945535769313
60.05505505505506,153.78140717361677
60.12512512512513,185.8685285273889
60.1951951951952,188.98560803382566
60.26526526526527,160.33969996378164
60.33533533533534,216.6243532240647
60.40540540540541,184.26340281872183
60.47547547547548,162.10055850727454
60.54554554554555,160.65762655342823
60.61561561561562,178.26669727451986
60.68568568568569,138.4527872976769
60.75575575575576,180.3211356273629
60.82582582582583,174.40973675621194
60.8958958958959,183.19708503984847
60.96596596596597,156.45902754727933
61.03603603603604,203.46147063884638
61.10610610610611,211.81115063925523
61.17617617617618,209.33743104832726
61.24624624624625,182.177123165347
61.31631631631632,164.19644480063235
61.38638638638639,183.68601460765262
61.45645645645646,197.392604490465
61.52652652652653,167.8336367526107
61.5965965965966,165.09181765767025
61.66666666666667,181.56664248428015
61.73673673673674,187.56202410341882
61.80680680680681,180.48229740018854
61.87687687687688,180.26724961227967
61.94694694694695,191.0909769589559
62.01701701701702,196.37799781655852
62.08708708708709,159.72939251852654
62.15715715715716,166.88138847641636
62.22722722722723,197.43298175337446
62.2972972972973,169.827022009417
62.36736736736737,188.57702672294076
62.43743743743744,189.65052250133957
62.50750750750751,192.01443435297813
62.57757757757758,159.91348925859688
62.64764764764765,158.63611792902654
62.71771771771772,205.01802712909242
62.78778778778779,163.76688220556326
62.85785785785786,200.07731404963124
62.92792792792793,199.3516825081532
62.997997997998,190.9039218898191
63.06806806806807,179.25727102476853
63.13813813813814,193.45474244204715
63.20820820820821,192.87792459456074
63.27827827827828,187.80338914547494
63.34834834834835,192.36339979787576
63.41841841841842,197.86889107814034
63.48848848848849,179.7152587563976
63.55855855855856,181.095755846743
63.62862862862863,199.35948824506482
63.6986986986987,197.7734635740827
63.76876876876877,188.90763949583402
63.83883883883884,196.2807360053289
63.90890890890891,163.06837432573022
63.97897897897898,196.055803271196
64.04904904904905,158.34942567772285
64.11911911911912,180.4191479558022
64.1891891891892,178.05408649611428
64.25925925925927,187.787267591011
64.32932932932934,198.77507770745098
64.3993993993994,185.64617641035295
64.46946946946947,205.30577314701458
64.53953953953953,189.87177430033563
64.6096096096096,216.13308660246273
64.67967967967968,167.59094237092515
64.74974974974975,198.56512413094586
64.81981981981983,170.79046386882288
64.8898898898899,176.84634362626477
64.95995995995996,184.52006136718092
65.03003003003003,210.5518044336395
65.1001001001001,207.21359571500773
65.17017017017017,194.32953016269306
65.24024024024024,195.4569278044661
65.31031031031031,186.92630403630497
65.38038038038039,198.17997104573317
65.45045045045046,192.94937906160084
65.52052052052052,179.39417785970468
65.5905905905906,202.69469176240082
65.66066066066065,186.4118768015341
65.73073073073073,177.05269292035123
65.8008008008008,194.42102498041876
65.87087087087087,189.88562088214468
65.94094094094095,158.53735371333352
66.01101101101102,186.24623546129942
66.08108108108108,226.82886456839947
66.15115115115115,192.090957927738
66.22122122122121,198.1908227834495
66.29129129129129,209.02303488074946
66.36136136136136,195.5764202181877
66.43143143143143,180.77344905489855
66.50150150150151,187.0294381610345
66.57157157157158,214.95508332129012
66.64164164164164,185.66091854231715
66.71171171171171,218.70761110430982
66.78178178178177,200.70556439464877
66.85185185185185,197.12669793247804
66.92192192192192,201.75311129162804
66.991991991992,196.37397847522607
67.06206206206207,201.71979570765617
67.13213213213214,204.60713319688088
67.2022022022022,191.89461442109405
67.27227227227228,175.40255493765596
67.34234234234233,177.87697247534564
67.41241241241241,222.9080016330339
67.48248248248248,189.90168714403956
67.55255255255256,179.96482424912466
67.62262262262263,186.03591167624282
67.6926926926927,208.31566274393285
67.76276276276276,220.8538488697167
67.83283283283284,223.18058078940157
67.9029029029029,221.4112337230249
67.97297297297297,205.8738106245058
68.04304304304304,222.43064460846574
68.11311311311312,209.9161729948939
68.18318318318319,164.38466495139488
68.25325325325326,170.555855566325
68.32332332332332,208.20482204418872
68.3933933933934,190.48638731298138
68.46346346346346,198.42047372066452
68.53353353353353,219.25825228957413
68.6036036036036,212.51762377206987
68.67367367367368,188.50259591754366
68.74374374374375,198.86601641977612
68.81381381381382,191.25913093293195
68.8838838838839,202.99291125903733
68.95395395395396,228.743876789971
69.02402402402403,183.43457557738756
69.09409409409409,188.12308836023598
69.16416416416416,203.37980218217282
69.23423423423424,209.58401286032915
69.30430430430431,200.88049772472436
69.37437437437438,186.3540702707727
69.44444444444446,233.40118785233147
69.51451451451452,192.61561153401175
69.58458458458459,214.71487748042796
69.65465465465465,180.68314563937975
69.72472472472472,202.27792602967952
69.7947947947948,204.34516773822688
69.86486486486487,186.817390475421
69.93493493493494,206.2390174249397
70.00500500500502,178.39869137151248
70.07507507507508,193.3656522924244
70.14514514514515,196.9065253783437
70.21521521521521,208.5623841685213
70.28528528528528,175.60968890903433
70.35535535535536,183.68970639530195
70.42542542542543,203.09155699708984
70.4954954954955,198.28356022643712
70.56556556556558,205.93714757691228
70.63563563563564,213.98357444438165
70.70570570570571,213.69841766154724
70.77577577577577,205.35010022623385
70.84584584584584,215.96332513347818
70.91591591591592,205.08651925828192
70.98598598598599,204.57817481053556
71.05605605605606,208.2210273788455
71.12612612612614,210.12025309933367
71.1961961961962,189.08192148417112
71.26626626626627,194.4711069312495
71.33633633633633,188.8527301875809
71.4064064064064,197.91972867952975
71.47647647647648,221.59398485014356
71.54654654654655,207.26040154570538
71.61661661661662,214.02373875552357
71.6866866866867,203.94418841549108
71.75675675675676,228.96034925541272
71.82682682682683,213.64410100551729
71.89689689689689,208.17697316300436
71.96696696696696,208.46467202684684
72.03703703703704,225.00971900547535
72.10710710710711,219.22962880311502
72.17717717717719,211.13300481475645
72.24724724724726,224.6935936369896
72.31731731731732,213.5791707573486
72.38738738738739,196.90733884424202
72.45745745745745,209.84535314390783
72.52752752752752,217.4982306064702
72.5975975975976,208.07775172470926
72.66766766766767,238.53489197717894
72.73773773773775,213.8917797077223
72.80780780780782,215.55392101227014
72.87787787787788,203.76533221682237
72.94794794794795,206.9890253761134
73.01801801801801,197.75938123707635
73.08808808808809,271.5463318986853
73.15815815815816,209.67049237058353
73.22822822822823,200.81097119819972
73.2982982982983,193.56575603516814
73.36836836836838,223.7875429890872
73.43843843843844,219.91546397496538
73.50850850850851,210.75246265565187
73.57857857857857,202.4759494370436
73.64864864864865,203.53993190879794
73.71871871871872,212.66534758191935
73.78878878878879,194.08723457690937
73.85885885885887,232.3165164520766
73.92892892892894,197.89808792167298
73.998998998999,225.47680300042973
74.06906906906907,196.6328922805936
74.13913913913913,225.2183616098707
74.2092092092092,221.19943487760685
74.27927927927928,246.64124202949205
74.34934934934935,221.9564043845894
74.41941941941943,211.34622476545528
74.4894894894895,223.73060523458116
74.55955955955956,219.83054900279137
74.62962962962963,235.0758677560232
74.69969969969969,206.09069880185487
74.76976976976977,225.7400063001406
74.83983983983984,225.52846548339744
74.90990990990991,210.20184742579764
74.97997997997999,210.83983402039408
75.05005005005006,223.25638805533123
75.12012012012012,227.70915371611267
75.1901901901902,205.76359066931008
75.26026026026025,212.69162861635414
75.33033033033033,182.5642294994187
75.4004004004004,187.08206793117915
75.47047047047047,232.56052328208045
75.54054054054055,233.66583035284924
75.61061061061062,225.8608605288282
75.68068068068068,240.99418705369828
75.75075075075075,206.5324999847744
75.82082082082081,210.78194902524396
75.89089089089089,204.9777123540567
75.96096096096096,223.2870371612926
76.03103103103103,214.68410547503441
76.10110110110111,236.37278262718044
76.17117117117118,223.23604531335465
76.24124124124124,247.1010045128545
76.31131131131131,223.5241847868173
76.38138138138137,208.86746063316247
76.45145145145145,191.3089452161219
76.52152152152152,218.73380969774598
76.5915915915916,227.95110309575827
76.66166166166167,261.42487344314554
76.73173173173174,224.0588689927042
76.8018018018018,205.62648271248338
76.87187187187187,236.32069465498665
76.94194194194193,228.44575112923258
77.01201201201201,252.0789113727921
77.08208208208208,193.31329556116668
77.15215215215215,231.66534886866575
77.22222222222223,217.56572992844497
77.2922922922923,245.0153045320927
77.36236236236236,232.76262474413016
77.43243243243244,222.26411447841676
77.5025025025025,204.288849325461
77.57257257257257,266.6324391771477
77.64264264264264,202.75754984353205
77.71271271271272,209.10639095014227
77.78278278278279,234.08429696593782
77.85285285285286,196.44719589540176
77.92292292292294,230.20217744256908
77.992992992993,239.58052367578713
78.06306306306307,217.35932617895978
78.13313313313313,244.7179967857754
78.2032032032032,243.18719672624624
78.27327327327328,247.31167366942935
78.34334334334335,259.52342637280367
78.41341341341342,275.2325917177692
78.4834834834835,236.74435627825767
78.55355355355356,236.83196450052816
78.62362362362363,216.81079269571183
78.69369369369369,210.79573899482546
78.76376376376376,192.200492477574
78.83383383383384,248.01767782592356
78.90390390390391,231.84256029190524
78.97397397397398,229.20121437785423
79.04404404404404,220.4817597664268
79.11411411411412,234.62669851961923
79.18418418418419,215.66406075055966
79.25425425425426,228.6483107171304
79.32432432432432,248.56703492536
79.3943943943944,209.4803799651793
79.46446446446447,223.28531408038504
79.53453453453454,224.48078353566575
79.6046046046046,218.01810318936754
79.67467467467468,209.63547599337065
79.74474474474475,235.92513375361398
79.81481481481482,239.99048685580442
79.88488488488488,229.63113544534855
79.95495495495496,243.58594045360235
80.02502502502503,247.82346666250572
80.0950950950951,234.50015299380178
80.16516516516516,250.34584266451503
80.23523523523524,251.4125204599827
80.30530530530531,204.99179086305284
80.37537537537538,252.21745353785843
80.44544544544544,225.13507803024783
80.51551551551552,213.07947938648965
80.58558558558559,217.55572827659384
80.65565565565566,224.25127543340224
80.72572572572572,228.7317686833333
80.7957957957958,232.37077627413845
80.86586586586587,258.2167637766789
80.93593593593594,212.31673846907975
81.006006006006,244.97664596586023
81.07607607607608,222.387533531296
81.14614614614615,214.95563237215458
81.21621621621622,206.10788952943227
81.28628628628628,235.04745302584314
81.35635635635636,231.51161280861422
81.42642642642643,213.314531519161
81.4964964964965,230.33369747013805
81.56656656656656,219.0707802508998
81.63663663663664,244.16748082908796
81.70670670670671,245.4886881051215
81.77677677677679,219.35680279148275
81.84684684684684,225.08800937145827
81.91691691691692,242.7278910729049
81.98698698698699,213.68104555044118
82.05705705705707,228.38370494768492
82.12712712712712,242.54858953222592
82.1971971971972,246.88716999393512
82.26726726726727,238.3533794884462
82.33733733733735,279.3277732465626
82.4074074074074,230.68169323819848
82.47747747747748,238.86108497492575
82.54754754754755,241.02859695667448
82.61761761761763,248.57007477270298
82.68768768768768,245.46715256493914
82.75775775775776,242.27704990700866
82.82782782782783,220.82238952128725
82.8978978978979,225.5509331937918
82.96796796796797,261.81474584769444
83.03803803803804,244.92428451896782
83.10810810810811,237.9640525598003
83.17817817817819,237.43283952763878
83.24824824824825,245.15809149097657
83.31831831831832,231.18867319655146
83.38838838838839,205.5695531829472
83.45845845845847,236.448946218307
83.52852852852853,206.15787153573388
83.5985985985986,238.71454279810652
83.66866866866867,245.20726746640867
83.73873873873875,231.42837481247258
83.8088088088088,224.8487374804762
83.87887887887888,240.87822487165022
83.94894894894895,243.46560577696286
84.01901901901903,235.4881960954127
84.08908908908909,217.06700540945073
84.15915915915916,225.01884682899498
84.22922922922923,229.43067938634704
84.2992992992993,208.21834458937488
84.36936936936937,266.2026167453526
84.43943943943944,236.25294354061634
84.50950950950951,254.72276280623313
84.57957957957959,249.10813149161055
84.64964964964965,245.82118616623828
84.71971971971972,219.09909815080368
84.7897897897898,249.46958330388122
84.85985985985987,238.76514482141084
84.92992992992993,224.71577578582466
85.0,236.6864378496746
12.180436765992937,139.46911551871403
17.682376104008213,135.73484264886375
17.18954769730662,143.45845160410576
14.539367845976168,143.45973751771726
16.255452910642358,144.55330989903962
14.297304254290113,137.21595372743303
20.82215919105642,142.94665051588308
20.45871238002813,135.40593727498242
18.27962372184201,141.26669381530013
13.593679530128409,138.44160991207124
16.116804788248412,141.1213950398553
14.168689646504113,140.2053783213778
14.660247475708408,143.5609444599267
15.566229596392724,145.72521531281825
14.410489945117604,144.5587187714231
14.77530404790392,141.98153467398967
14.95107360111728,142.25464088047323
17.882997181194256,138.9158301372555
19.791624567255912,140.87380837394943
15.505841023523535,141.08092463542897
15.422818702404326,144.98761361016201
13.490181777900203,137.92204285638533
16.87985152770476,137.15963902513573
18.43750312262532,138.34566695065192
18.497249541883566,147.0663656939992
15.882661402859538,142.37498494305936
13.324500745478854,142.19434522865245
22.86455064636564,141.4789108714351
14.330467948621147,144.34878985911277
11.87921435252418,140.62168373410395
14.044147361092937,142.756530254361
12.012211351557529,139.96828164233008
16.574273750229516,137.20726516123156
9.766863996932244,142.31078021167085
16.653312575392558,138.45853308453434
15.706029605071958,139.5536977411321
14.222610778916486,137.18428234903038
17.552837779145758,139.34025130455802
13.62777200320207,140.99711550337736
13.825790213699513,143.4952600838226
11.047138556744368,142.11852585987359
15.032629707000687,137.91478454442702
13.97638926915801,139.4923975930353
17.892615138432177,138.68922038215356
16.38469318595604,144.07307101314194
12.728228370465672,144.40925072810808
16.725448126886114,137.61922180735897
8.200697748722837,148.27413590135836
15.654917211410392,140.12912538998532
12.455644301910787,139.52167534471428
17.502489033867118,141.17807376043078
13.93674115452809,138.56310166291016
13.162562631676654,145.3936870254949
18.88077221994044,139.73528266961193
14.818456329943634,144.3807000410219
16.296872949159578,137.1595148817707
19.95153981124982,144.40878009506775
14.690546382112927,140.25461201139595
15.22619398770266,134.29740501628078
9.854234120413295,143.1585334006798
17.711064999188665,140.87543494410943
16.177643111909923,140.54811680242477
18.593260568289935,142.45909849327433
13.855045306875752,137.26931197128033
10.423749870948106,140.27301340733794
12.511442173672416,139.3369907315079
15.160981438109156,138.52024670130365
16.759552443648584,142.91416373605114
21.64554213008974,137.96708423551166
17.42949029747334,143.94548125199495
14.432554036523456,142.57844629494983
10.48936738824914,141.37730341704645
15.637984015937993,141.24346347261132
9.28686637217122,142.84991492485767
14.901565742147529,137.95611132256204
16.055621309153533,135.21151167600917
17.97755533663787,140.76440814414445
17.30709702678215,141.6011208831072
13.815279802105332,138.8902539991546
18.18319188489941,141.16455995916635
16.12004436894112,141.42081782014796
16.56655594489248,137.75174252083326
13.578539158027688,140.1359235967855
14.592795853266075,137.9990900147018
18.163293041816377,135.87487535569585
13.881600209859258,141.69338660351542
17.308952955611215,139.6197525248067
19.701402044432253,135.30405566624438
15.859465121646632,140.35677040313846
16.50511440350894,144.2335546509629
10.930409012815876,140.63487446160343
15.797460219408654,140.66254394710631
12.620018585005027,137.8876079137331
16.53968203425954,134.98140602218302
19.075837192928777,140.87597426052028
15.010897557851257,141.9652050168416
19.125612249821344,146.11154630315107
18.32275779547795,139.1908016019098
13.21249313200856,136.3314570374784
11.108830139129136,145.47523255931384
16.43911206582811,143.23223650052358
13.376158342601311,138.83686772479606
14.34952190682279,141.86074528265007
15.837206232295667,145.13290910553187
14.670523951654662,138.19531992216284
16.536913901407708,139.49819850035635
15.00725040289736,143.59362035220065
17.9160075362337,138.95872162475945
17.062456068574992,140.29087128053843
15.375643762509974,142.35354174868357
16.000339577979204,143.5637554724596
13.170723136625702,136.2996657475771
14.477908506941597,140.53303462349308
12.603375827712432,141.15131640037401
17.052860742905697,136.77457165935982
15.594419314347789,141.16354180274422
18.761661704564027,137.46175207213648
16.126333324800026,138.46641882048158
12.715266644955358,143.4047664976694
11.71124329344838,140.427819790657
17.77426635061447,141.2428553835835
13.648438164796204,136.95150125655167
16.221205692074193,140.12929837943622
14.462811611904243,140.55601568522934
16.076255283619837,140.63839252560146
15.578631930928765,142.06806491772863
17.103539273898555,138.17551888531725
14.527643389162881,140.1781283648148
15.598239688074628,138.7710263322046
14.527015516427198,139.02904905227828
10.763778601991888,145.14811934702618
18.467354919334223,141.54209167427695
15.75032606473473,142.56224993002573
13.980354271206343,141.69411379886012
13.334509978654438,139.3888728020062
17.786943285776108,142.25198158425826
17.314172037977837,144.8313684623909
15.838990675596182,137.7272728557775
18.752755824798875,142.0236965701024
12.629841446815368,144.56552957443037
14.39755128050039,140.39351787563916
14.631886069315241,142.09663075555915
20.503768259839283,144.2170046592787
14.883799203466298,142.39920306615505
15.888903754549279,137.5257040097391
19.592352232301515,137.7319819661864
12.405075492474587,138.79359006137463
21.06410402208324,140.70449685418893
17.14518719294887,142.99032818288467
17.90333140688765,135.21295101813234
16.536922619649374,143.86272523689544
12.115334204701297,136.79009007859477
16.15403447671082,140.17410870023622
15.985049128846205,140.3778373262059
15.362132923655892,146.1660491723757
10.120940602162792,142.51087035292224
13.545834171072304,141.35628380367316
14.942253468158722,142.49389318772754
18.123051943723063,141.24185570050957
19.61148953992179,140.1533006588361
15.476460532404053,140.15230080321288
14.328988706120256,142.32935074883858
14.373500623423746,139.35556355202107
19.050058301509363,140.33195984813815
20.34005688243534,139.20243565194775
19.208843118389613,140.78955217966
16.38219388694311,142.41501492963496
13.213736289729443,143.27375990722842
12.367004501838665,143.403584313713
15.823413399581773,137.46366028700825
19.87993815558653,140.65500958621362
12.713628804581772,139.76173262013748
14.326314580908615,139.52214682579407
16.432262583346066,139.11953673605043
15.361942125873034,140.74099865046665
20.410793557839717,138.87994222431013
16.271864111837356,141.01333562662197
17.682169977675915,141.41289535803838
15.59917243668314,143.04571867855086
14.244771242955863,138.9661536919186
14.635662963799549,141.95929160168953
11.692996698910115,144.72519494310444
14.541125053148583,135.01891934899993
12.816947225874245,138.39980164488256
13.262565035274534,135.3002978609661
17.187712151807652,136.00114857012505
17.00344263275732,141.09895062348116
13.24432592367338,138.74709179975198
10.73639768604183,144.14839580782106
11.185148535494438,140.1264103061733
12.83896525840539,139.70857611982495
21.97961292139715,139.72877962481772
14.926214014038397,139.2413725494497
15.327867204645917,143.27072100075102
14.503706213245833,143.13243285546534
16.26823765205391,141.71899352506884
16.419345289243793,140.4157461662209
11.101101101098301,142.27125674622496
20.584438818061194,143.74744562443016
20.14055186117308,145.03587683151486
18.9333187074127,140.20302697771228
17.73831465028345,140.69758183615494
17.064463117282653,141.56327984344438
20.350345921306797,141.0090486283479
12.199031237356415,140.63079267717433
19.267188067737905,137.58487907023198
17.40172683040431,140.82140351209176
17.094517689412626,144.81965367471676
14.765519256592796,134.31231584572788
13.318253964172301,136.6153744257008
18.06957488555286,141.008532287845
17.89032286452828,143.37732050334256
12.820789139833408,138.85609441380012
16.825967706747708,139.70199071454752
16.13548400755797,144.33251098583642
13.204189829484706,134.12381146849796
17.098596995133008,135.7101854635244
16.578099415069975,142.73317740399327
16.52662737926872,137.17173534740397
19.688581865223508,141.68192917175543
15.98479550857104,138.08844310196397
21.270654721293916,144.63498846184405
18.363196207058518,139.81613881985783
16.0656618079098,140.57506450992418
13.7180165015622,143.37841098231166
16.44608654368504,144.9543956399639
16.224943050067637,138.4847183865651
13.776558489463472,138.09553499784988
17.05063209046994,141.13585331459186
18.960705229357465,142.7819587198883
17.326031419063458,143.0600424937999
14.832917852016891,138.2910952103074
21.179315761886993,140.30480841482392
18.876750787480454,140.9305357547043
19.396008641919,141.95803466767904
14.533983560176269,147.0940436614011
10.588538656901477,144.11150047493035
13.302892592483236,138.80296963619998
16.606918105235938,140.90495176353215
9.206338254905827,145.19728516911692
17.065640798818844,137.88598861086737
17.72753548513195,142.21560796503542
18.65908006354662,140.7358900262536
16.59681328459962,137.50437888514966
17.932746144993665,146.44114774246128
16.022029094380212,140.33903799406642
15.297407210156512,148.37070657407236
16.250255205110392,143.01487854890715
15.78956174757401,141.00887711511024
14.51460416576469,140.21138857911316
13.50605175781475,140.169567614729
12.82213154704432,141.4949287823065
16.21710922106471,142.61068573615933
16.385460014366508,139.1474958742248
13.977208589864908,138.51043724017063
13.889051761176777,141.10608472844388
16.06021561070897,142.77755965729887
19.798826002780945,141.6241985807431
17.67501269942338,141.2454863635591
19.91425203988347,139.1799638871974
15.103065303082863,136.40606787929232
18.918246163816058,135.65357041193764
20.2776483592416,140.48872155865362
16.642727777108234,140.07058566577314
13.353307226122197,142.206495798548
17.343436581673902,141.3513232420627
14.58863056184391,141.74923673304758
21.05945849451152,140.81993429425518
19.058667685422616,142.59331529017274
13.824204730051013,145.58883081500937
21.94835491889293,142.49640558956162
17.99634300985926,138.64847613002115
16.139934536998346,139.6290401740528
14.678959853253437,144.04844723763833
20.555309282155932,141.7518655651482
16.19200946326697,141.07148084374816
18.110716516576563,136.56726888703423
10.978305415735182,144.8051507963108
16.961023922918297,141.9097631326632
15.40439534396073,141.4069353254306
21.349502592373426,141.89857614475042
15.282355997742785,141.0140342173325
18.023912398189037,135.3185878687605
17.12774609893174,140.77151015094321
20.820642695068848,139.78451889517694
18.466732809522988,137.50051625159674
18.688003176684372,143.4002256511605
19.632018162497552,140.76065939107374
22.61333106900509,145.05869612368528
20.0783015958828,139.7026280443177
16.606873624059105,142.99290835613056
16.096273129720007,137.25875908592585
19.1291959374825,138.8244690969282
17.898134383731193,140.3124425781232
18.975703405490947,136.96752651878617
23.891448104227386,145.15403916298982
11.58963338666677,141.51277595537766
17.384178054017998,133.65440195223215
13.96775470984712,142.58702893316982
17.01144023191537,138.31636992865876
16.066364133445983,141.18262366843936
15.908246374544122,138.26114773299156
17.09164865795379,139.5591893840691
15.742967268682959,143.1479228458374
12.392053252283105,138.0702345917583
16.275798273283318,139.20168044925433
11.73232098462124,138.78257900520984
13.573684281775257,142.39179972346244
14.987248109586115,141.96272530940135
18.521830385483042,143.86310060640034
12.903646259646214,138.98171499339307
11.93810943877629,142.66359042397653
20.62602210515936,140.54686330093537
24.301124387718765,141.5949429784993
11.671478292604606,142.6278922697951
18.265017906894176,141.77565682951212
14.1572902522382,138.86810229097293
15.030512681669922,140.7161053225883
13.492741402349704,137.80190021949187
14.401664589990345,140.9474718293639
15.295359330528708,142.32545438834484
18.494492013048188,138.35402270963394
14.486917182276141,140.7400973300179
19.543222389380798,141.48408103646497
15.801258160672132,138.58205296686128
22.73595176485539,140.69092112607706
13.405161969892331,139.9045202559744
17.099456361526205,138.36700814185772
18.4892431549325,135.80950728426595
12.604260710686251,137.41853745044244
10.72479657506371,140.232632663917
15.561128878045345,136.3060663884594
17.734407651359174,142.84581254609844
16.15524567841986,133.7106539037853
16.504012525501214,137.6562386460851
18.625344165485643,137.80933254017134
18.816508727074776,133.8159807985542
13.757886714174225,143.63022262119014
19.159646891666753,143.23673061158536
12.590238336670664,141.15425820303548
15.620016445140537,141.5685494523963
18.395546257514575,139.51989470843577
10.983571894559331,140.77465939561407
13.984379308062902,140.9246988502063
14.413785635910026,141.33119622905357
18.365115819984243,141.3292058364256
9.84152102468924,138.42268368699348
15.504381585280077,145.23484129714146
21.03858015844026,146.99377790476478
18.039275563316355,140.0272814928872
14.227183961058234,138.17072423143256
15.136109540140122,138.41099439912605
17.02730549134367,139.52939253027233
18.59251922815777,135.44459306155665
13.864292122813055,135.91001371610372
20.863473209662345,137.94482315153323
16.79901083963843,141.90462251544653
17.726595155354264,142.29459548351156
15.387415308390478,140.27112463294088
14.923080787451205,142.906128652976
12.015214325861727,142.38541768128317
14.599266355073887,138.57827758759709
14.805311958593885,137.25246893336126
12.492086316500421,139.06298548925523
17.643588232359342,135.79432184253096
17.400250118156873,142.48918473723265
12.688455139958613,135.96656463898992
16.88937161405024,139.47939449519055
14.827786098905307,138.0905684266044
12.420569280678341,139.89905888350836
11.875878791492568,137.84062782938298
13.588526392656801,140.92949163540538
10.88412242359695,136.49930771332657
10.860525381909033,145.64751453569303
14.828436169269375,141.32724106469863
19.622938088619158,141.6105858218226
15.704242705732637,139.40078522503126
15.585879990886864,144.41398540946068
13.04904699939755,141.5404412775116
16.722001772262775,141.90695755963418
18.691543257482902,140.49662048571426
13.317023081937252,138.10074727387055
14.41335096409485,139.58583302256005
15.872468898196306,139.89448213981063
12.051993164837725,140.19666696279214
17.275342502958516,140.02884998225832
21.73728845047855,137.53648694322774
24.041409965674042,140.25874935533278
17.538956103182603,137.00657432060967
17.012908838564496,140.17195650135525
17.49136872844958,144.07213595134752
14.514747673681262,144.20763866228077
13.586823396184345,143.10727232257008
12.87913483208295,137.7516500180063
13.58099565767905,143.49749583658016
20.79661354872488,137.0763256477056
16.926907371135403,138.04723099269017
14.51071049042953,142.72173781898297
14.676849167358931,139.80307437171683
13.595909277850794,138.433837709254
16.293269727798144,141.736404110686
21.251680324891,141.80212823789017
15.01347688006918,143.10923998533437
17.63590357855273,140.31029345458725
16.977941596290123,144.17963321040344
16.786675007912756,139.18567653626377
18.25215802150853,144.10000715100995
17.840219151261113,140.01929562755785
15.974924295736775,145.1321205443509
20.810695366662443,136.4293946994752
15.34927602283143,140.13628398428796
14.78321757076072,140.5981468188003
13.572222488939456,145.2670281099248
16.786115930217008,138.51266974892707
15.227003887875602,136.39125831004506
16.616710378467825,140.83432232847116
14.91679833433521,142.2334057203663
10.854409104707974,140.75963650347495
13.080441775958652,136.73453173512647
11.462619182012244,141.31261028466017
17.505374002608118,137.33645038817207
14.058518412789782,137.78731218888723
13.29413337672132,140.1781853059593
14.021638709918724,144.44892578003086
15.979917345695586,138.8815864908782
20.74461248615517,140.083442244203
16.71231060982368,137.99376060979293
17.113664092344834,144.65430944571506
15.106747630941602,144.60046701774078
19.472807030187514,141.48329846318038
22.084319698765256,136.57134470178005
16.876744965814765,139.78584015035477
15.563882348792145,139.7132923485927
14.127298276975598,141.4271583867061
9.944471857086349,137.20071691394108
17.480575525314503,147.6086783618591
21.7795581288168,142.73435498007692
13.344000808032032,139.16315811106102
11.865047830781016,138.14581896259477
12.165363250681887,139.5499841148036
12.893443139708616,140.93542127337275
20.13579699844493,138.0162818163783
17.0500176257313,139.10121109051283
13.757870279066102,137.3764778386639
16.22535927407479,140.33191313740593
17.018781173403138,141.02101274150976
15.603056303666568,140.66027712986352
17.757933230668947,141.12930005088646
19.046948457219685,144.78696233335228
13.018140715031823,141.9002577529677
22.770809024853612,143.98843028098713
15.428986313589665,141.78495054865186
14.44140798911232,145.21847762948983
15.492604786545002,138.5162574023738
12.726773635625714,137.87503381864215
13.529501912650925,142.77964612342245
16.35928718930019,140.36940591113157
20.07417909509467,144.95855528566318
15.485492983496867,136.40413580170897
11.347123242329259,140.00160094748023
17.596343591658325,138.69812618921495
14.091158414793806,137.6945611618297
16.742525489557885,137.7798463801296
12.840896321477716,140.56075022318532
18.141906782088405,141.5677335771892
11.153742163795606,142.43677919726417
16.057121898752996,139.07893470072295
16.964521262852607,140.42109910804552
12.727309704132628,143.3776555305371
11.64592008789046,137.75635449886317
13.62970787517511,142.27354200518764
14.536729240205455,139.1397140231904
18.17314138298906,137.45468586601956
15.505861006140886,143.48083731347222
17.78355464472387,137.45039347430105
15.412034432693341,145.067837485078
11.93896473912722,142.33294903374875
12.59820946186915,140.98594276202368
18.49069800228136,142.28661869947712
15.653389119218645,139.77480939060774
16.183321966507382,139.48674887972942
14.504542874830966,146.18400296062865
15.24922137465602,139.4209485197827
15.698521373755897,139.03421533814836
15.391231732075111,140.5305297514397
16.433430416646374,142.54486901233125
9.289556597972892,144.40038942861835
18.22176787128347,138.85056969818461
14.31268328915799,145.23097346428042
10.903266021959759,142.71543380091342
12.500655021260615,139.14096962752382
14.51351020991765,140.72073890861597
17.681854098707092,141.4263338769732
16.953908312494622,142.3472240981769
15.302159662282287,140.81121876550642
14.58453549958045,138.68292211165175
15.367889253346602,141.79403050989765
19.608270385633716,142.58723525999335
16.121362771154217,137.64720093150112
14.142634436007743,139.38720689422468
12.803190053673635,135.9812758104528
17.699510779648868,134.98828058188926
15.750124446871936,139.4553065920926
14.88988909561132,141.8701039256781
11.408857985908263,141.73520394004103
15.342633857541601,138.59471699225972
20.63614996756879,142.57223587254413
17.98015722851386,136.05951086602593
13.337794626072014,141.22078122494003
18.642358119742855,143.9359270509988
11.566047521381812,133.14465424671187
12.896847408758758,139.71810648082638
18.986691256512387,143.66351998462758
18.188290672586433,139.86663614554953
16.773887639006773,138.43781580941447
15.586297569068021,139.68875296974255
18.622283489490446,139.58091570077875
15.760504255091705,139.65557674313732
18.306221035982823,136.22410530375433
20.902238705922397,144.8165529954856
12.588589199527933,144.1620534496758
19.19770278266482,144.92376234509362
12.543073615828066,139.02874680951248
17.70695730428185,144.0820028776023
13.373979566283761,136.25761168514273
21.119135559424357,140.32865027474844
14.491176450497637,138.2785473525771
13.481819682917928,144.84350437985952
17.244472148134264,143.4698210973631
11.824512515052001,136.26847133228696
13.611907343119814,134.39486144291396
15.922401995112242,137.48320666489863
17.04260146231307,139.9959442826347
7.956264378792202,142.26563659105022
17.954292333272598,141.06858824444447
18.20216282880772,140.34831314535182
14.076900271838804,143.35729456488735
16.779624017475065,146.12878763770223
23.906306554933742,177.3702242762265
27.798823770648955,169.04669121690813
30.222611943676498,174.00801363218815
28.290652115225203,174.3572579197668
30.92538363736361,175.29315321264613
25.79710853350751,170.52916115147977
29.999957772446837,171.60923918583612
21.670062338890144,173.97860810420138
27.840776756823196,170.87842836666454
24.546332982804742,169.95351595154355
26.68791822579324,174.02074605588692
27.061749689234503,175.55970752525914
27.83938913234258,172.0346872287088
33.472125653959985,174.93343304128163
34.22422565721014,171.3245670110464
25.973706492653154,172.18860922642574
29.454127050866116,170.1997072735346
27.81307845510772,168.65642880730024
27.936256758672332,173.25145261766957
28.98594410275929,167.34852577290866
25.70507905805448,172.38584674786733
28.68552404713032,175.32402401240995
26.18115704480769,173.56724529327764
25.09953618940969,170.837547586305
30.43385836064883,171.87144768413748
24.845029854074884,172.95586666692958
24.519108910514092,167.75790773027782
27.28871418370575,175.13847003351592
29.445101669120454,173.62046055614078
30.92623461706298,171.7134930432715
26.276403180349295,172.77504198161552
29.922598167463853,164.94183900985917
23.68152667423039,170.9344215485833
26.669272402552092,170.75547426651653
24.608279261040472,170.87439299690175
26.146724733360987,169.29022107780384
28.47588449602103,165.93539774519698
30.245513746572087,169.14229230795618
29.66608455117497,167.89202518450963
28.157828969978002,170.6931932203324
30.96567051434544,171.26683314952905
27.432825433905073,172.27781810774823
25.813824760093688,166.5625927564183
28.178193678148478,171.1621704423556
26.97806492508753,174.5201409788508
25.15060399168156,174.18849438049347
30.366769046951575,174.54040166762798
27.03862819148628,175.30520139423973
27.960309293238634,173.4673015883549
28.652094890725444,175.4143590467686
27.521852828847845,168.8849123620847
23.834551742868932,175.9231843501207
24.27201366436283,175.05220780656816
29.07551421133748,168.8882306648047
25.690553349106487,170.85369198708122
22.968367430091,168.38214481273135
27.426611802708578,166.61540689238853
25.506070554875087,165.98369051830423
23.375661348338795,170.54009090404068
29.737248108817138,170.63831079835313
29.08653413942469,171.65130619655545
25.812476947846346,172.5053493890399
28.718971371242795,172.42488021592987
27.981628003370123,173.7678166968132
26.013259640801813,174.18878024129012
32.0725618023216,171.36875525218213
23.906957931609917,172.85453450064472
31.916265792363482,170.82608500671563
23.119028140637692,172.47181140427074
26.38100198862351,169.5270591172149
29.31926751163358,174.21102137871284
27.847822071882813,173.91879078201382
31.360928232727343,170.3560305569031
24.842615947068065,173.74217986057369
26.76268758606519,173.58990450320368
30.951182203301315,173.2523004742965
30.511675171814826,179.51359015843192
28.91505435736591,171.6767214627367
30.194043626776974,175.2371765187433
25.808898131708126,167.65303985175078
28.669711523045077,173.17682252803667
29.65167500623925,176.67205430668037
29.5219917603221,172.59099213319988
26.317189544119504,173.0401166884738
30.084095719738745,172.11775440010803
27.399495272283342,170.38824620941313
32.40305942345233,177.02554673604604
31.308490584928347,178.5704320227371
26.010515029364278,168.17542396368455
23.58224073141783,172.55127313930583
35.17237540806875,168.11366113513228
28.979631998735968,170.78769771634765
24.66572314598377,170.10642762745354
26.37226819977457,169.5975942313286
27.824474218961075,174.19486541448384
25.561273853516262,170.76058021383986
29.027755112255267,169.29447760437088
28.46614014431209,169.49937228090732
26.612533849611676,173.74166650511106
22.128734636609863,176.99989285520297
28.472186891103565,174.28211862640052
25.459939925424656,171.03383879176806
26.103837847700216,167.92499772221842
24.287872514523855,171.7148580900077
25.934577305900717,172.3194706712596
28.229473925192494,171.64150599143878
30.170932317159913,174.53290370873697
26.722455372010348,169.44280253793173
26.293585837219766,172.28431056470544
27.22066514483687,171.5462100192285
28.52166734056139,174.3255973122997
25.820763347822282,165.81230544453666
27.55960190049473,173.97279152719497
28.9699616985823,170.15216678894222
25.36453339290453,173.69030587462893
24.715614200989105,171.36187393435395
28.01871955256433,173.92220751350027
25.129317966009722,169.41330106535125
22.102501343034255,170.95375464784732
31.520754139607067,170.3362674021491
25.9120061496665,172.69965216917547
26.030324489144082,170.42184314538477
30.93968194588043,171.8299872160835
27.137536994679955,169.6350062415456
27.62637789688877,175.44046792029707
21.573296608842178,172.10091838340765
26.89284078700172,169.35348590905792
28.783198603009332,173.04530511728706
26.520878924994477,170.03246486919164
31.571595933294024,167.19819777961993
25.412161385231197,171.64064965681828
23.43327769275022,170.08156470824835
26.427007115820757,172.45349322237917
33.387577522031236,167.3486261678255
31.375337509774624,164.81447771040754
25.48869164718257,175.07947918952263
27.544257932393478,174.55301799745138
26.649516420105375,173.44828822010768
28.271277199803734,175.07358179479616
26.269513874531988,169.55021587385264
25.794871802671857,171.41368853851634
24.535309415151815,172.82726556934944
25.491763255956432,179.04540747484108
26.000777747945705,172.50699035871335
28.86837524575529,174.8997067815084
31.400928562528755,168.34843150897515
26.940731694637847,171.22568465288782
27.508178773222443,172.13089755346323
22.345604617724327,166.19762949823362
25.85015962979946,177.461951099247
29.951316844829016,167.24986065839775
22.67489557603139,171.54645234357466
25.484479511819483,174.94420392253414
27.020149625878,172.26319169953328
26.109525565292003,170.02562475607118
21.306935197274576,173.69404173839033
25.264908810344213,174.287562636732
21.878511424955533,173.12532512174107
28.693942704710807,168.55597035470865
29.38994213745119,174.87391190549573
29.546257833752463,173.94380927062056
22.860725492643436,171.7056971414586
28.439653539566503,168.53359746899048
29.23554877758594,171.90491420619907
21.764896485966332,176.9894894793867
26.55886891075714,168.77952098197127
28.920880205574385,179.1230237925255
29.344388424261453,168.32024024995698
28.655717329012422,172.02120346557015
24.463024667401427,174.81995184554026
22.335108644386175,175.3105837432573
25.284722534581945,177.79605573174607
24.559721559628546,171.63901068869293
23.31363599897951,179.7566192387476
28.43124199423772,172.02061510295496
24.26206165145418,170.8770333680648
28.469411813776514,178.88370002973025
28.089699948097504,176.97906975831032
26.88399421109719,172.96403637358623
25.378908348248817,171.3776132748693
26.86027204578285,172.45046392378768
22.460530341569655,174.3036866909966
28.921283114114335,170.61599446464365
27.445729042575937,171.01520214100054
28.93882489664849,169.63330333351516
25.64258308967556,170.5255180913514
29.274717707940276,172.1952542290196
27.3890930377812,174.40057519829787
22.17475393339712,167.18978115985522
24.330927327086794,175.89697852104518
25.909367768192144,170.25320198992588
26.232735960365314,166.2598410703167
27.866184738917504,170.42710498647398
27.51148144288345,170.36512753600812
31.825236158585852,170.79429848302482
22.188803620317216,176.83023590277998
28.804622824155917,175.95391880252126
25.94559347177845,176.85824724895332
26.154919514493766,173.46753389463254
25.950650183786195,175.5244297130903
27.33883521804896,169.03310018366483
25.109003562739623,171.25293578404253
23.09844565566597,168.1988413187067
27.07399809704161,171.356741339837
28.180916248642376,171.6891986452477
29.245317298174935,173.11061847697874
23.327303343432224,171.13701247156538
27.08766361447222,175.50546233708766
25.52311799237524,169.88489855947284
25.321020753926078,173.88163509341945
23.845660595377797,176.68648731301155
23.928318459198092,173.48776084989314
27.131140617506144,169.19097702517294
30.600773663351717,168.32873081725086
26.38910658646886,167.6878705533104
28.279891185449983,167.3780272541209
27.664504103073785,168.67518371876213
22.10166033550577,171.52029066428835
25.541156767454922,170.50345500929444
26.366381095619385,174.095616870632
28.09301736243626,171.77642099833585
23.99743990907779,169.72941300735792
22.504508765911282,169.10918611797024
25.554352388499513,176.17599950292802
27.07088430377021,172.56955929724577
29.359008816444277,175.0163052442945
31.10893767126259,168.86204176625753
25.650536701940236,171.34022623234605
27.664646383040314,167.7982156368613
28.609512613260318,172.69050537287947
25.095689892229395,176.50739723094458
27.900954288306316,175.06337385459932
25.190323120548523,172.34317525583262
26.309321517982383,169.70884711978425
25.718518571352,168.80622145122695
28.517999933228754,167.617340748658
22.32282223277439,174.9078955764715
23.174334186025956,174.56801529295907
28.772845669794542,173.44377051609942
28.6706395196169,175.77933786898905
24.12757658777878,175.0098081239773
25.35945064833251,175.7894479769947
24.353940964783916,176.48051476169624
24.426081918585353,170.43826549226162
26.963934688972927,171.13049961762238
24.348794015052547,166.72570373400134
22.581868216356572,168.85829126187804
25.81068157891329,172.50462930824648
30.137113512718795,166.96775840689793
26.259003035725932,171.53382164610858
23.330733828598106,171.384174526223
23.6686326981909,169.13687195587235
21.898532883695022,168.44225006748704
28.42306202789994,169.57858278519168
27.135849017724823,171.57159351873918
21.522684269393814,176.15567913752656
28.690576761405335,171.83381364485265
29.26437771696281,169.40781740455932
23.435664324054077,173.16973184849493
30.639577910717225,168.5450587392321
26.495496983259677,176.41239618293608
26.66170743652878,169.8677084505554
24.4790807539978,172.15396466876183
31.30023229213605,174.06449711725375
30.921254402920663,173.39540596566533
32.72160719459214,175.30297514742205
27.680744512873822,173.82073035933917
29.167520595366668,166.62654028554175
29.179383754994404,172.1374906314313
27.097791795854366,168.29524325334583
25.93020608086978,172.8711315574563
27.972090351788932,167.80751823537955
22.74414213780313,169.18476183184325
23.47341375214327,170.91408795644793
26.478711134499232,171.31222744532582
25.0595574333933,173.7773646843798
28.11700487776342,171.0190001690672
26.927596235209112,172.20646891349136
31.42603633842396,169.68384148184538
25.60656087062779,173.99875758796367
27.680172740712138,171.72170221741226
28.58375731032585,168.95130322541766
27.849105084633482,171.83502419828739
29.038812889577102,175.40982910456975
28.6209134790292,171.75130760558315
25.804411864422015,166.51238200757447
28.83510769085163,171.27167107772541
29.08865094497649,170.22370908021378
25.891332148568914,168.40775661223037
26.105688298628802,178.03384788459996
24.0686860696559,176.2391102936753
30.470082297987595,171.4592224251413
23.371486417681446,165.23940587753683
27.445402602998577,169.281013539108
27.552491940853958,169.47730810534196
25.649817523264378,171.96578047080115
28.10633487114881,177.58019172432734
26.627469773785442,170.84624126305113
26.594024430619108,176.25257883592775
25.98050579211028,174.01909236568096
26.834223666389427,166.93973901594725
27.759202852750764,167.348701707163
28.677884254080496,170.7441079435983
31.997439121725492,170.23641916675354
26.071628399626093,168.03889588718528
33.25048435121192,174.9204458844857
34.40099076059942,170.1875449678831
25.576840805920938,166.4929303547767
26.271114519417438,167.13811427470839
21.153756494727354,172.8397825341355
26.27061308527172,172.8706415480399
26.804155982586455,171.3243600609351
25.29562577261844,171.7158845918659
28.37949346401139,173.16977941233003
24.88418261875326,167.0029798043795
24.812137417642326,176.64520633228017
28.84268736811983,174.5426521402116
27.75285255104124,175.57499371896952
29.921190636622374,167.07554858672341
26.287043552287127,171.41499928858892
30.37480325060561,169.37816027475304
29.004520019806478,169.05390968446505
19.14848641835551,174.20264374327778
28.129932920701293,169.53057168721753
25.820240912309952,175.5084445801734
28.20064447053266,168.21968681297076
25.308588841052952,176.61070802472776
27.995186322072975,166.71790562552977
26.483384436711642,175.59289436111453
24.452899973052755,168.63852883976298
25.991249862094637,175.17385675669794
22.027805464482807,173.79436424326207
22.871360238649963,171.44309622646415
31.145977671718722,173.1077044575874
25.825059160260828,169.55701613704332
25.826696012906684,170.68553355034868
34.97122866942479,171.83103452789356
23.100413729745185,167.94161947496514
31.088013204094636,174.47845194359834
29.649130871820535,171.5126172920737
28.864043756476722,173.24323753619967
27.76663969483849,174.19397034712614
26.677856543384454,171.23603597016722
25.268842595626673,174.26134809099148
24.84625851986867,174.09322281649426
26.6667589596653,171.79664126721698
24.47574874053963,170.17765263363427
22.15556386552564,172.68302015735728
24.386750716422988,171.23546273908832
29.96391018505215,171.30484098695925
24.432624011693118,166.570520127691
31.35679533657205,171.132344838542
29.691482433971856,171.51832927671222
28.362584742923843,170.4264133104328
28.21590505836008,170.74572003621842
24.335497905588237,168.6892526507099
23.354152303179937,173.93223051120972
25.79731360834517,170.4030187372411
28.743910664699573,169.78111243622865
22.210489961492428,167.8934359244813
23.37423335558371,171.95646239831373
28.292681630230653,167.1112321881531
25.930067351381027,170.19898349528773
23.79343948595269,174.2276477700464
25.824849056131626,169.69716164394322
27.01984831312719,168.77129112880738
24.972429314427973,169.02514256632244
29.02154155825205,176.34488861433204
29.516439228487098,173.2943543645109
28.080721157401435,169.3933191458668
25.706554140638698,174.0319582200461
28.436957991364412,169.56785665888862
29.539547352528217,171.89477055545512
27.55324280209321,173.66789612576352
27.62675199955536,169.36525896262356
25.370171231594277,169.91770259011454
31.842869415735617,172.16148285806187
28.439401109930262,172.702832338256
27.01161035082844,172.35608713581885
27.748137693757027,170.08962004368374
29.093335566763347,171.95502507319736
33.89377808062813,173.08469615028554
27.386984805124253,171.21934332738203
26.744365516211506,169.20560563313413
27.40610309244227,172.24716843320203
24.034734924171133,171.78130055411611
27.925470589660975,171.66414855216564
29.734987241832588,172.55026413595905
21.64910393027992,174.4328042743799
28.943862107749077,171.51954696630793
28.102620385003945,172.97498930843437
27.091635258301647,167.92064124144778
25.9221532978695,174.1829903072515
24.492964328884145,171.66122304833334
23.64399201166271,172.75022591615902
24.435944763979066,175.69646721219615
22.1738807787113,170.32800737336805
25.659481440701573,169.47557568106103
29.80767097713418,170.31382272312814
25.940584399968277,170.14622472804862
24.192096724437356,171.16418909503503
24.80302073305612,170.65332225728088
29.93016049156587,175.88697755306728
27.086828279285516,173.18670186931251
28.582323478957118,170.8409280148222
27.3407175809003,172.02157030698356
28.92346146277726,167.7549745372559
30.261694336902018,175.6644598934803
26.104739170624168,169.75199250998622
26.45000376151224,173.20964225171153
26.509060798863636,170.27372990088983
23.236964047434274,169.40997464733562
23.764489864526542,171.4026579685128
26.131287877348925,169.57192261251717
25.511301028788168,167.6250368128829
27.533047036143135,173.3498629566859
23.270533167613852,168.60066416771997
20.874086103270443,169.2138968547904
28.276451698670378,171.51228973804717
27.04539555660946,176.01182481447637
32.23313944797678,167.0779024833753
25.49581547478061,171.22168774832846
24.929070355348664,176.3593256212119
23.26846328286534,172.570018278713
27.782821851389677,175.79772945635327
22.074619345864534,174.65095316862818
26.87035957961758,175.2709248816019
24.51062335009695,173.13352175638667
27.75345534348143,169.5601656039478
25.6301920937548,174.93849190486642
29.843205692336834,171.91692555118408
26.96297371337267,168.46633552892987
31.028652281263046,171.37935394205965
29.537759981443212,177.20177323890894
29.778938471166413,169.38622520651356
25.20700435735862,169.8554759317238
24.52855000263421,171.4809843346976
31.835053281820144,170.16631626649468
28.466191488839137,169.05477498963802
31.973646362126264,169.625733208277
21.222208479812476,174.04874051818732
26.17346607057035,169.26562181312505
27.440814406090762,170.82751661157008
29.001624664023147,171.63541482611146
26.039063908532345,169.8047453549986
26.69096137004904,171.01920999499896
28.20200582961599,173.07236083072604
28.382076929119027,166.9072009459181
26.444317070212556,176.29569590047004
31.735279364060183,170.49501607822518
23.573457760062052,168.18410721944645
29.92055018713422,171.67497276260045
26.571440209805377,172.62514268304466
28.606100814930997,169.61906809799015
29.66227947112553,168.972357283177
30.372375349008138,169.2074034576032
22.312709463058273,173.2614735728329
19.216586683692185,169.65618752571012
26.303781255473407,168.9594864062416
25.565296540244642,172.1134379352404
27.389091108764774,173.58962171096582
20.96639326445954,169.99243906331694
26.478533721984927,167.99841689800675
26.0125807701141,172.91508681869385
24.594899014452412,167.2544719989058
29.307654909493742,166.8948050125425
24.40330762083027,168.6241977952815
24.05228551845373,172.10705523449892
25.724928926022756,173.75391948797915
25.4078893386224,167.49538779109542
27.76023173363532,175.21185074277838
29.41163289029584,170.1753980427563
26.36960091426935,168.3822104305798
26.031396095129782,172.94125558826394
25.397426249131033,172.1169602096866
29.236382554131726,170.8073007591127
25.13444662307512,169.6867022368259
27.90300704346012,167.02526228422445
26.8739313459215,172.82385197812343
30.242407069428154,166.7724723509418
24.613634459255756,173.4254863317946
25.932301185990024,169.8470134479551
27.308552789628738,171.79712388407415
31.169078341980708,174.16204144069224
29.37700611588328,170.81004741290585
25.043906501585894,173.64365898800074
23.825428032416173,170.16738639534944
27.203334906452152,170.8903377801753
24.8706727972375,169.80361693813933
23.527238992354306,169.01573467295066
26.517950495122502,171.30188295762764
25.021926890292722,175.7905402960197
24.36465116609488,171.72864045733888
27.048514800681176,171.67601257771287
22.975026992392774,167.17339858980068
23.230588051511926,172.8107845204
27.884128747863542,175.87051686284184
29.42169468684275,171.11134481603304
31.401828373591965,173.5226033276666
29.77514847764036,176.28903749725634
30.702016892469988,169.20038858049992
23.796420924353775,172.03678557970855
25.72915301416529,171.88376157462156
27.171512820843432,174.27633992166665
28.135173581226326,169.16442476463908
27.20802546738327,173.2121972380403
31.332367803410207,171.59114324861284
26.605478253708547,173.45646195437203
30.731739867253,169.40431223303858
24.076097582306858,173.60554601957153
29.429873213810424,174.13006754082616
28.534380926456066,173.07757893903164
23.995666191619616,169.5812933057043
28.48844893205498,174.37678392139262
27.364874485876328,169.4794444647307
24.49211366073822,171.76632944756378
26.6993845337841,170.1939186323198
28.863597041392644,171.80451488499398
27.43442769628424,172.63957235685865
28.875177713944154,171.37490623094396
23.720469787855784,173.49529944151803
28.62698710960734,170.09215895050667
25.952992839419267,168.03401586672044
30.865159311358344,174.57821568360362
25.35174815799145,170.23519389813168
28.783444024433994,172.74900996847558
24.241019735858064,168.0740560904239
29.958448400496728,172.20029448985173
28.207426157177583,170.1755895341518
24.463445073956606,170.3099282206587
24.701346210063942,176.95734921834355
24.5785008933022,171.84546034615377
26.381783521347725,171.63133952357697
26.484770238252302,167.9063511429834
26.945104654854006,169.02035913489757
30.15237137938056,170.28482725218504
27.93691788933537,171.26628963595095
27.54975899828388,169.0350284667857
78.87646079752342,310.9950433599234
79.85973246618428,313.0396835674304
78.97044978171155,308.23719610339396
73.51820355585429,317.13339950492684
70.405491535151,301.70496297240857
81.10114836649939,302.8855150285615
77.80624130905937,307.1938261213114
72.08111169975753,299.60461520986087
72.90219740164095,314.0791768965179
67.43082357043741,299.7591593870736
67.68142174372684,318.7013992455351
75.04319784397062,313.3750960147688
58.69938528097431,310.10358939258253
67.15638609670897,302.8812194461905
75.368070529425,305.80327639885917
64.3098904535993,315.82049565262224
80.54654083874325,308.97905210998283
70.65998945963662,310.4985053427804
76.51224147976761,308.0401348061929
79.26421150831281,309.0084338530654
72.82966391368821,304.13938895212686
68.47981176217485,301.88335289095556
69.6543475822749,316.24332519574165
85.35655953603433,310.70340214355974
81.24401535501615,312.33578099728584
67.79725865424709,304.1744949766914
69.15496584609966,314.47523025227287
64.54234463867859,293.8111520430839
73.35173358464075,310.4274583694979
70.4492689823053,310.9355526244877
75.43316572802169,296.5267099799396
74.04393004940151,312.6410596496744
89.65471856396809,309.2921883710337
93.5071631774131,292.18916805690674
68.8121970430338,306.90630928835105
78.44802341110451,299.28323972218004
82.71462391510157,301.2444608542324
86.35791688219258,313.3628391681521
70.61956897560587,301.02388306136874
68.8793604773827,310.75923238841
73.35689542989347,303.81975198964204
66.82959866173024,305.7895777287767
77.55018675426732,300.5640609257194
59.52848763689964,301.97387908089496
79.62315702759878,302.51458763261945
83.44426986847492,307.98379370036685
67.22254370840957,306.8842928553693
71.48528296737904,307.7530047234814
76.38301802131521,306.841281734219
73.9035728883495,305.19100491362695
60.78444167428245,322.20007767587293
77.67047576561615,316.88607510661
76.44252231108848,301.27152330087745
81.93070247680988,316.83558227977204
67.86278191327445,300.4899433132173
71.97407355281699,305.5954929202859
71.2053263682097,316.2174791104521
83.82153278854885,299.8543841437801
74.6360215002227,317.614156569635
81.80502407370787,290.39464084270236
80.29496268494877,296.54848481148235
73.98765452699398,309.7418494150375
68.37958868979555,289.08865701077474
66.20560581790227,301.4613797941135
91.06819351229207,302.5288379224262
78.67782343151654,311.7125739546577
73.45218033434772,309.9860873446225
81.81455497219942,312.7789641733861
65.64657632043001,310.13270696089387
80.53074034297916,318.91812957987344
74.45380804448284,308.7546976698894
76.12712934942068,303.3839259150893
79.8496241960722,315.7161418298165
75.81183776269735,311.79707867161176
62.965358349450575,298.3834190096177
76.16570089484776,297.6375099444886
69.22900144502181,311.4633668197484
67.83392185535754,296.899494240681
79.24420861266785,303.06890131948114
76.46630226835754,308.47501957403375
73.52156049309554,312.7269510825257
71.78768965342653,303.3573925422527
78.8290733938172,307.39504463043534
75.48093562701213,311.43247805768783
70.90595046205243,306.7374132092412
67.76000217945459,307.8498952925885
74.47617753100616,311.442945458553
70.90982374436835,296.30395607724586
78.4091455435912,299.9314061294467
78.07945170634065,309.74404174889133
84.73435583037033,301.94316913143393
90.88880875957678,299.27747276487565
73.48688837239614,308.749094544328
81.3933140161455,301.4109375233403
74.69617655895863,298.2045939381725
82.6722730115324,295.6744139591059
69.65448347541654,322.1704781717067
77.76460875283846,292.71269912916983
80.18191132041665,315.0642245147633
66.30416657477973,311.7679468804562
74.20495279147514,304.5991153640067
69.76460697581194,307.34622931363396
79.0615069373747,309.7309313098838
57.179014991114144,301.6240816104214
92.06326176764162,303.4122417834768
73.64117797320169,301.4848127733458
68.4655351024309,306.39445805197664
69.71931572931284,312.4660692167278
66.77310059758182,311.8157559126403
73.49194326796277,320.36358485318743
74.88222350941761,297.39135891926765
69.38558730270513,310.1821608815378
78.0483499934726,316.15019470997123
83.50055409199398,301.56811541586177
88.47663882729634,306.7938045580411
69.69447923907138,300.48324324385777
76.05382757706536,308.07700526708834
64.56300394253246,315.9871701218348
72.023808387307,308.1346848505128
70.83374320952115,301.2221552236241
76.73214441625757,298.46724902045344
71.47819099396322,313.618022127302
61.45136017406375,299.0832370362291
77.4123925741917,301.0476660764602
72.60160168602603,293.0778138122597
90.24356764016338,317.6663376127085
73.98286779262556,316.5045238304005
61.609223436022994,314.1753553873624
69.50501704705363,300.7153360148433
82.73368771105254,306.1661921063144
83.16363790265063,299.9736702646874
75.65396094730357,303.80020019570844
79.79232596670649,303.4046658207221
61.99360989749539,313.8522016919054
75.63121726183867,311.20442612761093
64.0333437848639,320.76725904826907
73.46583457995185,301.12798988467097
72.71511095691879,309.37431606257604
66.36917950349421,306.69989423526454
74.77929103583816,299.5255083131716
76.46553873819217,308.8900035054946
66.90105117439825,306.00767964317004
74.89045903966947,308.26271307636557
64.83962316330636,301.3570350685693
74.04160791387928,300.8480332714756
58.62314303967078,294.030313380395
63.63648490587812,292.9723185516313
69.30600111581862,310.96993096254494
74.33075045589642,302.7748606337791
75.28125585407216,306.1864645238244
75.43144733565383,306.84052059600214
74.67154107878206,303.0995642183574
70.3504572216421,301.6016177975715
59.45151890027378,318.6424345406277
70.67771976460871,295.26728472021864
65.2334540119416,294.9162350206791
73.62371189491418,302.9718756045541
71.51890309881833,306.75652188661047
66.06668595003684,304.575951316976
69.37119149731761,294.449431574171
63.91560474326725,318.47197664036696
81.25605445062368,297.0470452453878
74.0779230515934,297.451904754111
76.62918060102753,306.31304588186947
76.47066425082687,303.6287917197347
76.9253595214649,290.14310407444674
69.75952200587724,302.9000191855861
94.16696850144754,313.14797346666126
61.423104197551694,301.3200111806169
69.98851087880634,312.9232913216595
77.00099188374169,316.6555482182425
76.12316622783904,314.1836007812781
77.10520281856043,300.6654638862942
81.98883750656367,317.1454995675714
80.51405018198712,302.40166595197275
78.50554116774046,307.0953369007763
79.08949853035548,304.47753280881534
66.10485046296343,305.92000004635327
62.630496077922814,293.7329868477862
65.7015263269336,305.29287756896605
69.59795052131261,306.38446914128457
79.09657727332984,303.7070646039543
75.26088336901171,302.9214309451489
72.18212598768693,312.29548768022136
77.59984052183935,308.4467166746526
83.29362373587685,309.4258885841459
90.14334779604391,299.62088349886614
66.7512666614201,306.97477426424655
69.55687296240845,307.3080922817383
81.46539796842097,299.57331417979645
64.19329749182566,310.81457263620825
72.06353479639672,296.40603031194667
62.20671351322753,307.4244063376
69.09785153863433,306.21073509540753
63.524970473903466,310.0923799378023
76.07603635914587,295.80537668178556
77.75593699323193,313.2118927946183
81.50630149591092,297.43397212763614
63.65692475676383,302.8608219473562
79.3616598679277,302.49183084644415
66.56669095903597,289.9598456261236
74.84097712130993,316.7260697965563
88.82167548672567,310.8554975174254
68.65771163711246,309.1941182783627
73.71607053754887,309.2218984216336
64.44854528103257,306.9473092665874
68.57305331863886,308.61906282675545
79.0321867381772,303.50339453621154
81.4105885646606,294.1799863593507
70.99717810399709,299.35610329147465
64.7007212767497,303.1762969512883
69.42326190691573,324.49791264900097
80.48960867643916,316.104420745385
72.47130697800843,297.57070235212785
75.31661465723101,311.19077205784583
79.20802373696223,296.41051478916427
72.26912486476787,310.17274436311413
72.80490585727519,305.854393932871
70.70082282656584,307.2058874196373
61.99987218792432,313.16447890114006
74.67311043423547,307.1488337432156
74.37483175264514,314.88807404853685
72.83814078773189,310.3611402662749
89.0018121998294,307.7342626455949
71.20520526100093,309.06883438201487
77.49077963894767,317.22225480070256
63.43383500852832,308.8314657228191
70.0990815478514,310.77260958633434
57.62137331896165,308.28925099682
88.87401453905929,297.69748232517367
95.79838279074951,302.5198753279556
64.07198174689618,311.4151241459323
74.37933222245775,303.1939332744126
80.91225084562114,309.8160906595245
57.60601636761355,303.46349923769867
85.14855001514645,306.1238107761192
83.48987416725109,296.07409958489194
69.09778770395756,311.3193483883254
85.56896145098239,312.8771708223183
64.69392374490286,307.257603064774
76.69389554054708,296.99876211934884
77.3927795858495,302.23215074569737
70.19458405705875,307.91097620389013
86.13606182341957,289.6268310109857
69.8552062994354,298.1004903409573
69.3255133071679,309.94181379377153
83.76255318170367,316.59576685834566
79.49131015691617,299.5231570311001
70.35163888299164,300.21133956154176
83.07421716681492,308.40666102766914
80.36186843327907,318.2615700970898
71.50699702439583,303.89354467298034
89.92127867529283,313.58542724973785
69.20526241970258,308.25983286913845
75.14363730562,310.2426948124359
72.90333692071023,308.66165194235145
75.45175308399126,312.98006514633363
72.63246586106946,305.23407029265826
75.40645094855952,304.3024639480333
67.53466495092647,297.90503262636884
78.13503525874981,308.27967169990774
79.99229918915242,298.0733113511585
65.77538944312943,312.2663235427412
82.21276533279105,309.6710969435018
58.3992932181431,290.77303261498014
81.80983656148612,296.6585123933631
67.25513861555315,303.7321836845696
60.532172691029736,302.82830266415203
69.20396326232999,304.42396108549906
71.42559528202099,309.8712526900625
81.65054246487877,310.8904621365134
66.82258913193732,313.5291993272576
77.401034836346,304.4207295613265
87.18783463365448,302.74275394752914
83.9394486822614,310.7375174561902
84.17236412044366,303.99792776787103
72.04756877631212,300.37530221771596
65.62300600823296,312.0582968853966
73.57340311706938,304.49332492564764
80.45928025789539,309.43953975284643
84.22789718995475,309.88076995588045
79.20267272361528,307.74827377437646
74.63457706596665,295.27485020135373
72.05165165430539,307.75031081107005
73.15073174972996,309.6573620325723
79.96989105089742,301.1567553108686
78.4747751068136,309.9986237320393
68.62268862504285,308.5864206236513
77.92148800392482,290.4821997530896
65.74944935591193,289.3550734329132
73.74142062905463,308.92168670962053
78.69104094588614,306.1239994449598
70.39793473194665,307.949760048635
69.37314944082065,303.88297724165557
79.10650700373358,305.78871540956834
78.88677444354693,303.43749819620723
74.43888975099922,301.98321883297035
75.95700699841348,313.18671623523437
60.43344118028938,304.2694169797801
62.0733621152652,302.98796536103225
73.55742575126732,308.4395357676882
92.69968676645064,303.3388310395675
79.31753485120537,306.1940570818696
74.22900787319738,295.65698860950783
80.25609264656507,297.120303915602
88.05543764031009,297.5483497639033
76.86251775268543,305.2741665039421
67.66551921733495,301.0480700544798
69.84590401854176,304.95728753732243
77.18847748030949,306.9332098902524
73.9062246961581,303.0485423756723
78.79461631058248,303.6705727770945
63.80234502970259,307.1393451187472
71.59074776302263,309.9396892807889
74.1240399512239,309.6842933601316
76.51939599666582,300.3075231124488
66.55484815108987,299.2581006222799
72.35092828950758,311.375288555874
74.55446425942995,311.2974770093336
79.4847553412857,309.46039974921183
77.85702851947188,300.0245619965511
77.15972640897952,293.3454594898123
69.90811332358831,299.6927633866773
72.44969853608943,320.28100868561154
67.53597356167451,302.55695504484675
79.16105676854114,311.4791315800496
73.44077253805267,316.4980531564035
68.1583543038839,312.99028427385423
75.47234921688333,297.3845699399374
80.49500607618444,309.5912983090462
80.72403912883104,313.08058850437334
64.55850138306,313.27341186929806
77.63076309402277,297.8225894036436
81.81199521307906,307.3156713035561
68.3162639452738,302.84731193167755
79.56261039813079,292.9371438318275
77.24531801840834,318.66332429371033
77.31061006862465,298.0191838368131
67.64548654142276,296.59171100252763
71.35892224662541,305.9223542180263
79.28272709658319,314.1851193725717
70.21749130750534,308.5071741693945
74.26908313941715,301.50469287967434
73.51168953349816,307.19935178565834
76.15427184708005,309.5440128656092
64.01544119617603,295.89710936973387
77.30947845722454,309.22220272619813
75.36695320563672,302.65122744110806
84.13985614675691,305.70956677708347
72.34757931044906,309.3992926821175
74.66915171431327,311.5044572102731
73.13377548692948,297.7611308763654
71.29498595551446,302.09623235848
75.70210629113646,305.5160959540288
62.57728463468667,293.4352340521062
66.86597145382261,310.367398561446
65.93193341274002,310.80467721544096
74.23632703811258,309.38836868912455
67.47621994155415,299.38451559520723
71.72630209182793,303.9466989333471
78.65218999814617,300.21922102625166
71.32876390539126,307.3140219516665
67.07239420018226,300.622564354027
76.76162666931074,304.64254793191236
73.36183798494189,305.5672367101299
69.65721614822108,300.48591694468166
67.40088046385418,301.42936909490766
69.4954953562659,295.03260017979073
74.56895467001873,312.00734582177364
76.05679909614373,307.06461216752297
68.90007424962572,323.2798163367158
60.877883855385754,314.9766191508244
61.227056111791946,311.1981326762535
60.79905316970917,300.7364705199481
70.08392493586257,301.1411360145981
58.43080632152146,308.68586882342504
70.1897261782536,302.3902782690969
75.21487241695513,308.4632503176095
77.81783273220944,310.95750366929377
67.85630075399453,300.32474989216365
74.63541643967055,318.1389922681253
82.58994166768929,303.84777581109256
68.39374243617131,312.57108699843343
78.62875881504856,297.7706754228246
81.98664868556025,304.96977876103693
71.63255922693259,310.0457295997022
76.82050435594329,305.68380014488247
71.70293106703492,302.2100176340232
77.19631220491819,308.15212220712164
75.00744228623346,317.34082121332455
68.4484870833883,312.7606556784218
75.23487995484322,311.31876121491086
75.98447568809762,302.4629585390928
72.53832555699142,304.30473648041647
83.58954890299735,306.9915213184784
65.53162328162355,293.29580883190346
70.26468809948555,323.17168722235044
77.65751264936716,305.9533693485772
67.35396486777972,314.4554357520705
70.90736841687529,308.9883255126574
68.76389053381665,300.29329308293177
79.84122604789623,298.72963054829336
66.22245226094701,300.5942038454133
75.61251091802623,309.26026568626537
72.68626260292318,305.78547309089066
77.0190654589076,292.97037022074454
68.27409754661358,306.2740249160834
75.39288199751661,309.836372361094
73.06811564136358,300.9806370983109
80.2644871990233,309.866588944417
68.90008836731104,299.4801909298395
67.68925094575245,297.47099986475183
61.902185251323125,312.27559911159426
72.2697742135958,304.88871942150803
81.27627552646445,306.7355005785072
76.25510523402603,295.844247451477
75.17365380047073,318.1530879723295
82.89758433598456,309.7438851482953
82.8109894686525,311.5787811600502
71.96422920979775,317.4298557338738
63.2429251505575,298.57734350313683
75.44941297035737,313.69596227059367
75.39423376742079,306.5161238873714
76.81087164931246,307.71763939672104
58.59417701535058,298.0356332989076
80.4703661527494,323.8386960458803
64.75777998082073,306.274481652967
67.73727652272721,313.02328376690184
72.35250002579149,297.090656049325
75.49657572165125,306.432860227836
79.16684090217767,299.3882745876128
84.50611871012053,318.1887772821194
77.58955465119746,301.2559345009237
88.80458621400447,309.1316626583309
73.87914712770531,294.78470497676284
71.99227107868099,307.78678255254295
72.88721610579374,314.5512631122837
74.48308884835235,293.9880116095296
83.31840851486226,317.75888793953357
79.13211868318925,321.1989003254872
70.09375138646142,306.2404936944915
77.56773505607767,304.11792384903873
83.78589384723904,295.3587370112105
62.52899055755498,304.60928032897755
81.00244756262005,301.68884613869415
82.35437186478838,320.1588981540519
70.01217059703708,300.379150918927
68.03575806291107,307.40945863297355
74.93855595244568,303.088517961141
73.14230894198553,302.8761605732527
71.83646236910155,299.8945121113195
64.45586638183207,299.20355348161013
76.06154279251923,311.73395056307487
72.96647942566928,312.2489663090129
89.17246341902577,304.7139957276807
82.93647694434485,295.2442797894146
71.5659414663207,304.9671331528566
70.59964552397784,317.23874384100657
68.26203025157292,297.5791659961749
78.03184296032701,315.67273648825085
74.56641964019778,309.4820534038797
67.49858370443611,302.68769640137083
78.34357798069945,300.6729771511694
76.98876519782243,310.6984728586574
75.90960833493342,316.8896875850269
71.48015071650211,299.39697888284906
68.29606657437988,303.0798039395508
76.72237719149311,312.8438985492572
67.7677379463701,305.3373939865884
82.23382112969635,318.6069302101266
64.99580973665415,298.6600409510022
79.05117715071898,312.4987510188298
71.56152712833118,297.53529413545544
67.0547980033557,304.2845517993791
78.04512342564541,308.9697965476307
83.19731462496839,302.85303077073763
66.50515183491223,308.08287900250946
85.76952574559084,296.7503668008118
73.165685347321,311.2542082737565
68.09473008176526,308.14986133612865
74.2498207581436,306.12532304831774
72.37375019279575,297.5931932777102
78.95871687880165,299.5080321103352
68.13860527817876,304.8757972308978
77.3615713713433,309.3007408206426
67.77300689633452,310.8477457839726
72.71520393622879,305.4858952780578
78.218280417761,303.22437156619173
72.9699600957376,295.8017560950068
77.96990745202109,313.49297532407047
67.29094446905265,312.93027891892075
73.5786086778168,303.6056738491346
72.60178325390773,301.4685420425509
75.0633769871494,315.5489179077978
74.98146288610438,310.5326094077458
70.0438320986785,292.31017323023366
68.22324364030821,312.6155263432051
79.40147680757383,307.4313233603038
68.08248986096537,301.5584648367626
80.0678966685314,294.9223780277688
77.10893761004742,313.58707850389374
77.89897889336963,308.8652437107381
94.29141341259346,292.4828055140186
77.32628223846962,309.1623011051609
57.48046294218353,310.77528066065497
65.03955585035203,305.4774842472921
71.55336606633348,291.586713122023
76.1144358707551,309.7959547634622
81.49233250390456,301.38212811174185
68.9439792709125,299.0228944601687
76.88595833706944,304.55813527317866
68.36701404502719,298.0415602657038
68.0930581979783,314.1182095717636
85.63666394066128,310.58688297969525
69.79721254251109,310.41157646439336
74.7078657827669,313.6230616615384
65.27767974683941,312.0275328800708
81.86899029503172,305.5564090444889
62.530636304921295,322.46932205267484
72.14523679087613,302.61059782395716
87.67074734138717,310.8478222159647
78.97141913486993,294.4863092160183
75.51038123534234,300.73645152535397
78.74213213980677,308.2591671278384
62.189115304239145,310.17852309404935
81.5064158988237,311.77688264791516
78.46811894191241,299.49464841351625
69.11079488386495,309.6399073525752
80.59141775531732,295.36892294137937
68.82797773871651,300.3596995272503
70.05084576317446,319.7277525587556
66.12321793061834,318.7598805061465
69.13760913356087,311.23168542440567
69.73910197708479,312.89503165414783
62.186069692994266,294.0677880114496
79.30214872564208,311.2711498771675
70.5877071020985,291.5156331794129
64.28172102196694,310.81067512755703
46.084296941974685,200.86546353689673
38.190198572323354,209.8360065534759
49.829319982537,197.33585473908457
34.652601790249264,215.45012208446647
39.60149350986452,200.30399173472114
38.33235823744991,187.088056750893
48.64573301642311,194.39222408874798
38.79666425299151,197.68849525370877
46.95742694213651,188.12710600758265
44.213978122960675,195.1686802571391
35.273501146118214,187.68719270940727
42.98171271046504,206.94420991116635
37.22292346819374,197.46359584849054
35.88603014647712,194.88019163221733
58.492378329491544,200.12722258413478
50.62875105891224,200.83099142217046
38.24773097522175,190.56205311625084
37.26488692405454,189.3166246356797
45.3579552710093,194.99818722243427
43.36498704096855,205.37635540232148
53.57814974385579,194.97374463452135
41.06877871948369,197.4449159747178
49.83673274492876,202.7278735331591
43.610158448194284,205.48101187136155
41.74059680873053,205.6831712113773
37.66775907991345,200.40890560238182
44.197236512663466,190.36748503144
37.18101569728969,193.34128683028405
40.9957098767121,195.73652113083656
37.19369211107219,191.5694709535714
37.737133719229746,204.12278198170497
43.69000410454455,199.12879093918866
44.30722939480118,206.67945214358429
43.086703128619575,202.9313583882203
50.22206442408809,206.2006323134534
44.71858267589768,199.69255033008832
44.69304471116264,204.84241246981335
43.915976796777436,197.47873885558496
47.33589693083156,194.800379597191
44.98090222515204,194.08422090892554
42.74717552810447,187.99034534262745
39.26430198255225,194.51545776183772
37.3040236930132,189.9913801307775
48.480856030852294,189.7261709283581
43.54187547256216,191.88308913010002
42.96138946622479,195.34099148387588
40.162017790230166,206.18598775391942
47.17386983576506,191.50667305236126
36.30881670712272,198.2041104546245
36.126038404722806,184.3801429992886
43.567119780314776,199.80198997589213
48.1000955207253,186.6629991107267
45.99042195545828,195.93313869507202
43.21357256996065,209.7484159674091
45.64540843208733,190.38644028941943
40.007171738488765,189.29422674248002
39.65822580269799,200.2668480498298
42.250401548583774,204.77080136299034
47.41925364692748,187.64823423433705
45.11555777548677,198.38593742228454
36.98498036130762,208.90753514766746
51.99321313127763,194.49329060691196
44.301093482810096,194.61112235128107
49.071278677615474,194.153598719054
44.14610457726866,206.286195528912
51.57865709110508,201.07703994034117
49.21080992767582,197.12067250257076
54.8536539864735,199.72245898568792
41.674631408619454,198.79352982612818
53.265440965715214,196.32093335577716
46.153252841366744,185.72404249083036
54.979296011016615,196.03811118947092
31.873278682535812,198.10869563772033
34.458525871489485,198.39584446308595
30.71531328764962,191.948549409273
43.96477423834657,199.70491061316864
44.80367350180908,195.0442500669703
40.85836197140616,194.52760202771708
41.73707588273304,198.10673961742464
36.97477675439771,187.89322921376484
48.113128287148946,194.73592341102557
30.44913646964168,210.7500314137164
46.033048699548836,196.2089527607912
48.77380664973863,201.3691421901292
45.73669342579479,194.09250049625638
29.085863630079665,194.38738807312922
32.9294311294081,182.0834315136196
49.34415785664141,189.804784202864
51.402418616140224,195.7541152881186
47.86522828209697,199.02831499875913
44.7173866869493,189.386302239113
45.32673884294877,199.33533941763966
33.10585005763063,201.9205255181785
37.12276105618257,215.72151671187538
44.301818754630496,192.3626637897985
45.93583346186264,193.7258097511695
42.43053554974534,197.1099868641687
42.637779439541724,195.7952384912554
35.92418454402518,205.47344310498315
46.96171843616678,187.25053859358798
38.54581795528161,196.36330536333892
41.28909552479211,177.2449995092154
43.54460769755174,196.73083863649805
42.17700598961918,195.26179773614814
42.066292048423726,188.54544467328716
42.74751983232934,189.21455914269802
39.815510157359874,202.71307747066786
46.84297399710913,205.79975904654262
41.32528890398167,200.7115696993202
31.783345957574106,186.57425195203925
54.39430194489992,194.94154843686965
29.602351677925625,198.900213135722
41.900612929464295,197.23919272551424
40.66048001190842,206.57293010825936
36.500777725577166,202.2000115146386
26.035292800794178,192.13353256521503
49.60333243066535,181.40805714586386
36.61179242764165,196.2309761349642
42.59864366902719,198.744533918591
44.1013876092085,199.20389018642047
44.08048595212533,195.2668215103035
47.29158227356058,188.80500273407003
45.95874904833954,200.53109096884515
45.074914042415664,184.9138261729198
44.489940960775314,200.72330879228085
34.11976125677715,194.4332753016625
38.94300777813866,202.83155437433032
26.54291886286154,206.56574348146478
54.18924412821463,209.5046626602995
33.880071585979756,200.1568576888591
54.67548704514352,201.94029132728076
43.76488002666438,197.03696611723996
45.072465073391136,196.30891266220283
35.327057382109075,198.87050080187706
48.565480624873885,191.61832086156164
54.86864410216418,194.92618596871222
48.40490071425623,199.3247243543308
44.3042038167473,207.89045009478485
39.94186848911026,188.8546512255005
25.705177141615124,205.48933103490663
38.62138854697933,199.0700241094878
44.12376966444267,193.9628497333887
40.40978862393976,202.4567268162305
46.838256048454554,208.7860500994751
50.919020802461894,212.27758598560195
30.533674126365987,195.4043674601973
46.40117484058542,200.96990180152935
46.942326532260175,197.54189548130253
56.25727857584818,206.6180328169564
46.04353817246016,200.19053817351016
48.68125978941973,212.65170735276595
45.369231499674804,207.7351860440199
42.71896460384254,193.38155468576323
53.02485696438805,196.79383210952358
45.161652077324234,211.59034612277168
45.46196300483375,198.97890941138613
54.04524677556653,195.34280217395565
51.812070580504,187.09689745326918
41.16931315301573,198.96071425462233
42.079075615507286,194.5970247228824
57.21211675015514,200.9328046825113
46.50718739757118,202.544164605403
43.27032420311859,193.2226279205496
44.90251094473086,195.8651456785561
50.23642995208253,199.97167587858377
43.469706899987955,210.712677490168
45.93848842528314,195.8786772632789
52.66061413519981,196.73112504941062
48.67528479811659,197.00717952831874
44.39506638627652,193.41950987992075
39.475244395406314,211.8746739889105
47.77833918097616,197.41830384865708
48.413895469230155,206.40735818174872
33.92336782709436,198.74055541391797
43.71409660824937,198.86066428775726
44.149017154351,195.9320656350138
45.30177860686785,187.65866680627616
44.66021108626724,188.8106509935729
50.175975052063535,192.69571266660986
44.338041985656034,194.5139783278482
38.57645254267939,194.53078326775153
40.59341391543368,195.3391847001345
59.07646135734808,201.6983541641906
48.940154546496316,197.38433995650905
46.7251707315924,195.15027681812035
42.31672658841008,186.34301230954264
31.111065031914357,195.7277038785352
54.7151064450168,200.24152588408958
43.10770910545282,206.54485455299513
46.73695239479932,187.5306678021508
35.925405820967086,190.3976010072125
38.50538912378057,203.27252854041808
33.4698260386212,206.47560659004407
41.4823626271677,194.2621959222041
35.71645907194937,202.77302214803115
47.06735646779643,203.9879923286926
45.198162127238035,201.99610676752323
39.53148874523395,191.06256809890002
31.048443284616482,189.50199199784035
54.796744379093944,197.47551082668627
40.643522085158686,185.343253941476
46.53847357312868,200.94777210637244
42.826283904891895,192.54918086609686
51.21775690743045,191.44864525350084
59.699268991651024,210.78185221592992
41.09136771301999,193.26035299687942
31.658690207013525,187.69105579926375
52.87996109009207,196.1409823638533
42.89347761465621,202.62176519636327
38.62279458801937,199.0875174866211
42.71951824869317,207.71599277343395
43.597948933281046,195.13445373949384
49.949050276562275,202.26043397726662
38.8929162915069,211.69201148601562
39.46923384444045,198.77855440905867
43.39096809189564,200.9991200981827
43.99687019002798,196.5841109013409
40.342699226541846,200.2862105305536
35.20774548595221,201.24432368537282
42.92883080974166,194.06827709155576
42.25127020588193,193.48588073104514
49.639997842374115,199.9010645707695
37.970205769484785,201.63460907457332
49.313363233747936,202.03293432818018
34.12114296457362,204.9504284798071
38.17238411389191,200.8747664299482
46.26012770721591,187.13706458131085
43.35275235854707,191.9947104557905
40.90834513254713,201.80804460246256
28.184322495602174,214.76727026123314
40.75936951130412,190.92409995962612
46.03626312693465,193.91594113740126
39.71968642121934,193.51279030186865
38.4315829083773,190.09222067175278
46.98312576633391,189.12623378508445
42.00796133207612,193.79064598517556
49.93454895804095,192.80339022416106
42.0789019533118,193.98832536953336
48.57117630033147,191.37426145298755
45.14909068725472,194.38844313974585
48.90409418568486,191.75282068138895
45.62522781616354,196.12297209567728
39.98708735989262,191.85982421562272
58.74584989812587,185.89700620879424
46.258204712829055,195.68750247722664
43.195148502733836,186.94632417983786
41.61045487510787,198.59894052703868
40.71430245847499,195.14049673095673
42.41968860864266,204.06264414968902
40.97148651508354,202.02541529516964
40.73935829851252,197.49777093570452
36.185003763232004,199.32617660647057
44.16805457727231,195.45917491355297
53.80454624764736,202.644494000692
39.482562981068696,205.71126986848026
40.3009874348576,200.07212018625322
33.904060310932124,196.1861706175256
59.737429684489406,211.1851700705775
36.6981537684047,197.3557679286607
44.597124005048414,198.52274727505005
50.012495012112595,195.2715738428886
49.24259385638514,193.57121755841126
38.67757988182435,194.2472809751725
58.680656387502225,202.13603262436285
40.169711119752776,196.11361752551335
41.11582241692531,195.82758426442447
42.05347839499611,196.9571246916443
58.63418062183584,191.87522205594067
40.34696919949511,197.77525480658812
52.405369827392555,193.9442589727775
43.17129481235008,196.73883570818063
33.764045267051024,201.23220261900678
39.76877147438279,191.76498289950572
39.43585771668907,192.34028537994843
53.9331006584931,190.2755791540584
40.836388466700534,196.86121317276942
46.37121815941466,195.10937504709534
40.457526407421646,190.59993235733347
39.28397259288005,191.37752842241832
48.47685121144357,196.43323031905254
41.75753102518847,193.94196020758838
46.13550584369281,195.48070131064952
50.89534238603941,200.90001440090487
49.31218380613482,192.60085393616913
43.24227599290895,203.0531237324701
38.680220793376066,207.11644572011042
47.60796551461574,186.3878821557194
44.09785829422344,189.12789423065144
40.19937103436417,187.04947421168671
45.42621552875995,198.5007572280929
55.376703979387315,203.29523892984045
40.77667306579862,203.92857149028916
44.05850928125154,201.34319644808585
40.44562420090088,189.45561189907534
40.63899810325341,189.32111692000473
40.131765240405514,188.31120578011559
36.976075384532315,195.5096333180143
39.344294682005284,197.07257776519705
38.324942327615645,190.79905629767893
45.60457312488541,209.26395660421397
39.80356143170327,202.80379874318058
37.71345676767659,180.49897811635108
47.77976829131687,200.86283095033053
53.05246376295899,202.90272555556095
36.712696392097904,200.59063178530414
42.680317593808056,197.5160057505879
67.82679445987729,192.76972190752292
38.44108684109669,189.31758197702078
46.24690000690209,195.01176012366759
53.05391760748188,206.3390847717227
50.02165379169239,196.98090027721705
42.248043537971135,193.01056952727365
42.83066911088828,197.4525991279165
45.24594297822938,204.72503828008647
37.330126494597636,193.13339770399756
37.714651555253994,186.22887267390024
36.42841215268031,180.3327585970476
45.335769178935635,209.92035846345271
39.021486112160126,192.41027412452107
39.364769523441154,207.05596004650442
38.03050412534848,199.00086899919086
36.28415458083774,205.2518893025361
40.0560930369067,196.63966854603052
52.4402348159529,193.10819590862587
44.707555468224584,197.09319708473197
44.88280644611946,198.08278508023182
48.178218606738795,195.81886506537052
42.28083016364928,202.28036354246385
37.068577706614946,208.61730628526186
34.820066137736404,197.6896789967286
41.06615523755514,210.3687702302872
40.6530314069983,197.9807290050344
38.74711957757006,186.5350833710577
54.21973942928054,184.99764334653915
51.55345900707003,195.50125108723378
51.69027441802355,196.05954955945123
38.487058932345455,193.83642419950218
29.604175841475353,182.36894253865844
43.61235992821119,201.91975958237413
47.87759772848464,187.79061989027386
40.74600503102731,191.32530930709817
31.29228462275657,186.4716624667543
40.12453794371727,194.0607307059485
43.988628688295464,205.1325656166288
40.5376287103148,199.3036858544644
41.7370148186796,199.66579885454635
42.933353015234374,196.54688740726607
47.750212495755925,195.06939062529386
38.59861677362509,211.59523824444838
46.87705751692047,187.57758115498828
48.18990415259217,213.9167296858467
48.57119142011004,196.78124276489197
55.89198200665146,201.23991353474224
40.820448051154315,199.88212091435992
47.58404300989725,197.39224267272215
38.731683298684224,187.57215942819755
40.63164179893708,206.1851149241331
53.17193546753473,197.33301548423998
54.4685219380001,199.82088260994288
58.32379024541809,195.09548549626385
37.57222655700242,191.4058098960644
41.83391154865009,198.25471505343432
44.61576145689396,193.04935318483476
41.39659532897315,200.61123604699657
44.818440193864895,192.46624867924345
48.13162231916782,200.75499189793595
42.85021764458129,201.56866497786157
54.40061526101612,198.7537970374853
36.960445202088124,194.58121019443175
51.9868318265309,195.9569083014117
36.258592079381465,181.65722772169616
31.53142396657048,195.31880478789424
50.58323295897569,203.40469496783584
38.28382897368915,190.84659539905374
40.47871306646461,184.40926929278308
48.70004781984752,199.7343335159915
43.690072516622386,198.29356173984579
46.18086074574113,197.83951345227263
46.72986000259224,206.17821888805042
44.64216114120772,196.54450190078774
38.348923128268176,194.67084942236954
36.22281432207826,205.71725321461847
40.382755461680134,208.13614336429097
39.90374129136725,208.77576174682483
36.26313961951028,208.06617783891124
47.536080628980244,198.68426459589756
42.40435219629389,197.3033343209924
47.997567190106885,189.74812141540627
31.463436347143592,209.54508950066423
55.05050867531304,199.3215134169346
39.052759336368105,198.75911211093174
43.97560070720159,197.72959712947113
42.74471482741082,194.98256608620918
52.22683386755677,197.73428847014125
49.952359561015626,187.11566928745364
34.01000545632,195.30400813239095
40.85430682216153,195.2100435559542
29.47056022300253,187.3380381195767
41.853604675903,193.60426274918
37.68433842484703,201.2857029068034
38.1315450841056,198.3958276836991
53.36888597102787,197.19287444053094
57.65809267260052,208.68938451274423
55.147927086265675,201.3613520743427
45.3643316103519,196.59522177545574
55.067369310712564,192.024312420091
60.334622460113316,212.31918046743402
44.51153284677632,203.17046940022357
41.28615982536599,193.12284136744637
50.352692027279694,198.13994217048756
49.31029770811763,189.40068057814392
35.41518782937358,199.40337412919405
41.23553145812568,189.45444633468932
38.972456856570886,198.32380983602133
39.42519901508665,204.8140677333677
48.000928640846034,195.2473909540183
44.20348501105001,189.89162731522566
32.71441936834753,199.27911792384648
47.088362910679415,205.08755536448203
43.03065084138867,188.91405789234594
39.01919152174792,191.88549505111718
44.481457281339175,192.94189261645354
39.44153557748065,204.55024184344907
40.224787137778485,200.30068368408175
41.829441503667795,199.02179432544503
55.710169965709945,188.73039007354416
41.18045690447788,196.61832005113294
49.02662964843603,195.05408670297822
37.459242593131286,208.18767821880078
50.13351997112944,196.9794706387327
47.984788300723615,202.31141490943222
51.472177081791216,194.75354691509568
59.36960476882206,205.7381540835525
39.28260465595508,190.37101091865503
37.82916275393291,193.9906528324541
39.863350820782756,188.49096871668004
47.15654699444479,196.0852263523113
40.899085909668344,198.51355367974315
41.68320526443403,204.63566883940396
37.45026676413468,193.77160757307658
34.75590578858805,197.87960807313792
45.987752534556506,207.93144043541037
50.96683099858517,195.44319882040784
39.597020098301826,197.3890415773791
43.28602391271498,197.77664483070527
38.83178880491621,199.10579766663233
51.77607502885196,204.09566227021955
47.901403649007804,198.85815422772353
46.237031576073605,186.88554810518434
39.08695280362462,200.60036093393063
40.60465229123659,195.46613291404321
39.10846595044496,206.22631197744533
37.425520450750234,204.14140678628306
44.886648550738705,200.4454691278171
46.693670087573054,196.5095848020199
45.734853389208624,196.6782620315103
50.11731947089554,198.75060752666835
44.64969910830507,204.0201313676367
49.661430709470665,201.35785302495174
39.032572945908335,190.5993695891998
51.600102863722356,205.4616830821138
46.08854570031572,204.3246160588829
51.73242742330843,191.9027495910713
50.17130154590244,197.1902853124686
44.534627593907246,199.16693244304486
42.52904415946393,203.27456363784628
35.38261220823264,198.66252726579467
34.44753520089168,194.27823471072503
46.672897877993364,192.9101271251896
39.18306155998356,200.1677350005134
39.01839638835818,191.85208640296227
47.14771956042211,194.8074417552476
43.7242993268396,191.52186966386003
46.97504407141644,195.58412916260284
37.819539282913205,200.46374996714482
38.6008816357282,198.5766697722322
42.11216161395448,202.19426835927135
37.04280164288515,199.63419681857093
43.33118224846263,205.3981336984648
51.70769367471222,196.82287754195363
50.41383535839957,193.39886409685656
36.60845754876206,197.44691242777787
43.971994480836486,188.7049953324444
50.131559428690366,199.0800008258774
46.74001074222624,191.09840540642196
55.99740517073461,203.30031699936436
49.02530567298518,198.5183809875086
45.3065809394541,182.1861296877922
41.77190855675941,192.30673195676445
52.56944558061461,217.5939202327875
29.028421867683974,197.1848694966605
40.91457766321852,201.78976018320952
35.64071760100282,199.42204705389622
44.191772916262515,192.6226762041635
50.87013183118128,205.11410846944844
43.89483576527115,198.0104148323032
44.27097063109915,208.90062554071753
42.704925769156546,189.57482296492634
42.68984470500834,194.25939022259942
43.078642723287935,207.88526073351804
37.64092371484975,185.33496454102172
41.18090084710203,198.8223865397632
41.52127328329472,193.98733363532776
50.40679670140003,195.95212330347587
51.87715713628715,211.6109460214077
50.079110371494565,193.79089373596048
33.81464389316341,205.94217424917153
37.5208179649811,197.40913765726373
42.686195766486186,203.47274572284385
34.45462399620249,201.35274419350773
45.42585148480927,199.19978375553987
42.00989424483675,192.85178170644542
40.18437352178594,181.5160958519939
47.65270915312739,187.0592839577971
46.77936684671139,185.89496390448937
47.63437101768813,186.30187167676453
47.151783880696925,200.32730989037594
36.92263056322605,204.32242825771337
32.46565278979952,193.57835250612484
41.838436348681036,185.33873611321104
47.13814689412043,196.7946121966343
36.804159240511986,190.40084310041573
51.30439622415407,201.5491999083928
46.40514935217145,199.47067893403175
34.57190470444206,196.3064682226849
36.192097446295875,196.51822845506229
30.7771404423835,199.8730489374294
41.92126689079772,197.76870047538543
50.40082634920333,201.43838698236854
37.54607603200303,195.42313954782912
35.02487376277005,203.38622805730535
39.69070160521462,202.40226183016202
33.71621875382969,188.58133707530322
47.89097255428081,185.4426133686146
52.10007747493639,198.6188861697834
41.8324450178782,193.90737701943473
44.29371661214165,206.57639533543968
46.33380126396179,188.59760827586254
88.73635222352392,333.09013397346354
77.64482702166079,323.20573366259214
69.33392914728392,322.88938249344824
79.61011200929542,327.1377173411252
85.99087324657069,334.2715888476438
83.61277743041339,339.86862155777766
79.50509861159729,328.1770059807906
76.58955287113902,331.07033482554175
83.76045663295365,321.0862830025946
72.07187062726778,329.5006176389121
86.35270054055039,326.916107920339
76.2237306443537,332.7010066489872
89.2997439423518,331.27962874884474
79.3275348639021,328.67305334834936
81.44113693211715,320.7009505403488
81.46822397923738,322.57257327252654
75.15345033232023,325.6438472050326
76.9312673683771,327.32272322451286
84.19103679793139,321.09591626736596
79.05484132203681,322.7881194705121
82.21311874782702,331.51138881286323
80.62107383991584,320.7578495299328
77.19001656340977,335.76300571027434
80.68775048870151,329.19731067039817
78.3212768936479,325.9834991632567
77.3547225989874,329.1294160831238
87.04418577351075,321.7843706392046
82.77774530514115,332.43908635978823
86.80839976107683,324.30181776480566
87.97516920636905,330.6179783932831
85.60066306128427,322.9220344282418
79.74884813044015,331.33647994661504
82.9477864133205,325.868149766761
81.08311188791482,319.80731504662145
71.15000397706065,326.03488789675697
84.94321520149515,323.0585329615275
90.39970671010693,329.281093534355
91.99170630063631,327.24688461262343
89.26200790488745,318.46640908218905
74.18530078994597,324.18731784402365
77.06180536812379,329.8981055848132
82.30225620571146,327.1694540054834
71.69384838675202,323.00231986766715
74.2947190727576,335.59492530775333
84.96961045510129,326.6335536016384
82.80105343149218,335.2427662823656
80.04944336474942,331.5484099638734
77.12901246232906,326.19692524488426
77.40974433035527,323.3682754450993
82.01466700216773,330.09550096274444
86.64441791181461,318.9167975687193
86.22158174287317,327.7290496890678
84.81619756120112,315.1796813625558
75.05341040329023,330.63860879934714
90.01295478569554,331.3538608313932
89.94719886799223,328.1701932289081
83.9873061663762,325.16111942233596
91.26962241306519,327.4081152054657
84.32846795695117,328.4831921994788
83.79095128716222,323.07814003057655
86.97818477398906,336.06893326820943
77.93118566878344,320.10750562715003
76.81773795945674,331.60410561338165
80.85030875631527,326.690427759257
80.36023209146403,328.29102288281103
91.94640065748662,326.502274494737
83.1312204535843,336.7475296535273
81.96234504012075,325.6908865313017
81.578107407443,318.11430847676746
83.08672647957714,325.74240722475037
80.46265138682149,322.0543747533634
88.8022809201566,333.02683023602134
84.6422185612323,330.50447388458036
76.2309297168327,340.63044180397753
86.90624891200716,321.76148657883175
85.42660385388805,314.67540633724906
78.07792717743283,332.11051946024395
77.22127654288991,328.65285286933045
76.81368610702535,323.9404936859403
87.44092975570891,322.09459726384017
79.59661403982483,323.1696594033103
85.30521008195404,324.14487365884054
79.91648780092756,320.5851796215282
87.1399612625133,328.2922868266295
78.76681796125,328.1019793317875
86.08119239486837,323.25900540651924
90.98142895392542,328.16125058473426
80.8594404826865,327.4300030850487
76.1326878752459,326.4270764332418
86.38141404703447,317.98266360681873
88.67064840672191,333.0128653511152
82.36265895724293,325.7825375005023
79.09912935721384,330.4295292231178
85.73074407828499,324.5140963152051
85.63813579025651,329.76172113446717
81.76118032717771,335.7153064031551
74.30285770159188,319.25643989492573
76.46022102473428,318.35727824977187
85.92385768803386,324.45776619280605
78.24034101938048,328.07719484599244
85.45116012159185,321.52181642165107
83.82995710656601,336.9255761703995
81.26109510313367,321.7421420840431
89.39959365697575,326.7765320569066
76.58809387858562,323.18189690170067
73.17587544148367,332.7264163786122
90.44549845704096,326.77906731834105
87.69482301257784,314.62663761447425
71.51956063129833,320.267393155689
82.834133105923,325.3677477387177
83.98879523150983,327.4035171735601
88.1182449215607,324.6538018970262
81.964801085114,323.590836309103
81.07822102208108,332.6484317902019
85.40918598819565,325.2099802750289
85.88444043159294,322.78364074900713
82.1610447273611,326.16691454328117
74.84469138810947,321.70293293577413
93.2389633977433,323.1695709160301
78.75025299608974,333.56263603571995
78.7236390448613,332.3403511954094
88.27696098387095,325.8416683246665
82.41156973253139,316.8613798246512
76.62240878439997,327.57484142853514
83.94519226813162,329.41497469520806
79.95353588422867,328.8248646363125
76.58023132864281,336.76007964691576
86.90354330577209,329.00032441584034
78.41729987473045,337.79242382436723
87.41301450810542,319.98810839388545
85.34311479812834,333.755676217941
74.28623111868227,326.5053973589316
90.09894060942761,325.4432986012569
86.21794733035054,322.6936341883306
84.22883119132433,322.9163720224616
76.48029301001331,332.18782216204806
86.7109514673191,327.3716534718191
78.83707897430725,322.0503605713742
90.52890598955162,327.7171019872325
82.77629270336725,333.95169847725583
87.54374267660174,324.57695096272874
74.49087159746226,324.76028470634725
67.24820059317598,335.7669824676856
86.12586094165385,315.76131379298226
72.88941822825474,330.87751518741305
85.61871206678336,327.7041055579129
77.51386777727737,331.0065008946959
87.4017392287096,317.7127195095891
79.03273511704776,318.0636409336381
83.72076238032663,318.60927464732396
81.82365440231007,335.32032379323994
81.9677170202637,328.4681463987112
81.45031407652014,321.4924071732695
89.38892448188571,333.7709873864948
76.14989738109304,320.994838280148
86.57508687540995,327.6345724538019
79.06051214086281,336.0104495583
86.4607864571717,324.0591127901174
73.39876522461189,318.4114048322004
70.02919638103577,322.47883262567336
76.82494511492504,335.2476866507169
85.3776221730942,325.60650609206186
85.80194868959516,329.8590251198744
78.2634512098452,321.24129087078455
82.74815272062406,319.3734526644725
81.87699910863124,329.29177088016934
80.88573036348322,325.9630770372185
72.577591123792,323.2712303275706
87.58799239601613,319.95371006209496
73.7342711611757,329.9735587775169
80.38534131357571,327.0485107060437
80.2486496736721,322.49853732159437
78.8697047425104,322.699009671343
81.48713663587928,326.3606302585685
82.88726687696244,324.85010284990074
69.44401251345694,323.3178554029707
71.8400116180808,324.48354161066834
86.66170326470439,320.23451744152607
75.57157920591854,322.79792320091775
77.35157234153156,333.656440238175
77.21931177763031,324.69169632287503
79.52769564560941,318.6871110332503
82.60762755067245,326.8946641235975
90.46976504475357,332.42558391773235
93.43685922476935,336.22423834096094
84.98763636054528,332.46571385455263
77.08537754164912,318.2993946674088
87.34083163666675,315.7324322453746
87.08985264688683,331.28612988982417
83.65247675154863,328.7806372106435
85.73374670090196,330.4705885999705
81.81697618243545,327.88750550529375
79.72506007756844,322.66758180537056
81.78342707339091,322.7449127903282
86.10648752753758,324.76644942106736
84.43258192069425,323.77616017024667
95.35622020555303,320.99748953580644
84.18406507498153,328.83227505680617
92.15532582454372,329.319055022261
84.05131222140008,327.45520107253975
84.22203520586523,323.1505312654594
77.41162070781168,327.5520289177286
76.19483983690012,323.1301639599399
87.37862031466554,318.056830867688
86.70690777196869,328.8428274453058
82.25374938059745,332.06914237183116
77.36505640440441,325.7881038157925
93.12146098402182,323.00690157356087
86.21084984318085,334.6744959302323
90.03053477159317,327.23680529920307
88.8935243542179,321.64896022584594
92.89519044788679,322.66007110556683
81.36231142675038,321.55469457425335
78.55020372006062,328.0954945556189
81.1796528700865,335.97140835631154
85.7298054687016,321.27497522933953
85.03456213101528,321.7255377074958
81.32322418575443,324.34990053557294
87.64075245727678,313.3971335200594
83.60022746801114,324.29413805284213
78.00609028618793,323.2552275857566
79.29153307189263,321.2795620091905
83.82133309466818,331.11463299063274
87.78530433072149,325.47581049145714
89.35683673978885,333.0192853213575
77.68849889437234,314.53885956920806
77.24745340706608,317.2799534500957
88.27522709969732,329.0089553458969
77.05703893251211,325.29553202550215
78.69446503270778,329.11199002379726
74.70735047786793,321.4195524871507
75.75805320152915,331.5479410937224
83.57613291906523,333.56625227145656
80.22566023606792,328.2309044563504
80.30207452499093,325.4294652697499
84.00847914162618,320.5367825956453
74.50774414494006,324.3554727937523
79.95374831523668,326.606998652717
73.84529739119955,327.4255844697952
87.76474070439401,324.9491981004424
89.00560037214852,326.31474670439485
84.6972127152645,329.9133385991141
91.75327623281079,325.4328468412656
77.4575344994234,331.45699424873715
84.98584467715487,331.58562749641067
76.91914710361549,324.4219917278536
68.40386882380214,325.9469167297349
80.54003044304672,319.77681663471674
84.97142812281191,324.7023334988306
84.86958975704265,330.070535633533
78.26076074393809,322.9103013870155
89.64378846658246,327.82082019776624
86.76054197791498,328.5883787515168
80.35017684038114,327.8150764196891
79.62375603276463,326.51510515273475
90.84614098351612,328.355316033714
93.59619156599643,322.6223849392103
84.25903588514345,327.48705143795314
86.62382753173654,326.68733456441515
81.62279981818585,327.07785961587035
77.47174018949373,330.5024738321768
88.74763411025856,328.19557868245045
75.12605150341403,323.55706751305644
82.51664025468439,328.11123811849484
76.80539422915824,329.8767523640153
89.16221627165429,326.83722486454826
78.49577689303993,329.1249937899298
88.12537176198515,326.3091254493675
78.87453563957573,320.31389433590755
73.28479891604192,323.06697850937366
89.05996710928534,324.8294596940431
83.83897486982592,327.3516799168116
81.48386708139392,324.5116333681703
86.29242660357106,329.9710347596725
82.94043796725398,322.1422211393334
84.43974390083609,333.45069260303563
84.62536095787344,338.2595362838536
79.42859374257154,329.34549126516544
76.16233641823408,323.78580490038047
76.45068796580256,330.2541338645634
81.60649974677273,326.05949952472935
82.30928627957455,318.36860818825045
89.09759008799433,333.70234194082883
74.67221826623097,330.0926186809847
75.39627899149164,321.6107022579907
86.11875053101392,331.91220669018105
82.47885189121448,332.265476011417
77.89565509526442,335.84148011777256
84.9604548196431,323.4671817449982
71.7892399728034,321.1178319429223
85.06333752043227,321.81703241679674
74.9276382009595,328.28549085408616
83.16100341047763,321.4700497993428
81.72492134260122,327.1961707686442
83.25543650111176,325.6848901420723
81.75100155962839,325.2125389548308
83.77697057815949,332.8944822146779
84.20162881712179,320.42324394440976
86.47459901436146,321.0086268965574
83.66405634041136,321.37559259523636
81.17600745721381,327.9930931971257
86.11699609347518,327.20397195963255
84.38427969982561,324.36505172598584
90.75776889259728,335.4070072198143
91.68347017936732,317.98886131348183
77.65066998446028,323.54671123556744
82.90800574697278,323.0072366191245
71.44010320858558,331.7550237700514
80.67605722588956,324.7890665799737
75.32915102972927,319.74381488292687
90.14920214983792,335.5176883975685
79.04158869146774,323.4089830424158
79.57203547152591,313.62257322680773
82.78272304612655,324.5003029437856
84.15688820075175,318.4858316013572
82.3475188504409,328.292401485142
78.05798089111775,316.390809008332
80.77322182882874,320.08862936970576
84.0605734622226,331.96014692716693
79.20066885306663,320.32048253522584
90.46164682541945,336.25198846241324
90.34460158756892,328.3457897484486
94.79061978316207,327.5859676214811
70.84567511555872,312.8882145105903
75.4349211708274,329.87484017798363
71.3010243346657,329.0230040497902
81.9979452858885,328.37828545945433
78.81570574654138,331.5096094188578
74.26915046452687,334.87019788055335
82.2912299774622,334.96108746813127
83.84754328106605,319.2180442630723
77.37546600515385,330.5428724552106
78.82364638615651,328.5750798413992
85.83518891945964,322.2220833838398
90.90457570764895,325.5797349268528
80.6761455661935,323.0113096916967
76.17291772676754,327.28053777820327
82.30562858206679,324.947356542382
74.49736059375529,337.0287987751936
89.03893113547862,330.3362064220496
81.77473823513876,324.0438916281158
81.6256699056083,323.2295111068422
91.88111445766087,319.406604471506
88.44771428888392,326.97892229033357
77.38871619323132,323.11594894126296
83.75220812424911,325.1773897499059
81.13904529715461,330.541551682998
80.50339281700316,323.7704526736872
91.49833148082277,319.49603000474184
67.67912212231461,326.477596193294
70.61203438495153,340.24139561739577
81.84531065470853,320.50426190089854
81.47160107655286,322.9618933106836
80.09083551102557,327.9389332766469
76.35825344447308,332.78191717593074
90.84677355702418,335.748245498927
78.0955692616122,326.21949020814134
81.0536834310089,322.7409890978999
83.07788130459902,330.795296743791
81.72396929776396,324.1256209434692
81.6817836054666,327.3052564311371
79.65099323696752,328.2875653568473
78.05881052559506,325.0762082976315
76.92801773258796,326.7858940616636
92.3255089047029,331.36940986561945
78.13482979782842,332.7930220064042
75.74363262073767,327.83647689974146
84.59256949667123,325.0523701427383
83.65967718751902,320.41050600421397
86.85564893961956,323.9231373361022
82.24924476119011,328.23557936347675
84.84937083067902,326.5398360023503
89.15783788339114,319.82443491886164
76.95934570351709,321.45312483195426
85.4235309496208,330.6606616446696
80.6585851628405,331.2384926426442
82.9926208556303,332.1837308650805
83.3784679262312,329.69244225645633
80.87980688902812,335.69034147766484
77.82742333601772,325.51855008056884
72.55997950101158,310.4951345032811
92.02248573827367,324.17498725921723
81.73822435823803,327.64578743840957
82.03952678848778,323.29155007277615
70.50925501488344,334.4533875501658
78.83950343734722,324.58596723247626
71.77358207729515,328.50311822448714
80.88224540652449,328.90379117113713
81.6526035544153,325.6221336472076
77.97820856736278,322.6138561579657
80.1312556777133,324.0212557512269
83.9139285874203,328.38106189311094
82.05321731153643,325.1118981425116
85.93069091704507,323.354128064915
80.03700095967079,324.4374924996519
79.32899700624233,323.7086909324018
77.69231998987212,328.00934545518146
83.07039025149486,323.9317864742295
84.56581166665978,327.8785631230636
74.43071649329264,326.7506220461726
82.67886931361289,334.03027511141863
87.88990800098615,329.81646952478764
83.67289732200163,322.93493644089074
82.70429010623354,324.1860039810623
80.47613229276217,321.5728861686583
79.87750980536136,327.8559255439205
80.2073944890554,326.23467182057465
65.53509906533343,322.741028943199
81.61242959198236,335.52847067971067
92.5067165928425,328.1921546292177
78.44206038916309,325.1703451850692
77.75426887304903,328.9610320536101
81.7910148484371,319.6920762673787
83.8003734082819,329.6751070336808
84.789885860437,320.9362835624183
78.50526663792729,333.2274573488205
73.58878804196881,328.72601626085924
78.58906374130336,330.0159559871194
87.46024366039342,328.10940828094266
74.89645625430626,325.3765463044774
80.74317572401193,322.89355534597377
83.49384153466148,329.39308030135624
77.01181254857859,327.35452221561303
74.07240847484297,317.34997608466756
79.50601665168817,331.53404964877404
81.40994812361343,329.49122874297393
79.18797579509175,322.339930771065
85.57688140111013,327.0576972204583
77.58734228947296,326.6570558584315
83.48338854648648,325.1994135929848
69.51531786532658,319.43190742231366
83.31243620337422,327.3632638744784
78.67112623882406,318.8507387881951
74.64294800065454,323.37550022125964
79.10303264479731,327.49255708409004
81.63406813665765,321.9256879569243
88.16280671148188,321.1662467633398
77.13028288008724,323.7812342184183
90.13426323520518,327.410775288913
82.82558392120497,325.79558806919977
83.896095382432,322.6513739608973
74.28733427304826,324.22372347889075
78.65635598102378,324.7571137198099
82.84464868816265,322.7897392094408
83.24473476486854,316.207335959527
86.37251438624152,328.1425112284008
86.80481753260646,329.84228162297995
67.43129746384666,326.3636992450666
86.3240901446965,324.7528365278162
74.7208088327743,320.7322039392178
75.12043015185829,326.1525200814877
85.9103373214342,320.4908798780205
83.33562071452265,333.8116804748595
94.47145160914125,319.6802267335511
82.79054429471586,327.39966750113774
79.40684055798928,323.87361136639515
84.40738453351908,328.8488783665167
88.41194702443637,331.64757958241523
79.924938384363,328.33055960848037
72.09675561245703,335.59141411807104
77.39120975863098,328.9241439156143
82.76309663431205,330.0405248930259
79.74463659516172,326.7834374122568
76.8642000400822,333.2335274364639
78.4952578616028,322.21156926283066
82.51254681153151,322.866298095886
83.4086100176947,319.26663968255673
86.66678511831225,311.62218538071795
83.4329807871005,333.3694500617346
98.68092982467955,322.04833795605595
92.25480528583199,310.06263967574404
89.68571623202168,326.8107504852648
90.52863493007791,333.0977489819979
91.74052145258366,329.43008457320315
77.34082857711732,324.27653180048003
75.50719723112579,332.8758081095814
80.80228410751312,322.9154391156459
76.88168338605705,327.5988493665742
93.25527554267283,325.47835255961064
91.4554668416993,320.95948889051357
82.3338870299982,323.2229936163558
82.61273792422182,325.4173547729069
84.68148529985855,326.1162675326925
78.5445710017621,328.21723059604307
85.62208653331993,325.1431260990811
79.56660897136736,321.6825384076835
90.08407483817231,332.72025198509783
83.00926578402283,330.94514516335676
74.19481568668374,333.06865268660147
83.13440037060484,328.1764031230916
79.97570164245684,318.82186857546094
77.1272313510866,328.2472987147575
75.28588418853764,331.0932014801925
83.37966621002448,328.3796354950097
79.76907323212254,330.4184051923432
83.94826563566718,322.1944899097768
73.9813276123477,327.6691802410552
78.07942002022905,325.9659476207057
86.03910729609035,325.4287310216021
83.80942454694303,344.2305838591825
81.11648993700538,319.317280326537
87.01724463568836,323.74282598179104
82.4803965822892,328.2294665817995
84.04267083329896,325.0821086466127
75.9735866882441,330.22417920363443
85.55482658069117,328.11854577896713
82.40851150118374,326.35534394903357
82.33190049502812,316.33726806279
84.93405561305329,323.1422150511299
73.4517443593021,316.1586236518007
86.14835334237564,316.4656604367251
93.64988810989037,320.26135773201537
83.50752165641538,321.99532685600326
84.72439188286724,334.10038214210033
82.41742290397673,332.8886728340502
80.73549969199128,323.0972463370439
87.96582246694997,331.02214000511793
86.70858805330651,322.5524266776516
83.37815594211166,327.8595683209184
86.00045226610816,328.6947026109196
83.18795108488192,319.4910390424823
79.92547690021681,314.49487475566013
79.62228811588983,329.6314333631839
82.30292964420897,333.2035932805903
76.10321129964251,322.0401049516834
80.82259890699872,321.21602325637826
77.65681054363127,325.913787537053
92.30114636343052,332.5429646505653
79.16235936789559,334.1925939638322
75.5090876320412,331.1436802754246
78.7559397169056,322.31332757082134
82.9149562545629,324.2943783146823
80.99935910297958,331.7369553631081
76.58902447630443,323.453107585569
81.82637864056818,332.8466535403049
85.27606845688975,326.0974180900402
79.94391012024525,335.0881102617626
83.7940458840377,321.01036733624585
