x,y
15.0,22.266890634373816
15.07007007007007,22.828469739107582
15.14014014014014,21.6162655537503
15.21021021021021,13.204184266629264
15.28028028028028,21.620983400423075
15.35035035035035,23.681732627687285
15.42042042042042,21.946602954084636
15.49049049049049,20.726786855062816
15.56056056056056,24.282700751106162
15.63063063063063,9.679668083662794
15.7007007007007,21.4061184908232
15.77077077077077,8.673760331435835
15.84084084084084,15.078621487053589
15.91091091091091,13.64458554110003
15.98098098098098,41.00128885312547
16.05105105105105,36.086894842935656
16.12112112112112,19.51928765957416
16.19119119119119,32.95503834919798
16.26126126126126,27.08784973863915
16.33133133133133,20.228559922043047
16.4014014014014,19.298908892923468
16.47147147147147,29.995301050238048
16.54154154154154,24.60503673914117
16.61161161161161,8.140598926287465
16.68168168168168,1.666997122835351
16.75175175175175,12.58485843166391
16.82182182182182,22.689890934838747
16.89189189189189,22.128914735125694
16.96196196196196,24.023030193614478
17.03203203203203,29.514909089756614
17.1021021021021,29.71957617690193
17.17217217217217,2.949382518409397
17.24224224224224,-1.2779897690613709
17.31231231231231,22.003368623338606
17.38238238238238,7.009232039094421
17.45245245245245,14.709211369800386
17.52252252252252,29.838897555496686
17.59259259259259,21.66973877052967
17.66266266266266,28.010444311761606
17.73273273273273,17.87835877614569
17.802802802802802,35.800052758219344
17.872872872872872,31.623348972492167
17.942942942942942,20.296812666617814
18.013013013013012,24.305163752319938
18.083083083083082,4.3507298551618945
18.153153153153152,21.994002933219402
18.223223223223222,35.82901095577278
18.293293293293292,29.028174265966616
18.363363363363362,20.246163397779732
18.433433433433432,19.81597742641093
18.503503503503502,18.082748211384196
18.573573573573572,30.620275856382808
18.643643643643642,25.248119359016947
18.713713713713712,28.601167778891167
18.783783783783782,25.91315283884832
18.853853853853852,18.04076659415005
18.923923923923923,8.845377693735177
18.993993993993996,17.723638202188162
19.064064064064063,24.627944313431655
19.134134134134136,36.70561386087729
19.204204204204203,28.21853901418176
19.274274274274276,37.185203085985556
19.344344344344343,21.802911475510122
19.414414414414416,41.581177573377616
19.484484484484483,33.43513928593833
19.554554554554556,27.501269268746032
19.624624624624623,26.80040604640864
19.694694694694697,34.71338093139908
19.764764764764763,32.94673101311567
19.834834834834837,33.71781464649485
19.904904904904903,32.367666195157454
19.974974974974977,30.699230940221884
20.045045045045043,34.90034533174437
20.115115115115117,37.618522176372664
20.185185185185183,38.74947458827532
20.255255255255257,36.67976335620351
20.325325325325323,46.12837342070202
20.395395395395397,20.5329325897263
20.465465465465464,43.58925346596945
20.535535535535537,12.550069570339843
20.605605605605604,22.687808006219978
20.675675675675677,31.85407877482509
20.745745745745747,30.261934743129085
20.815815815815817,33.6007380676612
20.885885885885887,34.82300967137976
20.955955955955957,31.603923164248855
21.026026026026027,20.29430754817595
21.096096096096097,23.660270865456095
21.166166166166168,49.53213563972696
21.236236236236238,22.052505590541116
21.306306306306308,14.542231610559956
21.376376376376378,41.143121456753775
21.446446446446448,45.84853931063427
21.516516516516518,31.347403645899274
21.586586586586588,41.24272909100921
21.656656656656658,28.9086776453305
21.726726726726728,28.931648151852592
21.796796796796798,35.61646476536522
21.866866866866868,29.484321300043987
21.936936936936938,37.20250442066574
22.007007007007008,25.107468814009597
22.077077077077078,25.262366785878818
22.147147147147148,33.2295976206479
22.217217217217218,26.43714869513296
22.28728728728729,19.020941198225636
22.35735735735736,28.484658075822896
22.42742742742743,41.588960238337584
22.4974974974975,23.57813212373296
22.56756756756757,43.60069553677175
22.63763763763764,31.791139675833683
22.70770770770771,27.085761652440212
22.77777777777778,24.807706096932705
22.84784784784785,40.563156252591334
22.91791791791792,41.131206981943194
22.98798798798799,38.55214928107084
23.05805805805806,30.7989011936508
23.12812812812813,43.374962080245986
23.1981981981982,41.21515406147275
23.26826826826827,31.440787418586336
23.33833833833834,41.79872539779339
23.40840840840841,32.57031784782267
23.47847847847848,44.42342391336425
23.54854854854855,41.90163920825082
23.61861861861862,32.18898253235727
23.68868868868869,37.330370252763394
23.75875875875876,40.31977725541999
23.82882882882883,36.293472530853144
23.8988988988989,34.749457349569795
23.96896896896897,38.6978238336596
24.03903903903904,32.72901406308685
24.10910910910911,25.29816115562799
24.17917917917918,49.45400520390876
24.24924924924925,44.25760199336702
24.31931931931932,35.42796304867028
24.38938938938939,43.3450185106822
24.45945945945946,42.55648234252076
24.52952952952953,37.51436517902217
24.5995995995996,42.22143913285799
24.66966966966967,36.683539685420875
24.73973973973974,32.78234846903498
24.80980980980981,54.38174654161179
24.87987987987988,45.476276181743614
24.94994994994995,40.722309323003465
25.02002002002002,42.721216415088286
25.09009009009009,35.61740369061165
25.16016016016016,45.18430894975083
25.23023023023023,14.220532343581041
25.3003003003003,42.98038493436979
25.37037037037037,30.193486854955427
25.44044044044044,40.347976776536555
25.51051051051051,58.56112852216191
25.58058058058058,16.084269494234743
25.65065065065065,41.64089403662238
25.72072072072072,34.09092459491625
25.79079079079079,47.01115089204308
25.86086086086086,47.86179187987172
25.93093093093093,42.077030661174184
26.001001001001,40.15652094679401
26.07107107107107,36.391520628549976
26.14114114114114,24.25860729193238
26.21121121121121,33.780707982644735
26.28128128128128,40.80927865464282
26.351351351351354,36.06723076502327
26.42142142142142,41.12174323776247
26.491491491491495,38.71427164975188
26.56156156156156,34.95214765721272
26.631631631631635,38.2269591094235
26.7017017017017,40.01110866557977
26.771771771771775,33.49471830102653
26.84184184184184,33.032976663038
26.911911911911915,56.39023753196127
26.98198198198198,37.48726037818981
27.052052052052055,27.271724616663974
27.12212212212212,48.77009607115857
27.192192192192195,19.28952320265826
27.26226226226226,38.27629359973996
27.332332332332335,46.802234102230685
27.4024024024024,43.34381194796506
27.472472472472475,40.45833577492383
27.54254254254254,44.30365710049403
27.612612612612615,28.683271628688672
27.68268268268268,35.095237601943694
27.752752752752755,36.61904564712559
27.822822822822822,34.00884198000555
27.892892892892895,38.656442414077326
27.962962962962962,46.4772304929851
28.033033033033036,41.498320849414476
28.103103103103102,32.01713010566426
28.173173173173176,37.146856361612606
28.243243243243242,56.272302896601296
28.313313313313316,51.15673294797273
28.383383383383382,40.88195195456284
28.453453453453456,36.89922150805107
28.523523523523522,46.77353601306216
28.593593593593596,52.14926655034962
28.663663663663662,29.528690343266092
28.733733733733736,40.953406010255684
28.803803803803802,40.62572162248651
28.873873873873876,45.25779742465758
28.943943943943943,42.905432980489174
29.014014014014016,45.641390653548854
29.084084084084083,48.802472162713414
29.154154154154156,40.83243150304073
29.224224224224223,34.758523508197875
29.294294294294296,59.14974989338587
29.364364364364363,45.64736803697202
29.434434434434436,39.009851534643154
29.504504504504503,46.63084225106678
29.574574574574577,42.06215042111803
29.644644644644643,45.536965655479726
29.714714714714717,35.75334028631229
29.784784784784783,50.15129151579355
29.854854854854857,50.92948017889226
29.924924924924923,47.74744461129451
29.994994994994997,37.32042919418508
30.065065065065063,54.38268659927193
30.135135135135137,39.87136713903072
30.205205205205203,41.79007116290613
30.275275275275277,59.71652770647702
30.345345345345343,45.73084758660634
30.415415415415417,55.33982775638745
30.485485485485484,53.90657427072201
30.555555555555557,49.73059788491495
30.625625625625624,41.18934877449432
30.695695695695697,50.58676528467381
30.765765765765767,51.773186870054076
30.835835835835837,39.5064228272481
30.905905905905907,53.12442450445536
30.975975975975977,27.118776253023604
31.046046046046047,51.904410525900204
31.116116116116117,50.475488981223734
31.186186186186188,53.43602358491652
31.256256256256258,58.45286983221591
31.326326326326328,49.02124945612441
31.396396396396398,56.18842437539757
31.466466466466468,45.37064700002726
31.536536536536538,48.59204671626802
31.606606606606608,52.05979519149748
31.676676676676678,69.98717866707688
31.746746746746748,48.200730011498095
31.816816816816818,54.40553231672369
31.886886886886888,43.82369674369904
31.956956956956958,52.335938593619865
32.02702702702703,60.91880704775754
32.0970970970971,57.18498598698565
32.167167167167165,49.74512957420193
32.23723723723724,50.41242774243952
32.30730730730731,54.26989829057065
32.37737737737738,41.06590938965086
32.447447447447445,51.96902646886233
32.51751751751752,44.323700192866106
32.58758758758759,40.94131705570214
32.65765765765766,44.44941678807036
32.727727727727725,48.754750386138554
32.7977977977978,46.60499852176076
32.86786786786787,47.45833080156373
32.93793793793794,53.296128478879716
33.008008008008005,50.110677907641595
33.07807807807808,54.33303965107379
33.14814814814815,46.0915308325471
33.21821821821822,59.87591405690178
33.288288288288285,69.58126109832514
33.35835835835836,67.34520382541322
33.42842842842843,45.778937505431635
33.4984984984985,60.4527014424155
33.568568568568566,27.582351624203913
33.63863863863864,46.71395620071887
33.70870870870871,38.16464823523075
33.77877877877878,53.610676677319304
33.848848848848846,62.8793183308278
33.91891891891892,52.95420095803843
33.98898898898899,45.053891137960065
34.05905905905906,60.124743226248796
34.129129129129126,47.68190311649816
34.1991991991992,49.861017528986245
34.26926926926927,44.117399617460755
34.33933933933934,55.17249347787942
34.409409409409406,68.66876857106215
34.47947947947948,58.924213929389296
34.54954954954955,58.25963648090041
34.61961961961962,53.48929108382203
34.689689689689686,70.79283978817398
34.75975975975976,54.899490514216616
34.82982982982983,53.846398444004016
34.8998998998999,59.79572087819339
34.969969969969966,65.67052512369695
35.04004004004004,58.44757609465777
35.110110110110114,46.42958428049491
35.18018018018018,53.51222524810507
35.25025025025025,58.75437931131919
35.32032032032032,60.306617047448135
35.390390390390394,72.00423852196775
35.46046046046046,52.71598232544604
35.53053053053053,47.47947209145568
35.6006006006006,63.20216549301692
35.670670670670674,54.531199324661976
35.74074074074074,58.737569567173054
35.81081081081081,42.60158589294832
35.88088088088088,53.51522510395243
35.950950950950954,52.22835031856212
36.02102102102102,72.871228401949
36.09109109109109,50.80224781481377
36.16116116116116,51.56220737049023
36.231231231231234,47.13516010332533
36.3013013013013,53.97813636298461
36.37137137137137,62.426181741423946
36.44144144144144,68.92216700855717
36.511511511511515,63.1702773910323
36.58158158158158,55.802466415422515
36.65165165165165,50.742090162370204
36.72172172172172,48.86897164377158
36.791791791791795,63.420334373833754
36.86186186186186,51.66575871579737
36.93193193193193,66.01769496937744
37.002002002002,54.10248235012814
37.072072072072075,46.00342813968948
37.14214214214214,52.819434750585145
37.21221221221221,38.763580098167544
37.28228228228228,71.50934213529546
37.352352352352355,43.35122427396144
37.42242242242242,52.011490418416926
37.492492492492495,60.130706620082236
37.56256256256256,70.64207882346054
37.632632632632635,55.67309875185051
37.70270270270271,61.31264259426552
37.772772772772775,68.02797129183713
37.84284284284284,66.93218059879928
37.912912912912915,73.85484237369323
37.98298298298299,47.022292611307805
38.053053053053056,60.623730650851996
38.12312312312312,57.737946339482455
38.193193193193196,51.27434927120372
38.26326326326327,55.60691090371091
38.333333333333336,50.163455088484554
38.4034034034034,38.063329001198866
38.473473473473476,67.58190601910438
38.54354354354355,50.69008532123388
38.613613613613616,65.8237635175165
38.68368368368368,66.66325431147023
38.753753753753756,65.24038597697253
38.82382382382383,60.56357391855103
38.893893893893896,55.40217887092183
38.96396396396396,57.72668074350887
39.034034034034036,53.58502195642778
39.10410410410411,69.4451399323703
39.174174174174176,82.6216508824719
39.24424424424424,74.63633730049548
39.314314314314316,74.50074311251433
39.38438438438439,71.33091671733337
39.454454454454456,42.61516595920489
39.52452452452452,58.45504003229309
39.5945945945946,66.63807018393005
39.66466466466467,64.90870730043036
39.73473473473474,56.534431532896534
39.8048048048048,69.58701673068876
39.87487487487488,63.31386796478549
39.94494494494495,60.29712138970709
40.01501501501502,70.73640288920792
40.08508508508508,50.96641972536283
40.15515515515516,54.68284032170685
40.22522522522523,43.83028236927981
40.2952952952953,55.499111717168844
40.36536536536536,69.38375801596243
40.43543543543544,64.18207964223764
40.50550550550551,52.719269842308776
40.57557557557558,68.11679526532492
40.645645645645644,59.52652307206503
40.71571571571572,64.68608497110485
40.78578578578579,77.86475800601367
40.85585585585586,61.49180257361249
40.925925925925924,62.367785426996846
40.995995995996,57.29895661127776
41.06606606606607,69.19297128053113
41.13613613613614,68.64907017883975
41.206206206206204,53.61837091370779
41.27627627627628,71.16703339427413
41.34634634634635,79.2378547698165
41.41641641641642,64.51174417054483
41.486486486486484,73.70952936330055
41.55655655655656,73.55518117731276
41.62662662662663,69.75278315396866
41.6966966966967,54.77925603491018
41.766766766766764,72.61294290554238
41.83683683683684,65.01282822022034
41.90690690690691,58.320132413112184
41.97697697697698,41.60964413326384
42.047047047047045,57.86978975630531
42.11711711711712,51.49381245340596
42.18718718718719,60.38101209364116
42.25725725725726,69.63766078563313
42.327327327327325,67.24323689202713
42.3973973973974,68.72637075777904
42.46746746746747,71.54436500056654
42.53753753753754,80.16185165442278
42.607607607607605,78.96780931337717
42.67767767767768,78.58531517123006
42.74774774774775,78.88890911421069
42.81781781781782,64.25648594143996
42.887887887887885,58.582414559785136
42.95795795795796,76.60115135399656
43.02802802802803,55.579448713211534
43.0980980980981,61.88289844028838
43.168168168168165,67.50021535399958
43.23823823823824,67.18006900547194
43.30830830830831,83.72310694692038
43.37837837837838,76.8294454902319
43.448448448448445,59.89217012336336
43.51851851851852,63.4067131531289
43.58858858858859,62.89681829010849
43.65865865865866,73.57157734389892
43.728728728728726,58.338173521191976
43.7987987987988,53.82608125504254
43.86886886886887,72.61070257848276
43.93893893893894,63.90775308521287
44.009009009009006,58.25333392967597
44.07907907907908,72.28911475697126
44.14914914914915,61.083366315044636
44.21921921921922,71.7930022152277
44.289289289289286,63.55705974362229
44.35935935935936,75.85704496738413
44.42942942942943,69.48770394526622
44.4994994994995,73.50457474512608
44.569569569569566,57.610155868692395
44.63963963963964,64.69148660341541
44.70970970970971,65.84480434286151
44.77977977977978,76.15503868933169
44.849849849849846,81.16192093043186
44.91991991991992,70.26490826506704
44.98998998998999,67.8244259408207
45.06006006006006,57.15291719109029
45.13013013013013,65.34679007213823
45.2002002002002,63.44602344457454
45.270270270270274,62.25229275162795
45.34034034034034,72.20685425549154
45.41041041041041,75.34024983947708
45.48048048048048,61.81401519343511
45.550550550550554,83.82973935237672
45.62062062062062,77.86800347460168
45.69069069069069,70.85926101908845
45.76076076076076,71.5618141773055
45.830830830830834,71.50219605744329
45.9009009009009,60.37990385104358
45.97097097097097,68.7443264915712
46.04104104104104,71.3929277731973
46.111111111111114,77.50841450170955
46.18118118118118,56.35995964066929
46.25125125125125,52.10073001512972
46.32132132132132,74.08970007155719
46.391391391391394,77.91459564655233
46.46146146146147,57.884477337134776
46.531531531531535,61.36478571566788
46.6016016016016,67.08595910524537
46.671671671671675,72.21251154026021
46.74174174174175,69.76551353806259
46.811811811811815,73.03439555694204
46.88188188188188,79.08096397278513
46.951951951951955,65.21245947671788
47.02202202202202,72.22607307741741
47.092092092092095,85.16022812192777
47.16216216216216,87.86722783792794
47.232232232232235,69.70180299518402
47.3023023023023,75.86035303362911
47.372372372372375,51.55233087368252
47.44244244244244,76.20867120502267
47.512512512512515,79.9997471049134
47.58258258258258,67.7579390948459
47.652652652652655,74.97194332148234
47.72272272272272,73.46415868772007
47.792792792792795,73.2438960055109
47.86286286286286,79.8855059702538
47.932932932932935,78.5106358720524
48.003003003003,72.80429400133
48.073073073073076,70.62968517571736
48.14314314314314,80.69605937968693
48.213213213213216,83.15861489400078
48.28328328328328,82.10584932558032
48.353353353353356,70.40732055374494
48.42342342342342,67.36786075770384
48.493493493493496,64.93523346543915
48.56356356356356,64.01542293801162
48.633633633633636,62.60455188088095
48.7037037037037,87.75914450647387
48.773773773773776,67.74952480263207
48.84384384384384,77.6274813171701
48.913913913913916,86.08082256843758
48.98398398398398,80.9550005643989
49.054054054054056,81.22141333815607
49.12412412412412,64.18123324268649
49.194194194194196,60.8242829881694
49.26426426426426,73.8929460829309
49.334334334334336,85.14176032887951
49.4044044044044,78.75921640874854
49.474474474474476,72.4907528486398
49.54454454454454,81.93808534533223
49.61461461461462,77.26189665142768
49.68468468468468,65.17747059482801
49.75475475475476,84.59893952636807
49.82482482482482,70.50396177093123
49.8948948948949,75.78274075093542
49.96496496496496,60.61372197764504
50.03503503503504,88.87318970511643
50.1051051051051,66.24198517391989
50.17517517517518,71.69558387502174
50.24524524524524,85.03358525018582
50.31531531531532,96.56562856122406
50.38538538538538,61.84854304958789
50.45545545545546,84.64678269782837
50.525525525525524,80.53798749710333
50.5955955955956,78.16531633071801
50.665665665665664,64.53199039585444
50.73573573573574,67.99941162804187
50.805805805805804,77.94838102378738
50.87587587587588,78.43317256710867
50.94594594594595,65.20470158449773
51.01601601601602,78.4425817820021
51.08608608608609,76.00196878759057
51.15615615615616,71.66862951675628
51.22622622622623,82.00341778817692
51.2962962962963,71.8085788233579
51.36636636636637,66.90428004563846
51.43643643643644,89.20568706020349
51.50650650650651,82.86561497249214
51.57657657657658,91.45332128086058
51.64664664664665,80.13598757658919
51.71671671671672,71.4245666045401
51.78678678678679,98.38016223059617
51.85685685685686,66.26864539589565
51.92692692692693,69.54857007782547
51.996996996997,96.41897231101136
52.06706706706707,72.38524427794337
52.13713713713714,93.49415402916433
52.20720720720721,85.35050581747207
52.27727727727728,92.0465342659785
52.34734734734735,78.67166278898038
52.41741741741742,93.80452430268245
52.48748748748749,100.21275296001545
52.55755755755756,95.07470720626985
52.62762762762763,61.918980080276455
52.6976976976977,73.83297799313632
52.76776776776777,72.19918156120812
52.83783783783784,81.17499840547066
52.90790790790791,78.4250489084623
52.97797797797798,76.59546465223869
53.04804804804805,77.84100409049286
53.11811811811812,88.29022811944769
53.18818818818819,91.80898667852158
53.25825825825826,80.98592877280574
53.32832832832833,77.00832677329883
53.3983983983984,87.4640310686861
53.46846846846847,81.29851074828964
53.53853853853854,95.41503337556102
53.60860860860861,84.55110460275728
53.67867867867868,87.62760132044075
53.74874874874875,81.91750195216949
53.81881881881882,99.64264675266168
53.88888888888889,70.64582973220507
53.95895895895896,77.58633576091025
54.02902902902903,96.54384905775613
54.0990990990991,72.92706785144026
54.16916916916917,86.38465474995834
54.23923923923924,87.70932651587728
54.30930930930931,86.03932738633972
54.37937937937938,87.12478724186867
54.44944944944945,82.88043281206993
54.51951951951952,81.7261087128716
54.58958958958959,84.38000479624463
54.65965965965966,91.28640578371864
54.72972972972973,78.89778222082256
54.7997997997998,76.29746643310794
54.86986986986987,80.42112215627625
54.93993993993994,83.22086462451205
55.010010010010014,85.80985412117434
55.08008008008008,81.78697426488768
55.150150150150154,94.15636742400066
55.22022022022022,77.84004930053946
55.290290290290294,107.00850041874281
55.36036036036036,75.3886459750543
55.430430430430434,81.46256062713516
55.5005005005005,81.49005632423237
55.570570570570574,81.29911753195755
55.64064064064064,92.98212965475898
55.710710710710714,79.4281640761084
55.78078078078078,87.2376831567865
55.850850850850854,93.82446470223913
55.92092092092092,84.44770330077414
55.990990990990994,77.71445809889028
56.06106106106106,95.14401390207175
56.131131131131134,76.43933113586975
56.2012012012012,90.07309551749194
56.271271271271274,84.3978043822113
56.34134134134134,79.33678641201611
56.411411411411414,94.7318582524201
56.48148148148148,96.4363078150997
56.551551551551555,92.38726802028351
56.62162162162162,96.3011869671289
56.691691691691695,87.95701880036843
56.76176176176176,72.36746069197295
56.831831831831835,83.4827544990068
56.9019019019019,79.15380926033717
56.971971971971975,87.49649137775566
57.04204204204204,94.61169696956844
57.112112112112115,98.00560353854816
57.18218218218218,85.05042775605023
57.252252252252255,90.54235348884029
57.32232232232232,92.14813987526712
57.392392392392395,76.20323395652443
57.46246246246246,89.57812779237344
57.532532532532535,83.96476405574332
57.6026026026026,98.40155424574144
57.672672672672675,106.27656216085748
57.74274274274274,90.39064428299677
57.812812812812815,87.26174374292083
57.88288288288288,88.30354346648951
57.952952952952955,73.73030149952915
58.02302302302302,87.98464016035716
58.093093093093096,97.07141576676848
58.16316316316316,87.33541157596001
58.233233233233236,91.94254064273099
58.3033033033033,90.0619851938062
58.373373373373376,102.8772388682536
58.44344344344344,98.31416177211247
58.513513513513516,92.40746291240598
58.58358358358358,88.67211008791674
58.653653653653656,94.79487404687681
58.72372372372372,87.26901914604656
58.793793793793796,94.98637619456474
58.86386386386386,92.88457661527038
58.933933933933936,110.42669122442825
59.004004004004,92.92440570237527
59.074074074074076,99.89515405945154
59.14414414414414,76.9667335663915
59.214214214214216,111.93067604759322
59.28428428428428,99.23132630530867
59.354354354354356,103.54964617979502
59.42442442442442,93.2059461571944
59.4944944944945,85.13989839003125
59.56456456456456,95.96065779448847
59.63463463463464,86.70664413727131
59.7047047047047,102.65091306484194
59.77477477477478,102.45703321478672
59.84484484484484,101.14794024269847
59.91491491491492,96.73944470669514
59.98498498498499,109.49567248882482
60.05505505505506,85.51386292425367
60.12512512512513,91.99919034150231
60.1951951951952,80.82272457092829
60.26526526526527,96.04454818325704
60.33533533533534,96.88953878202759
60.40540540540541,80.98929638852418
60.47547547547548,107.43929037455763
60.54554554554555,103.81134764426989
60.61561561561562,87.59055478906726
60.68568568568569,88.31244754322017
60.75575575575576,105.84662560277513
60.82582582582583,88.0153660477377
60.8958958958959,84.52336657147086
60.96596596596597,86.32636762466224
61.03603603603604,90.81050710632337
61.10610610610611,99.85365581317092
61.17617617617618,108.55722433615428
61.24624624624625,104.1082620522349
61.31631631631632,89.18031107253825
61.38638638638639,66.722849980651
61.45645645645646,94.90801415697558
61.52652652652653,88.24141918860947
61.5965965965966,93.6348711543472
61.66666666666667,99.85657472467034
61.73673673673674,97.77349997392821
61.80680680680681,73.26663799297697
61.87687687687688,95.0049568490657
61.94694694694695,109.12078707263154
62.01701701701702,93.38673472453807
62.08708708708709,90.17253821851193
62.15715715715716,90.34944880394876
62.22722722722723,91.11955027565811
62.2972972972973,98.48883152156615
62.36736736736737,107.5549971475007
62.43743743743744,110.27373366323519
62.50750750750751,91.22904402671085
62.57757757757758,103.92790355436877
62.64764764764765,103.34859050473533
62.71771771771772,86.68778178059121
62.78778778778779,110.22841508191077
62.85785785785786,96.9959566771135
62.92792792792793,93.13377631138273
62.997997997998,89.62854335789277
63.06806806806807,81.13892435190348
63.13813813813814,120.6018835725819
63.20820820820821,101.89806243663834
63.27827827827828,80.9374978753113
63.34834834834835,105.39793515290958
63.41841841841842,105.64385535051849
63.48848848848849,116.72214174248985
63.55855855855856,96.37047443084651
63.62862862862863,104.5677221493053
63.6986986986987,103.84969226230868
63.76876876876877,97.42193023319679
63.83883883883884,91.70504304808532
63.90890890890891,94.49926345098098
63.97897897897898,91.41162806165799
64.04904904904905,94.9881280443967
64.11911911911912,84.80381308763744
64.1891891891892,97.87054123157854
64.25925925925927,108.99476650475995
64.32932932932934,101.47770870112377
64.3993993993994,111.02764871046284
64.46946946946947,103.15176283197837
64.53953953953953,104.1591270953678
64.6096096096096,104.6287306396557
64.67967967967968,101.06550496550683
64.74974974974975,93.81081792517625
64.81981981981983,93.23417442386874
64.8898898898899,119.83756007934551
64.95995995995996,97.93918461403126
65.03003003003003,91.7938196915069
65.1001001001001,92.31562678544749
65.17017017017017,114.87366763409723
65.24024024024024,99.23794153788599
65.31031031031031,111.80578989183614
65.38038038038039,96.8844200046031
65.45045045045046,101.06728602113687
65.52052052052052,97.00767628960388
65.5905905905906,103.96161379252223
65.66066066066065,95.89287768420013
65.73073073073073,102.63606071516853
65.8008008008008,98.7467458695668
65.87087087087087,119.345020168505
65.94094094094095,94.93333355270522
66.01101101101102,100.47717793841767
66.08108108108108,95.42832965587014
66.15115115115115,108.59194412921758
66.22122122122121,104.0499925545867
66.29129129129129,118.99075807828213
66.36136136136136,105.71574189887703
66.43143143143143,113.02964259894472
66.50150150150151,103.70107752946416
66.57157157157158,100.70413999607753
66.64164164164164,110.28514904473509
66.71171171171171,105.41566465059604
66.78178178178177,104.84451871580723
66.85185185185185,102.92385043250088
66.92192192192192,108.56439855628585
66.991991991992,94.04664123398354
67.06206206206207,106.04745442272241
67.13213213213214,112.62350344128222
67.2022022022022,111.6139092282675
67.27227227227228,114.63267006996611
67.34234234234233,103.47974602178566
67.41241241241241,109.13201437811635
67.48248248248248,112.06995928194456
67.55255255255256,108.36456542808747
67.62262262262263,102.02874524477568
67.6926926926927,96.12517633267936
67.76276276276276,101.70253578911415
67.83283283283284,95.87731180945761
67.9029029029029,108.48997247121112
67.97297297297297,102.49925359011976
68.04304304304304,102.90052662008189
68.11311311311312,101.92917955283036
68.18318318318319,95.33933661816117
68.25325325325326,106.91847804045048
68.32332332332332,108.27413689839368
68.3933933933934,108.6306052341591
68.46346346346346,106.73459412187505
68.53353353353353,94.6655452161564
68.6036036036036,115.70270174507839
68.67367367367368,127.62978775157075
68.74374374374375,112.51476527645875
68.81381381381382,96.35263389032754
68.8838838838839,95.23852012256674
68.95395395395396,127.36939969790187
69.02402402402403,109.95040971634295
69.09409409409409,100.1101501066849
69.16416416416416,104.32059638668069
69.23423423423424,96.02451806847039
69.30430430430431,112.13736822304749
69.37437437437438,108.14091178331289
69.44444444444446,114.70136691870175
69.51451451451452,116.21766844800017
69.58458458458459,105.32713171274196
69.65465465465465,110.53579699086833
69.72472472472472,113.5912790747812
69.7947947947948,127.86716957645632
69.86486486486487,112.1952164947288
69.93493493493494,103.8814170567839
70.00500500500502,104.89991930580696
70.07507507507508,112.31040322748065
70.14514514514515,96.12758463676262
70.21521521521521,102.32945095597934
70.28528528528528,115.95669971144679
70.35535535535536,111.1904328970718
70.42542542542543,111.0962553108171
70.4954954954955,99.5330350218586
70.56556556556558,108.84114826128682
70.63563563563564,103.45604374825186
70.70570570570571,107.54040763808479
70.77577577577577,105.9249723723942
70.84584584584584,101.9178519516197
70.91591591591592,102.99504294053565
70.98598598598599,101.49743777267392
71.05605605605606,105.03406921447683
71.12612612612614,93.04604006005322
71.1961961961962,112.3567914158056
71.26626626626627,114.59384116923363
71.33633633633633,110.84112314420761
71.4064064064064,113.66262741682574
71.47647647647648,117.54729509629666
71.54654654654655,111.74397528713608
71.61661661661662,124.6356052247741
71.6866866866867,115.53304793910765
71.75675675675676,123.1264140875161
71.82682682682683,100.55820756756748
71.89689689689689,112.40124319117758
71.96696696696696,103.025161292627
72.03703703703704,128.46959550882292
72.10710710710711,121.68816066921497
72.17717717717719,102.35459361592059
72.24724724724726,105.39191771044199
72.31731731731732,102.4062713526447
72.38738738738739,110.44079761049278
72.45745745745745,115.63628802589709
72.52752752752752,121.85429787412295
72.5975975975976,115.80266362934019
72.66766766766767,106.8274736119943
72.73773773773775,118.66392387339212
72.80780780780782,128.54903586973103
72.87787787787788,107.75350962670657
72.94794794794795,110.65592302194703
73.01801801801801,106.99929471300968
73.08808808808809,114.0850582958796
73.15815815815816,126.96480707947248
73.22822822822823,113.63410959915231
73.2982982982983,128.26251806990746
73.36836836836838,106.09192918947244
73.43843843843844,110.76844937039601
73.50850850850851,113.20384300304647
73.57857857857857,115.70103524188868
73.64864864864865,114.05217668247475
73.71871871871872,118.29049505096621
73.78878878878879,117.35570869631587
73.85885885885887,115.02385178261505
73.92892892892894,113.02069981449273
73.998998998999,122.78974472511693
74.06906906906907,119.39425043414403
74.13913913913913,110.53668844587062
74.2092092092092,112.44338264656174
74.27927927927928,126.94485581328627
74.34934934934935,100.0513036564414
74.41941941941943,116.21093505561086
74.4894894894895,121.01368298018812
74.55955955955956,131.70388151214178
74.62962962962963,129.17085803688997
74.69969969969969,114.42221496995711
74.76976976976977,111.756316394416
74.83983983983984,125.24651331195581
74.90990990990991,115.49457920732499
74.97997997997999,110.97305072335767
75.05005005005006,127.95681483273349
75.12012012012012,107.97726963222316
75.1901901901902,101.91282175554257
75.26026026026025,118.82919269594986
75.33033033033033,116.47106772117878
75.4004004004004,105.02839037281684
75.47047047047047,121.97362152386796
75.54054054054055,129.56083985952844
75.61061061061062,126.61643144305552
75.68068068068068,119.80240249081257
75.75075075075075,109.58782440456046
75.82082082082081,120.61918094982147
75.89089089089089,128.04263071578328
75.96096096096096,118.9342907502366
76.03103103103103,122.64460189686328
76.10110110110111,119.02600098406761
76.17117117117118,125.5767658252135
76.24124124124124,127.8278808259394
76.31131131131131,112.24634364256987
76.38138138138137,109.80689333148439
76.45145145145145,106.28849182608013
76.52152152152152,111.52755134792179
76.5915915915916,120.34799609257269
76.66166166166167,110.00150419305204
76.73173173173174,117.57513390218273
76.8018018018018,116.7992724267354
76.87187187187187,111.07660266031179
76.94194194194193,130.2603142677135
77.01201201201201,115.87263101169562
77.08208208208208,106.77456727217611
77.15215215215215,119.39002355189959
77.22222222222223,122.85881891397285
77.2922922922923,107.08204882944023
77.36236236236236,122.55677609207807
77.43243243243244,126.23290493368772
77.5025025025025,121.11016666281117
77.57257257257257,122.70098135714166
77.64264264264264,119.68049895733249
77.71271271271272,127.87411229378296
77.78278278278279,122.87593986120281
77.85285285285286,126.18121450787814
77.92292292292294,123.49461685526082
77.992992992993,121.76428516773386
78.06306306306307,116.0080154064318
78.13313313313313,125.59428261835367
78.2032032032032,119.95084090225994
78.27327327327328,123.15595900105826
78.34334334334335,132.75626753385865
78.41341341341342,125.92753720734598
78.4834834834835,125.24912089275409
78.55355355355356,128.88025189765358
78.62362362362363,131.3013985091763
78.69369369369369,117.94822031819595
78.76376376376376,124.30790653712597
78.83383383383384,121.36455099503135
78.90390390390391,134.6642395796606
78.97397397397398,131.53480504998356
79.04404404404404,132.26383350460839
79.11411411411412,125.35825649903768
79.18418418418419,115.49843635254547
79.25425425425426,109.34647138904754
79.32432432432432,117.23151214824244
79.3943943943944,110.90712479206061
79.46446446446447,128.06473450604835
79.53453453453454,126.51978706995199
79.6046046046046,118.46000769016123
79.67467467467468,132.58994412249106
79.74474474474475,125.78875683372416
79.81481481481482,129.4868872470679
79.88488488488488,127.82454690078558
79.95495495495496,120.39021368611142
80.02502502502503,144.99054759315476
80.0950950950951,114.70290487446707
80.16516516516516,118.68076978760973
80.23523523523524,117.77847708224039
80.30530530530531,127.21296505941653
80.37537537537538,126.64815183576164
80.44544544544544,118.94469053342488
80.51551551551552,135.4820699228821
80.58558558558559,119.91014365386233
80.65565565565566,118.65972282271693
80.72572572572572,135.44993935055138
80.7957957957958,123.92816717875127
80.86586586586587,128.55033627301628
80.93593593593594,119.82992066713253
81.006006006006,130.84961309996703
81.07607607607608,125.16398317549704
81.14614614614615,117.91688821787318
81.21621621621622,122.63354582481166
81.28628628628628,117.5828048421017
81.35635635635636,129.22033521464508
81.42642642642643,129.45940789210505
81.4964964964965,142.64282637734428
81.56656656656656,116.63665085847407
81.63663663663664,124.22518054919041
81.70670670670671,103.7425732938559
81.77677677677679,128.70658965381352
81.84684684684684,149.5437831172861
81.91691691691692,134.62365538806154
81.98698698698699,123.61347137586722
82.05705705705707,121.7790273456323
82.12712712712712,116.20603156581882
82.1971971971972,130.5378436014619
82.26726726726727,134.54473602071522
82.33733733733735,134.53134252487854
82.4074074074074,135.54215484483888
82.47747747747748,139.37816765034316
82.54754754754755,137.0619371045347
82.61761761761763,122.16256049655287
82.68768768768768,135.4529865822927
82.75775775775776,135.37438238061165
82.82782782782783,118.16949499946357
82.8978978978979,119.77872027614761
82.96796796796797,127.32388410051121
83.03803803803804,127.36638693293578
83.10810810810811,123.33662905990393
83.17817817817819,133.8162916488089
83.24824824824825,133.71428604115533
83.31831831831832,126.69069493354058
83.38838838838839,116.31212482416245
83.45845845845847,117.82332610737731
83.52852852852853,113.576037364664
83.5985985985986,127.91686797036459
83.66866866866867,131.24479541700117
83.73873873873875,123.61345654960671
83.8088088088088,132.19726038382294
83.87887887887888,135.83553087697462
83.94894894894895,116.97158640645587
84.01901901901903,139.68833281992323
84.08908908908909,115.27380812094104
84.15915915915916,135.81549105630586
84.22922922922923,123.54744535206765
84.2992992992993,123.93430306164429
84.36936936936937,122.73182995378329
84.43943943943944,127.85801901725877
84.50950950950951,139.3074238540765
84.57957957957959,123.54192143266228
84.64964964964965,123.92510789391994
84.71971971971972,125.79681643672495
84.7897897897898,131.4248355450875
84.85985985985987,138.58644983648395
84.92992992992993,136.64237084630028
85.0,125.42361023790048
73.64631150314315,197.0172189132134
83.71000274468949,190.4126143108904
97.19432447381361,192.90231285801713
88.37933777184412,201.63002163826124
83.02523368517512,194.2092032995472
78.43001208133101,194.68540177362252
90.30548715261882,202.0580430755153
89.73807709084491,207.8048581349573
92.48771330990694,198.35526115451148
92.91870420475517,195.99946661329955
76.68371858876344,195.4837187293985
94.91418726371002,197.2912269689947
93.75406323871104,197.368846295975
82.56437700705513,194.85303643076358
86.06190068922494,194.11949552148266
86.91392998955732,195.1785812401519
90.25820607742388,197.9312875558099
88.69044886889257,196.1639308281702
97.19432824730032,206.42984794378208
94.56919521417525,179.36987136748894
91.3143971653295,195.88345095587894
85.16544756189555,194.02771755151898
104.60504794058112,197.74813384856634
98.54453191168051,187.38867454076941
100.17860939600935,199.7629770982306
93.9087547840402,201.40748321205743
85.47878662993605,193.6273490407888
85.72019084519007,196.2225828960311
100.62602564663896,206.804650343236
79.5720814472734,208.51010724027836
83.8091985272914,199.81783201008002
93.18764485968872,194.97617900317059
82.6166274053556,185.60400865421943
89.0568455791244,203.56455271208537
91.92315136557505,194.6565674825916
79.56903080240822,202.26326683206293
74.47287699300989,201.1170674971793
90.2788962699792,189.4941288605943
95.2865294009369,186.5436411942122
101.1562058646483,185.5747463818066
87.90380140929321,197.6412276132961
88.2729767591401,192.7019448145883
98.70998338984762,207.1834875146299
86.81839276274798,202.0050445545906
83.85672790259295,203.28326224657508
76.83590773630544,196.70874094909308
95.69732336931483,201.24162015338328
95.0804353330987,185.6779580683033
89.59257561506054,193.51320566624378
89.75556207051378,198.54022849955328
92.61523010846612,200.42240480776604
101.5451806203616,190.41180996127085
82.42305836317497,205.902075511504
101.04375893110321,207.8769147277064
102.3174327102098,202.05309283346023
93.38573916518774,197.04704594928043
75.17367410099423,187.45375728164376
96.03271195293567,210.30338062300007
80.13944111206169,189.47444299511045
91.81544928435048,200.64352696825557
83.84527932850018,190.71338733543823
92.94627941325733,188.53396515241567
83.45977588751408,203.51994280721777
89.3743881869949,204.51395457840084
87.75188667052772,207.89485316098876
91.06339340836165,177.87118789919398
80.72114473140485,207.63628962555038
94.03038351843068,190.845761543297
78.64015795910544,210.89343268326104
102.46937625437555,213.4979148323185
96.53433152926155,202.60849085376233
85.85994940975814,202.02433013487942
78.00380336206175,187.42420590858757
84.05330171817512,192.95093878058947
99.44287517766877,195.9618887713682
95.68860170181763,201.7737908772896
82.40808396159501,197.4025191164376
87.40919011812613,193.73543785897476
83.26159914656341,202.1600611311894
74.87782693578762,205.95362079717253
91.96770447331306,204.47749731656774
90.87702027785603,196.01314306412522
84.3553413520467,199.11904482128443
77.75039780429611,197.70573269610017
82.70952035184224,179.23452427878993
83.54078272967404,198.5768110946104
84.92967345094782,191.36850975987895
88.56680957033838,204.7525245601954
74.27551911942238,197.36746754466202
85.46883705561224,188.1931814923344
98.17297483672034,204.58989954630175
74.2901565023836,197.1198914534725
92.40280989213994,199.3790571408653
91.71284674783641,195.94618756083602
95.51262170960933,196.85836392453365
90.49622115033054,195.15511218498264
80.38337790207025,206.4768346046209
92.06172131856795,199.00317175922967
82.79825678801386,202.53557135054697
90.77136936054247,192.56392978035905
89.17841388911515,195.86210547556553
87.73084629106083,187.7112149825535
79.01011754951436,197.9542523528615
92.11551653823209,199.07082319168802
81.25485733595616,205.41704793516183
85.01318334261754,202.2282369694414
86.58376253789845,189.06610956440787
95.46943129941117,191.82579954032872
98.45674945559918,183.60697796334276
78.16545907838403,202.96616420122638
91.71459659723314,207.90086891022898
76.94105066028928,193.69693328865267
85.72478993626369,198.33299079250102
81.37405341112456,185.1337640478126
85.22300017528674,202.96270924594455
78.79530676773659,189.85827274632751
89.83519435588892,194.09105461404727
95.70083055743976,203.4982797448626
100.94906472634702,192.97113085023108
89.7927818075615,189.47931421563004
96.40024863907121,210.2403027660958
87.757055932849,198.83805871265253
93.6087754718315,189.158132527823
89.33155044478474,195.01158492752936
91.04373214428792,202.7703833674101
87.90541976811213,184.1416034352244
84.89020524792473,194.8809314654217
95.77309735183168,195.98448493934922
83.29907228051079,204.16087732847961
86.88437695803378,208.8271795297994
88.56820650856416,198.6499234174581
86.39308915923796,200.31341773088693
81.10644867894544,201.70119755775886
87.24883765005387,197.46947642451715
77.4520802002084,192.93559653518497
80.25414053177151,191.88331787098477
98.7583973925692,192.2715632517342
77.78563870856826,190.49681865488816
93.90782007246372,205.74817978565014
101.73828295131231,193.49536784667006
88.82745536345018,203.40150212364443
82.6744079885408,196.4742672771055
93.41175509481664,211.2747999940242
83.59852910794993,200.79376818749034
91.09555515217814,195.06864916279497
82.78298635027248,190.31722109042872
77.57936891390591,206.98123274714152
83.61816716735423,194.7879327706068
84.38134365917306,191.79905768078962
94.41108092578634,197.01103622964848
89.19038360117747,196.2889159331041
88.67330728671543,203.7334512247079
85.96381837353248,191.66150883677508
90.96787624074135,212.8958353852656
81.91732991232675,193.75567276939756
81.72942939297569,195.46528604890432
78.67346429868508,196.4567819862509
85.49855262593904,191.95653617776233
83.8340691232492,203.00672316102123
96.17849687337979,196.39038077518913
93.48918297472771,196.10630752904325
94.12804320074636,197.36934673762997
80.35589792393141,200.16679585396383
72.60676714341481,200.50903533974247
80.06945827718135,206.22578403788089
99.48805722808589,194.00172508831776
80.97055334266197,193.47206781584214
85.95808413063504,195.50386545521192
100.52258201558453,202.45722269529415
98.14190511311858,187.27587923090397
89.20193914447091,189.9099056809816
89.34846403384324,195.83335984569828
77.54546678248242,198.17039102816156
80.90091780567597,185.1939631300293
84.69353977848749,200.99493398993195
87.34776756196335,189.1679310734231
89.09188614993275,211.052763761575
90.75722785839524,200.4863638708303
92.14843541090218,202.52444755668623
87.97731050255038,197.87365825111812
74.06525555163802,201.3880837210407
95.85729582579064,197.03492162702597
86.77780770976081,187.26101370867684
93.2442183210292,194.9122542304998
88.97693484670259,207.21380406867198
84.17847717609158,193.585075843504
92.16760542871471,200.95232142468788
88.89465432531873,206.1156611515877
85.9222231935178,205.69454404496793
77.37182284134309,200.3927459867007
77.39827289638133,203.55098954068598
85.58046494252942,202.00777011144237
77.42036242421116,197.42390093138334
93.8459362881083,183.7103967284506
91.70679042653661,203.22257979803493
101.49166271942701,202.37959529508052
91.54710117077005,207.68404814062023
88.1276577517077,191.1935332204395
93.2066597221772,202.16572408982094
87.42592468733942,190.41290973365753
90.06140059667521,204.02350163343127
95.80341339204904,190.7847618700189
84.3458697824656,200.81505144153184
93.79391586366677,208.40499964924405
89.51362190377858,191.66580430633073
85.62141201035756,198.92310362214164
97.80161009294292,201.38477351714357
88.33710470339173,199.09875893168572
83.3279388789729,202.24881575184898
80.60197318020641,197.97901899870928
83.48035243914282,205.25109837050763
78.08486072696753,191.14351473283128
88.20958631088229,197.50591700771955
89.22525572555121,204.651746220413
78.39416520720991,191.4468320042193
85.08914068843076,199.31067849724636
89.4311882829284,209.22818647846003
91.46801911666756,190.69606179976256
93.91321122030843,192.26972697374407
74.41439597435041,197.31261725542026
86.9082593561823,181.02110303071106
96.12421956003836,195.9953659703653
75.60107560066183,193.82611900637093
94.3895953296074,195.77224501197097
97.64003310144629,193.71073820888628
84.10217859044492,183.27248393903963
86.78288071233864,201.681517025315
88.09860921056723,196.9072534455178
83.4094553586034,188.52989511043532
90.97540012089512,183.48478430758203
91.17038696566946,197.8229470836695
82.50301733025748,199.4730885368825
96.2601544987382,207.34974943255838
81.39167250499015,207.3561007002251
103.11223195996277,192.8694876867089
91.66323945538349,199.97125373026805
98.13940666921795,202.43032254906066
94.67838066638751,189.11870201070124
88.65663574083301,196.9476582658482
86.79706690014748,193.5774226910767
96.10592735872098,186.44419789486196
96.90810374409078,207.30747756547913
86.84286421138647,198.5491394294274
80.94776722534142,198.62116678969213
100.81510512185147,196.06117407595025
83.64629780058394,189.0486288030898
91.63926362182364,190.80385679730747
89.06713872085884,188.96309852992755
75.54659975383993,199.0051536481514
86.701433579197,201.68659167307501
83.71388906259784,198.56661278375023
88.47360149318493,198.3445433128479
98.01627623255212,191.83535582918503
89.76302152321257,194.11347909861948
93.78204148243971,195.90401126993916
100.9590662330392,200.0812426513814
81.42914358311171,197.41043761142774
79.6690558187833,203.4435968137881
88.14693144975783,189.84997526417735
82.79045528880194,189.06980109686788
90.35823371527586,203.45691901637005
85.51111565408037,193.66765292720373
94.13381287479042,207.88875851610317
75.30299191298644,198.61934832041325
83.99080374563769,201.0061592700338
82.84419544948804,203.3468142570742
77.26587364402725,185.06309725844335
75.3250048932445,200.38882420578585
82.70913067605487,197.67763217535904
88.27176909199909,207.6365042269266
77.00189976496381,195.43080183647476
81.78130560263752,195.01767599093014
90.41799042266808,204.32545483456252
89.30041069220961,190.8119530210441
84.57914462355583,211.88125811702866
88.02025875016861,186.11384894962836
97.8862278260455,200.46764755547213
93.86403167447205,195.50235870233564
87.88718570300058,207.47148429677392
86.62680902978788,187.13246215102788
91.41270416160106,193.09855612351515
88.38103785941497,178.85949637039357
93.72137377382333,197.58389866288704
90.6500131786864,194.22145842439045
79.2846508612995,200.41337867412787
99.63306318216962,187.425498354312
82.45596172283643,197.44544544069092
88.4489943609186,192.91529632240176
90.24100653796718,199.02875396649722
91.00249451289459,198.23529588005368
79.22201080675238,189.75860476327176
93.24441128181635,214.35153230558905
77.88091789060181,185.8947423539395
86.87291426174242,216.7877433450631
87.4588536849415,197.42687635229024
85.75878219071905,192.67598768385466
91.69625122884072,207.11751381754155
82.6080432600625,192.26324907973913
91.16340365445843,190.89213152992502
76.27143306230002,197.5447281747198
93.35170129122277,198.4045543835751
92.50816593804971,204.05730385064714
86.8425068705549,196.15252230810015
92.31495734760927,188.97849462858034
79.73850312000981,194.74640614029548
81.14359887790302,199.76248561385083
95.98035421387925,211.07172209553633
88.99567360874111,197.96859858198317
83.28856502097688,202.75400754054937
80.49581459173294,200.92408024496112
87.38164093816239,203.41324005885204
98.40949117810386,194.5312772661908
91.8575128084555,187.7555832436463
93.0121598854759,194.3620339826184
87.50611571074265,201.75794844514272
83.72143743743092,201.75430660364623
104.18214592848057,189.37647177129077
79.97049983321902,192.3736528833428
77.09209525297267,197.04054674100382
99.26491559151894,203.0480989756032
88.19816890481131,200.75274929593766
86.36832831753595,209.77780605467183
98.52679479575451,188.82840720245775
93.82977329012458,195.88220601649022
84.1880096519257,207.12803177219655
75.88209770100339,198.0147676496206
92.35428913412873,199.06862546320826
84.576001204023,198.41397202120828
89.49532306654137,201.42256348892636
83.0408213223832,194.57607037833122
84.68858804268488,199.98240445915994
92.18212875109472,194.3375249797069
81.2180129076674,187.94758022636273
81.10566971822207,196.10910489215337
91.2165525569162,185.54515466684998
87.44515563607645,206.6776879333182
96.704474401396,203.39736215613013
87.74967711946003,189.9431166101168
86.72757998034574,196.29972597533552
83.5892189186457,194.42085439075618
82.42488746532781,218.59165077646915
94.69922283698462,204.2588254626218
83.58745707989432,193.13245088190186
83.16115195495274,201.2934751035174
91.79107505394425,189.24353352428585
95.7335733900073,191.58006078996493
77.37499206141932,201.34550409460172
83.10775449088266,187.27620068891915
101.65559467656536,191.7185827153682
97.62884306979495,188.83792562890534
89.03172202573553,194.87487649657825
92.02814524593316,214.09772156600837
80.29743221292496,193.6476666794979
98.97085511954393,199.51018895912006
101.9004011394691,192.57113052650917
85.08582134817976,199.71428258244273
84.88085645332343,204.13470731411087
80.4125176072835,209.94001742094258
81.58160739954822,205.79334249570624
92.83977186660886,181.2299127830274
85.08179600366009,198.44566883703146
75.94151773400917,197.42883160208527
92.71737108296067,212.33585392447458
89.34269383105824,204.63096387006078
89.66145264614644,197.00099814300313
83.89701517174119,207.5946107505561
92.82226394140223,196.31012881442365
77.22307046062619,191.29383688580262
78.43410535770566,213.3588388114053
93.27515031484523,187.77221617137988
85.54544174032371,198.65218026485948
94.13453048730771,202.61367220552538
87.11878838714784,188.78763859899826
79.18368160698672,200.52394090595106
80.3580158127979,199.8076110938554
97.0161384866102,198.1849779645575
79.53684136119827,201.13696150714784
79.84123602522178,193.56621734521863
78.63550441094851,200.77793075045304
97.03370582951787,199.7453121230941
91.40569476724671,208.75101080894999
96.13316345777243,203.4517169465356
97.80385884090965,203.55570956323152
93.65287903442892,190.3494475023276
94.62394928725386,196.8161449396578
88.95752073096727,200.34079225611868
81.92354316100761,206.34327183279703
84.92635835214057,210.79018395415125
87.86477861486854,200.57667425937444
97.59984337684926,195.0169095216707
91.44442687065842,195.6991795235194
91.61027821709429,202.02934455331794
91.57075960077442,200.5129237889152
85.67219275933863,192.0502906390177
89.36982655415665,216.25043824624294
85.42519947160781,205.21452016038327
78.79131634886966,198.85158547369082
94.5095519194955,193.97408644799572
93.9625441053661,192.13906645835476
92.15922082841853,197.36553933303477
83.09913283863577,215.24179881029784
98.19111039682748,191.75857960685258
94.56603441345261,203.70747927035146
89.00606413266313,198.65622361388637
84.90936782866595,194.4588986362796
87.01835962591994,197.75105240925546
95.41283358124359,201.65126028470897
78.63402320408312,190.7588329392032
87.95486623534116,202.5412302847894
98.64339041404536,196.6233781415964
101.582849082262,199.16269582254682
67.83253344951332,185.38755123069018
87.29777471464413,199.34865198467492
79.83612715937629,207.52131919194667
78.96084164857683,190.0902313429429
91.612700818836,199.12528379736355
88.799521149095,205.52355065393482
96.7184786308205,190.4187219696487
90.88306785271236,195.90249706652733
88.04575574756043,199.83915695822105
90.44125945851918,205.63588652536228
85.85145112770215,199.44994862309414
93.61242006890329,202.27838840011546
85.44898101147065,201.3413518595485
86.00033071782276,194.9415634714959
87.51271013373051,201.1448552902894
92.20693016136919,197.68698994943242
82.97270644106295,191.50188748238776
86.74188781282186,203.2149214498184
78.2570071747969,184.7623485287421
87.49534909441428,194.57620285938376
91.7448182014257,192.45166989587804
90.36258993420851,195.650601867221
83.66097470718474,195.76894241789986
76.67004955638603,189.8332521408392
88.18734425935912,200.45726662601413
82.4920350707521,207.0418106579568
84.84580388781004,196.90866542433616
90.50072290732334,207.16307460242382
85.46861284377536,202.5552637150016
90.95981127981595,194.80809762941942
78.80895634832808,206.9352384259993
90.87944221224328,198.10003474600657
95.0835897297208,196.22815733515637
80.72257461337533,201.4903352458342
89.90451252584472,200.607729210943
69.87867626200588,203.83076583811385
97.59894634163574,195.36240063639966
97.88379880268415,201.2615501344876
86.54517747262128,208.2168599498571
88.62954038615977,208.3816912329487
90.97354821229109,198.4072052096443
92.25654362329011,199.24206634905704
79.65823117249502,197.23861514613992
93.30480632608193,201.50090541713163
96.61416099982159,191.49079270967732
92.46352531920135,214.5934017791177
90.54584126530773,198.03576918026522
97.68339402168122,191.66638356882214
93.24963269170175,194.7630108552846
90.07946402084633,195.64527720227045
73.80701969577322,189.06915305403626
93.63719528875886,201.74754331101508
81.77579302507115,190.65972040462944
78.86772932533688,188.58690841410814
81.85069807296328,194.30917547646095
92.30236196982969,215.95094761678087
85.69566378985535,197.83689831794882
85.95231777630042,199.11790179602286
83.54071440029642,205.32817433756486
85.06072003620268,210.57935270690405
83.80827531169372,190.3834293230576
82.08453865042924,196.40759842601446
87.6117103567153,185.95400599681793
81.91230498275324,196.63521380116774
76.40836253142845,200.1449777162074
94.26967924327897,198.63223624545626
88.40169044418644,200.62411475154656
92.044467842719,189.37638151420873
94.48504921053731,189.59953119937657
91.16069270688962,186.39903436043636
81.5321094596461,200.83497666909423
85.6515117490021,191.21152768133905
97.26371945692931,200.6718140214547
92.5903555901102,205.95756330649306
91.07329849784831,200.9702151041562
95.01748217992773,199.91997840328037
73.050204183771,204.25747908626983
82.58613200847174,209.20115229133097
82.31658558122628,206.1085362796003
91.41012858891256,198.76878902420128
91.32430084821004,190.51948506369575
102.34807218025173,183.965015199317
97.63878652656403,190.9733233387795
84.82694653094624,191.79117813655236
89.96381558627807,201.58857630053143
89.61635676394405,201.2530776068499
91.59720386559866,189.23519284876002
82.5847923572283,199.81045417511768
85.57193123040487,202.0253049763168
85.03937871945077,195.24860633363508
91.87751708538715,206.08927167265549
82.79371214037899,195.8746241460723
99.53827478323755,203.33880650665657
98.65874120330048,204.52493186398618
97.30106500651227,189.41794506733908
83.17791909483095,204.6678726319416
93.69479563965022,186.80991129795882
93.4652311231193,196.69520261976302
88.59496942983832,202.4848226516108
87.87628461351058,194.11641583732603
80.27026784555812,189.2782232673935
95.30342168341907,202.38480184940062
98.26941742697204,199.98455092433113
99.17040021417293,194.32602650122752
88.40454744389218,197.3543834742073
87.86521951145825,195.4168196567341
84.38381073825018,189.43799584189193
83.6649137917796,198.1822027182788
98.04706014442812,192.22014184819812
88.20735290449227,201.47796376148094
75.21829904919257,196.53810890276006
83.99900687824767,205.6591881504798
83.85847849274661,197.77142223823387
97.8838104856983,196.29418360150174
80.81190112158716,192.79887533271489
89.39188067145216,203.160994330146
91.49000192609616,204.83678134669535
95.49444601951063,205.32908710580458
90.54082815342207,193.9561486758567
95.4813943164468,196.28941763376565
88.06158337597823,198.58986870879565
103.39204860208854,194.8438067482593
75.73847021748294,198.1324613204749
93.65479120046172,190.6954906577584
81.93726523120654,194.9570301218235
87.05367208712047,191.4664618024432
85.32691644520223,190.41603850322016
85.58161422197342,199.7598597057233
81.24549702237356,201.9991766547217
91.42351331823178,195.28545148546462
99.61008515519323,191.2614119192623
85.55865929579667,193.0121009596837
87.12623823195628,191.7370729490213
84.48392300619238,192.57050261068287
92.5452390692087,199.31907070450399
97.96267183772136,200.92235420636155
89.34032879217214,196.89306728105888
94.84832637080277,195.11002634157086
97.5643989838752,204.12899682326326
94.23899558648542,209.76893262162588
89.53105899113844,200.16581158533674
87.04493153463467,201.39684958961604
91.96613085916329,192.47560599585603
97.43312121052294,198.17743145183408
82.47487928265255,175.5037454881228
89.39025403878713,194.47434342398554
79.48507802972337,195.7013571778102
86.91558394250626,196.33660634418732
85.22483266357345,206.35238131625383
81.41281393244923,195.09779512667913
89.94013407038648,193.8202325077968
87.33914311823378,201.2043914594403
95.26371146890278,205.55814104948755
88.7576663152111,200.45748499578482
87.1291823914217,198.77853906416564
98.29414876762041,201.22262560464614
104.1787571969858,196.99207715564202
93.91181910179516,192.70325326175814
78.19221204811714,195.96152643084665
96.51188479255593,208.61330067617126
96.12943127185649,200.7922324548475
99.18571971374723,191.6668732665214
83.95095352422162,192.40209982709894
96.9374591295787,198.43898394109075
91.69668442416972,193.88336549239523
88.09703630951059,196.17248252110676
79.23456732817947,201.98095889332058
86.65149901343042,202.89220472697784
96.0510461795084,196.05929773463234
89.28038985504645,201.1202478333027
89.72756613829985,214.5987902303021
92.28629787455148,198.63244357996186
87.40308512843795,194.95344099912248
88.74963517692325,204.48118193009037
91.08152847662198,204.92081206326569
83.71359017634434,197.56247255472093
91.11553022371302,205.58194129360737
82.31403724295569,202.74075947854948
83.49948302201857,191.4075731912843
78.71471739842511,196.5974798166592
87.47061822632548,193.65136777307916
89.12328705148012,192.75846338686083
90.27691819098085,190.72839999481116
84.83609611015417,195.08883801241322
87.82090834966797,200.75625889369883
94.75557920665192,197.94898289011368
93.779751270607,191.04139491013697
91.22070155300742,200.8824529732239
93.78578316636823,191.519894111321
87.43096266934543,195.09620608242236
89.06103805573204,195.2609238998956
89.28178009757602,186.94204815372984
93.74948601586985,193.57560547757868
87.19186158373093,190.1204116001513
92.0130886655223,198.12710762595498
97.3946992106396,196.61044147615402
83.06434624060049,195.5338439472289
79.23617809840358,195.06268530796356
79.70254405069471,199.9595128707279
88.03189246919128,197.0306981246423
86.55464419382743,195.8518033550548
91.56579495159882,201.24252848781902
78.21565098545253,186.4270389528817
87.41562337134827,189.17140515180026
91.2202244352599,198.68853583107867
82.3118772119517,196.8015910664879
86.58035557407719,194.2524025741582
93.41440679487522,200.81668792674398
92.37277209398712,196.68677024176372
91.73299089812676,207.41930611554457
90.45269653322813,188.31076977433722
82.58455153415431,196.51816565401253
97.05708884603953,205.88948308900166
78.69036482590141,195.9261946379621
92.77148005627159,188.87399226709104
86.17160896242395,199.49691549416104
96.17854104021997,194.57971325958945
81.51886343739211,193.8095487650484
91.18636443891567,189.3186123664704
88.87874808030709,200.28137672628785
87.47692986139101,194.43764310759394
94.66284750063582,196.6052119020402
85.45063236045269,200.0400313239266
88.52286389643893,200.2391284887623
86.28752512922651,194.29202608568355
97.76209946847247,202.2258034158049
82.31422883489248,204.77624448763066
95.12102143411299,190.91945327286828
96.02934681526678,199.2721125746768
86.54357174490906,204.69812481963677
82.60413324646431,196.63054789287898
78.3327051953312,189.73765748120363
83.22760625565257,194.5077941055869
83.53407488118792,185.23771085291312
86.966408189497,198.08885056699046
79.78983717627797,213.1263729528564
81.52579728167215,199.81504558966583
96.43882044419645,199.1465254464611
84.19245118322333,199.12269659493546
95.40692786480939,201.42780318895058
87.15710162750146,200.5345175563096
88.21366394783611,190.43432302452916
84.36038524511376,194.04675939192632
87.01288975146286,208.46583599682467
88.20196095856889,196.4459913970125
84.2627679810309,204.75729746000437
83.3423541893073,189.15719878452248
80.45735635937999,203.08658372606703
93.55796030738503,181.42059886672337
85.5944683268023,199.67841215217388
81.58540553974659,195.38962884934537
93.2533633668425,196.89898997281298
87.99476077358004,208.38522562647495
81.92503394423501,199.31924005031752
87.81814546206347,196.5795945841927
95.32122602252625,216.54980421484066
91.00747487684929,187.66801414777566
73.2903119807947,199.83052733632246
90.64934880793388,197.51864617491776
92.17074032978269,192.02366043889896
80.22930807220428,203.9242768149833
85.30449001203321,206.03987607638166
102.49306091198588,204.99764584398713
85.39433389656658,186.17478209424797
93.90203715923455,185.72362487124667
90.31566384621337,200.12056151357734
82.68429084694685,196.75036374392656
77.1659512366469,194.79423697873804
82.77407767557776,197.39426560118477
92.19264736798935,194.73909075451635
87.8317409414779,201.6597692463443
86.22540308686054,200.71987521447022
91.34045627418948,204.33623876808355
85.2282027820672,195.28596953926382
80.0386219916067,196.43639842032326
86.84590261269933,188.06563743702185
80.33848437030557,205.17289940851006
98.14958752623346,193.8010172681921
88.75830674627383,198.78612030829726
88.02583874369559,195.79272119535688
86.88989545094934,211.44867735061737
88.94950698055183,204.97070277930388
79.83073300999328,191.26447503768844
80.7572869304272,201.34788262099772
80.1719483135476,195.5673923568505
77.64171085989628,202.06139404630048
82.6913445655466,207.36009168307655
73.36088595561233,202.5070162039196
86.68711697474784,194.65108904549527
88.15286393891375,199.17021228228032
83.24416830604584,186.62061566535826
82.4271180707805,198.6771303669345
100.24071539716374,196.2573583761563
70.70683105558427,196.6505296680571
94.77471711138871,192.84079168681342
93.95947051208498,211.316189399073
86.77954775212345,190.05375142347455
98.86553930578616,189.61647787932887
94.36220107569032,199.48923477786957
92.84519593837825,212.51695796405522
82.58473233092148,202.52563404188487
94.11291038257664,197.01132190305694
83.77593521196067,188.79624344003474
67.57960453124984,198.0825126739394
72.69555463772109,179.70440836566127
96.4576821488764,208.5679329439945
83.3020931795484,200.44419975462287
92.71032743120023,196.37688380324437
82.29674033011743,198.74967262715748
88.9977452951628,195.96065114745323
93.29601942385989,200.20058912523422
81.0394448297186,189.4005955527363
82.62940983983287,193.3273014809728
94.5193902914644,206.7472797299981
88.32124854503253,202.15901224305878
87.26048507013684,203.17009474383238
84.0769370934434,191.71468695303778
85.76276674624273,202.52113360518348
88.34400298817349,184.91953410583514
77.47315413440276,190.86719597680633
75.79114559286305,194.05341157300592
68.99346330106697,198.45362332998027
91.06845962183213,202.34046335212577
95.01608290011842,194.35985163563436
88.2177643180598,183.51895803630703
92.74828153602748,199.03741312778456
94.1786450900594,206.7250887085784
88.2864147739554,203.30425430815862
87.62054716440001,197.21447153158363
74.7040200727017,198.09619741408778
103.53881479087406,195.99234549082996
87.70383913080533,189.601517931955
89.68943327597793,202.1882730432618
86.41281588446927,190.78638204586932
77.37197449543308,203.60990439720013
102.01650115016271,195.34417562202862
92.25010596066767,188.5857524365709
89.8383359197617,192.76264119551723
81.48774654341017,197.29912513522424
87.33067718468881,205.9967038005854
83.14441548283195,186.43689079975752
77.53535759762175,201.1706409710456
80.47790754256455,193.05679098713478
84.23184361779964,190.66133434773988
86.28613765293741,200.5940666306198
93.17267663708604,199.6953140840241
90.80142601788911,210.38823081303357
87.45956207811372,195.95668602775496
89.86964430128342,194.3903302406808
94.41947283853519,191.63850358488148
90.66795929785823,194.2061829662197
85.32968696390935,205.7290499817371
86.24831106268506,200.38715060419224
75.48897078469905,196.2885162599091
87.057919598199,193.87497946955216
93.13850174862242,189.01639171528944
94.78975931204693,183.9630269400971
84.71546204395231,191.0434532291877
85.4245069131507,198.27112144599357
83.17298259812074,193.73377447341193
91.51311711586254,198.98378139053676
96.62336902578204,205.61315016770868
88.19020769822141,193.835831571664
87.87959719001111,191.73461919614329
91.26111970986763,207.81248148241613
89.31329485571442,196.32520520024536
96.8692344943522,196.91227839321874
83.65825152512821,198.82942527827993
79.6540059763031,202.6143776986297
88.06352395909592,198.9580728918497
96.32900288473444,193.79335797649108
83.79040792854398,207.70128554718892
87.84895549792364,199.19736222142083
90.81620184657305,199.34230141216446
84.24274001785345,200.35621650373852
90.6931421637879,199.0482401550465
84.29131479254909,198.66099976747427
96.99727460954361,202.02975270842566
69.87456448757112,194.78102255246563
89.5140272463054,197.30969362753598
81.2843460247199,193.39185799916004
93.0311516532042,199.481677457407
88.71022099268745,194.60922709994892
83.24129642943075,195.91154078849414
90.88442308912855,199.86678973102255
97.25435036838994,203.81639202288906
80.08283362974966,203.53240504285841
82.67682482133102,196.86816710232256
87.7555873962571,213.93551836366038
77.9621140262076,202.40162652929084
88.59363244587603,202.43274852555624
80.19846086165653,199.55242283628004
90.22913489178902,199.16307399519008
79.98132656228894,194.01568433671827
81.57686992676132,187.2883467560651
80.57837662080766,207.69228067370506
83.36453404996684,190.398293994088
96.0988188223961,199.21861013649047
84.690071651491,190.82945825978467
92.92521131254377,201.37739773335005
85.88772539366664,197.46217390794638
83.6952058021103,193.5176376295076
85.60553065780279,200.4633395289052
82.29780008597054,194.46753857666613
84.21631552403795,191.59757828874686
84.88621460481347,197.03265030943865
105.01520213057935,196.30594968078543
85.74864836345441,196.72537514745937
90.29428531853927,187.0341968426196
95.89484780066283,193.03720896427714
93.15037750280942,195.9163618645092
89.79136703379943,196.94070357869055
86.91514048506845,199.20137947894025
94.97055837570075,184.42099060130016
87.71729018216641,195.36935903311033
93.99630173653776,190.72238247455434
70.89219682665797,209.84686773182102
85.25850115369374,196.70936414671985
86.71932215704875,195.13722666459557
86.49094533601573,194.23228173037612
87.81731395242308,187.17831761951348
94.53541662019684,191.3944915312091
96.85472377991066,199.2630458577999
89.29792730952065,193.3496933170352
94.11130499957304,201.56512887842717
83.89303796002993,195.42509458103225
88.88007301060108,203.1411548654335
97.32027904497028,194.24398790607466
98.9823519688905,197.00777813969532
95.32253007987237,194.0707544721853
79.00850988019127,186.4804222629232
88.97116362672527,191.88622000773154
87.60527023720468,200.4799351472286
85.98093183202127,192.27430689847222
87.12826212084767,201.63780284548756
91.12889429100662,204.73986311612902
83.59080061191791,197.3512840385256
93.6873089043975,205.2656954124119
82.1905422518649,202.60657036764775
88.16896740671045,199.16306106031033
88.9179087144682,195.1159186290022
96.22391916833006,201.77088742518072
88.6695549591855,196.5399724868772
94.1988636228921,191.38823383106677
92.41891838683752,200.14007824102762
89.40241231021932,203.8501592107174
91.29476837263562,188.27597279468904
87.2332887614631,190.69808727658756
74.25087153817931,200.00186517870097
78.14043421969632,197.96878497445223
82.25729348276576,196.31397145800545
94.10576979627756,196.68230091654877
84.69271132995661,180.94866629110254
88.8706033813552,201.42190138442126
81.1756053537268,207.4065343080409
89.37986782277602,203.04334364616264
78.03223027689648,197.40399620236698
86.32305836152771,190.21287470139612
83.90989953925234,192.5154659062174
91.83162472497031,184.8190674853405
83.40005825750553,200.79572740035928
86.68464611249068,187.59044942757438
79.24910547463575,206.96162178726001
90.36409235517843,196.72338509719185
79.58224809045751,194.26207712183938
84.03554827758327,190.22828194491254
89.82437105508035,189.2707339863302
95.16204237429166,185.9503200484098
85.73630199296315,193.20476096347141
103.8899412958407,185.49674430461542
86.24759181212163,195.46328726732347
76.69067681247995,199.5928674365017
86.75844645476428,187.4842096603331
96.9592013018901,202.10021228103935
83.01088800881286,198.47541310183934
86.94287197967891,198.3267030335443
95.5607876736977,193.22104643955754
90.50786462316896,208.56726541629197
80.77141741787402,200.35714301554006
86.4575804906797,203.583548946926
88.49046345615282,194.26665422689382
90.0011510888261,189.1550565365639
82.13098456338884,193.44188945272137
84.20261527415856,210.16825099906671
98.86392441781638,204.9386014755039
74.79509395512669,198.44977500197973
85.04089135487389,198.54163541827387
94.72058768086904,199.6199803306776
93.07863942381887,192.35029238119094
82.16963931814881,191.76833500321783
85.9082332373967,202.03002647431177
96.2647617644576,200.61612991067983
97.67652728298212,194.79350483383544
87.03512966802768,198.28212268376117
83.73706852475493,194.91330652080555
83.79638317643605,201.81727899270237
86.59956350938877,200.90035231474954
99.81538724039132,202.33953184556842
95.31613485924069,192.6999804953018
82.54360795530161,191.73711586506442
79.91072571630278,197.36376284516118
83.83311000765428,198.03611460280374
88.72949182649789,198.77682930369218
92.12665786496005,187.14253228930954
83.77844221095205,187.19840085085562
91.15157413571428,187.30060388322337
85.90985603059136,198.1314532418304
84.92302693274647,195.40115036467427
85.29986932873864,194.7589629718516
97.69044739681352,202.00496382694178
89.61063559084201,195.02059449311977
94.79082944049956,192.7096736439353
83.18216055208988,203.0169489690842
89.63359160007747,215.2761376569784
80.62972672507703,200.04923027218098
96.26768572885496,200.8200296914946
97.1412559407016,204.76365853344777
76.53125222135878,196.98560605610044
84.47910077097963,199.79960410965828
79.92989514872214,195.34006062033131
88.70939068810439,192.5745482667019
89.66874096519696,195.1626536219977
86.03834163316417,201.4114736204094
70.4497380075802,194.62019597469845
98.32502012861025,198.7576530611972
76.36232151682414,188.09739124363372
81.02675321093224,201.4764339315186
85.5449899248162,196.79442718631134
88.7502360401091,187.22197455424018
91.72166008607758,199.4217947892693
90.93429441415535,195.32940241141358
80.54074084715232,197.83952266920443
92.34695598429316,194.74298851285187
84.11078373501766,196.43389314976423
92.77512738772626,206.38710167694754
88.5123917655444,199.474460765769
86.23025357621798,199.2094862563481
83.59873075812045,199.3970322557805
87.06835505023851,195.39507530300938
80.49228411404167,191.86881208420306
88.9009276937292,186.03297154442447
85.18963947765002,194.83102065099428
88.55265189555455,198.04602061163695
87.40544966514986,195.1831972298694
87.76105038346108,190.2813238741099
79.09381705714513,193.08043285326153
72.24620623541712,208.1070161555102
89.71646218578879,193.50865386411292
81.87481575593091,197.30686792406775
82.46141762129076,189.23725925801236
93.59369328633043,198.2874775959371
87.57111125350502,201.915883359775
78.92318831201025,189.33496275769883
68.38765752924128,185.56650331006327
90.82565505194384,193.80312627313097
82.55814201428112,193.36929452218138
86.54727247329023,187.7466624388503
85.2955160907862,194.4761798877089
94.24753269067698,199.06544259072882
95.4041206757003,192.49383833575777
93.99706973629507,204.7340547730604
93.13600187051436,193.69550888475547
91.28119999971464,193.090545923197
86.24331699813565,195.9234190174482
80.30383838966223,191.4801970716229
99.30091303465097,198.76753262510778
81.81748675653076,206.88259953399185
90.80450627995735,200.19370719051005
91.67337748481654,199.11400955571528
86.4411576377993,203.7956670581843
89.63064095614114,194.98183522606223
83.86228911153351,195.58058827515734
88.01400430202945,198.35812684892178
93.0434209150353,190.94119258538868
95.30301086849937,203.24012797048215
82.12769448206345,188.28569578393873
88.53320566031606,202.4101563637691
82.35479563951222,202.8027478748123
96.5404795669719,204.90689122400067
79.21959739452286,193.634944938566
78.1478434525096,205.20544935485938
82.65286123887132,193.21620594096538
89.16778136228477,198.56527148137397
98.89527164266809,198.79725123942686
84.54763128284235,198.47609199632697
89.71913917788108,198.3768980983006
81.2054522683126,196.1153171531897
77.17420814173921,199.01161598499556
81.01660959759836,200.0602339886136
90.0925620074304,198.56837560585862
90.99065524668451,200.1977129043655
81.68159102016382,194.67087475472377
86.50020066136163,195.4676281618824
88.14413838075006,200.97152435564533
83.33446367495223,204.70291158375892
93.80241707326768,197.99633999139834
80.14928863426476,195.2123341584786
93.1328528523546,197.62870955986168
76.21909529397166,185.5024771740311
88.11548467145222,191.34507595833952
86.1665984003613,202.7372771517291
96.09919885104529,197.69810394501914
82.76612424343932,192.59791242762637
81.63438836381853,207.76079737740588
83.32262744373723,201.8494956888859
78.88844359015133,194.11481965159956
93.86864709424205,193.91386035094973
83.04496454791439,190.78814977564406
90.43358869786447,203.7492424567504
92.71299136116498,204.55229349768226
85.21038018742938,202.1469162427009
84.59187837462164,191.78035673925027
87.23402783970407,199.81551447170773
90.40632331682674,194.99058977432114
90.87638062628756,196.4273783680648
75.3519255908403,201.33883388664609
78.02809840541472,191.52424802541302
77.28351660059901,207.25778626213685
104.36043401084032,194.8392154245014
82.74368321116364,196.01564013871882
91.46092541108969,198.97103917443496
92.34572526801715,190.14294268965727
81.83217419825087,202.97171263288553
83.16781034253916,199.33611375339643
74.63816382298194,202.4692065498876
80.79722275375568,192.22440032633395
91.18367272031341,201.48498568139289
100.29742708014452,200.80179043371996
85.49234147869194,196.78083447485068
78.5321624196566,191.57005419663815
83.64745540046631,193.4067845685056
92.18964347607255,190.4960980385091
85.61715523101525,198.60880924457828
87.3299813862844,197.91948538817303
93.01067494258692,196.40870002915747
86.09814964953867,193.06512520075682
91.0908454080003,201.2399225126068
88.5598834100674,200.03897587416532
81.65156986499873,206.08708248221927
93.39322347449077,193.55807430856103
85.17069864960659,200.72223154914016
97.94091830380899,199.12510287454487
90.15813016147732,198.38168830579085
94.64990652134067,194.4635728026255
88.4657472917228,191.91172916816555
83.1357668591294,194.9572853813281
94.976922654995,191.3888555499994
83.02153347188332,190.9534612832714
82.82588461729976,207.76443904197362
86.30457685419844,189.01709925633148
82.38283959177117,207.49974164749162
88.30888023320031,200.27392361571748
91.78900094393313,205.18882927180036
84.2995349495408,191.40801132607115
86.46488241312996,205.6431871007837
90.37997880059422,194.9092529585408
84.38791844663695,199.03374348751032
94.797870341199,195.6809684262345
86.32109124085271,201.71151169266125
79.43744260462584,206.8791842702578
90.55809861139129,199.19423659992492
83.09227057966999,203.40416294117085
90.25272459342175,190.15662061890998
93.17599616198702,198.8491959240182
94.31947856422717,205.88421385503167
77.55524021241155,188.23946104979987
79.51506290522713,202.03011561203735
81.01796491986678,193.28482633029157
95.25815615764945,185.45840747421786
91.42751405969327,186.65307691135774
90.55327092998094,206.32195499610427
94.81662851959396,204.33909493151188
83.53174479614404,194.85030596986664
95.09183840535314,198.83367856755933
90.34530866989837,201.54778748305932
84.43094370653593,201.86552494431567
90.58586541209237,201.35519120225274
84.64473396818757,197.0813970520351
93.59209391909215,204.6116109325876
99.6270785512744,195.60772589306472
94.15345299167235,209.2434125606131
74.0948886293771,197.07890137645353
86.07540291350172,205.72779086881786
83.38376073564946,206.74304385908954
84.95005850789367,212.83948056461742
98.30290007766025,190.03025290748832
88.98145203633993,202.6074812565904
98.65020017290935,188.9742980479659
79.3320623601208,192.36308437741175
95.89137209559951,186.3630936229182
91.11712216680432,187.05410424025985
75.70310362215642,199.27289480181642
77.92960229938156,197.34520722694285
93.16975612549021,188.24694686990642
76.93181646004663,196.9059407976649
83.6568249478134,202.30749858361378
83.46456940872268,200.10677286412
101.3552628124139,190.94947808239127
84.79594346694014,201.56865019409796
92.7768842661412,188.05917933492714
91.21936570051842,199.0595505150247
93.17757802335782,202.5399306646214
85.74184691751456,208.68240969958796
87.96757996487933,199.18018777173347
89.21719849340255,195.77340036584474
82.30884311208395,187.86042803286324
99.74053323904526,204.19768560327313
79.87638123054796,199.19932572568783
103.60294043080881,185.01483047185604
93.5765543860266,193.76307545855363
100.06202485378392,188.0993674780562
93.22363968243147,195.89021808898218
88.80616048853436,199.0971092155023
83.77375954067794,198.9476588487206
99.04825864021056,202.43397150783034
85.1226767156736,201.85929829047464
98.40864015771159,179.84277550786527
88.03596205852374,200.59815029198353
87.92876173701964,197.8413031494531
88.64671264646591,198.36634416242086
87.0462230561261,193.47212254178237
82.5409261620477,190.48962612738043
99.35369700514083,197.0688979684951
94.63697547482205,193.8677301835234
94.29848004247195,207.05096666091873
85.56209197598808,201.70170128148175
91.27754845136485,197.4859163696871
89.60400763053065,196.71130546521374
82.83611351949718,186.90052493133328
80.63480217686678,198.64347278092356
81.62663883745142,194.1735363230861
94.76363925497316,200.03224834884327
86.61855577046606,201.40773522462752
86.18804787802306,200.0737167970702
98.0994098349884,209.82557811132452
92.98450411211239,200.129233152102
82.34865176360901,199.09459214020555
90.20168777545759,199.39679835132134
83.52631196198708,198.7261688151339
76.54826962899162,196.45024013735105
93.58323929558017,203.9442545759702
90.20728640947415,188.00000086013378
95.06410355076834,196.69019631440526
92.60957386296435,192.8791819215395
93.0099028464275,204.33014553043597
86.23323515437728,192.36195409912102
91.0181354807307,195.76626347529688
89.32547258677917,196.33200309427374
86.39974186207283,190.47565670103
84.75440111985907,205.37481273356366
81.35262837409326,187.61064638264514
82.01930759989625,196.54563429602456
81.66990758855671,202.3778888002223
92.32104210857823,194.49284895249204
80.30012167159956,197.54983641610062
98.43709483379072,203.22978218784525
82.77509099579692,201.55729034930192
91.52293159622391,219.40591562656905
96.87625051230773,192.63626546194885
85.89750690725033,214.7411998452073
97.16042705226994,187.92482948515223
79.59862204566531,198.5144193090831
89.26264629053834,208.54612344952756
81.42293040480496,200.7659072333981
90.87808522309395,200.0664142320452
75.08644951743578,200.32996147184065
67.33993189758532,201.34482226727053
88.52536019762738,207.42307624034802
86.5481060268936,188.79395321570533
91.57833809528722,196.10585938339568
90.79409518643061,195.57282352761015
91.96100612035991,199.72118175555755
85.97871397858295,198.54057807523205
83.59492661058752,199.72972427598492
92.23071919111142,204.2978886656665
83.18198149919584,195.89682881897346
87.12186883066312,187.255388181069
87.61616481517231,188.46920197915856
88.97427320089682,192.1630037511675
86.29530037175904,204.69199396130017
76.67398366593797,198.56539783822092
85.98778822772525,199.68222149422195
90.41618007198369,197.17134028985853
85.99206849632455,198.71728271414634
88.43771093004277,190.35765502885835
91.93540640949676,196.22666166617307
73.93104685241052,195.0248510208738
87.66242870409839,192.65775203464145
88.23935329592437,195.76082394839563
78.33442858183945,209.23296559317063
92.72275390900357,190.57551857392798
90.51468349374728,192.99731790727867
81.1578500805503,194.91179224222157
91.08840798960912,211.86794295481297
83.04698494054465,203.41714464796945
85.13932137283408,197.1063168912585
93.82930391417003,192.7933672198737
92.10460506956251,191.89672985961786
95.71752993638943,203.76375690748284
83.20766949134914,186.39497116449672
96.9917312408565,192.98170374323556
82.12295979404117,189.4039182158614
92.50133917806677,208.78023599754363
88.51136680114226,201.54760272824723
91.39590647403372,199.07247540615973
92.55047572162874,179.84696390530175
92.78754498247939,198.4120256387043
82.85092622982735,200.7025779836994
95.12133349559643,209.9478662192808
83.76594326908811,190.71615019528434
88.43221643478505,197.04008987631684
91.8889409351635,201.9699612975171
93.08013122181379,191.42986585618104
88.94457028919727,195.04914367196568
85.39930719496408,188.61143796398682
87.26351014470818,208.81410550985018
100.10080276817354,200.54707376675094
89.94366116818199,203.57930013977452
97.65055781980834,208.79925058748432
90.29748344104596,211.11224539620008
92.42601167060126,203.38223882341634
88.17722521531529,199.71999782477184
76.59486178315468,202.51094161705063
95.84315783129479,184.86707830309004
96.97398214737447,204.1476449834315
87.10527578971076,204.68229748163796
80.05637841959259,203.74792628198963
86.83173838821332,196.53229406159147
96.96181894028845,200.4493918306542
88.4608135321878,203.2041389341783
95.50670080401957,193.47830301238452
93.03047645934537,190.44638384716885
80.487631975016,191.5905976041781
82.58958977859253,206.84013235848298
90.70211156136854,202.07776673045194
83.09448724355481,195.01975918399287
96.8935441377903,193.52426726900848
93.21031774967408,189.4349729465561
83.09104461259822,203.25720805822974
88.31319446250954,195.18176232061347
78.74796520161954,197.75302736375085
92.77043433697602,191.0649574603654
87.44699685640752,212.04001251379213
92.68684669666351,201.37472661118528
90.69820259868855,197.9649701632089
84.52741721363536,203.68538933028853
83.55188978322781,198.4785020452138
92.6941749648478,195.04984554371364
93.0334866751933,202.8490471833898
86.33199212790011,190.88902332297195
99.12042873811225,196.19586954798652
89.88447443658035,196.19321723339314
82.33132102032391,179.30303023713225
96.15692601864036,205.96514333088237
98.0839563265572,198.41999456229686
90.98610586104257,193.55321975979632
96.00302611470586,190.79492670882635
91.21912652487983,205.6227793072681
88.202018002213,195.74748111492724
94.10564717346914,189.8547941235478
90.8941471581,197.19621365112116
90.46833811260043,189.66904945952078
79.88832391547113,187.15119662380278
86.30765007562134,192.56101773201837
96.17686896185307,190.5646625471134
78.31746340443695,201.5574525770809
82.61200829847265,204.1278928527257
86.68781336548636,194.13427697855008
90.42002784400357,189.02982779390553
92.82753026900384,190.60506321421613
85.85135655916159,193.13692991248533
85.71109213393525,197.7808786686868
84.18246216576587,192.4988263911053
79.4116015685643,196.25207270882836
82.90907055259514,194.72005357483047
87.74225760632513,198.92381191902797
91.92119629274576,203.55550932001123
96.2161766901513,197.34797646704675
89.17961964881322,207.1772760478856
93.84683908811408,189.05327772518802
95.79130437881767,194.45882655737557
82.66946685398685,201.37465158473694
92.71280957654912,191.1822593247225
91.43016983868537,184.70865707439816
83.55307106518504,189.45511611461836
91.5761466344358,191.79089608318057
98.39020065108508,207.13896610536082
95.47204447062055,202.98124412535648
101.41768018727595,202.3331046993313
92.33560566862671,196.6234599637057
81.51928961267525,202.335281834889
78.83893924511932,189.8823486020921
87.57792754915926,198.91400326349594
97.36727737907113,204.76172596400588
89.1615587813817,186.32261272075587
93.23450699432783,211.19393126298746
99.16389327588479,195.8720828422533
90.06849311144099,203.77446097726337
94.42154946903419,190.0385190485448
85.71043848655765,208.5395134566548
88.86383608253753,185.60981483179359
94.68678342376957,202.45510458210347
81.01402131271827,198.22686534725113
86.84985467219308,192.18041892381103
90.88346371945329,203.16573225853193
96.31303058286947,202.4977445382189
79.15841009332931,196.66151831238363
87.41770965449912,198.59863286374093
87.96124524401436,203.62915629611604
85.89509602056411,187.32072427537787
74.77676658355823,203.75028360998618
80.853481342722,203.18173465835346
76.51593620997988,200.30765326821532
82.80213428024149,197.17144889849968
83.82578274228355,194.43009222536756
84.25257758267489,210.33905786869175
80.92664341654424,186.42383276432398
91.5597037736061,183.4916077794349
85.39810125597667,197.73984440455447
88.56377207809989,192.02111921303924
96.33201543565781,201.84708824769015
82.61249177574834,191.13706916410325
76.67643876668804,209.42562789730462
82.37669126778464,208.84974628836554
80.88253107248929,201.54732144946274
81.73161076223288,194.4989018651679
88.66326500074025,204.63560152949142
103.00531328036296,205.39225877084442
86.07045176764983,203.51377083131848
84.36716524237315,195.74401725718485
90.95547860261559,198.761898817943
90.62943106655733,185.8590770606757
96.17407633340665,200.8823274788769
95.08809597798064,204.3451956469781
87.8277092019401,200.73103921797738
76.71439981495459,202.76752675073178
89.11257928655546,189.97944179017688
105.11302015159762,198.8663346683897
98.28332496428635,193.69385122239683
94.05782149667215,206.44063144188485
93.22934343958173,200.64215405124602
83.58843901592347,203.7102658928102
80.10772418587675,182.87480408232054
88.74985363350054,185.51730234317003
87.11064085041966,191.54965788320948
96.18214282458405,192.45548752702308
96.19281618610455,185.89146099430127
97.49452719402828,205.2881365800277
89.7580944532451,200.30009484132765
96.36593342499819,192.31670828696716
90.38106699635722,192.03356657627918
86.6098630222203,198.0223022112956
92.85531475057206,199.93555392206278
86.1748446118543,202.24739513485537
80.97334855965802,207.25546045188318
96.90125948396889,191.44917637579223
82.08806748521027,188.2815837287532
96.34679798462659,186.55454567442447
84.11196413745961,198.7533250015901
93.30876047097709,201.66949935985275
85.02190708571669,191.38615310377097
85.62700209740674,191.92774389690467
80.88915126494922,191.58068401731308
87.74993973144198,199.4863318169942
78.23469524879374,196.84886587946724
84.16007578006361,188.4685096871659
82.14433333582306,189.25262084424227
72.9459366663713,200.18007708025567
90.35535453629166,199.4696645581385
85.82556873660927,184.2134502157743
82.69576238052142,193.8178901490686
100.42081898989215,195.4275192962969
92.27360294577457,203.56262144469588
77.70361944100605,201.78164431087797
95.04545331510302,189.20665248846908
83.60845774539429,199.9751858471792
89.593276563545,195.52976407614122
95.01819131938043,190.15916751129063
84.9916872433158,191.4825814073053
94.95855293571508,197.38597298167625
85.108325716204,188.78560757725924
89.20255436209169,176.62378407732737
74.706892531524,210.1403374306239
77.37911222643098,191.64474448732162
80.46878208073319,208.5200087774565
89.01303815422158,204.92520047646974
87.00496486277231,208.09239471861864
89.88534679569754,195.69367734777182
100.18113657776303,200.11299528811347
88.5354099832523,201.29746090091055
94.65042585567431,192.58477159865058
80.95630772343722,195.7552278671948
91.4960768829217,194.3873405611376
92.21556544129088,201.279002512686
96.20942676505037,194.2785127358002
89.78441616396812,204.98766115813416
88.63196323821201,210.7663799946387
92.18395268380546,190.9578261226786
72.83948726668436,188.34386945144715
76.26421636591158,207.27702765235864
84.76008805147147,194.5370777194895
89.01816771607032,212.30245320317607
90.72002489603672,198.3348254573039
75.05600123499782,202.41204160326734
90.7761464567182,194.53279024559555
84.41244997988646,197.76445912487293
77.57317442195826,188.7502108437876
90.0585603675473,196.28201970374022
94.59744225029614,192.41763001270226
92.48699849256121,206.62287844396758
79.84389189526819,202.5342962242041
93.68501533245582,198.53233659432152
70.22577718001598,198.8386838826008
92.4502067445311,189.47214629279114
104.79394822304968,198.0310302106418
91.88340819986657,202.10162662294923
77.22490373074389,199.45898059980533
87.24079615273001,191.93911163569896
76.489816535559,189.71380687362
90.25914587282294,181.8519335908216
93.94781243085073,200.1806350563455
90.60168175520597,204.40542589010084
87.51896381612333,203.22067378114357
90.15842015332609,194.71405324819975
94.18298244726273,200.24181369258235
89.95391715683179,206.68793804815587
85.82181134072961,198.02436053707268
81.30965995747391,185.42407249652751
92.14181361250492,187.139505019815
96.69037464657922,195.9595324766209
82.176937838072,203.9371822482523
96.68505128611511,201.7287276647125
93.00755310583102,195.19341011063491
85.72464873312637,199.69489330591784
92.11689442064251,203.85383857413998
84.81370667924276,182.9594915931186
93.71890419827155,205.72436787464366
91.75699994101885,204.57479202188242
100.67731250092393,209.88969641703005
100.66477786517434,189.586434825632
85.45456138474768,198.4333150109864
92.26553897592218,201.2490125798736
80.28933779056065,200.04223755477884
81.48281454635645,210.81876713623825
102.48889845487426,202.1618097292174
87.75509323884336,200.37594952630792
88.20388245419011,194.48367437224852
94.09359973648387,204.03150549348376
86.7090645539956,197.14538627329227
91.07090494430363,193.0625798557292
95.08365962022322,192.38243326402178
82.84571617980276,196.26011559842541
84.3785560033459,200.29179623088888
86.3339649954763,201.3146949691213
82.93789510661679,186.82457854407616
96.01956681339372,190.05241694065995
79.97156304534127,202.70916752207523
85.68527706277673,193.9344876765415
88.84288386073564,204.5460567613793
99.39773233742142,198.57952959929733
75.2933984406342,201.38597514110623
88.71142626294501,195.41238280271156
87.43976580146406,198.14625995651934
89.11420793428285,199.48648054121506
82.428244862934,204.42495794134703
81.11934046872844,204.75267268739677
95.37613588367967,198.33964375633587
82.47490583276685,188.484948591417
93.63626255905227,189.74205596439324
92.96384770572413,208.01649931833325
99.31896857093284,194.14937287538902
93.98457267701808,176.2145041276121
96.34949139101309,194.63856818155412
87.63679438361274,207.47608980549137
92.6272983686433,198.17782542712803
92.82107491078042,195.8848918186103
91.93953428867614,199.08278488943
84.63769008426937,192.6612700584427
93.83078650101118,193.08901713152406
85.67855137165556,197.03952567066807
95.52373916709395,192.71031259269364
91.68921735066209,198.5482234601321
86.967847944095,201.9893928474464
87.45726640632185,194.91908966004516
72.88328925320307,187.21510214710594
96.13121308503477,200.00841372125916
92.7849421772611,199.83009585506872
89.80684890295154,198.22566962695655
98.63306378535405,197.44964133646596
77.01605978437333,201.89462535453987
94.94498357250806,198.55325722699916
88.84612946225394,190.4709815530453
83.60747024460402,208.38162564647658
99.16842184923392,191.67240798636837
90.83239303307981,201.04210128906556
92.53883546634893,202.92859374813477
79.13882679101299,192.37352511085416
90.8819621310509,201.13132474328873
90.47226726676199,192.18676208755267
87.47789553073004,189.79131032422234
94.55780457724464,198.78341906154665
78.04216372685418,191.98088142525916
81.87779115093781,199.46083325666058
92.96640134570772,200.70790191894594
71.72710390376284,196.07044581815418
98.15408434401826,202.9916145573064
87.2760565755664,209.07223716494792
87.40518826515161,209.12402922933938
89.29189881047098,193.04558305295396
93.24662393912784,204.78179417417763
86.76711047618241,199.46223048043865
83.76557369925999,200.41421913135756
78.29753717200902,196.30347962615397
83.10441213777685,192.06805498427144
90.69936416161822,197.01634489528044
92.90487199493286,191.46446839883797
93.1381070440236,200.07412056019592
89.32783332054545,195.24455524614729
85.96357651329765,193.03705246149897
93.10076002189179,200.05705605165178
94.28946408857378,196.82281297368988
83.67963298574963,193.1724973712684
92.32004164903731,191.63705760196405
83.82840016529373,211.93936700777869
81.71199781146039,194.64939969715974
87.12597223399698,203.16944555848397
86.18213286979298,197.7788460169857
84.46397950849627,193.4865201274545
91.39504526351213,208.30734703065454
92.68188060795501,196.7534919354685
95.34336062937261,200.83104867099277
81.99914677559731,181.0155335872203
84.82224997422956,194.01243345078615
84.17714249787146,192.54433884218983
83.75738917222978,204.20542559387334
89.65161612770146,193.42312996467547
87.29729748784379,197.83123118890174
96.78621635948748,192.2945629876007
104.34664322168166,195.83079187775812
95.51675594256449,198.41267572979476
92.25395683847037,198.65865964123856
93.4298173799474,194.75788289021025
89.5934211689009,199.62283736781416
92.88871851080276,190.49359213594474
82.89219505958418,195.28754904813135
87.07085782287379,201.52487303646595
87.60990172188957,207.57148192624715
102.3618718990532,199.788789974585
90.07865342903784,198.65981163517864
98.41770774851774,203.02388267649883
94.48557688295048,196.6976833811748
86.4212936498736,187.6431701316752
90.84335388498742,195.6550693230028
89.86384524329468,193.4670538585829
97.11389858405195,196.53202267485094
93.0824845374,209.89122335238972
85.29361028045473,203.44706996752376
83.91828297443689,201.8663011425332
88.40689275861618,207.18148250916624
96.44644912423043,190.8125131930368
85.83696471209174,198.16422744895635
79.15111080179797,200.53817682896988
90.98086470808707,195.2173191756442
96.78044804972086,193.4607923434276
90.47905862674092,204.34695414790085
84.22450625884952,203.73708379758182
81.64869300560218,191.49256866383038
88.63885875295259,191.95402629015314
97.57936575548112,201.34037576432718
80.52147170761913,201.0911343847219
84.72881710566455,195.67629641860006
91.08677483431907,200.51727254893842
79.19852770103712,196.5013499492757
81.6448554985098,187.88957931101694
83.70608060546566,198.7393504036336
94.23857554964249,198.61470289695762
97.98946612337913,197.58160233603226
87.40507810919638,203.09087289608541
75.54736913920162,193.46614931274024
80.17693790663886,194.1400558844407
95.329389767204,203.17531635661175
78.58892049788565,198.04369205488592
83.37570432832975,203.74644615074595
90.82922033415593,193.97393232920598
91.42856600475513,193.76977383532414
93.59992948333154,192.5338460997417
89.14637810764685,195.32573011152905
92.4737984837445,200.29393537068276
86.47957763073796,200.67416897790338
88.08895082059551,204.13106970457605
79.14202394982935,197.46985610122152
84.59329366621265,200.3722609454171
87.31333472446657,187.5763679620054
82.32506898216472,205.26486830509012
77.81801112826003,193.92667037270806
76.63367747936445,207.7865797182222
89.20874566322316,197.19667777433915
93.92695597403275,200.73977522141945
90.68490955189166,200.84719166339423
82.71864175751452,199.0993679785899
80.60129509490106,198.4733431726589
76.5768241694572,198.18822130331182
94.88532253422194,204.33320118699984
90.30154625294345,194.76845770875352
92.52993472901743,203.28382443552135
92.83216044972448,192.90060236469122
82.63013310908124,202.48252133129614
87.87757022389506,202.08858120564747
91.60504754360912,183.27720276705602
78.37387094785285,188.73526338296318
86.60697729338357,196.6285968369125
97.12113349321399,197.23554334632382
96.28636815605398,196.5856145471374
88.69725463107042,203.6244326516578
82.87154844575271,190.61127616280876
87.13427295526202,203.94591828325926
97.0092639402964,209.09148923231024
87.73085583416909,197.02457180366713
89.65960675375786,197.25010650755502
87.2245888835351,200.13651565810906
80.06733536112394,198.88492460641936
87.52117833016393,204.42681824902843
82.51094771262383,202.9084941413092
76.06584928065963,199.29448343254595
79.0268291345936,201.7272462220359
97.35363628161224,203.32287333507819
74.00238725625096,199.85096140617085
94.80455966935799,202.5833541250736
86.38044405982649,197.59742750457505
85.26691699171943,193.54670043426384
89.22376852360536,187.9245242637449
93.14262827720565,202.7348916118645
82.44566329838258,194.20934589773745
100.54090054172961,190.08871520366299
77.31747039968282,192.45089469783244
80.50208379669637,196.78966444272007
85.1654748210819,192.22463526771224
86.70789407334473,213.91866609347318
90.39636433326471,208.2803458540378
75.16600978364826,189.1950102048001
79.26673328836861,207.09626693529188
85.10005565508852,201.36773203468655
86.40626783171084,198.50609411713745
88.4331910063963,184.60889663333845
93.41799117381522,197.71388757463004
101.9189463390964,202.50148152304314
81.63164299994644,194.17886585238026
88.64888052115889,192.00074396505272
102.07611303153335,194.16339653082184
93.20585618415562,197.11621209308575
88.81001323811482,198.9565188501327
85.55141358176235,188.11833359093168
98.10213977182809,189.61911816640202
97.37124940842058,208.4245619409965
91.07413400819662,199.47270169418383
87.44198183315268,194.50611182382295
88.61015951566671,204.9817624616276
85.89565190620532,204.35217337983312
92.04951117531878,201.91153655437608
92.90472336285083,204.8936220430184
94.66471897986497,204.34122792267488
87.80821135220808,197.15524746541334
91.28091846127325,198.97406018270118
84.96073524404605,188.63020994559324
89.15079123932695,199.98520713764103
89.44632004452367,185.172109197444
90.35955331380113,201.46305824163437
95.42839605869044,189.47147281220444
101.31141601690332,205.59291817786297
82.18070183820383,189.1825304371768
84.82273514868145,191.16306012538317
78.54734909408718,199.8609297668466
90.13897282532992,202.59029774107944
87.18814329507941,195.29614783675362
96.5436414145257,198.41947270220172
91.84499065322983,192.94025453614177
79.87583900513991,196.2822618289286
88.40314132031448,192.59323240449982
88.2462252542734,194.60580085451508
90.69380987125457,189.01124171181098
89.32845324877766,194.4994828776081
86.94676184970838,187.37794143974548
90.43643944758298,212.77572905652616
93.7980009451793,190.8747700575693
80.55991557218489,194.66316023256095
88.48716165446073,210.8542144681279
86.25485195598763,200.44763359618685
88.86067885629626,201.09845589238108
98.70286276465825,208.8343077097583
83.80402542889836,189.7167380167104
88.43242345513822,198.4614925205768
94.37843502126027,206.05399527447972
86.84425678525488,193.02147253671845
90.32706940203407,191.18432118369776
89.25877459096058,194.929808765294
83.73600971592182,206.7016167541326
82.84878988035813,198.10361009034344
86.27347199238922,201.92712811592284
87.37547186401214,201.65791089249927
88.06244705149405,193.70890439938904
92.67437629215091,199.6469527358154
83.81909447433037,197.98033749006302
88.10265399269754,194.00709451625954
80.3253255391736,184.073180087825
85.73155891280432,201.0957517854065
94.94911466080325,198.1098000638943
98.38345119903933,208.64653843663498
73.8475587873386,179.2772855719175
79.10897347797913,206.2261546408795
87.05551452874222,198.28283199505327
82.19047857257965,197.40888914992743
80.965659813078,197.99631956087833
100.62508664676879,208.21149469796802
92.34346256719911,201.98301392445876
91.98454963875321,201.39551803778258
95.5377189846815,197.56775392614082
77.90883485198023,199.11303232053834
88.4658731852682,205.2916905925054
88.01433251862451,189.20220050930894
83.52525540053009,201.91165305532968
77.05608868425514,195.9495927270102
97.0555284855957,201.8614058735207
84.9421918717335,199.3490912239284
84.45698198724641,201.24238401261078
92.94952207556506,207.27790920807175
98.93776338784073,198.2251808739432
76.47769114184645,197.3799060934519
81.44387470106625,204.05044644540015
89.48001373181879,191.60981604922782
88.27767576846531,203.15215745480114
88.150916966941,193.58929419622712
93.49280294768931,197.73653493981428
89.44833383905464,191.4169626481272
77.75844437028447,204.72491740870407
87.27771605120658,187.330551261458
91.7716785554962,190.82874042127682
94.98466349053996,194.77512384641963
87.81556116248717,196.39656981781394
96.81457591928971,202.30496610040848
86.33386639082016,197.9262108642028
96.71963974451795,199.0999539699007
98.20646782210915,206.39234928157867
88.72405988130315,206.34043700034553
90.1162805103448,207.39214461032455
82.37512726339868,195.53695835133925
98.59172053499805,191.54812218276643
74.39029718702395,199.76962703408034
96.86037459270986,187.14211262396216
101.65948144275359,201.97412727894195
93.45820157815267,203.64556464363613
74.16174203300206,203.10770376885512
83.66470627247703,187.7416456861068
90.51181370781029,200.2604570001294
89.57401463632416,191.6883124598382
89.6581837522388,190.49678203310967
86.27133932216788,199.01950779151568
90.97434050402147,191.12161102698704
86.86084673647589,194.36025611154207
86.72877744735901,200.11089363363533
83.6387517897208,192.66172952723727
92.1465852714089,205.72503350942688
94.58717232884663,196.25321353913515
78.97205892816477,201.11994716853192
89.48810038212214,196.07877506777092
87.82738245878944,204.16692309149687
88.11762005022543,200.91707917850331
83.39600969773987,193.35221030114525
76.49968396434208,189.27665302267107
83.48916809227003,211.77516665956998
83.7063974983644,204.2396697557485
61.8609733031537,217.0577189422197
80.97196170625364,192.38433885299276
94.48732688508247,192.40727943798154
82.75771204994712,203.03066341441902
82.97303476060299,204.8733319756175
86.92372995065857,191.30681238757478
101.36025557666298,195.4131638224312
82.09411891157094,201.62839002287092
81.8820021756553,187.3634627429705
80.16930229363447,196.13426414182032
88.53865569349284,201.77826679276095
83.4119944988915,190.6430711400087
94.89500534769402,205.67576650184398
80.80086430286784,206.02578649723577
97.58694714642502,198.30041838985102
93.49916118490698,198.47989895342945
87.12426259898663,200.1547306341815
87.81212840489238,191.88427305637384
91.23547416510598,197.55949025015525
88.17085076391885,198.7021535879607
79.48056825953995,193.35416686774354
92.49419931472164,194.42719443633436
92.0142347752958,192.2200579933598
91.71540656466833,190.1478031380834
99.8935857926093,185.85980743565406
90.4682568119488,206.6525498195687
94.37213388887271,201.64232376258525
90.59877086647434,203.22462300967416
95.90500709644026,205.87179946672205
79.94983526340732,211.27028472687877
84.77316883490586,206.77590674214898
88.83103771957707,193.58621907701752
75.94813204560462,191.76337580551515
89.10405180473332,193.15162824480754
77.82320447388817,201.27264206450798
85.95120562304822,196.45901804058198
94.22347765369716,199.87069447672067
97.6869215988769,201.37843466941766
89.89687833757333,185.73891321024433
83.32012867898251,188.11082428101793
82.4301391525763,198.45193492341772
88.9980557377832,189.0164988590126
84.8540276207749,199.38129292379136
91.69820457565747,194.62304323079053
90.61856964264058,190.630058836707
80.71295998588108,208.0346418036066
85.27638809705978,195.25909552802733
92.68486550046138,194.77554131831292
86.68215466612743,195.22954344744716
84.94955487806864,184.33423963457298
98.18061273453365,195.5830790987385
90.18237047621822,195.74462191832959
99.42066696106306,191.37783035595288
91.77525904016302,189.74929779136167
86.43173964498177,204.29034353854584
90.45341429980786,201.31067113072118
89.94698061174098,195.73930800296472
92.090140615498,203.66952978168774
84.51218082970217,193.98321348296133
97.32957973795072,212.73568105004753
87.4881296649973,189.124934359528
84.67718989881386,188.064803497566
87.3330131971002,200.16387484884257
83.62036877792376,193.4135028921522
96.80889830745788,196.41610399536438
86.64418501055692,190.91262052310915
82.31475165797151,204.8493946611043
82.74808644627576,186.36755979468768
82.54890431958846,195.25850045788
96.99716118718166,204.52543370659137
84.25488642038131,188.9038544602301
82.73787379249958,200.1985116854781
88.89482007140059,198.3598395610565
78.85698964739422,183.27940348102027
81.51502728392778,184.70443660474876
89.49475587609186,199.12362326247592
