x,y
15.0,-2.7904289995048615
15.07007007007007,-2.825023871822342
15.14014014014014,14.274897188877404
15.21021021021021,45.65422661625991
15.28028028028028,3.145063698611871
15.35035035035035,53.19203700984012
15.42042042042042,3.3963429840244963
15.49049049049049,-0.6328987108508848
15.56056056056056,79.30222083920668
15.63063063063063,47.521220569490595
15.7007007007007,39.68891387398279
15.77077077077077,27.620069020133414
15.84084084084084,23.81295476688712
15.91091091091091,37.88463574491043
15.98098098098098,24.63324907073279
16.05105105105105,59.17654142974453
16.12112112112112,-10.618347155461883
16.19119119119119,-9.930929426376839
16.26126126126126,24.280747244170158
16.33133133133133,9.142984869742543
16.4014014014014,30.419286872200374
16.47147147147147,-20.71070899023144
16.54154154154154,68.99642662737557
16.61161161161161,40.468394257372395
16.68168168168168,25.227394877953152
16.75175175175175,27.300629492327552
16.82182182182182,11.329472104831165
16.89189189189189,71.45133563552028
16.96196196196196,14.818207463723965
17.03203203203203,14.58062769534736
17.1021021021021,11.728589419466685
17.17217217217217,16.445876101707324
17.24224224224224,29.07863537701081
17.31231231231231,20.048570821277064
17.38238238238238,35.797844190838475
17.45245245245245,22.084699275047964
17.52252252252252,32.55551956013568
17.59259259259259,31.87745861212244
17.66266266266266,33.34837600583111
17.73273273273273,8.765393993163988
17.802802802802802,15.067098590848044
17.872872872872872,90.98303443688832
17.942942942942942,44.446035401663835
18.013013013013012,44.22769142632727
18.083083083083082,32.9745927709879
18.153153153153152,6.8479881926575
18.223223223223222,8.773180758243372
18.293293293293292,41.79210668031284
18.363363363363362,57.34260115719863
18.433433433433432,47.8783278145819
18.503503503503502,51.474788545741525
18.573573573573572,17.295925787138383
18.643643643643642,65.41915653493828
18.713713713713712,10.219793836234695
18.783783783783782,67.23157509314524
18.853853853853852,15.89246405209588
18.923923923923923,2.416306261991732
18.993993993993996,29.369072015489014
19.064064064064063,36.208030134424874
19.134134134134136,-0.9617326688598737
19.204204204204203,28.885268432249518
19.274274274274276,12.308120889381991
19.344344344344343,11.438821424027454
19.414414414414416,52.424719202471415
19.484484484484483,44.32882033196796
19.554554554554556,35.87658200109279
19.624624624624623,8.937831589549663
19.694694694694697,51.69651613390363
19.764764764764763,-46.24367265497777
19.834834834834837,26.39826920529013
19.904904904904903,38.5911499004677
19.974974974974977,0.5806817413273144
20.045045045045043,40.680261895165756
20.115115115115117,73.17743517992186
20.185185185185183,59.06110437432635
20.255255255255257,21.95113407578207
20.325325325325323,34.803531301557925
20.395395395395397,22.900828852431175
20.465465465465464,6.878819820524498
20.535535535535537,34.79564624778919
20.605605605605604,1.013297469622131
20.675675675675677,-7.056691177457399
20.745745745745747,35.92219243050724
20.815815815815817,35.44996930849991
20.885885885885887,3.521273383743946
20.955955955955957,24.351212382219675
21.026026026026027,27.122135614076313
21.096096096096097,0.7670927891089399
21.166166166166168,32.34524174128142
21.236236236236238,33.74991410313834
21.306306306306308,24.880390057710905
21.376376376376378,16.65504316876178
21.446446446446448,-0.6810969500157285
21.516516516516518,76.45687958456892
21.586586586586588,-13.245793807583738
21.656656656656658,40.14182326578227
21.726726726726728,46.226667822222964
21.796796796796798,28.537787643753106
21.866866866866868,18.53328488580822
21.936936936936938,8.240697577314311
22.007007007007008,51.42263882563981
22.077077077077078,37.76351041738178
22.147147147147148,23.665705076332905
22.217217217217218,-12.334164557592636
22.28728728728729,14.785911595117158
22.35735735735736,12.546515326592338
22.42742742742743,-4.313709554873082
22.4974974974975,-10.22628917535648
22.56756756756757,30.47892446298617
22.63763763763764,3.2717304087630588
22.70770770770771,50.86575592615694
22.77777777777778,11.67022381791622
22.84784784784785,16.922997865198063
22.91791791791792,19.325204382006845
22.98798798798799,30.21440444379547
23.05805805805806,48.66394656140852
23.12812812812813,55.63213396577923
23.1981981981982,0.8108547965910979
23.26826826826827,41.591659592237946
23.33833833833834,52.71207670004124
23.40840840840841,-2.400562377235307
23.47847847847848,-4.961661175060783
23.54854854854855,22.82193573239185
23.61861861861862,10.670990837895332
23.68868868868869,3.9003426165870927
23.75875875875876,37.08442080945443
23.82882882882883,45.66222198420047
23.8988988988989,31.75347303444863
23.96896896896897,42.533634266825565
24.03903903903904,15.126176448537725
24.10910910910911,37.15107821652521
24.17917917917918,47.133371654884655
24.24924924924925,16.235015183157604
24.31931931931932,9.936839879704753
24.38938938938939,11.67912404824423
24.45945945945946,14.510148246966285
24.52952952952953,41.796248279019146
24.5995995995996,43.99803197026882
24.66966966966967,43.582674370714
24.73973973973974,69.99153179943777
24.80980980980981,38.17879535592518
24.87987987987988,35.639212255254115
24.94994994994995,23.603818646256286
25.02002002002002,29.31636143114721
25.09009009009009,30.492711352609938
25.16016016016016,53.185714476106014
25.23023023023023,52.17638108926951
25.3003003003003,26.020478583147536
25.37037037037037,50.84827061860878
25.44044044044044,3.5740080850233795
25.51051051051051,76.72345778482835
25.58058058058058,44.36757354091894
25.65065065065065,26.18417530181535
25.72072072072072,54.69504824764649
25.79079079079079,65.04660022381353
25.86086086086086,13.618146808090366
25.93093093093093,18.70581803627709
26.001001001001,4.8684195428532995
26.07107107107107,65.50590912142695
26.14114114114114,46.13674586900606
26.21121121121121,34.26887821788783
26.28128128128128,54.413174195594756
26.351351351351354,17.37476707535284
26.42142142142142,28.08789050298628
26.491491491491495,17.23734853356383
26.56156156156156,4.59503150961147
26.631631631631635,46.571252166539594
26.7017017017017,42.796980718063296
26.771771771771775,-3.104728328902894
26.84184184184184,21.65036517809537
26.911911911911915,42.475399194495424
26.98198198198198,20.430470135126676
27.052052052052055,50.002396891121435
27.12212212212212,72.31866605702629
27.192192192192195,23.81034978168433
27.26226226226226,20.541920087183616
27.332332332332335,69.27932128835432
27.4024024024024,30.703892598952187
27.472472472472475,41.57454689951123
27.54254254254254,67.47472498082945
27.612612612612615,5.793485933440174
27.68268268268268,36.350934123942274
27.752752752752755,27.46373316083814
27.822822822822822,20.210011814982344
27.892892892892895,79.93603846897122
27.962962962962962,62.83041951726442
28.033033033033036,76.0017760047255
28.103103103103102,29.712312333450143
28.173173173173176,53.34008148192535
28.243243243243242,27.21571836671734
28.313313313313316,30.272406067077466
28.383383383383382,32.86018038662532
28.453453453453456,45.044620210682304
28.523523523523522,38.116735826713416
28.593593593593596,41.20583518147483
28.663663663663662,17.94492275289962
28.733733733733736,6.670063703805287
28.803803803803802,53.00237848159128
28.873873873873876,52.17780479005293
28.943943943943943,22.020215912219278
29.014014014014016,40.299818595450134
29.084084084084083,1.216686243946583
29.154154154154156,31.00336589515255
29.224224224224223,6.501371632443288
29.294294294294296,12.752585417787468
29.364364364364363,40.42074922148288
29.434434434434436,20.060525600061556
29.504504504504503,54.87108958844456
29.574574574574577,69.92633521663305
29.644644644644643,31.555607563341688
29.714714714714717,32.996812496321944
29.784784784784783,31.373738951646526
29.854854854854857,60.724385375498585
29.924924924924923,51.37511832966967
29.994994994994997,19.128993038561692
30.065065065065063,69.03834082610622
30.135135135135137,45.149730838444526
30.205205205205203,43.35673896383362
30.275275275275277,40.28373263918859
30.345345345345343,63.08084915580042
30.415415415415417,68.79326659204388
30.485485485485484,23.598186377896234
30.555555555555557,37.018794766823596
30.625625625625624,22.543216013711202
30.695695695695697,28.83207257080209
30.765765765765767,17.075974191309335
30.835835835835837,55.38996628448161
30.905905905905907,-13.112616817825462
30.975975975975977,10.587114849041306
31.046046046046047,63.30309514074394
31.116116116116117,32.82550588861765
31.186186186186188,44.6570796522108
31.256256256256258,-6.039601926232464
31.326326326326328,4.416698876899773
31.396396396396398,43.74592287324535
31.466466466466468,-3.5176580322910738
31.536536536536538,15.763840556685363
31.606606606606608,43.24470345542206
31.676676676676678,24.970410538213535
31.746746746746748,31.12982760289716
31.816816816816818,56.920739531675025
31.886886886886888,75.96282374885166
31.956956956956958,58.41995639349871
32.02702702702703,79.97820095713752
32.0970970970971,48.11044003311309
32.167167167167165,7.951525135006165
32.23723723723724,62.37469362182577
32.30730730730731,27.0371500446246
32.37737737737738,69.69821478850162
32.447447447447445,62.52734569371948
32.51751751751752,23.619494229563127
32.58758758758759,64.51671006069049
32.65765765765766,37.31209440446075
32.727727727727725,55.19278529336886
32.7977977977978,40.915919215407506
32.86786786786787,45.35530189086094
32.93793793793794,48.156870234791356
33.008008008008005,53.61262202084793
33.07807807807808,37.98185230533536
33.14814814814815,61.10058394578128
33.21821821821822,32.492559589021724
33.288288288288285,26.835110601225576
33.35835835835836,79.38742958438628
33.42842842842843,17.2314650001437
33.4984984984985,55.188145066322626
33.568568568568566,66.97952524855529
33.63863863863864,26.39659133273457
33.70870870870871,48.23417983461821
33.77877877877878,19.329078904137344
33.848848848848846,44.1981505668256
33.91891891891892,88.4242330422233
33.98898898898899,37.58145351686466
34.05905905905906,15.517921262717994
34.129129129129126,39.48846465435314
34.1991991991992,29.184201341283824
34.26926926926927,39.97695940178069
34.33933933933934,49.38555506471762
34.409409409409406,74.86564417304594
34.47947947947948,32.04103087013206
34.54954954954955,12.239405787524106
34.61961961961962,3.3344730288192608
34.689689689689686,36.067985043453575
34.75975975975976,57.401598477943864
34.82982982982983,55.63521833168926
34.8998998998999,46.54269271265961
34.969969969969966,15.766500906188483
35.04004004004004,79.42142576687115
35.110110110110114,24.15237645953787
35.18018018018018,45.085949933594755
35.25025025025025,66.67598264912033
35.32032032032032,68.27213389134243
35.390390390390394,60.24132064665419
35.46046046046046,43.67631619054454
35.53053053053053,3.207981380576001
35.6006006006006,67.53521819322853
35.670670670670674,70.48689356611877
35.74074074074074,2.6340485514854777
35.81081081081081,54.36440442667511
35.88088088088088,80.67491749315383
35.950950950950954,35.046671315705716
36.02102102102102,50.92360059210468
36.09109109109109,51.07442196288606
36.16116116116116,45.226440515711026
36.231231231231234,20.464546667390263
36.3013013013013,23.63077997235615
36.37137137137137,54.70283025969236
36.44144144144144,61.7043975021283
36.511511511511515,54.426660807659
36.58158158158158,42.20417523238173
36.65165165165165,55.562831238756196
36.72172172172172,62.451696802392966
36.791791791791795,56.95623864284236
36.86186186186186,39.242242762971216
36.93193193193193,111.26892768285606
37.002002002002,88.78850123585883
37.072072072072075,36.50599865087112
37.14214214214214,95.77737838112557
37.21221221221221,53.22881344364942
37.28228228228228,105.81527581564518
37.352352352352355,71.08024763692691
37.42242242242242,36.18928218290971
37.492492492492495,31.9538168347368
37.56256256256256,73.87316354103572
37.632632632632635,14.0876715224556
37.70270270270271,29.65315601312795
37.772772772772775,34.71342781739458
37.84284284284284,70.64484786910877
37.912912912912915,21.396355045796128
37.98298298298299,80.29488173180962
38.053053053053056,32.37532583357328
38.12312312312312,32.318077547505155
38.193193193193196,47.68610754354746
38.26326326326327,32.816307722463236
38.333333333333336,43.40208226509054
38.4034034034034,56.98898545331321
38.473473473473476,47.839892902841726
38.54354354354355,65.72758247315407
38.613613613613616,62.81718833514192
38.68368368368368,79.31151321399798
38.753753753753756,76.04224055390951
38.82382382382383,62.020800573336516
38.893893893893896,41.05029146380497
38.96396396396396,5.748933913012287
39.034034034034036,54.42997444630828
39.10410410410411,43.39396331482636
39.174174174174176,47.71011778142921
39.24424424424424,27.595799205585312
39.314314314314316,52.13290476655477
39.38438438438439,43.91401499111869
39.454454454454456,-0.17631066101540682
39.52452452452452,41.77315134639153
39.5945945945946,66.87713790263788
39.66466466466467,38.24130192370602
39.73473473473474,56.91957062344008
39.8048048048048,35.15117733818416
39.87487487487488,26.716355502467298
39.94494494494495,-5.084033195507978
40.01501501501502,22.589818797532928
40.08508508508508,77.92707151004174
40.15515515515516,25.741075659273946
40.22522522522523,5.486835344331773
40.2952952952953,43.279760257308
40.36536536536536,69.20080698366822
40.43543543543544,53.56731948379977
40.50550550550551,80.12958419150911
40.57557557557558,20.576378296381733
40.645645645645644,4.605206121223368
40.71571571571572,54.07946067712892
40.78578578578579,70.51185439995831
40.85585585585586,22.246829202964058
40.925925925925924,85.79523914955733
40.995995995996,112.64066855750482
41.06606606606607,42.13687078377429
41.13613613613614,34.640140553395
41.206206206206204,29.111369016864632
41.27627627627628,36.40688659832848
41.34634634634635,37.04949328934525
41.41641641641642,38.94994504470243
41.486486486486484,53.49362911709846
41.55655655655656,68.33398610661277
41.62662662662663,96.23438775192437
41.6966966966967,71.28827558137577
41.766766766766764,48.30688655392102
41.83683683683684,77.59649673422234
41.90690690690691,69.91134294773579
41.97697697697698,78.03004767977353
42.047047047047045,77.01688785440068
42.11711711711712,46.78277257287251
42.18718718718719,91.88381330358847
42.25725725725726,96.51446067804739
42.327327327327325,32.41129674311601
42.3973973973974,36.51386345313834
42.46746746746747,52.39621316775445
42.53753753753754,40.9178245885001
42.607607607607605,88.38839705099105
42.67767767767768,37.742528041325336
42.74774774774775,66.36542115952673
42.81781781781782,54.50202124787553
42.887887887887885,10.896351187336684
42.95795795795796,80.78117468039022
43.02802802802803,65.2535666681217
43.0980980980981,69.1371562365627
43.168168168168165,59.42929087754369
43.23823823823824,49.46036179852504
43.30830830830831,43.06037273142141
43.37837837837838,87.93655299782603
43.448448448448445,52.673331196705774
43.51851851851852,62.79523142775265
43.58858858858859,48.665560832630426
43.65865865865866,40.20206323140045
43.728728728728726,50.436156696517685
43.7987987987988,70.50727123438398
43.86886886886887,46.98443134750064
43.93893893893894,64.59489007828287
44.009009009009006,72.70829745697172
44.07907907907908,44.67805774398275
44.14914914914915,58.21440406683708
44.21921921921922,59.71943911166159
44.289289289289286,43.18098882620482
44.35935935935936,34.28034255419159
44.42942942942943,48.32584342870729
44.4994994994995,66.4119013274008
44.569569569569566,48.21126847760275
44.63963963963964,79.53475646215375
44.70970970970971,17.463763699357735
44.77977977977978,59.487575743904486
44.849849849849846,30.414989467173136
44.91991991991992,75.43012036187568
44.98998998998999,64.12907976639175
45.06006006006006,56.6891600505039
45.13013013013013,65.13141774710542
45.2002002002002,14.20175765482994
45.270270270270274,64.03368882727412
45.34034034034034,57.49635640279171
45.41041041041041,49.60994719215502
45.48048048048048,45.51286761875195
45.550550550550554,67.2972337588047
45.62062062062062,37.75850451710044
45.69069069069069,105.84529275344045
45.76076076076076,63.1316610363635
45.830830830830834,67.05503162666467
45.9009009009009,63.686547573912435
45.97097097097097,52.41905112898502
46.04104104104104,55.713412771622664
46.111111111111114,30.291206959450093
46.18118118118118,78.19453758731069
46.25125125125125,47.66725795716091
46.32132132132132,56.70903104190521
46.391391391391394,74.70718532531684
46.46146146146147,74.71314558020146
46.531531531531535,68.84688470301688
46.6016016016016,66.62544194963361
46.671671671671675,75.24942400834003
46.74174174174175,37.24293783811393
46.811811811811815,74.9140491943586
46.88188188188188,99.94917074742693
46.951951951951955,91.03696755945978
47.02202202202202,43.974011020876645
47.092092092092095,63.33458095076186
47.16216216216216,76.55816760082385
47.232232232232235,43.22578701783531
47.3023023023023,95.36223245468338
47.372372372372375,68.4765832207263
47.44244244244244,45.596520553715834
47.512512512512515,89.55829666298855
47.58258258258258,57.08780129900651
47.652652652652655,75.90488911379812
47.72272272272272,22.616274469158718
47.792792792792795,69.64865688861875
47.86286286286286,32.588797746812475
47.932932932932935,82.77018902405489
48.003003003003,77.80612486515986
48.073073073073076,51.949814708620615
48.14314314314314,67.27897155528056
48.213213213213216,78.20926146543282
48.28328328328328,55.16449106494118
48.353353353353356,23.04103765856793
48.42342342342342,70.01736399006197
48.493493493493496,51.117250769229486
48.56356356356356,69.09188345497013
48.633633633633636,77.70109171457595
48.7037037037037,71.65457033183559
48.773773773773776,59.756744385339694
48.84384384384384,64.76276734064241
48.913913913913916,50.29084034710007
48.98398398398398,79.52389105274408
49.054054054054056,20.439919701533967
49.12412412412412,11.05118213953208
49.194194194194196,99.68223135086524
49.26426426426426,76.56328790099543
49.334334334334336,49.76772801131166
49.4044044044044,71.95312186199956
49.474474474474476,58.67516371479695
49.54454454454454,89.0048155343103
49.61461461461462,73.63458251038448
49.68468468468468,78.97616441450842
49.75475475475476,76.05215120331124
49.82482482482482,43.30710301092361
49.8948948948949,44.38070565356469
49.96496496496496,78.86654119127687
50.03503503503504,99.608959080229
50.1051051051051,59.875684192671415
50.17517517517518,78.19887074576721
50.24524524524524,92.45709993421414
50.31531531531532,67.4988476634858
50.38538538538538,35.27183264375425
50.45545545545546,75.38332100970919
50.525525525525524,5.185302429395506
50.5955955955956,69.46593559186672
50.665665665665664,88.1843856334531
50.73573573573574,106.42126906539181
50.805805805805804,61.595889421107394
50.87587587587588,97.19087490076097
50.94594594594595,88.20651142216418
51.01601601601602,59.68656556866925
51.08608608608609,73.69919456715694
51.15615615615616,92.26213944622297
51.22622622622623,103.67360244385702
51.2962962962963,53.91484791858929
51.36636636636637,123.9408555003367
51.43643643643644,49.39198338227142
51.50650650650651,41.545078395640815
51.57657657657658,69.84448534449064
51.64664664664665,72.6485741059434
51.71671671671672,59.958850650413446
51.78678678678679,51.78050197264098
51.85685685685686,87.63959081446893
51.92692692692693,72.11733095098194
51.996996996997,68.42974350569338
52.06706706706707,57.10329678942391
52.13713713713714,52.84394063603661
52.20720720720721,56.76388786449915
52.27727727727728,80.56697358208798
52.34734734734735,47.916355676031124
52.41741741741742,81.26993077178405
52.48748748748749,123.54864239677156
52.55755755755756,74.15747162491425
52.62762762762763,93.05561907250824
52.6976976976977,83.3737835671814
52.76776776776777,48.204320390522085
52.83783783783784,80.92209481060425
52.90790790790791,25.552373491562378
52.97797797797798,76.20400852113511
53.04804804804805,77.81490791031447
53.11811811811812,73.11124394473845
53.18818818818819,76.48606273593114
53.25825825825826,41.39342510244941
53.32832832832833,77.05564084955934
53.3983983983984,83.35954792727333
53.46846846846847,91.8843150178269
53.53853853853854,96.75718388746108
53.60860860860861,57.517000472096484
53.67867867867868,37.800617945690625
53.74874874874875,82.84475422751646
53.81881881881882,24.734565489875685
53.88888888888889,64.16371767801915
53.95895895895896,74.70197737883281
54.02902902902903,52.18516792956687
54.0990990990991,95.32932569253138
54.16916916916917,62.569598816302495
54.23923923923924,66.38700609977195
54.30930930930931,59.530137926178135
54.37937937937938,77.92545063719386
54.44944944944945,57.92199619852506
54.51951951951952,69.65779327763667
54.58958958958959,65.13890871025185
54.65965965965966,55.97014032753735
54.72972972972973,69.13150206108104
54.7997997997998,28.70574936234121
54.86986986986987,28.824005393751072
54.93993993993994,61.8687458023432
55.010010010010014,91.08289335304171
55.08008008008008,86.03674749178805
55.150150150150154,57.423049009637865
55.22022022022022,72.26506636020716
55.290290290290294,90.9988436508241
55.36036036036036,91.4309176087567
55.430430430430434,56.75423659109282
55.5005005005005,54.499020081341754
55.570570570570574,85.58866960258982
55.64064064064064,42.09752205343073
55.710710710710714,113.45345045048829
55.78078078078078,75.18994646685866
55.850850850850854,77.18284396471002
55.92092092092092,51.19575260659046
55.990990990990994,59.00770590642679
56.06106106106106,33.0147081520365
56.131131131131134,74.59114798093621
56.2012012012012,73.10038275017317
56.271271271271274,54.946771436014956
56.34134134134134,56.64069472095246
56.411411411411414,63.783871127017946
56.48148148148148,60.01444971105856
56.551551551551555,73.63789140733934
56.62162162162162,56.468382761492
56.691691691691695,87.02055238464114
56.76176176176176,48.794208056902164
56.831831831831835,83.57428122898813
56.9019019019019,86.03056771925324
56.971971971971975,99.9922914256237
57.04204204204204,88.46167275918606
57.112112112112115,116.61341874885119
57.18218218218218,66.89767423446564
57.252252252252255,88.81418341718778
57.32232232232232,77.83493243771133
57.392392392392395,103.09609753130593
57.46246246246246,82.88741174811872
57.532532532532535,50.104383996780214
57.6026026026026,40.92559172776155
57.672672672672675,84.59844849294234
57.74274274274274,69.81189148875713
57.812812812812815,68.39286923058584
57.88288288288288,80.94088011055501
57.952952952952955,82.65238882831713
58.02302302302302,90.20412060760142
58.093093093093096,97.23879966333232
58.16316316316316,85.40988434400573
58.233233233233236,69.76831242958502
58.3033033033033,106.75731471322082
58.373373373373376,94.30472483461828
58.44344344344344,54.64078694303474
58.513513513513516,113.89070075504475
58.58358358358358,66.8677847188826
58.653653653653656,79.39507836828736
58.72372372372372,84.31747465255212
58.793793793793796,63.29926504252472
58.86386386386386,88.59933358504246
58.933933933933936,75.86518011522527
59.004004004004,119.74985211350338
59.074074074074076,45.0594386366367
59.14414414414414,68.23768361187122
59.214214214214216,59.05220204628569
59.28428428428428,78.57991985982741
59.354354354354356,85.318641119925
59.42442442442442,87.41364427887437
59.4944944944945,55.14956100305994
59.56456456456456,102.2857247362023
59.63463463463464,100.48620931430773
59.7047047047047,49.06759166818513
59.77477477477478,101.16061002895523
59.84484484484484,94.59072479268067
59.91491491491492,45.187201223287374
59.98498498498499,44.05169782289879
60.05505505505506,63.270861176741334
60.12512512512513,114.24596830308585
60.1951951951952,75.88997519984869
60.26526526526527,95.51764949733527
60.33533533533534,52.53081535416932
60.40540540540541,92.4449456045528
60.47547547547548,100.72477712795794
60.54554554554555,73.91807174942478
60.61561561561562,87.39838647251742
60.68568568568569,106.13500924325018
60.75575575575576,56.82453525248308
60.82582582582583,84.74309712558016
60.8958958958959,91.55198858894329
60.96596596596597,119.10960407827132
61.03603603603604,75.9336782619428
61.10610610610611,42.9745315603494
61.17617617617618,55.52195240396412
61.24624624624625,43.41574313315671
61.31631631631632,54.81155289211215
61.38638638638639,97.13763908687119
61.45645645645646,84.67321658785164
61.52652652652653,59.242895759077435
61.5965965965966,96.2190621896674
61.66666666666667,74.96846915647477
61.73673673673674,84.03666458035252
61.80680680680681,65.07879135384539
61.87687687687688,92.2964841475671
61.94694694694695,63.65062721459626
62.01701701701702,86.44216938577654
62.08708708708709,62.28966610206713
62.15715715715716,42.007168849681214
62.22722722722723,76.32063911874825
62.2972972972973,135.90337160265597
62.36736736736737,53.308559331222774
62.43743743743744,72.64924041343315
62.50750750750751,45.46288514159593
62.57757757757758,70.03531477092677
62.64764764764765,73.64003047598919
62.71771771771772,35.46986895638293
62.78778778778779,90.55045586310077
62.85785785785786,85.38765563715515
62.92792792792793,91.94602985688242
62.997997997998,96.46215392928873
63.06806806806807,88.22322858613401
63.13813813813814,54.56494535110119
63.20820820820821,72.74740590216923
63.27827827827828,58.690779645785106
63.34834834834835,97.09772631344839
63.41841841841842,77.84484624725367
63.48848848848849,89.54711269249042
63.55855855855856,99.01002471814982
63.62862862862863,79.06970736710535
63.6986986986987,73.71325932961932
63.76876876876877,79.01168402760014
63.83883883883884,72.00050532260423
63.90890890890891,105.20781817003441
63.97897897897898,76.0895913314214
64.04904904904905,77.79617720884404
64.11911911911912,125.66003664503666
64.1891891891892,105.4906045533762
64.25925925925927,78.04824076226996
64.32932932932934,83.5638391115106
64.3993993993994,69.01180026856808
64.46946946946947,65.13264761597112
64.53953953953953,99.22578040358519
64.6096096096096,111.3594546821339
64.67967967967968,104.27505456187836
64.74974974974975,64.6550951948505
64.81981981981983,74.06777063280795
64.8898898898899,91.46481389342108
64.95995995995996,120.20055016534829
65.03003003003003,65.97334840846494
65.1001001001001,57.41158416880132
65.17017017017017,64.29934898000015
65.24024024024024,48.44605049012914
65.31031031031031,122.69274272408776
65.38038038038039,113.60122835632764
65.45045045045046,110.97340529324646
65.52052052052052,49.295604584073125
65.5905905905906,73.91088001226134
65.66066066066065,130.56905778842074
65.73073073073073,89.19844407988552
65.8008008008008,65.52204029401224
65.87087087087087,72.95146106541536
65.94094094094095,55.35554026984127
66.01101101101102,128.5707431748964
66.08108108108108,78.76240954371512
66.15115115115115,88.71294867119165
66.22122122122121,88.54907273067883
66.29129129129129,86.6826913147075
66.36136136136136,42.67183873146127
66.43143143143143,87.30429271495129
66.50150150150151,77.79317728464879
66.57157157157158,101.89960881214222
66.64164164164164,82.25708385969308
66.71171171171171,86.99425045012161
66.78178178178177,62.28944524377008
66.85185185185185,73.8222180805677
66.92192192192192,38.0846327366531
66.991991991992,39.588837129857694
67.06206206206207,103.29484539297951
67.13213213213214,110.41419154027255
67.2022022022022,16.35571562697868
67.27227227227228,80.68222054773119
67.34234234234233,111.2454917211883
67.41241241241241,98.88891436019532
67.48248248248248,74.44596343491995
67.55255255255256,55.45687039243305
67.62262262262263,98.99845514162462
67.6926926926927,77.50058565752549
67.76276276276276,95.26071419926325
67.83283283283284,78.90231561298847
67.9029029029029,118.20753141448213
67.97297297297297,99.03869788118527
68.04304304304304,62.066364407274065
68.11311311311312,60.745273879058246
68.18318318318319,61.68506054559343
68.25325325325326,50.611134173513804
68.32332332332332,65.56188291547227
68.3933933933934,90.46947541433066
68.46346346346346,95.84585273897495
68.53353353353353,43.240537107251804
68.6036036036036,82.78189685307218
68.67367367367368,79.13203883427384
68.74374374374375,105.84685182219667
68.81381381381382,73.84612395273776
68.8838838838839,61.269552917263965
68.95395395395396,90.43654104872388
69.02402402402403,64.5268362311852
69.09409409409409,87.83799334375188
69.16416416416416,79.31389735710512
69.23423423423424,60.835259013467656
69.30430430430431,102.80827255177041
69.37437437437438,60.557699015261406
69.44444444444446,64.09796868543441
69.51451451451452,58.55147426819081
69.58458458458459,73.61419685997738
69.65465465465465,113.28761145118648
69.72472472472472,87.53233392013115
69.7947947947948,90.85414047225834
69.86486486486487,128.45076489548205
69.93493493493494,96.47790210506072
70.00500500500502,40.85507378333037
70.07507507507508,101.18773069677555
70.14514514514515,85.05582370128135
70.21521521521521,110.80641123135202
70.28528528528528,106.23144336993181
70.35535535535536,73.94120164755117
70.42542542542543,66.7738374096495
70.4954954954955,111.16494336008762
70.56556556556558,57.046402424710756
70.63563563563564,104.0091200872118
70.70570570570571,96.76231019913776
70.77577577577577,141.20840500843838
70.84584584584584,93.31317033601852
70.91591591591592,75.6416110125986
70.98598598598599,40.46941789678719
71.05605605605606,95.13355378772644
71.12612612612614,137.0625048575651
71.1961961961962,89.60279827289727
71.26626626626627,80.25721685331693
71.33633633633633,114.14718318146814
71.4064064064064,50.3134818229501
71.47647647647648,83.03501509100191
71.54654654654655,91.73525192541366
71.61661661661662,139.59873740163823
71.6866866866867,73.0903402286134
71.75675675675676,109.35442299484541
71.82682682682683,118.12734075811017
71.89689689689689,77.44182607676424
71.96696696696696,71.11554199440207
72.03703703703704,76.44242947856267
72.10710710710711,94.87062057685439
72.17717717717719,69.5627833899694
72.24724724724726,88.45670373282752
72.31731731731732,93.40890673833384
72.38738738738739,99.13916493798027
72.45745745745745,74.03051157746981
72.52752752752752,98.71405706037336
72.5975975975976,91.1952033513917
72.66766766766767,88.21607992160376
72.73773773773775,101.29620266992026
72.80780780780782,102.69428949721356
72.87787787787788,89.19427838998354
72.94794794794795,71.50871085300678
73.01801801801801,81.27718971744937
73.08808808808809,74.6170535841898
73.15815815815816,94.21851401167014
73.22822822822823,89.02265063577184
73.2982982982983,82.42036125196677
73.36836836836838,85.61481880768034
73.43843843843844,135.01804166623708
73.50850850850851,104.94796102176294
73.57857857857857,78.24735444471442
73.64864864864865,90.47658078433795
73.71871871871872,72.89498695888905
73.78878878878879,119.0802570614475
73.85885885885887,60.84434942191527
73.92892892892894,93.81558908245016
73.998998998999,55.905209236707215
74.06906906906907,121.81045828187528
74.13913913913913,53.763034162063896
74.2092092092092,103.19469671918705
74.27927927927928,89.19087208293644
74.34934934934935,108.87628340827867
74.41941941941943,72.52877210711262
74.4894894894895,82.7964672882268
74.55955955955956,97.75714001501557
74.62962962962963,72.4354183717821
74.69969969969969,92.78700847914732
74.76976976976977,95.62527395731324
74.83983983983984,75.79601646381468
74.90990990990991,99.8716248738061
74.97997997997999,71.79772256293064
75.05005005005006,62.72229256007431
75.12012012012012,98.47796637644485
75.1901901901902,83.8771951660569
75.26026026026025,84.54441897221605
75.33033033033033,65.09907028291337
75.4004004004004,125.74861274202289
75.47047047047047,87.95941444735149
75.54054054054055,24.794958931906862
75.61061061061062,97.03266307052836
75.68068068068068,58.856776483366865
75.75075075075075,83.69931620205365
75.82082082082081,91.06903499264851
75.89089089089089,85.62185146676183
75.96096096096096,107.62107496750889
76.03103103103103,88.38129589848279
76.10110110110111,86.33133863812567
76.17117117117118,117.86036676140658
76.24124124124124,140.11674996762594
76.31131131131131,104.01508094697395
76.38138138138137,70.84771226981677
76.45145145145145,107.73792689797457
76.52152152152152,108.3410240476347
76.5915915915916,85.71563334452253
76.66166166166167,98.99732754006536
76.73173173173174,134.36627708981285
76.8018018018018,99.02813441721926
76.87187187187187,155.34083629933338
76.94194194194193,114.9309007800106
77.01201201201201,90.41255088588895
77.08208208208208,105.09285347253767
77.15215215215215,112.75816245545359
77.22222222222223,104.54982892487362
77.2922922922923,121.62850586556227
77.36236236236236,101.1649304833013
77.43243243243244,68.04265403967226
77.5025025025025,91.16909524011562
77.57257257257257,120.41114604608644
77.64264264264264,106.94554713490369
77.71271271271272,141.27380799528316
77.78278278278279,84.56515690293415
77.85285285285286,129.88859299507706
77.92292292292294,116.25199313096226
77.992992992993,122.89612203306271
78.06306306306307,119.60662845279316
78.13313313313313,92.88363472212706
78.2032032032032,78.12807131927339
78.27327327327328,108.49695239381865
78.34334334334335,94.9766839850338
78.41341341341342,96.79132091240153
78.4834834834835,110.98875866627336
78.55355355355356,81.22270266410092
78.62362362362363,133.11885495657882
78.69369369369369,107.16904281511148
78.76376376376376,135.8596300712391
78.83383383383384,119.272598077366
78.90390390390391,91.44804100231383
78.97397397397398,80.8857857238284
79.04404404404404,117.7273813498674
79.11411411411412,111.55720596136611
79.18418418418419,73.07371639800552
79.25425425425426,104.15160462423755
79.32432432432432,92.95808497533571
79.3943943943944,123.64353563480553
79.46446446446447,52.386790864985194
79.53453453453454,79.60816487462063
79.6046046046046,106.36765718922513
79.67467467467468,109.9025881711908
79.74474474474475,72.405335468837
79.81481481481482,95.61194430941651
79.88488488488488,121.93571345595834
79.95495495495496,87.4009487584004
80.02502502502503,78.96788999887619
80.0950950950951,94.65487226292709
80.16516516516516,55.362655142965124
80.23523523523524,112.40011807181929
80.30530530530531,83.43762312169274
80.37537537537538,130.7068095012793
80.44544544544544,72.10473085359538
80.51551551551552,71.05782915519293
80.58558558558559,104.35369971257253
80.65565565565566,103.2479463682167
80.72572572572572,110.14474911744168
80.7957957957958,103.45460413457171
80.86586586586587,114.08906786122724
80.93593593593594,64.49192892625157
81.006006006006,79.15440264346269
81.07607607607608,141.99030462878233
81.14614614614615,89.21033322056556
81.21621621621622,124.56471648190704
81.28628628628628,73.26957173081101
81.35635635635636,132.6322361522707
81.42642642642643,69.64734188811437
81.4964964964965,97.66570306356239
81.56656656656656,92.92666151716209
81.63663663663664,124.29350533113092
81.70670670670671,151.7663808582526
81.77677677677679,125.64464434286856
81.84684684684684,113.22101812420169
81.91691691691692,103.19853580888181
81.98698698698699,102.22395086524807
82.05705705705707,144.31188099824888
82.12712712712712,84.42013732072459
82.1971971971972,119.76223236241833
82.26726726726727,121.07605084847329
82.33733733733735,96.59535509671956
82.4074074074074,79.33935275824246
82.47747747747748,104.38154418628221
82.54754754754755,72.03856074274287
82.61761761761763,104.12615465022886
82.68768768768768,69.21255568594903
82.75775775775776,80.05964955562898
82.82782782782783,101.47649184102268
82.8978978978979,104.4094570833762
82.96796796796797,136.90475460392918
83.03803803803804,74.56098224028062
83.10810810810811,62.5691124501554
83.17817817817819,105.3172576077686
83.24824824824825,137.60416432957658
83.31831831831832,64.97869761860694
83.38838838838839,144.205973012727
83.45845845845847,111.57832627501992
83.52852852852853,91.59887380601816
83.5985985985986,109.02139246055197
83.66866866866867,75.76870124980698
83.73873873873875,119.25125550526865
83.8088088088088,78.07695844441528
83.87887887887888,116.96948433744015
83.94894894894895,109.95446535803656
84.01901901901903,134.2643135106985
84.08908908908909,146.93731186272487
84.15915915915916,129.01038362158724
84.22922922922923,86.66483239180981
84.2992992992993,145.32541614351527
84.36936936936937,79.28638795188812
84.43943943943944,95.38179708306473
84.50950950950951,104.74346938809758
84.57957957957959,85.53602639128314
84.64964964964965,130.66589510228795
84.71971971971972,87.01368503052727
84.7897897897898,117.57191746664249
84.85985985985987,110.85158616701274
84.92992992992993,94.15049813796487
85.0,111.07925237316242
28.44171643997992,-34.70304544515745
33.094719454332655,-42.35178179006397
39.400446578729714,-33.040013178708406
21.387766980941095,-27.493502028155547
23.295121422783126,-31.91138747198837
24.408255493256412,-24.50984696107826
31.59299849838669,-36.23358555048734
29.61873920894977,-30.952045333030643
27.22985144050871,-32.83077445064772
22.885374731457958,-37.61473245069721
35.18169701884994,-37.575995220358244
19.513838650011913,-35.5062054788424
31.7032716533277,-35.2955696147756
11.582810933297756,-39.915887727445416
27.74448193323958,-42.233533271577166
25.1356297281244,-41.5834527317366
23.51950135145429,-20.625846611119364
20.4491331916455,-35.711601002886184
22.25795624671746,-35.067380751210564
21.46063120269394,-33.61222269372638
25.9949641684931,-27.85228798204529
20.89801216465796,-38.14420734440211
21.902171355942926,-38.665503607109045
28.73827899716048,-30.18113512439833
29.361667421448615,-31.05149770681782
29.931506809850042,-31.37114236590142
24.72686930001703,-31.915475670468027
25.840446963236484,-25.823795845078443
23.461003687017943,-44.0467870451908
26.504779413640858,-27.646319660540904
25.39871092273205,-31.030538267967174
19.68149422352937,-32.89437650185631
27.811438640703713,-34.01213341780771
21.176975394499262,-31.62419004871435
23.12332658682076,-41.54162872108635
27.4348683338209,-32.0832578977615
26.135019727023447,-29.126670680060474
16.880760994783778,-29.77595161185997
19.732196013543568,-34.442515829268004
15.553864422655382,-32.369982063846706
17.539893128336832,-35.60650766609729
20.61939964763909,-31.189712352117155
28.394718635735188,-32.023289740416374
21.560392178194714,-31.637709671047798
38.05570060885505,-35.586258388978045
26.462177569955422,-38.614815413492444
30.4166431350873,-23.201206403899263
29.88950474617841,-28.112964476111244
30.71659464083432,-31.198393456324226
29.5401046082508,-39.61654165851467
30.279306314493713,-28.805696270441842
27.83744008292139,-36.39765671765164
23.73281283717661,-28.77004184988895
19.556419183155377,-41.92669466461604
23.81251271569509,-32.52560771911766
28.5229154703168,-44.36194249859084
17.27534062639465,-36.514685331569865
28.28707744495786,-22.482529933817503
22.965114787437077,-36.43587283138778
16.83038562416434,-30.044233125507418
19.2880746229238,-19.72480644999947
31.257782529369273,-42.82522539457175
12.373768443544009,-36.74120529488425
16.838088950522195,-40.39447241045707
24.03753480892102,-39.80427924936568
27.479927478321393,-35.560276430715845
26.270068789526825,-25.729567693534115
24.51614048884058,-37.08988311551243
19.693548562868205,-26.111126000871757
24.8172913145207,-36.13176319756149
32.335924063595264,-29.80657070204903
19.21579509243823,-28.32051324589106
29.927647646080565,-31.458571347446714
21.410615766338587,-36.91450513670334
23.41416201184777,-32.10507453706806
23.927173415860448,-38.16215869872177
14.99958227647664,-32.43528956249478
19.729652802767113,-26.213982700156762
21.300410453321806,-38.71113244347113
16.851757022576262,-36.1601584038929
22.77618276936513,-26.964303460339494
26.276813629775408,-38.99975847408885
16.73384543523325,-43.14119489281023
25.792455859824226,-40.701728407460116
28.81441514223428,-41.29818592426606
22.801366836917104,-26.0852096544623
24.58327682230687,-38.65864841817343
24.455424640816023,-33.79823189366191
24.944503588905295,-38.325966825663315
30.00626632184107,-33.20737598810839
26.121493774769213,-33.79510819504292
18.979372220481928,-37.46191952171067
18.638175809654676,-32.48150623597502
26.241194899200575,-33.225317040819284
29.216156598470334,-35.58988951609273
20.516032708558125,-31.815738484347232
19.391171316818163,-29.732766172344977
20.936292404018022,-45.742969193158174
9.327084900065682,-36.09887785996881
30.455486108326927,-41.506199816129374
26.667266718874533,-28.422951157110035
30.130236411000933,-35.54759298620662
23.695931872053514,-29.441181149397547
19.977046945537218,-37.22333901546905
24.553590236577218,-32.90389362910224
26.217976090990845,-35.18655739101365
30.294645979307216,-39.62194061376694
20.143629002322715,-40.317324672561874
17.440811151500043,-30.069500868955455
31.097816020072816,-31.90405136127885
19.984665157423052,-42.43307194862369
12.759314829221601,-36.306460185824236
20.106880832308782,-27.201197576473753
23.29525259291036,-34.77303091050153
25.027189305808395,-23.851889730982933
9.73095698721907,-22.80166312617363
20.029363098274963,-36.16033074548207
24.656647355615856,-38.411963296329866
16.28763943299859,-26.301960680055494
33.54360610160712,-38.40344680634039
22.34708090043154,-33.42668352024219
18.12897593644235,-30.110217338511212
24.751256239061593,-41.24625994018065
21.450516655619428,-37.32148394184739
23.726037903868455,-37.38457462733518
23.3532182616694,-37.627621040973835
25.036435582678322,-33.91887742527473
23.13240548926699,-29.011898856721988
22.57311483198078,-35.66082354050127
9.957784024356865,-31.242294847749054
31.13292109211126,-46.01897397255985
27.963184648291367,-24.55830709844085
29.496749839615017,-34.45055972249442
13.976957195318459,-36.41207513749427
32.698094690898785,-31.579593583136614
16.359713939301372,-27.174383153612016
26.38393506970081,-33.003222938785875
38.661334675608586,-24.032365948129105
26.460076846557953,-40.299072550879586
24.393944833269227,-31.75086791968584
26.559171373273514,-35.42174512482123
18.214425648696718,-38.77883492507685
34.84909410812231,-30.69319767424765
21.647681339271994,-36.90657681815491
22.270640267681387,-28.83698737340865
26.749405307227434,-35.8107414284653
17.511073071206756,-29.444947146209476
25.030136775295183,-24.604601529221362
31.27207661941772,-34.59051754164063
29.6082704014066,-33.971248615525965
9.48257987840626,-36.31825595225612
27.271993666161393,-34.11690786971536
24.141327948127227,-34.726611220412124
23.377369534463195,-34.683810876460726
29.530510599763478,-28.277178128452547
25.412344116354447,-33.86994258820032
34.297347739371475,-35.854469519079274
25.024401163987402,-44.75571044151084
33.56632479338077,-38.64775930820566
23.257699327803753,-34.744994194764516
16.938567164655744,-43.023400497715656
24.0018699173532,-30.42992163726137
31.284094582483352,-34.30319200879853
18.948775671297827,-31.28928048161509
29.53518643707313,-26.272737240703897
25.47854318227233,-33.38110976290181
25.58402446710561,-44.34933180647611
30.22904743959493,-31.497067083073787
28.520087649039667,-41.09256662184069
28.94511675972758,-28.783515023626425
34.75364631386111,-35.586105446481675
20.148910453883435,-40.69586499459937
20.556387103143276,-32.55852798036385
23.932439513127594,-36.27560375425283
23.676520685488192,-40.67341751559274
23.85965283173368,-30.169479566003414
30.48466187774655,-24.99998632376864
22.817452680503745,-31.990203347309336
21.458040641454822,-20.53651822218498
21.73550657236208,-40.812043483049294
25.348371122773912,-28.47555419256631
28.34759506185437,-30.321817973752157
16.418119585230457,-31.413221414852163
20.608604310909474,-35.58986583655454
23.230474490669863,-32.87727728660311
19.88058895406926,-40.71404343695619
15.948019756698502,-35.51194373938365
18.959498703347478,-37.06715238164308
38.16727898216992,-32.702392214446654
28.404161830137316,-22.16239961514085
18.642160532368813,-40.37793784987759
20.4349095665664,-42.48322367603271
32.0783106271135,-25.40231678908504
33.64890615837575,-36.966146382792665
19.49209519260232,-27.92930413633021
23.879103228854508,-34.67590053504782
26.00918756991927,-28.626799283277933
34.56964077525599,-31.960230234515453
26.98460506217667,-41.449635895313754
12.681791890417424,-30.17147611639923
19.99359579012792,-32.06354990354349
26.48408337971277,-32.05098261104629
17.965390405971416,-46.288110855714265
29.394655110911657,-33.135991178121046
22.618076238736585,-41.880402406585404
20.277747899067847,-31.064648738218928
18.083043103303446,-36.91104044975016
25.870807137995126,-31.110781096739238
22.209970671202846,-34.10117903665819
30.785466846523914,-28.085960486588263
14.660031392293945,-30.672186633483214
23.116932286594043,-29.63234557311101
27.644313064862864,-33.312204413689386
24.32383989752285,-36.907901367485806
17.863363448235454,-23.29965514340596
22.05798776498204,-34.7991014417895
30.44152022872629,-38.068872154480665
27.79162558925549,-34.13915608518926
20.95175147744652,-28.46763997794751
26.249541894057707,-36.51226572887151
36.115367084652775,-32.080462308155525
21.31087061216744,-27.543979819331433
24.01707009511422,-25.42398403529113
28.663102743971383,-31.40944090562214
21.648843937627078,-28.771769419526684
34.38271205516905,-46.11592956388294
21.99988609684,-38.84940191585526
31.760958989608483,-38.56822260314711
18.826384529532042,-39.04382688779653
20.449212295816007,-30.846191037062596
6.88607227501393,-36.39966114785456
26.82798222333522,-36.4908471376392
31.844872240195155,-29.98449794406279
17.25206722477074,-48.907390797644126
18.405391425168485,-29.582266565469155
24.202068257946504,-38.00645850121224
35.70100976638939,-30.96710243027225
13.510474145113836,-26.233849527950127
29.41515229158009,-34.33470733440047
18.956567783553837,-27.488705894302285
26.22552807705135,-31.95539146034532
28.992587031653756,-29.072773939218933
17.175121517813313,-35.85010687830492
28.313350159688213,-39.27024864309925
25.547702767677468,-25.595815693937777
24.719649417720294,-30.84193315223775
26.736319905009367,-40.159779712754336
26.217755366933652,-26.501270418837688
19.916387856669353,-36.469627988497095
25.689413093121935,-28.973168782386097
17.763062989070985,-45.128853624546124
13.499818081830083,-36.70444217329045
32.59400574102987,-34.06242263960635
25.41529397009735,-29.19818518352439
35.925765641018266,-41.2404272568399
17.4086719687347,-24.344375285002375
28.85109264628609,-35.345830984487606
26.261128240762993,-28.198965443238762
23.285751825260125,-47.37886866593657
24.2194319264697,-27.227038954649633
14.368623368342647,-33.37407450217787
28.108842275793556,-29.538884030081874
30.769218643477735,-36.95020756983685
30.538147771693684,-43.875733919970415
25.110308731019835,-33.43645645676194
32.5848719244962,-37.59514282815852
27.03237208017585,-40.800377842353
26.639720970271178,-49.10400983255807
13.778587584102146,-35.928558464177385
23.380104919252265,-24.534057291638106
31.146695908435227,-31.779705539706395
20.33578602515469,-34.772129305394934
25.6578195920349,-44.19598989694735
23.20190487886612,-29.639031256697255
15.052642607388389,-35.48967473285453
23.235301267018272,-25.427384181315716
23.836652694996488,-41.258632609119346
17.043249627988786,-34.64855527863481
18.44388320803454,-37.78204921742885
36.400058078526364,-32.207868259767004
27.937673157471735,-21.329855420298877
28.836272389791326,-29.5663243471964
24.837449084903607,-41.931415788443644
24.937785125715745,-35.64342470375193
24.512598948103072,-41.324710228870174
8.377819000522676,-33.148491697346465
37.92325269508738,-29.653741327791813
36.13505495120108,-34.64630993197217
19.80452868689816,-31.275990421192546
30.843721388160947,-42.203425625215736
31.81067341882825,-47.58345603648442
24.931525561285717,-33.645396385799614
23.43987466348538,-42.396802200902364
33.730041749048496,-29.709167184673696
17.4113444543498,-33.111479697219295
22.52581109039246,-33.91884229894158
35.02360449031869,-39.571741390148475
16.355671494255148,-35.23708053826688
26.612513179529014,-36.06915670117063
21.15085902352669,-35.83444819877274
21.29601869082672,-27.296225452666583
17.31653671856628,-35.47920016716331
27.63985908478221,-28.049378466846363
16.540683695321768,-29.989071810322084
22.03246035277907,-35.093487199861116
25.645679841722185,-41.01021819497366
23.160426055929623,-27.41166853809843
14.506724788557614,-33.62100687366198
22.92596763439486,-32.737495448527795
37.71798178377965,-37.46957994840268
33.61976417449882,-34.57387565549961
30.88449341275927,-39.62811698492914
21.611207307562346,-31.986525079267835
17.797413622796494,-32.53760650852287
22.282852246818937,-28.688969937906393
22.63952697920641,-31.68273847095132
23.513385166769076,-36.11772977677806
21.008978676593944,-37.714688372567025
19.595162407386184,-35.35051566655478
31.001223123784523,-40.65541759467095
28.505859868764432,-33.423062140830964
22.65300854224274,-34.16883816087712
29.19195442280421,-33.09747059446412
25.282337709669665,-26.050720931488172
20.034969966653613,-31.409009707412753
15.637458348264191,-40.52480099434055
20.695186140795595,-31.30603660718924
30.758011636727968,-36.36622361695303
25.39367403478485,-35.92646810450702
23.447115908037134,-33.98152166479109
20.4364878911015,-30.586782945104584
26.567952169995184,-32.21601121648485
21.225660005952278,-33.70229629712624
18.88006537795674,-31.751611496138405
16.155996167353628,-31.973928511751815
19.284592968050035,-36.02484490266526
22.408342397695016,-32.01586963244628
20.619296512963327,-37.8737423517112
24.304266305259713,-33.26290123108523
26.34504901174637,-31.660411501580523
22.62209686424949,-31.943905428138308
23.272774473465223,-33.69463310290881
20.392367751478204,-31.13705319779039
29.260442260325704,-27.551481303578797
34.054334425451074,-34.537125534407245
18.699490434639024,-34.278166180310336
27.51557635677417,-34.61135855950808
20.359705802152035,-28.964778729462324
22.40623820165731,-33.27902068523103
27.565840527600223,-33.53284538342379
15.960216637311474,-25.463709510824913
25.32754964693852,-27.923024346007725
21.22378923967215,-36.32916683747599
17.12903162343187,-36.01143449250452
25.535231244320688,-43.402894808290924
25.60822209304327,-49.830027189370895
19.412094071172522,-37.52263643977539
20.34138046804286,-28.348775654216613
16.958210008170933,-30.834798616122818
32.75292687976293,-38.16738155859224
33.24640724297407,-30.45436777576629
34.250573307599,-36.89834508648638
22.78506115299774,-40.10625995233495
24.688609104957028,-39.141941584674676
29.85441038756614,-27.53730689536703
25.09433360423962,-33.139261557795194
28.70651768922921,-42.330206519920054
21.207856905707153,-34.43898611952145
27.639344162075506,-29.277922685533667
28.974993768112874,-25.314979970418484
12.778205844740505,-48.14501340485545
81.45175717063795,153.2994411819058
77.52498887140003,161.20726265376692
85.48582659544336,159.53197654098526
68.37207636820439,156.44616867411955
65.09427100766305,162.72494168239663
73.9884872620284,147.62111205582858
67.37494533605451,156.23447348097005
82.92317089687619,156.8212664572939
63.920358778140866,141.2170087211358
70.29060728409783,152.11183977061523
79.74685222571087,148.48129753759028
71.63458113576557,148.94261421110048
77.36901664050232,155.09079908340058
77.55502909807319,158.3973486074959
77.72745820885322,161.83304921466183
68.88268133278694,154.68129308677146
69.96401037438835,155.06468400890753
75.21202290710605,164.50682069442487
71.70068883402747,135.31379580175908
62.3897953237249,157.83000385018096
84.99356406059249,163.08312330971708
72.82532331550831,166.30029133851687
70.76981005373092,153.95071622382113
72.16775327621886,148.62074614913004
69.72850951716595,160.80604852381816
71.01151501331309,153.28422747130318
82.97511689128524,171.77996651091735
55.26223849539777,161.00933414016953
61.01689397166621,141.65956609030516
76.33682466860662,158.67518260199216
77.59845315880749,155.84257884192004
65.37402592312249,169.5839832597332
70.45410408437638,151.57625326636008
78.57406833657924,164.54758630493288
72.50362108549753,160.61444587652443
76.66166828470521,144.85518697533166
85.58913132417257,145.4818553161276
76.35436762956004,161.49543993607767
73.27006539637625,159.79589254864993
61.432949350528425,159.86628563953226
64.9060497997607,165.21010127105907
64.39694842229957,160.51731739763892
69.2733955127078,151.71380200729266
81.17263221933015,157.56110930928986
80.37057715384638,151.8321737120128
86.09436348577566,156.87679226458417
82.26875843865515,144.14979579174667
75.72235525356362,158.25358173079132
72.84703643003938,147.89671856949113
64.70943657235709,155.28126058780788
75.59221577810547,147.94023237008616
76.26821324853849,161.0456378751242
77.05852147769892,151.83459213035383
74.77439325124706,159.90424186927802
70.40725697416958,153.98189412449057
80.20093215130983,156.5382791254364
76.29833370489848,146.3395389274309
70.20483909826739,143.83514972337994
72.41318597131524,166.97752117468102
74.98008224315035,158.07883348175366
77.98872845437258,162.44201473313024
75.00191825804679,148.62813452679117
68.85987733281372,151.6977514466326
58.415238236639745,159.66622588151978
66.7932287773824,152.36040220116212
72.148566298159,155.6972850829666
79.7945599030122,153.25665329841215
65.28227815040303,155.7027249592373
68.69799514903201,154.0634514620656
76.05520964972263,155.31536900756367
76.21192834528162,154.83758754663143
77.54603888817664,157.9920891174885
64.2708529187314,161.72657799515144
81.11150057090353,143.87657140718656
72.92321219443619,155.1595332732435
79.92278937948053,150.83431768554956
67.80076802651908,157.59639269559705
77.71247622985999,158.1596730228815
82.13185579641242,165.95174313604957
73.52479049259581,167.92558509447906
63.06229031627372,154.04794076005393
64.70952501563842,155.1614817735405
64.79430582516818,162.87706910853439
74.66896339891645,152.38992760992915
81.44029702479995,154.83742395791177
79.7023676417291,158.91704781930608
63.93379222057835,159.8475825970533
79.98555089386404,150.4333643766694
70.6124346804843,154.311615119102
71.6992067730854,161.37354691214074
86.6069682322205,146.8317242266163
62.77760633093307,157.18511219996853
76.29342717110117,158.9103417985482
61.986092393941966,162.94163435719602
83.15759368154458,153.35272085323768
72.18600924624504,157.8256787607646
71.28341422250138,157.25950782657011
68.4606840385842,150.28593221574621
72.2244484703539,159.60041203095136
83.43233673415064,161.54090591494528
74.38514240587814,160.46094183263466
79.359875908638,152.9513053184207
74.30358661289823,160.03792134612894
68.15660342411738,151.73421583625665
76.35129881385484,159.2718480732683
70.28271217606553,147.70440968188854
69.14970079413966,145.85599289329687
80.15523273180237,162.3490761114753
67.27530055364711,162.38897510326086
78.6531788763858,157.68947014598308
80.9563192623024,155.9154606171389
82.81888857904617,164.09030728931856
80.43923202789459,173.23215855615715
64.13000368175767,168.45527789168622
83.0914175223766,152.48468554895217
77.94216827331132,157.7763048079349
74.44353073918765,157.9153045658909
73.72958989241143,149.44909780563515
69.99993293332476,158.23135258582258
74.78176627631892,157.1165583169191
66.97221583517862,156.42600592498576
68.66565612885732,159.91883491334792
83.84266006230919,163.56737500471934
72.5845214475405,162.17064068430338
75.60464068699632,146.37872759289266
76.88776294921227,166.39781198877714
72.36965424458926,152.92967569017657
76.20526029137976,154.729662366312
59.26499727944402,156.7594312389091
77.9261836463151,169.31914870526174
78.68854814637035,150.91541087215364
67.40098426898483,162.68826813337608
72.13582412375631,153.70856719627233
80.69156242119445,156.5639810743295
69.64851059543876,156.13367339846053
65.322607379061,167.63303441750153
78.73216330769257,159.40103511730226
82.51054062426337,150.55311562744632
71.45407924553854,146.19077068043592
74.58315102034113,163.38482135731928
79.76568329810982,160.23208966651825
74.63574470394869,153.50800652415603
67.87372946073391,163.36206885553602
77.56130155646875,162.675959458869
77.31368838504937,156.16184613357288
71.65095283680134,149.85497350336232
64.76207331609699,157.92152497775504
81.4906121705542,155.19312266062602
77.27578599800746,151.7932936382482
77.37020575200197,154.61953282912256
67.67983769301505,157.20247102525218
63.098832342862856,163.51813323002145
72.39720674354534,157.88115906338976
80.00620330848466,162.87830918750865
71.82374870087119,155.6595724866166
81.37726883790401,168.73737316955558
77.5578443799403,154.18199942520067
81.56691185598036,160.60113701180737
65.13998170146476,158.6941820965844
79.17681982813107,157.62177023124855
64.98845151098361,151.4917517999138
84.45884956376206,158.27832445376458
65.1013248695075,159.00740563461676
81.79624374690805,154.32614312439205
78.07386186428806,166.51143547595638
79.23474934064794,159.66661776211964
71.74893645551708,167.7003960674699
68.20081927438818,165.1022382800592
68.15821296443812,156.73045461222966
83.3307915480305,173.01998084144114
71.06773043576081,157.8086472322929
84.14448951278784,160.66437435266195
79.38025460520758,159.10951962296068
74.49788842234344,152.5416404790443
70.86895270942071,151.24643721012598
78.74744071250927,140.77803140798457
69.5768263768932,158.52688599468985
67.20660443014201,148.3942562168882
86.1195969453695,166.32708229484297
83.19871757585393,154.94063047837278
74.47109388166854,160.66231226668913
67.76203666632557,151.6046075882228
65.07339563396133,165.33378429161948
65.78586837312534,164.86666944882631
74.55032485207951,159.8628234880517
66.24651166732264,155.63235301983323
69.11930786391167,161.17764674190582
73.54756346224814,154.4320293451729
68.33462457132597,160.7266648607978
72.9314911120541,160.0704462617594
76.16678928469457,153.14805177652113
67.06071225808888,156.34213035969654
78.91776021252488,160.97547608081172
77.03791760520095,162.05343367388159
78.6954457334727,160.2217034352085
74.94963437859283,156.38737768789937
81.90185644896023,156.1191881509018
74.81583759920079,158.6001122193478
79.92772096566503,148.190992301128
74.0144436044987,162.17161165651459
63.6564585790953,165.15151377070197
81.5389302063736,161.9169118657172
83.07543163181016,157.9179550294423
66.87073940651842,157.24153016419015
73.44652410872254,155.86243524470328
58.93134044110239,157.49620669342423
78.5184634425088,152.78309744744115
75.40616017252646,150.40275877315628
77.12091358359017,165.32597080024527
73.4913982606333,148.9626715001405
59.61141214575805,160.14819745173313
77.69269158720662,160.85144035953752
69.38046829832489,157.11573404957983
86.17028115953187,161.16661109870492
68.57906384492718,148.10826674789502
85.38316957500705,142.7231080153519
77.87916193846165,169.25020108477239
71.99766795272703,158.60881084587686
78.64438489814722,165.2832211333358
75.66893614883573,152.0203034737488
80.04924480510361,143.2755978157311
67.08344726929798,154.71167113956886
75.96347299510629,153.89655714951647
68.79026576372918,157.71734060804502
77.12061159865364,162.18225055611933
66.88015649010683,153.63834011787162
78.77174979767877,141.82564196032988
69.08638025842886,157.9781883318055
89.07814612173578,155.3806057834461
74.05652831196342,150.58109627540063
83.98367880655192,164.94948272838846
69.6998577239531,154.07302434997848
75.82584523070399,151.6748958920244
67.84892232020155,156.13539440021384
69.30178782895638,157.14939075091243
77.02258024323905,160.36792953682232
62.75283927697997,149.2088534139559
70.04129639117687,166.52763577321812
66.26956710203171,161.81154557186193
71.61726146155424,152.68264235702708
69.58104108361849,164.2286280055626
71.254625275753,163.7042744684806
74.99371449257674,155.7612703761439
68.48372946944816,154.1394050989942
72.34282087870905,164.26182191546573
74.16918205454142,148.82232268411022
68.431436689488,159.5442071175132
75.54126502641398,150.50865068466115
79.65055832209453,155.26491367791542
77.74123032110991,158.1327983935478
75.21284974249556,151.86978252667848
76.042539495437,160.2930917785133
81.28844347868647,154.04242620396136
76.62080497138928,154.0430143585249
68.7862801056579,163.31804216462916
77.5581208702436,159.67461585873218
86.82278033759538,164.02881202365927
70.21763744084797,158.63362706044947
84.94671908757641,148.79883044482955
70.18411019334276,155.2892851569161
70.11949787328145,153.7173306026103
90.59723526479105,156.0391158533581
73.71734868504544,156.06442934263572
81.4956727815817,159.14766695123618
70.99581409041464,155.6544110282519
72.42921953024401,172.4224180340738
71.05848854618039,168.28792758583168
82.32224004993418,162.1518319804391
72.83325384452813,159.65882041081107
68.56765744939847,153.3110723676961
76.7421053978826,157.25245294380983
66.21397268895832,159.62267971204415
68.67548884785458,166.72432705592075
70.67017439531634,164.96906554808834
81.09485267698015,167.83163755372607
81.24728420331768,166.82547482330068
84.69426915719879,158.96509857689912
85.92461432315817,152.2568805139018
92.26807985432755,156.07442827186722
73.31253170167963,153.51782184230038
81.7479973177017,134.92906463845512
70.76446646476731,154.16132270034177
75.18906329328405,154.63748202844337
64.10085149283216,151.02758677221985
66.96560815321021,148.03773330117528
78.72782897659471,155.46140541066922
66.40496718888421,161.29790121441863
80.5000773892538,141.58298904000637
78.01459295195735,137.17168850535083
70.67526303582329,166.11145739752595
76.00861727834092,163.61578958574466
78.17160209431727,162.04213233686434
69.66335561819317,157.682466629564
85.31236126884792,156.54939500707093
72.89580931552523,152.96202003364868
75.60547895939416,153.7673502921279
75.62919455161395,157.6222984129681
75.09267218010751,159.30377887489638
64.76552265444315,161.64893192069738
70.15379401585912,154.29563588184837
81.24955741600515,163.60205351656526
73.57776806072822,165.83422274324283
65.29594899626282,178.7646718433386
68.82169472668672,157.14660074424984
71.17702140538701,164.18434157313158
65.72309666133124,158.73661024535343
63.26815323146943,146.7933946074199
87.83230174289288,155.1376260321729
72.52803058138491,160.04807536006024
67.58191937897462,147.05337084626018
76.13083495565262,159.49007916883667
72.5957470313243,163.6054980716579
67.80431264731284,155.05282591375027
74.03368118534048,149.85214263459528
78.56994280670014,149.9085949748553
82.87110180616291,155.44221328092902
69.19422950144217,155.61639666175526
78.39771947602932,150.70512178353957
77.26384786590597,153.56023637448692
78.79791201976337,143.5876207356911
73.39344245428832,142.20980617287972
88.11780531350676,150.70409810873994
72.66122319698115,153.82481298001048
79.62133568005414,158.98238403824905
81.32909197085239,141.68677518280737
73.10038320737296,162.94700936698754
61.90030400273954,163.61264860370162
79.71350529207919,159.3322542849364
81.46748510883225,151.68820556212003
75.69990443450776,155.09430890436576
81.01042166112899,145.9035111728916
71.11399978587045,160.17697515211123
75.54869904262156,147.06804556136015
71.9124230785679,151.81288986325237
64.25337918596799,158.72587406364082
74.38070495463023,154.08948940250085
79.29918311655476,155.46530547045626
77.58004351387412,161.08235446778465
71.1495094156999,162.40085380366355
72.4622530809672,163.8069785847359
82.80260691737132,150.28559902920082
86.18329512173662,165.264448241559
74.57281343794317,145.68140789967933
76.29725603791874,139.74378340695606
69.8187993783913,159.39343415158112
65.39538998521385,148.48969983505776
74.20619228333112,159.40242921746977
73.84365397551574,159.792603816182
76.08667392804834,168.6908789909566
67.4649125764847,143.54562520447163
67.3830139754394,150.41590183925354
79.35886482966835,152.03069934591318
84.3181833647355,152.25235186894318
61.43439821032504,152.87994170694475
67.58532926994944,159.0181505921705
73.71450196223853,152.18977974414344
71.97787497126014,153.35434113853594
81.73088999273769,159.36739815248785
74.52851944515726,154.25937102777948
68.57760694457639,157.4150852356808
72.59657377520088,152.6954071199523
66.44595227044181,171.07792340323883
70.88788089027875,166.43119494259068
68.8106619837282,154.64463556892105
68.07813535391432,156.6563905014592
78.65675805719097,153.01239862620085
75.24176228726546,154.20487061782913
66.69096050476865,168.83269500302384
76.87301819652384,157.8345891450878
69.54428221452268,159.5395956626578
87.66562225728819,153.9167343668807
60.05025354513629,175.13548635194928
57.06993137627261,171.62942739431668
57.592219289181585,167.2484969262723
58.65236174236595,165.85222089968028
63.826261691651695,172.880835886603
53.24038394537554,178.82601797030256
51.86287099701893,169.96554495326032
62.19746834011189,172.67084227975852
54.59600350358818,167.19477368188555
59.788114090496855,169.54347636721354
55.28058559518449,168.98845159658515
53.85335154995668,167.85383956996827
57.28229613380729,165.63912233022373
55.22463027750342,169.76163326123992
57.130228964687205,173.26136141852396
61.28828229277187,169.56276383521393
58.30430834435659,171.04611319639798
64.5777192337013,172.57021145068265
57.45295547344878,172.61900827598643
60.803548658682416,171.46878260006642
65.80982973738308,173.37076297414197
60.40954794290177,169.769407011964
60.671764746779914,171.82627359554368
57.27305612920833,166.30354094521476
61.73104556590489,175.68400223768464
66.66034597587576,171.4022326979419
61.563192675879804,171.48715380214531
56.100086034245074,173.27269622257904
62.95994165496374,166.92055395450666
59.48365848253064,169.86115395013016
57.916666038899116,169.6440873816995
60.851650924875194,170.6140308003771
61.427157093134014,173.368822974279
63.47478517372046,180.68926215996228
63.66450126991226,171.10362075757416
58.71804883964669,170.31504890618967
63.0433632137596,167.68743004073315
58.96318907828529,176.77386561142242
62.41256588075834,172.45060619082176
62.367437120411324,170.35373672094633
58.76347556503068,169.55794112281302
59.9435300830228,174.51034646718242
63.97657257505728,170.697305591242
59.50648257463393,173.86534431771446
57.0632957899741,164.56238043766518
61.49919735754889,171.56048196491886
62.564100436306376,166.0848277959982
59.48499969657665,174.82836407825292
56.2334231709832,175.18353307858095
55.72392118212032,169.6850529111063
62.41341492628265,172.41466838192324
63.0371181420963,168.07134607914864
57.0622253764428,168.29251735456936
58.77422778620792,171.50401101466187
60.78033663135639,174.15646188250355
59.97603252639826,176.02711368965748
61.956677477727254,174.62914122002525
60.57202323201203,174.23737245962545
64.61486825524189,174.13822646824974
59.129448432597925,172.22807360607186
58.70905444013158,169.52094777834557
58.078204844427475,169.04438319071093
59.20839734410968,173.83664571372617
55.37120203620141,168.42412178013072
61.0361260648625,174.84811855855347
63.337595026850664,166.80640090393308
57.14910816107602,172.19092505471716
65.50758221298771,170.03530067318943
62.562685349634435,171.69320379747353
55.56430038491543,166.67522349817168
56.41402746759044,171.49624815348318
63.94941875426059,173.41635933061636
61.35802935864746,174.66811444758804
60.84764740121775,176.4379735938874
62.843695447014774,167.64545154207008
59.45142270871935,169.96894137796605
64.58250288725029,175.4085321967198
61.45852847605795,171.51441199912992
61.4607868415268,168.30871371463144
59.88733180875291,177.37626096969964
60.86257351411245,167.74076653714286
61.72040397113716,170.86010402925206
59.552274453721296,179.2718813207941
57.085044352805646,171.7325533594797
63.99728406404334,170.20325131217712
59.649250241864884,172.604799220456
57.55731755027892,171.23328053652065
55.944562092865475,167.34016661192908
63.820477265809714,166.87352906057586
61.53138985890799,176.78116355962683
56.39546621214623,176.56640716679414
58.02831999468598,169.6668505766069
57.37447046785847,164.49196622446587
58.58714572456316,170.19972769651426
61.83461832436673,169.00039329556023
59.42430275593203,167.85249026206583
61.09604620473176,171.38981482361305
55.375400343646575,174.57761886154262
61.43888709516198,172.17020398493997
60.05063253897486,171.93159697005572
55.29777203323685,170.04198237765326
61.07957710811334,170.9435196449197
62.73659897181071,173.1733444679905
57.732704553913955,170.11908989759402
61.45467012553574,174.1503109416379
57.51414131954467,173.46225508929425
56.69185997371063,169.46593540744843
61.9078549674939,172.3788727674132
62.10236056023673,176.82800952087422
58.1183148727741,172.21385740929787
56.194790679696304,174.20579821494889
60.86178493768082,178.58198149124078
60.90042329333888,175.94664909307446
56.326374046485746,172.50636409091746
63.5780412472529,171.0762187260374
60.0601883876054,172.97388773953708
52.401201975912166,174.5329754459289
61.08020625674331,170.83204391247068
61.50169769260185,173.18136767888967
60.64136503494107,174.53768085848333
59.0598072536631,170.5489333091572
61.3451893229547,170.91798806321043
64.69009085370587,173.6415746264217
62.61935013384893,170.45437785495392
58.33341564236685,179.3474241769473
62.890463955643035,174.2411590417936
61.7188642155628,177.69308734635933
60.18033986223191,172.24103343247526
57.89317645213443,173.33135730116115
62.37506025524381,172.09262419986294
58.132518804055195,171.94713265191328
58.51441243568817,172.32506997888686
54.337897180682674,171.34609776792234
64.2394181285412,173.28436523248416
58.898479359952304,166.0064730460104
55.417771522680894,175.16069638882956
61.12643664606721,168.18384234251442
60.81153038239922,167.5314085190467
62.51846425575459,172.54254428165996
60.22800535462329,170.45892166026505
62.43472057217195,171.205116834025
53.989824333715376,172.70313432535508
59.8145243410467,164.8582971658928
58.999790355154715,169.90824239431993
67.4669773693144,170.3620952923044
62.248791202941966,174.09696116975462
59.440655141243354,172.44967381761452
55.02975716198729,173.16738759200547
56.78070242890508,175.65304347668388
62.85585786764657,171.95879501274675
58.892393649400695,170.37506124352834
62.796013769205594,178.6132490819565
64.26367965290632,171.6771664151562
60.856631552051326,172.1960278902313
62.33573200936214,174.53398584932629
60.79321189826316,171.1726647767164
59.85598212836203,170.18628354960757
52.38130163084323,178.098232886284
62.97523073253654,171.92860633089032
58.53164716478606,174.1548834111873
59.60271932385813,170.98071137168992
57.430468082047184,170.03772080675367
60.19819583139365,175.01174608283185
63.59052146792844,171.93318471999063
55.40828477281968,172.03309064830432
59.74650674202564,173.00379609553121
59.144708680290876,171.29628487925228
57.57170987466876,173.22663534246288
59.53495379500243,170.07739108995756
58.78363216193142,171.39599612048028
56.82729200940725,168.85991436833874
66.46066724020729,169.78904214372312
63.61534403779358,173.58315445281818
58.45762724956364,172.71864173326034
60.1041849327608,164.03431545986885
63.701113457679334,173.39151878955346
62.893861746397775,172.87243738069705
58.44040820989825,168.34516151482129
60.288356124806946,174.23096993360247
60.00516837810986,176.4294345343502
63.431220487288904,174.84128904007036
58.33186087134059,171.69458834124615
60.05438335547263,178.93593894341598
59.56438385407092,168.41439771165645
61.61981856885829,172.69235703100296
57.471483784955204,174.21722888798544
67.35145255075973,177.58053723221533
58.20892240003821,168.7942845278454
58.787513543638,171.64148789207414
62.61881213442492,172.92274294247144
59.18061045873375,170.31983733067344
58.37863887844965,171.50880368539617
59.94788099842563,170.3874530475465
64.72446424013552,171.04949652951254
58.67080734344097,171.58066520273806
60.79840541072598,166.2598167122224
57.4302558179165,176.31848110864544
55.664416644180854,171.8611396649231
59.084632059920644,170.4054590637444
61.73863775108908,172.43456600933962
58.68370626396348,171.96660919026814
61.14019933006727,170.7172437566543
61.30139110912282,172.644294615164
60.085189552450444,169.3562086640192
63.5825988721343,165.73608769275833
59.96235250840545,176.06785808735964
63.904992546663706,169.02941605000706
56.776597780417006,170.2786607593534
61.877985156552434,172.21514268011992
59.64062907759802,177.32645587183183
61.51070977347824,175.10587483164713
57.668803816304866,173.86873909368654
63.7578307142047,179.12414426255165
63.27535710027227,173.27700296770757
60.833339637121355,173.34735493759055
63.54511849487363,171.68352380535433
61.19137737515393,172.15226773436598
56.786567677314,172.84869138996865
61.39379732079225,168.5980999941614
57.272262301870896,168.47310986737628
58.2799960293252,177.33596432906108
61.76011157519913,171.58206866950638
64.5748222024005,175.73465366670922
58.70225099972462,170.8833932014242
57.65392518392858,174.4800391030925
59.245546599118434,166.6327228202839
58.74455975180653,168.46137269475045
53.202178897971486,174.56001384762857
58.96911076317252,175.27553000423092
55.443657926034874,175.5094546604653
61.38152151502793,173.19219765621517
56.9580994007017,169.28209445634673
65.19615764951841,166.55576690476764
61.97634169247258,167.7658349907202
60.81198737448791,170.50527585468933
57.58360564412087,175.89714640391827
63.2146600306873,176.44109545209835
58.443851877775245,174.77025725292373
55.8203833888496,171.91000482946117
64.58407880277603,167.62886849354183
59.559361253353345,177.45178915580237
56.941906715106285,170.48355824841084
56.77547103041863,170.357923648976
54.68734850944426,171.0347253845768
60.54667927438118,170.75519325213588
66.90725923357279,171.41105341770609
59.83312792587884,175.66149855998611
56.94923762729982,171.44402022588227
59.454059512608104,169.35934540422414
60.03492349604497,166.96585859200013
62.03146012448463,170.4907330792837
62.360735790527556,173.05800289754552
61.114410695485624,171.43013096408853
59.52813803531606,171.84783011528583
57.17301342455109,171.93105774663425
58.46077277097611,174.27379112656203
58.82245600982399,172.86964295892446
60.86884471973524,173.9218215524021
59.54659869928862,174.14362569885287
61.43281336449855,172.55654240716999
57.59318159563509,167.93241023954644
58.3426795478327,169.94577068211967
61.155264240265076,172.1414254476528
58.29218742820985,171.97921540726693
55.65975852617008,178.07730251467854
53.58723930049975,167.5434603900483
60.36395487722119,170.86431291997772
56.91369797027084,175.7604383999851
56.584716464805,171.88459422368848
59.342752856940415,170.84734346281783
59.03415475877634,170.385041000677
55.47931072419079,169.3334820885214
56.83521256807682,172.088697308159
61.53939532902171,172.65857425650984
64.57013460849886,173.61012712313246
64.53363188199022,171.3536627682635
53.61003987501608,177.53856434342055
63.42474153580706,171.92739060398037
54.54280046093052,172.34593765101098
60.03866102040786,176.55243802901614
53.85748484486295,173.72584003350372
53.32069649836061,170.9761506517922
59.833367019774855,172.13876898534068
61.356584763373036,169.5787953474651
55.70237385214967,171.90493168724151
57.47068150046212,172.73125218790133
59.42500072106947,175.631558999524
63.00200026868515,168.25565381615706
60.27914985327262,166.77830341711888
61.69013044073445,165.17930565353186
57.541320608731866,174.91785896975836
59.624651770287954,171.83597789911119
61.95069993055971,171.16362901013463
58.93465447480221,172.5856341386259
64.4103713095503,175.4000809908603
54.50026316873999,171.42775276700334
58.869263934145984,173.693090021401
60.37701155041611,174.92120550107177
64.17012343769213,171.39516511228595
57.01497241045732,175.80550699536974
58.752507067714355,168.91262652720013
60.45665682019341,176.0739918588183
61.55408586293611,171.51497819164967
58.04024732738624,172.03449362310667
59.00352138655797,174.012109515754
58.046214715472544,178.32351609090554
57.12402247757701,174.073715976726
59.70384923320807,174.79717800131448
64.31941950720133,173.8326423865165
66.43615796811523,173.76692989494518
55.397991033237176,175.38265887338554
64.29059833088616,179.83604757768424
64.84050439459284,171.1487745007379
57.982878082132515,174.19796796416534
60.885798760743164,169.0448502971029
59.22993561734734,178.56653707966893
56.42105877099078,172.89762309523664
62.381047232958444,170.5206114820908
56.981359006161725,172.07269487618126
61.90421570946338,173.28079129989163
60.44913288301631,176.50914008678328
59.22418550985502,175.09239823162744
67.4019980939443,164.7210097949373
59.08529343548336,165.2378120662255
59.797462789739406,172.9921887891891
63.3353400418538,168.78827870268924
62.18658005055633,171.81724618286265
53.7283328968501,175.93049431476382
60.54474350431211,172.24139886702315
62.4379768255588,173.9871666578658
61.428442907172,171.2920701591035
58.20703108205939,172.58633253074166
65.09538117516125,169.47745392684703
55.526670133850324,175.6585864980351
65.6742901914029,171.85019145521855
61.29770742875361,174.57407682635224
59.92108992129111,175.20193287828508
60.81870088092413,167.22282726060138
61.01377582168292,168.07303494053298
59.026944115394194,175.74662482279737
60.387093190086475,175.89387896467693
61.35027978715806,172.45742578646536
61.671087900456385,169.29373956186518
58.32133506699789,168.82312396201098
63.87261410150598,171.14953322950078
56.822676887438746,173.86169857807903
64.50813655116083,167.10959573987125
62.674280396548475,171.34429376254826
56.986140877722136,172.30884093453784
56.781744839263155,172.46750166414637
58.810014574990404,168.22568903883305
65.11449686206444,172.71420317185883
59.71042461878645,165.70034093300006
58.59524086821427,169.91400527133507
61.648328638416004,176.7497261127776
64.16524070599111,174.14056678281437
60.1329691463415,172.84550297202532
58.11517512421693,173.53542578673722
54.514307394636575,169.41177797306992
64.35509370790069,173.9878395333808
64.38239857887196,169.04281080464438
61.59042799157432,167.25532581515034
64.40169144032718,167.73813175229535
61.54746739480294,171.11702907747502
62.67345564536315,173.59182525234053
57.924987786581845,167.2408223560966
58.874472297343935,166.52118052242724
59.94451686546631,174.4526429146194
55.286225959199854,167.44313451418964
56.83079135524332,173.6805993004466
56.11703006054028,176.3080213612279
63.21419911060239,177.46241393148082
62.85775871012191,168.7016389563607
61.020474168377994,174.95214680773674
61.76029415804753,168.20097476546871
67.62822554648726,173.20157852708417
64.47067580232425,173.13721793386983
62.0570495171989,176.2520439222727
62.322094618227986,167.8905961228352
59.570418334177155,169.7210881826719
62.989583420179244,168.4836190584884
58.12550583554375,171.35331111564355
61.51772888685303,178.92289565220847
63.54441797520585,171.12040827524496
63.693718080811045,172.71694356118812
62.97090573854028,177.33689373106228
61.57790385832048,171.81998946056774
71.03398803258214,172.84531669531276
65.78327361665714,170.02857436615867
61.63926864610741,173.9081528317144
62.33086924675041,175.6758862282436
65.24610527632052,172.52060675337526
59.15057515760785,175.85333761540224
55.1531545129713,175.60542072298912
54.82002428093018,168.46200294873103
62.004320132877304,172.56948716336308
67.49385762894535,172.04443292952885
70.17914018494442,168.69155571700068
64.30123706292473,168.35398083609527
62.05290942639242,171.0404923933154
69.97247000680122,169.756640695578
59.10314174170885,169.3845264525726
66.34300618179871,169.10676906963562
60.72941874542842,173.9458984108808
62.130794234669125,167.14697636546188
68.02921151302924,170.38813006233437
65.04378053318699,165.53376353374875
66.15511684443136,174.59809595786763
61.87523726047019,173.62241800440748
65.2575524215712,172.31713918362067
68.47353107333397,166.5903408147164
61.79060369528345,167.8216180634008
62.76989609302382,172.93022556850605
63.78563074911618,169.96022502267783
62.27704251999641,172.32387026341752
60.13076444933231,171.02578138535208
65.20821458257063,171.19624043375086
65.05201150912708,171.9036731142131
65.42605192367245,173.17505906770373
68.7653036932283,173.5133150209238
70.98615883143879,171.25589253394176
62.160899857262436,174.24059626109064
63.896070329855995,172.52179873277979
62.62029998288919,169.15008812391483
64.20202490644678,171.4781158937407
58.49073235951424,177.011990318565
61.589239350670695,168.23823667604802
64.60327458749654,173.0076560052612
63.06321695543167,172.79344290649505
63.29855227032212,171.66924326619403
66.66664685250444,176.8334806023615
65.19410195324832,175.55112699304945
67.01483483147503,170.84714616862365
61.92300904268318,167.38147816274508
68.79030759413529,174.1410625539098
65.02061825630034,176.5640437821009
62.441254372042984,174.85007503461802
65.97814775828151,166.19810049139863
66.45305598974943,170.43350715217736
60.123841202197056,173.92142468396779
62.27835894080241,170.20049652501748
60.98967990873612,171.87966775784275
68.11677165697705,177.11849700454582
64.02455560420717,176.6372364632654
66.24023937866397,166.58792958286986
62.74881793682703,170.32290295792166
64.73836498585548,172.93962279750178
58.15415179519748,174.85338341158146
62.70056720252998,174.51381114684833
66.14408183002843,175.89288478193168
65.16083171899551,172.91881228992597
65.20636773800825,172.60113487186177
65.31497084202753,174.0060552509663
65.1857459694069,172.888896170023
60.52113772272859,166.91300179811077
62.644573308612394,171.5783611472703
61.28312544366021,172.66036411445813
66.55940935614225,174.05543421983646
60.82952553924027,172.57776380935994
64.01048636537868,171.46959568482808
65.45375190809082,175.02172079417255
60.87562705258263,170.12796871627614
64.07071708375112,172.73293950315121
63.35570555597088,169.26257873149902
64.63162007966483,172.25536508113547
62.433520222575424,170.55996028103803
68.57735549292477,169.93244093961016
65.4199296453424,163.47660316091205
64.62427075808421,171.93486194805874
59.330059217018174,172.80232443694888
60.71541518292723,171.44595925402356
63.31523511075925,173.2338505624521
62.23310327074453,171.42727061497214
64.37980417785822,168.5999742157897
57.563106657616544,167.43015380371037
71.16349792365827,174.4401165417211
63.260269191058626,168.97786137534794
64.79885450458477,170.99931104373331
62.48117719024309,176.98764236198392
60.54356198429394,173.43288811906507
66.61014700411206,167.56078118614266
62.87864755030938,175.54128307578688
68.01462235079909,168.8865327267712
66.02229255253877,174.36987473153567
67.6105608651157,172.31804262795413
65.82995363383034,171.10904554820127
60.42111392397282,166.73592496313225
61.92897024947196,175.37973219845293
65.32791949440458,172.93332779405472
60.62692887663862,176.54163996411177
67.0171597458621,169.41058045506588
64.98669479288243,173.45629342768564
71.11108769949857,168.53731563203792
61.18838569947946,168.2728316243244
65.08981265877587,172.13937936281098
62.42004649685465,172.10604930726748
62.606807214378414,173.0958452795584
62.104981217642255,170.71239697496904
61.46794107760236,172.33739056445867
66.81414290836109,172.12194944592312
59.72667869280409,171.1053547911577
64.54059873817151,170.55993032224416
61.38919830609016,172.85855696028725
58.35886165125806,168.71070739394918
65.34877571888066,176.2145142396757
68.11719735859892,172.7016950775494
58.893118938048794,173.93581806767284
61.79423461498922,173.66993417555
64.10580359124248,172.25952475857102
67.83640670500895,168.35657932603155
62.45738778281496,173.21208405819732
61.977486318654236,178.136452134005
61.9395686948677,175.95322353107437
65.44727928970818,170.4439748817909
60.80445862544886,175.7742717514685
62.425525138599724,170.46582856090401
66.49041755047209,165.57405617343827
65.37544227348897,167.56034164187557
61.18084894085195,174.52300818190008
58.1972737651324,167.52457609314646
70.78781556957071,167.4355496052907
61.56113781469086,167.2551930708253
62.288130349491645,173.57144882322925
65.18927584892555,171.35261020637773
63.34907686019749,175.0991984029352
60.356761403851344,168.05066620471553
64.57397931570452,169.43109161854088
62.324108501211725,166.55305007023887
57.11395851926195,177.5085439367205
65.73322653642396,169.6283828611426
65.21895507404197,174.4333577551284
58.568286108725076,170.9584925935744
59.319057690891896,171.5595729119442
66.79664830906289,170.9309112197741
60.634272441996494,173.51768872829325
65.60202221603605,175.2454511441951
63.699196355372955,171.48438560505016
60.81126385218546,166.72503332935702
68.99589831289316,174.91081287708118
60.29929834528027,172.11392864411314
62.02667994352342,171.14168542165538
57.72324125164286,171.9524957896742
65.11160760087843,171.37506147250565
64.58164641554805,170.0572585548345
63.295450223869494,174.69199222742998
60.279549368689445,170.46117038890154
61.09802512625958,170.75231166666327
65.95981068546222,171.7893568173962
62.36433186721164,170.45781116174956
64.52047602479453,172.72546817832537
67.78081550385636,172.26802109261004
65.06653577280554,170.230408206916
68.98202871079255,171.43791930146062
67.78752104238305,175.3670859439501
66.1405778321347,169.88736592973666
67.86241001862231,171.1937943090164
61.38684807208439,174.2693585563713
61.158306869286186,169.3411668210306
62.31430664225638,172.90086957725867
63.3272141309105,166.7738829046453
63.58626492115716,174.0829670453419
69.23374488399612,173.02742248237172
59.5554260859548,175.2974415683793
62.291785279205904,175.7392679852851
61.573898673148214,173.2251505509206
62.74646725037321,171.49782234404063
69.76562976599563,174.26893178301157
69.23554934556361,171.28858701179593
62.88649103603658,173.35416852274844
56.26633247754137,173.57468353517714
59.16449539155249,168.50662523862948
66.8351666817965,176.92467497522503
67.27985486855938,173.35135502921207
66.68096892841484,171.7997505238355
65.07522782816486,175.18205389702314
63.44404116787215,170.9529867472979
63.462338955265686,176.75999689420752
61.20327804630732,170.43937452899124
65.82503306479708,166.73356063482237
68.48846634381866,172.5587407944487
67.85214324181037,165.18784993831773
63.823488764647664,176.23951063608112
61.09933622665948,169.55529972111154
61.6079142547074,165.50668006450394
61.725152147359466,175.2626844644828
71.61799397455393,178.53167652849658
66.47456776919671,173.5740466607919
62.145091389463175,174.25238179402118
67.05468374308965,174.53726143152437
61.044471237123055,168.88681105151443
67.09782912099514,171.41048805323453
60.77477153335576,169.37248881721578
57.50528281449409,174.2861758525708
61.179304427254095,176.11878971911958
63.394295529227776,177.8638610411146
66.95389613761405,171.0844169417294
65.89011138142969,169.94283479621978
64.13381806459253,171.8254614079224
67.5562867450076,172.13210823872544
62.68934763816581,166.5749526528207
59.130670469789415,175.09260150881144
68.16424585839411,170.76035149255
63.14903643665933,171.6844523131343
65.1058105725702,174.0729191239205
61.5846355771376,174.46773809429035
61.885830324956764,175.22559415703432
64.4222806437276,172.8190900470916
60.4807046787173,173.2613248471232
65.66254548262616,176.1323964546408
65.84429235246382,174.35025725127318
63.0599935862768,172.58531802352718
66.95663365935145,173.87728939219477
67.55464331590237,170.01706467158763
61.19899236888694,168.934221456874
62.45677195763488,168.716444417435
62.38825358001199,169.24998627288255
63.11631209235722,171.08087046821333
64.97255825479282,172.20183144743697
63.750473849246774,172.09383244885163
73.36340863212624,172.98001971240856
60.65373920803038,175.09119395147025
63.9243548930341,173.29284426527596
66.28216720262398,170.62469063681937
65.75731921035702,171.73229625514375
66.53599935720253,172.12718167647066
58.00227871891152,167.97869041351674
67.3008802048529,173.0101949586405
65.61681790597481,176.65780806359092
60.752563435891844,173.934350935589
67.97164455251617,176.91928762517318
69.4912079374959,167.98387725644344
68.32699664580676,171.8692673316477
61.608097490181976,171.49826707836326
66.08900350565047,174.78556756982573
60.55297636111344,172.93666168298057
64.02861953778918,170.81721715414153
63.54553609139934,176.8190917443184
61.0468141257005,175.0489941721126
63.79068842198888,166.56128319557723
72.11713734897674,178.0158039659035
60.96579400495551,172.95799739490016
66.75996200188837,173.26705646728763
62.74049197862471,174.00147915077517
60.569583064356365,174.41434923163112
68.44288156427238,169.3858997552741
68.8976407103475,170.51784914177534
64.89174240007564,172.4450790177344
66.35972022609242,170.23007542784114
64.03556258405851,175.53535010452032
59.53452618809672,174.29924957035897
59.35014355927033,175.9414825439884
64.46295031542415,171.56166952919875
70.54944146954594,168.6943351212153
68.02842278479864,174.4511888923323
62.511758664808134,172.89009105726336
60.5984565773713,166.12934687100994
63.64461460624217,167.76087729763125
64.05387293989098,169.6404525251434
64.47879012100407,172.23741951159786
67.63656016760017,173.91328781979706
64.17979139957711,173.31093416083345
60.420457007806256,171.15973185323483
67.82533506773761,169.11655114506587
62.99339329957307,170.54911414904993
60.735596401488124,171.07571356821245
59.057142410500035,174.10339045983477
65.68481662834581,169.72620641948535
64.37039621149698,174.07759685014506
62.93033485816657,177.35944791016942
63.75576883899174,169.5905316807271
66.9709764867431,170.28708083135984
67.5123409705351,174.4223627894604
62.664558723788986,167.7449633584507
61.2927751551379,169.37697539847545
68.79547389310419,171.63225381879215
65.11206860594368,175.0309721321553
67.10433046860125,174.24870461830469
60.257067693821654,173.10264353082889
68.77260002197052,172.43743214070872
63.196742503495635,170.11635775914033
61.805179658992955,170.69948210972984
54.95495067634651,170.86456736399498
61.520828568698064,173.41732478567118
64.20788979955479,172.45198593629254
67.95543499918814,170.92423438434386
64.01074863519183,174.00681407428542
67.79877349122019,168.00101189036576
63.28721031102919,176.68285400027818
68.27856030943336,170.82289272325616
60.58373683308044,169.2171166242914
66.04188918816233,169.21817955569185
65.13770890047769,168.75694477423556
65.55700976404667,170.93755631580262
61.584029000479205,171.41333169698052
63.68439796775632,170.49662725699727
59.7629923678651,167.86366538842123
60.947493086556115,169.24171626797053
65.23342955065525,170.9015972668373
60.982535960323546,167.9664556335242
62.7580611215376,172.52826457898541
63.741755684645966,174.18403298955664
63.73954542699922,173.70168035557816
66.45367680332066,169.6987821356917
60.732955520297686,172.68673844538344
59.25298282430639,178.73539178779095
63.54306782539425,175.01116952260003
63.380282561897566,178.4536963090833
62.54032092569782,174.61932649520662
73.89804295689275,173.27370091781322
62.93091068503793,175.6003276954746
66.72650876012433,172.22032105980668
61.553868734043036,171.39409970033253
61.667730166310655,172.08165750196846
61.50601754761996,172.902830124402
58.823702778284286,170.96180041376957
67.5495317815315,169.27678808430167
69.09863521193513,169.09982851518055
56.0092096266867,171.89945093652352
64.6209429335676,171.52061510764062
62.697686142224505,175.52300909647073
61.657237071308785,175.42139910336095
63.247103710899744,165.51773977123187
67.02540799267565,174.00460363306615
67.44152097970982,174.6703844849064
62.91597838152367,173.0873227726963
60.581394533391986,172.0727544812056
62.27289995461923,171.60938460307108
64.46595274939767,171.52065354263462
66.54173837145386,174.72952131198159
65.4027352368783,175.1996904471233
70.09714433554419,171.1952717361725
64.40418976669046,168.92107690942274
64.195982291582,171.31459358384137
63.98149150918424,174.2056724992177
59.13758270826746,168.7969439810072
67.80266833324265,176.7315289610844
63.261545121344675,175.0446784804876
65.81616892727229,172.201683489166
62.365282747974256,169.61569755050022
62.872583640034826,177.880694874624
63.8221503646436,169.09862277682996
61.729472236421486,165.27188722055038
25.002062875228557,-42.34192635305783
28.277829038287344,-39.900480376817036
28.426529003331723,-45.59481429673758
43.33520763015026,-45.06940756953791
25.698342331518322,-48.67033661417814
34.39578049820842,-54.878406931787914
36.41936641089685,-40.233962953629536
36.74422115658683,-42.93135845034959
32.22652440445988,-51.40624830680086
39.892785147343545,-52.19154031470861
30.04186171185615,-49.48073419088283
29.833192613962538,-39.37339135591934
20.083322595151483,-40.214408962006544
25.291322095963984,-41.73377847889904
27.513208475515153,-42.888084856182545
35.227889126952725,-40.25969942748659
24.503835899968404,-46.16660790025404
20.652270841328324,-45.396994235435905
34.78218448317997,-31.490643170654735
20.997077879192425,-47.06351938106967
33.346962305200584,-45.934711672504534
36.37834808460962,-51.2835936353797
39.090397045573496,-34.417915445170514
29.178977495687164,-43.24826371413813
37.661910587455246,-51.11346452154241
19.67818031276136,-44.846420685083814
28.074127670010043,-48.74280458398748
34.385526131656654,-35.47442507821991
38.03241739803984,-39.40791754602547
37.56726737647626,-38.40680352991617
32.65413107131734,-45.226760386564195
24.997312913377556,-42.808582599726854
34.7402610902791,-32.07821888725337
29.962968771889344,-40.67592875540199
31.184152422050552,-39.50996054668493
29.031924533069397,-38.01073564461485
39.176331102992144,-38.21080368579229
30.70349561672684,-49.90099860022115
32.50222240486619,-41.18470593816844
28.31967109798127,-43.86165832605846
33.792948697000796,-43.72660712229403
34.93211823015061,-34.79258928609076
27.49775467164324,-36.93435621896836
30.96320154990357,-34.95621142881739
25.313721457514845,-47.766823434450316
22.598871310268105,-43.21151152015816
34.02196422617491,-47.04095403679415
40.422903219718975,-48.85864049738608
32.22940464562805,-47.96913226303011
22.76450559703501,-39.57233780760318
33.822607994332586,-43.92820663334529
37.55025518263087,-42.3653127477705
28.160599832658924,-38.30612391370946
29.92305640739161,-44.31586881329206
29.377103596060675,-39.132688783785945
39.3330044509271,-36.245305804351055
29.883019990188522,-47.99576921766936
33.224735781070436,-37.79876790214981
28.0621198214048,-35.880657525871825
35.95571608470708,-43.20572477005619
35.63345050249918,-35.447551358633255
30.391176504361678,-43.41113539954468
48.329523084840694,-42.23879058839988
35.82544828560034,-42.72091606829229
31.700932720753176,-39.661995401562635
34.37518108648507,-51.52384668801816
28.670829029662144,-39.88586905410596
23.864866574757066,-46.00190849111918
28.128322421266702,-39.18374191854377
30.453386662860975,-45.019419207617986
31.888568889663034,-46.76552630091334
30.865661696233722,-48.61578300223678
27.947708905187937,-41.263356942605284
37.711456646787475,-42.4522797688369
30.518238077301337,-48.63148133938547
40.80281023880109,-40.04643473840844
26.615623722563512,-37.02256623943158
33.965045184576454,-44.98023427737169
27.499554722070744,-39.56144963459058
26.13530871157028,-50.90172929777401
31.726155817725008,-48.709137487254765
30.59768402269281,-33.01346004469829
32.79311606128544,-47.77591181144858
28.3771752488633,-42.90496628150033
40.289195227334375,-48.25138796631463
41.28765218800312,-39.72888968626287
30.73355330849003,-42.04239452397331
31.315627656029562,-39.25306144548908
22.290777501075617,-42.58129896250778
26.133093108445195,-52.64902577307999
27.914115217949448,-36.5784016896762
28.502007971247323,-34.18504872825436
33.97689837032716,-32.180450484099566
34.098874851419254,-48.53730370564423
41.60319553680421,-32.129074714578074
32.29026887963523,-48.521213090488985
25.79472782903742,-30.67146945915703
27.601742130122542,-37.425373539638
33.52091182884016,-42.69431273205082
29.714385461107657,-36.29651101760059
32.70715594655309,-36.20282225677525
34.49087497252437,-43.86702668194333
36.727759349687915,-33.190729317728696
39.566894281550006,-43.11242711892853
39.57947346642186,-45.921260745599504
37.670925783095,-43.07406999087537
33.21337241516383,-41.860776430609285
39.040338019078575,-37.73319910744143
21.903335990544306,-43.08154533046799
27.427075727382835,-44.446267349222275
35.787083054465285,-36.087156412159295
23.345677828458726,-32.481661396117275
31.361632057282236,-28.404614936599742
32.07828677463768,-45.6039489928694
36.61520087299373,-41.401221492898664
32.55612583189981,-39.192224029925455
37.66730607881839,-51.14200383128089
36.372501544959995,-46.561670780976534
34.55040820036083,-33.77650473676093
37.480653751650514,-39.924323934450875
31.360965838867827,-42.65376510935573
31.508879312633145,-40.43721747176434
25.342352787540236,-47.71574297362798
28.487843869442354,-35.77591231429527
33.94996970554244,-54.50297749793185
27.473167280665635,-46.19663631508727
40.681566697453505,-48.01886886294689
29.357023226755572,-39.3787574625605
29.31165826459753,-41.6969510209827
35.12718710576817,-39.431058813304226
35.64998780733441,-41.824841779707626
27.32606198466201,-46.700552488905004
33.8052546501252,-31.76712360701007
27.04877789418434,-53.9370487290578
32.46914062942106,-49.53206149923734
33.942424154904366,-50.98474677304029
32.36375146188761,-37.763834722412604
25.291171722207327,-39.21228818661451
38.875518632639064,-39.184844041081554
34.21362477464112,-38.52022489873806
26.32336145702063,-32.54001693435067
24.479770594896408,-40.43142197928014
29.853392509968224,-34.42432523685369
30.21427715057948,-42.09480734638937
25.736138821201383,-28.472930393591625
36.45856795938806,-52.243321121993624
34.74716058028258,-39.91823197712872
18.41647764741812,-48.789337873836054
35.52504081779604,-46.976179200398946
28.848535084456596,-50.761406090364495
34.061071732977695,-44.9180591903687
34.192775610470704,-39.28744336797174
29.995167040986743,-45.10495268516485
33.915122369585205,-41.073363344851785
28.819766321173063,-30.228474510258735
29.697740162353213,-42.25875666590705
31.045451245868925,-46.04680687081262
28.324780798561395,-37.487460221898566
25.454833023883566,-29.553788202341806
29.554507768921102,-49.199023988807575
31.796957435834194,-37.42122776292037
23.916062964975886,-41.77405081791118
33.905020279247395,-31.16288615738555
33.28345310023255,-32.70924247479364
26.063119140058948,-37.79853163776783
39.339812595045466,-48.417286113660516
41.06705175376317,-40.38882237754098
34.20858907693145,-48.70776078972793
26.569842521513472,-41.023138625185865
43.76775356854452,-37.17309249835477
26.866916689686775,-47.19559237626147
28.326202423119952,-31.75098262648899
35.95866745822279,-45.075431584205425
32.20727764940083,-43.70403291294642
31.041342570295573,-52.35228624462526
35.538982049106934,-45.49692848497878
24.08418683407888,-42.1121730274464
31.052563107727337,-44.83457133085614
30.77527383565583,-43.52254735421795
28.75779490859256,-47.14315653874761
39.0823916944071,-36.39555295388839
38.867777322642105,-37.96776077058145
22.285540297182024,-48.81176926214927
38.77483482426847,-43.69099815144014
25.325180561608885,-39.476840488242885
39.739778313073245,-48.69512297200842
28.76585838275154,-48.207209594584256
38.05621073245112,-39.34638077687947
35.14263877431937,-44.68439522106237
33.18392628769051,-35.48825709566802
41.821525662806486,-40.10954649867174
31.805549386528842,-35.26796090089951
27.29684992435475,-45.72097753598554
29.009071458753766,-40.26037175793207
30.33739048310857,-43.82566673715219
42.534967746282305,-38.968038841145365
31.35138000038184,-42.793458543468475
39.13649366247202,-37.27756830643475
28.794729640029026,-45.90912547622766
24.25000988494699,-33.39498333913549
30.199585693982662,-38.35590198342274
32.18384074247464,-45.23784127959946
36.19055777861963,-32.35944409527545
37.27035735022692,-37.64617017623816
33.37415120310064,-43.25156262950907
33.35528905851767,-47.22702309083436
34.20601805566831,-44.753119386039735
24.64166409729613,-41.20884935573981
37.22877420204581,-43.75799960092679
32.130980387521866,-46.38417562303541
28.83149790359461,-51.64249573671508
35.16225319900093,-47.79521234861924
23.136510599277322,-41.4675077405071
28.386763360574335,-40.29786234681368
30.29971233025156,-39.06541901043478
29.013957156493536,-40.139775129170694
33.1297175084513,-37.58431483710891
29.55876569178262,-44.26968891340708
27.93085856305906,-46.386968932157714
31.77185114645867,-43.99595628167736
29.699530314589094,-40.498146636706956
20.82955244964204,-39.68821052155293
36.76176137690416,-40.55667046973367
29.980527395032208,-44.324134195132096
27.790706483569323,-41.51708645366639
26.380721870983706,-43.31602227843328
31.693469638997442,-45.79248829412067
26.56355918451929,-32.54532876979768
26.310104804787265,-36.692311411873774
36.43278532944645,-34.14744767876011
25.660722055800292,-47.216036321457935
32.056734298697755,-39.347823095612576
32.51209263545519,-32.59028700141501
28.64479834264821,-38.94242730872664
37.69085535135274,-39.93426466914573
38.81404261215697,-44.26820328280395
30.049245076451157,-43.19782967484775
32.21900833405367,-51.04116658087932
31.25743241067846,-48.44805991521439
44.04572405209542,-37.253679688642976
35.848991712002764,-44.69546313939649
30.784058637935775,-41.02143037514936
31.4424055579846,-56.52113052792923
29.455803257964185,-33.11658000827396
33.096038546299006,-44.47635030465056
31.824306078947796,-46.57793814481797
31.7916794165007,-47.57905534180549
20.53728670178294,-42.206472555665314
39.59489150559288,-52.457091482375795
31.95113729823229,-42.98573637957289
23.910049063658704,-50.542215789327685
36.62062025001696,-42.15607048994399
31.415925419188852,-51.90465902283735
21.576553764699803,-47.645468720645724
30.880554425521005,-52.51276587026723
45.323667393874146,-52.46594549840845
26.92721039118885,-50.513181682349334
25.565932367927015,-38.61468073320861
37.911735586627714,-32.629566411562294
24.809336552632086,-43.45466656545551
31.720928986850385,-47.2775319479362
32.706343609234146,-39.65770280792017
29.85020714563668,-29.99808012716671
21.218912942859117,-43.41577574398913
35.74715837092818,-42.63323567580645
39.585073878979316,-39.06800142697547
30.200369570181582,-41.626943870703705
39.955301461452315,-44.30568184479091
35.330554173109256,-35.6486894068021
39.543430643096265,-44.581650956996484
26.85938462745598,-46.94646579772755
36.88680002100061,-38.420333883723146
30.179892863232862,-32.09877212165682
30.810098280016778,-41.96799261249051
28.626784295995193,-42.204390887260246
31.14338291822904,-46.29361358408361
25.983477862218628,-35.70960593997485
38.586707058112694,-36.823340972856045
39.27715998732111,-38.894638392826835
29.70973338710633,-45.49553442479185
25.062107365772725,-32.1176401901836
28.80951900447785,-39.99639972029509
31.56184550724228,-47.083659332825064
40.82080334963846,-41.891616572512206
38.006391394703535,-50.72359045273055
36.25601493879311,-45.36899231938132
30.665323620082894,-49.43173193575445
35.329079181423566,-53.990875973916594
34.03662415876139,-41.74101325011091
18.992568760427933,-33.02823974322588
36.36500166070253,-44.863829321587
33.22941339181313,-41.83745246775388
32.86056741950859,-44.68696180634676
24.61373911414453,-43.826853997234196
43.30224092926568,-43.47291419250409
34.29221643062394,-40.51932843200971
37.39575555291379,-44.68569081075909
39.8900083619099,-37.28196675407245
36.01834398351401,-40.07979371076743
26.810726507647068,-36.076874232438705
23.092373412644918,-44.017020692383035
42.95879948670734,-49.808743078930696
32.97021019729056,-42.090433574976345
40.2717729984655,-42.64130337355644
36.26052010711521,-43.127654542662704
41.68700463405327,-41.084629092371586
29.848843919293014,-47.16676486053525
36.03604048054542,-46.50616809152306
28.240592434751733,-45.32060438330233
35.60848259634833,-41.070813781225496
40.52695023214039,-45.95307043696053
28.152571043490266,-32.79833741656111
39.14711189384444,-35.3207701771679
35.233181957742225,-40.82862248826696
31.88133323456587,-41.47583797964565
27.601687111145274,-34.415177418831355
34.01253744721114,-32.00121100067496
23.618100570738058,-41.87010655146713
34.73714268096389,-40.88141426773459
25.488240947591578,-42.31346350881286
32.850937488832834,-44.52732214816291
29.32178251087848,-40.32588819611139
26.209853202731743,-43.12081890847562
35.17372492608715,-38.70549990548567
29.580066359480938,-36.87399730888888
39.92899486346944,-33.68065984523858
34.963896810427705,-38.35615277328803
30.04592524344817,-33.986676006757094
29.355238205128558,-41.87807742269191
38.889260977041836,-44.576610935987624
28.898248000827632,-40.70903087481014
26.47499368016421,-40.63578308050544
33.07469175367642,-39.54881350516541
36.97634415006204,-36.992535981594074
20.914821103608546,-42.18265850735031
25.629631143090243,-34.86192969742876
29.649811348159698,-42.7929819050825
29.505474734278597,-37.406519520233424
39.87193144203643,-43.55495674651718
39.339779385337174,-44.069307851353415
29.145505476842384,-34.01451846699044
26.35248556040475,-45.09258060248929
34.18262662864929,-52.006544980157564
29.483551215366443,-49.868229098005855
36.14136797037212,-40.048175525145034
28.382730293555166,-50.75241518401296
31.833124325966207,-46.791845446655714
39.38361813958951,-50.257420405720765
30.980626935891124,-47.28825234616775
22.060164170342276,-33.589508798652616
30.241285662161502,-46.804739119737334
29.600611782664128,-40.305098151003705
40.89589098426877,-36.55499411709813
29.552766094171062,-50.70665870405901
38.933947426777955,-51.61199311773561
36.10120855889506,-35.08262173080295
31.03969732542906,-45.7246630739682
37.90943153326572,-42.668721951584054
37.0136334154951,-43.64113820385458
36.767885843555305,-38.882170029286684
28.65223575522488,-37.19503333587671
28.566341994936973,-48.810461625962844
32.78707928817061,-45.271685187313906
36.15292785461093,-38.00714153882465
34.58442057571045,-40.75181849537873
40.62681328734374,-37.650668053628706
30.125229987129337,-47.2094443415736
38.44587300648267,-54.253098970816104
40.635521465418606,-44.81656368983269
29.23641079490711,-46.986880341911004
32.779411279947084,-37.63155974605376
