x,y
15.0,58.74875057132454
15.07007007007007,28.661584782269756
15.14014014014014,11.542961770171502
15.21021021021021,50.745959592215485
15.28028028028028,30.69424523564557
15.35035035035035,45.80529959315797
15.42042042042042,31.404261443877107
15.49049049049049,26.654978612488165
15.56056056056056,43.033528077332136
15.63063063063063,67.58592701736873
15.7007007007007,9.632523574300116
15.77077077077077,13.74180497047427
15.84084084084084,21.383283876797417
15.91091091091091,44.87492881633764
15.98098098098098,47.8464220423433
16.05105105105105,51.55411131245005
16.12112112112112,56.484265497886796
16.19119119119119,50.804966290914635
16.26126126126126,-2.018498311695396
16.33133133133133,40.43541719861552
16.4014014014014,42.911066936707655
16.47147147147147,18.480018263162936
16.54154154154154,20.72944296145042
16.61161161161161,36.40220466528255
16.68168168168168,65.90336930909012
16.75175175175175,33.90123462780345
16.82182182182182,-4.284991031262933
16.89189189189189,27.50435827372189
16.96196196196196,25.273856351199576
17.03203203203203,28.574089857815295
17.1021021021021,29.471592327983544
17.17217217217217,52.45721593316205
17.24224224224224,41.22236919475077
17.31231231231231,41.73648411257388
17.38238238238238,32.28807960366019
17.45245245245245,49.68364587673969
17.52252252252252,22.308753053580386
17.59259259259259,28.42835979390224
17.66266266266266,49.432125422303976
17.73273273273273,51.95741154424091
17.802802802802802,22.176867050091715
17.872872872872872,68.69232564944882
17.942942942942942,64.20315984726022
18.013013013013012,-0.996216070076045
18.083083083083082,51.61533420289205
18.153153153153152,53.20998678617427
18.223223223223222,17.183794198386522
18.293293293293292,49.79512788443046
18.363363363363362,46.63750915515296
18.433433433433432,32.92523231516198
18.503503503503502,51.27325179601506
18.573573573573572,14.664027813462727
18.643643643643642,-11.445464941735267
18.713713713713712,33.695028654399366
18.783783783783782,30.538673885458337
18.853853853853852,44.43603990844897
18.923923923923923,24.48605629909015
18.993993993993996,11.802592340671517
19.064064064064063,40.367584576446674
19.134134134134136,29.582718254593644
19.204204204204203,14.056058767231612
19.274274274274276,53.601526153669056
19.344344344344343,50.76388110294991
19.414414414414416,63.461064437443426
19.484484484484483,31.538097632967762
19.554554554554556,41.386970193475165
19.624624624624623,40.72733037318203
19.694694694694697,22.46367732809717
19.764764764764763,51.90618076278277
19.834834834834837,62.667748944767055
19.904904904904903,43.59855703221085
19.974974974974977,38.64166533016192
20.045045045045043,31.57710313489688
20.115115115115117,58.322288201732846
20.185185185185183,48.0882362952903
20.255255255255257,64.50735391953243
20.325325325325323,46.426664255926596
20.395395395395397,24.601488553883485
20.465465465465464,53.50416209935605
20.535535535535537,25.048713926554395
20.605605605605604,30.802350397815854
20.675675675675677,29.913408963005214
20.745745745745747,49.945241366857005
20.815815815815817,62.93948970610713
20.885885885885887,79.22973872712615
20.955955955955957,54.18715400152652
21.026026026026027,17.711248945967757
21.096096096096097,59.55065546231152
21.166166166166168,57.14034416666645
21.236236236236238,72.99004264238351
21.306306306306308,15.331915697343845
21.376376376376378,50.186909412226456
21.446446446446448,6.077001105315745
21.516516516516518,33.384637027097675
21.586586586586588,64.22679722171205
21.656656656656658,43.19474280136447
21.726726726726728,56.6129748137422
21.796796796796798,66.33545890761698
21.866866866866868,16.70303706362433
21.936936936936938,47.14159284179015
22.007007007007008,62.21616548799109
22.077077077077078,58.23084956717178
22.147147147147148,39.94524623363928
22.217217217217218,58.777647497089596
22.28728728728729,55.496029315383076
22.35735735735736,43.38010029480221
22.42742742742743,30.521951830134118
22.4974974974975,25.673540348183632
22.56756756756757,44.678510096309445
22.63763763763764,22.64676397387447
22.70770770770771,43.75392698446181
22.77777777777778,50.27348300743164
22.84784784784785,31.649201718637595
22.91791791791792,56.2126054123694
22.98798798798799,34.62219767041389
23.05805805805806,41.427399738222775
23.12812812812813,64.31179065704107
23.1981981981982,61.243269681756004
23.26826826826827,50.39344171111941
23.33833833833834,39.60184413370607
23.40840840840841,29.111767090743484
23.47847847847848,69.30496985955574
23.54854854854855,44.67567608365316
23.61861861861862,35.94588753738468
23.68868868868869,49.19484774418668
23.75875875875876,61.4731293705946
23.82882882882883,44.18593809786792
23.8988988988989,68.23013192600666
23.96896896896897,61.014583646899574
24.03903903903904,44.66988525696145
24.10910910910911,38.07051244024176
24.17917917917918,40.517852210275294
24.24924924924925,35.43354963498716
24.31931931931932,12.91008127818074
24.38938938938939,58.226385890942275
24.45945945945946,56.07379705079675
24.52952952952953,65.94152444699344
24.5995995995996,72.17934406029403
24.66966966966967,41.13178015986961
24.73973973973974,95.20943947737032
24.80980980980981,44.90247274774637
24.87987987987988,82.7480980022214
24.94994994994995,58.07343718989719
25.02002002002002,50.6351867063853
25.09009009009009,44.07883518250738
25.16016016016016,73.37185275625458
25.23023023023023,35.27695030520928
25.3003003003003,36.59365271392003
25.37037037037037,67.45340122445269
25.44044044044044,81.1010167828874
25.51051051051051,79.88187557181007
25.58058058058058,67.9915167083173
25.65065065065065,14.08881351669558
25.72072072072072,52.847414630923865
25.79079079079079,57.10153825077625
25.86086086086086,79.49384413274686
25.93093093093093,60.6463304618522
26.001001001001,58.56140612373468
26.07107107107107,83.29192526358688
26.14114114114114,108.32275852515804
26.21121121121121,62.44624387766728
26.28128128128128,55.543618274114365
26.351351351351354,66.58056392533416
26.42142142142142,54.46776585947744
26.491491491491495,79.6717001636001
26.56156156156156,60.49629632342665
26.631631631631635,24.43077739797564
26.7017017017017,58.98711531001599
26.771771771771775,80.4639464139263
26.84184184184184,57.02604401249341
26.911911911911915,59.03618000807031
26.98198198198198,69.46381679372716
27.052052052052055,80.77226702616755
27.12212212212212,53.13413808715312
27.192192192192195,56.521176139668384
27.26226226226226,69.17963823453613
27.332332332332335,72.62207358603915
27.4024024024024,95.05569096377013
27.472472472472475,27.195167492841023
27.54254254254254,23.939622701160708
27.612612612612615,51.28885863011034
27.68268268268268,41.65004085343439
27.752752752752755,62.95222462980033
27.822822822822822,72.5053803713684
27.892892892892895,48.79276562025542
27.962962962962962,107.1989217692421
28.033033033033036,88.49925501476517
28.103103103103102,61.0470593576209
28.173173173173176,64.4428364347476
28.243243243243242,28.199705758793783
28.313313313313316,71.72139270966672
28.383383383383382,98.20053544094893
28.453453453453456,72.12733033371306
28.523523523523522,59.37526889316603
28.593593593593596,52.739587038158255
28.663663663663662,55.773754870350075
28.733733733733736,56.16007732387245
28.803803803803802,96.08873156314482
28.873873873873876,103.34656343734977
28.943943943943943,69.4042128112799
29.014014014014016,75.45243964843202
29.084084084084083,69.7617938373659
29.154154154154156,65.06353696530913
29.224224224224223,48.55792483399619
29.294294294294296,42.88068880796109
29.364364364364363,56.38453863214055
29.434434434434436,76.0041687556529
29.504504504504503,70.70423556628819
29.574574574574577,87.54695893056366
29.644644644644643,19.28078700817324
29.714714714714717,80.24539247891978
29.784784784784783,42.49396743696762
29.854854854854857,107.29872499672044
29.924924924924923,26.316176346581948
29.994994994994997,79.48836232350632
30.065065065065063,76.77515493727186
30.135135135135137,78.6074218991489
30.205205205205203,68.75959478804882
30.275275275275277,48.005638785197206
30.345345345345343,78.62923272640111
30.415415415415417,36.652380353020234
30.485485485485484,44.92906112060243
30.555555555555557,43.183449585868736
30.625625625625624,68.31307385309346
30.695695695695697,83.1518138228956
30.765765765765767,79.0874224148385
30.835835835835837,33.65386404577289
30.905905905905907,46.97716484783688
30.975975975975977,98.06593358580605
31.046046046046047,56.89498510416201
31.116116116116117,61.34387513356564
31.186186186186188,55.22639692443157
31.256256256256258,80.66656391346197
31.326326326326328,49.92001418782685
31.396396396396398,97.35955093189924
31.466466466466468,38.91463239726752
31.536536536536538,38.9344724931478
31.606606606606608,80.83438384821274
31.676676676676678,89.99141058940113
31.746746746746748,63.33155959460514
31.816816816816818,87.91245139325547
31.886886886886888,42.31924181063355
31.956956956956958,74.46668771923348
32.02702702702703,97.09004791539496
32.0970970970971,66.68227980065146
32.167167167167165,107.18366999918422
32.23723723723724,73.68999110067952
32.30730730730731,85.28314386292358
32.37737737737738,81.9059704989177
32.447447447447445,78.89751330490196
32.51751751751752,83.97840548876756
32.58758758758759,108.53465573510844
32.65765765765766,14.369537212762282
32.727727727727725,66.86997933025987
32.7977977977978,84.51014777585029
32.86786786786787,55.25255934810528
32.93793793793794,99.43345709768082
33.008008008008005,92.14476305543454
33.07807807807808,80.95245912239295
33.14814814814815,50.55039639717242
33.21821821821822,107.46238812904252
33.288288288288285,96.04407963863497
33.35835835835836,57.022441495540306
33.42842842842843,80.64770836607912
33.4984984984985,51.67299469536921
33.568568568568566,73.77794534876296
33.63863863863864,99.72289029867595
33.70870870870871,76.36826895595543
33.77877877877878,103.19798964033085
33.848848848848846,99.31782564668033
33.91891891891892,70.16264856955112
33.98898898898899,87.64151877274958
34.05905905905906,77.35369856289631
34.129129129129126,90.80015176728385
34.1991991991992,89.50637374948703
34.26926926926927,115.17786610365911
34.33933933933934,55.15385011652743
34.409409409409406,89.11371385241746
34.47947947947948,77.59276610243235
34.54954954954955,64.02068720736695
34.61961961961962,86.54058525976434
34.689689689689686,70.84418383886089
34.75975975975976,61.24747652876384
34.82982982982983,81.21344790113095
34.8998998998999,89.4182430209457
34.969969969969966,68.3121362691996
35.04004004004004,83.16808234862695
35.110110110110114,106.18403484736308
35.18018018018018,82.03218797544321
35.25025025025025,77.02671056544358
35.32032032032032,87.64112798635261
35.390390390390394,65.6111824725925
35.46046046046046,81.45636984482574
35.53053053053053,80.06829784636862
35.6006006006006,76.22719297223553
35.670670670670674,80.76557882531857
35.74074074074074,79.45301789931897
35.81081081081081,89.12433404236346
35.88088088088088,68.4758698324948
35.950950950950954,76.03720688140625
36.02102102102102,68.00552553357429
36.09109109109109,84.70408253623222
36.16116116116116,83.30254615044171
36.231231231231234,61.60905348008566
36.3013013013013,69.88390370552261
36.37137137137137,70.31943058558855
36.44144144144144,103.64559560245448
36.511511511511515,76.93800804819034
36.58158158158158,73.95317591775027
36.65165165165165,83.20401469137734
36.72172172172172,106.5075549110071
36.791791791791795,77.94299943550321
36.86186186186186,81.03248354909792
36.93193193193193,36.10637299244485
37.002002002002,100.3957679500638
37.072072072072075,83.49708788518458
37.14214214214214,97.0352221653894
37.21221221221221,39.632090971260375
37.28228228228228,79.36757657778296
37.352352352352355,92.4967061777493
37.42242242242242,89.25295374930076
37.492492492492495,77.77811469836388
37.56256256256256,86.96101328274843
37.632632632632635,54.03691331431027
37.70270270270271,130.8129451438611
37.772772772772775,57.480547927065174
37.84284284284284,87.89018418521626
37.912912912912915,89.8092081485876
37.98298298298299,90.7527479602997
38.053053053053056,70.1637247616301
38.12312312312312,64.23101400288182
38.193193193193196,66.26420437355279
38.26326326326327,66.57948419852298
38.333333333333336,96.28161622761301
38.4034034034034,57.11940353204508
38.473473473473476,49.120686189881965
38.54354354354355,103.68020069872408
38.613613613613616,81.5667219325205
38.68368368368368,88.82511723078174
38.753753753753756,40.10483951527045
38.82382382382383,73.83755627009107
38.893893893893896,110.38721981913741
38.96396396396396,99.58526330074544
39.034034034034036,94.9663771931106
39.10410410410411,62.92059895409836
39.174174174174176,50.45820766677494
39.24424424424424,90.52264294030583
39.314314314314316,83.16326233193855
39.38438438438439,127.19259445825242
39.454454454454456,72.96167796115603
39.52452452452452,64.06906709412871
39.5945945945946,77.23803033759033
39.66466466466467,84.58861174977173
39.73473473473474,116.19587586382796
39.8048048048048,86.20016245190817
39.87487487487488,122.93377595305941
39.94494494494495,80.81341339747529
40.01501501501502,110.66247441724047
40.08508508508508,79.3496188328844
40.15515515515516,64.63746043535886
40.22522522522523,90.05996728970632
40.2952952952953,93.17213853866473
40.36536536536536,97.60573217974589
40.43543543543544,97.23573255097945
40.50550550550551,67.00895022983511
40.57557557557558,105.44871292960518
40.645645645645644,68.51674483490046
40.71571571571572,111.95079237798069
40.78578578578579,95.77923913787377
40.85585585585586,72.12252477293818
40.925925925925924,86.7326081381743
40.995995995996,97.84510733005384
41.06606606606607,90.02226987802634
41.13613613613614,124.5700102331352
41.206206206206204,101.2604104238635
41.27627627627628,121.93944811612579
41.34634634634635,94.61205313207627
41.41641641641642,100.02114460056728
41.486486486486484,68.11344793190229
41.55655655655656,49.961703208055184
41.62662662662663,105.49941963157423
41.6966966966967,85.49827212239285
41.766766766766764,89.81882650282232
41.83683683683684,100.38905731312182
41.90690690690691,118.46734498489928
41.97697697697698,83.7445886901327
42.047047047047045,83.56746776362834
42.11711711711712,83.41255569921563
42.18718718718719,117.54646275813226
42.25725725725726,102.70256129101718
42.327327327327325,89.11535508956959
42.3973973973974,92.51333905014089
42.46746746746747,114.80695445775646
42.53753753753754,104.91545131447967
42.607607607607605,76.62786122981885
42.67767767767768,90.73194931257427
42.74774774774775,76.66295852141137
42.81781781781782,101.16877766629136
42.887887887887885,113.42910077734882
42.95795795795796,82.61880596645486
43.02802802802803,100.23241492184873
43.0980980980981,94.82896565791708
43.168168168168165,51.39324015219143
43.23823823823824,82.4520718219566
43.30830830830831,92.40401996089118
43.37837837837838,76.60272285785003
43.448448448448445,112.32058151177704
43.51851851851852,69.31290694979782
43.58858858858859,110.97246504299824
43.65865865865866,92.41363244292002
43.728728728728726,115.93159015992131
43.7987987987988,88.09306571609832
43.86886886886887,72.6767565903329
43.93893893893894,99.04677063637108
44.009009009009006,113.36348352620506
44.07907907907908,128.80574553579518
44.14914914914915,118.77568054364889
44.21921921921922,102.28842530763298
44.289289289289286,68.80086182704032
44.35935935935936,101.7030410241408
44.42942942942943,107.29672653534243
44.4994994994995,90.55460328144963
44.569569569569566,108.36255007762946
44.63963963963964,67.99407993233712
44.70970970970971,102.22808169433856
44.77977977977978,103.33833688057042
44.849849849849846,128.19033539020018
44.91991991991992,80.96980055835468
44.98998998998999,103.42368121249326
45.06006006006006,93.35705951089487
45.13013013013013,118.167483274311
45.2002002002002,112.57941282917875
45.270270270270274,101.68234627987033
45.34034034034034,106.19518569607935
45.41041041041041,125.82310382765864
45.48048048048048,128.51812158328542
45.550550550550554,122.98157844580508
45.62062062062062,82.83168759317414
45.69069069069069,95.15320140299836
45.76076076076076,73.93211711056401
45.830830830830834,87.36925287434309
45.9009009009009,93.26963081255897
45.97097097097097,114.9323734216656
46.04104104104104,83.59115552283293
46.111111111111114,77.84323308624157
46.18118118118118,97.98243917002947
46.25125125125125,106.7374427890393
46.32132132132132,125.51783157238918
46.391391391391394,137.29822579068588
46.46146146146147,77.34069546931273
46.531531531531535,104.8683736823226
46.6016016016016,109.04867602765367
46.671671671671675,64.3691694697028
46.74174174174175,108.55666131718654
46.811811811811815,104.18692563779544
46.88188188188188,122.05859186792264
46.951951951951955,108.5803962106893
47.02202202202202,96.94997915654241
47.092092092092095,79.28527024067247
47.16216216216216,147.48412465595905
47.232232232232235,100.7526388951532
47.3023023023023,115.76398603868986
47.372372372372375,120.31517153754243
47.44244244244244,112.20077823420065
47.512512512512515,103.97346058289077
47.58258258258258,143.04155546992672
47.652652652652655,127.04787425594998
47.72272272272272,133.20918073561324
47.792792792792795,118.73358134675928
47.86286286286286,148.3758503754785
47.932932932932935,126.12501995696783
48.003003003003,119.5443466223117
48.073073073073076,112.91062397671833
48.14314314314314,141.67975525562872
48.213213213213216,94.4487302187217
48.28328328328328,86.69173952690508
48.353353353353356,105.2990648438361
48.42342342342342,125.8915288072789
48.493493493493496,114.7924146073511
48.56356356356356,148.80237092782278
48.633633633633636,111.24501446339751
48.7037037037037,101.66094030938798
48.773773773773776,108.62436072404029
48.84384384384384,132.29292372514544
48.913913913913916,115.08986017362348
48.98398398398398,111.83102963469163
49.054054054054056,124.63893172068093
49.12412412412412,131.77701202348152
49.194194194194196,108.70422005523258
49.26426426426426,42.195260081970886
49.334334334334336,109.10778780635039
49.4044044044044,97.76462478203268
49.474474474474476,129.4004331745563
49.54454454454454,114.72319979447803
49.61461461461462,120.22880272604603
49.68468468468468,116.65436556155825
49.75475475475476,111.8090334122607
49.82482482482482,92.57762583401694
49.8948948948949,150.64386570682626
49.96496496496496,101.3520572317205
50.03503503503504,132.69719114727025
50.1051051051051,129.09676648687096
50.17517517517518,105.07115538839604
50.24524524524524,114.38340781465632
50.31531531531532,83.5574968159313
50.38538538538538,72.72797017127567
50.45545545545546,84.87248099643759
50.525525525525524,78.08583098826057
50.5955955955956,100.15757479087728
50.665665665665664,97.43504416487698
50.73573573573574,106.09061253925897
50.805805805805804,117.84120697853477
50.87587587587588,154.23109148691228
50.94594594594595,119.48152347356354
51.01601601601602,106.36496685272832
51.08608608608609,145.70720127555705
51.15615615615616,105.86174376993617
51.22622622622623,156.60232522644245
51.2962962962963,114.1386379181774
51.36636636636637,117.62338201290912
51.43643643643644,146.03624230810132
51.50650650650651,97.48823332902764
51.57657657657658,113.54399774788206
51.64664664664665,100.02776161056633
51.71671671671672,101.89094973350385
51.78678678678679,134.63812774907555
51.85685685685686,126.85974856889544
51.92692692692693,127.27062869140434
51.996996996997,129.34402256427538
52.06706706706707,105.94024630037339
52.13713713713714,139.43214436794605
52.20720720720721,144.32219941668822
52.27727727727728,127.7557886824048
52.34734734734735,110.7944062827664
52.41741741741742,146.9548210865179
52.48748748748749,102.79059648502422
52.55755755755756,90.23271721970636
52.62762762762763,118.67297248092441
52.6976976976977,130.11815555430934
52.76776776776777,93.01926794706365
52.83783783783784,114.716052556582
52.90790790790791,113.94395675000729
52.97797797797798,98.56806077029503
53.04804804804805,117.83342469752526
53.11811811811812,90.89464502378823
53.18818818818819,113.37139322206976
53.25825825825826,146.35183973808435
53.32832832832833,136.24644549582428
53.3983983983984,123.99743496929025
53.46846846846847,136.55832748168226
53.53853853853854,119.93932331266508
53.60860860860861,130.84837106235207
53.67867867867868,78.90356988767093
53.74874874874875,145.92390623354254
53.81881881881882,102.87639428002151
53.88888888888889,138.97178055400036
53.95895895895896,125.54935692362977
54.02902902902903,143.85144149280757
54.0990990990991,136.26913813562885
54.16916916916917,101.48069695946576
54.23923923923924,92.50026593840008
54.30930930930931,116.7210964852094
54.37937937937938,119.62934887347154
54.44944944944945,136.74388932905
54.51951951951952,150.28045961268086
54.58958958958959,100.04527456839017
54.65965965965966,123.31026505723752
54.72972972972973,132.88226519945493
54.7997997997998,122.61705646411042
54.86986986986987,110.24697803621922
54.93993993993994,87.52552486628153
55.010010010010014,130.0414284362802
55.08008008008008,109.68281555037173
55.150150150150154,160.7098878945922
55.22022022022022,135.30825301872449
55.290290290290294,141.38917418677792
55.36036036036036,125.77698950786366
55.430430430430434,138.11673472425122
55.5005005005005,101.17399324155991
55.570570570570574,111.65998939429342
55.64064064064064,100.54689046441528
55.710710710710714,158.757703784236
55.78078078078078,151.05491758996922
55.850850850850854,133.30076456518796
55.92092092092092,112.75445146168681
55.990990990990994,103.53649352235013
56.06106106106106,135.59289534651296
56.131131131131134,141.84581189260405
56.2012012012012,116.5753208370605
56.271271271271274,127.28929704231584
56.34134134134134,148.2156105452236
56.411411411411414,126.36280459968138
56.48148148148148,137.6108005201785
56.551551551551555,142.4912946853484
56.62162162162162,111.34722669295111
56.691691691691695,122.17118581709727
56.76176176176176,142.8164945096515
56.831831831831835,128.90751458412632
56.9019019019019,120.75357380471762
56.971971971971975,135.9040369936407
57.04204204204204,150.7980307904755
57.112112112112115,120.542696445969
57.18218218218218,131.88815372203314
57.252252252252255,87.07795322843387
57.32232232232232,172.3007696056771
57.392392392392395,130.4504447363957
57.46246246246246,177.76995307431153
57.532532532532535,121.07027256793351
57.6026026026026,144.2291455259572
57.672672672672675,110.9106113056829
57.74274274274274,121.05482504754934
57.812812812812815,133.12052228281104
57.88288288288288,129.57294440182167
57.952952952952955,101.0344563219674
58.02302302302302,110.89791719517143
58.093093093093096,152.6667858354162
58.16316316316316,120.23396940345602
58.233233233233236,145.69296259508099
58.3033033033033,138.61018036022006
58.373373373373376,131.2748093730029
58.44344344344344,113.70358115497484
58.513513513513516,116.91838251625856
58.58358358358358,136.50296881603563
58.653653653653656,155.50498049728594
58.72372372372372,166.275206168408
58.793793793793796,96.82947805698996
58.86386386386386,171.0424685096757
58.933933933933936,130.1687967769819
59.004004004004,128.68694593586963
59.074074074074076,152.93803009912537
59.14414414414414,131.87587343570837
59.214214214214216,119.95795463802685
59.28428428428428,112.20543706469736
59.354354354354356,155.1373510267608
59.42442442442442,146.44247292114613
59.4944944944945,138.10027316125084
59.56456456456456,138.17852211185715
59.63463463463464,164.13454816718556
59.7047047047047,118.6890306497231
59.77477477477478,113.71032944892939
59.84484484484484,144.6609358522446
59.91491491491492,164.1765081704317
59.98498498498499,147.14065299483815
60.05505505505506,102.8424818998686
60.12512512512513,136.6144070442877
60.1951951951952,160.86071201958035
60.26526526526527,102.00333758418398
60.33533533533534,137.42607622001756
60.40540540540541,121.87957658981723
60.47547547547548,145.25977692593176
60.54554554554555,122.188835669345
60.61561561561562,134.60972267818434
60.68568568568569,139.7919027013644
60.75575575575576,166.30855171518357
60.82582582582583,145.80377464720493
60.8958958958959,141.2760226540968
60.96596596596597,141.89391295814337
61.03603603603604,132.51466069190982
61.10610610610611,155.87947787805228
61.17617617617618,165.16451672948864
61.24624624624625,143.51534534097655
61.31631631631632,151.88750732345582
61.38638638638639,152.15119018299706
61.45645645645646,144.01523700949872
61.52652652652653,112.44839633250368
61.5965965965966,147.4590717122047
61.66666666666667,108.7409594766365
61.73673673673674,136.0274664535526
61.80680680680681,149.05174306990887
61.87687687687688,142.74116679153522
61.94694694694695,134.93001394358942
62.01701701701702,138.718462138777
62.08708708708709,141.53733606307875
62.15715715715716,194.43143187333442
62.22722722722723,134.4400455237975
62.2972972972973,144.45984682439692
62.36736736736737,138.62555995034575
62.43743743743744,129.07497811599393
62.50750750750751,166.67578014848633
62.57757757757758,118.97955548602152
62.64764764764765,183.30363226711435
62.71771771771772,135.85370242423497
62.78778778778779,142.58323858676212
62.85785785785786,155.1107461787589
62.92792792792793,147.62814458479733
62.997997997998,106.34656738670604
63.06806806806807,127.82384847813637
63.13813813813814,161.2453277814758
63.20820820820821,148.78669506537955
63.27827827827828,154.99105067974733
63.34834834834835,132.64371215069124
63.41841841841842,161.30249112470517
63.48848848848849,164.53318981352206
63.55855855855856,152.3519089432539
63.62862862862863,141.76368368364658
63.6986986986987,143.00514853345143
63.76876876876877,148.82740051343532
63.83883883883884,155.02595439623983
63.90890890890891,142.05272315564875
63.97897897897898,144.67868974180232
64.04904904904905,147.18316530609596
64.11911911911912,123.29120674620569
64.1891891891892,112.64322269300408
64.25925925925927,154.40646416500573
64.32932932932934,155.11903421056348
64.3993993993994,168.9789085579429
64.46946946946947,181.88391527990422
64.53953953953953,121.45330931715819
64.6096096096096,136.21799908149538
64.67967967967968,162.2244284160333
64.74974974974975,164.26101498326636
64.81981981981983,174.2222948478126
64.8898898898899,151.74764417862232
64.95995995995996,142.25180986974794
65.03003003003003,155.3460048305483
65.1001001001001,153.79282673762566
65.17017017017017,150.284321743044
65.24024024024024,163.37989181423194
65.31031031031031,141.5711144209698
65.38038038038039,108.30624985264227
65.45045045045046,158.21862277258566
65.52052052052052,148.91064452617917
65.5905905905906,177.137028728796
65.66066066066065,157.0265880761237
65.73073073073073,151.5679604215513
65.8008008008008,110.64371777889357
65.87087087087087,145.44593919308716
65.94094094094095,133.89317103188654
66.01101101101102,159.52622537312536
66.08108108108108,148.14488778388022
66.15115115115115,158.7014959375705
66.22122122122121,116.0887529618887
66.29129129129129,169.68397757087303
66.36136136136136,144.56248798226338
66.43143143143143,162.0392958271971
66.50150150150151,176.63633212108095
66.57157157157158,170.71291549239035
66.64164164164164,153.47241768348073
66.71171171171171,154.4000754881954
66.78178178178177,122.35855876319246
66.85185185185185,141.09743209201278
66.92192192192192,179.27005965573542
66.991991991992,157.6975839406672
67.06206206206207,125.88456760547966
67.13213213213214,191.0468690357559
67.2022022022022,151.72817032232356
67.27227227227228,168.17399301001757
67.34234234234233,130.8605098930627
67.41241241241241,128.62008919195574
67.48248248248248,135.83808932818283
67.55255255255256,194.8083943104356
67.62262262262263,169.15578277370767
67.6926926926927,151.38763901447948
67.76276276276276,174.1587017202349
67.83283283283284,157.65057377836533
67.9029029029029,177.86478644715143
67.97297297297297,163.2306096698439
68.04304304304304,162.47976936993538
68.11311311311312,186.76269192361107
68.18318318318319,140.50872205156048
68.25325325325326,147.03275828249605
68.32332332332332,111.26176204854647
68.3933933933934,174.06489526713727
68.46346346346346,154.72666913781836
68.53353353353353,149.84022680340615
68.6036036036036,158.18340804869607
68.67367367367368,155.55013148718933
68.74374374374375,106.95392023592882
68.81381381381382,163.8792340688526
68.8838838838839,171.34911481741517
68.95395395395396,158.0443304723749
69.02402402402403,168.7892077078798
69.09409409409409,152.6443285317014
69.16416416416416,169.11566204784128
69.23423423423424,152.54087167310746
69.30430430430431,149.0541126190013
69.37437437437438,180.23027528222087
69.44444444444446,176.21127461132897
69.51451451451452,140.1843153693087
69.58458458458459,164.56572871476268
69.65465465465465,174.59694559122784
69.72472472472472,160.8917538081457
69.7947947947948,130.67136997788757
69.86486486486487,172.18281314833752
69.93493493493494,147.2066914303583
70.00500500500502,147.73922194488603
70.07507507507508,170.02133085404057
70.14514514514515,164.01577467737803
70.21521521521521,161.32296125207023
70.28528528528528,151.48925189290287
70.35535535535536,199.87672070110006
70.42542542542543,181.1880803066197
70.4954954954955,153.57961042994742
70.56556556556558,143.42996452033051
70.63563563563564,185.50567667293552
70.70570570570571,173.69586888945344
70.77577577577577,135.87052719842913
70.84584584584584,182.45875913977488
70.91591591591592,155.6381025430155
70.98598598598599,171.45298342204043
71.05605605605606,140.37759310327488
71.12612612612614,143.20199204613854
71.1961961961962,168.51712249212443
71.26626626626627,168.07089228598383
71.33633633633633,212.33708385330178
71.4064064064064,175.61114659851864
71.47647647647648,181.2655420285104
71.54654654654655,146.1911752519099
71.61661661661662,164.61413759614214
71.6866866866867,175.90976957337853
71.75675675675676,176.22487923728468
71.82682682682683,152.6166555308723
71.89689689689689,162.50265607876747
71.96696696696696,162.16715083488427
72.03703703703704,164.21134671757534
72.10710710710711,182.45945842247812
72.17717717717719,174.96741107452766
72.24724724724726,164.07166047781186
72.31731731731732,182.89145681000724
72.38738738738739,208.40812069406545
72.45745745745745,203.887205090568
72.52752752752752,173.41692607751213
72.5975975975976,153.97418792994478
72.66766766766767,194.53519575833192
72.73773773773775,152.6042883571248
72.80780780780782,150.5520521213545
72.87787787787788,168.56456652388593
72.94794794794795,154.00321368452558
73.01801801801801,182.15071672986173
73.08808808808809,169.0478487082023
73.15815815815816,149.4589136895453
73.22822822822823,151.00207072299546
73.2982982982983,160.5725423720654
73.36836836836838,170.04657549177924
73.43843843843844,198.5986677354798
73.50850850850851,179.61477136472192
73.57857857857857,133.12454897083794
73.64864864864865,158.67365607970552
73.71871871871872,187.42381888944038
73.78878878878879,165.2841120496392
73.85885885885887,161.55289264034485
73.92892892892894,167.09311856362726
73.998998998999,151.73946358919423
74.06906906906907,175.1495990884061
74.13913913913913,193.65345236488548
74.2092092092092,179.8420267272904
74.27927927927928,182.77730284655925
74.34934934934935,163.87136193923072
74.41941941941943,139.2166488301074
74.4894894894895,163.93778791423586
74.55955955955956,160.7195546458056
74.62962962962963,185.5372677558089
74.69969969969969,177.67143402877397
74.76976976976977,196.4502345846119
74.83983983983984,151.78972580757357
74.90990990990991,206.87199304569273
74.97997997997999,159.50298619843974
75.05005005005006,164.71290408151341
75.12012012012012,160.62364798762795
75.1901901901902,177.22823689352407
75.26026026026025,174.4997380153611
75.33033033033033,145.6547408224841
75.4004004004004,145.93994135147008
75.47047047047047,125.21704874554783
75.54054054054055,137.77517667657543
75.61061061061062,152.19351023542154
75.68068068068068,160.87837023822308
75.75075075075075,188.17688803451495
75.82082082082081,146.24141832605932
75.89089089089089,177.4053744552267
75.96096096096096,180.1915597111666
76.03103103103103,189.01905674109227
76.10110110110111,156.4006594465589
76.17117117117118,178.5006713799026
76.24124124124124,198.3123948303413
76.31131131131131,174.51743423994668
76.38138138138137,179.62456863671707
76.45145145145145,167.35112395894683
76.52152152152152,177.72004995204276
76.5915915915916,172.60776269766006
76.66166166166167,188.07795201864292
76.73173173173174,189.47140407971165
76.8018018018018,172.72833647937736
76.87187187187187,171.2485960203822
76.94194194194193,182.2501741574951
77.01201201201201,161.30978197953928
77.08208208208208,136.4795188113004
77.15215215215215,189.62460423639385
77.22222222222223,229.29982867943767
77.2922922922923,183.65643171275246
77.36236236236236,167.34718499576545
77.43243243243244,158.75328190638135
77.5025025025025,167.14197553367143
77.57257257257257,168.70049152426122
77.64264264264264,149.98955752049753
77.71271271271272,197.53687948888603
77.78278278278279,183.05826382917047
77.85285285285286,156.74911315035644
77.92292292292294,178.16039566670003
77.992992992993,170.2313006795817
78.06306306306307,182.0627640817543
78.13313313313313,214.98521865051742
78.2032032032032,147.16028515973576
78.27327327327328,200.51035696356263
78.34334334334335,183.23248143433486
78.41341341341342,176.57358992671098
78.4834834834835,189.13039793141277
78.55355355355356,222.43615049166016
78.62362362362363,163.99248187598343
78.69369369369369,173.80262507033726
78.76376376376376,212.66913172256866
78.83383383383384,182.833383348278
78.90390390390391,200.92236194092504
78.97397397397398,139.89682760574905
79.04404404404404,146.49725150686876
79.11411411411412,196.15819103054238
79.18418418418419,183.35262330863262
79.25425425425426,165.89421972625968
79.32432432432432,158.05635192836434
79.3943943943944,199.4811054144124
79.46446446446447,154.82522315194552
79.53453453453454,159.73681381239834
79.6046046046046,203.0904825314007
79.67467467467468,181.92183681281523
79.74474474474475,198.5660463650418
79.81481481481482,166.70219536833523
79.88488488488488,159.84662255505387
79.95495495495496,186.01654338229935
80.02502502502503,197.06956171356208
80.0950950950951,186.76218804562336
80.16516516516516,145.23540245480496
80.23523523523524,167.07655323338952
80.30530530530531,175.9037583944892
80.37537537537538,170.76420097350527
80.44544544544544,174.22868747768877
80.51551551551552,189.7021029451069
80.58558558558559,183.28491717718626
80.65565565565566,195.19402479228577
80.72572572572572,189.41164024888278
80.7957957957958,197.66422615570943
80.86586586586587,189.8634981377393
80.93593593593594,171.75791357175532
81.006006006006,214.726929500587
81.07607607607608,204.49859511469828
81.14614614614615,177.6081477635552
81.21621621621622,193.22927150207715
81.28628628628628,199.6994775752275
81.35635635635636,180.71448047358052
81.42642642642643,212.05177623124
81.4964964964965,167.2957541987929
81.56656656656656,169.97384926171105
81.63663663663664,166.66306564827894
81.70670670670671,176.2759164448067
81.77677677677679,196.13869970228697
81.84684684684684,203.24589962101854
81.91691691691692,223.84943501388463
81.98698698698699,204.51890293732362
82.05705705705707,173.68155507418228
82.12712712712712,188.13658510371727
82.1971971971972,188.98555815160054
82.26726726726727,152.3937703683202
82.33733733733735,187.02371078899998
82.4074074074074,199.73847153172514
82.47747747747748,185.02825460205116
82.54754754754755,179.2958532133033
82.61761761761763,183.58993440955805
82.68768768768768,196.98151431746766
82.75775775775776,198.8841527138862
82.82782782782783,174.8485500109406
82.8978978978979,204.3615289619229
82.96796796796797,153.80129127313097
83.03803803803804,181.87080803040766
83.10810810810811,162.29051084618374
83.17817817817819,186.7561435642564
83.24824824824825,197.86688336558848
83.31831831831832,180.7081062712036
83.38838838838839,204.49539299500447
83.45845845845847,193.61829347890682
83.52852852852853,188.84647943555626
83.5985985985986,186.25882336112767
83.66866866866867,211.88352572896147
83.73873873873875,195.97667290877973
83.8088088088088,196.75197203063658
83.87887887887888,193.78454575032265
83.94894894894895,144.49386889126237
84.01901901901903,205.09962187366816
84.08908908908909,154.35105052849036
84.15915915915916,188.167035188919
84.22922922922923,229.15478164706636
84.2992992992993,177.56525320633796
84.36936936936937,205.77116067590205
84.43943943943944,164.64926285137824
84.50950950950951,182.27428927329854
84.57957957957959,176.08424246893645
84.64964964964965,199.66466099034147
84.71971971971972,194.9735447366596
84.7897897897898,207.6854259534736
84.85985985985987,201.3241589933935
84.92992992992993,201.56248336850825
85.0,246.83364895447878
52.97514100676524,56.92230658726662
67.55301481962837,42.656383860380835
47.8611358012488,63.970784288289025
48.545889541501126,57.40548001771356
50.626021325578066,45.389661882681914
53.44871852982286,60.97103925675019
45.99006575147135,46.53452596977523
54.81576624663732,47.47230692187873
46.007723567265344,46.85062290305467
60.088919962544374,58.29928241016612
53.968243762939,49.00062709155693
57.289013729037144,44.02606922505385
54.1485977772234,46.41298292618233
56.11463276414292,58.98985568794907
54.495792010485786,45.704143488771514
48.907936279805995,50.80922785952994
44.695716660650106,50.889212921530586
62.44227811879933,64.85226560960265
53.38609194523437,42.14511754453504
39.616955733835006,35.98266377844591
59.1076077348967,42.880934850486746
69.76489544209988,44.20599245795355
62.3743054710273,61.02901384230591
49.826747567510935,45.15959627246188
59.79509389128195,41.19525761227757
56.04439118400526,69.70109025382378
48.60414378018492,53.637219970603226
49.274577508894644,44.446854838586574
41.88764343945072,46.026758681593044
47.010047818101306,39.279539023156154
60.206609218579075,45.11874323331781
64.9588350568307,49.66486286408729
57.4217718229112,45.649995246285016
55.68971782224681,55.098429049855994
62.55476630081607,59.49001481839876
45.201561029475876,53.663399451917705
53.80609084530849,48.2045091785645
45.00461284446393,71.11400765266372
81.31054274891164,55.481036696108205
60.15334210722869,57.019234952865034
56.996649741825856,44.19637809018606
62.193211169218436,45.509537074274036
55.440657126239934,71.86427980834235
56.68454407115331,56.90810663131113
59.38932009724612,62.42369640081757
60.01203037712682,39.000670791685934
58.78281537949493,49.309335025821326
57.408501014396585,56.867469452325444
52.59006788171047,58.879944766203195
52.60372603968367,64.64257340798171
50.902930610548225,61.404700521120674
52.48516594563662,45.94472499653617
54.80507877859459,50.62486477613941
60.03964279964745,59.19836016405924
56.859686621379446,43.7215942968238
52.473570236298286,58.83440302402147
60.05493995679518,39.69295731863955
52.16103442818398,42.2124436797025
59.752435457342834,61.032210476426414
51.432879686024194,45.57391455453731
68.00934485400929,47.687816947243036
60.24110591110772,45.533688637231684
49.7232904616126,44.486803996372714
65.08433647131307,46.23790450237522
63.82361217844194,52.26424035868345
58.375529695399926,38.7502742846356
59.77790811095705,52.579595085536525
60.17014187146538,43.089343921347
63.73865063912014,42.97344301487715
46.457918966825105,53.060846895385524
52.51119153512455,51.70744469111905
49.69824216823721,64.5643534273627
55.8846037220007,54.72239587947023
60.20876951448026,44.94800230484523
48.52792465525363,44.16614862764342
60.44988000939141,51.72239127858616
58.66962111319136,46.44972534979904
69.72725591999534,52.62915482586657
47.34319442952136,53.71267413510863
62.958604252052645,38.66408837643325
59.56824777489514,48.299318278830114
59.0008983475586,60.385513566131664
57.1621533103524,47.35740373251747
55.83341279440605,41.28112436365893
57.990668507560734,53.18150661431213
61.05574834413363,54.7931588762177
54.280539650385755,53.98037062615911
78.1224441613125,50.51422518808105
56.94421629958663,51.66392886899452
59.155373132663264,44.73358041612273
51.76293699517113,52.458444997822646
52.989316635058756,47.855531965729455
60.480714004279434,48.30291400878967
55.797581472447796,39.69411915484915
51.02112486713748,42.81423724853258
61.779829629808674,69.53089567084567
56.49745023124312,53.12621996044676
60.156898634841156,59.471048894378924
67.51044632610201,52.04917101266833
47.196291834217114,49.2367516305936
55.33656266730828,45.702333698407806
54.60390753198656,56.78499225287031
56.09234960473105,47.027483618760805
49.54674949838459,57.68632259496866
63.7404683932159,48.90158635417928
55.70853710235716,47.82051396698468
64.71907416186804,63.76581611762981
55.98904921985074,53.897468483519106
52.693392095325066,48.311808669727775
40.82822082412009,52.13196407756559
53.396881140094486,54.83863050456259
57.969804026356854,48.39531432008039
50.483103092538755,59.68446015277992
53.155381614588016,43.60723617454808
36.08029463109298,46.62365057737389
28.63463333848044,54.63891182577919
47.733946827831474,59.7705414471596
53.78892409223564,38.045359292509914
70.72436942130776,49.33877458229368
53.48225615399917,50.14971241750531
57.6930399796738,47.94397339282707
66.85809680935309,42.41675614977777
49.39302927279091,55.47211428559204
46.64710451141055,55.07844772931605
61.36996222396822,60.633155299946985
53.26451641978018,39.04246305753315
55.201906378009056,44.08944499199347
53.659601212751454,43.4410858194197
42.35039641379744,58.46273847523335
42.8052564878393,48.848745506073485
49.66193568311614,44.8362920689913
62.16087996049707,46.80717615077225
37.890532385769575,47.953721321645084
60.43919898385354,52.690350260682884
53.38233672271198,44.69258069087551
50.37805286626027,54.43753383349989
66.54593173196024,55.4164621667534
64.98042174161633,60.46904771570301
63.85921700445603,66.40221478554666
53.47017433929064,49.88207550041834
75.16172263012606,45.25698479854869
51.784449674571896,45.55333364023039
56.99440518668073,57.117573335967755
61.74582692124808,48.25157301079084
58.49872098932376,38.090440198549025
36.813503610451576,44.58621110041209
55.75204619326894,42.32903220896745
46.118732046358595,57.706689193731926
65.91946784406827,49.87905664436871
40.109559006736646,43.91620375685121
57.518413936484635,58.36886542257121
62.810033531195884,46.11782702097092
52.026632825967376,52.8144833203197
57.116871947883055,43.05109482813308
54.021984800173485,49.809733899405266
53.47612836274421,49.32999205520063
59.43792035310417,54.18094489918341
49.622397233440616,61.39028976897063
64.66915176996406,48.024620115056756
58.031319993056485,46.1822195887787
54.54352688606809,54.04402759663497
52.21316494087272,47.66868100629362
47.270302332438206,52.47811629857371
50.28315343699062,49.32475276973223
58.9142898844556,41.63300191229089
78.23724842852008,39.435395108817836
60.81813109872161,39.54665569294035
57.75867705254817,48.014666979547755
58.71734112071627,40.10705690434139
52.611553180256664,50.94566469089741
60.58683365372401,48.17344113038734
57.53579169010136,42.30235069162679
52.7228838312448,45.471498252364775
55.97925372602332,46.963092122730444
59.57257733432539,48.69519812126915
54.54247638542096,55.027893294502384
47.223169712651625,44.31588546077963
60.74808998433326,47.530167157953244
52.658022572970445,45.673858034357835
77.2706112128112,49.342227249228685
54.01693182234768,55.400506859750344
55.0707693089863,59.05420492914032
46.33229474779015,48.9130512932295
52.03128935616908,40.86647263479317
62.47026741704845,56.35130780469275
52.08239763515029,51.13181804072999
62.55803831960057,64.92566606047362
59.19295706151339,47.59719636650271
51.74622297010096,41.1691299739944
63.176109591371315,52.56002211713785
51.507146981631,45.399852421323146
65.42832232836201,57.5609448599067
55.99783846716481,45.03463618113187
62.92810243132218,43.29911306733562
55.008338262937066,58.8787102014991
56.13882377677281,54.676559044999955
75.12558442322303,47.309708348272636
46.174189406490434,50.7725784235001
66.09077379565375,33.36395929751737
49.07838042708202,55.86380085570648
60.862080518726366,49.40262340048129
59.06109708761955,45.80343724750422
45.997382973288055,55.76939368342298
43.46969989947639,44.95057985910702
62.102877309944496,50.823007220437425
64.93906554096779,59.09919172401899
54.32401043480285,56.865352334452886
47.46372283146094,49.863017362775025
62.648860720658384,41.888038708814356
60.08670398342907,54.56396762182125
54.489054199134436,40.46038604067867
42.74537819840959,40.68980369301356
55.841446670045585,73.79663342253309
61.09542612458545,47.02257394754661
50.28481139085622,41.61615009385684
58.06349700922544,50.529421697380016
48.21797049033162,43.92880807635453
52.68900698913961,48.17176311897632
50.813695410496365,49.006837268437565
54.549745622268134,44.78453069168594
64.14954357306338,38.8419119363816
52.479685473059256,46.76950398729246
42.76826694029975,57.6142784717735
48.779490148464824,51.96278631867073
66.43972004862555,62.303246750978545
60.05876983827541,47.102733741826256
50.32336046018489,53.97282210419079
59.12382519799815,52.776267339141754
63.57134210793712,64.3464968123994
45.77318747779997,45.28499823382117
47.551720748143765,52.246007737933546
49.51283703950946,58.303568048762365
65.33089070198174,46.62105136632727
70.68254140022597,48.12697121052143
65.81719142557405,57.121710176281056
55.22818758991542,63.26937754747398
62.93350197916145,54.89644839231683
51.46298997631245,48.254393439627364
59.57816047536735,58.977873151295924
46.83089355116803,62.02685128048776
62.40334989597939,50.207905070236706
40.512875989637294,49.86893198985963
51.25121741938391,46.75231886342108
49.61889623463512,49.34014751762186
47.032013642625444,44.48203518166942
60.03498167646689,49.935590241473
61.19198027180597,41.69722979316211
49.033014427929686,57.79723375177768
57.19452783604149,55.32406691220164
60.00710711284023,46.04118001440254
52.942566623394875,55.32622771132121
52.00306014427112,50.187687359963185
62.31351807648148,39.74090644542391
63.546827945389765,48.30329082540498
70.03727721969032,50.173505734642085
65.88804492501446,42.352845622346
56.99359407828937,40.81913500830839
49.762382774098796,46.40223174377041
52.78957284077272,52.80677136735642
52.94025683804035,52.99641533390943
51.66374765540528,60.26414323966111
59.87761542222194,39.3179921820033
55.729007117682954,37.07187259750545
55.75737858162766,57.72407154119598
53.44559043533135,54.16860051900651
64.78132610654451,49.72643211198952
56.96953526060528,55.48351885929005
61.16905928114639,52.02904303478067
50.20627512816953,60.965076812155694
64.51477440747227,49.657490324778024
50.853891775456766,50.333942413617365
52.55900039233459,48.865424280004454
59.788000915479955,45.38247300514658
58.88270662480839,47.26690397595405
39.78788806850139,37.55884697876105
57.82510311011912,45.55207989821867
49.33729834928739,53.90074786486725
63.33624856698373,64.1603380038338
47.72973428986434,67.11665701216765
58.03780630388506,46.62574502781323
52.628527239063445,49.60688171380211
56.964712386346726,57.57835742139508
60.19350565580578,53.411882353855766
49.949867820884265,62.168554949676
54.631437875165496,54.61602569933113
57.43764867254453,46.92490918989924
50.25183033252486,51.57238062002358
50.63506585664105,52.36144862595697
56.169135405474066,51.530628742944884
54.23160777058717,60.264924000319326
56.46646744761439,43.999442530298715
49.27023901461125,44.74188242362629
60.83670183699749,47.88327915324214
43.42192042722692,49.98764794205644
59.66625285367786,55.393090827763224
48.76428849773001,52.927603721847824
58.078125473360515,55.02607214735977
57.49924390648211,49.805254932210154
60.68665297334106,53.34585660225663
63.72574800922786,41.858994307097355
53.58555478107376,62.794195912572704
46.51155291859668,50.37435396754121
74.07279574486063,54.38615510541925
53.39661694190105,50.289943336562
52.941100150064514,38.643044110426125
56.223407771175665,47.810401543326954
56.27194494242702,50.09294649836218
55.22343194212924,54.6138182132882
56.38892041828374,55.43367380081919
49.84128788036447,54.78440124733325
49.5621876083993,57.17100937683032
54.855565625987694,48.194775942043655
59.36358835013648,54.569986811314415
52.777961076044576,33.77207255081002
51.961801865559195,46.58910508586078
53.85301198877888,50.53313656649124
60.894668112581044,54.229215960001554
52.21112267899345,48.23621794137514
62.10267458773468,50.705978302113486
54.763384039511415,51.55967816883981
51.859546149636145,43.46330766801172
48.851358988856354,50.898767457614035
67.46670456252065,55.22864799865754
62.00046769414748,59.51566438274112
54.61096867539976,60.9200914381449
48.95952052167761,47.95400415938635
48.65018133349384,51.09465533308793
48.6935109638867,48.650028658652
51.66594022623154,50.87457778389537
69.86295504725234,48.48199903491531
53.86886926220421,46.52418701844988
42.605014129214574,44.78976919553932
62.573353752324856,57.576282636259464
37.527724756889825,44.10766710898644
46.542302060936564,62.143151808993295
61.833340173691724,52.32442893490886
52.34091464483156,50.93678328275722
76.88402433136615,39.650615187722494
53.15167337932028,51.89213673237306
60.912335278782194,52.80831470302371
41.272777859422554,51.750914254122605
65.99437427092309,48.965520647147905
55.56591756297785,60.4116156600781
62.79845238366807,55.759301297145356
57.160614012140954,43.42629972428428
47.54809264106886,49.216674682977555
58.53202587817747,62.76557219778928
64.53024670746407,52.696610977500356
53.083588418510026,41.30025903159821
60.3055274711749,55.851382041439244
57.91850282413977,57.84454568126223
47.61408486197912,40.215008274738324
52.276800712578165,58.184562463958606
54.12296122544647,52.925884075003474
51.20362345182562,49.81963094848784
48.847613171548566,39.628988343977205
50.94930607554786,51.848371934115235
58.41632821275837,48.09753401130644
63.39407438173451,42.058240456451664
54.06729611327852,37.623324643722654
60.23795587885126,50.806272780892
58.86273676879663,57.10640760216662
56.27138661958818,47.396713420203454
42.231058530377815,57.78840836573751
54.69657189012382,56.14724678032651
64.83785320145023,45.81869929401192
51.170824427984144,57.97514554618471
55.316791742028364,49.18466079589274
54.02907103497178,46.488272718623435
52.77241093347603,52.221546880778504
60.581989154965676,43.963536936398135
59.55842616752644,56.829919729579245
53.827968704338964,49.857904420417874
65.12848963210402,38.57295658673693
65.39304014144489,48.75185942818592
55.81817509330155,49.53392744587546
48.87982364191542,47.2443810976473
55.67010451862161,49.33821433775166
40.836058303463375,44.08096086773779
53.87822402640022,49.177785091550504
53.11900444515135,56.04648885874028
48.11668280482381,62.543133420410754
70.14749829211314,51.928025300776824
63.73923023260144,41.16500730110841
52.11862072888055,46.54247786346629
52.80415503634018,52.34063016152686
53.87527299758144,57.90473402893472
58.31940294509151,44.941781582912675
70.05027534145832,52.37804060247345
57.85844289910229,59.477484479852876
52.35005300286465,49.49789092710266
58.15569444930762,51.64830636613657
54.84363159105991,56.59410899754665
48.756438572604964,46.54999928470334
60.47899000431481,46.347482279753585
47.701394675923126,48.879929168506806
50.68348753009034,51.976730222586895
62.21983058296756,49.50709532039521
50.23150697516832,62.87131181193108
58.81686181373075,41.26708727349701
53.91449035740656,50.18334026651991
51.69955480485839,42.03522214796243
56.23667897193589,51.058328595011865
47.72383337900273,39.45387080167758
58.39987873865766,45.51818288998764
55.34069422344829,55.37910032633694
46.17408976549352,60.44163830322963
56.822856651650255,47.10392344218702
56.66238928593866,46.02853239950525
48.43860584950729,45.70022972890542
53.40385715949189,49.53772290194101
57.21150424171872,54.99351943498278
64.03978848807361,62.26546581333126
61.06429871641769,53.717683714777735
47.569497610534256,39.326115453339355
50.79862451276605,37.875724767281554
61.31771639005629,57.5075142230031
54.50955318664041,57.37554809277907
57.80712822053644,61.75889723665632
50.90013438369518,46.516261480193776
59.552933691209304,41.98441172932013
64.73926220430889,50.14957011450383
56.685206180268246,51.14642347099036
50.662496686693835,50.271617757278
60.66158209760616,52.61333605380739
60.662710644016315,38.501550180128056
63.06585327474541,52.31517209876914
57.863429560787026,41.78139268955703
61.387413876984866,53.8440884825591
58.11659184114848,33.642534239160014
56.308915521055724,48.82482061863142
47.42566737260238,50.32628339504144
54.400146358143395,43.66960497405829
52.628663351895696,43.955947552698106
56.9118380501236,50.063969096462515
55.99327238424807,59.182455165518896
67.50519819756691,50.66951701151673
42.653004334670726,49.271275103969515
56.07868218217447,53.772636168215286
56.78270237155345,55.30398737420768
58.200955692727646,54.62305020227664
66.67738698338546,49.50341738849043
58.30706078976658,59.8955663546181
47.89569963731301,60.70544041764172
56.59782650803717,49.3614509378617
45.202597555665236,45.9928844679176
54.875908156537186,50.681539994113976
51.158713678252,48.63597423459204
44.99304844565326,49.643021204400455
65.29252171804995,50.55511787359394
61.948767438398725,43.22511904466694
55.25757142809733,61.16936777639577
65.51649507284685,52.74602999166813
56.25041470577052,53.355705701836996
49.02604840916604,45.627286308661
64.66845244748599,41.20642806175474
44.914339258740554,54.267803510393335
47.11890645243369,49.370613119973314
60.764069377463194,52.79012499963346
48.671356521381,63.746675463297855
67.5273027351449,58.59778854822861
54.94577477571718,54.23451037731774
49.12992067810891,41.514384341231434
63.68425849645926,58.0086716462741
61.26067034958329,67.08939968609621
51.96666573135495,62.88375580876376
58.06091847399317,53.965310634477056
60.60923631742078,57.52002467597411
41.81060360401087,50.48477762599808
53.637247369854926,47.95013819817983
41.56582486138429,53.042724962294436
41.65217183899165,47.379909195263956
54.565416264961854,32.75447454079463
58.453500896903876,54.520095881696015
58.58332343790782,49.56992569784497
51.669443003861865,48.90478533210508
49.5889623965391,49.30467998124868
74.1863882517992,57.13265117587933
45.682386066151054,47.42269008423907
63.1895150463581,54.78289142986835
53.392099354895954,45.81614356375432
53.693381386141674,63.19594008490922
60.10932885027682,50.651337778616366
55.18819057698156,52.127049994440696
51.69570090641674,46.04570434970675
72.27463855763659,43.48406801067453
44.74558230217083,54.743477399941106
46.60146524208321,47.07550101307741
68.98520973466401,44.258752292016815
49.50513728227061,53.72266605519063
65.04651498945812,51.74507611475006
59.05503640965639,49.879925623220366
54.555732129366866,49.562318700081676
61.65936026482375,45.24339531549146
54.780032477583376,55.66227203936507
53.61012872153463,49.55134238729673
46.337953884917695,45.036281095184364
55.15898292088181,54.29531173342018
46.74336536533252,47.299248718818724
52.09479608249216,49.48138265464134
51.404920312411775,46.15802982183076
56.29404189346113,48.9495861471646
64.3346589601891,46.94853154304876
60.1559389065222,37.20021752534258
61.97365192525893,62.62183650744241
43.6263737340881,50.352672949822264
59.60574610014858,54.54732482662442
40.59683512536435,54.03584786063803
43.545995096317846,44.18854508188079
49.216027918936405,50.38569981031423
60.613516146613364,59.27020290437031
54.50566822200318,64.01976979101002
53.211715478604226,54.35995059289795
43.650458260319766,53.997487538697264
57.6645858521496,51.13881093404148
38.53677476077993,54.14336808626551
61.70321733805524,50.862318972201805
62.57723463071127,56.038924493854715
45.0101689554238,46.122549196426206
58.73149451862337,43.68531374423588
56.344634222524526,44.746776665132145
52.92203959589861,47.639994049199146
60.86019298992754,58.615675822197524
57.15214851523569,47.79094228108323
57.09684491767534,44.15455192205525
52.13804626564807,40.38949791592044
58.20592318718586,50.84672975914253
53.4469296003499,50.73242657123668
59.50596056278382,42.72564161028498
63.87225948108525,52.30791217593748
61.720148350196716,51.71556112040072
50.90592039035867,46.48787513426877
61.62123417032918,43.280524471518845
39.20171899395192,43.11905018238792
55.081270429213724,55.05127001315076
64.68633589166983,48.28808130302046
58.78062096144964,48.29408266458262
65.23603888480812,50.296603448561385
68.39440520154717,48.033131653167366
55.68775109981074,54.84377601179076
57.93282018194253,45.039315745995985
56.19114534075145,66.68937985618604
48.083709179504346,45.57809634953386
58.770166286139364,44.66164563663942
48.43220051860523,64.19317992356588
53.73498197522865,42.86445571078374
54.386874648010064,47.67903083781615
55.26551334079389,61.83927423742257
67.01137954933799,48.36654932149088
59.7107205678208,55.204470378923254
60.0721189728584,36.701954663749724
67.85837040800808,55.19846060133293
59.84395510231158,49.78604302448878
43.645093886992,57.605252470756994
50.30667781665705,41.85132347678107
52.01801631333412,41.64587455828878
58.79709580577892,50.10778404156985
65.70351060539761,44.318191699498314
62.8593338284665,51.508708224307995
62.981355861734556,50.10499310859764
54.34542290949178,50.88923643422153
62.964412297188524,56.7685334469059
53.477316458224806,59.363687358886615
60.52074027344975,42.17342521224431
64.43808927293468,58.69772038466135
47.112699559440216,61.71326990573694
55.69297623268475,46.67433579127684
46.47436795001007,37.056626204257455
56.23804640373767,56.40601560240774
72.29203347077996,60.29197425656905
49.6995640340334,46.82693132041396
52.92245676422982,44.00638243092844
60.72150778896662,52.8131012575592
55.70873484545577,49.6237987284765
52.05236850299519,61.47377340088182
57.24126463726581,63.42339400322059
63.187756501332565,53.58055300833857
57.054805998492554,52.34334712158759
63.78906187340823,52.87872763754031
54.70159762331255,44.29456587910193
54.9563730891066,41.588969582648645
59.245497617019645,48.41051847230231
46.1977421927908,58.3365478064698
53.43505487029304,55.68724031114455
61.79208042425783,59.27869590506661
59.5713301043324,42.144415324718516
71.56804694974495,39.12838699308398
50.55540316863663,48.02888109964969
52.97917369202403,56.94939442866623
58.69730910763772,47.603624996476334
38.2261538117492,45.59777477307898
53.419111985377384,42.846312409855024
65.42843401411237,50.67448599171536
52.845789257066,43.82138225355345
48.1666540375194,54.27988839584652
56.71551426234308,57.931632674304325
52.873276552479275,51.58498036147547
62.0081168644387,43.81924353268437
52.32013104166575,53.065644452557095
49.09117320026218,52.90213153372991
62.40111496012237,54.08427317699224
62.20915166774365,62.13743470641342
40.567333038301214,50.09646845170196
59.672080424217235,55.71308991543164
57.0560468487591,49.544228921298014
42.90068528554687,59.493220525322656
47.19219240362264,60.080146445978826
62.74281391543037,47.33312396960618
59.91205013377146,53.45479095120714
55.94156170993331,49.60840894048582
61.511050074179984,42.26463764935992
51.343792672555224,54.712976313450596
52.90142929382281,62.05586263501136
58.33818916681953,43.53653364070388
51.54432906997843,43.353336045915185
44.65865624448583,51.687717583082154
58.36253041019101,47.64924843466167
53.01105651457667,54.98364659669988
57.841854972301455,59.496084490911876
52.854066205889055,214.63381480657654
58.184906855435614,218.589766666761
54.978238265258426,218.8152232756371
47.64681210919404,220.45636590225698
58.27202654388387,224.13230358566884
54.92163287285421,212.9855402799583
48.86281641840797,216.96668339942477
54.927841198424886,215.01666007732612
51.51585141002298,215.42355474337313
61.77902817008046,220.4134876982672
56.340061442542535,219.313342411278
55.67275735004163,216.23454810030512
51.58171992007081,217.56642521239942
56.42390396174776,217.0623727872951
60.44867309481171,218.32075478053213
55.592815301854536,214.10090145427762
59.02836146362931,221.02842225595882
53.95357060775106,222.54186886737682
53.34811343973043,215.74815204951832
58.786592585323056,219.53797202304625
63.79550820642375,221.60606508361275
64.15629614964378,222.30323189450903
64.1159999547217,218.25403292413333
50.75020777510742,217.35579409426379
49.73995377656267,222.84912212939085
58.916101202571625,220.57125926021726
52.26323778337422,219.4342255871945
50.819938753080024,223.56282782318416
57.11099739447114,216.21853616875643
55.945751449147856,222.8245113702527
59.20973807477657,220.807482383407
52.57498702762766,216.48707531194722
53.4905002110477,220.14862806527634
62.46300537429278,223.2352020154876
60.24061479957189,221.94987728947902
60.24273821212286,223.72399362159354
46.636321117256614,215.52367067798397
51.47446827510749,216.97817462746653
57.18700831530152,224.06806026004375
62.004168533884986,214.3298752859513
55.75807202510352,222.18525127410481
56.377561835193056,227.530925485037
49.05058253399796,222.30709135833152
59.71040472692259,227.70427762106368
56.7216997474359,216.90320612359073
58.632461747141875,221.4641084250365
55.57785812135077,218.9848382291661
57.71261681964805,220.1352513325261
60.7101746987459,218.23072736626466
54.61591837694959,220.7807481774691
55.22264845057102,217.3749913380419
49.6349328309928,220.56508305759152
57.700383922438824,216.15346508207003
50.75598104039258,218.3898668701603
64.73970893771069,213.0695444414934
53.36786155846777,223.77903630850645
58.57783909566608,220.8456176271501
53.05793386260342,218.12005377146733
59.80288701386958,217.37047286166197
57.12232776460148,215.38297710338367
54.261123603042414,217.8955732122036
53.53183450394191,219.02473683011772
54.58838981110842,225.48832892889882
53.544209085895616,218.7171641094722
57.90312860565564,222.41945264410327
60.77533502126518,210.88218598108818
56.77511690971703,214.62848036269378
54.837912900708886,217.98393055131666
63.328097430917296,220.11758531697998
57.7971046381732,216.45221245337083
55.142721371578745,216.18714325839517
53.502225858794304,213.44077245614656
63.93663283973759,216.96636969462298
47.27652975149343,232.1273281058748
62.72876641203976,217.88979445675199
57.411192397987136,219.10133166672856
52.043724099069046,223.57429735755593
53.03220842032789,214.66452319783878
60.62464679737265,215.06332625975253
57.4996206526869,220.64274944098992
56.11750240593706,223.8305143862018
62.6303217307657,218.49894879798742
55.95019690422299,220.9799677446456
66.75713756358982,221.85139609475698
58.20839730763336,210.6013620910644
60.124181762258296,216.91563251043252
56.49236999301567,217.21274401227063
53.14813273824115,219.4759790891774
55.926382944290324,220.3215394011106
54.93891049474397,210.53217649804645
57.37663595800917,223.0309160858244
57.28175780264968,217.92522649530517
66.48082102251374,227.20907719940848
60.98460813010295,221.07250643536244
59.26270381541311,214.83788835755178
57.84134689271421,215.8059558996811
61.07007774548217,223.0733166250694
59.32129845308222,223.58180713509353
53.60560557384139,215.72641079617702
47.50880725381384,213.93660300889462
56.805206014428336,222.26736002301323
53.76698476220162,221.16344878972905
50.98404564327183,223.59951496595596
54.444221579048964,220.27170003209983
59.915933246673795,215.18200667170052
55.490860958540914,220.68055815024744
61.31462588199851,221.47257046813286
59.534267803513934,219.04768355482202
64.23200107285076,214.16722374753783
56.24265033124175,225.26181149461468
55.36945409308794,223.31716014192267
53.71961154146082,219.88812381785672
61.59016114567766,211.54093652859356
50.704088644105106,219.03463596436342
56.590352462058014,218.4107787170028
53.07069823800186,225.8372271968769
59.199986073975914,217.47704841277883
60.57407866798742,219.9088461769432
60.162851105571924,227.2480695973332
55.35332633833948,223.91097483454172
55.819517863328024,222.00595088317405
57.466282173104666,218.05710807132937
59.395393236949644,226.8640674700408
50.56647069323628,222.64574267763197
58.53900943960793,215.07043615412965
53.477388663404426,220.19506499166292
52.04922414366925,222.1500833251037
51.713705881189235,219.71977036807735
54.61844954277299,224.36430333394432
59.086881270808455,222.29281164921028
55.54423382073867,212.66307377342883
62.158601281579614,210.5728343388882
52.21799096314134,223.96848560644452
61.892947097473964,221.9282056781466
62.13971359225687,223.45868706934002
59.594626770684926,217.9849003508076
57.39998498955205,222.6700433670575
54.252201468959086,224.02319387308214
61.67503032830969,217.14603611601112
57.36394473505399,222.07426893914013
63.08474018303241,222.424651266829
58.13047180894569,213.03616927231946
53.257405068072224,214.91250870022463
56.0421386288127,219.0895936393646
54.76928585226493,217.61968362085275
56.74306081871867,218.16448951184958
56.23325502958429,223.32235094167928
58.48427006775118,215.57662834052
60.498399247725594,209.0726684463977
55.36047824787578,218.54466856411554
53.87668412018892,219.38337979536703
52.63187226987205,223.7773077234274
56.24014804674797,220.78770088856385
56.276905446919116,225.82658214820484
57.47728528812605,226.1714810622756
51.071339206739815,217.89666976252184
53.551259162695715,221.28699571307524
60.88917637247031,218.8844111734271
53.86576055074027,217.57412908722972
52.26706231686322,216.88298853898462
53.83612653844664,215.85470077724028
63.640652981918635,227.4656537941716
58.41351956058134,219.26246116649946
57.415621416781306,212.30891204809396
56.87312153072913,215.21189877806796
63.947820294262854,222.60242084280878
62.93982035383956,220.39080358702722
59.881678578977514,214.93559720456716
53.22450056268088,222.82503704854705
52.80289543326562,216.6779663545127
50.14782712676055,222.47858366461648
59.29078393496672,215.40344165176336
61.05939043596101,223.77971093733103
54.36229572415525,223.716760745926
55.71865346804686,218.82891142230156
60.463721250277246,221.54258540592866
58.78814267951687,221.30571206671172
57.47643518747242,227.08874844376783
66.49308037897603,217.88602343240944
59.04856298214302,224.09009698490445
52.43431111410425,225.09376054371614
54.113055024290404,220.18953216772928
53.54408010728234,219.6175662323554
60.30438935987783,222.29458811450291
58.33104295612133,220.25198767020706
56.53043709701821,223.1819908983574
48.98967395795179,217.53157943906228
58.42756860010055,228.23813824659564
50.63846843200929,222.66350317830353
61.79658054378445,213.51883197249626
56.74358506874871,216.22714243902868
53.520767140921954,224.22707124362265
52.63927698978983,224.5238679137974
53.89308388806417,221.5093381694423
53.47047184828377,219.7018404157834
56.44141856880512,224.60585100111518
61.51712920769706,220.90461744188414
54.11232640219242,219.80293502493356
61.67172480339876,222.89669773040183
49.916139934874096,219.4455766900042
55.49709732731246,225.2010373492654
57.23255972083765,213.75625600487746
53.66214554772214,220.47644368000653
57.60926508317626,215.92163212830044
55.82072908316631,220.63107632206902
61.99129506935356,216.20786022900296
59.75881524656895,218.42026338599203
49.08446363611428,226.25425182761649
51.015703726455435,219.80820263489258
58.359868714768346,219.03125373572422
60.80218995770311,215.00935572949868
49.80887253134264,222.41234300217255
56.49549561634815,229.0189449295888
53.85504086409221,221.8062211426694
62.03516269956788,220.42920864691183
50.66768915758299,226.96303415259158
52.59552050540519,223.53534634595403
54.479027827570974,217.5430417997981
56.53747245071702,227.53873137131222
54.53281697398494,218.91513588616064
55.46229046499754,211.82299977530104
51.58983991408356,221.9270277379846
63.775343732598884,218.36909295633814
60.1648865204429,220.65923751792153
60.27876619614767,222.0889644621548
58.18295208670546,220.29967787079696
58.99600732764597,223.99583375065814
59.093162596709334,215.9925943324596
54.62769273653154,225.65594915501984
49.86509437338451,211.8175194140914
55.74858922860183,223.13026118645345
48.565091806721995,217.88070556940718
59.80404317412773,218.37243652400105
54.39141645249048,222.62489845027818
59.18003634087365,222.05438366219173
55.717183500828185,221.75655370225903
59.8181343656725,216.61485197503893
59.52759288930894,216.3973526050232
58.53607378250486,222.0190958890761
54.15101432632165,217.6848429590341
57.41161725180936,213.2094187796286
59.98276399443454,216.21260604203675
48.77955762711711,219.68432492192906
49.33305406877314,223.2449397847091
56.79500699888313,218.56699340054243
51.90472400933175,218.07848771609682
61.15192508127093,217.78393233733834
56.37870427742454,223.28635012304917
55.465752289542216,215.40205653578607
53.16446365919874,216.89021276701638
62.95938686078552,224.23910025617806
50.731798830255435,213.74510526940063
57.44839233955045,224.1002572552334
57.58954341500577,212.0173617171559
54.229770215358286,217.25179901678004
56.23903311777388,220.17650462014976
57.64594751513932,220.16044966329102
48.57791384477596,219.64519277573856
56.82508428066506,219.22192348012663
58.79317894817816,219.67732431692662
56.26226308244158,221.26911291222152
63.35359463240853,221.01824763614852
49.12989495283047,228.0551548021358
51.81015715947607,226.45634562470872
62.61305672781419,214.69052286747257
57.16100549839357,213.38647066961357
60.63189211406593,224.33089984582543
54.52829437963629,222.532510316227
62.257769485423445,218.7388228493048
55.44733302099358,217.82639918031242
54.565440121796755,216.55503112050621
58.335157203186974,222.85701447785002
59.43781259241484,226.95513941937932
53.16185147221347,224.06754383924564
59.21043388160721,223.11390230686163
53.67037154269366,222.0412881990695
56.66583477574675,214.57790291518836
54.43472389960155,222.5707142852761
54.56471367030058,222.5361960704585
53.17425075409106,221.83416257155923
55.07622559981387,224.8155489472539
49.66252437391108,216.89332364457198
55.35716518539587,222.94218309371723
58.569563052370135,215.86830402021891
56.978006482590956,216.22037952354987
57.43651720766395,218.99772255887726
54.33682081040615,220.03139696514847
59.48729777616797,222.28060047028532
54.74001478731436,219.51205167011193
57.671236246846995,225.12661190762617
51.43225392087434,211.65051095741512
62.96330466871925,214.40697887684018
54.382992329942944,218.18577005382215
56.41181646650925,224.03342806819919
50.52243808644491,225.63263213973073
55.33594287679705,219.662889851853
63.64489983466969,218.79094625667383
56.029797666524146,222.25893970429465
56.520653428534544,223.694984778265
59.10238746596867,227.60228887363067
54.37503643891473,226.88433716881406
53.354303908170955,224.66265365942667
64.9661987794519,215.4523650842133
53.99596533982037,220.91437787129502
59.45098745954635,222.40360488667824
60.964450664166506,218.49581267872347
57.64960051600417,221.37673962162606
54.19504104909555,222.27805910559616
53.82777510033753,216.8226390363208
54.00349363085307,216.2459332613556
60.97594281246882,225.5830741755341
46.70936152859348,212.71361393653842
51.63419553930615,214.87776479932347
58.868177637600496,217.74851248816822
52.26758595655743,219.47785998662994
49.88059063602616,220.03991238841922
56.89487767209643,220.08237134998794
57.888225355479456,218.89025268030488
55.04496038137399,223.6906921472575
61.259512166975234,212.24743472432618
52.72698579496703,211.67401477255314
58.865183817057044,224.08747652079387
58.14732200215654,223.83011801849779
53.776655781464434,227.8952670569599
59.34870857570767,216.91034465338257
54.89025578484385,215.88688594893486
55.845804889496144,215.79033546849845
57.84847419005465,221.3362833981841
54.68022748871923,223.63087349488418
52.78053986269501,219.64105759686493
55.82295505628473,218.56495834342368
56.59583176975631,218.4889972341432
46.95971476402306,224.17071398498408
59.97586683386796,217.62097036637175
61.425318257506646,221.413453619206
57.73592554087287,223.1087157822412
59.39658949806444,214.17291073380272
56.75195702625928,221.1828720296966
46.39556322709241,225.66702815916855
59.528321670903004,222.3415812955685
54.88592140556189,219.8849588357293
53.84958396090032,218.03799120351377
52.78187176690647,219.9824532255725
53.88414173848756,212.65405333776982
56.43363801860935,221.59683263809805
60.26051766383489,214.9493078744697
56.316149049255806,221.0857898286734
53.870682825645716,212.16914760428543
56.59084314494852,218.44770586072025
56.99741675537989,217.06047897202222
60.08766312325279,212.57034178856878
56.90454873325705,222.56790826693066
57.96351492238203,222.43667471781876
57.43045928837229,224.08668862000502
52.931538481811735,224.8353949319529
58.28785108011399,218.32177690097006
52.61033139147076,229.1291397708913
55.97376797847966,226.03890520764688
56.44168619720368,218.11577340684056
63.34009492790763,224.56851071397293
54.442897034993855,228.02120171469014
63.05196647533277,221.88390345450662
63.61299699273689,214.04545109747102
56.6373774195602,221.67600185099147
59.742159944947275,221.9558820654795
57.33944100425023,220.7859530567474
57.24524544756278,220.9508987670443
59.74150928544675,221.21417195992163
56.920622521615584,210.13650307959117
59.06897802155302,214.79637482787533
51.98390160301064,223.7120879435618
60.77262750010553,221.71816194684052
62.10734179586956,217.33422766211638
53.783144552976644,229.537826770107
60.27512497011616,219.79476697596255
52.89713127277886,223.82598950268803
54.57229387360174,221.315939450474
57.99114852935233,216.4174372811202
59.29930824219204,218.6488108667873
61.25307188292536,220.10787572746563
66.67306939622551,215.77591795536668
53.63643150918058,221.45375497402748
55.136616374969876,214.1366183792535
48.973472287471324,214.55874624880678
55.128675464249966,221.3580446197564
61.354071273456604,221.32602108807657
56.89070513103216,211.54585330274955
54.45649616149532,217.14922633581102
48.437550402737074,215.13544190233048
60.28875724289106,219.15409424119179
58.95183185079776,217.90902811693863
58.43596325265374,223.11697036153342
54.87267538925009,220.91503056200366
57.687438134725554,225.63930916490176
52.8377612727136,217.52322190343122
59.82170144579317,216.00893174178924
59.23787211433834,222.94237740180782
54.28652815002637,208.69237822085307
62.16926956784394,216.58202035822114
53.304059715655384,213.69976769097934
54.9857884150877,216.60188924053793
53.178750285411546,222.65407459762008
59.64636417923608,214.78035060268192
56.91266619466035,217.41141598539593
61.578287049779334,223.1459952579095
56.64495282440039,218.81082630393894
61.0905856587423,224.45867909439482
56.76347884484135,218.8417437902281
57.505745190868275,222.06512185971923
56.03108194182763,221.5651851024022
62.013819175051545,219.27165101650155
56.859605805794125,219.93501646137082
59.21592576624564,228.6585131529874
52.8309909658302,214.70076462429174
57.41403216783219,222.68064343130465
53.78833705062571,212.59139621442222
60.15037427650047,219.27726053913887
48.059886525713765,212.97472240952675
55.7942856981637,223.93832534842502
58.714358065383415,223.81637420726273
52.999867826359704,217.56327592087996
57.06669372017523,213.68738764208035
59.6221073310161,218.68489342736294
59.38529469410806,217.90681558699623
57.249953296395994,214.29307596376384
51.787230849346685,222.32123415927325
56.027335153312926,216.97512406881575
58.06873273976103,217.47103341629057
55.87516963857876,225.51874660187124
55.33970692314575,224.36965716536488
54.34634533781155,218.7982752992948
55.87619917106277,222.89154661853797
57.34649624185519,216.7091598898118
53.25731111619328,210.87156591752765
53.85682762873614,219.8115094783175
56.87298967219614,224.10964894876852
56.23627023159147,217.86780076508714
56.00377189401108,218.33447692035605
51.86299052005378,212.39179368387536
54.62940300058327,218.34305323518416
55.57017721159867,214.60891865649154
54.21241170660154,224.63066826336978
60.85251758422016,218.76745398779485
53.024966304871576,217.94912857924436
56.16988954127924,226.02757228435806
60.98022157551339,216.03300473414802
56.9956521565288,213.5956277987379
51.22427052939543,221.5198219582502
53.81570998844977,215.3763552985394
56.36402029894598,222.33168815149833
53.57442611150841,211.46629581229908
57.73087382943847,223.67950792874692
54.07217463269006,222.67224339162834
65.02979910701083,226.67272638607437
55.48955851104324,222.79699450163525
51.671574160912,219.48572086604662
54.195263670029625,221.5357076988652
59.3191798022056,219.8089534322207
60.84456689518987,222.9226276001949
52.8429949381372,221.96673146083873
54.55592751026941,211.8623787590292
53.35232622956414,218.9369560094729
58.39593692606461,220.63445116862647
57.070498304299136,218.06953757751975
52.83571099125125,218.08750605559487
56.88588574822144,220.30636567289037
58.3944797452227,220.69095374480597
54.75725134054596,222.25727507145487
57.62040560561532,218.04486940858453
60.68218807334493,221.10569914510012
61.61313616554604,214.86468892721635
61.525946764536805,218.2062269750495
60.74178553175699,217.9397265638741
51.24445093408853,217.10103167207077
49.58634007137576,214.93580421819843
57.38356721337766,223.92102977483674
60.9259040311815,229.8163208083207
53.68942556956026,216.08991230871268
51.25570285205185,217.70342084656775
60.285899453962394,216.48942448202314
60.74035682809501,220.4445189095665
60.093850197392086,222.62858613673055
54.54762643536848,211.7335637694306
53.26239613474715,217.787631238822
57.68190459046762,219.38435968663597
60.7284255906218,223.99006242973826
59.47218611776502,221.72840093322492
60.31468010325727,224.1630673559564
56.03222526551461,222.35159395878108
58.31191395817378,216.63898244432244
64.33528892248995,226.42120383564108
53.546813962759515,220.77037489305502
67.62228359728906,223.43459834113926
58.35804873749826,216.01521645314838
57.25539095457447,226.5574421381149
58.44201402140637,213.0643871387299
66.31016882989027,225.82620876697496
53.60485652870424,218.39758109111904
51.73009651391271,227.0930178906809
57.814516181727114,208.8135767022861
51.323176894592805,225.6632547690434
54.922127778242896,215.5080623680992
56.84138961478225,221.6138581128697
57.07240683221637,219.32780182140294
59.18536629486699,222.09250239914388
52.07490690805711,229.96435679074688
50.41174728691105,214.94256724683476
56.40791972332294,216.69728224158965
53.60428433419823,218.39848854070829
59.78946239548311,213.94936922279715
55.15745230954975,225.63328804394806
59.380039838917384,220.66458276145022
61.21696198230917,220.12276986875938
52.778050535519846,216.27109555405156
52.561776091772295,215.5277958295728
50.382379073158106,224.71300709129883
54.209066211656996,220.86056860286607
48.598047397836424,221.3146807677455
58.28820535469363,217.44115023513206
60.4482534157193,215.25822924237983
52.03562698760486,216.9591694054716
60.01875357698711,218.55139613715838
56.4596189069614,221.89091833011287
54.67551667428836,218.13263793347562
63.84480784178708,224.71870001311012
58.83549467118142,217.48550565871923
51.94465591597036,221.411252726956
53.9369670487884,221.54925104175112
51.995200585183596,224.72956915835988
55.16186324524132,223.9747834348926
55.130679550364825,220.0086978482342
49.930368129570724,219.84258620032602
51.81087173832737,222.14679808614235
53.67150250722343,222.29714796913498
54.288676002013894,226.19522831622618
58.32447774406868,222.6428789243852
53.430695354126954,214.06925834211083
62.5748674246223,222.25755613062717
53.619841984165944,223.6882694608526
50.49138706367424,220.9284526848995
55.08872845440121,226.03368069069592
59.7531420157235,219.62219127271885
53.06454746291636,221.21936513545694
55.55948615094537,221.13216840899187
58.87558799384454,215.55861439280986
55.68534341214315,223.4670662413019
60.524210952247024,224.5079445565129
54.24808097884338,219.62979335721695
58.28629680364191,219.50496763594464
58.15066653779521,212.6918261796235
60.30608637529185,224.45734172693363
53.44636635929842,219.94075011393534
58.81425553087541,224.6599593041873
58.20017837047581,217.59968624494456
57.29805588898168,223.738576934893
55.91981180856623,224.71375731220388
48.822357637974235,217.57032362627544
56.84256340926753,221.6994773241886
54.88305677789402,221.32079602690848
53.37232295701916,224.4924400060473
56.58243133662556,219.15435009309354
56.25451148220224,224.7945775658526
51.66606936682908,225.63551043744113
57.042210877881644,217.78221018732117
59.91077165942074,217.8647206970826
50.549816588077405,222.22567141143904
55.885609964442615,216.2031205005003
57.00228475250926,217.6889158478154
55.471834220897115,220.14147686759785
58.986097031091305,215.28707562044917
51.053308580671604,218.52798838242398
60.64223595063697,217.9071605536868
58.468071289447714,219.03004997053804
60.61582544443332,219.18306940349007
59.14994921057217,213.1242366400474
54.491268483005996,228.35863918856225
52.120371785568594,214.79211415973296
52.181810418859804,219.86835340657143
51.014632770043505,217.75879590168518
56.88069803230485,218.4118435043122
61.63891393264642,224.3668243208761
60.76378284422954,224.65716616973992
48.52644231289207,219.07455453051924
58.86555245681376,210.99027346470484
59.95535445737525,215.1409230118454
53.90202615562848,222.94129951957717
56.38867711671483,219.98912954454832
56.342501973275,217.88838884473182
55.45951839337702,213.52958146759977
55.48896386332632,217.16211573864365
50.80693564709248,219.68401289054174
50.086047115620225,214.5310172224327
57.96520576568139,213.49698451929012
61.007418589887514,218.3272561114852
53.93829123441082,219.67286045702113
59.652279437697715,222.81026621232093
55.25895250392151,215.0902216433127
55.49777652938076,223.9602295933052
62.78228407189195,224.24085404992005
59.40906568685802,214.0308140396588
56.88023675916845,216.21968762187888
49.75919806383696,220.25358711972174
53.84392598788769,217.9215988772554
61.822961588606695,226.89753138083677
51.67154079988309,220.71201564937073
52.27938095414738,218.1975869092399
55.525225418387336,220.13637687477137
56.153340697871855,223.72590004667217
56.70662726546844,222.12898816763015
58.294948759289234,223.2910872596049
61.51297352962861,218.11805850989344
55.28529666828283,226.59322743185342
47.011649412717475,219.26075018125226
51.829440014120685,214.00416140552545
58.12591345371596,216.7127179095073
60.73108315289985,219.5247497278392
53.27146113428011,223.9667439426739
54.16511095601649,217.9067529641424
56.22988028437098,223.25083273736053
30.813482059797835,162.6456276147519
38.35036073122516,157.53317994522948
26.969180538244302,149.28509316960537
28.1768048521309,149.18498767024073
33.00134425923518,153.5907041347122
37.891478637473135,155.52822623803667
37.74721910407175,154.8238416831605
42.14687994164376,157.67270596919138
30.37178402952585,148.24115604552054
36.300558817498015,155.35625624443412
26.891332212325207,152.83034020521322
22.43989784375949,157.52677800576845
31.3546060848113,152.75775495261772
40.943990997275066,146.43435739029923
34.3387707686982,144.85685594021209
32.04788762579896,155.10510439230043
28.74015307730844,152.14206355916178
40.33303982788589,154.1942157564069
27.692692854307495,157.92411080343732
34.19670218035162,159.37303721456811
41.432520334065046,151.74165072975157
34.26648532862078,160.13137324088984
32.11504889319632,152.98499037148648
42.93622681976871,143.74906626035795
34.3125801386548,153.79371693011058
29.268851303489424,150.68851909703156
31.832087443735023,152.7541317939632
40.888962942491695,155.14006601937734
36.17574945768901,150.48954715022938
24.218980455636398,149.09769154824176
42.25057870356869,135.3053015728808
29.29398665722553,151.5443747295167
21.414331576138594,154.80096100276575
33.88484120045309,146.1848445352311
26.669234719722514,157.06558426754046
32.66616433584069,142.96464225730995
36.97578375340731,152.17917075211045
35.822864895250476,151.92560795788697
41.564412025452484,149.73890462342465
41.47560555203056,154.84820503121486
39.96135153236338,144.82556726198453
40.52409944449449,159.95586981154963
29.190243692559214,158.81966747966666
31.0331264682915,143.60091087980462
36.88959255269497,146.8378694627319
32.27563731965727,147.78004186330546
44.411435048023606,172.1437379199129
33.43635712807708,157.02126100086613
32.646337518989434,153.86099333317364
39.352453346422514,155.78856640922262
45.62539921400815,151.31163586593576
37.6689569850965,151.68943197720876
38.20439200569299,146.70399332543604
26.511651291809144,154.46052832798298
34.77567858180948,153.05550863575368
44.82787563980445,148.98582407272144
34.76872648789028,142.40333064233099
35.78861758431218,152.68017286142518
35.21095880704734,153.68354555338195
45.6914414959802,143.18828446808718
28.764825747074056,157.81698882682716
43.01521478113436,161.9354282391178
32.80547006032857,152.5068830022493
34.62740915111006,137.9521853607395
36.138275637018104,156.54569311180967
36.77610310496069,154.14607323806098
32.627425988588804,158.50442228621517
36.560812029850595,156.5608180638768
40.957797292445775,153.3881623284632
45.67994278020727,163.6549259765442
26.30661540216228,153.51526002681686
33.008311723508825,148.78686248513696
36.70773177829474,160.12767213653706
47.3197898238551,152.39726625486256
31.41019334164237,154.57356730620202
36.336935136263996,153.45642880848882
28.276492725305992,156.64224328529278
27.972494395632786,155.10683338324066
29.796640884726045,148.5967488674276
33.26888434493133,158.72894840318511
37.75058454494382,159.04241196127344
31.080579993825612,148.83670544712723
26.487593165503313,156.02149172627952
27.932584568687822,156.99679238535575
32.84094422798075,155.79584232071352
40.953534621065586,153.89783530278808
33.532533577680624,155.1686697963597
36.17108872603815,159.058408580582
34.35103176304655,151.1980861700638
26.772221051231405,155.661130750557
29.928504750459545,150.90692467293204
41.82833670015569,156.04627502754607
36.21218450264284,152.41748229719755
37.58563415859319,154.99669729693443
36.593485182095094,159.29222232385507
38.86617271457769,159.1650939502187
26.948206365254013,153.62131026927293
32.438932107951146,158.1059646922156
47.920292673929204,153.9625655948349
30.049308782675617,149.31007794661505
36.02298582854549,150.6928252843862
29.41864542385874,157.1855924214003
28.22332167797213,157.7743713113289
40.78532051018218,150.20180794926804
28.51667799264625,160.11081092666006
28.63891954859229,156.64780929510292
35.28507264157865,150.68527718107677
28.861231693458247,151.9631913640141
26.832445810273164,159.7433176804545
23.69024426415648,152.93110822527206
36.825271943015515,151.20233003882112
22.918360964602705,158.46892770952388
33.15511575741735,148.36380882117527
35.13544522484868,142.02705878377955
38.19172813226052,153.26587766736975
27.702958512779187,156.1710350748186
35.10932133312575,143.22064792991273
51.45915614215913,150.96194400877903
41.70108668726346,155.34941381076084
34.16014727516892,146.81027915497776
38.78381907701873,150.77606977318771
34.174699091123365,152.70603793262373
34.56690450597389,154.87427230900542
34.380689016882954,156.99176231751397
32.90132680675443,156.95937865735993
44.69605781684744,153.03756681632217
38.131078542542554,143.8594702534716
28.31388396411168,146.63999859546857
30.521937486369847,154.05625197278204
31.602962578725688,151.3230579100433
40.01728803129825,151.8257672762247
45.28433216008779,157.10753866573586
31.738539514317292,148.66886718551223
36.27139445453895,146.63120059585316
42.60635593136309,154.25132984798034
37.03421816593443,153.99903807027573
36.15510314999216,157.65310800603555
31.395019291580873,154.53216296581112
37.66326598535801,156.1744422861458
27.268588653949656,149.4881196327991
40.77160646488549,138.40654181058832
29.46699888076817,149.87909426095777
35.87751560714119,144.6750394003309
33.744880939375804,147.07997585907492
37.250107412106935,154.3118466342396
32.601537099027524,154.47403851793356
32.331970415171725,155.79705604740383
34.857975686867825,153.87175845348597
29.303083077690843,150.02242514814094
28.39262259281101,150.4637615506202
36.98183454827292,157.33234479994903
42.21346995771573,165.47979035573644
39.084498068806006,157.1798445409852
34.32875861453038,154.69359159145716
45.39513357673731,158.00322181966976
34.80343681326949,147.9078237426265
39.296162059333255,144.63403121662935
37.948063533159626,156.10147986371405
34.45054397645806,155.6525804871755
39.32821046888206,152.51658094586685
29.15565345712114,164.5439962832977
37.08715677731664,152.4866893263653
29.896152037025395,150.22580212337218
28.755834403183094,150.65213022959986
31.052662848762587,166.1220420245401
38.40597179142942,148.33300871983397
35.756215992333445,154.71143269983426
25.796722114868246,151.49015893022306
46.05683938524526,151.7578104712784
35.67183939531866,154.64304339347967
28.333103099962194,155.72964076480866
32.00590982337131,155.11228901887722
36.73285642418225,150.52492221583722
39.34324647838419,160.26845150127053
37.23646648406172,157.75577867442217
34.378702484776916,158.8777353728202
34.056481609597974,154.74416247533907
39.8964096223241,149.65402435013192
36.76419877588468,151.37862496056638
38.93056444288386,150.03939993549625
35.87120660835758,147.07045918043502
38.329323639397856,146.84787109138298
42.05133700984984,155.99069107501376
19.32320842973003,138.66367340334457
38.090810328003016,154.55444828132178
27.937415974137853,147.12122301161176
32.98892191658308,142.3174505059529
45.12281862473112,162.86542593823785
27.67857279079601,152.35524475738924
34.436112059837996,151.9017342483205
40.88506919021353,148.88113588063217
28.044916315728486,161.30522659461136
42.769497861395536,157.28624155906186
37.902004124646346,149.03731034594495
30.977912172201357,154.51832570063686
35.5443461633188,165.18370837266016
35.799560693191445,154.08695341352654
34.256645811664306,158.00166368625804
31.939014175086324,160.21067153461593
28.03690733246135,159.55954904420565
38.30604804088204,159.7920948642719
29.523924821231667,166.631665069748
39.433352687427025,152.37432828117744
24.417384701569116,155.58345382719023
38.210404280312346,157.57916014376488
46.21835523251126,155.43076440276351
32.09661807907001,158.72017558000675
42.48331272556193,154.1873392605735
30.665503610893822,144.7907716658025
32.77370188423729,148.08416803968524
33.47768973569285,144.65874097951928
33.58475505861797,160.4755647975322
29.395362278324278,158.59630482704935
40.84334178620406,159.81647223890934
37.774273377443365,154.6229375722714
42.96922443539348,148.04634274220152
34.307468337808075,150.70365126629346
44.079134670188374,150.61684906087447
32.85463823618398,147.14847502855383
33.602847002975814,155.210489236112
28.949979398345615,145.0602171001525
47.113437410243215,151.46362638025175
37.85801258435346,149.2262872473023
30.1176648570368,152.9086672727176
37.986967931881296,157.29058363338413
39.361146430187276,154.0896017860843
32.527297599634785,143.56596811955396
29.48486818608922,155.50276330835305
35.93100011199521,147.5961436442049
44.0845783419453,152.32477066562103
38.31493956971256,155.84233633166022
26.81170208541007,164.93863339009408
39.64214714869672,152.34445306570453
34.97240113661813,152.2379140095726
38.81957845586085,146.9000580244926
36.16725510212091,144.02299143871983
31.136200958346976,144.91239901914042
26.96753339232756,163.0535463980762
44.33319642969917,155.07281782631296
33.745354687679956,157.53329608265497
30.73392733765075,143.3314722820891
34.938416661697445,147.25953904806647
31.563916610190887,164.46561034671947
34.8018383259266,142.78914110175577
34.05755025747371,157.26488415493992
26.694432658243144,153.50666948058608
38.67640069633249,144.7915350537081
24.450841336756937,144.92177124803808
43.428795740451385,148.53109670225257
51.716694358334124,156.46844497079186
24.008842641491093,139.2159379430327
32.84535247116397,152.57716533945253
39.55447303412578,154.0350290536178
28.686533892921773,154.21193007055754
34.76564750239864,151.50701760138585
32.276852666869935,154.0730226263945
30.500342146161543,151.9616634306349
22.456284001765248,146.94721090591094
26.660408340275502,153.09438469009862
38.7126769465856,161.7961741492439
35.905142740460455,153.24286971759955
34.8265554685302,147.13644316591723
35.62998272113957,155.85999678019394
21.56569639007892,143.9975290647067
37.220004027398375,144.92837997918673
31.938975450214972,161.10113238109236
30.5729574135988,159.59611872109423
33.970592647312635,148.5451112266738
31.241106191289635,150.77045967220138
33.01816154142136,153.65546138843698
35.834162551601466,153.01536541183307
32.103903980924656,157.99883180592366
39.412790522220625,150.86076062477468
26.703394057943086,156.93599875369233
30.73720385928438,154.0487252931756
29.445555538427406,151.19292518789166
23.789789156045174,151.26590094104037
32.83746105841851,150.15478567330055
34.60777492702612,156.64488146564682
27.817957060805888,166.7453914463931
29.119721915282508,153.07901237260552
39.59971607692812,144.6251690431823
34.013342630862695,147.39095402281532
29.9036109510293,149.289180660161
36.552953967771124,155.08504149265497
39.05833881199125,152.1999605213975
43.67346067901558,158.39416951688764
41.563380982897066,154.21030673370777
26.6439540363791,168.9702291970852
37.67983914408562,157.5531068715818
32.45526249306525,150.82433671108254
35.161941429884145,141.8798782489126
35.55278755220366,148.881960031436
37.977522469735746,157.37303751790432
25.06991325838773,151.26910359440546
27.49133944425582,147.91453720843037
48.01525427638569,162.91405152425673
39.49448243503996,143.8796562870595
23.6867766389881,136.71046003570672
30.587040901680957,142.96655493584527
30.112181017112032,164.15554846326063
31.22941773528795,150.39229877780656
29.181703193858347,148.1759955917133
34.00405294944284,158.0569969487546
32.4578904222113,141.3545316840333
24.12583559045757,155.40570960801728
34.27489888477282,147.79822308519942
34.32101275475784,149.41059831013985
25.302381276329406,158.4038508275555
34.96719977229568,149.98399173800473
23.719156645039924,144.86395989682626
31.08744485928309,157.6046820105356
41.18577506047917,150.32942222835374
36.21821202897868,143.99473444469817
35.44468202375703,148.72972690001794
35.409196987733445,158.29885577754098
33.49294428266,153.1903635061562
29.76621672142231,154.39067993575514
33.050239555593016,156.11567094926136
34.21437023802805,157.31179417818925
37.81350736227257,153.54142546426732
39.05688376323748,158.84892506526975
29.187651131103067,153.5832843807959
27.555717115843308,158.21221345028187
40.36299190326683,146.14964320693966
37.61201065918732,150.31301209924231
39.59475128694115,144.8446506650291
33.39251018013304,147.36250544631528
37.5780049043242,164.1086548964968
34.47314914584011,148.70586737083758
43.27292248030656,154.16727146118535
39.38855220735692,145.91125036121326
31.830028939581894,155.0907819128258
36.423410586115146,142.41410056838347
28.25510306639818,145.60273412754987
36.17153431002399,155.61779819390176
36.726113590624585,153.270248877827
40.45978904941597,148.80056162457868
39.07456219976653,146.83581899170838
37.96778606966631,153.12043633600194
35.567791455015055,159.5893368043933
39.101324190605865,157.9051173989593
45.405097432023865,153.30959393238732
35.67173221148931,149.3608757119521
45.03844983415803,149.8365511430506
40.48475369194129,153.5635868196147
26.665566829988915,154.95090222377226
26.69028524086816,150.493168716612
28.787066734835527,159.8544531846476
26.792332855342565,146.80961351826062
38.468570612207984,153.85019553384683
28.544373423949434,153.99875824077222
29.879560157711623,144.20064077207817
45.490266855136056,157.60148278913607
31.369679708980488,161.64992945523875
40.75453857305126,147.5542357476758
28.70048128736602,157.72141193800093
31.957412841300208,160.48909138961866
34.28789023836843,159.1478766888404
34.636517703474134,161.30312076167164
30.44769143887246,158.30029054501495
41.32619309959967,150.54432350426347
29.682256115257942,157.31645801789438
24.131500477582335,157.31431039203704
48.85260064626365,158.31784687823802
38.45060081619895,147.43624956605407
32.95850297080834,149.31169456822985
36.35286668911139,154.1957896120047
24.612817998393762,155.4265968505817
41.85246587084034,154.41906760561722
34.058377460831565,151.08420065536413
39.98768984703614,160.70081553246348
39.32523703228934,154.09846913047016
34.27862146453544,152.39656512915226
37.66216501091909,145.16974988603053
37.96269888870492,158.90005226197462
32.30179098850849,157.94568422047226
29.31773142947041,149.66178319926942
37.02209191386903,150.27441306942382
40.5772256576252,161.91431397240578
39.35902915216006,158.60059856258397
32.468842059749505,142.3483873037943
34.051097776909465,139.00822089644058
33.73301790914418,153.7322935968073
31.999442158621132,161.77167801471006
38.59448063248515,159.01218688792747
27.62422527800514,149.64742726821433
34.739990693955626,151.0716458263499
32.4173321723201,141.12546864578198
36.33574353361497,155.42841301853917
29.70750103629145,151.72623905103345
35.90916041612342,160.15337918942356
31.683486932736155,151.80007742013956
25.57647329702857,154.7687299571354
34.102395864327704,163.09225592239747
25.454305481719253,153.43789778302246
31.06804623195722,147.32169151809532
33.8296464145305,151.99106238262064
39.70492225037888,151.2925593873768
37.53919975384671,145.2948048262648
35.017960977171455,151.88959757580167
48.589779967467436,159.72222239923724
29.84066280052119,153.53799443012971
27.878321645564995,159.9978934668578
28.19890720560938,155.70450583129616
39.09518488495325,165.71443271251545
36.6261138396828,150.96507244525796
33.5329163648959,144.93998980941302
36.77898675508332,146.80886320346733
37.14868517098513,146.60204205908772
31.425295007077388,157.46232834448625
32.68010177053065,149.08635391978336
40.978573803415976,144.26103903258604
33.88633024124345,159.42706582673028
38.372113041575076,150.3566754428581
33.895343355459254,147.3297976933603
32.87440026693984,149.5935031539972
34.99935971029327,161.30622770645303
24.35007607614844,154.98749037781138
49.29882979804469,145.49709926921582
25.998141845277118,160.2684271512288
31.078988784552635,155.5267610619685
27.071290382905183,158.7158003158627
30.33659812244841,153.8901426424543
35.482867681603786,157.3980367883707
26.819685726305874,152.01904960177518
37.04266418678137,147.98662455203566
34.01582086172599,163.9307106042825
29.59847405249595,145.37010941534987
37.04448785168897,160.2595269244263
31.44475409179701,149.28060625729043
25.530828155890454,159.95649234153433
36.37649739849697,145.03140584654108
36.04690061222182,152.0931240969217
38.49404395836519,141.79751631171422
37.743838627692774,157.505335956285
31.96842973758718,148.39657433742312
40.52192896280464,170.1213538924875
38.63409745406301,157.07420241628827
28.085267225553533,150.0916668932473
27.74761648145597,156.76024934085711
29.80326905173682,149.0800316454719
29.64187150897283,152.13855584242214
29.669797088393743,143.18963412595699
46.687263527417066,149.1071528024328
34.07756560066154,145.65593154969622
34.43998222823551,158.81710859677267
30.892290315906205,164.1187104658226
44.882092848337216,149.19023293918895
29.165072604415492,159.23660268806998
29.573452233938024,161.14024576245657
32.88294682368915,152.17630369513793
41.125657493455996,156.11576442579243
37.925253908874865,160.5597064507436
37.6214201326487,154.25384456014777
42.5309246522177,157.21411041614772
33.46365107417189,158.54614558311403
34.7926529813455,149.07678198792874
34.49064481769795,154.38605591040994
36.063103830768284,152.1531813096833
24.2996781197538,151.62875450096197
26.02172270424211,150.3846082214502
33.18776802245296,137.6333635463018
32.070509063214395,155.81152540564648
43.33739368603303,149.16767411392863
26.934969503097083,158.64187812732283
33.15887611711633,139.6471290370763
44.90720079709863,141.69025786508615
37.04584359299327,142.29884633890111
37.48268172264131,152.41204706109193
24.188231047322965,150.16380551086183
29.059916035859448,152.17359374128333
26.09891878951067,149.37498066804503
42.15211570226069,150.73418800713958
36.858465245952175,157.09302778226777
32.27655216090969,147.88696626966635
30.48170014268617,154.45582506462995
35.84183351730349,158.3917512048698
39.1520000236263,154.86753870839922
33.807593735064984,156.45090786117854
40.626468964622525,152.5740786629907
31.39150637359218,154.08552667417166
33.66833167622539,157.6148065804673
41.7429374356266,158.6105840907204
33.613841241518024,149.53176742328097
27.072966005412734,141.28587587691737
42.807563374356505,154.13219465052242
38.69097820794448,156.0022074827697
30.644348310579087,148.16397469432974
33.108995936149526,150.75023063382793
37.92409731950976,167.60760710583216
31.46269667726733,149.15077519766876
32.479574435398625,145.1910943139151
34.55515053356151,154.36106517483438
34.45351772082039,147.32246485538568
34.23478352327032,140.98160594498586
35.090998196688695,145.00633013078223
34.41429690914453,154.37849499494882
30.22890970375283,156.272332417043
37.936545662245344,154.66116430934076
37.14276357641548,154.43778488334226
32.45018838608229,157.35625638225318
25.87850333781406,145.8710688004878
33.98993044441958,153.2655519667158
26.4697722421882,150.93879479005105
40.9416148677125,147.63394430710994
31.383083432229274,166.67914538167219
28.550964020641295,156.08002423896258
44.30919140393956,156.3027228981053
33.43989425578576,162.69748398809188
28.268279780075368,153.73148165056404
34.65295720012097,143.27168415851582
28.851679659610063,147.46018388027912
32.11615147936348,145.0341793838084
20.102043177932313,145.98836086433545
34.702603888495425,161.38881835976358
31.40171547364981,157.53485188121027
34.30764267911746,156.695958266411
41.935304333172354,164.14444017679367
22.656961077976604,152.4165665576901
31.324919857050784,156.37162059820116
34.49275975304546,157.01350788353707
30.057214816785788,159.765902952221
30.751538581259645,155.1997597691921
41.44090471507749,167.29556228481496
43.48292838738622,154.12510470797392
35.24931390066204,149.75603152017652
36.25963452061773,156.36449319054373
28.72290249988672,154.54853294777422
36.152672704979075,148.7428107766243
29.19959294165269,156.79400416548415
39.89871883625652,150.33841205258992
40.57491764027027,154.87798463890454
48.31383258925564,154.5909873438924
30.53751499852428,146.6323452246066
28.43892628457624,155.2943853706056
44.64433067908156,159.61934304784427
28.695067832719097,158.60707888468056
26.227622316705123,153.37871326719122
28.522931128750383,149.43286458141293
37.50906689828398,164.3736605222052
34.63757959077216,168.40635217737537
33.29686766530819,146.9517657181357
39.14762306606147,152.17732950931818
36.56633255660784,154.8969041065599
38.192489422376234,140.81618167515668
24.41654443131349,149.6686309805309
27.054013528764433,159.9734842350383
29.60910615811863,162.38031616315533
24.686184449742626,155.4858174814666
30.679075958007164,152.9454154098084
26.737711209217572,148.829890110091
30.097104623996483,153.45458378404837
29.819160518245855,163.19216085846068
24.451795753927392,153.83860573924318
44.78277495430573,142.1875986619717
33.778748838014444,152.89065957708738
37.33254998611368,140.43388273660162
29.613954672589884,153.98081607355013
33.92808130948367,143.7431540897026
39.646312001442546,157.9955304509568
40.368160306959716,153.3652883627577
25.928545874028103,145.02098617122925
36.273544481170944,152.7169781170789
34.14375915736571,153.12584195810345
38.18291080750242,159.93034847091855
32.640490655816116,146.69668606568467
37.66127345491855,157.4260334648247
17.666509911390687,151.05220178202532
46.32327549057112,159.89714477231902
32.93867551730044,152.96812939227945
25.879832602053835,155.10597935788704
34.93028032633253,150.4889437943009
41.09530212593476,145.7069398289265
31.079690611802516,153.88580926100371
33.151504465531666,155.9774148746545
40.997700978078754,157.92127264231195
33.94579917424843,159.1227052089765
30.00782698923853,152.65682582682018
30.92252288265857,154.94330308971428
45.755462798990706,150.66176825547217
40.748894692787495,160.63026589695102
39.90240658607181,145.85093346810018
40.24259143627565,162.22632859976872
24.495622142784047,140.39872432894853
28.012443820032033,147.09799433449112
22.43577072856023,145.78121846689154
37.08858726116252,156.57771543846354
30.624518961478643,152.53509087325514
34.38107260332607,151.59099567077436
29.21574560346741,147.63239911020128
41.411164789244644,144.0940248492954
28.883811515627162,156.00620408576395
33.89166364245196,151.94769104911646
25.553897912996817,148.68040396330497
38.22274037844624,157.20989639952433
37.981251943443866,151.86478539994155
26.52428198157767,158.07803938888776
31.583871690048248,143.05324155515342
31.262611270516143,141.79138630417378
39.421717926662254,148.91949046400015
33.741824069985014,154.94737361043192
34.08751632577006,152.05400534327077
29.134306017969628,144.67931008473877
39.08269595681108,146.82476235018427
36.24320518710169,149.27319535503662
31.16659294311761,156.43113979455114
39.09035502529503,160.36551394245922
36.7074236549805,155.8029374923656
39.492797680455645,150.3189204826698
21.02749981037125,155.17160975426236
41.47350420110027,156.1120000647245
33.68291449730099,153.36324220422043
29.676627136852694,162.5487815904342
35.551752470410094,138.56103930493424
35.503432327859734,154.05250499217627
40.119593758748124,154.15208706906176
35.82914933598652,153.679221321737
38.748685552962854,162.30490094220008
