x,y
43.73473907588852,40.87585732806864
45.01434659657419,41.32559834722737
39.47653901105879,47.742194388490255
39.25484156707766,50.24414238830383
51.81097642047476,43.7010001383489
47.0993221606792,62.83763511218275
47.03858711688441,44.50660015888707
36.4059247976368,45.098539965078835
38.67000040350984,60.278940148265605
37.15587519166024,59.66026340878656
41.40432355708673,43.74653732412473
37.01088800014935,47.305912469013755
46.377911162436334,42.13198578416755
38.02822260324732,49.087713118573404
41.64948980019569,45.6792926107874
32.850883457108345,50.82855082061716
30.07531727122651,47.87165629581587
41.496126465323755,48.934068728325755
40.67845175867921,29.072018189162936
47.3813676133962,45.1444342017586
40.86013445888079,44.83958867883123
38.66371258439523,45.26784211698809
44.73988554489027,66.84312421922947
50.28964326889259,41.10985954616486
43.6926380944795,44.701826862380294
40.89167673428932,38.005061313548936
49.17246247358083,39.32189630696928
28.389329620828143,46.9783290604636
32.136801668942674,41.12832334107214
39.59216300167606,40.265788506909175
39.77734964056981,42.90197319558933
42.79564236969046,45.918149170523456
41.460932001740254,47.534610467106674
37.265697185207564,46.54657044374042
45.45821663259842,50.48331670204618
47.06264834904084,40.56534759395183
40.93213265174572,40.53299644072899
48.76491033289259,52.020756573184705
45.82532657927568,58.90301053653354
33.101348153495515,42.40755338557674
35.087982756755096,51.2556090364368
29.629451908136303,66.23806593478596
34.559661770226334,36.92330537977854
43.99547443760442,49.91740229516141
37.06274099953849,47.08017109106068
36.77502334178881,43.881149018576004
34.07361973695445,38.51366159586685
38.360123401317225,56.79972958284409
37.01724982741945,50.55142079480925
43.610030442855084,42.739634039941194
38.57215476147022,48.01611399847155
41.49474280221438,41.340175202104575
44.644217643693054,38.47656813905791
37.263132470055865,40.37524262536769
43.1902544986196,43.809974656328656
32.07766011778501,53.82452632712744
44.18440906213403,56.61070717826745
41.694468819903115,44.91729994903199
46.286353778547465,41.97029244724838
29.713423268345814,53.11423756917377
53.280300909682055,54.882184865027725
40.602921415025804,50.49251612275341
37.8772666944323,49.8491632313944
38.7036467759529,52.70419589871712
35.966769769590236,40.763040707716996
28.669041711299528,48.685688885062966
37.75102561106194,49.978174803912424
35.18557089577858,54.033920016733234
46.57131479712746,43.53017048376248
43.211218434936896,51.44283057484253
41.88324086939692,47.068361254325445
37.39716503369758,57.32584161069141
38.33945907185803,47.49483292579481
41.37726286352169,51.82076716005028
43.38276435317222,40.44129862758487
31.509042192069607,47.73578356424296
40.0360415016811,40.43413203097324
35.987093048402365,47.83591642712415
41.81069266838167,40.720277922003646
36.26671495981223,42.20572193916554
36.39595261489707,48.283986840304415
36.012688592276085,51.15334449402632
38.89243250884264,49.45815125793813
51.92286950319624,50.54507238744366
41.52217408920295,52.985575725212286
44.057677675117894,52.38178582823908
38.43579253048675,32.486398847662116
40.253250523729946,56.094001857560954
41.251759418100114,40.79049134929588
48.334812011588035,51.155124145129996
42.55890780691645,42.75677361722466
33.50179505712001,45.14848418786828
42.03723286517461,46.149274399471054
34.902253074076945,40.77533987963971
39.22648110053636,41.69711054801977
33.09509872596226,45.43330773057172
32.574377060787015,43.60467571580908
39.53173136144303,40.41619536300226
35.77485795310257,51.71552648423304
37.75521171800484,46.08775299568876
41.26023822764694,51.55877908654544
37.95829840349283,39.5232622662019
39.827382102564066,58.029417850663776
44.83564605537509,44.691761521364135
30.95483365095046,49.610098656696564
40.962177838818405,49.31181047577324
44.20041673666206,43.10705777160917
29.81317558909966,48.684486459250685
38.62502570742408,50.511316872737005
39.10874997689607,46.29356977200103
26.503988836111105,46.955268355620184
31.751353608196244,46.84434041375356
36.57298272178458,46.67931672596654
37.46412485114362,50.02525627658133
35.1589293810007,44.14908855387121
37.58638572378064,47.2480458716674
32.79447254539456,54.41144885644293
36.12251170611349,42.996384452065705
35.482009328788244,39.19149013899287
29.4169268767897,51.31237122149723
24.91761018229972,40.80957641499556
24.714724401050987,44.51982000024715
40.37605351530328,42.65120501876619
43.251543934550206,49.74425578345219
35.4607979441715,55.184748984213414
39.585788025184044,44.428001220150364
36.39127476351525,46.4344756457615
43.46161265185423,47.58877609327372
50.80706615982744,53.84597472636995
31.599878677529627,45.014508314146795
33.849119648637135,50.6062092623199
34.58077630792857,43.389640348159745
33.5693928205113,47.97895293526937
34.14436953329591,45.39579389814677
32.45602109479109,43.13005996927175
36.61307719629061,39.51437772891166
22.599146735836005,42.81273512631363
25.862637235421914,47.739696902416945
34.91057584442256,40.39374570585991
30.022268917503634,47.224823204504524
36.82709972998747,43.397886455652326
34.066245991168145,48.68575514207368
34.1705363891538,44.9816559196176
25.612533586281867,51.755818750413496
36.48078038291804,51.62154970210565
39.501901988605496,47.79977671898032
34.37966057914624,45.78158274454768
37.949740923481116,47.086005370179656
34.15479076145766,45.353148391980405
24.631750021663265,44.43386355971795
23.91772452632855,37.535470561352014
27.372701833044065,47.87441310166402
35.94666876252134,61.160672439792634
31.629208384312964,36.55456929926103
28.328665384166765,41.711648605633876
32.43668013093969,39.68619657645612
32.566808651262185,43.41305399048573
32.966450191143004,40.91926144631832
27.228313174619743,49.105841069214705
22.221893263022984,44.51963669163597
29.717192892763606,42.12631389709756
41.944238716352444,49.500453289196486
30.776031122234084,54.20054829815548
34.1527685891196,43.57345846792746
34.005664247616146,51.431557461772044
37.319895256844255,42.22686496535124
23.982509004636796,41.728162642163056
31.45234340789584,44.240828186059716
19.04443283922688,43.55432098527685
26.792946475415604,48.36982084322185
33.32256879422594,44.47519055302312
35.17909397783879,46.03009794331529
34.02518426573478,47.7461822383101
34.14572503470037,47.51771854784497
27.451189420183155,46.44684511601152
25.94031343962901,37.67511184429958
26.94490020320753,55.17262383022131
35.290175214415584,40.7178565631744
35.77741578768966,48.795803827846605
31.189583500492702,43.28187097803395
32.87409111959515,32.3207919049418
30.08417507844034,29.745146530433836
26.563689015921675,44.64972348279359
32.21800980676051,44.11173459922531
35.611494287422964,42.76204947267031
30.327644293300477,49.99254449286878
25.501412055512045,38.07891347669946
24.470188886639562,38.38268040360967
24.20277603876832,40.61564484273
13.823048973112792,45.24436857071904
30.289777306177914,36.92703337811152
25.580327014626874,40.7246041710637
22.076511420633622,45.922658007194116
33.54382151592608,39.22252412497295
29.570996486335748,54.709134774683804
26.885248786333403,36.162840303443716
31.71635417221639,50.9748046867773
25.76878620438986,34.67420777757862
24.93738629913325,38.856355632931674
28.526090624547926,47.136345633269585
25.725766279367715,50.16365811966198
15.999276135578564,45.45704732554522
18.62744973822408,44.91480960766726
15.643749561163864,44.99437698941587
25.223065986648336,43.097070909784975
24.5784962073334,34.33154147351929
27.105313000376746,49.13925956436126
25.39794910456639,45.46352186192297
24.870730990549696,49.97455392114371
22.751351528205873,43.89821383666963
26.442667300154575,48.63042130349454
25.15988135038031,46.67160244718608
29.31141788678432,50.3094004403131
31.274128992775452,47.31222674087146
35.07502345282114,37.851030307884244
25.061817487989874,42.73442902214865
31.978135521791117,42.42444005475364
26.48378611747978,39.82679946647459
26.096901707959805,37.26284626871197
28.132306943608647,44.63022755639249
14.37692335001486,32.57012116070281
32.310229553523044,43.201458664992806
23.959743488887696,47.16660779410823
18.508339362004715,50.13840560371027
27.03631595924126,38.83698445538197
30.326312363133475,39.65407678895091
27.97767520141935,46.051079347310164
33.23184773040586,40.37646184805435
34.67881508355827,33.74966705612632
24.821202072393234,36.76285837558599
20.65010924892679,49.86325928274486
20.849049370498538,52.17682538260708
29.29179543093761,41.30037279495044
22.06959867982271,46.396248218852264
17.488466879960008,33.7146354082508
25.483610386996187,36.608209158009814
29.312078900086657,33.294326621661675
16.443786203829436,40.32623931611189
25.16458733978314,40.766375657776216
24.173246173801612,37.11933703787516
25.70360037389529,47.0284537216714
34.77987597057213,34.58550556874284
15.358145487466683,42.608371288469165
30.689708597012096,43.497631290833084
30.478713968626327,32.98397942573281
14.310194767270882,30.86437759942863
17.301675843463563,42.66744062397499
20.860640534409267,42.087425616438615
29.182942929855926,49.10272910550873
28.288063061959484,42.97677466718475
20.8555277715564,27.388843787735937
28.028617229270402,39.713805469989076
17.334638171313195,28.193902368384833
18.84868011952388,36.424652019219515
28.683668217796665,41.582571576123804
18.17075872034584,36.8705489564618
15.700117698611308,39.370800182364896
12.604539308002384,34.46365889463825
11.380490773423071,32.79897256564886
23.961065345632242,40.938067010227165
19.482489803247212,42.63740211003364
24.783731803392463,41.638039604973336
13.42212094062354,41.197057022038905
20.03063498427995,33.879344779080576
24.313821076887407,36.279312700579986
13.924745285424132,32.54910620257332
18.43011251301792,46.78986434118134
26.54679445247393,34.03579196401917
19.24572372437935,27.509357806988792
14.311190419624982,28.95976430500677
11.849921108939537,34.915938483518346
13.940778130987777,42.32732247291012
26.344790702915624,39.54581517732668
26.089989285672445,39.44872815307295
13.910398699578174,33.56480145172075
12.767431448672315,35.85445540509818
20.58894176028919,29.722877387470277
17.599605417481765,38.245419020960874
19.003568879238628,38.71624320487681
12.01604129810584,33.997462614357964
28.845496878520713,37.943709384846336
33.59432554889298,32.95660251344224
22.076702908576298,29.172537598598872
21.31419244873778,37.119224658069946
22.461373191626993,41.59817837402821
19.610946373455963,41.81923566917708
13.046202371463853,37.43156385242892
23.411672361075805,41.909753817064725
18.88211959590554,32.049838416202036
29.03812361616125,32.66548692943718
29.796302640956725,29.03978087172027
18.615692296936892,20.469728098513187
20.00920979874314,10.454780993791587
19.93616905875676,33.833718400474076
26.645648019480298,34.91884275870645
20.653608042485406,33.995737562259315
29.30027835101975,29.29137942489564
23.946609000259055,30.249247941113982
18.06906271655519,32.7600939439703
15.165783076336226,32.819031166170156
2.903248929953733,33.63368691698637
22.942389119900668,39.17604608155458
15.295872278391409,25.859280717620358
18.924143507029218,45.719124108521854
11.863983008059272,50.325549331326314
17.207630944120144,33.51411159998254
17.222958892537342,31.244581013024362
21.142028729535497,31.266844311721385
14.180780054502195,46.185506962702306
16.100670674475033,37.6303765385426
11.885259857082618,26.800534249045224
17.02694809727479,38.164706978136074
21.178530483954894,35.90587072521319
14.630284281867878,35.263038937475876
22.522113879991437,29.15233211221325
25.075655251381384,21.705043835747887
20.57951099229478,31.37706806000853
10.59052020910593,33.306973542631155
26.085802843886746,26.12220963911874
12.126915735371151,37.91384163627477
19.844173583494328,26.558861500225913
22.94186826863452,32.68508923632501
24.37389761413,27.680277602083695
20.527883292100352,21.71720878195587
27.43871298552567,30.71516895355384
16.84549239826445,27.480359050098293
17.346984444413774,29.97092300489807
18.868199741984483,24.570102772380846
18.570380090528758,32.339503910267325
22.271399336933705,32.026696965141525
27.88467572180389,38.00016221713355
28.24878232393835,22.032557866553432
19.146147917760658,31.653031491164384
24.722598011024605,30.878596612660427
7.176101732124824,27.526988238919586
14.013097803376978,26.366558866280627
22.197418125762887,24.459108110827746
8.648661339580974,19.022933570391622
22.12953656751851,23.486597011807326
12.91380087575244,20.67785176911235
16.641633394956294,37.47543246722408
31.676648736432995,49.04344628194074
21.637095360805375,21.80355003872475
15.401984392320534,31.9742900718839
17.157480867993435,28.060462689555816
16.87305164325025,33.688745281671814
9.750297025802189,29.80698693987042
6.8178821065294795,32.17115556133291
17.200276591110665,16.187539191098466
11.019415636271617,26.115439272358632
12.341472625400328,22.442299500037404
18.838219267930363,12.77449401813277
12.012191271408259,26.912003873371624
5.954456440608661,26.053566555120874
-0.17991795851374803,33.0209433950472
7.861358760073468,18.98332520742229
20.62651100523107,22.889282151042128
10.901703384872665,28.308370398755738
17.89373463358934,37.96885022264308
17.840699317138334,35.169170104603225
16.460275267747832,32.96412658638676
14.975628755737173,30.97713408227477
19.658245803949292,17.374659578979646
20.792849028773194,18.167087339651637
14.296867254413074,28.586678558944882
19.126521899268734,30.64328246435317
26.025716345484145,20.967756777418472
21.106968694472656,31.198016188709957
17.695309502457988,28.172720171839728
14.248079318745198,26.677562085753454
14.288902749759746,33.27450892663278
20.49198695460631,31.178102386740623
24.590601280613114,20.692373147076914
13.064686156205322,19.499096838717662
18.35657654194934,23.281987616632918
3.81212902065589,34.49025881041632
12.66018306054501,23.304804583373375
10.734164649783429,21.175838499166847
13.856251282238627,23.23173470713244
6.285435278090803,29.430750614178276
18.73625685834203,17.604715719606162
14.68175490650552,30.097427461692657
10.8503742481366,24.568905963122038
4.358692425351684,20.773565497287798
22.05651973654431,36.83546287869109
20.89913421755574,29.878214831944025
9.582520035198687,25.345093213531644
13.243507735768208,32.65328762240061
11.29646094863336,38.39887095175553
15.657809436855628,20.387770391783484
7.786990571049547,33.93502836380728
22.12054304814158,26.60116256998261
7.724348154188469,27.47951059966214
8.848174919333598,32.183563427918806
14.491617597496262,28.378797143021984
11.973853201455107,17.55250889867689
12.735822071713537,26.054418690228115
14.630716513562351,26.300169231041018
11.881755951368785,12.689033983615142
8.927915234030714,31.862475779892304
15.040439668948608,12.499371986702725
24.140666246303162,23.03670706042079
20.982833090496992,19.16534484765697
9.167572415018281,24.799459119167434
12.682399837478682,27.105840584511924
22.650598871057237,26.645776754065317
14.672977570902447,31.43563635666203
13.04726495830171,29.936170232063045
25.43647478600378,17.74861977472038
12.038909000675112,29.43041914417163
20.79319558053003,25.274937290219597
19.528666843889045,27.90917529283915
13.958571284308993,20.064351349965648
17.185517119843485,32.76509750142553
16.402433789790194,17.434194637329874
21.666194281178104,21.117569090677563
20.72261915430274,24.26646236983084
9.257230780689856,16.013776853315903
24.408618664601526,22.397191517686217
13.535947525690915,24.94722859335952
14.242960301442501,24.45413281929805
20.43392206659097,27.70413065472333
23.649743781088763,27.716825112209847
17.198525084411038,18.402434036813442
18.59541277585085,13.056242699570468
24.8900791755235,20.583360663633812
22.977665786970896,16.314124466261173
18.53077122104019,23.270301252830798
19.769834448109556,30.013236482920504
17.385114117897245,14.636114485991232
4.351832489413942,25.63829867670526
10.927387178280151,17.05318289192964
15.235601612875051,14.358533575584833
-0.7835529167168822,21.33458618284865
12.99768079981194,23.584036208152142
9.081913650220914,18.67616636295576
7.678714804146306,20.942582070398988
19.356470837102584,27.22683729304454
15.748473144644114,29.59691341950461
24.819005026878678,15.650432900368816
19.875447344495452,14.759468953111575
12.907795964759002,30.430315559953215
14.601059175885096,25.114179209515317
16.114557485741088,32.14562733827813
5.028938505970151,28.165002127758438
21.684886070218173,16.96331158530887
24.89639891169309,15.245198031582225
12.315026166776656,29.22611543415289
11.52794936558145,20.868510301808477
1.977735430934823,15.074134219210517
3.4840818055454115,18.401026530190137
9.732025025068264,21.723472591799542
22.965155035642457,34.05200473422192
15.47369232138414,13.917998736790993
8.109933941752463,13.060959433086841
13.20633993493971,20.950742958810054
14.364278512879919,7.972411664573823
15.379752177455341,20.051563222650675
8.847270145079428,18.28221263313833
27.19024039797185,20.02868540942887
27.19902799461348,12.04278691724124
21.18787895894541,7.268804169724646
11.937181093504158,20.250838224684223
12.866713827234014,13.112890536865496
26.773688113713476,18.33585667571656
13.42590442972698,19.235529474371738
10.516956639724338,11.291578052473909
13.392145809810675,10.844876390004215
23.299892346234355,25.011901751934776
21.07559198517864,11.778967295243401
22.06122570734606,26.15953355374408
14.86014929470324,17.245386020436847
18.42703670608247,15.972891418777529
31.371153838536358,17.301743405367546
3.959445051974681,26.302955910169377
19.132291003217496,10.30129332793654
25.726057699530188,18.218573875245983
21.008923633980245,21.048503605189605
14.386092989749873,23.384711939175094
17.687121071142954,14.321386601195165
14.997699434660285,21.577795750502013
16.058634113106717,21.950788504272712
16.320284794807883,18.967373020418652
23.22313105097537,31.094671470593298
23.409737482082406,16.352183366035288
15.848717725260283,9.385176432099426
17.722994466411247,9.60739698560549
17.002557588516034,10.110152532971476
13.612440383963717,15.242277915410877
14.463938554326246,17.923665868015767
17.994785766583256,12.188752141161652
16.00003193629108,24.21560126102228
5.829674838765836,16.72240535856122
16.15668592880398,19.52860768052227
16.785400674092266,28.982063929886504
12.101143369553885,19.656563260165875
19.370536159588646,15.792779805222292
27.13827517764998,22.381218412557967
22.391900061557187,18.108190470502855
25.58097661218801,13.422660274334119
25.68305744571052,16.929576430273546
19.478028013529368,22.187230400508515
15.13628270658824,18.71841336853887
26.17325534174828,23.193223251557544
11.925372443237485,6.951747040270309
17.594472504036442,17.182062220078397
16.854927391861676,14.93802880289318
11.60229509546133,13.907534598620053
18.402420217474,18.702372574403196
18.556648245886485,6.486448240703464
20.121746778814305,22.191215779042427
16.50682923633327,14.02691796674341
21.342342507435525,18.362420096927746
16.001673126900858,19.279436977063053
20.10283404968016,18.794953261535987
28.839627580088653,25.588447892820085
11.463506367954338,13.764456548565516
13.735105759720035,6.021536765393474
14.980482105969203,16.064610093427753
11.185176564759704,16.782065660591257
20.43879807597109,12.20934609563409
28.736099911690236,11.33454214910303
22.616266198770063,17.962080573084872
17.501287649991706,12.948139871649065
25.23535065214084,11.017781423913991
25.52662841026462,15.169465976732463
18.29141331146123,7.649781539668989
16.093638551392893,12.258991346396318
20.631602712776953,19.770933799599852
14.828858542977951,9.719154043404497
17.41715019339063,18.38739105760503
21.85281278205509,9.422236360137836
24.412940557496885,11.650038405330182
33.456347984794185,13.919507439907239
13.280986870663138,20.194828165659004
31.950068058347718,18.343019218899755
21.68294033970792,11.702398556592335
24.163840955429315,9.926248492670286
22.24646229717622,13.760242607337497
22.861485196020595,16.002279363683968
15.9524481582256,9.401372430562212
14.21243352590431,20.555016239058283
28.537281584330003,11.020322830643266
22.890203896007325,17.999031558333645
14.532016155415285,20.569320726239177
24.92787948274874,15.280962768611897
11.177946350082488,3.3701435077195523
24.796748041666582,11.672018413203325
33.93265411965115,19.742935867500258
15.191080135079545,22.76713190935679
13.679869731527337,13.304143743019058
19.584304720917732,29.37561325774928
12.155789867292395,9.080855827077276
15.743067034385684,15.604110072932674
27.061940460020224,19.22555049114464
20.056712965998024,24.27027744733416
23.68899351005911,18.447655270622036
16.498508113941845,11.354850767616838
11.46488862769733,13.559721194813374
18.60388142061082,11.51199489421082
13.483725545544573,16.625662380128933
23.62510487829875,-0.42557850099938577
27.00918169851184,16.892885784048453
20.1786121672315,19.58573275026605
28.89116538154062,12.367081777283984
32.32745676286525,17.56852474950487
25.84456354105569,9.354421400924162
22.5353575506282,19.125707282897192
19.659318909593313,27.163671793365133
17.576233238127983,22.44106255088242
23.988921423033535,30.39436023799496
20.831035152346644,18.24406234770215
22.313284000307895,12.020731958150506
27.86297489195438,10.049924239842024
17.20784482748092,12.782171304125157
9.275887002308892,24.3375886514963
19.052382157705168,9.70560039318337
29.600173085206812,15.989665562678956
27.059279980575806,33.60114985387935
15.78781674703823,23.103294069267818
29.586841060059147,15.27445882799837
30.697937750234722,23.263815515825655
27.599019567368245,17.95630457731491
30.19630172856544,8.341517138293217
19.629448561192152,17.621620597231004
29.125981977823137,21.066491497345783
30.936537756387683,10.976620133466369
31.52030003340917,28.17994120163855
18.376233307246466,14.20000642798221
16.185087658163997,22.519351595136204
29.551242947741578,8.455308053653189
29.197104065722673,8.807045653333883
25.787748701120346,15.697008926640184
23.225822847984887,8.304025174748695
32.63137294967897,18.988733398904284
22.44783322322918,18.974995553535795
25.46496816204095,23.866409446753835
26.21935419275807,17.93365403386621
31.165639363934755,15.176221274411663
20.778272364710908,17.783923851316256
20.20981064320257,21.926411133855748
22.43066077178989,17.93170766271722
32.31378725319766,9.977323134410955
30.154741088499566,19.584625320117244
16.32533173984097,12.311179279524357
24.699255813168804,18.871251511415796
22.297378365695984,8.498793276576318
22.323576210499652,17.91860686597939
23.621939440111685,18.681366545872617
22.84915515004917,22.9053943935768
18.97562843864438,11.913420694883815
24.891164784667033,13.109374590147763
28.051089675344258,19.025593908160225
19.24195673891232,24.387008082764716
28.387644440680685,13.428912885469494
34.39428642767574,24.47159629516136
20.27077290248907,7.515872075102447
21.452379567454756,20.486805673820726
20.550328309991865,13.868297806763486
35.03371864302885,13.31154086427797
18.036439304584544,14.696989583237714
38.27628314740117,17.27202691336478
19.899433661388727,14.644567885036842
29.735550091575043,1.7678327472245758
36.51328931936723,16.865135675164808
17.24786159555631,18.44650350005913
35.205184108849195,22.68586575744236
32.03977394598125,5.2868476450304325
29.424150562252212,2.895330445549737
26.59827512391465,18.09676070105016
22.88867833380023,7.879567240258872
32.71376004656298,17.49640465766641
33.150873560734766,23.0093825064296
24.930715569806658,17.304143392345416
17.88132775182858,8.742918421793368
32.50174700279058,22.593033131096117
37.57778092911461,23.548624751488173
19.976359858989753,19.750276505660363
26.631958743388367,14.286614357589619
27.38624849019795,19.937062096367697
25.14962742864223,9.641211566888904
33.54541386255621,14.677032733415828
26.986744913806238,26.791442748830548
35.033014144290526,9.261776624717191
36.422699950633685,23.56599839000205
32.918352150219775,15.162845200928832
26.18377411595012,19.582254008932495
31.039215384374405,25.23637353933165
31.840206826675765,22.719629767579665
19.72969394697327,20.912622679029507
29.475745021265638,5.558032836607248
26.98784585460849,17.965948250627388
23.575920980375557,16.752153016019978
31.936299831092178,14.544826302960697
33.250519440874264,12.759745970603952
17.872229502155903,15.708254061978895
25.989368180099575,8.185459358022085
23.34767516983024,21.056729941839247
41.002484153245945,17.02790640297239
25.65741436805795,13.898388766376492
33.326077792689375,31.69624167140633
41.83788232700293,25.63949601238831
31.086218633091896,7.070399463797113
30.581354739224604,17.060086107834945
26.95242666715474,15.296700871783079
20.63361576379767,9.630411421014506
31.149326185585785,21.60818180821439
27.40376487809553,22.60637983046388
25.126657884187274,16.21777592925605
31.28769832591972,14.796589216575079
28.94928252582027,16.5813673606657
31.177824732594157,28.406443108010915
30.684527069577996,12.014720252858286
29.453567302102666,21.654077723370524
32.87208774049199,33.44299411872144
30.90130004254401,21.35133658296387
40.658554372865396,24.611060696373023
38.38752691442164,14.729110416620816
26.029487760635714,16.74956548565191
38.09838730818128,14.701855201396505
37.89928741414581,20.239130506723033
30.838848259093645,20.667189038199727
33.19668836242356,20.60357755499203
41.2704637170224,20.59661445597097
35.585225079480864,29.65011939640414
30.346942430771477,23.014069890738234
32.196486413337894,22.624547599699866
28.264372014769965,28.88566050231048
37.6544032548679,13.023399152194319
37.96912910104126,22.591042620556962
30.781701270734356,14.536250187213025
42.65313799657143,22.04628569037001
30.330496178229414,21.226663364410136
29.330787229958748,18.484695464588818
25.639920173231136,22.61995555061911
34.950366861871885,23.41942637751235
32.870493253632986,17.661936527274488
41.72266588410302,22.663900861090916
33.06548836781041,18.336423439534602
20.559690418633437,29.08802019875635
27.741740845768994,21.961280037204556
36.572279712216904,21.84637584371026
37.653943808911116,26.783885759031783
28.994469568461103,19.28705805192875
24.802212135416603,31.425416111772975
42.76729980387017,24.671741418160963
30.732391100214127,25.32489824742826
29.706489159208807,28.119298232317494
38.70426695412217,20.416402869700217
25.908001937600304,25.84056404695822
29.515648161876328,33.47363247945628
36.506398208176705,17.272057476025438
37.912408115700224,34.51599246827206
33.115174600023785,30.43893490131922
36.60229178004607,15.265032402788933
37.54371652541452,21.943717219458847
43.35691767378591,34.06514892682567
38.38528673228103,27.348447161509462
35.32754985203307,19.953996485460646
34.97141715056196,25.674429433460322
31.32607519479753,23.0202517363416
33.98602170049776,23.97991144725795
34.8986341899866,25.254645749450216
41.77623152164463,23.365736917443634
34.912141417944035,29.564088758607397
33.17188391582008,23.721465336933043
39.106945861621824,13.504979887194171
33.53636215726364,24.984765598429867
36.210322515154274,28.27952043107009
40.650336823359396,29.560914190022675
42.17030854720208,27.191725961083844
39.18242976725086,18.81526066832503
46.863873984077834,32.18641670860623
36.718701912426695,29.459468664049286
39.02755414056371,18.504592772944754
28.73776732081781,28.36460425384254
42.57786091401879,28.777819422036185
33.124199654516495,14.070725413932749
35.2756655846029,21.79599513642514
36.364178785460425,24.347723036358737
42.16131333328385,17.784228262364376
31.94653608495829,26.155174963481723
36.0848256768024,26.84690027320024
44.77302733776218,17.69614418068784
44.82480152043387,14.274578897244272
38.17089267291038,29.18838777059501
32.521227349386365,23.486881427335327
38.71418404950668,15.564146070780975
38.95136430591316,23.45698359081723
33.415038254266136,28.508410854502863
42.29872075860327,24.20154920342391
44.28318340014611,30.343611755546828
36.06010190544275,18.900098327241217
36.53029346848902,17.591283943808918
34.332903766226664,27.622149361064356
30.84616403707207,18.191766614719853
39.48945526618358,36.7172276964839
36.31914673992676,31.91294373728463
43.89485253786092,30.409873299174286
38.506236253960864,28.02922259355526
45.96063282347976,26.900857790451234
46.88022789974724,21.200653153710046
37.367057545164585,34.95392006061955
35.446621311543666,26.494759436964042
28.265665481679672,22.72702308267243
38.94528448586233,26.53223933613332
39.26240083400657,27.82037795073002
46.54466892811537,19.81920325240977
33.16484639097222,30.139824986080463
44.991068348208756,27.59431959947131
37.39414819798277,18.47720888405654
34.676630976192406,25.612192283887254
32.59954030246669,24.77375949573165
37.0464004447459,28.075162184051646
50.24178034774998,31.25914804812276
36.67776278760085,31.318390079340034
36.70285536488179,24.997469889267325
42.46430527427886,35.946241336763165
42.3308599201308,27.528902613827835
39.43987806067789,27.533289048371216
46.53208891614811,28.542616591373164
41.440274811744395,25.179067835531193
37.2456903795339,29.244550021490426
35.466665092779316,35.33357775709171
32.42426858052143,30.370734911578662
46.76537182470284,26.25706727207439
43.00205985136438,28.386266765540956
42.5173097732113,39.627422852744914
34.19927563858534,27.151244430979695
36.42698176475147,25.862653013516997
42.72065044033238,23.148217531862606
39.53047295592993,24.614441700486474
46.81935161780942,37.635585119560204
37.21850891284164,31.060642765434423
44.93310314708424,29.872176683767993
38.91229994075336,23.668295302789765
48.960658460882726,29.983321161674773
39.047721285884535,23.08076978139296
40.71476434811502,26.719926936633556
46.324194532846526,30.08288284670187
38.05273228784229,19.281122219078867
40.66326724794091,37.41136270267261
39.17325542588529,33.775169506286495
49.82296165474912,32.820534608990314
45.66542552275275,33.634633846231985
48.293998805206876,31.979353664867233
51.463347983062384,32.207790304880845
42.64553221015952,39.102496755830494
42.58953993843178,31.578791761584778
31.16282367698235,35.20598467486764
49.16143751145304,34.20397742974451
40.7296006915458,26.702327302588643
44.73191916466675,34.244686051298835
53.85939111053279,32.94366080160226
38.99152169463404,18.073775920101035
48.28206021409339,28.755062646691613
43.66066125792766,27.54938917589547
42.9125844873889,36.092871096896054
42.476302113935134,30.300074068650453
37.86219187238107,32.478279978860996
39.930543009371206,32.78697741905174
49.58855457736581,34.323843839133765
36.26905612846089,38.52274105979319
55.40970623466294,37.026555143765506
49.243462282456875,38.5363335990937
51.39176989411233,47.51836680036239
39.72850718115059,40.25392685702281
35.918300958067064,40.453074077312465
40.256054585283295,35.458901497041296
36.9788799503007,35.02075964516381
51.38174397624421,32.67210233197374
34.03919762535162,32.44826987419796
39.80037706240345,35.10480870404159
34.34938722461179,38.1501609089712
40.49418616019772,34.91651257666962
43.28096440215068,42.44416120853731
40.94999834576602,22.598712704007177
43.41753204341806,40.73751537467331
55.94546369079554,32.44164698694006
48.763030632721765,31.51430067962104
39.211447172633164,25.17180394477908
53.03800557412503,28.954773921566243
44.63975195519739,38.445293122327215
41.5603820075593,43.81023363131274
46.244262453399756,30.71941120325253
50.5221897740842,44.29713697211751
49.62929380201744,26.666860172206675
46.91111787209811,35.08533168269887
38.186880419707066,29.521078460517174
44.710617802765995,27.83145723335002
39.42194568781077,37.52695725433028
38.0402471586405,31.659961290103823
47.65576476512473,31.72203982756907
43.12913932575282,41.2957877728676
51.15324402866285,35.37778996938599
45.975472305228266,24.728036779607592
57.62115097209962,39.77405237101427
41.04784292735851,31.353148794964284
50.52154668781588,35.25025388297333
50.59411822610774,41.5660735435464
51.67472904546838,44.87036174432443
44.98390783959229,32.46966408966603
49.92266227140937,34.06251059277527
42.004692398028766,41.30152269462397
34.98394509131599,38.498571953019734
50.525601395955114,34.63167505799544
40.324563195400586,31.458433837087433
42.348335619856414,36.1279542535501
49.92157437458993,37.55619288419228
43.93123727247938,37.700866181909376
48.73809490753071,40.47875895320002
49.81538197483688,35.742410134609095
46.96460446512602,42.39586797141086
50.352816861917844,38.9850797726274
38.42878383139785,35.5785389930536
48.05460627627205,34.231441803042145
40.16013759898377,39.601638077081404
43.5962792632401,40.732658894523915
48.383075208793386,48.53540625303651
43.846059948714945,38.200464817074625
42.628406611958084,42.57924414954995
52.811402545032735,40.0205312317155
40.47232334501337,36.658595785650476
45.86383810282435,45.97527294977179
54.11329859679739,26.17741332237614
55.05003260304218,44.167182637373124
36.63096386169423,39.68589000436715
42.14318105253167,37.355606955097414
49.26551530450203,46.57149398340619
52.338435120771656,31.018817999952134
49.1232037731732,46.47718817500851
44.678600871073165,37.872436016202705
51.27944598608758,39.52110124476726
50.178497992860514,37.677659341243725
43.386124788100645,33.349599824701976
43.24489032278967,44.605507823503125
32.11644303402095,41.74510438107533
48.54044896864034,49.89581754207514
37.84315160605944,29.934724091493486
38.074540607578086,28.417556013584814
43.87389030311101,39.98870007567398
44.63440068524568,39.73960060561846
51.489272350513446,46.264468273368216
50.50563581039792,45.00709990425664
47.12943068571768,34.36938097529136
51.90769954618705,41.42054859524522
49.0018301364743,42.98520292931024
44.2031943994987,41.45870049214963
33.6707285845486,40.72129792404949
43.00595383707097,49.02282601399982
46.11565145250263,40.62303669289966
45.11802978043349,38.5234829272209
50.38370547626937,31.560927126537884
33.188259138325165,59.20378750317025
45.77456844827867,39.05385207936642
50.91515295493427,43.22765194404003
48.2802251407126,43.91044005704831
49.92141874091187,36.238976374346144
46.81928429875978,42.057602465070296
34.469130087128505,49.27971324487402
50.32186465435781,42.689565275809834
48.110927433222024,46.405138346028515
43.54354546787042,46.579322299160154
39.6791160763132,35.43854585561108
39.68185739333323,45.994617048335364
53.751909267047445,40.793307113505065
35.3501777001041,37.92825540161114
48.84154576689533,46.76938516660365
50.42986464763399,41.747213293502114
40.89041077192803,40.64240584239586
49.031308525476916,43.82602896212552
44.86236194822428,42.84134159399454
44.35058277518545,43.951834897452734
46.60045251858873,52.74823365820326
63.87787257256497,40.77669273462058
47.2413320723098,40.27380535831679
50.357354294662755,33.06959507754438
49.444982195104366,42.251550714357734
53.98318242133986,45.590855752860705
48.77646460790229,44.159046887831266
44.21081843028042,47.668003721666075
39.14818810427532,39.89832738978155
39.59715661645089,53.12436523449409
46.78811749609938,52.0608207428904
32.56915205453269,51.63554297790955
53.70218337417105,42.479223606358445
38.19175987118509,47.10912265309769
51.59080571300347,44.391165199327325
46.892350811772516,37.35561631527458
48.26046579373446,44.69704344190667
50.73159610583225,44.672875088492354
42.200720418633495,37.29064279567048
43.85612875232522,36.805874689679946
47.96798845577193,51.09254703419791
41.196358327642905,35.879976840739616
38.681101726378905,46.93095806923658
40.78391010356996,36.70680299077322
53.70392728375763,46.35252725580276
46.10115547494589,43.30484331953225
48.21899370991697,36.26377849013981
38.473993108674634,50.070147666976276
43.55146025522132,47.630677641278666
40.629899282037066,50.963681789857674
44.804793060591294,52.68704148780604
43.55414905932705,43.092996027651914
48.768780025234996,46.56845125726436
42.56955554697903,42.55563207368847
48.01072305052711,44.78953560467677
47.207542200077675,47.66628657293641
39.572500643983346,47.783580546516056
43.9932209134198,53.015702376344855
46.18844219646845,39.28496832427119
51.300221748496426,48.44788438695013
51.57199415614166,40.967301080809754
39.707233508735456,47.68599034665094
44.8091866654185,47.01038497118798
47.47527115303992,44.66682673523887
43.818802767414866,54.57757735952065
51.88095662757303,40.82625283950375
48.04427571968213,48.3839980959498
36.74974716991873,45.76670388482135
54.2413613704166,42.29448939054911
49.25656303763442,51.919172608211014
42.63413699555894,53.05897468795243
47.746164013986544,50.13973934853634
44.90923843904724,61.77062822546388
54.27898388762794,51.67080328079072
45.4260540784721,50.12771518984116
45.93759360477783,44.680549368575534
32.103492653580815,36.38750446078589
45.34082275839879,57.741185760719375
39.32443638630243,37.1258775898059
46.90864080650963,40.15738114485232
50.57579828495341,55.86207315593653
44.77120760072789,45.413070335256975
40.70760987947981,40.54746601920057
46.91888228603162,44.87095070172401
34.93297951757108,44.7449425275308
46.73011353914923,50.07148388277332
42.16219513506487,36.85349528953389
23.54529819672774,66.07207207022752
23.320625738028344,65.11553151776036
22.61395993991679,64.35069392951735
23.43948329323228,64.12382713606458
21.82313103690511,61.941318339960404
25.92461917256719,64.55733209745743
28.71720677685501,66.08662531120993
28.82669363561125,67.48149648903598
24.764143348812503,70.4535933405509
24.266505243049618,66.25670978662734
26.271229805398463,68.16839357340658
29.032396775631835,64.90245035856815
22.120960713398564,66.27022449495793
24.297733767339206,66.3617600666515
28.468101414539888,62.091088529497775
24.092735339685206,68.85630353818965
25.4730480762383,64.86442678346887
24.726135466161786,63.1227415116656
21.81570656488247,66.01991281303354
27.18651353521212,71.06954793372277
24.363865615410266,66.80867893402983
23.519914896848256,64.34636064544354
23.128281953574035,62.2747769209689
19.879619069829406,67.11968238890078
23.761195952051363,65.35040524552902
23.460109868856303,64.11342444407117
21.259691291039765,62.28788064683003
30.48760147204407,67.93328251137947
23.569808158585378,68.02272608705039
24.25332623257309,70.76590931825167
21.868894556580635,61.592893935756884
26.599617608685513,66.61932392042547
21.59142453741156,63.80494296175248
27.12018688712585,61.63474500984168
27.948765164806144,68.30171259073481
20.503215605886204,71.8118823241296
26.38447050416344,68.54574065440592
25.3469006947854,66.70782027450497
21.78954584795353,69.67763193209537
27.058382574177305,68.10710427615956
22.355154436415454,63.17416683744883
26.079072512365272,64.6608224921877
29.29365324762545,64.04343600302201
28.36832474989078,68.13770714078801
28.006601614303577,65.94133928764225
27.43330635162792,66.35302344725812
22.846169606210715,64.65738719185751
22.918824903988845,63.857426079684515
28.16293726507587,66.84629236101868
28.271760610484826,67.06495202225945
22.04178803573036,70.18814386155053
26.19498803128148,65.22398570273516
25.788028110015954,66.67354798158361
25.85645935645102,67.88453683917447
22.11125928953456,68.92351415415841
21.75666509904795,64.61086227006393
22.310349858136494,65.31181966350168
19.696230684389473,67.43095706828574
24.710436436695687,65.053136657807
23.200447308414084,62.14850716545268
26.840581722963467,62.51154457553419
25.64413960107931,64.93921533078547
23.024122711367802,66.42852948042446
21.442546028451822,61.54162086256738
24.98689900387895,63.96551359385016
19.55185807162199,67.4519123162138
25.93454510890438,65.574167754221
25.513551128441275,63.917931841465716
23.64467197328611,62.056016183293366
24.100175904167543,68.49356029856634
25.354298876326474,63.248225853377754
22.017849458435112,67.37541661527402
31.678676905871612,58.47978141916089
26.638720088096434,62.9175885658296
23.051004578221583,69.7710407739946
29.321397430187854,64.87319134641935
27.872592999603953,64.54589714182148
27.497700806905307,67.1513458073685
19.75813030974515,68.35033175048946
30.950629643260378,69.33611665736143
21.56559607837887,69.08450680592607
27.903843623067374,65.3043626441718
29.925161597752744,69.37441613071104
25.660885118022655,70.53320368664073
25.863997579777507,63.90360916133936
24.723194368299623,66.46565831311713
25.995167764739293,64.38401483479642
26.03922891568408,64.64470128384754
30.154715932552048,66.4100088543772
20.736815234673042,68.89236880314948
22.84084267978257,69.62204777150357
22.285761264741232,65.4232456794402
24.96633631354616,66.0539758135806
21.286476942141903,61.64164808781779
23.77543523837714,63.22075220352392
28.12547686287026,69.0957934393446
26.707710515636602,69.01618582762059
21.560894808641095,63.44445088441912
23.916195077839866,64.67842331142016
31.90968951581718,65.33905836284545
23.241310434986403,64.74730604138874
27.178059565714257,63.2737102501323
23.99489336836416,67.75610075831086
24.35745904640104,71.11761194638966
22.59109731088943,67.422806057403
25.650592079553196,65.49509115168327
25.83248008345498,71.25595377915215
27.276228990690175,62.34847370225243
22.39430645782008,70.1199770139029
25.276815082985983,63.503815406897125
24.797427767744097,59.84359846719868
21.758710501504087,61.90316732823589
25.274507287801185,63.56323288778946
28.44198005829214,64.80031257545416
27.74770221992691,63.31874657140533
21.418710216066973,69.29475537189933
22.564152757161004,66.14220963751144
24.908407355762346,66.21571507109728
22.78517614745034,63.7343650973831
25.939351401329787,64.26270175498045
27.952520365795813,65.80339466735418
26.12461955866008,62.75185453451174
23.341283881958194,66.19550728018083
22.44902507885546,66.41577833115876
23.010642105621326,67.86827078842231
22.62423732162214,65.78091905660432
21.08795419816269,64.3592540088436
20.539412276665395,66.70186391131244
25.275017953131712,68.57919813883521
25.341937931686054,62.72580005860862
28.21393453207817,65.17214243465148
23.422428995681013,62.9244677078668
25.520624709420098,71.76707519218117
25.174314632538675,61.33400583680825
24.140132732421694,63.72370183173435
24.454098413883923,62.61898748562424
24.10307262615277,56.135735711415755
20.489279540041576,65.8658769492677
22.227344053336314,70.18780004538216
25.566262250218717,65.12666498437207
28.362092728701434,72.60458910641822
25.984048362586385,61.737837238684335
24.166063782117323,63.330645020807914
26.090551605297545,70.2362360167731
27.298142874907,66.97804686939674
24.588280819057672,63.620744306668115
24.351350591917686,64.51996310620326
22.466210870176305,59.18547033842522
24.077834015440633,64.73779444499456
23.044218582222534,63.951925323146895
23.762694571886612,62.64631667318173
31.25011751908877,67.38008526017387
23.06328693869287,61.60778112564008
20.910449734349832,66.66938119659676
25.307263087954897,67.89229714740974
23.93380994320088,63.15638445245249
24.16296474787132,62.79401370695082
26.439545992976434,63.40888055938804
23.113088278705142,63.0155760279609
25.233356396205263,66.07127092895306
27.56184167133628,61.51180496994739
27.42359363163099,67.7850267782707
22.800392258775695,65.33184687732694
24.479224782185728,64.99132947445914
26.171114037835807,66.5678712751278
32.52706270184431,66.85024534485838
21.02821194373162,69.4085729818049
30.613855167138077,66.38527774435164
22.801416249266545,64.66986985273665
21.974930222685018,64.603227128305
24.88748081951752,65.02774757541037
25.802826763170323,62.39518805954947
21.92565125882076,69.97755322634603
23.73883890568971,69.8375366556084
22.94385507939682,63.267992691714824
28.772399014472505,68.80610084511522
26.01560635286134,68.71173394440262
26.714415962625605,69.03225314303545
19.790193620878693,64.77516841142342
22.818095954668653,68.12065040664586
25.098011313706355,65.42130021577796
23.150416134745846,65.43901212247313
25.600085888555665,68.78427480921673
27.854948901632355,68.07642398993261
27.94975297215872,61.158208369574034
26.821292993459696,67.52045311880609
24.454033952128256,65.98321547198043
22.699899087214373,63.497858646980106
27.257511030246224,64.88895324631979
26.835869469740516,68.44970583018718
24.923830922369877,64.3292906845984
26.96973430825749,65.19270703235969
21.542484642362965,64.35493326051717
25.7881416162825,70.58926599406836
26.838787393558537,64.92665934894141
25.507918983852107,65.52649126400831
24.631547009798144,61.407315465302055
24.788705129602214,66.1174215303266
27.336629695891222,68.275740482887
26.26595757782256,70.35418669805298
28.696091113824625,66.72449614576361
25.7910400390311,67.40275147393321
28.43295131571483,62.110981480668016
27.419584646169383,68.18282202137613
26.143256425941004,64.16813990130395
24.154061013760977,66.96689343461235
23.584758537551277,71.96816564851468
25.46468361931149,64.00343619849522
29.52703140863797,62.69681566908327
18.486290299899103,65.01909307765389
22.632403594758117,68.62311166795733
30.52526638185281,63.76413347893019
20.78001693501036,63.57331937310915
19.564854640609994,70.214454733602
22.77911134255551,62.02206450178593
22.008726193597884,62.187697493102434
23.789604108646575,71.66870347539182
27.71746543218267,66.35541645536873
23.629566374715438,64.39911114437724
24.031639605426456,67.66233938297589
19.17616741765984,63.88498305939616
25.007095230204715,64.08488421958852
22.653669858904475,68.63149797163902
21.65772173999847,66.90459524994846
21.86279534594843,64.34067855052069
22.24644648988347,67.53696390346744
20.77979981494705,67.3161910508924
25.309882589296397,63.711269890491494
22.059792808275965,64.2289384141854
28.480202634937758,69.7106700250121
23.213476171776357,67.2840640716999
23.243173887394455,64.54568082878792
24.31022950660454,64.86999779838575
24.1244065342968,65.03068532964436
24.707876484141057,67.36034632282625
23.91348520179644,62.36984514210828
25.662387085400532,68.76968153954527
23.117034237702175,65.35293712499926
24.585862514955277,59.764247474027364
26.081995788515673,65.09138713445141
27.320021539595015,64.73457165743216
23.616434219246315,68.00457488707038
20.86868698838698,68.63660207865989
26.483438196043952,64.80076622990865
24.288304610332084,66.05907166544999
27.450303637153084,65.44457436567633
18.71703637746429,67.4220057181552
22.397685953433413,65.87890388161631
21.891878028843166,67.18898504937498
25.282835187794394,61.25255731046998
20.94089240137327,68.78673765420517
23.437690980350023,65.1528897231568
23.756369982249247,67.96134129490689
22.235685756381514,64.02012137360555
26.7753376499485,61.497692551444494
23.511815360917478,73.2681736834776
26.3501956018857,69.30657443507052
28.244877313481638,62.52750222097923
22.664150320973555,68.49642175214463
30.029944204092484,62.7039455817912
19.709027150262827,63.89517144122974
27.5409497335306,63.16089091307967
27.273876297016443,67.70470615502508
23.242273656994307,69.63573752813228
25.910202794249855,63.55893616704308
27.74738143408404,62.77860784725437
23.72007332106948,64.69652809481296
25.033975228234585,63.266651713256415
21.42073192983992,67.48038633194105
23.877757924172858,62.512840253371415
27.49799102164646,68.4670651316726
28.41712174078956,67.70144701975309
31.105328326779592,63.02117026818707
26.48992430569065,62.54724114623836
22.82373360110862,65.22324657342882
28.238225513211443,63.70232791652773
23.715741526472787,62.78035181489828
21.14843094151938,65.60306455274623
28.55838518539111,63.8824279322225
21.624577410357688,61.04412194480241
24.72354259002264,67.85682238737888
24.457795797731517,67.97671469758768
27.999302209369734,67.11360434521296
24.88271620824912,65.1749485190859
22.246826353347448,64.52842782468616
24.53840544207741,66.29069022510555
25.519584842277,63.01708596904045
20.37158573062323,68.94843750037217
26.27777193744892,64.62863319188304
26.018507141903818,65.97708621497695
24.896343013967947,60.363158041606205
21.122943119271554,66.50637978554273
21.73866840661544,65.29556298458888
27.736347817810323,60.33600375326035
29.85984831281055,64.18603332948143
21.51569598171134,61.1811826031793
23.352665843032376,63.26532216385832
22.340568443805562,66.2923784570415
28.329876345190264,66.80022650095366
27.424441972961535,63.02522101025074
26.43378593445305,69.09689090611893
24.081574554991665,67.38110263251217
26.50394988016543,62.33659563998489
24.77560969763839,65.6433427994134
24.22671387860738,66.11993524440663
20.58055885395805,65.33860927787319
18.738976017982438,65.38270730355438
24.829185254045257,68.397116573697
20.287294116877703,62.7760019863864
27.801448335486278,66.91292498524824
23.7032330156723,67.09085578153244
24.72365105365934,67.07382563330842
22.57110960235429,68.36768655450447
27.72793804966666,69.96465094839142
23.835344415548846,67.10046269062494
26.52915129554507,69.30472868497377
28.522923668512707,64.29608362481562
23.50157068205837,65.62121894809937
30.135702100766295,65.20643699689204
25.167618866791738,66.4454167259358
18.83813856565638,70.08248606346226
24.894860916305674,62.238901800095086
24.897529730455258,64.41051330152254
23.471139928940012,66.94166439285168
26.18695638290228,73.43502191328915
20.749195984324967,70.14214955554438
25.57929655078106,62.78598391061255
24.092002061447666,67.81669772560052
26.464447700901726,67.5295445125886
20.458696044792294,64.0185894474423
26.151030510606446,65.18867875255816
20.37574825205835,66.56804739778369
22.701881825017,57.80615673790536
23.79337311221092,66.46532309063066
24.303923854194615,65.73891420622448
22.89516809278137,66.3241120981857
27.857329723890448,64.64366617146447
22.667357676967296,62.977862782234396
30.060970118292722,64.26072576292644
27.985577654849507,62.91457128091803
27.133687257653524,64.25910985237353
22.545897616674985,65.62164741025487
20.09670274389716,67.67371391898475
23.87750370056265,63.26491850107878
25.485152307263355,67.15245126141197
24.242196928057993,63.44046540933156
23.092018062109,65.10130487586751
29.20385260992997,65.266031743509
26.753872505882786,65.28109408817387
28.932038461252752,70.08702792167605
18.933522820404942,70.44368582740746
25.8727875246246,64.37015971005006
22.25096859437413,68.52541245751816
27.895710296998914,66.77020154224692
23.898565079398683,62.37288548651322
24.19690107008794,65.93439561109409
28.570480228249618,65.54052696472874
23.782788821060283,68.75342942569655
19.689539492228484,65.65996416939956
27.39084683486638,62.86307789130525
22.28892644301198,65.08411642969361
24.03782946159062,69.22084513130268
29.532113616688452,70.07237488186352
21.156609395977945,69.2460590312083
31.4705676882421,65.16484808599338
21.19699538204329,62.80667292948381
23.51539241557863,63.80622441762385
20.599754438100405,64.51304002543368
24.994824888725823,69.29517678386408
25.290365564092486,67.72525860076529
19.692744407817912,68.11379031691142
19.631036574341447,69.84091580124026
25.064356491573122,68.96455714584489
24.200424306012152,68.0007013181089
25.194898858086646,61.47682368734951
27.85994571529073,68.01546980610527
25.725366994464558,64.23474787600082
29.664857915184907,67.76528184322017
23.26511171350567,63.00754189020456
25.650058130517685,64.8687278913004
25.996177471453386,66.58486262519443
17.987032275921752,68.47233471828056
19.85238503692301,64.29983190323509
23.51061642504761,65.22921559623116
24.259166135976475,67.22328605665788
21.547742298633704,65.63866384500908
26.506710051641498,62.80706674005519
25.125619251282853,69.3888511192003
25.66434685421039,65.60329582540983
24.965796043062547,64.80989979570754
25.04701979779695,66.37130921813807
22.236594044413525,64.01538959461473
25.041713461249284,68.91698518684342
23.20669244995936,62.405151751326265
21.105711546690777,64.75701041015068
28.06209200464064,63.77672910122619
27.370101152143025,64.58670685103297
25.653558735920637,68.20575401637896
26.642953470034804,64.16291326221383
28.651728086855165,63.83254314181178
28.150819684847253,62.27565231076673
17.55251237076598,65.0099087793375
28.596994577600448,66.5906616596014
22.988660466176366,65.67935348056427
24.832368357382673,70.36939897721514
26.534393700403612,65.50400297726901
23.30642722492037,69.0966741978766
23.906782563950415,69.13353353420092
23.693585391822317,66.4563709804452
21.760278521293056,68.68736639079494
26.9713050761172,71.74008913531392
23.84235374713839,63.296700028356696
21.849684718307593,66.10920087863897
28.157068053429658,58.804924952611564
26.18130036779665,67.72896723145402
19.49488965361442,69.94438423184647
19.04858919106848,62.891478959696066
26.97412845603881,66.35822951386794
25.321469680706546,67.85706949258442
32.56516806538563,67.32592122555904
23.584370230101054,66.07629159705706
19.51151676585643,69.92229791859103
23.263806387721996,68.89724827124654
24.804619673186412,66.94858044628486
23.46410062770517,64.83801397128937
24.110894332037187,61.06025232314465
30.330352773227343,63.39881721991513
23.64308396515756,64.27555340496524
24.94166115416079,68.52694339754865
23.928344010352674,65.60913443193975
23.71494450966963,63.73413302172736
26.185032345395197,62.12416171223376
22.87036649755027,68.8600039051206
22.972145625653685,63.53423794172874
26.60954015740928,66.69261273359409
27.97087244432823,68.14905150713778
32.2019757919502,64.99936055260741
17.97617627081447,63.939447566990886
21.24467783470591,66.122012982836
26.892007074372763,61.83471136967779
25.56273516148819,64.77361351956125
24.244221418839935,61.88660446140097
28.233866543845718,69.02099614765231
23.5683722768145,67.6727512491275
28.696464677092564,72.18669084731799
25.516256096385778,61.91493319526945
22.07241012571869,60.344154214651994
29.616433509118746,66.13158902828962
21.942438087576257,65.09677186311829
22.462455716245007,69.33006077102331
21.18910095484395,62.68347374136458
27.524316591965814,67.17062909103056
24.330971988854902,70.09659814581752
20.67001724364881,66.82841200823715
23.815359513315187,67.92873225060512
21.725725444758815,69.21744211201656
23.96465892801164,69.12897529921244
23.27415483538037,68.34484434298184
28.029927967444735,61.25768093472902
24.974928653108854,65.87272682784732
20.68449908102079,68.49788677394967
26.100326662000064,63.73559010220218
22.772355621132988,68.48724300656816
20.256836944080774,61.433343880488295
21.45771860530519,65.61541633746933
26.253445819386663,69.03609332177031
21.8244921210349,68.8233418713339
25.84163742719175,66.6681991123482
25.23270796064402,64.26313619707791
24.145096439457486,65.56275199431897
23.675475389718756,68.8918736115556
21.392140019968792,68.64920816652032
16.96812956758397,66.80568454832115
21.77403278107958,62.752342325737075
23.163102378517713,64.12335802333956
25.028922744041196,65.72856432966627
28.794290418483914,58.537600862037856
27.3576927345937,67.81287503053355
23.16130222731991,64.68847987448642
25.52220522409989,64.31775871484645
20.99937855468683,65.72594257669387
24.93372556524572,64.92362296558512
23.813477318990028,67.21176488233718
20.821443491435836,65.15897736720108
25.611424265847045,65.61953887183857
33.63707571789841,67.33405773633552
23.79159174078802,71.4036907389754
26.74064834658435,64.55669904749425
25.448336165399077,64.97870781167327
24.283800541900014,66.13984625708356
24.42170231130596,65.05918108255099
22.20101476123734,65.46614556140732
25.83024360077366,66.80958105695949
28.53176574297004,64.12915922392361
25.43861278258788,69.31503600435184
30.874350864162444,64.66503837820554
25.78188349749621,66.79490408580085
19.027907146586553,64.59890398255239
24.418619540558748,66.1224099855055
27.79724713701413,72.20702996665568
22.878625346331116,65.11125305339351
25.531488524904038,63.770085507788494
20.52152379850329,70.17082450849061
28.8406560449456,62.83676059540614
25.959480485307502,70.80002018297117
24.44297063885717,57.07984464526411
24.758249354901878,64.08190973675666
29.66370604281058,64.2194346836316
24.296464524515912,62.321799251640876
27.62207217603828,62.22860798723691
21.880572562809792,64.37982405364178
26.24202811267061,65.04479967170711
20.310791583620176,65.37643093730095
24.692022566449058,62.87281896132204
24.86536816660601,71.06239078416094
24.80679137870686,63.15228687428425
26.2703559467379,58.512917025357574
27.308659443801798,66.08301834525653
27.793501743418894,61.5254801347304
22.645997386473297,66.98446974997663
23.876807151686837,69.25768746732757
27.745201103449205,67.10436802795438
23.27892237208288,63.49589546517394
20.610961631180636,66.74426796668814
23.737176037691135,69.3266166282012
26.286359626000795,65.10524141964424
21.738224423365807,69.67704152130706
24.85170429150782,60.83018025922665
21.2372024595504,65.58835015599959
21.5073043895207,61.53391963329
21.652464368680064,68.23172826507353
24.206608306298087,67.70504180685634
26.248923874250867,63.85066660180337
17.683187998449846,69.03713949255261
28.27599108733018,64.49769321821144
20.04627033214571,67.85570716759953
21.636654242628925,62.91286403377871
31.72747720252192,69.2426328127207
23.02906433990102,63.24144415801365
25.108324564949402,64.5684722286162
23.756568685623325,64.66004471323177
26.964133059215115,68.86702593889912
25.951730308147244,63.65151390978902
21.130629972773836,67.3041765303105
22.999766579360163,64.59089355035469
28.355715738095732,66.3358353784231
26.86800854426649,66.6976430079637
27.193911294610324,66.0924873077758
25.623450824946985,64.20524635259707
21.96763014612215,69.8444999892755
25.059251996892037,62.609022615058116
23.394319430706396,61.63039314523145
27.28491987812145,64.40822131953489
28.21149280391744,67.87965277788624
22.424172363806104,65.71666364142258
27.724825537128442,67.31681909816186
24.425692952441,66.32400933747361
23.630259620057284,71.33574918898282
28.03468872053519,59.28518904388207
22.88338470958236,69.08791375146075
25.40508998693594,68.5872174182022
25.602383829499832,66.26092308014564
23.568631679953924,66.56361294942081
23.314166289067735,67.90709105752141
22.535566808082063,64.2613252268685
24.61649408425943,63.421261501360114
29.780788631053323,65.31285559745187
22.460597551357363,67.85552275854762
21.359337593594688,66.4331864529319
23.266106355930116,66.52848570095479
26.228984183461396,60.36913888961543
24.139063859491348,67.84146308058448
23.50354338589318,71.30490436973253
26.852255260802828,68.66904174380079
25.187373475544703,66.47779643055895
23.037054866740228,67.89752543311273
23.42682569604942,64.52290018579508
24.059710560551363,66.36457133025093
23.040742127560627,69.51118367760202
27.59437491507949,65.4330915656268
25.71444545189549,64.47454202347357
26.244760694493806,64.08698517520726
20.50245849805898,61.498637695754546
22.359527587265408,63.82177950465269
23.845666583252704,62.663239921301795
21.247149021456643,69.12012994989477
29.284040994988146,66.48147637012356
28.518695687774546,63.138221017025415
27.81321807762017,59.49185553185777
24.78926736219862,69.31892986132361
26.53083033782944,63.95487087580407
24.890750621288994,68.8509765218525
19.146581733069837,67.30542660899249
22.691192471115137,67.22427458146386
20.835296700255167,67.02913418821758
21.441110828924963,65.63887044954902
28.870399520211475,68.30219701014887
22.35338864174793,66.031086940954
24.35696819560286,65.19443835541709
22.435195940238746,61.17360795823579
23.498241162938644,65.11008962334813
22.46432281754759,75.02898095844668
22.981769263280444,62.17110844859612
27.92159737559943,66.89336612230899
23.248173659419383,64.71689139708042
24.66202246717226,68.98268449073457
25.242144037390233,65.6328059119465
29.78614249501603,64.06644498699731
25.87843600273101,65.12194666741883
23.428803469301638,67.6356412824824
23.600000241134815,65.86952267785698
25.987609025340333,65.84196626016596
28.34269533682598,66.25516326390593
24.76414805438779,68.06822446146919
26.006604258645435,63.0491957774458
30.229394308386613,71.70877686103317
24.312394059346627,63.9281327252639
24.088716852400026,64.9420775959269
24.493628417364455,58.30517162960698
20.452983125285574,59.86544158926664
27.41935435464532,62.463703608819976
24.39311541825271,67.9480182382538
28.79631932065101,67.9918891120145
25.09249996114156,65.34012038353576
22.510259197524395,63.708768114039245
26.801552889934698,64.41763036748017
21.23416287577353,68.27817777577035
28.050862891744803,70.43582152500338
22.12872428550582,63.5479485130583
21.55773822080984,68.88279662733342
21.49766542709112,64.92015577867004
23.93182384970442,62.98072424412436
27.468054856682098,67.36447712721359
23.487299227993937,61.51838355765652
24.036168829416454,65.04644033828565
27.872432118017663,65.30526642809731
27.544042739074584,69.49153953272513
23.968408881550857,66.99225104797401
28.39642169268907,68.20156267565791
23.38029801096533,67.37004472585444
22.198136877542826,69.86647856347923
27.663171390779734,64.51647706978922
27.07626943061835,61.35434138058977
21.85172807345636,62.013598869910496
24.232586882444018,65.88043511203462
25.249013119746575,69.0325258577627
23.624548383788145,66.36393840466242
25.783957133778042,65.27329314451998
20.897424210948778,63.024832228843195
23.78860293761451,66.92575929318477
24.70892050300891,65.9245882868213
18.797953925197127,66.95032760317666
28.406759309441355,65.17117275028656
25.885850975154543,69.34403674977763
20.967706349887052,67.8348255069883
28.565307265991724,68.47962816085055
28.245344067449683,64.82604965410809
25.30802076773391,61.08009453897291
22.922452648493156,65.29455557510676
25.258788421233586,65.10334988633484
18.122791998689344,64.19900437903638
25.729357047167454,63.87562924246697
21.77360516511401,71.12656097634485
23.295838321073436,70.82687218999547
23.211565878900615,66.53260426305044
30.261264469600533,63.81790697267948
24.39315832946686,62.134794620881586
19.841036007598966,71.47574540790255
26.219159172672878,74.9079818111632
26.900998870719885,64.6568992992806
24.50185301064084,63.65105966679956
21.946608464754583,68.45190043884443
25.580330166396834,66.6247915393095
23.44368615891523,65.22578896489664
29.74710319839967,61.46224238999445
20.11768197441702,66.07898431183735
28.37700993156513,64.31924500381065
25.420177044916485,60.893847255506856
21.648118056970453,68.66368166067656
24.96036566027491,65.08777335726505
22.69909904326638,64.20185345513191
22.4658252463116,67.63090265811512
24.535589059157616,68.47648510179776
26.52562873828192,66.97388357394985
25.45120050463613,68.3634526192674
23.024148573830114,67.05697573768965
29.731256488589224,66.34341799925919
26.345713206559388,66.82674597213473
23.495350949018903,64.06253567161447
27.552955499450142,71.05081709157149
22.30200182769996,65.78008193463107
26.070102979399834,65.71020627251929
31.100647114045262,66.6515425891892
23.81461428188117,63.14447659872324
19.93991003785313,68.74506792652109
24.246306650737683,69.94153296068014
27.003200788538088,62.648694442619885
28.054065270297336,70.76172955150491
25.33154430974187,61.698435758556016
23.812655550446156,64.42723603195304
22.823197528285043,67.33422294544756
26.720540271853988,65.43454883008833
25.994669392501578,64.23842704251163
23.23470099841001,62.2636323447469
28.844240840845778,63.20717567922716
22.951056230322727,63.93234137128632
29.346896215450105,65.4883810987733
25.520208553757843,69.67982318040542
22.541588991833432,66.67076700756532
24.69667141174867,66.40418630977105
25.97487903910645,70.36654664664853
25.28191388589232,65.21424121693593
24.519807085527603,64.77744037278748
23.421148556874126,63.533072603361894
26.129413665365032,66.70948165115426
23.741542024923827,68.12167531023329
27.458830075463606,59.683355730494974
25.539398562366706,67.838256719808
22.409308389982197,66.90385241417768
22.41231759814265,66.35505193271283
22.78983263229759,64.58741762843516
25.10407319359657,63.60511514960692
22.465409838602383,64.0271021503153
21.197140061943376,65.61764474762158
26.78468196257229,71.43625347574775
24.497007136464266,69.00332225256184
20.402772888811334,66.27898817294451
23.11937945963432,67.79118580428276
23.904981555064836,66.20649721605079
21.666061495761582,66.17170409287806
28.687640856134124,65.7550175888087
24.46883786749924,66.74153404215089
25.54284048613491,70.00689159966207
23.078629120634318,66.11765806952297
25.560280516016245,72.30249801967942
23.027682995079896,65.95974014854477
21.0678377128321,65.31315324899784
25.85724854514462,68.00145662996825
19.621361953586216,63.386315285042315
23.064147986874328,68.55025917765691
29.207311425470447,64.36751476727554
25.474025010024015,64.02527470977473
23.830795089702058,67.38096315437255
28.7093264827702,65.83480378145195
21.33843918774488,67.5847929705335
25.2181812548978,68.41364630483486
20.18574458103041,66.70664160328423
25.76391257531742,64.28606343537943
19.783412811052784,63.19487180975937
26.195220716519422,61.67824510795523
27.51406346283915,64.6541905907271
25.862595490146155,65.62946564281903
26.139589544798497,68.47081372933228
27.98591266133144,66.63036980039824
27.977662133312034,65.49629483178674
23.638356211906228,65.04009769008391
24.690473983636252,65.07192594238916
29.563400852551645,64.94576195293364
30.635326592386562,65.58385144059673
22.483055320794527,62.22091812523865
25.7602116541323,65.94924358336115
24.705702365008893,60.9238733021859
20.43699427692114,62.50652780928045
19.567740175891373,64.57918116663777
24.818933574847385,70.0141862465531
27.44532480579126,59.41074150897478
21.9902066023215,64.94499856382845
28.961470016425793,63.59388939879171
25.40682251490835,59.48200090003686
19.35161665187826,65.71333975862854
27.39828208490334,64.94290486009243
20.268727214048006,67.4000103715719
23.44931462605886,65.23182251818645
24.278583541846842,68.55328758026937
17.449889063802665,61.09123351949021
25.113175169038104,62.732283655968
28.746246982776196,60.783564803677
22.4164004989699,66.62239202641358
22.120562114217364,64.2423608591437
27.64211153855354,66.48140415044442
23.961352111201126,63.661026475270766
24.62036724891632,70.62035663571085
25.436689959675903,62.393625996399116
26.277075855978058,62.69869267620053
21.99554458458035,62.120807606998255
17.821193066400653,65.55419881644144
23.185572309893672,61.834284770841485
23.40314837326312,62.384024255709186
23.03286593150212,66.14429524621494
25.14558267131417,70.25373817830442
22.679536014033335,65.60094493829348
22.872134000293478,66.41079235026527
25.518413762299275,66.81236883072854
22.37367951491119,65.43458745312164
26.718761345274345,69.82318100528238
26.0815333178701,71.6134978688265
24.09561697396076,64.43087403942475
24.10325323815137,62.98144957143487
23.219711109127697,65.47680136197467
25.839830910106837,63.598739651662676
24.262913354782846,71.58232088708068
23.079475774579095,66.33914826841824
23.292133577354623,63.946431339857874
29.19887919764428,63.96745505786078
27.114386643128494,65.02219558068954
25.258136969389383,71.38932378093665
27.862796195895996,59.41469452651892
24.168440242820925,61.58034058042415
23.495559165347093,60.808750225570286
23.5447114046355,68.17085036808241
24.82435054514833,63.62888783228609
27.439244421034196,66.07880714995015
23.46777889941753,66.90880780027355
23.26747300436339,66.16281470757369
23.334303332164303,61.96509530311497
26.933076163628648,74.17066375305575
24.122340811938713,63.43554243121635
27.03056106560864,66.1640351076256
42.446841820236074,89.21994037382228
34.084312507558025,86.27860136898525
40.81535321649894,97.3616199104246
39.60292701655164,79.73454960490176
48.2353252281255,90.01874363100944
35.15752532095645,91.07780857539926
32.5240800722106,87.23310285765146
35.22616200636114,89.86546162285119
32.632740825844806,82.11509836825205
39.909169871311036,87.74345837235362
37.64226287433454,90.21080604434688
33.605340321024414,90.70722332445766
36.989297178180706,78.98546258230957
38.628550219912285,87.21093839580577
40.671888668165934,92.1639485179469
37.74297710543405,78.68052134303294
33.1526511141813,81.3341145200092
34.931765281332005,93.51890846629784
32.21904688960533,91.74816445483211
39.70034417812457,87.17418627823615
39.58919896899846,91.49277155696339
42.18380556932251,84.8592023406523
39.58907314013985,84.67304859517984
42.14878180898811,89.53778964173459
37.51654939133479,81.47927394115524
41.173334724545654,86.55490521382939
44.77724818748601,82.75643530229554
39.35780442477987,93.04544104619599
40.83797670157122,90.61102794913948
38.25783659096632,91.77745643289273
40.371224238342954,89.05160473793735
39.07816214497387,88.17938837984084
36.32280980150753,83.41625376965864
37.00354395246273,85.46279713441105
42.55710763030198,97.99709378271385
38.31337415583268,86.4807828699663
37.32061995886528,91.27214514483846
26.494277232415833,96.13731525075362
29.518853216345367,80.5234249293043
46.09357574099731,92.72331080111876
46.25135361907142,88.94802154962338
34.35915937437388,91.45607402486591
43.28162594788424,85.86415887537743
37.76005232985545,91.57728506658898
42.44326547085901,92.24586043923286
43.154757028715345,83.84477130254402
33.17327137470477,81.72901729390718
49.69041586894384,82.26376757232363
38.04660528312109,87.53399118847187
41.52322807665477,84.27882018140278
30.332972267851908,81.75158028472585
42.90236164031164,82.33532640352686
32.56760442631225,89.77287831191724
32.73297146720807,89.570813896499
42.994655017855536,90.30876340895406
38.06668704705743,85.48626419169499
31.9011450818732,87.40144117059556
40.55341648848946,96.38081836877316
42.051097179552315,91.4400333266898
41.4997390767344,88.23949049239995
31.89238406726131,88.61174374434928
39.86040173441662,90.45369767213067
31.439446900341366,90.20993116533641
45.23174617941533,88.79797618231167
37.79175472462953,78.70561046077687
42.825838387854226,93.25191316856225
41.09700294565694,88.9715943992101
44.88514797867833,90.71419977469503
40.00455696530361,92.47246688096834
38.95558964820987,90.2124162529793
34.229158712512785,88.84679277485503
35.12975665983669,83.54720479628261
35.39771370204923,85.13668904668818
35.308557189932436,89.23423931740804
42.43321969333085,84.66775329333457
44.101014211710094,84.44451984007848
44.244120591611356,88.80266194243966
40.94874994470692,85.9057402704792
35.63450561615269,95.40418247755787
30.74951598023932,85.91490505177805
39.22850073031928,84.44163856329573
33.997260471074064,82.76307162631619
37.686111446528834,92.27330382165191
33.318951721786945,86.85713111288052
45.62221883994688,87.82200857797183
31.901503672464298,90.18619130196988
33.38620164333432,92.0238559574947
40.40604307114309,86.99547517509949
34.90825377862033,92.1891696244733
38.7872700831206,84.3419012005122
39.04337093894164,82.29838878738938
41.382133436467214,87.23379200509646
41.50594120129526,87.84606150742133
46.01559048822428,79.60875336261518
43.50391308309507,88.21345637036893
38.61837723347205,95.3605261819124
42.4747175525618,83.72993058712463
38.49662919415329,85.61283638248223
35.12996125175569,91.27245656460298
34.580345328418844,86.52239067101296
40.365138184754876,93.75192606604892
42.73881131103051,89.39941270218269
39.957357356458544,92.74532986939772
39.50367265921867,86.25733929625643
39.50786810542945,91.67735080376168
41.27193519690876,88.87696287654865
36.881965359804475,83.94469522608225
35.00776431324516,82.89369103939092
35.5693724555711,86.8276006410317
44.72965010971755,94.04507767703518
43.84466548961599,84.79615299408721
41.04605781309807,85.51810437706631
39.68605912777731,77.49430279640099
32.135566766195915,86.44845121141924
38.49947434242486,88.5013172860525
41.56410609338073,84.31164119198948
42.53770282193863,91.82261319959862
35.87654169663824,93.6061502950572
37.16133297513174,81.17776661063799
40.81933426259359,84.32071623506815
35.61983274012958,87.04851695307251
30.926430980477434,93.13677863760003
46.33740505846731,78.84735792260916
37.64298485860508,93.67860654273198
40.66416559751803,84.80625079139918
39.77726112935347,89.78278637030043
40.246147417045314,90.98785553623888
30.02245643643661,86.0402300797964
32.832910877603624,84.05389163396617
44.12141543750846,91.64370125959155
32.77807871398557,87.8384500294125
34.805197438258304,85.52785500965781
36.35128355376589,86.74776343289008
35.488229679939344,87.36147140355736
32.50585766111368,81.49667688786724
38.10278149384693,88.62749084787775
38.007834916084896,91.00887846147786
33.63314751817529,88.1324910991545
37.06437996203077,87.46668207446945
39.84466003455493,89.06262313335651
40.70112964165227,85.25837242080647
35.00413895614314,85.98689950549507
29.943814282013165,86.43591892586196
43.32521170737704,89.12871203780432
42.25581503478907,86.58823760831051
47.18021137957105,89.23510891376178
35.079019281860354,93.61161011434699
37.813079353261635,87.5526886417081
48.15338743766607,90.68646572237482
35.05559623503247,79.63014657715738
40.837903205052456,89.83505316127814
42.007658894545365,84.9892830568944
37.25121288694794,87.94805059223215
29.562987959048165,94.4468549097079
42.301578534499754,90.27285570263707
42.98634363728921,83.99779686537197
37.135301542495725,78.5642121957362
36.80901000658199,80.81745398999254
34.655439958036354,89.30161144235039
42.84020000250485,93.90972618819215
32.783771621633804,81.22924542320513
40.91948598934688,81.67697178324457
34.97167174870913,88.37777311061286
38.355370559674206,89.68907439673595
43.139009475369235,84.97876127140623
41.15127118261182,88.81860227919486
36.356108029819836,89.05038875809979
32.65780033976299,85.33446172726877
39.56105005558551,89.76787784799602
38.63079752993818,83.03136795539604
43.05845018982215,86.3355770026663
35.59292789553689,84.49379763496147
43.308155353448925,92.58736271591137
36.45828799357004,95.97298593772283
36.34280286575374,82.78795398454713
44.53794329595617,96.01927104848869
40.39543838355991,91.54685983135003
36.22599642383554,86.9661176096828
33.19599357030553,88.5822875490688
32.9024237842423,89.43957398323951
44.21325717454959,83.01175758021164
33.36368576767366,83.628437699914
36.16868506151415,80.051743756185
33.162094614275155,93.46086548530296
41.849046995042215,92.4619585628772
38.652786139831264,88.92152846978551
36.05279632571529,83.46020166715542
31.179598971633105,78.19289114310679
23.047168225843535,91.85709668003592
35.30559797568939,88.59472341537075
34.386025266911055,90.98711132249106
48.46844994613021,84.86346963147074
38.176611621490665,87.87377905505899
42.429879912601535,90.70529931373896
34.43812552259649,87.60298341681211
45.04712649982377,96.65684988394378
42.15608432661587,87.19090519762625
41.49324741397156,84.45127669101709
37.042865124735656,89.87264463119539
35.26670269322764,84.32128720382882
39.1973585379081,81.04968711140972
45.34863600026354,90.91037067069156
45.59581259758156,91.36228521092055
40.866609137537914,92.52225577790671
42.19109746773108,82.25333054019059
33.682327545611216,93.46082970553027
29.567238672048358,86.57609455827345
38.14984389814114,89.55291747517849
37.35721910122822,79.0797686653016
41.76932911295791,82.29030908801512
36.49982128048931,90.33156130914475
38.56731440494486,94.52435991275804
42.0511776743911,84.27521877512469
28.87087619864304,79.99074747714344
31.255404393933862,86.8221700009511
40.4574042897163,94.2300769528899
43.278104739829224,88.1693928381091
35.593366343312276,87.69322320076147
39.44876470737177,79.81417110591404
40.86561956587892,93.0325431680887
42.62226973959842,84.3978087569822
40.01475317094347,84.921501752624
40.62586517087931,87.1895793521459
39.5641117717219,92.6761737926284
37.41613541298681,88.76768084249278
36.78754411941531,81.24268624498609
39.74434893191488,86.06668445383482
31.223779863286474,83.21174635104998
37.24415582951025,79.95519092584381
40.12584612157235,89.61285958733565
47.00072520422019,93.28772919771241
37.27060397196475,91.99495529264476
38.34798757279087,81.0020677997881
38.6205178223561,84.24166526743387
43.676679783859655,85.48544775689349
38.19003318899679,87.0205167122491
37.13210870386912,86.6096175210191
31.665514184050195,84.25362741112738
46.66301417676722,84.15509823901863
36.46235756898683,86.34354764853158
29.47485535030213,83.94593186502544
34.645055592350595,89.5042125989479
29.435571472639534,90.96486346459193
41.02090528690247,97.52897093544934
40.57735588685046,85.36420165605132
44.73112066152641,91.2383053118187
39.40513808013863,87.07214468250429
37.968989110348666,83.89220814236091
38.554182655887814,84.98109040156396
40.865029322766425,93.84281196612532
35.55606357487137,80.70264007577991
40.644033751107976,89.3409377045176
35.229154150561556,93.61310304846984
41.63185297869634,85.70198732712909
37.088168899889396,88.75737492827838
44.89114691222681,88.21756472393258
38.29799640654649,92.09063852230037
42.03968271632284,89.91642882557329
40.14272728501965,81.19262889554173
36.46725033394564,80.8575160031917
36.94615283215535,90.96356449192469
37.46625055657566,85.27021945408417
39.845170568500166,83.60015057320665
31.002959168238995,89.4491942381413
36.219247419352776,86.77073452007872
38.09253001655853,86.16855114715327
35.03980058447495,90.92165395173922
42.209189715670384,84.30197239119856
35.324607996335445,84.65767341299667
33.9600984356114,86.50981622419609
44.280915235286784,77.36319885759063
39.332918198966354,87.50204812941179
30.01177088404323,86.28221489465048
35.53481700756154,88.7465346522814
39.18015091894209,92.83414513796733
37.753173593295,91.29397381906607
41.86412212212558,74.74105995289436
37.737916734183685,86.95390190824523
40.70048787352946,91.92259343381869
45.89208064127143,82.46438632401608
41.85957363978537,90.41907067522693
40.92025331878986,85.555553989581
36.631888699044666,89.6236384696395
46.80888006409672,88.07059604001554
33.13251477641514,84.83273807085604
38.51758048577569,94.19416344103284
37.054163539144675,86.2851603996037
39.97800785280887,88.35589171953833
33.846935701889954,82.37247937951956
42.30573207455948,84.26054242975324
43.509095988085306,89.93093692698993
38.67195507809757,86.83453320474571
39.896430705061334,80.85409443279882
40.03061950002153,89.76112347347818
38.11243802485655,86.22165981969422
36.11864138669763,85.00802829107906
31.396871741432168,93.89453113448648
42.385661626227275,90.41421275034294
39.8667268981228,88.54336533689103
34.97988473890193,86.967635339947
35.71787826162422,86.9293652551976
35.84695722260946,92.27514798396544
39.32147240842317,92.25871016557323
40.12405640859751,94.943948663539
42.81959937420493,82.49187834083408
38.185459944717735,87.87868512835678
42.10397562449123,85.08052680370298
30.77865991861426,89.8798789246347
40.32958699275496,89.84530753308255
32.08964506669064,82.1367126735996
43.19905584215683,86.9152377340556
34.59458879376339,83.56246506767677
39.30104360596608,81.15801514258284
35.0950844163031,90.69711569196191
37.186162759814096,82.60502643154354
38.543155129901095,82.20868408166585
36.1562674862165,83.60747372719273
47.47483206196037,98.47338704657028
41.11421697182296,86.93382327864397
37.98584481035214,93.69238097005636
44.22134600038035,92.34154121007964
42.294022900993745,85.29691068306096
42.05224038759418,94.57603585111433
36.17109829028448,88.99920924306234
35.1390531581622,83.90653323298692
39.458330744857776,89.37602943418577
37.32252438110234,82.27508545552362
34.98852458781978,85.59967740889695
39.81996714065283,88.14985444910718
44.432603704074495,86.9146191838077
38.117156041302096,88.70011389745237
35.895828583727884,86.19569833435288
32.94747654722022,85.14053328892197
34.034391439813,81.06223600343877
46.0911408310544,85.64914972986271
45.08209002342639,90.21479795177056
35.79381300835412,88.88599948935145
38.42629774089064,87.12643236093166
49.97277095993732,85.39180685234828
39.77040425702064,94.64551345185687
38.54100640701336,86.17161348674986
38.19743124300041,85.61792056060551
37.24986119694032,86.94041612346489
35.78588559620981,91.85273638371089
35.847960452054956,94.64348049302482
30.318306555033665,91.33440317023314
33.55668187772937,88.30330359622297
37.66105773208767,86.38447815592123
37.3177231701126,93.7838475678392
40.60023229061415,89.54133137738795
33.591678017023604,85.18964823417299
43.76041792621945,85.94330666150991
30.61464339524698,79.94360243326702
38.699847963945466,91.84256703883784
40.95023143454438,87.87199398174641
43.4465622969553,86.95256904571039
31.359695111331476,91.01842612533176
42.27943685613408,92.46866947517296
37.13727117071235,90.34291513483062
31.90352783738203,92.75951812594849
41.15827311794828,90.13422209654101
37.527815093638196,78.9093752905037
37.19217748603238,94.23573403343619
40.70747693528459,90.56841679099337
37.14162277395634,87.9024493682684
38.16090391967492,89.98509137194011
33.27535001839504,85.78726143730384
45.233300758968454,87.11904450462067
36.633698222589814,88.24360766636205
44.47870388238507,88.94341383626247
42.602722404198566,90.3427762541222
43.0868914561684,90.34376599942715
46.131555483693106,91.41554806959189
35.87679013802291,80.80460012033619
39.214291757040236,81.43316846785946
37.066798873049855,87.74309986858955
36.61107050121021,90.94383265062572
42.25066825544745,88.73549079393388
39.685233047240175,86.84634494509393
46.06446096409952,76.83313633446217
35.25521076792603,84.89509642319369
34.52976207528773,87.80907055518882
43.21725310355459,84.52436924016406
39.35749214586872,90.16515829219104
33.83976686405722,84.55785071844066
37.78492648417743,81.75419769127654
34.14337918068781,88.03496678440999
42.601052684221074,89.41253437899375
41.560371784654,93.22006518459455
47.230795470789985,92.38485437894042
44.313361552295426,85.3624559919449
45.84992640442342,85.82624704137288
39.02982177026475,90.42804390735964
40.11899622204249,86.19001143075712
37.360246073915704,90.04016464088107
41.92578587492414,90.09258876807428
37.93935411975874,85.97236697380934
45.82286787574213,88.71487880443446
37.293179457298834,78.0926375673231
42.38639762012382,85.53058632334904
40.64115195544136,84.6253300945436
30.442350219329274,84.8737411369617
45.8780857210888,90.26847953033464
36.09121608501911,81.8232014815931
33.66602099851441,91.35344461384072
36.70226670434619,91.09051656361929
34.09004330977156,89.39406670652285
39.53819176959898,89.28918251715008
43.506308325630954,86.05477795187628
42.039622519455065,85.13193862635869
48.655457308063326,89.45393659876764
38.040503447415944,80.1497024338177
38.847020292175536,85.19584117126024
35.67712616231464,81.75442218241398
37.841419694849925,84.98689368876418
35.96286585477918,88.67561223668564
37.66576285732761,86.97392823548908
39.24153517504729,82.8208299114772
32.57272896732958,84.65256251523863
46.19997560450729,84.46441149148238
44.222909667921066,94.58038334476053
38.67761167558931,85.66107997575085
45.84974442679386,93.75723518040675
35.33330194522883,88.58930671884502
33.11544479647172,84.43532328301367
46.31353120587893,90.96350240568748
37.043598924311794,92.13045658735241
40.106484693464935,86.92718896648958
40.385072316598105,90.28304462699911
34.88225030155291,87.14363799132552
29.109972730483992,89.7819373887072
42.39466866017092,85.31693753915596
38.90330788503281,83.3776372493457
39.56233082829199,83.1554939783079
33.59889311207443,94.73569648781972
38.74820690297878,85.2416922246538
39.95612955964265,87.21977544505586
42.31777516548618,85.47096180928182
40.9768388380398,90.33903466842543
38.25803462248344,85.23640003161462
40.896287798905846,85.60391082082198
40.06384890721217,92.45231197917357
36.181905722575465,87.66987312271628
35.30283699234387,84.61678130890272
41.67812901023711,87.6899362801312
39.1727602304017,89.3326018616897
37.17771742681911,93.20267575780518
35.26462971500668,85.55478347274556
34.5808640328919,87.43367305728692
44.23369974682385,90.19361564401123
38.66389744145258,85.39021787577532
47.589343567979185,89.9414021645594
46.952404422834334,86.9417521404872
43.37093461401651,86.23325355252807
42.23739684947833,92.53696637934345
28.862473276515278,91.01054873675093
27.668790635981875,90.43392610041167
42.30251619874587,92.98873640590692
34.25341981819872,88.64564494470613
47.81272209365843,90.03651324235895
35.933939457626245,83.30023620971372
42.52367487117324,79.11781824396142
36.7988793776137,82.88209212240103
44.426562212982645,82.94694290719562
33.95648278931468,83.41542619551888
49.16861016821242,92.77953060813023
31.143551392079974,87.266188597421
37.265841226267426,91.25869854381483
40.20548288079884,86.26110225113594
29.465225115768945,94.5893609737288
33.356014312992365,84.28686557015712
32.138279234343294,87.4513392199045
35.197058905225724,85.75399092720849
45.76334406054893,80.99026571202747
37.80272077718234,89.64636193401228
35.11856115298842,85.56638724432464
41.97417423353357,81.42526615916624
39.739105727558496,88.94659156504444
34.26399272152271,88.19286075195522
41.86513324408167,83.94021549456423
34.195010841006045,89.46843338443786
51.5488049779853,81.34091676479622
38.59295508677231,90.5537967437827
34.79376676777009,90.55192919126755
36.15099206707036,86.52017086384843
37.54362455022056,85.5150633754013
31.419035122466205,95.4121141492154
41.58199383433124,90.75732380781058
43.77848100903946,87.07309215985325
43.04819169655241,94.23043867048138
36.493990492811285,81.8865636176637
37.877137899692634,86.51282399640782
40.90298124080721,83.81585104993502
36.33869739387053,82.60990524400498
34.519130795015194,88.39205094768965
42.81168419505682,93.91882963910734
42.13422691064773,90.55070216546035
25.19734867588743,95.45044621380158
40.76829220053308,85.53115255880331
36.99316814935019,84.52777727950338
40.97592639020933,88.44369487518308
42.37664837315163,92.02638211376531
36.4342465053988,87.40788182567712
35.910542388257014,79.76657676295629
38.87479823322113,85.01546246162341
35.07180777335895,81.51203719298675
44.55124111905086,84.32535213632083
35.096830313375435,91.11983803961887
32.7639797042269,86.68977682515188
38.76444609553254,85.8030407765272
34.595903218053465,87.61289685506637
41.93115191026152,88.69203775223089
32.117573909237755,86.23758361703638
35.413355640095475,90.47513922190073
41.60052883402767,89.58569526341904
40.87440670993846,85.31862459489435
42.71477039156862,81.18264511946496
42.73304370745501,88.43549276253624
40.1518780855807,84.68247317480613
40.84056765849417,91.24189559240533
33.490674395822204,86.60329247396811
39.56225905656701,85.2121156269728
40.91205779847058,92.40704372705044
38.138952867756885,92.64916174668762
31.817658045632097,84.08411560364826
41.185761549415346,95.88826790583167
39.308053523153596,87.56759736843429
38.04867914577428,83.0873288824262
33.732465907033365,79.96327200318308
39.994514634410805,84.22758403032526
39.467773107279505,94.90939003176473
43.1225676629751,84.07524676837352
46.01954320989709,86.51651938494956
36.93914082580996,89.46714251189539
40.501562421596205,95.17240046826475
35.437660544720366,89.41891750660817
34.082767729282764,84.89244400783235
42.415995945612934,81.79571254648572
40.94957183736405,84.11059834067336
41.96015265637666,79.87915417847682
37.5321756009707,90.60793480682672
30.1670353165865,84.94133176139908
34.24152771756083,87.1212860796293
43.988804348883164,87.45782634476872
38.85307243318555,86.12645791282303
35.84185373251705,85.65077806584164
42.71602366833093,90.78830662126384
39.83804268861185,83.40850343618806
45.19687692349899,84.40738467651589
42.85365987568475,81.6889145581655
42.80459295188835,90.62205478061153
35.849871591278564,79.10840724377911
40.10530456529822,82.6155961648062
33.08437813118444,83.55622825870984
35.577187661613436,86.7749879530303
35.386961457873674,89.33498581047591
38.29071380813237,81.7875845443027
38.530191278122075,90.13651400657459
40.78682790120162,86.87677042832053
41.47633266627098,93.64567725426835
39.610994015941756,95.41479568088377
47.47021506952485,82.87332777069203
37.112470584725465,82.59057700468686
37.06667369500059,88.70238443082043
34.67130548812187,85.44850692529229
41.741715533940926,83.0018806946131
40.826403827289184,85.33515042551807
37.55277086895403,92.98822880973326
30.96509820578485,95.54787427411767
41.969543737825575,86.11592509688721
40.973274030845694,85.72822818893017
33.600084021277304,86.3722834948437
37.4058227163699,85.96999895234813
39.43569430070259,84.25800608107146
51.550870632126774,79.22966499152953
41.838526994415936,80.74811144610875
39.49188894111025,86.30507603628679
46.609520653621104,88.38256860856418
36.37098954432472,89.12836990133495
37.712700551306725,90.58364993597121
36.38287738856556,92.11619331498022
42.50464154422056,88.38609156911781
36.195049190041644,80.25481513467369
38.37781905893603,79.23026680394804
43.71521496059416,82.82912655666792
39.07812421176583,91.60647935221455
37.716730663424485,90.8748642201017
39.02981928063206,88.53522491375674
35.48557640337503,82.51391786861538
37.747047938810546,90.68454396443505
38.446782161508196,88.43648637763458
36.39054826442169,79.24504832136179
34.947737606607674,95.23775329887542
40.26993338075464,84.36021564730451
40.44516470939753,88.15999832432583
29.94239808371028,86.77607303933614
45.93597901709856,82.16336785442607
33.26966880814758,85.60778853385496
43.13621539616706,85.16600704989101
42.96413809005277,91.86480705725373
31.810774723143417,87.65518879067032
44.01048466764108,91.07912802878414
37.06360597860736,88.49487978541734
46.62074051059396,95.69269963112502
36.1702960180972,94.57795072574739
38.38965482371735,86.44277846721592
43.507180543814975,85.2186953505893
39.84845448431225,90.11816547219502
41.33246948887392,89.52976297371438
33.938363860305415,81.95641294478668
38.13238541295842,86.88425381290536
30.22951436508488,90.68216609582181
44.576649570181175,98.64599833951146
33.714585668483046,89.5614476614992
46.62953067025705,75.60929993547866
37.402479942284884,90.09662276031791
35.67630745093023,98.10283203554911
35.34884359183885,93.96429946068001
38.16868833187754,88.62879787968124
43.8402181183829,92.56569141260518
29.0792977477295,96.83351130024668
29.473384726123534,84.77022475367117
44.32101562927667,94.34532292118435
46.2526083660586,95.14314993521069
44.25687652680834,86.02059918970063
45.08781511623676,86.76815647484597
40.80740772914062,89.50040984728297
41.24788957074082,82.28446045486314
36.95571381711997,82.013129993595
34.002929263238,90.59929860378647
43.01126590512634,88.54865718812002
44.89887157867606,82.94862366227116
35.40160705206245,91.39614402531961
44.446168308286545,85.50139336440182
39.660660565493416,87.12427149544858
44.124470659624116,85.95399328467637
33.90863801021725,91.06615253171859
40.785269745402815,87.06510409268824
30.639329166070222,90.46867544899375
42.95055419279921,86.61754916546498
40.29225981084211,84.88022228888535
41.867832410711664,88.28047849602562
37.77640967851467,85.68346262197376
43.75984592169952,89.83186432902377
35.977014275001586,87.09634355195978
45.56912850601844,88.65856865662373
38.85292641721563,90.01950111797633
41.101521748444,74.00581565214665
39.204281920591555,95.04375810289804
37.144850755890694,87.8543299870168
42.894193763073105,91.3871617911928
38.487510989493344,78.58873702619042
38.57605148418323,86.77915792788627
39.73603890761555,83.64421503781043
39.26132837408381,89.01268947150432
34.49549644689522,86.36051790057184
37.523650105823606,86.82359072755706
44.71927547580906,82.88884927196274
43.27136574847763,79.15503409696511
36.103404935598135,95.48967746283806
33.37368774696154,92.41771077318141
42.367902311022625,82.78734702953277
43.16303362114166,92.21623454131952
36.23208251316265,90.73708892755728
41.876541070716385,84.42757011034085
40.22954797701839,87.58161538701796
37.058891736201815,88.64520947228775
31.852968543529812,81.70275537610817
38.22507049207529,87.63987946504956
42.50380482197915,84.91058996154801
32.49004048956669,88.19727586139469
31.058364268361135,89.38799237773958
38.606173238385345,86.44080699912139
37.98967824897762,87.46602232332269
43.14096178235465,87.68337364723682
42.828749217581915,88.64899855100366
40.65415694330737,86.03167846118498
40.521657838009865,92.14757591671786
31.62990355320343,87.0264236764864
40.289050738058975,91.3180140292771
38.011731779208986,89.9449709803568
45.733887311638476,87.8128706092688
39.253730271000116,87.03130088211225
40.93804404441959,83.86600502706149
36.773087617229336,81.6227203212156
40.01108183680461,86.8362504742805
41.96054309330265,85.53177352906287
40.061774666110736,88.25082385452228
38.823581281221166,84.92580130753966
43.73575856204123,94.84784594819627
34.823471129350196,91.50073057002545
29.41153604466814,92.71663715309232
44.692665835184854,81.88358820452557
39.188493938544134,97.40597690336351
47.332333721728716,90.05441207561103
40.61118752242193,94.56023369859201
38.799207261760024,94.53915330878884
38.2935370195301,88.85254988345461
36.80546974247112,93.46575700585616
42.81909058164413,95.7955271101693
43.053794700230675,86.77566548820879
42.20105013619157,79.2648075679267
45.39586970824701,86.26609151112207
39.86538680631621,91.1212572053151
38.29595035748939,86.25415468375896
37.7333063927706,92.38572275751886
38.41911116560085,96.10098136981627
33.96142428214107,90.11840872875963
47.57381560216507,90.60127469086606
36.720674597023965,86.47076224566959
36.71145144725705,92.5350997441798
44.72012162615587,90.88719906863582
41.840301858983715,93.74089139811528
34.758977838391644,83.19657382256337
43.95083131062702,90.80359413571479
38.90823990705593,88.31257601197082
36.94734026561039,87.88574915975974
37.28721621893973,89.78585082938342
42.3724650341688,91.26556622035484
39.54016266864617,84.49047893271316
39.54870375688146,80.86422256003
37.201759010013056,94.22076708646489
33.97334836820313,81.76478332015444
39.77535203659892,85.52077743912326
37.78704812577637,79.43959481844976
37.73465814264235,85.9113077764013
34.296786524892056,90.48823936240937
38.27361777146989,84.24454227870048
37.621926949271604,87.88092425733333
38.57372026340579,86.64554020241582
31.19164654809705,85.31378777274536
34.030684656827205,90.12141159220072
36.55504337121541,81.85523282610833
36.97832233315542,85.74490173466496
38.09484342961478,81.71784298760907
39.52670096276666,88.77287529294635
45.746627409152815,91.80582284346067
40.98922883832145,88.17472644328998
34.85921051519843,87.58132325887051
34.93972330426588,87.10313700546911
43.99301003860134,88.23312750914033
44.637518091852186,88.01972691131904
40.434128579569574,78.48707819595646
41.592913620192995,82.11425438782008
36.211266170114705,87.33367188825966
41.744269767363924,95.66244515471402
37.08393789509793,85.71721344111405
43.37973462910816,81.3928540319804
42.533978057417706,92.98062079255314
37.95517322805753,91.28843201623188
42.888978598961835,88.22805618651599
43.69358693042607,82.62914527674336
37.78207232537682,88.51734587736449
36.62491780597452,89.95480412596878
40.28308818908603,95.07847690798383
41.792335151734584,92.3113262707752
31.783855180444956,89.9957297726132
40.086779136594764,83.6877877035988
32.78936469634722,83.99555863325986
41.47281560184126,86.07352982009051
35.715572773048734,80.99398530520776
37.325102829778096,88.66580953122171
38.851961452307684,83.59363794666199
37.94387282752196,82.2158121964414
40.1842218202664,86.10326560351545
35.86475861815455,84.98540787639858
43.58799334212878,90.5051047268213
37.644828623612185,98.11555524605198
41.731199732561684,88.2663864418083
41.0904081656408,86.83920543484852
44.5391199452638,88.36130377600459
45.74720354783771,85.58993720953868
40.145486843847664,93.9430961160406
36.58185378938537,76.55729275008373
43.51243040218083,86.8639006772562
35.32599373348186,82.74375527249686
36.81498801729429,88.61444058041832
37.766864445194706,92.2439986295651
38.5837511899155,80.93960381193162
35.41726833629679,85.91588715689413
34.07828809517764,93.75513730348119
40.01725695209281,89.0973815508592
40.03280123217461,90.1459155803054
43.65506725032094,88.65467548439234
39.05701458209366,96.88892368345874
37.77486345401997,88.20449051584188
37.52268453244531,83.90108856914821
46.170339265376974,87.00713529657436
38.24241072289329,85.75874517347384
36.53778530434717,90.36315056010001
39.407754287645254,95.8047982916306
37.88634255187311,91.56240637500835
34.00664624995795,86.99844501424221
33.23288969387575,88.05993781548207
42.49827646824485,87.06150993505952
34.30461760505103,82.441279419802
39.152035301598815,86.63592915517295
31.53800264856282,87.83621169630182
43.24932537602722,88.25028341873472
45.24199430165741,84.31548854280379
38.277779771770334,87.74149673170882
35.484890343410285,92.83667612427105
41.97377510075936,84.63213440761001
39.88139095087178,89.93682011531446
38.20069217388953,86.4333985394659
39.81159346662873,90.3511080292074
33.129714182840026,83.5016517714771
32.73970940204954,88.50841001058068
36.898027714137584,79.89275402323126
43.302097015670014,90.77920873168733
43.47497611163907,86.80627733250333
48.247909529906146,90.27824151001161
43.29719556567062,85.13776540147954
38.46116056066682,88.65082945894447
37.13752538452446,89.05852165754168
43.139927213523954,88.5324831840131
35.59169922190539,84.80723457109282
40.660023795958345,91.67862030643919
25.028324923518262,-16.00981183091685
22.41626013008733,-15.785474488848823
29.466049106925897,-11.101786485726382
20.96957038841541,-11.902092435699963
23.37748891314495,-17.707319247244556
26.916900314389903,-12.465843868498554
23.430995832389304,-9.5782555151137
18.408969967860603,-23.157089714938763
29.19006410581754,-14.898961173176756
24.48514560113241,-9.693060411406938
35.57374086478621,-11.139157718651173
26.258673081759472,-19.516543393954326
25.489569071348658,-12.426046379696263
26.073127488227527,-10.609463675712988
25.792369391578788,-15.43407016968056
24.427739303030442,-11.429531450698954
23.04210773589829,-24.929398884321316
21.221386534287955,-15.496796909911396
28.72285448863192,-19.455310289378048
18.86655689542978,-15.941625544969563
25.409538387330148,-12.919361206685277
25.806202333680037,-11.370174814394232
22.5037559605113,-11.146284871584346
22.553011790263827,-18.63561898596251
22.605037036029987,-15.659070185236029
16.140023277422415,-21.22947433290522
22.996737588836574,-22.089284373708384
26.241456259007503,-11.006310531486323
20.153631438103314,-18.03894576555452
24.52847716871303,-13.426943118503164
25.719320678167715,-10.457564773631194
21.152221944823353,-22.006819397271162
27.0749755747033,-19.53557424941409
18.34396217440148,-18.46986526705887
19.704013940698644,-14.028679347478846
21.567031787781257,-12.541602381118727
35.29714715793447,-18.523349247890373
21.427536652627413,-12.204300700138111
25.256228095548057,-15.415481199331921
28.11679737523864,-14.066200030913729
28.197064117288857,-11.211962539000096
20.702404356310293,-12.135249362274884
24.67693107089599,-17.29973387668333
28.113671015937236,-19.803115593471787
19.359564439301515,-20.715707962892424
27.38037668512767,-18.29832061509088
23.001554165401707,-17.905425309284478
23.99601222730105,-22.748300487630623
23.752483919927908,-12.03193679670779
28.80659391453846,-7.794220136011063
22.42785436882732,-15.794076875168674
26.066093032364638,-17.822427455948862
18.43291760224702,-19.44733872774313
28.18721834724914,-18.208731905929707
27.5870939146476,-21.694216967700527
23.63868935535279,-21.269919135870214
25.703178617227536,-15.852367861442323
21.4553593566495,-19.310815201610296
15.959359606283282,-15.874215825224942
24.74369167720939,-16.22771836459882
23.933619246486288,-19.637518789926197
20.21558999084849,-18.084867387824193
19.460056938409743,-15.677511066281294
21.090201348703044,-14.79182138970725
22.7974420075783,-14.209007672106772
20.76089447641285,-17.10807219824315
23.155164737279264,-18.171807546633516
27.969323727151547,-10.321817953257755
27.62638771011157,-15.827529521182942
22.209163013157454,-20.28927039169037
30.71480388362067,-18.833346469938586
24.02640477179018,-22.285723019270627
19.790872344530566,-14.332193189847118
24.076548986823436,-21.401708037782733
24.50792605139195,-9.33707540756552
21.09574918555166,-16.956171432044993
22.62671034411817,-17.815606234140123
28.43339246043424,-18.454901871128648
18.012729239871263,-15.54412290674894
27.681567399054465,-19.121707428088765
27.597101466360442,-20.93178988131594
20.17887954120862,-18.893579423154193
22.78501138882945,-13.930290011449584
26.70002023083913,-18.532985838679085
25.470529222991008,-14.87255576161201
18.365188724930906,-15.98833394123235
22.299722987520077,-21.718018338714213
20.13157454614069,-14.219724713237055
21.79389633908517,-20.563788994206355
23.06596996422173,-15.516358717279749
24.15867478804823,-8.228654606539298
30.026572664917268,-17.868659108290565
27.753616131897765,-11.119425925531871
22.080063243771093,-14.989290332983597
23.34103373029606,-15.321718286652457
30.24728165854561,-9.033847327061965
22.2443945715731,-7.830171654126126
19.989277002964226,-17.042869964116647
18.477074557664032,-19.43262666954525
27.37410412884247,-14.133100494576588
23.04650547387573,-9.542994768453045
29.714877632859892,-15.97158581019568
23.39964349431798,-13.221072069784965
21.35157271956787,-18.50291511367639
22.716010100807893,-17.827134246342755
21.673869099170204,-16.722287674869474
26.123753720249642,-21.619852032806072
18.416214447081146,-12.163308321416244
28.712043900885696,-9.437040119984761
26.654178328694,-21.19308136926492
18.917634299747643,-20.8201505266907
18.309963370517274,-6.5027910634778205
25.908286669145518,-15.72141564965723
24.200175231584744,-22.296950069378067
26.473832969370036,-21.450997909270253
22.593271201010193,-15.902619005131227
17.982750834306927,-19.138824773040536
22.29132851568891,-20.746474617756014
25.768899289176,-16.621089108903934
32.30974203219621,-14.064501305261654
26.43891467747659,-14.907287497997029
17.70349384965735,-21.440172270541673
26.977768118951243,-13.55588452836093
25.730541099441492,-14.749506266549806
26.416224803642837,-15.19652913947987
13.229106531777486,-10.70231762977216
20.713868788202877,-8.862381213449869
20.932723028446475,-17.112510492643228
22.141650383663972,-11.666783592843316
23.868868549818075,-17.675045497758465
20.574645109977556,-17.115846423796857
23.92796561259995,-13.373617172677342
20.66268734250579,-12.174844411453586
23.706317864292348,-16.14981557428276
18.471324471996244,-9.760645663770372
30.02912025704009,-8.643540305667234
22.86886408475829,-17.71192437008524
27.79735216609035,-20.33368884358404
26.947221562145227,-22.17398175591304
25.204598559187225,-18.226489203004313
21.78320474496043,-18.99102671988488
20.444223805841467,-11.520754989118412
23.37020080991894,-23.93316214244787
24.175552942262428,-23.08919503793009
24.02487508095416,-16.181456459078202
19.54524383362032,-15.94987513746044
23.96734326312791,-18.891001053528278
17.32915723990133,-19.24748015550871
22.47507104168079,-19.12558973189294
23.874373668754817,-19.26364341735514
30.6871224558399,-12.135934283509592
20.84883312468831,-13.119682168514556
16.17818058093588,-14.947872919601886
21.124100725028953,-14.566137515709467
27.99372017909224,-17.258511936765846
22.616727920036336,-14.636866854659889
29.07801735800542,-22.00483381169267
30.62870552568681,-13.044940351296567
19.152371265203612,-14.81608098590116
26.577485953658993,-15.94418061373843
21.598408745835204,-13.66725585912265
18.578683955154123,-15.63272695797224
20.528520634732693,-17.390004777994232
16.92866693610069,-18.072851345488782
26.532046318624417,-9.360159705812215
29.187518020290902,-12.61406529992259
24.683788422267707,-21.375853119351618
23.982143180976554,-12.946279210086907
25.694352868590677,-16.878441720024625
19.410236892724406,-13.92859435051416
21.357997197347906,-12.615494974196197
24.98849090993722,-16.186741223545223
23.618737914003987,-16.714293974174954
17.564006476873644,-14.546030501368376
28.6792851672604,-11.078366844939945
21.658145873035657,-20.37977257401655
16.1632730250032,-16.798897351585506
17.807517413818225,-19.417637795076253
16.169820487827806,-17.232293917723755
21.35581424278089,-15.13114171917065
26.778453638865123,-19.316901730273116
30.86756542698582,-12.41909500581593
27.92182739940874,-19.1979220499657
24.980810582255767,-11.454906596562978
24.999276643299847,-14.848024704878238
23.993376831514247,-21.426595320547925
23.484683422475555,-15.232274548633194
25.325988094353562,-15.427460820947065
26.568055497062396,-18.14875273427308
19.389555125521724,-18.292393263671713
22.719149552806613,-16.291977898706037
27.52323428301871,-17.80493457919274
26.747322967192666,-14.032416057964957
17.356833962001787,-23.293163513656104
25.835140912395058,-21.98441738715452
29.120028742002056,-11.065583306436967
29.996613688338535,-13.559922412030986
24.527030612105882,-11.554014842529941
24.886400494200352,-16.259786454456144
26.68833239418243,-11.590726793489495
16.891967415628553,-17.347365127634028
25.456382266962628,-15.171802716884509
22.83292627801094,-12.883474600647851
24.21820634382603,-13.66872374755129
19.300170798091127,-17.301855159419024
25.856789724455965,-14.870702475210761
20.923385857050324,-16.070434494967575
20.43206726061591,-22.7270872721971
26.052903651662916,-17.679381448344543
23.450071180776007,-18.41564529639711
12.818486384231475,-9.41955771758686
23.202519425170582,-19.307922540742698
22.89857209468888,-11.442656455216852
24.14859100692018,-17.131126553116633
12.564249907004958,-15.226728909144565
22.48182036665924,-13.419257389680052
28.50753553703676,-20.382315879800924
21.426573412896264,-11.471607821752684
24.134443041244612,-18.263833365156525
19.89124301723911,-18.17359632632461
27.510498588024184,-18.848319120929443
29.413731892812343,-8.666891111428084
19.862553770755923,-15.652310682278324
20.724460065514023,-6.357412295915536
25.695319788954155,-12.025422937848848
24.773597184899227,-18.585708040857867
27.323838099792194,-15.650752151911375
26.550070151369795,-21.2588952782764
18.75761679267702,-15.030795030787978
25.819983637238423,-10.813784844701889
25.78282321015046,-13.542781603913674
18.692386684646053,-16.077259483370053
25.390321625880873,-11.254557996815176
23.92032757821776,-22.085529892859327
22.557508558342388,-12.304812067114604
21.10886235767323,-12.51649679291696
22.160319257229332,-12.984769817967337
22.510587977165727,-20.13505409227627
20.034432479836482,-21.604223328225807
23.54419503703114,-19.45317871411132
22.32968217454344,-18.542670760917353
31.58078269397578,-12.121363627762147
21.795907401203646,-19.12579961241285
23.41184476546014,-15.665574028582578
27.039412993913988,-15.111548601842697
26.414720691020708,-13.84500487548107
23.1169000259038,-15.912894862430448
18.955484065142326,-17.590806817027588
23.356644932495918,-19.59547961310629
19.526798617202342,-16.02408154229443
24.282877688678152,-15.982333888881856
20.517480745980034,-18.05772036911485
21.91162018383415,-21.853008203230804
25.33327856378365,-15.869227424165862
21.355366317156946,-13.19149764779813
25.487041385540923,-13.01697926764204
21.480707830186955,-13.648874365861904
26.393185652906226,-15.80988998231254
31.43366674276801,-18.70736815049129
26.015794753986093,-18.543395140126147
24.32175665764817,-21.23794015710989
24.056493634019848,-17.08639617838717
27.724201736394598,-10.97048162538027
20.96576348979181,-12.714597487347522
23.910565950235448,-17.4719112734589
27.153047399416536,-16.187575706293078
20.808423177262483,-17.787333106960833
28.896739143884062,-16.57547839258244
24.034200757059576,-18.943930967195616
28.1125007314822,-17.556457134530422
28.32937216150168,-13.724208892441894
26.14459290507708,-21.79423013628758
23.463323335309436,-11.789097702697678
20.025004182093042,-19.631434375046684
20.93516761523751,-10.976752897549062
25.354032785415942,-13.123948082324988
28.038679048365022,-17.96808691514411
30.65588679603999,-9.84642904560685
24.04742771215762,-13.408328415088576
27.890246441678677,-12.750340394374113
27.253198385112128,-22.012021491009243
26.15580499135183,-20.7079507144602
16.706101700492706,-12.014253774653511
26.799095401403854,-18.147932498069927
23.793471590540218,-17.98960671693455
23.681897691803155,-17.665628614656807
18.894246392619138,-9.287780589125944
23.674906955305627,-16.639315863259775
19.170874554340024,-15.519906484016605
19.803785903605387,-15.624058442592359
27.058348201418852,-16.87864240392216
18.49438790073725,-16.190779294929122
23.263550445903967,-22.64062293330045
23.787656518509944,-8.304485657504577
22.912859481191592,-20.65716170119289
23.2309415470821,-14.156723297357484
29.868581026306444,-16.528024351004472
21.27275713440355,-21.71968606079323
24.285839341522802,-17.180962563123543
23.850630133827977,-16.706328144620002
24.170998398233152,-21.159788121290706
23.195856807108242,-13.11396478488761
20.330518802280867,-12.034834964708185
20.99502994765116,-20.21039152885667
25.08447946408191,-18.848141947306807
17.306909201746322,-16.03674829255062
16.642343219173206,-18.029592062485914
20.97078470256646,-16.75360737179044
19.09731748266544,-11.579437218040084
19.36766506460024,-14.511832814490253
28.00004127885996,-20.362896281849352
19.15297314005209,-11.944260093698642
23.759099797900536,-15.358982591326763
22.77418492690806,-22.73909254280838
17.523943464961228,-15.41014055740815
21.634941361710865,-15.423452694264897
29.111711297534555,-23.756060325399222
23.194813803447698,-17.19488219173226
21.41504958469015,-7.305979253346678
18.3739512865941,-17.97815846028894
30.733302755008538,-15.40235124491334
18.738090797998478,-16.679728848940957
27.811116377782845,-11.4125022547866
26.73808493985384,-16.456468266919583
25.317082786881734,-17.205375120729652
21.777470321982346,-12.579980116141321
22.209922432864715,-13.774810870155399
26.29348030474278,-13.057577498408104
17.213170642778252,-19.957779007727073
17.549018804182296,-16.078751287421134
34.120149599203025,-17.802599154966252
22.542500257695533,-23.4028238618987
28.57262650166753,-13.587695060166116
26.610653500694777,-18.81555195577182
23.087341834666937,-18.334494188896294
19.64333920543372,-12.994536449413438
25.884700291470857,-15.305796827763418
23.379611962583034,-12.44224625980285
21.28996088066703,-13.092295029106527
29.23044655653625,-10.332355500180563
29.087524258024835,-16.643113729359488
22.267896137720463,-6.358848008636672
25.327332920809038,-18.948266925340942
26.349172959750195,-15.291718385011691
26.8305341998229,-13.070244571356975
23.164788018151068,-10.707022367638478
22.996342375830018,-19.436609841732086
21.997487875792398,-10.45887661315237
25.96655378102489,-15.866498194418657
28.093872622065497,-14.21678064801412
21.905363692043796,-19.464406189413598
24.35444321143194,-17.439149468306123
19.14912225013601,-19.33497023397955
28.869334963144052,-12.366938637350906
28.580808871857286,-12.364347803986952
21.610692164454118,-15.140423684901878
26.362537622251967,-13.137392931076334
20.29047779271985,-9.804194794841361
25.33856385082375,-14.39291151903705
13.029012885790616,-16.362243071922688
19.020427157105004,-11.530989980325725
28.902254743813536,-19.530773622621243
31.308431651838674,-17.360825041223013
19.08914785166875,-11.66305556870068
26.82712036856295,-16.500290691851813
24.113299646781,-17.684061015267318
23.27299534538248,-17.48921163479339
20.310562465005262,-16.4403471134511
28.891671884309233,-21.82309410371972
27.59898304860138,-17.23512117692479
22.68404650023722,-14.383615494665872
25.05380271058277,-22.707724721578057
29.363161649377105,-15.517787077195626
23.603118447843503,-7.651378059900676
17.81805137736196,-14.356687389499054
14.628601762431208,-22.149678886677822
30.839356441872,-18.45782080898429
26.363797738751682,-17.319171623094046
31.745037662390406,-19.890173225767068
24.771392406713463,-17.320555425166674
25.81396798328839,-21.4634690987557
28.46474921406884,-14.64937289110754
18.983164180749597,-14.586617947230316
15.419777277944943,-23.888178000372655
23.075090273629723,-13.598194208526145
21.648505653632824,-9.707305832160301
29.81209724239941,-11.717630057807366
18.925852592089562,-14.68191406255695
20.22228392384163,-15.510953699093037
17.366273763178576,-12.467289835103342
23.19425618614651,-15.282726339125432
24.540632846647277,-9.235968275610087
17.809074898175997,-11.549424929044157
25.213728747442158,-20.634830898971074
26.98282689664339,-21.107582105109724
19.9511821995579,-19.51971608212195
19.41266013047025,-16.908437079604575
29.972554854925228,-10.90719181725145
29.339293599920552,-15.99172426545
33.2464872784894,-15.048849594732818
26.138992871562866,-13.80398987086119
25.727097835538686,-20.01526377100251
28.98767752058146,-11.333709393631192
20.08592611584108,-16.690931961550785
26.780604912323803,-16.20057435589845
22.604397324510096,-17.01703221716764
25.0317932382112,-22.41343558791065
30.925862241191062,-25.358122811657232
26.225565621516214,-11.380818057705191
22.680137467115454,-17.163596132387376
20.336196562167885,-17.464411167592672
29.040833068001135,-20.75107264789759
29.370205148546866,-22.552875768533177
25.351236342918817,-12.029746629654394
27.002649918060154,-18.583743362501508
22.359153251907674,-18.6541532396621
26.308882771640484,-17.3271100040531
28.159259100173188,-18.687006730577444
24.1283214192939,-17.364213895473124
25.87228419330107,-17.603963668152122
20.01669524321923,-21.49121813112065
22.866249651036856,-17.378443304337246
22.360360771258513,-14.590312946239289
19.590990321582815,-17.547415390337317
19.05546579878826,-17.69881914264461
27.770708915412808,-14.333863573738814
20.8262755823177,-19.771900328356573
20.189753273255057,-19.1121143145188
17.087895617753446,-6.815245494381335
25.90064728100212,-15.433377554374774
30.64270845678075,-6.098930745301288
24.510323564092104,-19.357555300202847
24.446816012539685,-15.62691203697433
26.763805804657668,-16.253651722202136
21.55031220540007,-13.68622225201364
22.27129362492171,-17.269790838406422
16.54112079225851,-19.842399401620924
25.25049592826299,-13.139241740204287
27.279483219094796,-13.930179341995338
23.196906714221853,-17.53967254511714
21.556737640709535,-17.32649615476813
23.613184898411312,-15.62046665750836
21.478687145417187,-13.251280281171907
21.43517743386028,-18.085705881981557
25.614754161248253,-21.592764728324198
24.16038636248717,-17.649223058112998
25.228939988909897,-16.809033408670935
28.872931505511342,-10.434243786123297
18.928435245886465,-15.38724424818153
24.738714412551673,-25.847133809033373
19.191146124632557,-17.837947497126883
25.58827980222668,-13.475651028358056
28.320372862497457,-18.383327502657334
21.945211585384335,-13.95064526932143
22.262842878264685,-16.776403452856936
18.96905689709254,-10.462140615454558
23.291419438923512,-17.56603622237143
30.48898922090892,-15.459141768719443
20.059352593700712,-19.606135587344845
28.280431628190676,-15.227029782988074
17.688800928749867,-14.151998099405969
17.856503781414204,-10.529626842749563
24.151705140840143,-15.675455191710954
26.72857523959909,-22.296173190775992
20.938829400929855,-20.1165453322077
25.45394143485597,-13.867200617271465
23.43036192203017,-15.393392487401476
18.686039865359902,-17.04735108766577
25.14675042376753,-14.27854353769219
19.978781423384294,-15.609609382462889
23.81355593279346,-14.084643728027427
21.14656314468623,-8.7220652393571
19.0534939739922,-17.206041970051494
24.746346009266937,-16.896300472567297
30.723950719269588,-16.473035002259895
23.97367491287387,-10.18434700560768
21.073338815325904,-11.734592562516408
26.0297786634651,-18.22433660007197
26.888485502990328,-14.968990140499105
26.802226437752942,-18.94947010379572
28.880169562343085,-24.3055504202793
23.022500167523503,-13.646903763819504
20.476285619750346,-15.360716869130428
19.14572801148893,-12.783100003608658
23.658548063771327,-13.386767017784976
23.637733326843993,-18.670487777387102
14.254404491521518,-18.04653194008015
21.25468744279977,-14.123637821452817
15.359786626830806,-16.695093628795444
22.783048396986466,-17.74147861079159
26.106082206652232,-17.48992204575234
24.96331473535763,-18.317164406606743
27.270970850240964,-11.518327126039917
23.197669683332553,-16.438771931842243
25.32305553408865,-9.733655454430513
24.40760456877829,-20.94852632750707
22.645706776946774,-13.072813154361846
29.13510184542828,-18.740732006541172
22.434378048693052,-12.84795989013539
24.29372931587843,-17.726793286331798
21.064853534498685,-10.163031421801985
26.998550430968855,-22.25116495653367
23.20404424330116,-13.406391677066184
22.71678324986733,-18.75811685230638
26.218577086195978,-11.398806252587155
24.392921578206323,-13.028227181020544
26.676797912707958,-13.879842173535152
23.784319583275963,-14.738204117759395
21.582617296581745,-19.754512401594727
23.693452847103433,-16.29876177217385
24.249860170001014,-9.42412082543175
23.12694663623248,-15.778570436248588
23.069062840600957,-11.204706027853325
25.348402304600118,-12.798846384651432
19.957206309968793,-13.499614384645158
18.461884678236537,-14.356378231182475
28.24231445772675,-11.957242854577533
19.69309580101786,-14.224545889989106
20.97300952493454,-10.225165722811662
20.85043805731936,-16.47956412635352
27.572708026101203,-13.037076675811683
23.589984568989777,-15.747425886516146
17.860673464807522,-22.063790776594786
30.25231961978497,-15.02004977199629
27.897463465993788,-12.822449211746509
24.94453471977149,-17.596345744405486
23.732357908715812,-21.107957786258133
23.730919006659512,-14.977096172108949
26.874667451266,-20.82058925747103
25.847679409130816,-13.9089639520442
22.497077368292832,-13.800334082834269
26.92011225980901,-17.76687731316718
23.370395812005142,-14.632622761773362
28.878416410759925,-10.735173189063374
22.49368322398739,-13.84245242597637
19.30660721415898,-15.18981600478989
24.04850605910161,-15.894079744803001
19.199510807924323,-19.21516747364959
18.800715733897768,-21.063167022192374
31.21409291866373,-14.441277084907318
20.648887441602362,-11.313857213084962
23.717987658357956,-18.123082331279008
17.398388888476106,-25.21781870834151
24.859866046244225,-15.255501732886081
16.12921580709478,-12.538436867955934
22.646511787080563,-11.78668100690739
23.44298907382872,-23.60236542040355
23.861911002536637,-19.5468055640642
16.264212042502706,-17.266149342034364
24.802737655740284,-9.413916260128833
19.770586520862505,-20.47933068665202
19.522050794380622,-18.595355460271858
25.291565747838547,-12.71911350509863
22.073431776356195,-13.434928283464783
24.3964795597542,-23.449195483257743
22.72282607684034,-12.466029150670511
26.20969779928345,-18.29908135246723
18.268522725517272,-16.64708319437268
19.843845774748353,-14.889571297236207
18.072830987729326,-19.949665070695254
23.74808578685396,-19.364997971226764
24.71038972706488,-12.906561101132304
18.515266251236454,-26.438332465472463
21.413893803084353,-12.07343705288826
20.900143259862396,-7.89298295471031
28.038425100120772,-16.44855941001165
25.148409336621956,-12.376226941027605
19.056863517001545,-20.07744287687356
25.95796261537465,-20.42539240980211
20.63226967383416,-14.927660836956338
21.643177513485917,-16.942663464309387
22.043802642162202,-18.269309048122512
24.52358399550722,-11.488975342671347
18.451248526746955,-12.883847816453995
23.90867253228723,-14.22862199184703
27.39098815551254,-19.550146938215423
17.841758278227594,-17.53814499606118
25.126284674180933,-16.971656850468477
20.31923098211746,-16.912461993815572
25.70903626033548,-19.07286239606449
17.984410619635515,-17.291046114198405
16.34519122979594,-17.95374323986072
26.008817645642782,-4.831901377121513
21.66218922335546,-10.589008483804646
24.467222635641622,-20.119225667520645
22.30994406315779,-20.08813651304809
31.266711396605672,-18.022700320469735
28.258760155687177,-9.543627168145068
23.490916463494067,-17.96094634519343
30.963755496465502,-16.268432429971732
22.31771925882636,-17.514239096073325
23.045018546294692,-16.860964460999234
23.667476995319824,-22.2191318207374
22.89786447116572,-16.655235279077
25.067242423987146,-10.938170403994546
24.492302246930368,-19.40623412310994
24.69027413575657,-12.474901506190719
24.42907429575705,-9.937050339855446
24.190807939319715,-15.941941159110394
24.84144478130176,-14.424611307859982
28.52535772657893,-12.76521016908984
20.937318607289434,-14.963586941885994
29.30348700983411,-17.096726544756834
23.63332083104292,-13.29022665873475
24.134961236185234,-19.409334635233275
24.03324496240971,-18.192250422246723
20.55543488159292,-12.186810446051272
29.986522300379715,-17.194743951534644
25.967998092850987,-16.522474228634994
22.317990980994185,-7.874545533438423
20.731211270535354,-17.111575735761146
26.468063137709503,-14.446909734162423
21.363838861521547,-23.19340631402132
29.64020929875396,-10.351083218521026
24.711636529796923,-11.056249491488693
24.846281530356215,-14.9770428618649
24.781546004672144,-20.978098132628652
23.056978206519922,-12.91211701642882
24.238284967914556,-18.59487059117386
21.50266727534927,-17.951864743782743
23.817542859055433,-17.192710260501652
22.59993844926606,-18.990730310306308
23.351579846576268,-13.065237477709408
26.934852446958658,-13.274919156236022
20.20170484062873,-18.154702868597877
23.10852035556969,-20.20135484052106
25.336296900488588,-11.037347034718117
24.045770750178605,-7.696203672243584
22.253638014310322,-22.020180065398403
27.94907060197785,-26.238101655627972
23.268755033828317,-13.424503515107581
20.08357583426508,-13.873194835478209
22.93419539703112,-14.480445822205521
15.066898567405357,-12.607452057152946
20.31930045602811,-17.79286130230831
20.285787079409896,-18.849462076712896
20.20144964320706,-17.289846584368565
21.44191655127809,-13.353756184062073
27.31097128668129,-14.275602471240873
20.545518457794323,-15.671387785364733
26.87999289826778,-16.786459355666523
20.336055766837905,-18.160359329173005
27.72242431578799,-17.632887971009563
16.40879487888678,-18.55074011717303
17.814256446584686,-16.26968813796376
20.275669355724823,-22.984999632579033
25.06861224509204,-16.35975131045098
26.588605822271106,-15.382221314530492
19.44543347740006,-17.27852261942389
25.734746020615695,-13.869052710765162
30.18892535648161,-16.125638965844537
27.55215133243029,-21.846785876902594
23.691386351652636,-21.13916334074216
28.534286345861013,-13.844377346800663
28.616905801529136,-14.959707725953319
26.00957919244209,-12.254063701748327
24.015923390873958,-17.897899929613537
18.405131817969025,-10.335282049366192
26.34111792159772,-12.958640646315668
23.947697778444596,-15.311964512629315
20.917411937417615,-18.44579772729203
27.314287283837356,-17.582933419864656
26.298551843013186,-16.03345387680537
19.62411324285939,-21.422923907962502
29.865507264365814,-16.742150475244436
21.10808849696333,-22.179480773004872
24.347336474278514,-15.133448117901677
26.95827810295323,-22.11203744623785
24.171351129521202,-14.787883147193847
27.483291904176983,-13.00426163387474
20.172026423535975,-16.327455645437514
24.753572587880164,-20.254174220295994
28.287759536522174,-15.062608630886672
23.151853778733017,-15.949550121309809
26.68878852132737,-18.700644868162065
22.934746294067693,-13.546522129580797
25.14170040088183,-21.22040323123441
27.376016078920678,-16.72699308375351
20.563248236321506,-18.54988291057969
21.600578227978538,-18.59597460640947
20.915096462143566,-17.145178470801635
26.41893026230133,-13.659452760719365
25.516911906453537,-15.245647464507373
23.372965604345744,-20.5685330342793
23.457653431803678,-12.345274379156994
26.590722847893623,-14.268551216937057
18.909362197679233,-16.842276294968745
22.51389491554244,-11.126319591580216
31.68659527370488,-17.173094188366115
21.363353023528944,-16.330507074719197
21.594266984456173,-10.815092462177486
20.167104088976814,-11.831394721078325
19.485175439939432,-19.675359135150035
21.723263368513862,-17.818853439814664
25.749267485793023,-12.271518667963178
28.68059985358107,-16.228438689354526
33.60661173698899,-21.769849195569808
29.984570809634352,-18.152133135350155
25.3008729845037,-18.628636683704098
22.276263525188362,-18.015558243290723
21.280495903327925,-18.4426232585415
27.842775235872132,-18.232574680136505
19.562475223965677,-17.952661739025455
23.762469404390103,-17.293661778487056
16.39923270022657,-14.701430745450967
26.699634736652314,-20.910218428641695
21.92695405380493,-19.48052940645906
27.35150991109652,-17.741015071693322
24.548613011497757,-19.810664162794964
20.351950438716457,-9.910689439952936
19.404469514690692,-21.804391783493912
23.8928379300256,-14.58591372232572
25.584558779631998,-18.872805959478917
19.57164588314718,-13.730011293512305
20.806303767872976,-15.583390626354431
22.118604591236966,-15.611652462152342
13.80614789757942,-22.98405551496689
22.553007781234655,-7.827082194416206
30.403407291114384,-11.079973878497448
23.107004048168942,-17.30445766859126
24.11357546191111,-10.219874126268866
18.807057934160227,-16.20482602551928
23.938072858238876,-22.313272601712793
17.308021815179558,-18.953767980281295
25.119525549351962,-21.75128707561841
21.516128082028857,-13.062887645777629
27.145963208121078,-9.594747639768055
26.599659293724034,-13.553208696851996
21.763225160071986,-17.5030005446937
19.931685374314622,-12.058389628415927
23.46105479026434,-16.53686150892622
16.51344863667629,-17.854593559746018
24.555636953193492,-20.36990137420864
25.174592199853173,-13.417961710841219
26.249430689832245,-21.478685824460097
21.9946233064195,-14.771212791389035
20.452530927055058,-14.302418293754585
20.77058271883665,-20.97170129732317
25.775855029929403,-13.116684497244094
24.825424658167403,-16.179446457933242
25.771747043546995,-14.734929522813879
20.67059542786926,-7.9180529032723515
19.99021872076168,-16.286286839619596
27.8239707066336,-16.362279452309576
25.05878755650449,-11.429993853091576
23.94209017052584,-12.681517843454111
28.99810913676899,-14.413914477873421
24.019719051004138,-18.273546724722674
28.835830619919715,-15.446961913830005
18.42217323366259,-19.007402156585503
29.788089033236155,-17.806100045150867
24.635972983469312,-17.693308152767106
22.666130863512706,-19.582941231802636
24.74587719118602,-9.043716019311375
29.888509532689227,-4.986883367961518
22.300388200052982,-16.42309970117108
30.979298986020837,-19.40769945701434
25.018769114384646,-17.394733285961347
23.737445323057397,-13.659622997012573
21.163032654313866,-14.678605755962513
22.00663025018803,-25.340464241879587
29.581870153388024,-6.9265061551733424
23.818443244393826,-11.19744744817448
18.794697046150343,-18.46366769475987
18.978190339287536,-18.67624686502047
24.47421943608011,-18.136467663834427
30.137364560081064,-18.46688441683404
20.194268720609532,-22.070051238574116
22.884794902789018,-16.773373208195938
19.326632974988794,-17.758160186320513
20.83167270373702,-13.001802360083708
20.39463460247585,-13.965630715873624
28.518914833894012,-17.837779883240916
20.750290847761125,-8.930321510782122
26.362158344628437,-17.84549937550804
20.942393778507952,-20.470808337200975
33.299743194145165,-12.82736297651555
28.168129386612353,-13.155962423200766
19.507440871284942,-18.094510613283333
15.891854849549283,-13.399936749015431
19.62882457440923,-18.878159122858293
19.05664507009135,-17.333889415894465
22.32841497894071,-11.463797100507971
27.756921992379993,-16.27819829946986
22.84564327757619,-8.087519651979857
20.51770582039062,-14.59297328903825
24.711430066537897,-13.397866910045874
21.811569247469826,-13.976928092915987
20.216586947176214,-19.552076484762736
22.975012257878085,-10.659945077261277
25.752778277735292,-18.089277516588396
20.767975052826802,-19.19602552113795
26.783032005616395,-12.147854740331187
21.11268473677479,-11.134310439254604
21.45067244568291,-21.5782984556611
19.79081739121232,-15.609928555076806
21.521868964145206,-16.52772724117119
21.795486082993822,-19.39945952132434
23.303073246776073,-11.186161213792722
21.46900581174962,-15.410791575411658
29.554591685070836,-14.26680348714303
37.564018014240204,-18.904187723043698
22.664470695957036,-16.07046228736203
25.924608672076804,-11.038906682132483
18.57236970103604,-14.358263777179188
18.701231196198997,-10.049368449149954
23.87882620177223,-12.979565346963255
21.809382259416495,-10.76854032347574
24.85728693081172,-12.298483967747421
20.385234655340927,-22.218874038489563
19.291399129888617,-13.216135105708393
20.93785910448789,-18.29247164410507
28.051396655821563,-21.331287496160936
27.93507503851345,-16.088562696758782
22.00771880612854,-10.972231762373756
21.79901138366454,-5.855443482018952
22.755434937508642,-15.844194712962215
16.099215136455662,-18.35140857632073
15.510190529055919,-13.065770604762394
9.698066023604314,-10.818143687910114
15.409030143737706,-10.774157531247191
17.610843536830323,-11.713199215383538
12.966398963006064,-4.976360132744443
8.37451496584241,-8.412893941629918
9.933578872934838,-12.057163664735231
16.73166004938333,-12.086498363224482
17.263442367314653,-5.57632956644815
12.014658194508089,-8.053732940746656
17.788837670009343,-6.093818460686375
14.201790990083548,-11.346971064846498
12.065110586811528,-2.1650526422399565
12.741541532186922,-16.733990083942544
10.772677855574946,-4.587828611762052
15.124603021355501,-7.157388286305183
6.763986341802174,-8.702694914714158
8.642503114722057,-9.191606744542076
17.119310238090755,-7.949714714574698
15.907058253980143,-15.986846361961252
7.732618711789779,-8.405211264675565
12.99231234175702,-10.168095124542745
12.494679963121799,-7.3950882046888875
10.721934558794025,-9.742296003681703
6.016972174683358,-5.227858240511493
11.267638646241142,-12.694076358460299
11.933153997642645,-13.992064336499798
13.495399288471909,-13.038588834650444
11.727496633845277,-19.268404676096885
11.587923750434094,-5.820900235665986
12.180096848043117,-2.981158367754057
13.718839391356525,-14.120417343578195
13.670284996365773,-10.702238097014423
11.103102640176381,-11.782108878092668
9.454445003999142,-5.36596197889314
10.601058762459816,-4.283415696700229
14.792593743541095,-9.92122439241175
17.970366454409188,-12.276702619797419
12.151960514560518,-7.628968968313034
13.04139106190911,-4.689037873982196
15.934696949483598,-5.869665797890245
10.123411489952208,-9.816689231624105
10.334749887681534,-5.40015523951613
11.012877640088568,-7.227749734025793
16.57316058133058,-8.132415129921492
7.269501814455378,-8.84509203107779
16.571651851563615,-9.011120999498793
13.795363925283375,-13.790725638307727
17.39828201973723,-5.74135700033286
7.243963127941506,-8.9015848439709
12.537212119309494,-14.15326263053529
8.624755582879512,-8.587231690528343
16.10518220344076,-6.663818266224787
11.18164693164869,-7.907728959876584
15.581000386694477,-16.337507484591846
10.49786823962536,-7.586447109241568
19.760835915651946,-5.211380397101386
16.04468835091477,-7.670262325914573
18.58837784378031,-13.315767208065472
14.033110675034614,-8.52529291121673
15.656912766145464,-11.430606006870555
16.676290477549223,-9.658256545270508
13.600958339684349,-6.231666564248031
16.332288317725578,-9.008676818676536
11.262900495104764,-8.916002264796866
15.797259085248353,-8.568906843643813
19.46634785049515,-6.82080705669895
9.069684057063917,-9.968590735533834
19.94395625744401,-9.983684623142297
12.846425516402874,-5.847255958906984
6.599332645569835,-10.011550621327885
11.773867971116232,-11.113599686370364
11.993181539006544,-9.636976828807367
10.837057509525831,-13.693130379207949
7.458225410510267,-10.80092593601513
9.19446986684338,-8.134873458060689
15.387582287895341,-14.329569873762939
14.14797220243068,-4.410125286910667
16.895414610369194,-9.104619567833275
9.635401173264587,-7.647183486773788
12.634936138911863,-9.310538347229327
15.120066401589657,-10.852269621650013
12.285639719835588,-9.404987909466634
13.293489033130722,-12.081197430941213
14.946923735619809,-16.609165708211904
15.457496507470559,-4.37987288761026
10.975535933194134,-11.430073294854743
13.017851397139108,-9.660728634306237
18.667047489246464,-2.94773235096066
14.630541042314356,-19.170105852332327
14.589548615018941,-10.415828270558615
12.463163095854242,-12.965592305274381
14.681967029637207,-6.896989136000608
13.358303464975265,-6.073517251288475
15.229661055889714,-4.685146535365403
13.415247674647073,-9.713228716831487
9.618166855130042,-9.2073676185019
12.906761301485279,-10.431522542196445
14.949362686227973,-9.228318911732751
11.173500178461506,-12.707133354061362
10.81272888998427,-12.241356037147975
10.444748407905625,-7.650163700622243
9.121378598584458,-9.422248618602804
8.67266235243222,-9.990113900292787
9.531276770069434,-16.336973546841843
11.5285409335743,-15.853914214486139
11.898528883374688,-12.412701327035618
13.670117297089412,-5.332252828715422
8.699386982605757,-8.554881890493782
14.250785389119592,-15.996183650847666
16.274860987502542,-9.70093750698604
13.408312363706798,-11.170515725422007
10.934355310510208,-8.370553256100203
10.133673702791247,-6.340576408697566
2.371196743158375,-8.04097915455504
17.557477872734058,-8.530954618824323
14.993546604269726,-7.787127076174588
8.580489639431587,-7.661649546861819
14.91094592305367,-8.864386572431096
7.937199152414169,-7.825434034876275
12.077566951719358,-8.959995105096349
11.058885959676951,-15.980675650993216
11.455984751935356,-18.530886631100422
13.726622293939828,-12.817857673351192
7.7292130086755435,-4.070412002775308
11.85099445654916,-11.140397631183369
11.79601889078292,-19.716416307588396
7.8671694271852655,-11.42431260849446
11.754168524896883,-15.623978887811806
17.99312643218897,-9.8899739095006
17.406087576152466,-4.652467627430713
15.311964329809959,-12.984153497483614
12.757117562679737,-12.634206771170383
7.16474725056468,-8.47902991425729
15.850361776322561,-6.4214713809848485
11.617535480883618,-10.589992164414172
10.518383276461421,-12.832399093817372
9.205391935840096,-12.976149664082948
12.22537592870373,-8.050761773014676
10.9227773557962,-6.877938775685994
13.829791224432487,-5.532335353875754
15.536039932375335,-11.68198712338803
14.681575802223966,-11.339375017610816
16.5788291434092,-2.7125795470573166
16.430592121178808,-13.868574235200445
16.227133280152856,-13.025464362952718
14.227558883737492,-9.846829563251166
15.61834065329877,-8.307177615350428
14.942331545815781,-9.82929322560728
9.612338508067294,-8.137661472054432
17.22546270744062,-8.706285022185375
12.29202737526264,-11.626041665585225
9.899079021446774,-14.459131411710619
15.061699339351058,-15.21042202968497
15.454197921639146,-10.559200830042428
11.358688009220046,-3.229318518147833
9.607181632425759,-11.561317002655567
12.788453894857907,-6.7259671319269625
15.989912908062989,-8.821265797906655
12.13684168622394,-12.275741962137456
9.914235629433076,-7.942720542625126
19.092748608333718,-3.339258448793025
18.290249157863755,-6.0946645365548076
11.677263561109283,-8.855005308180871
15.60746991704231,-2.91777770637046
13.246167990312891,-7.516439433187221
11.795246670595066,-8.205070872091866
14.957734299619204,-12.681621756541809
12.468077258262397,-13.798097414663246
8.980364325471857,-6.247160348917044
9.919843379115301,-10.750627379400813
14.923261690748882,-15.026625962926936
9.177742095603293,-9.509839808844642
12.67898521592804,-12.630586329870198
10.661338246444028,-13.517301505175759
10.740015157499009,-13.472194635281252
13.272024471989255,-12.345955945983972
5.601677675839713,-11.154597850019918
7.084865688617106,-2.906443676535182
15.690154391779688,-3.9357992917756848
6.109818540684302,-7.691490682870306
13.778433315186366,-11.881802771890817
7.391224928918894,-9.803214069300575
8.958637557746853,-8.38051166266088
15.100344925292971,-0.17452947549440267
9.258364761169364,-15.642205483239279
11.69272256023978,-13.854977717066376
15.337873139499713,-11.05095490494276
13.028265268173373,-15.39893307236973
14.636244521199005,-5.382100172842895
14.883690218227738,-10.253569579689122
16.497692946409796,-6.642522838117949
10.03024924475247,-8.886520910359557
11.087313773191674,-11.017998547959058
12.616952209758782,-16.899675415882506
9.244873816795714,-13.956285436105759
13.26289106858726,-7.899512828397834
9.926202139294771,-9.513745874443092
13.888727053488747,-11.824796392367316
9.306608743624967,-9.709179004751888
13.582524804419684,-6.078974959114195
15.640027033183774,-7.196013067579347
13.695353253450307,-10.154506024765627
10.262554535763483,-4.746610538912354
16.30936065112121,-10.40757679410101
10.269520177298345,-11.592835738437334
10.738893908064316,-9.755854174939039
10.794563870934711,-11.663411093057718
14.584646933775613,-12.302943909290818
15.24089508572716,-5.755599136965814
12.67062947957896,-7.883211143036429
15.399261557471164,-5.42332516648005
11.08727370342099,-8.762147074929429
15.178834385694262,-6.565019712072552
11.936171358803167,-11.653682341477637
9.595048876308152,-10.385536046700397
15.255821699845935,-14.983730243203027
17.05234628725951,-7.321558580091241
14.274298302286878,-6.828664921438982
21.108748962145928,-9.491529890166138
10.487006848991957,-8.273336348570712
11.016959683432068,-3.748923600747151
15.03974066226052,-8.623659649306267
8.422075656480954,-12.421867445464688
9.51874710773754,-5.352217859518739
12.793253126346785,-4.23040892483393
19.17969631898405,-10.577412079584159
10.226162196010382,-8.664699342565854
14.641690187024421,-10.003931605629218
12.195227523150903,-4.210957981067429
12.426252715358359,-13.186710161131415
14.890602803028361,-6.969125238987258
12.158448101623959,-10.892637236086152
9.652104897618235,-7.747212228370728
13.76266974126957,-13.733560672319939
10.087840031021033,-12.162160646484839
10.3247234087423,-5.110459639052162
11.23483981266031,-12.764170088801766
10.83330293079558,-8.166861649768697
15.692134546690097,-10.810263326645947
16.405820486602497,-9.616662101537239
8.336191855646263,-12.444804316989835
5.202539567407104,-16.80206999142776
12.316362104619673,-10.523514470518672
6.58191194905345,-2.466314037315252
14.358735290967157,-8.895923396245509
9.27295156517804,-13.858615099220893
13.765078390001065,-13.493626622211087
12.366267088306188,-14.749358493909531
13.723130608297662,-2.1696858198624627
18.235069340496587,-5.762830269595689
12.495793881069838,-10.345727024404452
9.464046292348778,-8.617051205901177
7.6938125713122885,-4.651322482195991
15.75272213153596,-12.087042071873755
12.430000639967288,-9.360048985098185
13.504446626779542,-14.593785704204151
7.95785868329211,-14.364217910499427
15.217855873353392,-5.363379850390305
11.95093375951084,-5.391466718665051
15.273938397234993,-7.123190787403985
9.907106758486133,-4.924712501167879
16.83931778273844,-4.303053143791829
3.8558513851997205,-9.599844395311688
15.50258355290436,-9.46294755752982
10.946671664698698,-14.782776759338283
9.726590586329216,-7.027262809914691
13.724036967748866,-6.322934052934958
14.724615066215952,-10.786521183966002
12.20164996538747,-4.820728257583718
13.465380038901454,-14.529899705862082
15.415818328476249,-7.413721847136143
6.18426488938468,-10.374139730465208
14.264241470735639,-6.895354255905408
15.556576102264406,-7.973609091584209
14.956084862873636,-9.16889132752846
14.44032901929647,-10.956666412831623
15.312804016227837,-12.160676533016437
14.083887306213878,-11.511038670500753
13.104473065278212,-10.668715814801585
12.403416023314659,-12.988582944305918
13.887205442445005,-10.30057667134604
11.01248066464881,-8.808865774764307
9.587808996256431,-7.734950395902345
14.142220643723501,-10.129146072652436
10.37681629648609,-10.789964671800604
13.419548709046133,-5.601769403300072
15.042822092598492,-15.437666364785692
10.410167613997825,-5.270690088344193
13.596909447365372,-10.597670016905834
19.17069497142781,-10.076172045369576
11.242844235040396,-13.217543624338495
18.061105375898677,-13.432755192844926
13.088892114797503,-12.332267317609748
9.491773401303346,-9.873904753047167
7.786044700529003,-8.616465128436143
15.81424829084097,-9.544870764117643
15.269361711269756,-9.39541140223329
11.62053911852453,-9.49122188968293
13.74582858283716,-11.85906530307144
12.1084425571005,-12.00897736728715
18.068961920658005,-2.1237061497181404
9.401389230248396,-10.628868708222706
15.973990576564406,-7.3303314707668195
14.284730078435798,-6.590777619427074
13.679892315126404,-6.020177430816976
15.62259585718656,-3.845422710492067
13.111049474742241,-3.7260088175096717
7.04629843578898,-14.535914210853946
6.237564360614246,-12.330376518297706
19.238970390048,-12.115511982206437
12.658384741051073,-6.6425500992176625
8.928661785225595,-11.160360714092358
9.03226590253131,-7.299541176451336
11.690868535596168,-7.238960207026695
14.07428909607053,-10.910479077897701
12.336228017088546,-4.6201302984464085
9.287662238285368,-13.779518480199389
18.260869724051105,-11.685952228869786
7.482372169533161,-6.2280270329219345
14.324615192141462,-8.770337747314013
13.900134981973006,-13.156792413001355
12.810868066437815,-12.35522074645766
21.510669891983213,-7.0268740761635335
13.756653381876555,-14.735927803805522
14.51160907738088,-8.489358985703573
12.771537195678098,-11.880091585773739
17.580339837974922,-11.71718567651272
13.412794522499329,-10.62190958849011
15.13079116616068,-8.389052921023637
7.971199893205917,-3.941230502805121
17.98603585833796,-8.731390033313602
13.30167975464798,-9.619989973972176
15.205748672287395,-7.804792754216849
10.952284809603137,-11.138830228223497
15.61672521718668,-7.662507047866471
12.712739213983676,-13.698139796696191
8.297267121706572,-5.575142251335537
10.59301599817897,-15.557739711668617
17.387576757429688,-5.945472763332765
16.60940142448379,-15.953492392036539
13.946901241941045,-13.14802028292717
9.121222927480524,-5.58376471756284
8.489157009520866,-12.028039811946428
11.941402215210015,-11.983472604075898
15.13082443449304,-12.435442442857251
16.022902958080564,-9.649991914702033
14.88716979457295,-7.4653349740307435
9.523599535361928,-8.953000768431103
10.260874461221466,-8.77739474912236
12.104464482566561,-6.915468969939175
15.567137592899293,-9.88661465774827
10.839597535887755,-15.15411395031572
12.827747445405265,-6.92020035286027
10.22838662304229,-17.80596360896018
10.739215158700866,-6.725296815921478
8.879132955238312,-8.501721990265562
9.846915190224948,-8.562042459374059
11.573759233633993,-9.131653256228708
11.380277112707537,-7.905362814022396
12.588698871813286,-10.82210229045787
15.417486922593227,-10.535701474454184
14.933507088512092,-11.000753069555316
13.373036239607178,-7.555546551438899
11.112805678618143,-11.972721764286238
14.740017093706834,-4.2816005997182875
13.52895165774834,-13.370329720298558
11.624777579482695,-9.511610319522477
9.69118641292204,-9.700813051589751
13.461175036745427,-9.891639689805489
14.799351501947772,-13.97679640530078
16.91125187207896,-9.67224690873828
6.27632381301554,-4.3684146340998655
18.146115208055573,-9.261831333306782
9.825447236818114,-10.199621667064251
9.974112523706395,-11.21993201166271
14.171008686217272,-4.546335180286199
17.992918004080433,-8.300258805474863
11.894906134096196,-16.076685826282112
15.103560880604904,-2.7142202710507526
7.80776419600049,-12.218260744188612
6.660873204385801,-13.83762799146232
17.6871296787819,-16.955531448097414
9.401533360452621,-16.878870957108575
11.95210119167181,-8.312585554215548
12.91713315265816,-9.369131258624652
7.772004869839074,-12.635483412484323
15.973360766870364,-12.096709058670719
15.117912549216257,-11.631362076270854
13.013950792905387,-9.79314740030479
13.177954247111407,-9.662858541061846
12.490977818366481,-10.533243198183527
11.01236771304707,-9.789655703882433
14.504295833300546,-8.243796880645759
9.891082917349262,-5.647290607083047
16.229028351652925,-5.622968907859574
14.390666553560555,-10.44617506853376
10.59988564143594,-7.975587257523118
12.782614732577844,-6.724930642227127
14.539280429161256,-2.795788402503211
13.804409631354728,-10.137991593510607
12.843705338814175,-7.70602214111975
16.12968522150102,-9.185165741737498
13.107444192698628,-10.624239414969772
9.636163866319063,-15.570065995793113
12.141106048490219,-7.292874310555006
13.416152462111455,-11.997037554041375
5.504823547898656,-8.48558818780183
9.982711879540183,-13.382186737066139
17.838068441892098,-9.525275669874922
15.376889865798852,-14.369741105785756
6.384176256021657,-10.576498013313879
9.940831823688239,-10.93891757962831
5.295951680575901,-12.175852611822368
10.40588406690063,-7.559399011555986
12.439200124550275,-15.408067173439157
10.544581690306767,-14.667981115125603
10.918282204562,-7.419182138737075
14.266470752886464,-8.764988591614335
16.21775750190509,-4.68494312630687
13.794507077392323,-9.749021909597776
13.217444917272479,-7.872884589387712
7.5843901002930485,-9.133901441372146
15.732344570321583,-7.4108796748006345
11.961689774496579,-14.220827146688805
15.878803165102159,-12.759115695120359
11.395421732632691,-12.101440632165353
7.469344432985236,-6.9745453786957885
14.022640999720215,-8.467865082282895
16.43835308093471,-6.6544431034636595
15.353878565891101,-17.304367871527727
10.565801260472067,-9.757663075380325
9.117319765922803,-5.60565147112787
9.72732707741011,-12.305555974987678
11.507733285794883,-5.98320032615036
16.448900759597798,-13.923159967876483
11.17964487328162,-6.395756762863801
17.187768468717806,-7.7671901078384415
12.601839946108322,-9.623262768401572
13.58243409057794,-3.326595984971936
12.538262446825273,-8.023364353882126
11.746344253441924,-11.10268049081155
15.534696755653236,-9.130048063270356
14.984339152332105,-9.404015367939655
19.006650716874226,-8.331311327816886
10.299147474857687,-8.566598119603487
13.045844708615567,-5.365820289211597
12.19708215289052,-10.126381402505412
16.633511945968216,-10.444645731359113
12.489227096839759,-11.098273867397934
13.750338014646228,-8.718443846871887
12.806075266874169,-9.685909232952513
14.467106225087969,-5.937723260838531
18.55378020669172,-10.412995001908737
11.978262433178145,-7.355163771592058
13.122659066258228,-7.6114658833947875
14.070832329555879,-4.937861644645288
13.515560466246248,-5.965269849822505
12.851360943975376,-13.19577012043162
10.892471282528376,-7.817704625582509
17.460045514761834,-7.648889192947141
10.607591412588299,-9.160728004252704
14.114648332805704,-11.149468399912875
18.312892665113488,-8.170450036717593
10.95045356654996,-16.45405146528854
12.468424109288772,-8.876631153141147
12.26524167011629,-11.358803763668393
18.11234237505576,-15.163626151559663
9.718679657706012,-8.46365199130109
14.077308957209167,-10.308338964289607
13.889193138896776,-6.7208348241205105
14.587519816557633,-7.616099797537025
7.827329026189283,-9.620953698866458
11.64797789390734,-10.694092905157149
11.221715503003065,-4.488705728522529
8.302363125750384,-11.07158976298227
14.35609859926777,-7.203606270020374
13.451173007302463,-8.152520508024995
14.918813592124788,-13.780164870616197
16.29246767168008,-7.441163194159003
14.29866308084871,-5.804715658541825
13.297369097607886,-7.16264187736186
11.220058766156518,-12.088459297059174
9.06639013882655,-5.855286867226493
13.488696697433703,-8.69891307511639
15.228622114766678,-7.368480586956347
10.537372804820425,-9.337512892416092
16.192190561281127,-11.81811685471878
23.688701620712365,-8.396407431577865
14.023433629890857,-8.734952901802464
9.645330815145304,-11.33663442912543
10.799431650516574,-11.833294812102494
7.7952917923645995,-6.261937567739192
13.615248085484303,-6.295704554376529
6.8446599135333175,-7.920832436299031
20.253531947841374,-11.490120503363023
17.60708429952267,-4.92460695333789
6.697672125269223,-9.828902192966844
16.090544481801217,-14.253017995360473
14.581747497968989,-5.274571354438488
10.56757856007896,-8.18616802330583
12.219862185095776,-13.200033172100479
12.20895679356865,-13.461396236939622
11.609216134885575,-12.848819772590506
16.202446708898258,-15.86363067941481
15.823678587980817,-5.55691250068203
10.436787503769413,-14.018484321968177
11.728973617340165,-16.4582657890939
11.724141020289359,-9.968865005034731
10.097019434061266,-7.949728347396931
12.177790991955659,-11.367020450939094
9.708793037512798,-9.854318145383736
17.881339716882486,-3.3223393750337804
14.348845054354756,-12.810785990537497
14.780211918995965,-8.34092685112051
14.454040074624434,-4.994318844150693
14.686655789109228,-8.779508331374673
13.10661786228955,-9.597367117244017
10.549913274961018,-2.6825191232664753
12.244953065809183,-6.512379280352295
16.54941350629801,-9.525000080349136
14.405844836785901,-3.6563136691906974
11.60902910262248,-7.221898430833033
12.848666584796785,-11.635330585370973
10.421833467163736,-13.055878920788139
14.770960905459603,-10.522383102557274
11.478633225592441,-4.223060885315246
11.580097155889328,-13.211127845983093
13.171862081588646,-1.233214588360335
7.766018430854964,-11.482226036672266
9.73087775512879,-11.319219443052859
8.499824881642507,-11.636144362215884
16.71353900208566,-11.45543137349529
13.286324866942522,-12.965398944758617
13.54614043125888,-9.51023728472011
10.704105946209019,-12.614371688334975
12.97976750234222,-15.684889066524171
16.013018578668966,-4.21327439650255
10.572269253686093,-10.391019533755978
10.738030381920726,-10.475950362255594
15.11477746869085,-11.037934809275612
12.70216254660722,-10.22904116599448
7.701657126254069,-0.6642590902907308
11.72690818876771,-11.089375307856763
14.062705666268856,-6.654368850093265
10.745433609184206,-9.346410908876875
9.837530322027805,-8.908092146661804
10.142199350432092,-2.537998483315791
10.231963561624314,-4.228037993818302
13.953124816189588,-5.305963603014841
15.437578883130652,-11.406036747834275
16.086504622068738,-4.396756966074317
19.695090709020274,-13.833415626533064
10.076134180271799,-12.489110432453389
5.651686975385741,-11.499430399008364
11.404318746349347,-9.181489183062189
14.231660532854486,-10.700413434937566
15.360826244116746,-8.096786664666448
10.507636506507184,-11.380975885864444
14.877486364540628,-5.322046197932639
11.778631689242744,-10.532882617452094
13.25550576428405,-8.553495468078948
9.352091922759163,-6.426032782430144
7.660177432744418,-14.982947401204186
10.578377714253861,-5.9058163094280545
11.484465105746699,-6.442255193104932
13.504787196217457,-7.9686466197270605
17.93174957696695,-9.611373591498191
9.031871652938461,-10.457727978532382
12.665558721688937,-15.347932694546813
10.634919684835026,-8.885788743945591
13.508004572007774,-15.202527040080042
13.253099364051062,-14.54166810834747
13.506998772035288,-8.952076165389764
12.643872602876453,-10.727218025070643
6.287624691459664,-12.756916910525721
16.849742678103986,-7.339954166269925
10.450357821580209,-8.511334396371698
13.136373134309443,-6.786722619688103
9.098115002549294,-7.160357350679183
17.705614765844473,-15.063189466060784
8.56538796429823,-5.421502416278972
9.796308841041006,-7.649949563509541
15.84292701739277,-5.615866550166697
16.95281426228607,-5.34897622496303
8.309209037662216,-8.976740572404218
8.1691670239404,-8.209462663632848
8.68694033965626,-13.27797039740641
13.35444930058884,-11.814638493352932
7.497355937726176,-10.065349679910778
16.29508543794974,-11.319343974420766
16.00855834387478,-10.03627155142349
13.607947824795199,-10.981681212237866
13.322184394031382,-8.004361967886886
13.681614733095067,-10.139276429721749
16.576789122148863,-10.417976095908646
5.7547261455283225,-8.130365738716838
15.461737826824493,-4.934799623388301
16.073776835038483,-7.817435061371345
10.701103899477808,-8.620462870550428
14.532985678430695,-11.33909564873084
16.685225891515454,-8.265588312553616
10.632590849727652,-6.301452775864628
12.553614092813534,-10.09034255601226
12.045035876791378,-7.020614306273208
12.230581176918236,-5.747425075319846
12.11962788686504,-13.606183339762225
11.011139595856001,-9.652544991159633
10.395135429216918,-9.80261950807302
15.04556959760591,-12.910393948859987
10.175360926770102,-14.639287331544043
16.221722205544765,-14.835819097335339
10.129090514372086,-11.572425564970047
18.494679575133265,-9.253769085657304
13.207290041663875,-12.6815283658014
17.464125632324542,-16.930586059443304
10.695464450124245,-7.927586864070161
17.904855376156128,-6.158428558563514
12.868894712577697,-10.409482392202689
18.797607683097716,-11.691336688870681
12.644558970089918,-10.111730352915494
13.578724910714012,-13.260309615174743
11.856341428844146,-8.87411803866169
15.385427038359666,-12.060882833335244
13.485595541154623,-14.494237607772043
12.649333697748396,-9.40618956555214
15.31083420792541,-8.68907074948576
12.553728619408018,-6.23045646238741
17.35078668340862,-9.137294275348655
10.728390751205673,-10.337328710316935
15.946095314778967,-11.547104773631684
11.688486525974357,-7.057225491169378
6.472685299145722,-6.8194032656692585
15.05318618484137,-9.773433986585573
15.636987229987916,-7.7121961918427555
13.350308075433444,-9.299163280058554
15.284443468022564,-6.515926397572402
13.302699172135927,-4.807460831218741
10.233914091846682,-5.347941503825702
11.344807935657727,-11.273672441565271
13.651245510765428,-9.722044809757815
7.8576133341557775,-12.984275773255714
20.79426324336014,-7.272094551821429
12.523127495436087,-7.1003083267745595
11.287739354472569,-7.074267580927741
10.783614680226275,-3.030359347884671
13.657472817643905,-9.010262530446473
15.216337698441478,-12.390137634435124
11.85830979951339,-3.9252816750808233
10.61211363548953,-12.298637106555313
12.512147645816734,-7.244594308087642
19.500671479523838,-14.200335226655206
10.069661790586283,-19.159696016307677
13.78213163867057,-7.134106255458275
10.639225308012133,-13.060646218008952
14.427877171173716,-16.33578186089106
11.947124808361812,-5.148343774782476
12.706313815751443,-13.198208670504497
16.95323953692935,-8.068125548702447
8.762064489269097,-9.465519165025345
7.077940409813901,-7.793572392150668
18.333866829942984,-9.365014217455725
13.801504454988278,-17.783780859015163
13.293732878684883,-10.762929099075377
14.145147970667796,-10.656123648562899
21.015854613708832,-13.761018307740564
10.218706931589562,-9.883971476681081
11.02700713244238,-9.787978537114181
15.053218145897905,-5.7124809068935924
16.958402614911904,-7.0499818896160065
9.5560189790859,-10.131963644245598
15.10728507092383,-7.348613007910714
15.020408384203828,-10.114945305432768
10.857049626924194,-4.32108506403764
14.189468912588627,-10.089485183526815
16.57136780900251,-8.223487452227321
15.69955231203288,-9.883071814862536
16.08870918062387,-8.608321424403677
11.649054418973975,-11.32861211278134
11.07858577853049,-7.96589363348725
16.45323852776443,-10.921770407570683
11.629394873421486,-5.918903296529922
13.436966871880724,-13.501054352217263
14.809119700345656,-5.322173072097413
9.75937036093749,-14.328234458651995
16.26092358412588,-11.114943869218623
15.985263789899676,-8.407126576848063
14.533540753621427,-7.917844628822643
5.700447801759974,-8.460321250940638
12.777301280827501,-4.079243948704605
17.467781651946808,-1.8174361013407987
12.788263349002152,-9.600229947853997
12.622484990665853,-11.677795379874365
12.94833581487241,-12.996407869066758
7.596473592613905,-4.204936254980937
12.53963230245531,-8.85030352263544
15.27131995790549,-9.17848082604811
8.518990182014633,-7.473861041412135
14.543822243859042,-10.670957504531989
8.869316660229899,-4.914161542353095
12.88350773994336,-9.776095707505952
13.271385347545953,-12.67597324779941
9.70863726370667,-9.236199686234064
8.857410964188244,-4.738639654640354
10.71144521798675,-5.777876009293475
14.705976337002497,-9.32327072199481
18.748996119934873,-9.490500785720235
10.998779325059518,-7.468990598791493
14.407363333634764,-7.639034940749972
17.238645409154035,-6.51309073128056
11.811414255815112,-8.724906174348636
10.830138953711138,-5.415613343837704
13.840852487865096,-7.035664659804393
11.42510994754368,-8.36593753618978
8.155306223055977,-9.637645626829825
12.71300773703722,-9.327105148369558
14.225010838801104,-7.4616447535015045
12.714468940622636,-11.748726556559212
10.197206049935781,-18.543302387876437
15.25982474361265,-11.356143719791131
6.675322546818672,-11.16866120720702
14.445645433841037,-14.935868389633814
10.155413057954185,-9.93921421397576
16.566646828630837,-9.680335481703931
17.45658114136586,-6.309159914609817
9.274039574658035,-14.117043086577073
16.88270501286239,-9.769262541860448
11.789099776269426,-9.189610097273704
4.521650869714733,-1.6036049821356908
12.744382739375633,-8.16237161368231
12.899425994671057,-8.47287111190843
15.592481633618378,-13.10972382862452
12.154572117830647,-9.76122873937976
10.630964550695813,-5.873481141816912
13.82674365552776,-10.997882388566296
6.506898314856842,-12.33793285210979
11.986764498385053,-8.196902523996432
8.860753542258603,-10.11545215995253
15.033722397023634,-12.639481768687855
14.417830340426155,-10.517935196932225
12.633273211434117,-4.250226836300508
16.998320036252643,-10.451828651985316
13.12456032600205,-9.720455983861594
14.904284902678755,-6.8638976167567405
14.046840906199623,-12.963993702593125
8.92472401114943,-5.622822824425869
16.917018420277667,-8.5113984643642
11.908336710420874,-6.349831647296972
5.115814634081584,-11.073559474838383
15.425698436198193,-10.075745003821323
10.574900314998741,-9.121407869652415
11.483718431815767,-14.079578360477775
13.789172449704116,-7.390783348402012
12.982574909719924,-8.342100390422956
16.83981749089908,-8.287790968702746
12.731748541542398,-10.320748127126762
8.442286630117142,-10.614036597729438
9.356020839298157,-11.520073155749417
14.951368871731859,-6.578247839055889
10.708361371440898,-7.713226314932431
11.558745632814734,-12.699809801934503
17.158338972227646,-10.542725789096465
17.52810513108595,-10.429131080698378
16.4523360260734,-5.292742168351797
13.477081391608957,-12.974028250315579
11.831531118376267,-11.705451228342959
13.845074971851753,-15.979226358774813
10.933777973804569,-10.482640630319429
15.708955734743014,-14.320416327496147
10.971255943395322,-16.353660077343818
12.078588851700525,-10.47197149864435
6.4622626596177275,-9.560025190140667
12.804452129816013,-10.840506776973806
19.000114972796972,-8.166139245950971
13.436874918613265,-17.583748949665555
15.02476938401536,-7.715270780344179
11.07669077321847,-13.350313140205813
12.002333636238518,-8.758141606700349
16.585119094938676,-8.34710892669936
10.550262759465067,-5.447193510147447
10.684773498099204,-13.629527973793873
13.810942780797516,-11.319576288503416
14.93045352608028,-10.109837530947123
12.724976559779952,-6.740283571919122
12.076765552704051,-5.404909453540003
15.202735827187615,-10.5198345470271
10.571912361105007,-4.788031302722641
13.032318961661657,-10.494841715747446
15.494757224633267,-7.950235426559016
12.742546060063766,-6.043253792982866
16.135720712103424,-6.10673788396737
12.940609680240868,-10.527715225168325
13.106577183639423,-15.711972839182655
18.641948272307058,-7.823367362455558
11.704637096722156,-15.691422228586728
19.60850567321085,-8.81780557799815
9.09014124487194,-1.6066996182951074
15.267376216585522,-11.197418129366207
13.009371755995486,-10.170244544790584
8.782406011218487,-13.699975594073326
16.875575773507723,-11.841528251156374
15.792652459587993,-9.590789020361383
13.618052889370158,-13.787685198624946
16.832990924267428,-10.577412429484152
22.807754742565635,-8.250405519628261
9.816550050090033,-10.844714547880026
14.363856373005166,-8.326940611071956
10.826262399593197,-6.861491007838854
13.523790281774094,-9.368687625920625
11.166722660236283,-10.65752057631331
15.257624232489604,-12.412042922999966
13.347676424811885,-5.925945297982625
11.750229976641926,-15.047995047085092
16.529869601075873,-9.89977054012489
11.026745360786094,-4.273305040135283
13.576956241670922,-7.314394192173859
22.168701757564627,-8.33420064905655
8.446511498973337,-10.583452540564661
