x,y
57.979939894032185,41.74419484535862
52.827825561572396,44.18709032586746
55.89953671525316,51.375177805677886
56.22974964435318,40.82175406060048
46.9093864792845,51.24468241860063
48.998236684267816,47.99510768566736
53.820149242610036,51.24681642783612
61.08286077082727,39.916471010960166
60.38938516415184,56.06717056420232
60.08499401687627,48.27940516080829
55.79276246024216,42.74532965633245
51.99809198687626,44.400027426091526
55.69744369292425,43.50209182742212
56.46688872686721,40.42990568248196
45.37230562501683,48.90047493691317
60.82719818795287,47.263323646079364
63.96043040118373,54.02159219000238
49.439494372359874,47.3535760554619
67.68506579376555,43.2626849282456
58.19565674087784,49.33191738120435
48.52608641106709,53.58827504279213
58.83946105438355,49.77607391181726
51.059300663183805,48.96656133167404
55.359667623438256,47.77700240722703
54.04786764855399,53.268215949108956
52.82145998221159,45.958840709379395
52.875695303463665,60.45198238855784
51.91078376155422,50.662568942331454
47.01097319638036,46.12178745137186
47.97369998210763,39.20171881730652
42.53106239652079,47.02188324173592
55.670725677870514,58.691687317668574
51.68774970526207,46.97015173719375
50.37732501456519,59.4652816548235
58.63285961229204,59.53152493242247
55.79041759567385,56.06873277021496
57.40724012112025,60.06898564487313
49.24282288276253,46.712789532490326
46.82174734582844,61.38108368192191
61.12591039780884,54.85078361223903
53.07109554817921,43.17056539348181
48.67190759580343,53.50257278322222
50.60463757475091,50.687868128969264
49.847438640992266,59.27133021994317
58.54413969830338,62.96306947875655
44.41812948218636,52.54315562250503
48.01976746315533,46.04495651960506
53.20328498844029,60.31037996176804
57.840160546197026,51.5415504462167
49.56513954731723,65.0455121588594
55.220775599345956,49.17910146554044
57.31409857818063,58.42257220797558
48.72538771197482,56.34811280007302
59.554188333526696,49.26606846389342
57.8218960046499,48.114227824988824
50.167326078916105,67.52244401292621
44.25209744153719,47.64665072995649
43.00262349383266,58.52492391801559
56.59953338843414,51.269145321404096
50.948826426477936,57.045898366978
47.25378007927962,56.85258327509199
54.53951860874505,61.86032504580315
54.174408782642246,55.91093612188584
49.72304740207742,60.88056534625975
55.67325637887134,66.30544773574086
57.0584899608196,57.12846826487774
40.8786543981373,53.945104207109836
55.55075262044508,55.6533799169024
48.4909794919143,65.2853260587034
46.987351534878094,63.42924533232384
46.588770904739306,47.15228040301812
52.566549573921094,60.67233739019349
58.72649689076844,54.50460275085704
53.37822634944767,72.9222878286551
49.49286912642699,52.894468024521316
50.38202199135806,51.82174682730361
59.59665424804108,61.235640996264955
50.53404584749053,56.21106033340929
43.5726304916352,63.00630706432599
55.70323208097399,51.960275793986696
60.40061548672119,59.10118479564434
48.42563095225876,55.023018577147134
48.30629916752432,55.942838237055106
46.91235237430429,60.57515460536902
49.97243973563825,64.58762008171645
50.24243384917117,62.7558289094554
52.797728246543016,60.588623067277325
50.26258539018709,41.41293825532405
57.83416868328019,67.42629373209189
57.52818999381227,57.54460145284486
52.968191062987316,52.443111211890546
56.166447453856584,61.4767241583187
49.57873546475839,52.08579651933471
56.707912812698396,58.28118383788385
51.01485610793143,53.5897960738412
44.66074819400268,57.11860640248871
52.21420657818427,65.70608115083711
49.62139518981984,65.89800607182684
50.64444810859519,62.514485276990165
58.122408112710694,64.5309055403453
46.03349882326325,56.746448551146656
45.275152428134525,58.77171794760973
53.69820143017565,61.673339573501
54.25397710741799,71.01751018298543
44.01299773534693,67.9103156466148
44.6573303521243,74.13182886745756
47.71278384498526,61.35449085752525
48.40800626099118,54.2548127663379
52.579660898507015,61.72128277063603
43.588243850998005,68.20625905486081
37.05085189870352,60.48024572817712
54.98399748994829,63.067794470371446
47.03803497307396,60.12107886099056
55.899652688048896,51.672266864280886
37.47997744138867,57.359925073201225
57.44954612266695,60.502088891088796
52.38954370172441,67.60298387880869
56.01378043746522,64.47934731088544
46.614504152609044,73.00530017802083
45.989240795399816,63.87650875867836
44.371298421582814,58.89488301181525
41.200754530762396,62.09837477798731
40.00175981156063,64.2276294547543
56.1732643705472,65.51453286564193
52.00208063226066,66.43171011948002
47.12884994560594,67.28407128445204
47.39251544068634,61.710204679563645
44.062127651110245,64.09983802102744
44.771574735301726,60.61463892015753
47.22348054682007,69.27714942269968
43.580596063737886,61.8716473925149
47.0140593878053,56.70264972222929
49.791203006781515,74.4531419228839
42.53922834291144,61.37296163364483
55.62275526267649,58.65431022217838
43.23149388740751,66.93059271970058
54.27231334285079,60.87215933502243
40.70802682105653,56.39095685312154
50.53159053524358,55.83475079203539
46.2340059925718,66.98897719848881
40.85061703051247,60.64219993302273
44.09980656916802,62.25067007966102
43.72667668833846,70.66059447318848
30.489960785047593,63.0443418560641
45.89433944670196,70.28373397110636
52.675619142851474,58.41484367338135
41.23719135053046,57.567021976592955
41.14838815943672,63.752142257621514
43.06085782657261,61.05379427010085
48.84763138123316,66.41444921935827
46.04248072443281,65.04312684620228
46.160172014170215,65.66804779817696
53.00496356908761,71.80797661369853
43.61024806781314,65.86656801884254
38.882201810479174,73.61206693548439
44.63460930035945,61.19914008078123
53.13847043796471,68.23219940935813
50.0631871417395,72.99246925019548
41.924797799441386,64.18013727563834
40.433302294539914,71.83547787412489
42.69175677935305,66.29727310190242
39.577652163713196,63.180444726228394
51.411464017041446,65.96651297417618
44.56007394117509,72.10843390849587
49.286410404889196,70.56734817203133
40.27800799310231,62.544882029664805
49.29501399951923,68.00845678749727
43.73085032432886,65.45885136307636
46.552529745621,64.0947763943281
44.354016562494174,68.40362718601818
44.547942047033885,65.16536555383738
39.88922256312533,67.66089375361723
51.906854178206686,64.52773702043326
51.978725478582824,78.3225771966736
37.95449793431501,61.01252734782998
40.12444584824354,61.870345158247616
49.51596824253758,64.5114069367886
45.306673779354476,70.11531727987956
39.12920751191309,59.324986183591164
46.18836547206729,75.80081841331504
48.821588137592244,67.10551506728365
43.73242594269976,65.10928129221072
37.793652765994935,70.06252819836648
41.03991605396654,64.77306201970812
33.0090494159906,74.48533366931858
38.89395685950551,70.04311494772344
39.284115643528835,66.21433725432746
36.253981399048655,62.04354824021467
48.28781609733251,68.95926015785649
50.677560195144174,84.0559032731039
45.80174740026004,68.81851762209601
39.48556239478999,62.902344029151905
45.24595046278448,70.81606797360084
38.06653590991178,71.28739686286895
41.921924074236,70.49449591309131
42.879089988294126,71.80842327527384
46.50831598664307,62.83010798080841
37.20942266709914,67.22368441824293
52.33293748304132,61.123248952553276
43.525944862599175,88.0750485540461
37.849353456815955,72.76938446898752
27.35310267655821,69.41053973738497
38.3462054803327,81.1114188360756
46.855983857231905,80.00809357519172
36.29305845528146,58.493047611535786
42.30318228733018,72.46559056150944
39.04451171233957,67.03328573416596
47.060026242880525,73.98656490204911
34.8352881404007,72.40197363541368
33.34790178025066,65.86521960347807
42.46716421824845,69.33011446775915
42.3043417514025,60.87227909132105
43.94033298518435,72.08295821014964
40.61859578899775,70.07847678983687
38.93754989457614,61.638163348104584
44.40738846564223,78.80979198326705
33.36500296900807,76.79615156416891
33.21669305782811,55.78953313165778
30.267458340252908,61.469510547881725
44.93410587015364,71.17816303034486
33.989518787113525,66.09628750909603
40.569938486236886,72.63013019295553
37.71567144307434,75.25073983725261
39.07645556983778,56.50371388392202
40.835719347247924,74.13008231340444
33.522643479002824,62.73472949425309
38.98764310419337,73.91762698431425
37.22057177411224,65.47717037435214
32.33628425089222,66.91558994859918
37.80619543424423,65.62626827990772
38.288011227515355,77.67329388272903
42.75705137807988,81.33277044362111
41.50724146866455,66.75525994756856
38.68579978966888,74.72072060808986
26.97258988043997,80.0337841090165
38.41417966904073,82.54140074481464
42.576524184525525,75.2540629812762
39.72297727991794,70.2044672181817
35.64763141216222,70.80828659076488
44.46009911959934,76.14248265705058
36.797873248283004,71.47004022854557
37.450723584718745,69.76593126866949
45.39899671893817,64.11336918406592
38.31168940055104,61.353415373726605
40.585352582883495,70.44857128474784
37.58060699045305,69.168792503866
32.4379427460806,65.01158355730014
35.14801440513895,70.53104052252968
34.72728147735106,63.01298971508596
29.726129560519322,71.85666103163325
44.769505629556605,73.71492505058227
27.472693266903644,70.27539769615994
35.06099752057809,61.19112249921568
41.2483697464746,70.48621574544892
47.28761491784628,74.00791173345802
33.11924997490447,72.61207159668211
33.31554919853767,62.06171499879669
29.15782817565668,71.54905614393685
30.8652562517738,73.7144903932906
34.084071118179274,70.88686238828117
25.873642735762886,72.02875199970643
30.4494142761907,73.88134215987058
31.76172396005571,82.27701798295584
37.18289138057171,71.08582166405117
45.40711593338055,68.43075743282517
27.39647202838691,70.76918217047222
37.6375760749568,67.63816730609523
37.653384755844115,79.33286840392687
39.66937452774616,54.060044836399186
40.45666285360801,68.11861433499928
39.38013761453279,68.53469087800734
25.546843532627523,70.22008746185134
23.47539862601773,66.98537202395394
45.0582949231143,79.14057744558113
36.7130241224089,75.66951255191164
28.026965817403127,73.13271377376111
35.79663077799255,78.26878129512271
34.25665497151241,71.14776524201233
23.605919113643438,62.650902161588455
34.17746598510678,73.6324067953021
37.266409409235074,74.51599206962726
43.870799521307056,78.58417902288349
22.665169185359368,66.10063210114923
30.681906234616513,69.3161880595368
28.684705009151553,68.6626687463265
24.70532470400632,72.51693089908139
14.41937099141812,66.34592905419734
39.668046693730325,70.70955159265213
32.9303089997939,70.19829171505053
22.556310979178807,71.58649103422995
28.202572809092555,73.39974661614065
23.678399584311997,73.66804555925255
28.58751870937734,71.29576050907907
31.370193541263724,69.9259322476706
33.82169827324082,66.19246894737837
17.781242590933743,62.42237047655273
31.324958122301194,70.43931883382648
35.35389017044341,79.15253611091339
27.882504929757587,74.13694844130748
35.67822788688218,68.47449006567528
24.593723494635718,72.89795743916713
27.676173326376198,58.990310031380645
29.103213645300407,70.11905626162361
18.134783531623505,56.40101130480935
33.30200588427143,71.95965162860423
39.819263694753296,77.33224245349359
24.65999477817363,72.31923192961337
31.94542429148459,64.59155827030963
34.45076934311427,65.67757311483837
19.76261857612351,72.8902797054724
28.40660488157914,58.18356904208198
19.15874888493708,74.92422907552223
24.89796748401984,73.22709874028433
23.29769163902136,65.16737486979339
28.711130186490795,63.58278472964119
26.32477332733452,61.07209532683417
28.915611172063684,70.80515405076963
36.489874065066985,59.20013502186647
34.079849988693454,69.11529847398083
23.77159264086326,66.93355100570305
19.951955048690614,77.16263102079049
32.59095791727049,75.62428234138457
31.93610887380205,69.06154345050149
20.072324107461462,71.18966620019259
34.951366118128036,69.42485904308961
31.93864999109503,78.2294909332194
19.50382194509684,82.54621681596235
31.76652955855656,65.92809964294798
37.30045651709342,61.45656908229092
32.92953583409791,66.78080301256473
31.81048706614331,69.60997305762628
25.814511250488305,58.12117809092583
26.025727153880013,67.73391979405808
34.95955046319283,69.71608726127161
27.371601549169327,65.32673450526457
20.2206953420219,69.9212339477396
20.24218044879955,69.83423671468118
31.18207984534211,72.00859972449688
18.362278616726663,66.54427429095487
29.27347726531143,62.39317917277233
28.15580835676113,72.81905416907851
26.973536406434107,64.57904624242832
32.63118517566244,55.21304698315362
21.895952206767387,47.26833272439712
29.01895352809719,65.29734569387021
35.13095913689277,71.71496000452167
30.590114426646288,60.03481667302277
41.26292322186522,68.46579697208686
10.936551137276266,57.73509270477508
33.223788876922725,66.57121754688562
28.45322827932017,68.68504571755066
30.458590428714345,68.26101167830609
25.631242802244,65.2188458393095
19.180986413216928,60.67937863009354
30.435719448306138,68.88153314771684
22.422721027387507,63.056590719247545
28.43084205296619,59.085370515616766
27.64105801759917,63.21921722042041
21.70052893432441,75.13988911927444
26.31541221712825,81.31734894512114
35.99880422246536,63.5282519781905
24.048518901188004,64.9121628369533
19.999390218895506,59.4263922189237
17.545045223264943,57.21400075391064
20.166074529547505,72.14241715620335
30.666719211860375,61.5732462650099
13.859801192814636,59.86396040688569
17.948560367983628,58.44354046113639
28.78513600321461,70.10926059140593
19.432593427552835,57.41776422183157
23.934386186520122,52.241546965254415
18.264537631416772,59.37437453868073
25.26795013715188,61.787294146418745
33.334709161745955,65.04950706738526
20.785326062987856,60.05943785888586
17.248418062579777,65.76782102046961
21.227273922187678,59.612114663228574
11.759460060417636,58.212266575732926
14.459080983712544,67.28130826467283
28.59230351345185,63.44976364753143
24.333607775341417,58.44272416393236
25.40825594261248,61.799505897844
27.440475280633578,64.82552571244395
25.87404641130107,57.38500438996219
18.58882576572311,61.6559851295411
30.579124346836906,66.0350394387838
22.909153665151592,60.763441317924034
27.568995158215934,58.26636375864097
16.803912118976086,65.25766456856009
23.961457050045194,64.09475213040159
22.346138945244267,60.417425435457254
21.77251875473793,47.08628601929613
27.42510457891319,63.06483063401854
22.235891681162517,70.87862041293207
34.11710797172333,54.61396970011243
23.428292929071798,69.43153301809816
14.900612628985916,55.78833927677483
29.65926328860961,59.85316911969452
26.52441905704515,50.96136806883993
20.14718855735152,59.56332607413603
18.077081278715298,59.45345080117909
20.151109075303225,52.12578315627746
19.471145613577576,55.54639255633495
21.98893664695687,61.771643201769926
16.5209159782348,50.22912796720445
27.945283182031158,55.72476119304801
16.489638244166546,60.34031594160084
28.330841077601647,63.09151112110914
26.650028667221342,70.45205559794196
17.686253368929894,48.2055018715504
30.446797895476514,62.381564934840775
37.234789137184954,62.4361898464467
25.53916917316452,55.11449047818708
28.298795913621092,58.061780147073534
7.042361100831053,61.162424412199
16.88502736803845,55.52770225424126
25.368044677316455,58.19955588273899
24.764089026364513,68.78261453342517
22.040589785640726,57.11435652037156
15.7319118072108,63.96365192652053
22.364326633968396,51.05895429548217
20.702304855877088,60.441170131557804
33.08111305750835,56.45294435165853
17.049595796042436,66.48435225024926
22.561828294847047,64.10834067435945
26.998814708129927,64.90773845720686
23.60633923795438,60.35365956889236
16.85840688058673,46.78385624620461
20.613727875520063,59.97769412134456
15.971231294251638,56.74557545053148
24.26850645041224,42.61465184580091
12.769678375884713,50.04339256588265
22.79480835063559,52.93635431564265
14.167050362458117,60.584362544702266
35.33829747992265,48.58852562426705
29.267557537198957,52.48575298521021
20.97144355209165,46.71565268793702
14.269309042950557,54.31639388845142
27.3692127131011,51.98557143236173
23.44128067820394,56.254251853459216
20.461400593034384,59.783788735797266
27.344049629860976,57.618054501821156
23.232509818436082,59.112454648447184
20.494184784497637,56.933243916219375
20.33975866220378,45.6794119133216
21.075910149373485,51.07582697141154
14.647093762829499,41.65105056918762
22.193941449235727,52.40062328964998
4.138835240951227,51.77225247594749
24.079385460274686,56.63221762157655
15.511516630163161,51.97998590704879
22.449834153788352,54.22856185869781
17.947192341998807,50.18666945304191
18.998892978554775,51.648154076354345
16.105680042624314,52.71078362713251
22.0223583927242,46.19851654295239
26.866053623165914,44.02541020400672
19.365324438978842,49.96475130635358
32.338939479433265,45.73782634974695
16.13715718577094,51.438243736715464
23.064383675365157,50.94428764201122
17.031310570934828,59.27459306429323
15.285676668739576,54.58329575671077
29.368241235250206,50.65041004777275
22.8914014949493,45.94377274858533
22.70520665192432,51.61660081845121
16.51502138086986,53.209637149917015
28.456415412360776,46.2456734734548
20.123220049628717,50.000020576096404
21.366086777678408,37.23380709973648
33.07416413528991,54.76478440578213
25.92652902761857,42.87978874979418
15.861390320711912,44.81836807631826
19.07306904012664,51.85169661816324
16.609840903568553,48.31197201841085
30.65813190898762,43.0027417694384
16.797052276243477,46.93080618063967
24.81709315064807,51.14416257902136
8.174202790243077,50.048466026826866
18.958237138791095,58.953372714033904
27.23968867133599,45.18042818127627
18.85543713251181,47.58054025148901
25.879529609943557,39.02915478488862
15.842685325429628,45.11279319725439
28.341063469866647,56.21098163091217
19.52726715502337,51.32055531165571
32.81881632523287,34.604110891379186
7.995758770673863,37.19527440223905
20.994097984987352,56.223021714186736
18.959193794478395,49.31933798063541
32.65272423549254,40.101075689662395
24.40747667061411,46.310218349917605
27.324169633044313,47.4141976019009
21.98919694117267,44.34435533538841
21.116468509283862,41.78735368793677
23.595534442699012,43.90780993786903
15.47047826633734,43.12123071017778
21.140595060327765,39.674236904783875
21.147878591907524,47.19806292954646
28.31935273005761,42.18277507083277
17.74738625943177,39.50206041086901
7.698162577412415,47.31019145910511
14.831901749542787,43.508317288676466
22.05372941013255,43.259676134754365
16.889800973257234,32.336822549224465
23.7665649297871,50.59922617800764
19.54960091609783,49.57516168171405
6.873930117442669,41.71748486079253
5.939853353946731,41.98703928446113
11.925286860240941,37.128282839590945
9.868952965189719,53.59862794263202
30.880639765845757,36.763440457742
12.045949659626162,48.35863372714336
23.517118430750223,38.102585535708144
28.003546554574,40.73048541866588
20.126212319237368,46.353721089659416
19.918711205222866,41.527457951958304
25.774872469534746,37.13862855770553
24.602274127521255,54.849716760005485
19.802074026875044,37.654262039547
17.675444952849936,36.706867231316146
17.28763858789619,37.90056140905446
17.11865442665244,39.60963867110672
30.600439923623973,44.20263834541243
24.063465127213302,37.94293665558005
19.499744385109217,36.740696085965666
22.198941174375815,43.363029528402045
21.977932580438406,35.97422094683927
12.583944709553128,34.946865514062175
23.068626868152464,34.62838943228211
29.41134343087299,39.3767512558118
25.302343367145674,39.00247057717496
25.490435793226624,32.78560523816667
17.738340198292974,46.59625584948818
27.9971544367773,33.43744341788895
26.42203948869019,37.85778607934923
26.10188738048442,41.91594491183396
25.19482101433232,34.08261548469858
29.12886414557235,40.580438290229225
26.440792793690623,35.00189732786954
28.311127772078052,41.37643572579258
23.348405795982888,45.95473706884192
22.289320934320735,40.601265778355
19.3779355355787,36.787921986994064
11.224733151859546,41.722439828179674
14.239054145562354,43.625165635261034
19.23707780232464,28.030223199074733
25.533668755360853,31.018383386413436
21.491073140289082,31.40437333443319
17.893100644669573,41.816199875649644
17.322300394844024,41.089138238554085
16.2167635944348,37.83350561997247
19.147283374146266,35.383267401171906
23.326240879239883,39.89386437464782
20.627986964965196,35.75468132605344
23.248640816628033,38.693032961851046
16.89133360496438,36.327679529710316
24.049397118429162,41.790185059104346
15.212011922775499,32.03725015240329
35.83150089829688,35.435044184945866
29.803268722196847,35.627439321052215
12.653043582099746,42.93416544968141
21.375887231032348,42.010223092371966
32.46056545558979,33.76856637850658
23.989068258488235,32.19552918804574
18.70319057961001,39.84734211418464
23.313548865714687,39.87573359503483
25.013849447346733,23.481233297344108
17.469266158613596,32.801271055605014
26.852090381516494,38.9085019506058
17.428592188449777,36.639708174850185
24.917856111212263,33.082918910526246
19.0944597610442,30.245733564795593
26.30163750436317,38.00383797932482
23.166686757542287,30.088271359349122
28.5260729902255,27.796806602031644
23.050714599161704,41.34463001030743
18.834309811191282,35.084176107564936
14.29469374184447,37.37858057137516
23.579792402934984,25.118775704237787
28.035334520738378,31.211312299306226
15.6869818480032,20.628371717478615
28.512266827695857,21.191937431173038
22.097899519273923,30.361323242332762
28.42564411454303,33.69170343720889
28.772257181094723,35.10848498240913
20.049302909850432,39.87663803241191
13.714569879663182,27.50100956447236
18.160255131083886,26.034482541575887
19.159726927931057,25.10666820127642
31.274360581710386,33.81578318697229
27.054072295127437,31.42189992964962
33.12208552771295,24.396684684028532
29.348884253466643,34.29304939425825
24.438946981952956,24.8195129529217
21.146921213138327,31.175877651649134
8.993486477820605,33.542847619880945
22.46267552911015,26.332391090133726
28.015056649661773,31.562631904479662
29.07188278761679,27.67547538311879
26.596918032702938,18.46884899755704
27.57061987457297,27.275313038234227
31.11038961250512,26.500424501914853
24.879709010001974,24.94080014452351
29.322900184938046,34.27758110228075
23.88668543411277,19.88555616821845
42.2996321998982,39.35834676843123
28.29037051609626,23.144714470971753
23.05001818080445,30.686169267399496
33.38274122840088,28.318948839732702
14.35044190253346,27.134719905775484
22.880037917362174,32.75601050323106
27.23563421064112,26.09547604669848
20.381388123455288,23.369164163843603
26.264103236964544,26.564396178328174
24.875989734322467,22.655280286040714
28.133193874123258,40.18466051266245
28.34930982744368,35.209462463048915
20.69816129204427,30.94824888536512
28.79422346349489,30.241958151186164
18.81166143918128,29.147650275816247
27.209065171203946,20.970342640868644
23.33002630602491,33.583128232670276
29.77751634649039,22.03132582804539
25.911177764572194,33.14957768128753
24.351013268918987,14.730997483000671
30.27913377312326,28.20061207266219
17.224778125063818,28.11900591916972
28.251812869821226,26.76861363695363
33.24962460205689,21.941944422490604
23.27378395915171,26.75676382849775
27.069345252125025,22.76033079514544
28.633754741446865,22.248596007744567
25.689662009508922,23.931594713364866
35.14298323659797,34.08727610991565
19.664206221053632,19.70540079448314
41.02151815877728,26.21637837390791
29.201361939730983,29.186120773410494
28.771616247291096,17.55470295379481
20.280565875646737,23.04840623619383
34.88277282912127,31.004215404390393
27.282395289129386,25.68217712743329
24.422074929391265,20.345414050323136
22.092861990853756,19.226848626369357
34.46985570014625,17.179212137693288
27.85454085754289,18.991986946081987
34.251376730649504,27.27587384468253
30.40563673288487,37.62552708081705
36.27283940499347,26.97960612098524
34.580428208630636,32.362412577725934
35.54777063540356,31.52242298197079
24.99607739781414,23.53579081041922
33.528637472972896,26.084653877688847
30.2790098542248,29.670679071993924
29.803341153727693,16.379574361352972
28.360899744775505,25.981590885022243
19.456387752193983,25.66793441044803
38.59487510166402,28.058662175481548
28.490947347797455,28.41667880386808
25.023315206152315,20.779635793537143
30.932049701536926,21.345897706566475
26.07123333496688,20.964114951227725
32.04611549734128,18.76862206494055
33.91387806699611,26.82812706277718
33.444666369163265,18.36634013503247
24.516279115171468,24.008241128548374
38.526304916611174,23.11332206817788
29.9480299309589,24.614922909474434
25.837231797430967,26.36939005454673
39.670803230307676,18.334634619501273
28.47595899422248,23.697274805916507
26.51370243539584,23.256271089008862
24.458840927049593,17.70336999386788
26.01901820383706,32.90834148229119
39.082823617855766,11.924817649123817
39.525413600905644,31.026487538991994
38.04180747403286,21.43857395607834
26.792989886678495,22.550148542830815
35.85199663152905,28.497150217855037
26.73301239325212,29.77372381338048
26.303960876495523,19.368882504937197
28.90726275695255,29.876878848449902
38.80399203772668,25.02926765502071
20.302833259643037,27.756495968804906
33.20063882746658,22.756493048214463
20.493192105630115,20.255894156666336
40.58990935394991,20.106132149352444
35.732286884101114,26.578103007736757
40.707691776179296,17.088792656634713
27.819132480108557,21.65944860884933
44.02352762890413,18.06682501293577
26.897122385864453,23.658609774645402
27.80666704280361,25.484958591884084
37.15192860259656,23.668311854648472
29.376095768078514,23.38511115462056
27.09778617156297,22.76379360510704
30.85281467371287,15.822747721218146
32.678871675682124,20.130462871814668
36.41339680597826,28.06021533115624
32.73415143368102,22.28563497626226
34.881922404753354,27.78471558951566
26.23547847396744,27.210543624724593
35.86163681306202,24.071179292690204
29.23760830505578,15.279406505702473
38.307497139491474,8.7377340931849
40.39052088837229,21.594188808201967
38.554104976894834,24.336618495382602
27.6542631059846,18.301448580009417
36.542259741476705,18.965430032272238
37.03622996700026,30.76202080128391
24.248881678200984,24.350623134567044
37.34796174340811,22.701189547081857
31.76472145751192,18.364733948105762
31.75758281020856,27.412895814200255
34.645956958726856,8.424615231307818
30.293848394698074,18.68191403168713
38.3685914612257,16.91098565094863
38.385837702939114,23.429099490153945
41.81019489135838,10.83296713155977
33.337338758389265,25.422438365414234
49.31640913122102,22.43425822303639
34.0164599249166,25.04167274783675
43.85534259185166,20.918552287762854
48.711822664959755,26.80107983217529
38.137762783212885,23.896201600670185
42.677492188606486,24.494892416074276
34.248724881422376,15.329177265825404
37.78617317051092,18.830617923880226
37.03591262543946,17.279336012593422
42.95088700416758,12.237862411040789
38.98753445335493,22.911022109604517
36.72837118576479,28.371121492425136
41.61705649467332,26.47212026470177
30.414971838796767,26.173063711788824
36.76192569168647,25.24585077758029
34.49037022366231,16.677582316278645
37.64008530337425,21.79497087251689
36.083632288322676,28.309001734157842
41.146257095906634,18.06513238180971
41.21163859005009,27.303187746864694
40.750636628806895,21.83561378249047
37.36972943557915,22.516400554078665
34.818237473166604,31.022698365410413
35.84563351233912,14.782844816367003
46.36835798308322,27.367353249041074
32.30448477800891,28.2391864603075
37.38424219497742,23.00902399064007
32.11305897247686,12.988559899000778
34.65643859242797,13.898702437936729
37.67684968836224,23.468210727089943
38.07561464537948,16.869616098928343
46.6100945552446,14.107884832886718
41.59202347912023,24.861883284151475
38.97423546691354,12.026096845811061
35.2078928386037,20.383398814881915
45.73118154267178,17.367730239325233
45.06709287391739,18.954040317496435
46.314933670191024,25.45812393184233
43.650780992307375,22.163258331039923
42.44314829323194,26.27770901777622
42.041774688803834,40.31097655159011
47.52661531499561,22.252108735481613
35.1213709339624,16.59413101786402
42.35027765594888,20.99767830825111
40.67662777832639,17.45160191321122
46.68636052465594,24.683586393725495
37.92141376325769,22.88108790998873
37.49289547591076,26.989297218553318
40.540461874934365,17.077809597527416
44.72565185929596,21.217021956454506
29.989943140643028,28.151121132902105
33.42446445390851,19.025644644051773
47.99311942389352,28.10985367965156
45.401571642231204,26.34863321317274
41.04068823228777,20.305311332520144
29.245065623589557,28.60066276502034
40.42729126766008,28.055356252458402
40.98153237375495,22.40678395566653
41.22840655927098,11.712065644089616
39.174684004309825,15.850898391150771
47.46899933065814,24.444841742968556
33.535016663661864,12.988047223005665
41.31535504365432,16.48018585201478
47.479375428597315,22.52494645519513
42.61886306246938,23.647544682526764
38.99217439150821,29.570338080662818
42.48547035190512,17.16136204523232
44.43287953667958,19.373369150217357
43.69805574143436,20.916038603310092
39.55486092842506,26.216404207145892
39.68605549894783,25.25217468588894
39.07438514815201,27.478593075929357
43.87911337148118,21.102931277945494
42.57135337913225,15.901068491922945
47.055457277704186,27.907894302688575
49.77582790628132,22.18541983665664
33.391460572263604,20.97744559161426
36.54314093522172,29.739649350801784
53.193455091173355,35.61823671570794
47.64751295690708,19.855188249472388
43.398164354097595,20.026219554972545
45.856836252045916,26.493177299521015
39.361858258281686,19.520038276403838
45.89019369158665,29.92800340186611
47.171831729498365,27.99687817573401
36.37520349619593,20.942581498266872
53.27874210925855,15.419589384923764
46.22843137352225,27.649857747499404
46.924220671081855,33.47684584874794
45.622471130973025,18.508360266566445
50.95433083130254,18.2126284698144
40.9045744756755,28.720116088830743
45.1534075156021,26.423593391223626
43.83151965903181,32.985078640683184
47.202638725322075,23.256089966568872
43.996636819825774,28.981845422930817
50.03263796115682,22.320836040871036
38.35615778341813,15.731954260822768
39.999820534177516,26.675652389737465
37.57249104109083,24.935678979401576
42.80230436131526,23.92534984891257
53.12881078516827,40.64528146392986
46.10455329938561,17.610173302661316
46.07574027320772,24.781027382945894
47.22391210530312,30.561275531756827
41.71963833339403,25.59277310822593
56.20813890855612,29.91470033550541
56.16199991025323,30.155588923086768
46.77467759754015,27.485393050531645
57.29597466696073,24.022895760749414
57.77342159556443,20.658219639539944
41.88498289426043,28.204391475873432
40.55417853270166,30.505689663401366
56.55797358502107,21.393323340835742
51.22916970430418,20.797346461652335
48.22340614308526,18.95719517688187
46.78225538297578,24.435945097252183
47.75337088121706,27.135532017904673
41.939268920515964,29.076200681590787
48.07993592734159,25.55479823595421
50.30980957878272,25.699153835365696
59.567218575240716,30.79329903275364
39.53049808295425,24.51998688270447
57.311493531979465,27.001595562072094
52.770062230663825,20.424991236379896
53.358633528957895,34.9300173257888
51.01642629847151,30.254008917441237
56.33569924113557,24.10178069861316
54.7450031995212,24.01291052714506
40.52247878157435,25.73591170638479
48.335174881441844,20.643636854343075
49.033672335717306,15.371315415066645
46.31760625575887,25.978744295499133
50.57270780510699,27.515295882285724
46.33560346465664,26.97833900770509
47.96049477441393,23.994003657214826
50.39186039810279,28.446508806718292
48.437015688412465,31.95814174986547
46.800755013994625,38.248763455038834
50.55069273804759,22.31929001543387
38.46421947939513,25.488279071802996
44.410359158414124,14.425823193064184
40.11776612733066,24.483852935681035
46.07564376785051,29.862899309338616
53.53616798364093,20.98105144603118
50.715607054498776,21.829880333196375
56.82322621018593,21.60219520416139
53.273839014083535,31.184433500668685
61.26258091978376,33.345171346624056
54.16001176574007,20.10595704117344
53.46927681367035,21.062205318616414
43.22884927340161,32.46302819682051
38.46957703454896,31.906906242631027
40.78809408223331,27.66752248540768
50.54067117896983,34.27715339951941
42.71741898326637,25.573727916241353
42.05702496615103,31.36378043951431
57.6231608533232,25.31276215277149
54.91091429645106,39.97093143898097
56.23268950137491,27.185384357257494
48.17016192703375,26.636735122471197
44.47657218976285,28.28366785614571
43.88233578601666,31.098906476745412
50.581446720573,35.33191420038772
50.950288188709024,30.412802182645454
48.245736346821204,26.17711027996169
57.140897603629945,27.760222658709363
43.97593755158924,26.46609076714683
60.38955723007211,36.61870380057368
52.400423228202975,31.259527760541495
42.403874843541686,39.624285936775145
55.02779902908618,26.44834361566118
58.64204058750526,30.366676475754144
54.31379756869998,30.346569204523274
45.8285008346944,24.270155079656078
51.74221964475204,38.817329806167294
46.95103074973038,27.736979141842014
49.937581243832334,32.236490876813136
53.75318409137807,40.350755820522394
52.25529553717754,24.319184552738037
52.77996458440417,31.284782372144967
46.181236403206206,34.97330592655606
53.28181538473307,29.545040006722292
49.847910194195016,29.772945988296875
52.494416338624696,16.750134856990435
45.94699437042183,30.340270092480882
43.35769988665257,37.29706679545792
52.93019706783603,32.82764483449649
43.947699284355124,38.096147505665975
54.69414721516666,46.79996648875082
56.469340390443804,26.31132899758475
52.95196712830262,32.00204156031869
59.13307617222956,37.025379756211066
62.222198706696844,41.727733047827996
55.79807380049821,34.648205975697906
53.28570575961072,28.54536833771779
48.84941958605326,32.65719037981934
52.07287142651957,33.86884307057015
48.29548860908919,45.31664948157649
58.715366618923234,42.25507559037823
50.79487304055101,29.364357722839603
49.65242634182905,36.55157198986379
60.638476043947044,27.595515651675612
57.24516183162486,31.348717665666605
51.35401075780671,39.52928824815555
52.26671152603187,39.831740200032826
51.54193041544404,43.21688576776752
50.365231131356886,37.91655586812218
48.75810331655953,34.85040023547755
53.58327472494711,34.9829262112736
59.75976990311833,33.291589936415335
65.06131300365651,37.77673908587685
53.253053376347324,40.00876367664306
56.97859071048581,33.77335388325128
53.47198969833723,39.19329834209396
58.45570719932547,45.615011998593396
59.019643659639456,49.07143633221368
50.66037492583437,29.5574893831609
52.816031359545505,31.221224827010488
56.06024448049776,31.929101011460695
47.744850988413205,46.1757090487028
52.00825419855147,45.08870554263758
50.48592358536564,38.01777713132143
49.91425683255324,38.969259009607484
47.55403011853588,33.344837214857996
56.2640884809928,36.492228541059916
52.013067104793095,32.267080191343425
52.16343338326293,41.107805909537106
45.05987030954456,41.90735338476158
52.45825504570322,33.69085143619659
46.29565257778515,39.52315563176449
57.03791014681809,45.1935998021108
58.12994369179732,42.03003417350088
54.46834745379861,42.17189029838209
43.160021302870305,39.12490813494273
45.71491324500067,35.583033341974684
58.32967858715636,34.35408688852299
53.80524284119417,42.4685022467937
45.20986680299186,51.76073476397244
59.01084372970084,43.648692801484636
51.76870756511119,36.868975523898484
54.929346679236566,31.678420927939307
55.9768417355637,40.92915216715061
50.889020186557346,39.825743600299944
50.145626932584015,38.88143449419648
55.26937842796193,40.29534692181153
54.29369149331623,39.57162082183369
49.74910027222843,48.26474658604961
47.442461422298,52.327801587148656
48.2867436022116,45.68020766506585
53.125474526246855,44.863269109268145
43.07610617604727,45.455951375191574
55.4912386470246,49.31279124826873
54.05016883601008,45.263475314536635
53.725620936889435,41.92412956817707
50.64526923335859,39.60245929115787
47.01082695865772,46.05108741735048
50.60914462328876,37.28822376586238
62.88814868659878,40.10163587814409
56.39486360214671,38.72220198363012
55.08785674006578,37.82655206186902
59.51283114745294,42.76209532108162
56.87496639169141,48.83672870369874
62.11484304756915,46.19793338997253
57.61410989400478,44.47326147585068
55.232352916835346,41.04071149421951
62.28664753110744,38.43910927982698
42.658534484741146,60.92208506385155
44.130275080683894,48.256130645158834
41.477322212180596,40.957277171501545
60.715413934490684,44.060887220804055
63.915569592775086,47.04872991931266
50.53555413259127,34.77062764206649
50.69769836388252,49.204362620779065
58.025191576968304,47.70499069621375
67.02710913475347,47.479839139965016
52.97535081387581,53.29379841948996
52.67060286647417,42.199862306219266
59.68160305913427,45.969862156912974
52.7144045419176,50.26678499589605
56.60285597284938,2.3864639071030176
57.39612809661669,3.0417875536632413
54.195535850816825,4.2719842449232175
60.3232556525236,1.1367266214525047
58.14630541320327,3.457755435174388
56.20418727334251,0.19647342111725719
55.759815448329896,1.7796088186471548
56.30539716728031,3.264130900247768
52.59236345409354,2.1976583521671884
57.249885393995044,1.2540231623344402
54.09467385138054,0.9223399301122797
55.511974734992144,6.331128873223786
57.322425265926995,4.3692552278594095
57.26619041511511,3.643962035225473
52.72530928027645,3.433352796450694
58.15944305384433,0.2884041676487099
56.989714918733156,5.553615037125167
54.94304484795744,1.1604770862849845
57.70221201579888,6.188961185545331
59.64546757171154,4.31897375902132
59.342013075074256,1.2009863816849142
58.68652865388256,6.490747459818799
56.48321515098648,-1.9727412444109076
60.217656191000756,5.004494409167962
54.807323650123855,3.8779374918362657
56.46232955470421,4.929386964463667
56.545986792663676,2.6009200828417374
55.41088208470759,3.164500074806872
56.66917474433101,1.2874576152134145
58.29511937693136,4.682822015206278
55.47267131956137,5.686784122336349
53.63899764334448,2.2964784873219948
55.87308238866633,4.364261662807356
59.74497176103178,3.154978662741895
59.55903110111321,2.8204652206750183
56.519384858595366,-0.9694120320224027
56.76848367355829,4.158126469472956
55.06060955231004,2.562594165325061
56.08752157564228,0.5025070164847474
53.112382177968385,3.27183564229458
55.92525080558508,2.9440402892454762
59.5166290516642,3.079560473070167
58.57838636125005,3.104961748565731
58.20113362872904,3.458498906811355
53.63285625315324,1.1379775494519702
58.08224464337072,3.4880912999203693
57.02514834229323,3.533498214932903
55.59221149620098,5.543512220429633
56.374618780878755,5.590682033128529
58.505383047927836,2.080193059160714
56.62298288695111,5.135058502985984
56.53559995882262,-1.2855611024068834
52.94014156680904,5.792071182515448
59.98259826625553,-0.15400473120301683
58.69826405287819,2.082614408923812
54.88851783563766,2.8032800261573136
55.57603260827276,2.4344333638688056
51.995787598939614,3.5148587158115565
50.03084506196028,4.495973526211628
56.374596430800864,3.0604147958882293
55.337584714143134,2.6549395225777195
60.39017118777,2.506990839019338
59.7470917629511,2.4415609730349024
54.710277396926244,2.9539321721898935
57.89191202396965,5.573913852586699
58.523428752446286,5.312030805029384
54.715229830987646,3.0350132041749616
59.76927712123709,2.5396484434751487
55.614195132419745,5.763765834301213
56.85570405999015,5.41802063903644
54.291726994001195,4.098743199408455
56.09981923200891,4.512138616371347
53.136509902720334,2.168065052380503
58.480535933949106,3.082089159359138
59.61113386580914,1.5619007341230142
56.493262092582555,2.1030716538569427
55.849808262373536,2.1598373529033603
59.24746930416259,-0.37309175059744826
58.99786895375968,4.466586997519319
59.46460550779421,1.4752667793988252
55.366010839034196,7.978974261209353
55.039476859062276,1.3027997759088552
53.377270677321185,2.060390120434904
57.63418902462683,0.6811979121322853
52.45666933400664,3.66196413532988
57.062348883342516,4.0915194594068325
56.0310578485323,-0.3016046751922765
54.96375494625088,1.3762638491834862
56.06524857982538,3.7090449737029627
52.13628429235357,6.893005169738206
56.94905376703672,-0.8214073761670577
58.030140700740134,4.49804261830991
56.75354805929998,2.6951709533787005
56.068516546169406,3.097820410632356
54.15995427900845,3.8936885841911923
57.28498105716861,2.2821381669564955
54.3083997007811,3.8206660957483214
53.18910836214236,2.69167714606582
57.45373538279918,5.918696842645204
57.86830630716991,0.13717216945635835
51.529067875128646,4.3030059912197895
53.87941652255512,2.027229127645676
57.4027332252431,1.97578704436572
57.30247333243609,4.012306826063041
56.000058702427815,2.191503358112438
54.07999146778425,5.08154384526805
55.92568843590598,1.0458345032581033
51.353862681185646,2.1306274217614725
57.867654212977406,6.312007878425707
56.01619883493378,2.183921755575992
54.29438165885261,3.397679634512963
56.358865204385296,1.0816892719944504
56.97195410168444,-1.013256580973148
53.94846965884232,3.9341127678139047
56.58226879551117,1.1261112621964984
58.08501314937867,1.4556601135504663
56.895737084688825,0.049166221747904526
55.449858766136984,2.633104552737702
54.251035751111104,0.6978100171825354
57.15899012303551,1.5909669020936672
57.09345401354113,4.262742162795496
54.35712028396143,4.049750696482044
57.742859470228446,2.7399661042738717
58.99329083808097,4.70874194650077
54.79488837104322,7.365680461184583
58.68710689436458,4.478957008269028
58.24613089303448,6.941935304906389
56.14995728708347,0.8226550615400328
57.213035091856725,1.4987845935329411
59.41842188750181,2.1365056113949787
55.929531176707165,7.225328128672427
55.773382114695075,0.6747266713961819
56.19617411093334,1.313894869486293
56.254920038053044,5.020202544929098
56.43309226082632,2.797278925616202
51.83701570666192,2.215403602907638
56.80828356156634,-0.4584051531847697
51.097417479569074,4.119191325968018
57.07231197856095,3.7679255176317032
54.12417843127527,2.9606195056995137
58.68688359897634,3.6838444535414303
55.494450051827144,0.9582455729150516
50.71609751765896,1.6555430443360737
55.21074739264973,3.683863169794445
56.143011604890944,2.358382594963933
53.17143306833773,4.3699064543159345
58.01369616061226,1.231662513183468
59.331504418090915,0.4195409047171519
56.086133307060514,1.0025474021200247
56.14716469754993,6.517609648151243
58.579626482409004,2.413463833738
57.546839285690105,1.3955293236641488
54.60193768996021,6.178245952264531
51.645450039202835,4.438104686193455
56.30779990596945,7.940715204256904
55.671235945826076,4.227242369856197
57.78915052873411,2.2025018865869064
53.031499928731286,1.525626244054783
52.9658411235723,2.8242995422563424
53.48775707364716,1.6770678065507156
57.86119260833771,2.6234169012730564
56.31124830083566,0.07674734387865945
56.684077158632945,1.6507651925496072
57.442599893305086,4.78306393203548
56.02284407238823,2.1203153701188358
56.585037247628705,4.029290223734055
58.1630704390344,2.74664692689726
54.54829010653949,0.7442633740989573
56.508565806744556,3.817918261051803
54.333314808342664,-0.4541636026844653
56.288399434292536,0.5635782083800751
56.46168236062913,2.461880992694234
55.62746201054175,3.1019566869676733
57.080589987005126,-0.2187475962552572
54.241735709847255,2.3091828687025746
57.18093260546529,0.7926155696722059
58.328656076505396,8.248643332748314
56.44524652798262,0.9332832340937958
52.14572040151685,3.105946489960439
53.05635889410778,4.543910517277088
53.04868985688462,3.425675844000271
55.234783614986945,4.081686306719223
51.97764833100127,4.11162728492796
60.67548131873186,2.4604690990726126
59.966331085386784,-1.258226491789653
55.207273669979266,0.014379214241589722
54.99599980778974,0.5229975162800522
58.253404594420495,0.39958025249601814
58.834296867489414,0.37164565049774634
52.508504292683774,4.549713647950705
52.015731062430916,3.4216614649175794
56.6202410975319,2.5838752798972813
58.013335933087504,2.8672075719870076
55.1236683146559,2.7243670971701857
55.40451732117623,1.8261654915423664
57.55482199756459,2.6103749625970587
54.81579555099743,1.6597876841580825
57.756163706085594,5.1097419822859935
56.226618573766004,3.635216716869188
59.283493997009145,2.2567834866518854
53.82988839390129,0.44244102647576833
56.92074666734877,2.2481770702272614
55.71082938814874,2.2616331654832567
57.87215036910316,4.8581681214853925
56.79660028436673,5.054431235644073
52.093203260117946,2.257468959758732
54.465062703844666,3.0968960869460536
56.013979046546474,2.2570105064015373
54.578630888243595,3.0760547409820083
54.62186728648126,1.0542326088554903
55.18129118350908,-3.445884226811552
55.161371260424296,2.411110835936762
54.274130906717296,7.168703571305516
55.34038200328098,6.437608773717498
55.70965311963529,6.289002044269395
60.29049187087938,4.60354102738443
55.13775877960927,5.114866321708731
58.15946252485357,4.303825574556899
54.115414081367945,5.634964819108914
55.104860658563965,5.174129048959195
55.80696313275385,1.3722065283972518
50.726322398581274,1.2271483055499668
55.31713975536086,2.861768411730342
56.9346041303431,1.7032049702810788
56.23859768004672,-0.8941921877949914
57.1241945651403,-1.398416053191844
57.20153722811028,4.299220978041587
59.444976540911895,2.9000316966298967
53.21590024859408,8.349612479972958
55.39650594360959,2.070368563600166
58.249200050670595,4.822502155292681
57.33306268243149,2.3877035767264987
55.68569845026931,4.483010020801091
57.394448937488164,1.3612337545113935
55.68353437041815,3.6684689204190297
55.89448652908812,0.4556645400190771
58.22489208288074,2.0268781688658617
59.13460802303333,1.643915272879362
57.02548239607655,3.1266223092557692
54.32739048775107,3.93420211718133
54.57503810371529,4.5301934193302325
54.72006267492025,3.766954606520543
54.1127190314264,0.9877267430239396
54.96300900935985,0.4305213272672943
54.512404055133096,3.1964505049411267
54.17220637539783,1.9794123089799716
54.1049077215335,4.268339263363229
52.496015076989444,2.298889943185003
53.25926357719952,3.6137475770800975
54.99003277136855,6.156592868842182
58.90594123691146,2.781720840357687
55.61224946087368,3.160908782755841
58.81323208701432,3.825446202782273
53.93601509441464,5.414209018099431
56.673683439514114,0.2869609538129887
54.645381068722834,2.9633082309095164
54.276246071630865,3.3695015996490683
54.697246380885225,0.13707979362041645
56.69479163306105,2.8536945575548973
58.83683792726054,5.294651049136075
56.16176442212774,-0.06359140640496541
58.82591696207079,3.260291752077724
57.808338723047655,8.822731124708028
54.94170590772515,6.225413994795412
55.88244223345812,-0.4551101828968349
57.44287292825347,6.025142772883984
55.891036901386975,0.9997783389992749
57.76746183463097,2.8297660981125845
56.914077382554304,1.2382080446360282
56.40209455602697,1.8724084994163495
53.35742033838387,5.60585981515978
57.6710680861775,2.1455639921801155
57.35349779692481,4.622622449193279
54.82928541776446,2.666877087942994
56.24627418250652,2.5560113638979787
54.174819505177055,1.2757370128581966
53.59338033772167,3.961431728896563
52.45466577808973,4.37754329610365
52.67611767865789,3.737755210556994
55.11373644487969,1.3897002601937414
56.480558888640026,3.859472830240787
54.614884653968375,4.986744771254301
56.64595293987117,1.1695524617741737
58.758344161798206,5.27635126862005
57.620885061098505,3.0823004903765803
56.18357133605985,0.5012101335289616
55.17536982160216,1.7032252830559231
55.957297801660836,2.3359451491397207
57.56020563204696,5.2571052867428865
54.437662122356855,3.5817703371800027
60.41878730262285,-0.10253313918602336
58.166137027675795,4.544333799523484
56.25518194530447,5.695330978434127
56.56024388358851,5.6235749248496205
54.30703883062206,1.510198536734318
55.91835504707076,2.6240797110583007
52.181969132645,4.631664321638427
58.18038498246729,2.8682143455375937
58.45437269005235,3.2363094287826275
61.176347091545566,4.070143851234395
56.61288289604139,6.50453098652353
59.41766599258634,0.8124978260428883
56.57246229605402,4.441908602548347
54.78810202166014,4.243991996228317
53.028986378467756,3.7762122568348175
53.89324661971272,5.700052022394755
53.95386575273318,5.174683021276943
52.98001427346233,0.7795691500589972
55.45494136669641,1.7022660531864209
56.01704618890921,1.373538962587292
56.13388774357425,0.7339132286120398
57.12156753104029,7.340719759544746
57.52157064265146,4.474567281739573
57.42076122266117,-0.6987129155646765
59.407162342889386,-0.32003585038455507
55.318086301280836,3.3188179217874803
52.24430968501063,2.001349533057915
58.138579308590025,4.428780660500879
57.624142493642616,3.4729450126628265
58.43981676328041,4.594537971375495
54.19254674400951,2.556619322574491
55.98108198133226,3.5434309890210938
55.43358731822143,3.649111517794664
54.78871999392696,6.042659508556491
55.68785513281029,1.5918810100516678
54.78412842590331,2.560803506682092
55.59680591773515,6.419029626884683
57.44920853651189,3.1438628172604237
56.454658347265074,1.1213454924141035
57.35208129803381,0.5987280486449267
53.09223182303284,1.2504157799217963
50.5725154090882,1.8010683428396657
53.27450475197252,1.2986796447397198
54.972576891271494,3.15636646304421
53.51428029195226,0.36172328624212824
52.75493098868913,4.412906606192958
52.296248767080556,-0.2025774663892017
56.35848130425381,2.3022354784359655
57.78539454240738,2.512095760816829
53.88491203008168,5.767097161636958
53.767877966500286,5.686786143319381
56.260477190665554,2.772734055801351
60.81948625457952,5.256426283080435
53.43113756543612,5.486653660886084
55.79895603753296,3.7181047813238695
54.05670713359651,0.5102405285685179
60.93814561622953,3.3274208237063685
55.79984314264273,4.779373625450732
58.85203659611174,1.080521744885449
60.064884358495455,2.646373497834234
57.30676987942006,6.104898243309714
52.01252761728461,3.893338689806179
52.50674999567351,5.641400236909891
56.09815797341917,2.2033483798673954
57.80070485885312,5.8419030319775676
55.09775114191857,2.8007839684216753
55.419010213997716,2.8541391488215258
55.14415969340769,2.778329128371502
55.124464398074224,3.574752768732714
56.46197393015946,-0.043978558662331135
52.79600959308791,4.491561500673415
55.77362501707986,-1.4154147678704714
57.75027625555914,3.3784586280026034
59.10163182782915,4.693005979709167
53.83580685744396,5.706276625067508
58.090041526941114,6.38703639256292
57.62209012715165,5.336969544313257
54.000740168936105,2.2378298888821386
52.96153002070205,6.150915549959755
54.57380190745462,1.5800188731063487
53.75047741447819,3.6925630542109733
53.40967070329188,2.507644627762097
54.923387332416205,3.1171160569062857
58.06232138399071,0.6304845375381491
56.761465315293776,-1.0360850196938989
54.62033016867238,3.09573145738376
54.73394075172996,5.668826073453076
56.82627053037516,0.8911075132560025
57.0720300461222,7.51445123116623
53.79201339763634,5.94413852084255
55.33267209987406,2.5063082569118915
54.002599436193364,1.6561631729102564
56.44643497946044,3.500116257881225
57.98586024750477,2.780394992541794
56.676894791267614,3.7859852048795237
55.59506856251428,4.546164739541876
55.59343786356381,5.904913033637675
56.523411041035125,4.330541456624436
56.43190815647244,0.6643569898821684
55.75458147253818,1.1886969785473205
54.90315077277657,1.791637650725218
55.25836006897105,0.302198104201985
54.6155654344049,4.744659415031244
59.43774004173741,6.168272957383724
56.31467602046888,4.2957648939709445
52.353514596929905,6.093990267622582
52.23976525554318,7.091075311953827
55.71799699749956,4.344194548296096
55.98409299647567,4.693523611449507
54.78776701868494,5.085229424783229
56.15696291312207,0.9616097517238078
55.34614717243818,1.7647367463230095
58.9591754601319,7.045396367647531
54.983558125929115,2.211119583731824
56.36071129603052,3.555421013638468
55.28960446301152,2.274505214309988
55.477442499009435,5.971416223918293
55.227422478779935,2.875421641512432
56.39520046795595,2.943825122527043
55.680788442981914,1.1027932191281387
54.72111793768026,5.115478424637212
52.64200566195692,-0.473016438113826
57.08417275952515,3.7048318226677326
54.33125028922394,5.27145772402894
52.66934212618034,5.017340401449384
55.29135951484448,3.9864303462827895
59.231224617268595,3.0920111162759407
52.754548883593515,4.505489296575828
57.84355460435005,4.609549107183784
57.63828538680986,4.6832169047074625
56.607537366178484,0.7472529733159301
55.98777096426247,0.8462167174252238
57.20053417692361,0.20106645778468746
56.06806162634481,0.42994377120080207
54.055211356528304,3.3837420323932674
56.90203460198219,6.3879288812333925
52.3522533199221,3.655955730029853
51.880600296064195,6.575573826660468
53.883669300663236,2.937717237549157
58.06387696236841,6.815014949792243
57.37406665613835,5.461315153702541
58.21486414706058,0.8709719943264176
55.0585565562048,-2.0912777124137962
57.04387538816218,-0.5267193998020621
58.569532531912685,4.767483013276659
56.67065433770664,4.067920874855165
56.231318155335124,5.8654106373384005
57.458431095875454,5.714343207138391
53.75066792006988,-2.308972837201523
57.37177887332847,1.84339964774036
56.23721875810248,4.14915585591562
57.218570906075335,4.207369144658935
58.901587798559234,4.063101830561058
56.48722069995202,3.3400833132819776
54.73266516180684,5.081279574740222
56.67983735631435,-0.017398667731393758
52.587817978365514,3.842171489931252
56.41253986702398,3.0198957055878712
57.91392212562664,2.797919360790295
53.680237203739374,4.4395595142591
54.57425152119268,6.772904202927117
55.57510093900002,3.038639000415312
56.70540697987334,2.98699636537121
56.34597378263179,2.9251060331109024
55.6454582982444,4.899480544069988
52.596029678120864,4.366989875609371
56.47370372607314,1.88692025566434
56.971988437579434,3.133501503682095
52.47082607208882,5.16500657490549
57.20893334943534,3.580026064255367
56.63946963712252,0.036674545783006884
55.190857487837256,0.613025167133884
54.72159756291685,7.842607116982444
54.88646051541608,2.5635893136411605
57.48372315628618,1.71697297193089
56.78912477906546,2.5265542077575995
58.08622699986194,2.9972611337559862
58.920885001404955,2.864787539136212
56.63145630326208,3.190815542612966
53.6248723238423,-0.6257011953330807
54.491973342360765,0.23661199804901578
55.18078509755034,6.646336090412263
58.766756038908085,2.3793460134427535
56.692475963128345,4.048207032998846
54.69131162264793,3.2005663701169675
53.15994264388715,6.385555347408079
54.43882623015061,3.8926833809158503
56.271823502045144,2.9191904842822796
55.7995382770144,2.081811796390055
58.81689920789032,3.9456586205511974
54.27858670718716,3.4460016062426244
55.370959290516495,3.443277572593901
58.363374843397146,3.336217691331664
54.7007049711796,2.174537733145621
55.867331643439265,6.344398152507065
55.87864150223985,3.758130820657139
58.42141498879886,3.9418608911590063
59.683367324882255,5.41513928549805
56.97766722114126,0.2802584417315668
54.70739255892846,4.774789138987894
58.093702903795766,5.510270597993479
54.01933886599208,0.42482003921697187
51.979160968159356,4.3383887865556385
56.9054077657052,2.164728338276167
58.26959091416837,2.089428775186301
61.05523203880322,5.065074474347114
53.380827344071285,1.7406964532510985
52.6255228321547,2.9168537511000823
55.00996064657301,6.783625546770997
58.92519342487035,3.440763451348085
54.33264133856254,3.6514543819853347
54.86810871654549,4.968862888654558
59.11997529105191,3.6557779855724313
55.93147399912045,1.6149981177721584
57.80394354610465,4.484640989255851
56.87139703731186,5.3691387063151055
54.63957547936723,2.4424870487503973
53.82131691969516,1.2277272165316804
53.77037495072066,3.604630556944391
55.03330120571401,3.598207681190702
54.81212418501749,0.2952496241550273
56.867419713136215,5.232633077462284
60.30408442567732,6.599409320891327
57.13678195146512,0.5594517151964444
56.457549322586964,0.25238036853256274
58.19821233130683,3.1902683765753035
55.31861030641798,1.7133669080676703
56.17422936425277,0.18012309215354838
55.07129118510601,2.1362433539386627
57.206760079277146,0.07251088380373005
57.882472065125995,4.9688981349595736
55.40306208856419,1.6008679922466658
53.43842835702971,4.8043208835346
53.98553427878074,5.222890750584148
58.863896748428914,0.5924730616215896
55.25345085162853,4.913607050209124
59.657944038740666,4.4080166837807875
57.49178382713574,3.984699671166743
55.8227567450395,-0.994059036045833
58.27424639863632,0.889127429963283
53.939667559295565,4.03796862253346
54.52726962913471,2.7053060089747976
56.168688631734426,3.713889677749643
54.346869864111525,2.2371092643172754
53.17866785449854,0.6555613533568865
53.09448285270392,-0.14412590930965807
56.03095750514938,4.6694791658698644
58.17335350638894,2.1130726504935926
10.838561718112054,67.91723898233548
12.157834643745613,60.99282900913037
14.767582725760093,62.269563973543285
15.756059749332683,64.34975115729978
13.744381911775955,64.4819910850209
12.498815506924442,69.72012266474046
17.5917663301109,72.07836469745068
7.941572711529548,71.95867346697142
14.550365431758031,72.80835993706442
19.897620664488727,69.52571314559215
10.353000063601632,71.61080166495195
10.544430574117154,65.88635763358731
13.627994126627222,63.3120685628948
16.359099793106733,73.44258946384139
14.899562158621602,68.84771182690336
12.559140291425901,68.84766448444731
9.096304183188574,69.15486679643742
22.110435619704283,66.62744569526821
14.527452679112727,66.83718041319418
16.66805516879859,70.23072704652591
11.974168595293952,65.26513242171613
13.473796573085503,72.94566860272943
11.376010177399321,71.20123338298488
11.770717118022944,66.79231724445339
13.447834536097368,74.68155056056766
15.993950486398948,67.34781296609034
17.43394286824862,69.83557102495033
16.296645174564325,66.02533396784172
14.323443222936325,71.85908528794936
11.936613230359708,64.98929478587925
9.390637304935177,67.89085526217606
13.803658461677609,70.40991241006664
16.86045139254556,68.50512881383997
12.416562735642536,67.49599669212515
15.007747241879947,67.31351305870264
10.726512217094314,66.63085057218535
12.207657119541024,69.98441408053523
16.68880305635516,70.10216475612239
16.827050382962174,64.74677490640302
15.27105083671225,63.95187498920302
16.500528804210205,64.44258073261015
9.41288419610747,68.15184599990343
13.77958528116369,66.08135170557172
9.892215887036066,65.42480674834597
16.486818292695,60.992744985915024
16.289387843472696,68.66158708266957
15.924001334737724,72.31404063105742
18.008521119162467,68.02084851077758
13.436404395146614,61.727757305470035
16.150304017928732,68.71298428479379
12.751476525353468,66.11491698341753
13.858456457327456,74.2173910933675
14.366709042468397,63.45495989020644
15.560859206038394,64.2474012581145
14.92681808417866,65.11243044913307
13.77592814382732,66.38207588437415
15.215336841324508,68.86760881109406
13.438059245765473,66.3182102140562
8.170713703429449,71.54399464460765
11.721640950062978,70.78267000781145
12.166718634811476,71.37366453475941
10.223539443237414,71.79076711340542
12.906037835553448,64.56247972777703
15.599398914665066,64.9266644754558
11.805686654220796,66.51499499980741
17.267668555861498,62.84146219283091
11.212500450828472,69.22320329314918
13.406249766116414,65.78983317739421
9.964992290312793,68.55474095996493
12.432958485695034,65.37299319538586
17.83568050788607,68.47667374381305
12.242346307170052,72.79494945023778
8.805545479486447,64.42327813548613
16.76970962865191,65.49669107113913
17.210123567607653,68.48376084650023
15.570493263340712,65.66815488130871
13.391872742185512,68.63662796415524
16.488375134845704,72.49254242706704
17.27789215390643,69.55452661532466
14.73209840827372,72.71724249726614
15.993754346142797,65.85699591276706
14.824522645780613,68.55503898255948
15.259459565621844,72.71145332746643
14.328395831696039,63.14773628196372
16.708601753970612,68.85957171627423
13.467500272044115,68.128625966256
13.70927543447641,68.74943184381341
17.723798290453605,70.12891090567415
15.696847669150445,68.11139808414283
9.494546734491633,67.91409072581908
10.584979291839689,66.13310539678525
13.706427253409222,67.25754474984399
12.30598619953865,63.872587378750474
12.149207681434948,72.72036706404518
13.167060287145896,67.52334889934198
11.870846261577647,72.8682208583289
14.917594817171118,65.58677691725745
14.88290333801687,70.70609346121635
12.955642151886712,68.02347322150966
18.8855873298063,65.15674289467451
14.85509499260068,67.04650933592181
10.736104945323673,69.3498864750882
15.368292839150094,69.45100139950092
14.085887371973909,64.36125213951829
9.01649489146921,61.35074524413495
7.968831225063001,70.83963432521338
10.192622383493607,73.0527609673883
15.319327517257186,63.81911198850498
12.076319863311939,74.92877102750253
17.605422704314634,71.97918453957476
11.580514730218212,69.43895016226904
8.911072617750335,72.50135292867775
17.34340929648155,70.57521436590437
17.834157262313735,74.37790191901384
8.126057484923084,72.60492704251604
12.580656315384397,69.38122049091284
15.79593372246638,69.63135991556672
8.911155041150067,69.01491139347037
8.341404944971833,73.78422368506187
15.003223180961426,74.82934181094205
16.581082658457817,65.01107743046005
17.44856899565773,70.52972392509317
10.536648376576826,65.92646932549559
19.940355520358853,75.80892338041703
11.111925771588684,75.69254330920653
15.80665365263204,74.13363651789909
19.049815768354676,68.48330634196893
14.862831342988304,75.0964875192333
12.495756683171448,64.99210393735093
12.987085955172237,68.58622363830115
10.52023549647517,65.64702430118764
13.040928039776256,65.34743513924586
11.915330440798602,66.3294691655777
9.351470965438985,71.02347394042307
16.42122995153128,64.09046970942309
13.775762797025765,69.7697600807433
9.655458531606007,65.68991914131132
13.749616998770826,67.8077961873866
15.826102120263332,65.70961541023732
12.26638509718455,65.50106345683385
15.503402319217848,67.75977338979328
12.701005042895158,70.49037361635222
14.900202402116344,68.37051917058837
12.323129942987658,67.58862929062278
11.852857675153519,70.74351255958724
15.365882720235023,70.99580666181839
17.29231400798091,69.13737958924257
15.738051774753474,68.06991494126096
12.614719661873599,67.80970046476207
9.113667294163562,66.04929164464717
9.277290922753902,72.12269526548752
16.041731707712714,68.63333104641092
9.319473437310181,68.62351825905161
15.603863696255427,73.132878502786
16.584274062022043,77.5235950089709
20.59803350454799,65.56895785702625
17.174793564750406,67.76344796879125
17.22878925089051,63.707090605256425
9.708637506059125,68.16095109247959
12.43807495949106,67.34053607626292
15.928592048688508,70.35079694463654
12.803668267210428,70.61626426111737
13.995441045386494,67.28740093567879
12.43476216028853,66.22804668081335
13.772847459989807,68.6371983573173
13.461728057423834,71.80681470600432
7.957916231034598,71.58686095024213
14.99245125794099,65.84250572223593
13.818054069536934,70.44475147282773
15.286378771263013,67.9058815751899
13.858179159407795,75.15335525496624
15.421048446678876,66.77431122552437
14.254483277805223,70.4524162350481
8.526343106568568,67.41422705999825
13.229501168064944,74.84685782046424
11.222685861857041,66.33995326061692
12.886040657361237,66.64435807546839
7.186381698846115,69.55693683098784
14.631014320093623,66.21952021956682
9.400332541017937,72.47226564645142
6.383557015868856,71.71396485623761
18.622605661512473,68.0027084312285
13.920922712750574,68.6306521179522
9.734958621053824,68.88915401179494
14.443915277499809,67.46446782813405
17.0686453243268,64.33455940699193
13.88922641624918,67.32842369547431
15.509294966639954,68.80971610135714
11.28802590332506,65.98622742906457
14.875464709020063,67.38394431292294
15.57089847786217,72.28545069036605
9.862984195699449,70.20224547415407
12.746085612816433,68.06445236645742
12.182082912150209,68.93448474536899
14.964816690349819,67.00406209718479
14.50554707206558,70.49787155372384
12.61712496242283,70.42089969614314
14.523715108518251,69.43578180289893
14.349722460947927,67.19572670413484
13.884032586572282,67.43018279441765
14.007387128437673,70.37863766136678
11.41049260948655,71.96109797585288
15.459774302539397,63.903837791148064
13.665697482632254,70.4354521424138
13.226976624708202,69.57185263690859
11.371573267634737,66.26047888842294
13.62154730844643,63.95707975488354
12.912941264708712,67.66954526590904
15.184815668064722,71.25310425556486
15.688260478809662,71.49422870685306
9.662399059370223,71.99266712744355
14.8978577342138,66.82314333137862
14.172990463043366,72.2605954696303
10.835368352980915,71.6698878968644
14.750083012207664,73.524220804904
16.235728411931976,64.88489668705407
14.048377205247967,73.29036592679007
15.274566552503362,65.09748482102182
12.117093116718383,68.67287472587469
15.198438040339799,72.19719673131763
11.370304963806117,71.53373073343732
16.463199857910237,67.20623824674685
12.204800922477347,69.42492218139037
12.988652724164783,71.52697512646573
15.499569603648848,71.59068667424965
12.188600828370832,66.3355050235489
16.817355278808268,62.927677743331685
17.97521094383767,67.74396143092933
9.321219319026003,70.5787338350285
9.564656195881037,61.762692705733684
15.161811546122939,73.07168115824449
19.26934020193292,67.62736346033086
7.32685631838004,72.66232144615053
11.355791347891117,69.03367807228483
12.407286378231932,65.10183141520163
20.132778496780688,69.80839441224305
16.148141063898365,64.4722683398431
8.442276856424698,65.9590652112574
11.810834094748321,66.25666044627346
15.268239138977982,66.016639431361
9.56112311525939,70.057517251901
12.471315071678898,70.44143897653684
12.339269297501307,72.14913276368468
11.770706631306512,72.84393546348892
12.34103798914579,70.93559116942815
13.960236556129558,65.60401849504936
14.292374640713362,70.24732125728936
11.491664181966973,68.91293489946365
11.126047330140239,66.64038325389711
11.304192249507828,65.64662082180655
14.727557841686595,67.84519831594358
17.190298414112437,69.73768234593541
8.820124834297408,69.50418733993942
14.01608302307916,67.10251896519097
13.195294883296611,69.48466820626058
13.198100097358468,74.0321728243986
15.271533799542825,62.49493210713291
12.951438682863758,70.08942107814386
17.492370567181077,66.26932596110424
15.341780347596169,63.27777176068101
14.033239232603508,74.06661850509212
7.455863430012349,64.82020113685817
16.268238963571456,67.96992623721883
6.140113333779398,69.75648939756584
12.58171473155506,71.34676462760686
14.064325841623516,64.65102280290661
10.73033942558478,64.95781727928366
19.567953317800175,67.28421277341145
20.159425574086157,70.97399283608945
13.750301247558992,69.49662570778062
10.948030636657728,67.57993155104522
18.618678252202045,68.0149573536747
13.225609293880806,69.26804904105718
9.817922564953646,69.81878302746121
16.623116575262543,71.83845171523252
13.068356723457958,74.58278214891881
9.937799504068519,68.67938070892554
11.998969266237612,63.526131241055836
19.47901388690189,70.14923625212855
13.731283926352848,68.93407691679869
15.275112319852662,64.28887655025486
14.328027199617797,69.26402659400478
12.893621797177168,70.23033587202904
13.491194959704854,69.22642084999003
13.490354215386969,68.17689395045747
15.780019425887218,69.24858195576839
10.277610334255609,68.92938848985054
14.309354862222644,70.27246887780954
10.270916172825103,64.15499749840626
18.787166538331654,69.6598205207137
11.419422658135103,70.05201142056161
17.252263771858964,66.40415113848928
10.114208827281029,66.11987774221042
12.865800821137919,67.29205401479675
11.70310843745467,70.46652463801063
9.320234100662837,71.28283837505437
16.683965229912246,70.63864465209087
13.656341086563858,67.34926919455097
16.634564021721882,71.45187242672233
12.54664813501155,70.97394841148082
12.562590672867099,69.14330819109077
10.262673167434325,70.22559196401284
14.914453850515146,71.59091888388924
16.326634832664165,68.25222503661946
17.992876039425077,65.08427202620925
10.643973449588822,65.66928906547297
13.126729904106941,68.7487421012015
10.273359060663672,67.55516617408561
11.831857211143728,69.84110957543004
10.465804077620867,62.13646122252179
16.222934234694616,66.59234904804732
11.181379466844977,71.31902781502413
16.398605938174192,70.73491596837907
10.501678829496644,68.06860404433212
16.892333298794096,70.24927193124564
10.709189560151497,72.30915865520603
16.85331141559255,70.07790053009442
15.754043940165012,70.34700726214578
13.41699447377954,66.31222616119487
11.061980302136918,71.3232590950433
18.191766600467034,65.25509949537668
15.909716646010782,69.69280353726273
12.768430519489046,61.6916903965403
9.698155698299841,68.80189250403305
12.136552800472744,67.47448721646246
6.932842598812797,70.66000083343711
12.492418666875254,59.830137211610904
14.80713777862413,68.1204606092703
18.350792550546192,65.24026465105372
11.704612270388601,67.68782576454923
3.4901094913526283,76.47844560053969
16.650538389900774,60.59961182528176
10.27646831304865,65.74178623138205
12.657095337326059,68.90651458107813
11.899017035060126,70.78641309752167
7.8453346211342225,66.26953487970628
12.64999580141019,67.55684886929599
11.454307101240573,64.80911141099672
15.386071004513592,67.38811886203578
13.558777452752002,67.6019778326861
14.83841476300588,68.02232553506344
19.737063122809072,69.3533102845871
11.24781788130708,65.56176269209148
12.226682437614231,70.0823600068487
18.304805805355915,68.13933580613016
15.0663305941769,69.7481297649696
15.007813346362418,69.31469942673576
13.488924457638825,68.86396899434277
10.127862764418449,68.710136496868
11.455072925499891,67.24107433411676
9.752513368798557,68.35640032911736
16.082462115494664,69.4120512730958
8.580519452609135,68.34534357849815
8.113677634389926,67.96906449097429
13.70342688365788,68.34826581227567
16.44163839247052,66.81423657132812
12.24364751997443,66.20891818328322
16.8104939760841,70.9261178974411
17.827854270225842,75.14729360769651
16.847039268859188,76.03341460902026
12.855378028794087,71.48996158502057
14.646800163879675,69.89707803685576
11.464689123490231,66.79246549074632
14.027346568007722,69.26820759184902
16.8468351478818,65.27869402810295
16.4120433179995,73.39082065151621
11.27885446627461,67.1885436462654
12.734297662231922,69.33206654267433
6.435054214756362,64.83756631734278
12.915991984968228,69.1832274548551
13.970020899829638,68.56006706165836
7.813071643543536,70.48677707716206
12.116426792253467,71.25152213949988
13.66363396986791,69.15170858735749
9.388764385119877,70.10503209071194
14.648064430571393,66.4173609410511
17.464775299762923,67.87326348730383
19.018090913714264,69.11406905862444
15.405717846976922,69.27209564062403
15.687779004082191,67.90988251002943
10.67267952917916,66.12601611343553
12.702506618691562,66.25570707463572
19.259122861989518,70.16708268439278
14.012468199311249,69.48426602230988
12.477195511710029,66.36505442863125
13.207146051683374,71.70056142137949
13.000008849458167,70.3463961151224
11.868630942233288,71.67668600802355
16.99175921816299,67.32191209714806
13.138395755570073,67.32022930612459
15.310341014927118,64.48870709833425
13.006166993070993,67.50298263045107
17.91051318548932,69.39068526682462
21.993008865351662,69.61185114591957
14.001537214925774,65.50574394815139
10.988697179661862,69.21101617215149
11.275587544315876,67.37310015857712
17.392152019340138,75.07229335767587
19.806569005136772,69.49144416337147
11.538028920993547,68.60146451522425
8.96021626613477,67.15844353653037
13.564623264594916,69.27650705880994
13.086614933143661,68.99216048307879
12.313472599802136,69.0014694586866
9.20511211390228,68.39526383649034
19.584099359639126,65.75839892375522
12.318228660786412,62.99078851848171
11.188753638414774,62.65947212301765
7.252074286710172,70.59860208747895
15.671012597410492,70.35643649264715
11.33209353760238,71.91348673455066
11.584234224101802,64.3928962671509
7.745650077484281,67.58622839233536
14.364061374334124,66.9269623601712
13.788091995672987,68.37872126188577
13.279783856233054,69.17732137422722
12.004249434740542,66.47081065357352
14.81667465960125,66.70458785934663
13.683208266268341,66.55460057787558
14.571130241371554,63.88455406997551
14.736751719027644,72.0357896371011
14.833435404805991,67.51486600897466
10.763891438333046,69.26719947806406
8.300101651396998,69.63854823668174
15.688362281583276,66.39872018285854
16.148971319083188,64.94289478069
13.963739572986338,64.8780178589318
15.97699105677139,64.66885603941782
12.626168253328675,67.89800146511116
13.422899348159381,70.45303252558638
12.370161521695309,70.59160894825092
15.765718059719255,68.79650263224022
16.735619591027575,66.44051219474619
14.216944248548804,68.26067551869943
8.973273377963661,70.64599438083842
17.10487116842244,69.89831355689776
9.967489199438976,67.8111328520598
18.018124296397072,71.62890039030331
13.982919540260557,68.14569875339613
13.152591321281175,70.71888344541232
16.436551771859826,65.55730757029578
18.250365720592395,67.38074189200638
15.631178874507572,68.72154911888843
9.68279548768064,66.0436420581359
15.16966257318856,68.5848144480728
11.409649706112074,65.33878545297513
16.79330916811614,67.5375821184107
19.28821783393443,71.86992614742887
10.054130661360716,70.75522605057853
13.431367244623896,73.19222724461453
12.149762656876002,66.09982384287596
12.506584765270352,64.99253969195868
15.306925294961657,71.95344875241439
13.24056909413723,65.85123073932328
14.564934261904588,71.3715644152013
10.034384340506948,67.41907509526013
10.325411025190327,70.35793079387764
16.316399781508373,71.89505791652277
16.290330669931862,69.04581007478855
13.324616958199334,69.89606243510677
12.243520857080778,66.30266032980788
7.53888343655641,66.0535961110443
9.153536264831057,65.68893309642841
13.544672438176262,70.52953377976645
12.701521383124382,68.17253772130408
6.666035135277717,69.37335816152682
11.18838414763259,71.40113083643612
17.573928148428923,65.45658393951037
12.094178456878874,70.70596971690905
14.44181595537954,73.04945492027281
11.391866688832007,66.70176698418925
11.787914091050057,71.74541191758335
13.132195895333863,69.35014406941316
12.919825707279527,67.97885894885303
15.249541170182074,68.42709790708837
15.113243687011716,70.48733493168822
9.884449452808855,73.54279178402595
13.718863155712505,68.38502117281875
9.597076952310905,73.26041129700202
15.580536393543678,71.7989683301569
15.737776714073016,70.01944274972296
17.13748960614725,71.3476810792666
17.41289553580598,72.88007650618108
8.911644969311983,70.11062357919121
16.05964775023573,62.405070499190174
19.093882067606206,69.05706240459298
12.948630794935498,66.07270634733482
13.729220957082555,69.71133010724994
12.086523519712115,68.09386608732987
12.591317543034052,70.97153789208483
8.300579782900858,69.53716272350003
15.269955417513419,65.39423210608483
13.007092423298516,68.1283864981969
21.093608834593415,66.69227559160151
16.237363469876424,65.35956615750665
11.57798993530884,68.58139940177035
17.120476741924236,68.80244693272263
15.519635224962183,61.806737365904795
14.443126510328026,64.43309284054986
7.691967694094764,69.48708637557512
13.35785817950202,70.36854484736496
18.071354343273885,68.05006517430837
18.356734515457386,64.89617385827763
11.985314748922342,70.22413399679071
9.24784969749108,68.54793637638505
15.336518548459617,65.87565794768975
9.024225793339141,70.45578587504878
15.084003013030008,67.16519774396758
12.846685746962248,66.45987225472767
17.61443803260827,62.98807912327329
14.707824280701338,67.28791440774044
11.409542177309396,67.5853854196207
8.818915071022662,67.9610958307985
9.906046441857079,71.70838059599635
12.673788841513145,68.13853984085794
17.001168782794196,70.86994566794615
16.01941736802419,68.43366387187235
14.697371844044214,66.22870089877695
19.054036081726036,70.19066385812758
17.843417322345328,68.19459317345787
8.460477077361995,64.27033578520776
15.329194972303581,65.46263617713572
12.824292792317047,70.28697347889234
19.32938729386356,67.88946607108898
9.277978895253385,73.95130399580809
13.193605677674151,71.82163201185313
15.420926609881747,68.98393939396415
10.41275290384339,74.06655343459512
11.550685629151436,67.77025890584687
11.40165078293638,68.34979798762197
12.66896702456347,67.79878173324585
13.890198691831161,67.10142751060981
11.189286421753035,67.83355732992582
17.582784756001562,69.89262480292732
18.09798283499805,68.6741046410134
13.575296001720561,66.12936277185037
12.603390643696205,71.68863560612623
16.48917088568416,74.28675365199867
78.08876349188901,68.0680890113025
77.08597794043337,67.92013783102237
72.10494581689117,68.82688214542428
73.76074691859284,64.30973069240649
75.14220831712758,71.29019001582898
78.7851027553554,67.13579751324058
76.72608862896692,69.24800325147245
78.02858444854577,62.79788912378747
77.11491390182874,61.381989963626125
82.4300447646034,69.5578719167356
76.55475455659297,72.15400874102181
63.82238370205944,67.19923496749378
71.82982889041571,64.83084943417526
81.64162212218517,66.28585078235521
79.3083574853397,66.81556341122344
78.17091616806665,63.74039286316855
78.49994435454833,63.9773909164129
72.15800681555626,58.45931239327877
71.47403298251761,73.91101730396478
68.46175387932557,65.43182630754698
66.39825303212677,67.94737427550336
78.39545572275586,67.03514042186296
66.4490725247645,58.43138216776148
74.24736866628542,58.29212288874123
69.10069493847378,73.57733165671277
81.31722778259662,64.7283261791142
83.23331615356844,66.61734651457452
81.35312915429353,73.84873799574031
74.86923675288075,66.01881654541175
72.9991055859416,69.71981353905838
78.84723541816851,59.81079814051405
80.27386952134279,69.46138893613325
68.53954284692178,64.63097028581622
74.67815262914877,64.38221494035496
77.36968107838729,66.36453341103451
86.11796077066685,64.05293360135147
80.00992623247585,59.66762856791523
73.42695566008902,70.35545870094504
80.73376558262558,64.35931245175514
72.13344830242671,64.97709390002596
78.59367822298599,63.235482115792934
76.1391742202792,70.18014117704448
75.2938655573921,65.59268621173274
79.0054375236641,64.15583690448072
75.8137269388466,60.417419474183596
76.00863170585433,68.35168798188364
73.77344725261433,59.94740704710476
80.46879539366613,70.80157166439017
83.42932678947301,73.03803424444735
79.21723980864415,66.26758750850333
75.04228655219528,66.65625020750696
80.75489981962684,60.14649658233467
87.96812717412685,56.40541732252059
76.41446079747375,62.260397834661504
79.00601547182623,56.62685035869252
81.04877953317313,64.4144420100257
78.10454134798086,59.90623927829837
71.82430615975677,63.424956102014164
71.98257347120122,61.90704712837
84.23423452349586,73.40003248681194
77.29339549934728,68.68857374274776
78.89105522969949,69.26177430971593
78.31267900931834,60.4046317891691
72.8600591839547,57.80242492226556
76.05477982060614,58.33509327842274
75.44110280519388,67.83970484756004
77.8024251031901,64.78813222454066
76.85988047897742,74.27674305611694
77.84474313797425,71.17838305301379
70.7727723958869,61.19772519652822
73.77714684900997,62.65235298342738
77.72090429887692,66.72546203530734
64.85096644998839,60.12694429450258
83.03248282740671,67.03134044398513
65.49085005869415,64.10366271902328
76.38233604496482,63.28608721859061
72.19735685495883,64.08555579090093
77.29834064554191,65.91076915886889
80.0673521137836,69.6481128665318
77.7871651385105,58.106411262357945
72.64543831275184,65.64074612003813
71.82018573539486,65.47351651796252
76.42770421705818,77.07121144084198
73.47453234797202,68.76774013899887
71.39938678982341,59.78154928497844
81.51302932864186,64.82853129334374
63.14836909849288,56.040317383076484
83.1146422333438,69.54285366294718
76.82856628431851,68.56852310316168
75.3302615203659,64.90123642858111
79.08718371820176,64.40159772030636
80.50025215883403,68.68725726431303
80.58581712151906,74.10900196134469
76.22202076715259,61.63941409018815
79.48811240598152,63.470246449944405
81.2263559546739,65.66382430700519
80.51445723928039,68.78864971594157
80.44698846696451,61.17144118385064
76.35930858501065,67.80332689328658
81.20683079389465,57.22785375954272
72.76228980399375,59.885753025003886
81.232117014846,57.71065208752775
75.8664006687755,64.97434375543438
75.60727830309962,69.71392184809314
76.42780992908612,60.69704160477285
73.46642340539401,62.63659643087968
65.58678176008085,58.01775280930388
75.50728834339355,72.52541826773268
69.13287700251246,60.808459795916214
75.48326246375356,61.63352778634097
75.26557866277676,59.99734203646664
83.18735089038682,59.16357030288672
82.85941946986908,60.02123693470512
83.94169118909356,64.96666684739985
77.81880943923801,67.27120018035437
58.463478323916476,58.745262543564294
80.83486892338155,61.48188428522793
81.69608161030833,58.84522323795021
71.41458688351351,66.46441783942464
74.28669896809775,66.86359001390284
87.85755685870899,66.95387343542886
83.76934069388147,71.06455046599484
80.51693288826769,76.09222630855777
78.38836123022602,66.13101504460094
82.34152324641445,65.52441603894539
74.93652906386498,57.9694129804569
79.4479102727222,66.14588558327827
81.98783206134749,63.20597891376408
84.02791282013955,66.89041779146953
74.94335723574909,67.33950101766965
76.31680708842204,66.38559190186794
75.70406813873944,65.33917277581223
84.25472645322618,63.35913081170222
75.98710804453549,59.71972207113973
86.25902066252954,62.644074137963884
82.32047536846198,56.37769835613915
77.6110901959593,65.1432040485135
70.16860928892466,58.795025345108655
75.16151151285659,48.92873179230768
79.15730993292574,59.99625304950054
78.2662994449535,67.67272315205884
77.31999776509623,64.81105152649077
78.98635181914355,61.88589087877148
75.55961116105148,59.48715397823601
71.48218388160777,65.19226774053774
77.41368491081451,57.746325816561864
79.10769977027539,66.36535366177748
78.17144178893729,65.13662850822377
76.7791082273559,67.18596860830186
72.8567869727975,59.604951619744995
77.36044578611224,56.928933060909195
79.21645379622568,62.1799718070579
73.77282265351784,66.79291197958194
80.80249598900593,66.47065738255154
81.4436781492313,71.06903499177125
74.206368884989,57.64875644637436
80.20214008698528,58.8660838356958
80.89749387258948,52.42485241404135
79.25611385690674,63.65536739460366
76.61841671672106,60.468600725085665
81.19180218743055,60.16399829222074
84.8758521743133,60.39966739648415
72.8844158918802,62.15347892359407
82.38183924228099,67.90839198077154
72.4230726054065,69.2166616458953
77.71035224203989,64.81595673698479
72.2080461570116,67.09132697219817
76.07437535592535,64.42848002122444
77.66814681876352,72.29331754416236
76.78702050315587,64.4687447537499
76.37966000852558,64.15513626617181
74.29705925879112,63.2991791595647
79.00774042974427,70.27386737023542
72.70892134295714,60.110023516016966
72.97211150572554,61.42913870826944
79.05173647496208,71.49985411100056
78.53866271545252,72.94048552310024
69.95686563960516,65.11357716240202
79.7059354450064,66.17739902412701
75.99281141214732,67.72223826547362
78.95260060904286,63.17980002813496
78.13417219279789,70.0649258579919
74.05208031201549,61.31275018069229
81.83227099459846,73.40315537823783
84.5478670341599,57.61999884442737
73.96182065141073,76.44897776437135
76.91686108170656,59.341179550114845
78.3353127509443,61.75026823289441
66.04457608336321,58.449591375208016
73.33974641915417,55.43169846406075
76.8931434865902,68.99569369383894
72.37466569234711,58.14540774856718
79.51374389657536,67.7974834196102
76.43429182712335,71.3104350178356
81.97077116900033,67.16574040653839
79.13457883783383,59.486815260497224
80.84007850638254,64.1286633798199
68.57828417208026,66.77689583168494
78.25970294176537,62.681697356819726
77.35122881796886,67.18477938057859
70.83658309448447,59.19859456218698
80.7539797971011,72.96472061613879
70.49459314199852,64.06090231213511
80.38984701918409,63.22331414377119
79.59640316853722,64.09802281854478
73.6470870123654,62.51408469038511
75.01029438935046,64.25088711013942
77.75043718358963,66.59246023228117
77.4659454702166,68.0658843420904
75.37214174036932,63.033204925069505
78.913750559752,67.97502977386284
82.29333956601654,65.7069519077211
78.00732610632372,59.176445204488346
69.0866834745674,70.9446889190975
86.29724454204641,71.06033686321999
86.18672390827781,68.95139327349688
75.29711304961103,61.9425553293133
82.76859718600613,62.59198164349542
70.91327556353038,64.45816833794473
72.69680341389937,70.81137262843224
77.96618145900928,59.650119888363186
75.67327424192577,59.844405336915536
78.06969648744244,61.736439983112405
73.98321987381613,67.12344216977309
67.26728433373196,52.81750065096824
81.27649833739434,62.77007425916732
74.76128658967868,62.77652730924753
77.53734743473821,63.976449232991335
80.97772955717817,63.38145907995683
72.84110858035542,80.07879424617305
64.74389328315539,73.33932492706805
75.6172400994264,65.62804345970359
75.5363825294318,64.54397400773574
72.31350473966786,67.84278690229797
79.21013514717073,52.600588177164425
67.73815845176186,65.45918116166712
77.83804933749815,69.8533016556209
80.1621113928825,66.6152724973149
68.92956024098548,61.26116230262299
71.53110934529886,61.860503915302246
78.82837351092795,65.47648550184918
79.17773398264413,64.31442442746004
70.71783475634973,66.01318464587047
68.99694569534041,70.81651112481269
72.49058880636393,55.81069928942587
79.52485642126413,69.76967745760743
64.2977188571964,62.341179786326784
73.86762667771619,59.26366079958336
75.66423408303869,64.17220803564277
69.4583926200184,68.53148077639813
76.45730610348988,70.10481302806996
73.1350765462858,66.21579252175377
76.40789452550973,72.81398471207295
78.70852397850066,70.364810526147
78.58626821296193,67.30706515247647
81.53944782244017,67.98494877228256
69.4746635913337,65.34608317710583
70.03311709014687,61.483755523299195
71.90087317611568,55.33676253864254
84.31280113737002,62.752026923555746
70.0596674607081,68.08344689804008
81.23904656473171,70.78712458334041
77.92989041863571,61.55800610319104
74.42251545509507,58.254991418224684
72.85333431071376,73.3739254307542
79.63957104277848,60.58403455061145
76.88590567606403,61.74892184692865
67.82272592849424,66.46773011649745
77.93165859148058,64.51515634934366
79.45491914452403,56.40595740208849
73.71196502896781,61.00997897125864
79.83108325845245,63.81162300566007
75.2291771399188,63.542274592219776
76.81306362314118,74.0685754000376
81.97190515238736,62.45068035134161
72.06906161300454,61.705606624676626
80.75113576486996,64.23956349239678
74.63887279354503,69.0897890393284
82.02526967743967,64.51763089647432
71.7194477895908,55.675691100156385
72.91381248917438,63.556968159054264
72.08917808837876,50.44906825905336
72.580127824864,67.42195261247825
70.2626513190164,57.36755597219599
81.96519754568034,61.34679126420119
85.73284078617901,55.64889625169492
75.81931703031042,70.12539346633685
69.75333153493595,62.79807219649681
74.07420323722025,62.80063677317588
75.42897789825444,66.42133480992763
82.73197810777467,68.17786709554743
69.88404243049209,61.28155188564595
72.15455878577148,64.50458681319174
81.65293261971003,63.41074567207977
68.8289155322142,58.61569018666133
75.3563121440631,65.58481522434822
72.65735059116112,67.73624081882159
75.50680368374326,58.51186912057449
73.85098600276292,65.3700553626185
79.32973530007837,63.48782558867042
77.94920492739807,63.56399122553007
74.304373479234,51.47387030554546
75.41380883807246,60.78739645183748
73.20998631934582,68.8349848264888
81.95478758556146,56.76570315870832
81.06908075265295,67.02216371094106
76.08689175187872,58.870807360240704
84.00206725002514,71.1812201535172
76.84027458308405,53.29659216231429
77.86223570363033,71.80176703373238
80.00699710190828,69.65073302473732
77.62822869026522,60.38731510029146
77.70965315035072,61.70726147977785
69.3967660533327,65.94705486007999
64.76803855571889,66.24800909226123
64.74200291160436,62.5715834297525
78.51923617365564,65.07588472038213
74.62627211856096,67.23353338695095
72.44920559001741,60.751423738426425
69.32456231700581,67.81875761743376
73.79164271708645,65.06372680014294
72.5453425668338,70.90381726572996
79.0916950818788,68.03035761850239
75.99786787501665,60.37183520655255
72.29102096046458,75.07177709001863
64.03494737683413,63.85535159467376
65.3542687035704,65.33481338356431
76.9658655179922,60.8460273649019
70.52980217198544,74.28881165354642
76.6741117947432,63.96439596085195
74.51039307011806,58.54562453753754
63.56396493567634,61.43641431143155
73.07028641404828,66.853624954667
87.94758638943588,63.32121831703459
81.89263308487348,61.1361966789653
73.96809443607513,66.60997774438593
74.51528065844961,63.288029877562316
76.98127183361072,56.61205297111126
85.17912924714194,71.3186870735774
75.02736122680608,64.65060547366905
72.28069288487485,62.840784820803165
73.71113037383004,66.05888460451303
77.99579010577013,70.21758798654034
69.31431565558438,70.80106297976376
79.11347174696685,66.23024069686082
75.13881465427299,63.20803559852857
83.16615333937935,64.14486059667823
76.10509532863655,62.373402113657
79.68963774509294,57.38386217541684
75.49499376918968,53.888877923732714
78.21574411954728,74.48775510532913
74.09744054897182,72.3151146443376
84.1394261262151,62.438568520934325
75.44991594431056,66.8126430231418
77.55830884135013,63.55091543869422
69.80639151295242,70.3835380808966
71.24738233330288,71.29812033900417
73.51933025350192,61.52447252777903
72.27314106410667,65.78631214220553
67.34309315312278,63.472901041498694
81.34413962592781,62.96906682525253
86.84825985187877,68.87517174494832
75.70422678297173,69.99063603682973
79.46255991753941,59.74128851015069
76.74739605726623,62.28773121149448
77.94910376910221,64.17663053216575
85.99064030754495,57.955999726224285
75.61838347228978,63.62931030225417
82.15127169271383,70.33285287854363
68.82535795407892,63.82611520506948
75.49577645692976,60.351608432594915
72.97149517438962,64.96029415786795
72.84592588526327,68.14435134083605
77.61128912831697,58.724339989563816
74.30363402828908,67.86995693254505
73.22603685038979,60.29878243617128
81.27172417963934,63.15527218712869
75.01942861344199,66.67543350622108
75.22893289664876,61.390460410584346
87.55019687665998,56.04486939969056
78.49414754073372,56.0304293276265
78.47399517095121,66.7463166396155
84.12700849291583,65.09061595183796
69.45730747169243,67.26125118113255
68.63141035568265,60.41258001357162
83.82267832359624,55.986709794541255
82.85948034986887,65.22196842196931
80.90240389754895,68.79057040041755
74.38768774132723,60.13493733537927
71.9364584461488,70.29470837014756
69.94993306683106,53.23722538357414
79.98196835904285,65.08437071955704
78.20400570468944,60.11673761383902
83.34886060035264,63.318270299130866
72.40997526644153,64.89797862762516
78.70890433276186,65.94342088124398
77.5188475134684,70.9688339731298
78.39209620841397,67.40043390237506
76.09293225433498,59.86001404870151
77.05304230363943,54.03318379098265
66.25271587393112,56.485062900000614
74.89335966610255,68.23162302033643
74.70140760294714,60.645702201904925
74.57771759049916,67.99689489820828
78.37057978486209,62.68361039861107
76.54495218586042,64.2179199787419
77.86375446948924,64.64264686689675
81.99173008239183,55.10972260248184
70.72368500395838,66.20313297173412
81.13918658710759,65.8850869654428
75.2827987561362,66.00764558436673
82.22563632362848,57.19168167820298
73.93000870722574,76.44716241797929
70.01242939878532,70.38359956378255
82.19615344769701,71.53249095180766
74.89297612706663,67.77444574310994
83.02465306334139,68.02269839731854
74.94999865279368,61.8995653889463
83.27707366355989,63.0754100490092
78.05958384058461,63.881155040923616
81.9172254406044,67.69986134154209
83.27322960156701,68.17190164072584
79.60774178692583,65.43458394547937
80.75856508964686,68.47209059781252
71.78284869755647,59.20882950174132
73.40264415373622,68.84907677349265
79.35013080951335,65.67489129985222
74.51463905171093,55.22580298395015
78.53190514239806,74.3598916922325
67.29574003244939,70.14241108460297
80.14178410577142,62.1926207002502
81.48562435880925,62.83335058388253
75.79132893535584,58.474376493284716
75.45168440517718,61.88855344102527
68.47372848638096,61.80667747471429
74.53197166494819,55.874153847252614
74.56192268906531,61.41376509766882
81.78091060767083,62.76927547367493
76.09053351648528,72.8349430279179
74.56463083080588,70.91649696554626
75.44707718989625,67.09433624448886
81.70823428661372,70.60671746747599
70.49646355818703,60.872167016751156
74.84596678486801,76.86190788381735
71.87008441768607,63.404616136662646
78.74854233180443,68.26781813468808
78.87444262040844,66.3608416056543
69.57759761004081,61.03612204070545
73.35468633964989,66.11128825192486
70.40958657754928,65.76537357729505
75.17640435131946,61.31984302171362
78.22719568928942,65.94321745955456
74.74452685452684,58.298712513359476
73.4318760826907,62.36609606131321
83.49080431969244,69.43308200076818
75.17124287830912,67.85648702275705
85.64174634253186,58.98653023784253
73.93529271398887,57.963997352436316
76.12269481453127,65.42731958303594
71.38448008672692,61.29513523943897
78.8424471988545,62.47401934312101
79.03270981458874,60.434069404224076
77.86792818449143,60.92339809698167
74.36090893480714,63.2955390664919
87.19244340122601,61.208519750159695
82.60105122099688,60.13783767211285
77.22717118398751,63.796720836950115
73.85862357807781,64.70751226388823
78.1452696646657,63.46422291422626
78.52831570650541,64.47186935260797
74.24664126178628,63.34740935393871
76.75100243889851,59.809791894058236
76.59620409308204,61.47936719497734
67.7577449365647,66.56830405144686
83.0524098309292,62.25872885270701
72.32420656074483,73.58462852215136
75.37305452387858,64.72996297726125
71.91406088972191,61.83375226811374
67.73493612048856,57.5801625588004
76.55653553341801,71.55250424635966
74.21006707643872,64.67974576923902
80.69877079012916,62.21773961861175
78.83017013552872,56.81272561266932
73.88242041519415,56.61677298110855
76.95066931740756,67.40300413528993
89.26025015452291,68.73698268182535
86.00549788152304,54.15447493596851
72.35164158723558,64.51458791664658
74.41192787479774,61.619155872355925
80.63923218287175,68.90086807825999
81.75927562644243,67.7918119197457
76.66628906968583,62.162214605230105
72.21671156979735,68.19528680696253
72.54744158082866,57.894112018903684
70.74216256254574,63.59670569768631
74.21435801335605,69.88413826876001
77.24330406301367,60.88173510497315
78.63217096245312,63.59534942660584
82.82598891092758,73.13863109993873
73.75068398740657,65.27609137337436
78.53230743947606,61.57966458815109
76.89217333864676,68.52459383586432
76.42341034480869,66.63761024139312
85.5351242800447,54.64096375991926
77.68299894774043,62.23779108059007
80.75976713409167,64.27330004192281
76.30528155264054,58.573556084874006
83.1928539619031,66.28336876432921
64.72890909922714,68.62896081072118
75.18415717313735,57.222767944137715
72.46993127135444,66.92250281832162
75.85725336659114,59.52150478501469
79.72507395279179,67.29204147970668
72.78723846879028,67.87312263595592
78.01691676906906,63.50937295526927
77.90291721463352,70.91369997104998
70.11548735497188,61.6534601833659
73.83924302220343,67.50641089184005
77.34206687608382,66.98979453136276
79.14846384038387,60.106961566676134
77.81576849277667,64.00899056368434
67.76582137081661,63.432119290122166
77.09116636143965,67.29484175769096
88.26447335335492,66.2982542910838
73.3647873999055,58.97326397507088
68.62228334178154,62.097505485966316
82.73152271448232,63.705804205189864
81.9990851472045,57.518608678027746
77.54058587557387,57.397562657417595
82.30870586993039,60.95331040140875
78.67008575145519,62.1161627116622
80.34706730191671,56.176779991608875
75.12909843415522,58.45519925466844
82.06247891028123,66.06864055536286
70.02179212894642,67.20157475065258
76.38522592150457,62.39745748073165
80.99499147139497,61.76228987875031
78.90674377308801,67.78543920007542
33.67030015497464,22.33283600214355
45.43316053209551,31.833829519242105
47.69987239772909,25.292082620049104
36.99088750676226,33.613979843676276
42.246834290460626,21.527672978448294
28.71516640863543,27.5572556602315
38.078412115611656,33.70140216256476
42.574432155849564,29.863377673720922
52.792736770671354,32.763774533383064
40.80387441353638,32.693958512205846
36.1427731258019,32.57585279768621
41.046027261502424,31.39435302937308
36.38773863589047,34.76303946399667
46.934542895256584,25.88932489624907
40.90407371786019,23.064063718847077
37.46694716088827,30.172219932856425
45.13318554966821,28.913961332686647
46.245076387503815,27.539044068487257
47.65267694511379,25.613271529371694
45.85208303224252,25.53422061589395
40.593749310180264,29.378850518087834
47.84960903200377,31.757007046617463
31.82264544154844,33.06579463711581
40.25176755850099,27.653999502985915
46.80084365376006,35.08282937684967
46.72550629905767,37.728412536670184
26.70656323361623,31.52999193106844
34.92763244307265,34.99219589101382
38.188093850822725,26.756623754964597
34.59629110692121,42.01901969272424
45.46700038143796,16.753527976778
43.34192988469231,32.22063897365916
44.98934837478164,19.480629578881874
25.84308607472591,29.401306640250134
43.15438290486135,28.280355683118316
43.73935014139124,17.884164424195113
44.051933255160364,23.861774582034933
40.3471346445059,29.378610855725658
40.92261755904393,27.07233539506935
39.93898533082171,31.674390468227948
42.11087900899252,28.301094983428634
42.74080767415697,33.27632212560233
44.11793203331369,26.22322972472836
41.27114844771584,26.620839973657926
48.87436214171965,18.801440047669885
44.85042705889999,27.345092382254723
42.3187348055962,23.999560683508072
41.56956280468586,26.231355325118273
34.59576483317849,26.25958696400898
36.483212149967876,30.017232436650293
46.60027668645114,28.27321302942237
47.61904500519766,25.165777450378904
42.46271208740688,18.649327313769536
36.02195739247518,28.843052768626304
40.37026443851039,35.576330483266986
40.95146923337265,24.679527653484296
40.230447356969435,29.834860217373485
51.396421533817005,24.15624310000632
26.03840173820236,22.616318702552892
40.11859324599603,28.756364530216064
49.37551073626545,18.42477512333323
58.42471621866588,24.084050196933603
37.41045899195423,32.484174383262676
27.605243730050244,22.576937102916578
46.969540335595816,19.49892450982137
42.51773201790939,24.041684695401912
36.662733108732134,35.61070225133216
40.14458672765127,24.40079707242935
41.61580615560231,34.49656182683385
41.34684985534456,24.75109578249571
44.94378612305556,37.05523491034744
37.92354715137609,26.118722038099033
47.13442660528371,20.248241864383694
36.77492157541196,32.802945533322614
39.915750598908964,25.1245389710388
39.983232728925806,30.912196534537006
41.95343186569623,32.09815559704838
42.16589412677359,19.44262203915788
47.85901002208385,26.419986541305768
28.229020905538775,33.30995236094878
39.19642213829058,27.447924841419496
50.07024929219152,40.069450064412436
52.58991271640783,29.113514013593832
32.17132751616504,22.18716587309593
37.919752722589664,38.66378267441757
45.478239848706636,25.772320892163684
43.615819728072466,34.762253402518944
41.7238364838573,32.977063277606455
38.3785449422725,18.66197718449353
50.092869916302845,30.17374938057523
27.774131836033547,28.995060036990232
35.454154452171174,36.28321070813237
41.46778984662077,27.31041485359828
40.92018451351355,25.159705797368403
46.23451564597658,33.92160893799253
41.978301417385524,23.59910981541745
41.01476553210572,29.959417519908428
39.71985665277059,31.861129530331755
38.27732436940497,42.581422867752465
47.06798973907603,25.80377240054427
33.266895392281064,20.6071715105382
48.14041905161109,36.581944726126785
41.06831230025339,28.885417773889113
31.953595767730654,12.551562686756466
46.11471392650071,27.8669378637137
43.014567950970324,30.407591087107722
42.60256737146407,29.09127960019266
34.9384523606287,10.700683915124376
32.80687448405608,24.884363555252193
45.396349175575395,38.439426696568454
35.26096317071688,30.43463193109873
38.07802452815631,32.50266357852332
38.686148692806434,30.263618578977784
33.09755459947003,28.513513564670664
51.39336207838623,37.448760632661944
45.042196134647426,33.14252543707203
37.009090913048546,38.786621185226444
41.545151840750606,31.727963595589895
44.6690122827196,22.247381067902545
35.118282648603085,27.355114859401052
45.045568890060984,33.056754538510646
45.2001291271059,22.524553467973654
35.95627529452935,25.589314712161258
43.5331090979544,22.90281026789731
39.773628637261886,28.333527853692217
36.46826773958577,36.70707757285141
43.71376532898628,33.03505289241569
39.91598060140486,30.742161195814738
49.509050680623076,31.93442829784448
42.05097899144468,24.246834957601543
49.19267918730759,28.723845899410414
36.45899198433039,36.757518761927344
35.05919697941293,31.247769512889437
40.40143104996178,30.69904373414015
46.5579989022335,34.892295524500376
36.14392989692657,30.813913835441223
47.308541488104204,26.901639798255182
48.86299819845653,27.298330859400014
35.51889590394311,26.32970237698967
40.626057817616555,40.969768350404166
47.737537021521156,31.050380414381028
43.52470911507477,23.58362982331206
40.221488364277754,11.315610919838875
43.607281310592604,31.463190939316817
47.972257136734555,25.817715479571813
51.06423993956059,25.43767168425279
36.684036943793394,27.380590066168452
40.00308776342511,33.4937378971285
35.757388929480285,21.71261981090032
44.71815672270339,18.114121160730704
37.73181286259927,24.11493468559624
43.37503810587803,29.168467103985176
47.62394253421354,22.357930545841683
41.89537764152975,17.938932524884983
41.338832172169234,32.030671787173766
33.020445728542526,31.85290315547682
48.61567863269864,26.608467841743057
50.95214757822605,34.788178889152896
38.936081525384125,18.544308501837016
29.612987509784954,33.65023470057319
38.15884856195366,28.674806606217658
39.26091681165192,32.46703184520362
44.94198013810009,30.478404055682933
41.36314585653217,25.53685096641973
44.613199927840576,32.951279756827404
60.07648949256995,31.83464975373372
34.72580154765059,27.18928048398314
48.91907548199811,38.72490767443102
55.30546613072485,22.219557707548084
43.13128694560936,18.106477527994432
37.70135962210619,31.529172149218734
41.2689496013003,21.864015112654617
46.722827217267074,21.756927245282007
44.027485491159254,34.44813395449789
45.04683621149705,29.490467791920537
49.53077819393668,28.487953417947395
39.4206899835493,33.30700169745003
38.77746094222644,36.18644925917384
36.96113538631051,41.08242955216137
47.49178163640599,29.711587912823894
43.3708783839452,36.54387221993405
38.1752611016863,23.257374832643706
30.609699984644475,27.441265328661995
47.77361839024805,27.181085280784625
39.67521107092811,37.02087325123066
48.741461786414334,27.73565153846333
41.49059470083584,39.066485135027655
43.86326665378973,27.363275613733137
41.65607252818256,33.95866850493934
44.16483919468601,27.112118914661952
41.146865874135614,20.608015379507805
51.57692400632201,22.759704271614677
36.87257335269153,38.637120233101584
36.38696547732616,15.637889577483525
35.80591316828389,26.881602932363737
38.965132629706844,26.291406547831556
46.798612341641686,32.71780406953798
30.835676480665704,25.70087869570054
41.594228789919846,27.673082349517017
42.286770023949174,26.705180466705098
38.09578050988442,20.384435958960097
44.13904105855301,25.33747050525587
51.103438212345395,22.329163804945317
33.84243440351246,31.94557636249024
49.182965668093175,21.561082938210227
40.65757471922722,33.519063236733174
39.50579514412785,33.62910471224492
42.619230703231004,30.546442928543648
37.00179521626972,14.702188621666808
38.37151099982769,21.044866341680198
41.72053602424681,32.98396215944438
46.0701063124816,19.415466214033287
45.03045302288038,22.192171029967874
38.376191120573914,21.28298396479753
40.148398161794965,30.96564176404556
39.09510205168495,35.59880631792863
36.298315658538016,37.9424576466007
47.78140605153409,28.190593075702647
46.610949177699254,26.16038596603904
40.73330013012568,46.53628248074074
43.84222050994727,37.8038833407701
41.98608306302967,20.36800738442615
38.3165252668374,19.734172173852436
44.74089654673474,33.4580340900328
42.85495330873155,27.51739161997271
43.09329580286369,30.744510412162235
40.52087734424841,15.681996627315671
48.6325711843439,34.70832045148399
44.91329864544301,34.1219338275796
44.73010314602817,23.193086989464994
43.42543563209583,34.39059936982422
34.93656649379805,16.68262311757242
53.02252119097305,23.791248985885304
36.70853265968095,23.59698889391605
34.9907905451399,34.059321823972354
38.874862133924616,31.666927104067824
30.008758326396446,28.489273298744898
50.42064613130654,26.155423634049356
38.21046047222322,21.957229411767774
43.713891747361274,16.568249079099225
49.6586458341658,21.042545348826927
51.13258628234326,32.065773823886886
34.981419290047306,30.621245261618387
41.15081503026557,32.685925275446934
40.81182392924794,34.772835074195726
43.71705757502924,23.834421779156862
53.68866335412878,37.88674391397341
46.264934100831645,27.660052296817263
42.20152972118099,27.215116158788394
47.603276338881734,22.31238757603645
43.72678701348008,31.350000519144846
53.236784626101255,28.50031620868177
42.32631468984967,25.57114338149533
35.249282036082555,28.366653647219376
33.690475851090696,28.956006577713055
25.89460323030212,26.960049305123704
42.984591000483604,37.27712532459559
30.202550579131312,26.012418896643293
40.44919259462048,31.884112245621008
42.51949060166629,18.527820675145136
43.9984195212239,24.92718037466647
40.74834320690569,29.048147161430393
30.5519529353757,22.371057074983657
42.06364547468028,40.07525011635984
53.9319081686792,27.279646149174436
48.54886735414108,29.548111548510043
39.73786563656163,19.742411676969848
38.496611726351944,31.499218842875493
48.046145691060985,24.383589730563838
41.020028769033125,33.96239149219163
43.02371552273031,29.4079962101575
38.570059745896,29.496053676110638
42.1484667493527,25.562998545221216
40.46208634603373,23.377736000511344
43.18984669905833,32.0763789190281
43.32807180190297,30.750559520025526
46.31845014594335,32.17997052207057
37.26819867986041,27.738780157228348
45.397425885518054,32.305109903503464
46.165897094677355,36.045276896080765
54.568499535136795,27.665642033159784
45.73929730124381,32.249271213785775
40.542706201424096,25.21447225047193
37.66082090313301,23.195924023468912
36.03253310372963,31.00023034865006
43.80791457595445,31.24309859740546
33.44709925872893,33.372360008096585
32.77491189954558,13.907775103078489
47.195550358668754,21.741346553453866
42.579504720573745,25.95698033091845
47.87320684321636,15.34958777827673
44.05452145752807,28.00658380492722
44.27654291259396,22.41495262406718
35.606270255186296,36.47620760903768
29.798059644055563,38.27895469306447
37.18347454612604,37.51712766403106
45.06615981296101,25.195219061853173
36.83121089742879,26.43139805267521
52.05507142203663,20.544737261452017
54.48540596225177,22.080132441938257
34.470528628883685,31.660763173971585
42.70164972244834,33.64414176940217
44.673361116134984,28.460816452869842
42.37154588834667,29.847160544733025
45.363006434190865,27.61010088325406
32.54287626605708,31.960792796979
44.931369261420905,34.183666132373126
52.04534473576805,16.4972324656482
30.60040612338799,23.29204615722024
47.125294982475424,29.225857700692654
28.461903098653682,25.06631125600838
40.93198960496917,21.70635769199491
39.15402027088834,24.193787053928794
29.837403323405617,31.525995182719974
52.11324936679907,35.95374849223306
41.80505271119639,33.05135320359037
39.36744581042846,28.246489686422528
44.369551172054564,31.164036736803883
49.21429979479122,26.801919249175835
52.425704245284685,25.943078511745302
36.40320820749063,29.73129080443694
44.112042243584874,32.91544064895609
43.422382655823085,32.49150318327805
54.116417611731926,18.823661810974457
41.41568894840796,25.068832077996355
49.37219365586099,33.80108127984323
47.027868595558274,30.257031976005038
43.60887248343887,37.74207537010527
45.803764914411005,31.091677653272317
44.38502526368639,28.770894928469037
44.55040883016346,35.04229925705035
41.372401834924595,30.748445178349456
41.90915478895419,40.10768683668558
36.17984128420109,27.795870067813123
38.30788630942174,32.06788414722115
37.756333512548814,31.882865314439865
41.629572174725865,21.810798319048153
46.767382380524914,20.954444993303934
39.52222931891444,26.671359178083176
33.76137528733049,31.952532082676186
50.74114591792656,25.9818100883168
48.45048440954312,30.980702117165688
26.640108991156854,39.982417960982936
42.31977171504105,27.75434816971297
37.455182647573245,33.95311336831529
42.55024710904983,26.326152360708228
45.72189034363523,18.015121661005033
34.216421271660025,26.645151504342795
46.692142237564354,27.677290846220316
49.418422464266364,30.74775971384746
35.6012461309031,41.62136401994227
33.26790069922325,30.952028847454976
45.5240800179016,28.364278252746917
29.349910156720576,34.78912716008496
47.68990038527155,33.42401028397077
46.424311950098826,19.59304554490336
51.18608421331279,28.497500014850758
46.46432884535189,39.81029229743973
43.24794847404155,24.387156462221153
45.369771893358966,33.28535293615337
38.2138509284654,37.1709001720341
40.573780598874684,36.0188707412493
47.26250659400564,34.52595250896724
38.74669958731022,27.53416998139503
29.44842000206541,34.05771234861466
39.62842162686212,25.75487188156821
42.08885698942868,30.55861218720795
37.39700842195374,24.957315864369978
48.202291778736424,37.61646198601623
37.244151418157344,29.574468010159066
35.56088947034252,22.907238674249534
46.80875027936998,21.86856371377898
38.84191401321232,32.81897542560342
45.3071039404482,24.687897362533278
47.71657303223601,37.495798354296625
45.592253394879364,19.344182178079738
37.76315605632169,35.71816475963442
37.86387029150863,27.036076011824072
43.3473873281462,33.65262107630464
34.422957430047255,21.427603879558518
36.992138596345896,32.98631885918994
41.17778598870482,16.837138691155616
37.63964106852718,40.094583481081365
41.2718710391754,24.692224748625925
43.25184914892707,31.744714071074625
40.969756713625664,31.306846167974253
45.55326911921266,25.192711809619887
30.08369613201468,34.9886804337007
45.615979202340554,34.57166056894249
49.389806729482835,30.80303811963162
49.98836788199509,27.042722923747576
43.81855357479908,29.538647272904786
33.22118936815446,29.533795421914004
46.79271331392626,18.618421385963305
46.68012099967028,25.515799439874403
49.31291723545269,27.710037844146974
50.743455728775444,25.943626689244102
33.761422039765314,36.30804401818713
47.59524090555956,27.863182166637667
43.35303501818054,25.752821548567777
46.90861851245365,28.014218610024965
36.89219378948653,23.993336592484095
35.1573580115056,30.155275938011208
36.88996667064574,34.20376099174308
36.34811673593074,28.062174516036524
41.097339187027664,35.403604340379395
50.24676766120564,30.896412368086814
33.567951370766295,32.5258789855329
37.38649431646499,24.588483913182248
40.25590746481368,29.462099903145262
33.81104045526095,33.155910877825775
34.175946288177414,23.07076748579286
52.22390072018178,25.578814324711253
45.85484334490263,17.054012076673377
34.108163652546295,24.776848147288423
45.41085451198998,21.599075845581773
42.541053878121026,37.7665549007512
35.600358214258854,33.57257080614616
46.00781556921609,27.75093814018537
45.0616980402957,16.104339484614183
46.86136769195253,36.355107143290766
47.49724432593101,26.167293172911446
29.258553496447117,29.382561916957115
51.72672007380754,28.266356427490805
49.318505324095725,35.96761499379427
38.74042296542335,34.12713615841461
40.35176016982008,30.773840951960103
39.75673172697764,25.992455108228885
44.13427706881373,30.610970941499392
36.204487203737685,19.65113905610719
42.10900855914249,30.937023440084943
42.665766446233775,45.10278434028142
50.944852445149024,32.95458922912594
33.472727682811914,28.010896030050056
51.82593000193351,25.204616393041007
46.775532254134426,42.22251056418204
50.41102585610632,27.846698953896784
48.14138291199077,27.61843783024961
43.15768538735544,25.81491272051949
44.867975577808856,31.907134683368508
49.917776095856624,30.141004060279496
30.736159147380967,36.6358057562514
50.68964651895803,14.667034286246988
46.736120204782765,27.441427683283706
46.33744299046783,25.892652149189136
35.943682086215524,35.392775649397095
45.92489801839264,37.89248738284333
44.16683223828881,24.629250851306434
42.86803287913294,34.82895577245074
44.55821632251931,30.358410380501343
38.92526944901006,24.302923679376654
39.891193109412114,23.979493923733894
42.19769029092292,34.465009448713744
32.406256233821345,19.042765593262693
32.53052492581443,27.78687603423216
47.29380680794014,14.792433172256086
46.41344759860434,23.663337689676148
38.737652033741064,19.818739088035667
51.170452593833694,25.256856744312543
43.45463230556159,25.86358735532006
38.967607200051894,33.10334422016977
47.93895123699835,20.05395224905548
41.74834728040696,28.750049117141533
43.15445187035367,27.723139055824856
42.69248156494781,31.370004551240413
41.83525594361619,32.714322201637124
42.73163840629335,24.832536371003183
46.24237129198902,23.389084017706587
41.16693246240767,41.328024786388525
50.103073537814595,22.737268895384503
46.212818350897386,27.309585217765406
34.07687338565316,28.69055878681515
40.96488960241709,30.118512842910114
34.83510750079754,24.787592058010766
27.26422881703632,34.25165324231665
50.213407859417515,25.166592042819406
49.21629105935019,23.70853279491697
46.377453338389756,27.247808591562627
51.14860294141075,33.85397865527772
43.4010061165547,22.168287254438972
47.004878333999784,32.29104826500725
42.85437441695687,30.81956040068276
41.988859004976014,27.65899701719207
50.49581010033367,30.92075295468854
49.35616110574969,20.419055119522028
41.82916798185499,32.000131785206364
30.569784333945464,20.551850993504345
28.287151059308023,27.38724014867752
42.32968421229973,33.34007110069756
29.92359265328609,29.010979807079483
50.47834890127718,27.058019615045698
42.06556680769098,30.357360481302724
38.84610336214661,31.226181814514284
42.91340291299664,28.446232229499888
38.88236407041703,29.121197996849133
42.246103266795885,35.819338824592236
46.72870674494189,27.03816849225483
47.140296957714106,30.658328653285338
42.88143277102916,21.88222399970078
40.025948604759584,33.666861536561505
41.93629622941504,31.669036083015836
50.422557003263385,28.911158384734424
44.89093680355642,43.4390926330254
42.217267021809164,32.83857391513835
49.388050584278965,28.442598886506865
42.42734634082139,42.84339032734778
48.403814437309784,27.220844510165293
43.156536759771946,24.17421868108505
44.97716290367604,20.683770836761518
50.52338283123698,42.235179244792285
48.80461240223553,24.21866975375628
47.92478519119573,31.54223168853195
51.371499000773525,25.348172619747118
30.14265370430476,27.206799071923893
44.92640931278859,27.337314847690728
46.0085472030962,29.639583080327938
51.562177887086705,25.584820087718203
27.947657761156535,48.31713734089595
41.93092373388444,26.93906117995884
44.80885439604168,22.434353944369974
36.55789104918409,29.88383927986309
41.27985252818038,31.15059268780412
41.81350396769931,25.398624492815944
38.63275005210644,26.298928443651484
41.90232669823722,31.317548809193674
52.02845972045898,16.106301951454647
45.364115042298955,28.171277199026296
45.06053308083375,31.67974663393221
35.58903371912873,23.10184219352845
34.85164172158565,37.073504012285184
37.345648231019695,34.27362862791362
41.610240008711614,17.168809993383853
57.340731551756235,25.03015301419149
44.814786565739105,33.687488971623836
30.912600882627054,32.171643914271534
42.67829564031503,33.88237454037579
37.556698545082405,35.1897640095463
46.37021245304927,20.51912619042923
80.52620626428579,19.100098321570062
81.47175260457458,20.790462302139844
77.5955252978565,22.74017984764368
78.82626499897856,20.73754391202646
77.46652410884532,18.24012442750135
82.3279715402185,22.516133282741976
78.2331603474603,17.72313269858951
77.46584881463242,21.527696172178697
76.47008813146512,18.62410338572488
72.9355179268855,23.91584240806768
79.91748293154707,22.199473640026625
72.44562761854559,20.95074441645966
76.64524418383918,23.011054894114448
80.15368953203523,19.219064429338857
80.62648450465474,18.54519219174661
75.45145245113503,22.843550695914644
76.48183738566969,18.65115169001643
78.09213216846928,21.05880959225267
82.10190449813335,20.566516283851275
78.87589924295636,25.7129156681839
82.35965525860964,23.43130025739214
77.06316800465535,16.097876781470973
80.24566075155663,19.97236200720633
77.85342389685258,20.918435768522276
77.48454317745505,20.97393649880925
79.87138468820943,22.570245613674423
79.72431810937469,18.093947303075314
79.16854179722802,19.7986242044811
82.13168708610276,19.84583704916902
80.10226637196374,19.559750016541262
79.70305671419081,22.244237892618102
78.30380269975413,20.144064806226993
77.20326620570619,22.845192954253058
77.11117743394821,19.437608373954916
78.53542020192825,20.0331882002967
78.54669050406655,20.750483688652952
78.04838643760772,20.294132180016334
81.25230018445747,23.60787693234948
79.5160024151063,23.052680760668377
76.18137759531385,16.5877868229947
77.18725491087305,20.077293921188467
76.86506027357733,23.80297732315704
81.0602882993978,17.176140242423727
77.02501376526187,16.024952191572055
79.3235288058784,21.626715685601678
78.54834100824738,22.444844722386573
80.5109192981091,16.6238568027002
79.9953887478757,18.666586443735614
77.07591277740464,16.647282251671516
76.26809405302127,17.549359643901916
81.70940641279847,19.68646426633353
77.21760774976877,23.161413868146457
75.74906881872572,22.348543584675404
77.42052205405652,20.685823598549153
77.30918106115178,18.53355348125887
75.71531935474928,19.34895456202644
81.0456228464201,17.44027482557662
79.7631134772666,21.214395478751143
80.06434356159652,21.378859374965938
73.75285545618195,24.154526642789225
81.0721851761484,20.88003126194701
77.59819588108995,24.55429036175353
81.93276970188768,15.696128006740793
78.8818317456756,21.991306829053023
76.39586900429684,21.87332826526913
77.09498288056615,20.822950890591027
81.58036006043109,13.381639330219139
81.33190397537872,22.282224613437656
76.83754536649666,25.732991818150264
81.31994422780494,24.790786633563513
79.7205949388429,21.439440036436775
74.69377531681135,18.65638702639647
84.0397984398353,18.918564153002624
79.05500466963838,23.666794774762444
74.89418431548503,20.719938711678175
81.46972173307468,22.630729475378804
74.69900951597408,19.742259468809326
80.03894152636707,21.196099292473942
84.75704083558364,21.304181042944133
77.15840088927301,22.161401277432315
81.00225410177624,24.930712885037764
82.14648701344856,21.09435469680395
78.06372346672596,16.087737050144057
78.06800998782339,19.06485138051314
75.81367027900667,25.259103040869135
81.21012372453362,21.554165137900906
76.61087016158773,21.768513902143894
76.9795957743532,21.945360610825258
78.66960676902622,19.91351604605339
76.52285993211959,23.740954887002296
76.9133474408045,18.553586988042067
78.55560321719088,23.52905359825969
78.27252839946003,21.080373456137643
74.5204759694774,15.276194232831092
76.24951086844435,23.979942779287047
78.68074433330935,23.04355065015574
71.3006373969252,25.25968165120329
77.88660075330202,21.188551016176497
79.08602758738152,22.02366354784366
76.13983965134419,19.573931101707867
77.39914180641958,19.655328829853538
74.98987296721499,15.539461964029883
80.83573134522788,23.039041530698604
83.24038705597852,23.18563778380522
82.82727631925697,21.868424382663658
74.07494891581138,22.309268444734826
78.62714680393758,17.751945108605973
77.41617484827684,21.639822740559868
81.51612229670341,19.485263927106615
76.68568240110537,21.814318616450766
82.80035103278954,28.880443894947902
79.28280680191712,18.086424929560884
76.26268328755923,22.8092021066368
80.2149452050028,23.205688846605952
80.60606880928475,21.654868685761883
83.6299710019894,14.57355293493812
80.90286635575892,19.98113326419592
78.84251935609466,25.899123122809318
76.90084911164145,18.84009593103997
82.89255821628576,18.684577159489976
78.20102787073546,22.989743164578233
82.34071823537495,21.91876384650715
75.67038883015417,19.735890379741296
78.87611516537959,19.069253044575692
82.28061441195521,24.327596262760334
77.28482711554011,21.66323338990174
82.95887167822075,18.13152311876236
79.73807510063509,24.049280458650912
79.1766215841714,17.40750065147264
77.8222503958615,25.050966454411927
78.89119268231033,21.952284533526168
81.57137681776737,16.462342471840266
74.47497568319277,19.57564310316859
81.08235495641651,27.24652990783862
80.10284469708921,21.227989746400738
77.9467220324296,22.007284044458615
83.6237938193996,16.089441287741096
73.37878989282795,19.288264940485607
81.02776694066802,15.707836825944824
78.79681476745778,25.51543718396944
77.17153467638569,22.874161317228662
78.20803376980172,15.438186606559078
80.18539248622491,22.58023362777824
78.07209512714127,20.120621090247965
78.6597429712484,25.340744454686636
77.9594615048117,18.40308059336154
79.12366180771579,19.51129309966853
82.47463082595067,18.631900015811322
80.15893651239632,20.18484305292588
83.2315837227647,23.607314732140352
79.8326968519751,17.676201141592344
80.40268345506072,21.13212630182405
76.53686959818188,20.049890003141154
79.00662495485396,19.69835094901363
76.35653286302373,17.65324475716377
79.41430756779599,17.99236510245251
82.60887438300155,20.420681778320198
78.42138969362477,26.10938013423883
76.61651547697922,22.541240790414736
79.81927170921992,24.11620941702055
77.12615325166418,21.413814388883292
82.76073661975593,15.791791707172544
78.195088242783,24.294484026416946
83.18016878296532,19.575361721124395
76.8368203346597,25.000127792433464
77.24810997703113,21.25085159855653
72.39574352333929,18.413044679875483
74.67293943368377,18.745732952914757
82.4257887259451,18.95304871244797
77.8011408848365,17.842510738279998
76.9130986154826,24.275748847588556
78.83337036647134,20.89953748008945
80.82689843484081,24.958346111318047
78.07582007094894,23.9747706285846
79.22744307861204,20.629136647660626
76.83053091219753,20.688256036402183
80.72416338850523,21.026704159318847
81.57425488015085,28.168416581044646
77.20530888799765,21.76293546100275
75.80886566199591,21.20724475608583
80.50389225592352,24.336433979452146
80.8502766861901,19.108665195971813
76.11497650075923,21.06874604667664
75.04586999414308,21.01758619753448
80.40200439412351,20.90245331818471
76.91923795334503,23.65415286986674
80.51636513897715,21.678937964728956
76.4664980136873,18.089323908039617
79.9463610546237,17.629457191581082
76.83625402640561,20.880039678910524
79.28648910473964,16.930953257320724
79.27882420827584,19.915521128326393
78.29864197997195,23.695870170625177
78.65915693800778,23.524764293120235
80.51200849084357,22.259632850980733
77.89281445809684,21.80563719947621
76.1152097928051,20.950438552613164
85.51860606775533,20.936085643776998
80.48621386859813,19.295213141275273
82.5304960963622,21.77995153307319
81.2684841690956,19.82584033790202
81.03867022249581,24.260678790776307
78.35224327886512,25.30873673970637
77.50334333147988,25.300022217083892
79.56207927004446,15.308119635340553
83.55709829410466,26.18046635714283
76.4470550246007,22.76924534984892
82.64082683854389,19.399735048836078
75.93872398928437,19.081683076996992
77.35701578630577,13.63044451386055
81.06029916335766,22.22378772745269
75.90587893396815,23.48175818962956
80.26233270518118,21.596837994830494
75.78614169327217,20.428686050730338
80.80472310435063,26.260870098156758
81.29479226506164,25.506696958552354
72.78652013018747,21.88226884334305
77.49573351581958,22.966544618825996
71.27761013849236,23.466471584382695
76.54714339481104,17.848488570131984
77.53100466736173,20.485016685192004
72.2707139017941,21.10021322259
77.5124302152141,25.861058988998675
78.4481561120588,23.233954257200274
77.24331392507365,17.014329672450714
84.68989020042311,22.103460152841592
77.70902762306547,16.759662601328113
78.30347892168182,17.561168272676866
82.71948561804594,18.147012299256527
82.4756045039018,19.927245424954947
77.02440144334591,23.855420573482153
74.70104053398879,19.628093342266276
77.33152279205245,19.050002518678795
80.11750417433417,26.96736968832617
76.61193765800002,21.508017402379057
74.56071315916564,24.64915821020368
80.17681696809568,20.70469511320504
82.56736073243512,18.507451808265557
78.45140302298985,21.555079788264166
79.76719887260296,22.590240008701723
80.82093112546917,25.348616630081324
73.80113354911174,23.243291809881864
78.80752510573338,26.002805450920206
78.44304891647603,21.36376326175382
80.98190257840758,19.790799328988527
78.31565697417783,22.836686820514654
81.09719944565339,17.76791073344788
75.63876834927545,22.41146101555665
79.97786095650086,17.471265024744092
78.71230183848921,21.567878393182934
81.93561739767422,23.25704676781447
79.68706355052433,23.014400397958042
81.01547139543624,21.089270815532853
71.17398947303727,24.472107515099353
80.1528485828388,21.470084294183227
81.39598875302389,20.578942916238102
76.88239624691101,25.03319068942636
77.75390077149419,22.534566140676294
77.38416869688936,21.13062618077066
78.72932614375416,19.817759927476985
76.25947751718623,20.14821049767727
78.11055899787718,20.93151958132563
78.55516164767779,22.456083302701455
80.75701189922862,22.547141269648957
81.90582761517311,20.638170023462497
78.36229973249331,19.67551693695464
80.66113016196347,23.25657865243158
75.47451657785025,19.85724259860949
79.37266710510144,25.677053922055563
76.17961874439418,20.47444693427294
75.14550347279663,20.03920865781386
79.52098740194806,20.826505525972024
81.18681327695376,20.82013670418542
73.09477075499767,22.61963437568368
81.86653606294435,25.780457803774674
78.0419497116786,21.752664579447572
81.2026605334449,20.21358155599343
82.61033431606982,21.13210918761109
78.25364018367587,22.83673460198831
80.19562419825456,17.691778425059262
78.27585067978372,26.285897157870316
78.52157280250336,24.889534797330235
78.03749641168966,24.637322315973247
76.03572138733867,23.397787212280825
79.9376761187835,29.488976734770638
79.73301252631775,20.68991779502231
83.32598345272851,18.542205582176337
73.71282519907386,20.75913294481972
81.38872922461297,23.31132649272985
78.75773725514813,23.556036069387808
76.3653258226527,19.45663283792647
73.8934925755152,26.411267534374627
81.99968042896664,21.998340007760202
84.67311714986344,23.176334841392485
77.45451999971398,26.17786683247195
78.2158952498333,20.11439464598374
76.387238434396,20.507606516833565
79.09656320108304,21.86903894540235
76.73137427245766,17.05461275007889
76.13222765253926,22.64485385101215
78.20066776792744,22.572555790515636
81.00607836247343,20.58352956728183
78.4992786983656,26.033733792358483
79.60482397214612,21.446933160769333
78.66650343446032,25.156114709491337
81.33613478153357,20.554950236646196
80.0372124833861,23.974867222866
78.8536192182745,18.52968476784556
80.03143241477846,22.92954863798063
75.86103372649143,15.441909099615845
82.90506603322426,23.918782862604402
74.56914042957612,19.962124051715012
81.31869686624712,21.393362523238853
81.09075181763366,16.53658795087931
78.82676559383007,24.709882600700904
79.86334550494887,18.147948870741512
77.81109005300642,23.725222641113643
77.50582083621816,22.458726163838616
80.86505727137012,20.47526218505091
78.97818659077062,22.859972720653662
72.46765491210355,25.453783619139543
77.89192684333706,20.661272707948537
75.16986790012005,23.998903006469988
81.46099411755824,19.043065755941967
76.15394635833293,18.55854885148257
76.37509448697799,20.794389184297643
80.44692312266089,25.534336257895813
78.27302905359863,24.43735836472008
79.58139282189751,16.215220046892334
85.07515537968555,23.57020514572235
76.44295431965261,21.816724139082016
74.11357301071997,20.546893124526
79.046003875917,24.265879798018847
78.0271136465617,26.477128608608982
77.33877645860932,18.38713579922333
82.5914330112604,22.82919680634159
77.39718180271512,18.731376132559852
79.5295596335314,26.147727285558275
79.55081998353589,17.183676168608528
77.30425310164635,24.747061178029615
78.7306111016882,20.035521967954676
82.467040626661,21.45101686584219
81.69798228632013,21.580876312312775
78.16578683832768,23.78150198140406
77.97976903903105,21.241543914548934
76.74829454528138,21.52820997740521
78.84227552747858,24.38651977096492
80.35128005834994,23.439857077255727
79.08251259333375,23.305786826499844
78.99071373880511,20.864401722510536
80.06751970632259,25.094678349037398
75.87665956125873,20.47884566775428
78.1773146656985,16.984471710210105
81.22086271340709,19.40944393024985
79.51824639663461,22.868771433275484
80.40609814147786,18.810852800131926
81.2380075715987,17.398750360789307
78.58400859061899,22.60806358963633
79.1810141612472,15.049874921960235
77.85408339874931,20.363709835179282
86.93250623966348,23.432168583270947
80.44151455692995,21.290841788757696
82.46991417853157,19.50466385414525
79.39660976883162,20.2581892924915
77.89444077299387,23.346677795124013
73.78584158621472,19.302979704394513
75.94816979782178,22.45400479530129
81.21482056358704,15.788321571500056
76.50809800267159,24.11713144450252
77.45185323737203,23.784890557263523
80.33154077362502,26.271728460800684
82.37546130694376,15.17668178728835
77.6623799124072,16.6060698583228
78.00673919853224,21.80433803820104
78.05307069489032,18.386605189065627
79.3109835004571,21.00756208796052
73.97836526918064,23.903139281584284
82.22337353654339,25.927910529614262
75.7741175111272,23.99180194915276
76.45414493112071,17.05344401342576
75.94384065405308,18.99619476956473
82.21768259204525,18.286603665972002
79.12251709753733,23.487228054299404
80.26164298930141,23.685216792568124
75.44490532134714,16.518836463524863
80.74416548016272,24.17392622515258
77.72014612163574,19.598582363288163
74.57557043876145,22.54441936482605
80.6819658748534,23.895709876858966
76.51761939992775,21.34266252693658
84.49509062986273,22.941418649663024
79.57166122915442,22.831809113670353
78.62901782418487,14.886406433558626
77.50784131971623,24.35224301546217
82.531039196512,19.587266029640478
80.73713896686513,19.97142401363394
80.55041585453664,22.534064743606454
80.60345129530646,23.160315077177373
76.45233040215464,22.571981452814637
78.55270779932566,21.611047819696505
75.60136868603222,23.63824580785336
78.13339100844881,20.876563081520114
76.54463556416509,20.327003773591013
81.03611753391621,20.003639078365964
76.5280485399458,23.719237079136015
80.80823812292762,18.34585457210332
77.62811999163951,23.227772025479506
78.64822377349167,24.08292882105208
80.84063111691052,24.39748753409648
74.41978530057891,19.632427447722606
83.05742159788193,20.2281861455397
79.83562431446076,21.150383966917904
76.98304218327479,20.804092631732512
78.17168470493976,18.625294411184676
80.436951557884,25.46113595945343
82.41764357879195,17.58421028535856
81.14201604725687,22.054854444544485
83.2731569091799,20.449212399179263
76.83003753896249,20.259835353856765
79.18283431417004,17.636886932966945
82.5796288802131,19.88479406980498
78.84675452445612,25.322630073861276
79.16598386360472,23.068341070023575
80.67281060125484,22.54058917565561
81.63744992033122,23.716147129544982
82.18076659533035,25.53672659585622
75.79315533548821,18.75403318009893
81.64993622070014,25.880616800104896
79.24006100256291,23.03583247339222
78.75550786983142,22.999522580342997
79.86579886298422,20.883465681690595
76.73826029279255,20.21723722800011
82.4720222236483,20.797570802763833
77.28431171765452,20.83018896959399
77.11007096304964,20.51428871996874
80.1082437920484,24.116721197613025
81.21931706154766,24.471454397830467
74.86588212527747,18.935779317751994
79.96611892569432,23.85397575031708
80.09028048872284,24.680764927445736
82.93151317969534,23.394185561615807
80.52196772376293,23.5291505072853
76.5084291740838,17.66186004557208
74.40994588434819,24.673504024907746
76.00112121517496,22.20669168036755
80.79864966574199,21.174751743333903
77.52915807389893,20.013586735466067
80.56082644492946,22.332294679043503
78.9775213742038,29.461332835579583
74.80739775362377,16.11645832594769
82.14912277830372,21.773945918677235
81.12062446125698,20.935690772772507
78.13660236843674,21.26308537351617
80.81997160972936,21.580484089657112
78.9454062472792,23.052907688989624
78.0212259843036,20.65067331511653
78.66595568332393,24.630655541363303
80.07501246033418,17.971338969750406
78.2204965641034,17.774912833745212
77.96949459104559,21.571404276610224
77.74749801553541,22.763402542507535
76.62809443898215,15.035836428512972
78.99888295557678,22.32183065123338
77.42498203009477,18.383763995372757
75.69568887545616,16.085540241601297
79.30616586911306,24.030908559142507
82.45900184254491,19.73609437757409
77.95486679653246,20.517056943540986
78.0346749372899,23.227235692032263
79.76737549293814,18.87024232286401
81.7089594266809,22.141279401663606
78.85114322355223,23.127080160268843
75.75344946953783,24.374044400552368
81.90278348083419,21.0812317798591
79.02400159776083,21.841863918945105
69.3876861165475,18.441705169685513
79.00061768170686,20.800286107182796
77.89459737110033,21.536461474891702
75.34884213065072,20.812991467585213
75.49838722499908,22.11913898546648
77.7683230514472,24.19301744622879
77.72925994800981,18.601257456628147
75.195668560706,23.158044482842588
73.24878510923658,24.68315981083973
77.80532334276357,19.527833269132028
76.10677972349701,19.55229759467962
80.00614730576042,18.104686802792163
73.99156790906918,25.20815697223264
81.37921366490112,19.487567659072877
78.73756699734979,23.417586322773026
74.68775026933157,23.258401628901673
78.63452908784606,17.772445125921248
75.08903070619816,21.481053891748818
79.03090728138683,21.44661624885963
75.29278183045896,20.766715148410462
79.21372658022298,26.749416045641652
84.45882302448213,20.294282686537112
80.94921321455173,29.29015140775953
81.64349916792605,20.810506624790623
78.0940771661278,21.03120955655129
77.25570470568736,22.178556323858164
80.2680050542005,19.54834992224403
84.5986605419999,25.717516344430415
82.38057870236187,20.39292642985213
75.08773401145709,21.22165377010119
78.6007410465622,19.354231162206812
81.53969323630005,18.032789008820796
83.12004321561352,22.60496676384702
79.16452771452316,19.866199566472545
75.75671427133086,21.985377913418517
75.32048306786496,18.380549227744098
77.34964901829241,22.129299245277068
74.63248950137555,25.846179536453896
82.7813799508815,25.667352193061333
81.50011405554237,23.477462406482367
81.44088917484264,23.923220593315257
83.36659060811712,21.876367023770953
81.69585668031533,21.79880745657918
76.97404901244096,23.898908726193838
82.16475471358548,24.626788714621537
77.04576112848488,18.985457357741463
76.52609899768069,22.810492304370275
77.8322181452322,25.49601687782239
78.26807383416929,22.647561620677806
81.349799637404,22.133199561956904
77.04601979235173,20.025365988076373
81.09731615840552,20.43794949138193
76.53925885278078,25.122568233964348
78.73472523220629,22.521568559389376
78.6066797437691,23.0768381132637
76.85147157054155,22.963476042459195
77.19914647793968,20.199670762176606
76.86445255297232,20.091604783002026
81.40660075386654,19.075548806171398
80.55358824256713,21.14678238606672
79.63734270611297,22.036738999111684
78.42872317507718,20.106596398158338
77.78662447542304,22.0897624648511
