x,y
71.71236529150562,67.10987449074014
73.70068888220963,51.74614889988129
60.1932133453206,72.32500936548107
65.18985214185075,68.36189364314019
68.70448719112538,78.39853497209987
67.6391130501813,56.658456507546475
65.34466897375825,63.27595810207037
71.74058506667937,61.00620829881028
68.48479000410696,71.43827455451145
59.195045322238954,63.693554353871214
68.32237169715934,65.91488283500443
65.61046953918833,69.77020147007553
70.48816567147668,72.99325665318582
49.114990098431875,61.762625360095086
53.45384709460446,70.40438442906837
63.21373535935081,75.75113592527167
72.93564177719436,70.52557545643147
74.51236939437999,61.65294081219345
64.41680238235455,79.33025963396241
52.29477754169514,81.04380824211151
47.592088971564394,64.03341215891425
62.08001322297734,81.84890184199243
66.71499684823519,72.19556955998505
68.70563679174313,74.72220456034977
60.12776071433299,59.101385572743084
48.07399521996173,63.38243249940048
69.48742069432653,68.39707036104366
80.88336942949216,72.822983686326
59.08941765851194,76.0832348917422
66.20179808556681,69.10324366622804
60.93469230588881,77.26076237820149
46.69860468440946,73.71032151966067
76.44049235631647,83.0340638585172
83.63894568079297,81.27279521035454
54.52095298657559,81.89696658095397
70.16003765811983,82.09904139402215
72.26889783843001,64.94297242398473
52.597412400338285,73.60527907819498
70.94787816584598,77.79999804154404
61.909307766656084,85.03041518232374
66.49983954619105,90.75907003705328
62.74287780325328,66.74074376209622
60.499847510252,76.18798269837413
71.16943466291588,85.94279775496652
56.284030107855635,75.98426802245986
74.05757158369485,71.29430421894351
76.54200342684665,64.46619491424846
53.26404519744942,64.78572391613355
62.70805517094559,78.00810153167998
64.90751912214138,67.22809066581452
59.837836350817426,72.16345266425651
61.10903310347033,78.42367620544175
64.86489746119115,71.08853707081455
65.49580825142456,90.22203169474408
61.127930751524964,88.16899068755575
65.81937397471464,78.9560186254287
60.8428815386508,70.12857183470705
63.925887442468664,84.04124806727526
63.99514779951942,79.69130143663789
58.84591020602858,91.13557072508205
55.13367653606469,83.60173754376578
78.61144886423577,81.14449870257816
64.477755012406,68.71598919825642
68.65348857050466,75.97117568055488
68.5665452295368,91.58721093272906
72.59249515789918,60.122411589303795
56.051582401713425,69.2656246035638
67.32933583114288,86.23569813549643
52.77362682058394,85.83419307751085
67.133634558882,79.29294947551591
62.41839829037052,67.80694755689153
58.33052779757954,84.51853244564761
59.30660652089084,77.8313376848188
61.74267724870657,91.11272289447948
56.44001032071114,79.10221528223005
61.03261814154202,83.23238931195576
66.09029082862273,75.27673082221675
60.1040069494245,82.01029413356193
53.9124884059787,77.7159458053863
55.99722541326431,88.75943099219438
57.96650296708345,68.46042283312686
64.21488736124263,82.34885498952598
77.72169626638852,69.5678962389482
79.14215155447957,74.04935907649836
64.15075245166987,80.19759285053281
66.26034960456761,75.93061747285154
65.01424493871164,85.63661244333358
68.2157760966769,81.17862209940427
60.75492914051442,76.99435283614466
74.97943278902503,83.16734892125649
66.16175627382526,75.91507268579316
51.67287430493797,77.79227119635864
63.838338993495064,91.13712454969105
51.85656516480108,88.12725500121309
48.85058307104448,86.58074773695776
65.02950825480212,90.77915860392002
61.4895139938564,87.05054014280856
50.838783665492706,84.79646906611698
62.993120660058615,85.69530252113385
63.803042537916646,89.03125996601659
53.596775323273015,75.02969186664006
53.992905867989414,72.69919871726609
63.59262900364848,80.10606979383715
48.463586510389135,72.95846157549643
66.01797606188264,82.48080193877458
57.56033951533064,70.09503968584582
57.13066777926802,79.35324987527312
61.67851174484948,70.8966478639139
59.974606110613344,89.94005493056281
57.95599012682031,96.1119768204247
53.65608070119033,92.1188950804561
56.165585576114836,94.6943808428923
57.252302851690686,79.355335855529
62.71899022012701,80.83174880069964
54.800468180513576,90.08693002487863
69.18696537770758,70.94646657649062
38.70267396649232,72.9195727608423
64.54480567495001,88.36555049040413
68.39716803025561,82.60490420990493
52.86779444926393,89.88933449420497
60.818482148642914,81.79533160548651
56.26031092624147,68.28759595276911
57.752881154669694,85.20358302450605
53.54453917950538,89.98406372969696
56.8742167784083,89.05971049435227
44.278451170164644,91.04957544983368
50.58988618149694,85.21494501220639
63.033358970059446,82.72329960455133
64.51249576431208,80.21943870891103
57.55658441441515,81.30731716796359
49.69708289677377,86.83983486897766
53.09862042877409,80.49493167522976
42.60727848371944,69.41437545809872
65.59944911582602,82.91137567900387
45.202339230364544,77.48686203313795
52.46976644668128,88.95288812602577
50.948254624581985,79.13829295266939
64.62212062926419,74.0134381057508
56.51278661179464,77.68227401531341
59.198161038389,94.79253499188599
61.64374942703414,76.97720976389155
46.05128965599187,86.99292575109395
49.74713105579462,79.62459176109842
58.831732709949506,92.54018537906363
65.90303501202463,67.87815404655004
54.945576918211536,87.17780968891745
56.204198353009666,83.3749883965407
57.629449019338296,86.1372569406766
54.02549242134345,96.3694228340183
50.90938991650523,85.73963592501217
42.160985867893174,73.89928914224234
54.524868026010935,84.74116251509979
46.64951495415706,83.9857734288594
56.03780686979301,78.58741596561707
48.250041204050476,82.38480073541949
56.592173518454224,96.88325992257057
44.37282298654873,71.42257330435127
55.02970775335826,86.52515223210786
49.97323592923525,87.57194421582389
51.71608196017625,77.99435793881932
52.25210082819983,74.98380962609659
59.25659794268781,105.94305994617483
52.29757610713732,78.36088861786631
56.20015271625222,86.79025127593836
52.29115878993597,80.75804111198914
58.2700669270692,89.37294046920489
41.889067439611686,87.94852397844468
57.06249521786529,75.69139501188195
64.14771752758662,84.70260621118845
54.454374969350525,79.49534662097257
59.34391513328083,89.36590975427174
56.22707676257237,87.83569530244012
47.55578941586379,82.72189782354437
68.24704443681443,82.25738890911357
51.53578133121675,88.41227549018204
43.74333450740522,91.13803831422628
57.37819183479083,84.58472723724007
48.09432294446839,98.07729082999154
52.40528722234768,93.63371836511762
49.32423314706358,84.72152926846024
52.61887978836047,82.85253692791913
51.5793163463557,90.35220274292327
60.56739784528425,101.56405688624645
55.70132760190822,88.22997369539388
56.95949106350519,85.7602420199892
46.044010403139495,96.54669517849048
56.04297615419877,84.32366059605138
45.79700503904204,92.74593952721548
52.38297034627819,79.55150605602763
54.601040704112215,91.43160025206117
46.756103396608665,92.75292482405462
57.15730559512389,77.3777829686983
47.62774325115222,86.90482629412286
49.24512881473612,89.5298853421724
45.25405215664728,85.30221252489837
45.315079277667834,101.61124863738543
31.526237962500474,78.5536054299487
46.79693816374955,108.60673538629985
32.926419025005885,89.92424108115148
36.835979555091626,84.47293659500755
49.94622374227127,94.04644713607067
63.401793413979235,91.03174681678301
49.07819234282302,96.34540605156026
55.388244114619084,90.35562132933293
37.04822186282902,83.96466928274043
46.112640172839285,86.37874321862877
53.216599911237374,84.1703458231589
52.49696530562036,84.75279346362548
54.54286284414195,87.78090847314998
42.359970985172126,84.24903788816776
46.61939212805179,85.97010049012786
47.915980008779535,113.32588328696949
55.035512862513045,99.5419661890791
41.70945615607648,98.90437720197376
62.47890704671262,89.55726050749081
60.31176144963823,95.71865653562008
57.48395752443287,79.28216837509174
48.13645395952717,93.8331055732295
50.025046374846525,97.74942300410538
43.722604484000655,95.29320947894435
41.829881953637674,87.00095659633206
56.590367656449104,92.77376769163835
30.980596984373314,100.73293635460286
57.258574901408124,76.50180087262278
43.5755035731288,90.53229839340457
38.554815433028956,89.61527541976339
41.04367738525982,82.32932958192549
36.45280302631221,96.50168207484434
46.40233059236999,96.19738657522451
41.79355057947126,87.87562624693187
36.04004965815989,91.61817069127642
53.78942467972544,94.50080419033785
58.83101335471555,81.83896020945026
20.920060805564482,94.51229705695164
52.89393078618797,85.44251881402006
55.3392192664939,84.0370575417146
39.82563144536138,86.10233741287274
39.48218461282017,77.58374048588622
45.6132694914985,92.94211205999164
32.7355294605592,92.87702837572937
53.82382994181437,90.59256472383596
35.38787851926219,95.14355196360202
38.73262325354267,93.96039717592046
45.572803052097655,87.37069624020077
35.59270660984229,94.70725040079844
51.31494423798446,99.43090773974536
39.01268897745659,89.95985949603667
47.54859906515232,100.31079669107935
39.462768239914524,105.77018165685642
44.08953234918461,84.95277138433975
51.78127642796496,89.92216264407456
39.907617645075845,95.63138506509604
48.985213282439105,85.97324369145528
41.16023404006399,88.05673562395464
50.659006958955565,77.51364093893224
46.273555285028706,85.02492494403563
45.10116603811376,86.93989480320332
45.28702216398105,82.36640526765811
37.05770141901687,98.98876348781653
42.44685303992198,78.72370175595827
30.356182555200974,95.21192749912102
35.83412912233236,83.98491344501035
40.06293520233858,81.43002910016658
47.625814418840996,85.93613317710718
23.09368293873783,104.04451996438983
38.83663255836268,85.08285061075371
36.18032052120327,83.913611191285
37.549381379370644,90.84735071437173
38.03163362114962,91.04283590111653
33.52885366091804,93.42610716716491
35.31149988523883,86.50478047107242
36.51175205865011,90.24788751592081
37.138769575778,87.29798375993842
40.25028868496484,80.19886906462006
35.8414377851167,79.1949904340749
29.724735009522835,88.07014110343223
43.72187172985653,84.85630277271667
51.30847638626679,84.39543965830939
27.93550904628724,78.54580604823053
46.89215412600467,78.23877502207638
30.597371868456076,83.01685287483383
33.50345421909575,98.3380172307124
31.904490428375908,83.13045311096283
45.70246687531734,86.23395772288042
31.820755797223953,83.37965719126673
42.3930593019932,85.90263256554819
32.309185509878915,92.59473347842501
36.142619708546775,85.11019800845594
37.183445431233494,85.23892423492467
31.62519894050437,94.5841719392384
37.23852934763212,80.5334073264268
33.730382226858566,84.8096838064808
35.267175057377095,90.58159291580327
37.463932830806634,88.07754507339416
17.219552154811367,93.48749541706971
30.54583170832782,82.23092441734919
38.03783459164894,79.87424836696101
39.643165457495385,72.25369462882541
37.66276045590876,73.88109156255149
44.335286538656305,88.5397605820188
38.11811638528898,88.97204505859389
25.567226517890397,85.42958054588989
33.94463454639515,99.445254517206
42.85569248520148,96.64417877705132
28.688830543737314,85.55868352687418
45.81003975253387,84.65986446219637
39.980008278397555,88.8602303509969
41.77215577917355,93.52488834532132
35.0318623096553,98.97280062720463
40.003374307527245,83.32523797361158
31.53328233612011,86.57178056445237
35.56567182269266,86.57239119061741
44.614336527777525,96.57951468382741
31.546658138688517,68.94540580016621
39.53116624274646,97.86331754034603
39.111812297604175,85.26864772117645
27.732486053361065,95.34870762074371
38.029683691449144,90.90840356061311
37.08652000967447,83.76458359456085
21.937531362702934,79.28173654901593
41.69612763689686,75.86101149216516
36.584925045860246,89.64217292285943
30.925616341083437,86.23197284317037
24.415702802098515,89.49698766764824
46.622460887942935,72.9555957085992
29.51505296663344,79.2411974844274
21.920083448410765,90.36429579048725
37.33438178922425,86.83143045275
39.2000472531241,82.06924717518572
42.54834130999524,81.19789809689553
17.014770522454832,86.20226711668639
33.50082656533987,81.89966156811737
32.54584618903044,92.6753653375678
35.548629125364414,81.86985323635051
30.99742222619928,85.00366803006668
24.352725530483514,68.48864755136731
30.34446517954823,91.01778910900589
22.700744895840295,83.91857493184186
26.19395082856975,87.85887538492173
32.166095191946575,95.14889913943705
30.887888299297295,80.09471164107484
47.44857670241454,75.81620654211063
35.546480155640985,83.37700560982259
32.88819247593814,102.21967515689308
16.804266076886357,77.85890322414976
30.94910840998088,76.1660069400267
33.21307591502907,80.56765948557751
31.027416283942365,81.08470137171624
19.309006591284408,77.56964157825495
40.124583945180255,89.67618925256853
43.90686943059955,75.32711316448143
32.30137051139242,74.08350843528783
19.414728100581904,82.13217613932233
23.861363934041556,89.81199935711781
21.773993544029445,81.06969246755956
28.195518632744605,73.19183518798113
27.382877320261656,87.85818361823085
39.90810083855926,77.82559597545139
39.33756357443363,81.1648688412849
35.92872811323967,93.58424799828693
41.75701842254038,77.69896348622781
33.62480814842145,91.6150585305309
13.71910844128356,82.35529699415139
22.795129814181177,91.09304870461477
30.136768874176617,75.62749132888868
28.103861057972612,94.82768638407903
35.57061369340282,72.59838407410425
31.492186599457625,90.34622113788731
40.351324160675645,78.55503371105426
28.6250288168013,89.57523860123902
15.25129920863234,75.63784339231036
31.278075451979362,92.21092259031758
27.538470808748574,77.59370642793125
18.218617776579997,80.99583145414671
17.61424403231978,87.14578718564701
20.072768963585396,89.74452737518632
41.774310693431936,95.36261984083853
35.72008901728573,81.86854677647952
32.46946308002569,64.928966345482
21.578338315275495,76.48229360016708
36.96795031062622,87.57207772328405
23.193067887329587,77.568946293558
37.88613760944312,83.04716438347732
20.691499568293615,75.1444064441616
10.900869018785144,79.8696204801513
17.66199532147749,77.14818927008594
24.78273660215493,84.00423861052695
35.667259894582536,84.3810294868493
24.345738961883015,90.51925134033982
38.40434250280504,72.94971993699512
29.56191747598098,66.6837221901919
29.22092053907278,80.648710265014
31.443767720934847,79.95225491370005
27.955572362062554,82.89728813451221
35.77661493186922,78.28579488221456
18.288126454442917,81.43776851364261
31.990538753156528,74.6386844365387
30.723763159091913,72.95696215088604
25.01750045725876,88.82292657444492
27.24720042506435,83.15978450903178
18.672301427529028,68.25945072517085
19.352150002496344,80.70379929564
20.469464460202502,66.26369627745426
22.855053667217867,89.99395578739022
35.21188480285865,74.73042206725265
30.718771629292547,72.89661671201982
27.3713669604082,85.01714272890841
24.205097432896192,82.00235187590137
14.746925651945443,84.291287177698
32.84582688470411,83.65373303797398
30.910479718943364,80.56249730953448
23.884702799536313,79.066950720538
24.296974966110742,84.99262416317549
26.119461178016152,81.43316242793368
21.885136450604833,58.40045317637147
11.859524579518764,79.45694236422521
14.793563857478658,84.10549019026661
21.67553575063225,74.9317419932613
12.974658233256456,80.18990725832481
23.238939145336467,72.06823727440855
31.977854543702925,55.998898839524784
24.969023985026404,68.14875765420447
24.76477046809366,76.03263730015115
38.18867442530487,80.32231501290363
36.613113759966126,77.91885377581856
34.01597305529053,86.7792310692309
21.7806945433434,84.52097596700717
22.75458418262736,74.90316244742311
10.967143482000392,76.89171357239238
15.270396785626616,70.77724220671213
24.084695011869954,72.57859484608775
27.31129690078096,70.81157480204135
26.9275402126377,76.76671440569257
27.01738701406439,76.2953029291863
11.66956702106189,78.0191706556711
25.06453996912135,76.89558216707215
29.764114166475355,72.40663435305592
30.9422469700345,64.19635722202388
24.94784347739638,87.17660887660868
46.5947120592098,72.60235970395426
27.864400709755394,78.55929044477737
23.69510171601842,80.59427353180745
25.16629568575641,75.84609718961565
29.98094145988398,82.18987488033703
30.756332213502322,68.6838851669193
16.874065525428918,66.07688975946073
35.0415878093996,70.37551264959849
5.965062883803949,81.00288641652301
26.68118303275485,81.38928109188774
19.624634995649433,73.93677354399686
22.57481339536389,78.15224275771665
30.1349856996378,67.37721223942191
27.38631861808513,61.982912827635865
28.07851964594562,69.82423205514765
28.264246923708978,76.24863373650332
35.33699022719351,65.98955397330474
21.130816327442435,67.25112733081421
36.56252105939916,52.01501936419636
20.90019044097995,64.76068508883432
20.012648918180382,71.19835250864423
29.627613280941166,65.044246754973
25.602931770993827,66.2404562017704
29.43807689006009,76.89788876871452
25.181910187654918,67.54597246426083
13.207916319780297,72.337211694604
28.051121891985627,73.99974958052123
28.733800907662896,73.41059988406867
21.40096945993291,68.99193354885507
21.578410983538035,46.68599541897861
32.033384066388706,66.45728654370781
22.15772077377838,63.50264060842044
27.189722837387365,70.98362982930074
14.12748008177081,72.0618132217698
14.127010040454405,69.28862491594104
29.18027727074584,74.7056098234188
20.90881585420216,79.09503384983742
19.871138244025794,70.98059723306459
15.276050250446895,69.25204910147647
28.388467311852594,61.399582842952896
28.248197021563563,72.28775967577968
20.792064376045648,60.47927068251655
25.876611181229098,70.58613325742833
16.60715599702958,72.42743667564866
18.16796774167447,65.3621242334571
25.978626915248654,70.24794945277513
23.272517233162343,75.96207671390242
16.68642795090726,78.68895858794242
31.74970634587894,71.50469716149601
28.331855397380394,67.28554586264205
17.548266147018037,71.88638540058243
22.839220977376765,75.706096900825
24.000932274478608,77.9098582039683
23.829291956148545,66.60326398728616
23.829668523283555,60.21139926091247
21.99349712646394,57.24079284957414
15.56288228540592,59.887617737303074
12.433275638478564,63.335230836269304
23.124951520190294,60.78175149864774
20.87497250110407,66.96722903844896
32.71867584927446,65.87038929222555
29.615430300746354,61.95644307533641
26.61645129879652,66.00567892333575
14.055317373945623,70.60746032396726
11.106562168213841,70.1018180812371
28.68192292048247,83.02421896020604
28.866435482119655,67.77749652160203
26.021110018868423,53.9540965872541
13.001100260044787,47.160440972823395
24.344291086601064,66.89391047703108
19.565345797384207,66.7272301348556
17.480676303299177,62.44900388234015
25.59641489144295,53.678872552064774
30.409671620841227,70.8812204226633
19.30758720561098,53.316359491064674
26.601433268396427,54.35225849447878
21.43919503982192,73.77444323556414
15.436423250588144,65.7383835748328
19.149320312516586,74.92623264883173
16.98710458413028,63.480382305538306
19.879889209664046,64.86654001412117
14.560257168787192,56.3058651625907
25.051828813969014,50.88931546341658
22.089416900117868,55.646569158630136
25.22982207164666,65.18340002977888
23.098254252666123,58.216980271240466
26.296071457442743,58.295318813441256
31.2388677353481,56.285174904237685
22.56441904453849,59.714858507227824
23.861680608608875,55.924958608263246
27.573338213598635,65.15289332427723
38.21108894737412,65.70383631673157
32.93692254544553,59.12342190465341
15.907267790842495,75.93748628379112
22.80905049946808,52.213175525422656
18.25436478127147,67.15340088913045
28.4165574869428,59.80657609416921
26.27418116007502,56.876838936243374
28.286107023312233,62.33193411184351
30.783004792380066,55.46206347705182
24.432289347692876,44.46783116455198
15.052348730759057,54.72622928559197
25.398377162054782,57.314368467716186
22.305447200494278,55.935092855774386
5.674204263799293,50.74804043771568
32.56834871965997,63.555993900087074
16.240632381678992,51.49025464104957
17.46761691978681,53.49760026772875
23.31748386503008,55.63318986214504
17.937412981988523,63.27676039148489
22.390966589406606,45.37088432169671
32.58334936687581,54.825537207844455
25.302910661603043,58.81037110357418
29.118837827741423,57.156532557828974
27.294974089675367,50.4248557078171
28.544473046471833,63.43094345497313
14.352337807719064,53.85690889230907
19.817453308638733,51.89211868560305
27.549102785466843,55.75804853442019
18.49671070491751,58.39212433866033
26.756032409282533,51.902007414796415
29.285673406733714,67.9504335396177
22.837529651740525,51.09911828834432
19.19276443519673,52.24516146696854
20.991004841452423,49.66754745221732
7.997329475473972,53.5719290119643
33.209145507849506,73.77773619592341
36.12254895510381,44.4285609316674
29.526114678186733,55.55657445276177
20.581851624934057,57.06673989145184
27.39043461271354,40.01662892392905
40.769863077525535,52.532578019054625
30.923471461335986,47.73977227360607
14.509439531693204,56.26751423758585
35.056687398649714,35.47052515845807
35.27418457012489,58.55000152462767
41.88667610847452,64.68213202332275
23.74291089764799,49.60454045715086
20.046129646257647,56.010339271022
37.7643098497289,40.0285377230952
16.981742759418196,55.34667606584533
24.665518411455196,56.013496832108856
36.254092451304345,37.311570523697014
35.65464691386475,51.016805936654656
24.800796358662257,54.84535213933158
22.11786262569174,59.55135909698829
28.382491358641047,57.547950563878125
29.10644167992303,58.73743263578024
27.618868609262314,45.36487355376045
53.56314500786571,46.3472964738385
30.46673926385319,47.55413231900069
22.892284488726283,58.7976712898711
32.28253505424663,54.94882353300013
32.902230419550484,45.08144380122127
40.63165419043702,57.48922757312991
29.783759288478954,49.66100063734195
26.890790708209018,48.992412531100975
21.683122312099005,48.00275153506368
38.33596168155134,48.883111882647846
48.30163264949859,51.683304343492765
30.62863905553544,46.61538542208959
23.677990810772155,45.11287094084417
20.816001172692367,54.85784619684345
21.054290231431608,49.17162633646303
21.666011944842175,45.76948634279158
17.029756621537707,48.37469259452249
29.93841365481418,60.269408448559645
27.07578042473663,48.44831177715469
35.14368982481906,48.684907520221905
29.13699441348433,55.82328121819529
26.743474914849834,42.80806658162307
25.281932908694056,47.61611878319261
31.20529971733008,41.834100159528575
44.89292417885188,39.32200730673822
49.63862130997825,44.84620457878768
23.936061935459257,41.06729835508715
28.947135353013472,50.004002233085416
22.234089791288255,47.99910576719063
41.11915454094015,41.73498076654441
31.821861096550403,42.487342425175505
39.22521076564267,50.71323829676495
19.714386638733437,46.19137911923921
28.604330521397692,46.374367546974824
32.763690741482385,48.32812277081889
29.552515661927675,61.983844001506085
39.78001288845233,45.14525902543581
15.509667992342514,42.9745024259523
40.15106883513747,63.947958551425
39.362498775331964,51.130007382813965
32.016383214920964,46.37741778211419
39.53917913967116,33.10550371562357
31.625535244532553,36.001361690458275
33.69895572603052,50.54132986090354
31.86283666782867,54.180792209905356
31.92653432628386,52.488377287276116
30.74819743056628,46.008186026794846
37.38049705601986,44.98067069506398
34.041382378414056,42.003320201657566
40.86094586016153,40.49601208355237
20.958962142516853,37.527439754090594
37.34961205961179,62.71485695303609
33.491677966763085,47.874164470107296
39.81391007748943,51.52128511057047
40.94334989418611,62.25637445437765
34.85053389268962,43.31395090254994
30.60575092133722,43.902130490593784
36.13384406610527,41.64620568736034
39.67583817834218,43.78741973039461
27.642406544830443,44.58960433903392
23.865981845368967,44.43678692691185
38.34397508024209,43.7884604595762
51.5939951688665,53.43216765921169
41.45392974463378,52.5158324434096
50.38157345313901,42.73758595915596
29.02190595825653,34.007409316101345
35.84455754349246,44.039041568128624
30.8592225220714,49.434997014854744
41.84612060333231,45.80396357814475
39.1875037879094,36.29289872286088
39.12848558384723,46.43306506104301
39.314778138567604,45.932370607945074
29.61160726008783,49.043756514687146
42.98289362480394,43.77002929769517
27.05183539427733,48.83221638291627
39.183535996096744,50.628702083964995
31.380082739197505,50.697158293549414
37.505667817138125,43.17561264177648
22.514362073988003,45.47809254746895
33.44437304530685,41.4370717099602
29.976664509432368,36.081652536604516
39.73807166840689,46.119850140589286
43.1226112052051,50.701552428181465
41.33193469519686,43.61883926076494
48.80210055743654,27.30240035796988
34.468289945702566,63.02087529808266
25.876188696927827,43.1673659938055
49.12978263378583,36.268116521393964
48.08340090893252,40.193445328103095
39.324696679211165,38.58728074299777
35.00738883488411,56.869952080461424
31.415271810934804,47.891309415499535
38.14265987239255,42.9549271232577
31.072788934817524,42.686942118002705
36.49222798328805,44.94889002943294
37.10494135048033,55.34435748261731
41.19385348231635,33.13941240461004
28.2616708599921,38.183550410475334
32.50496748400997,46.34499993858253
54.760448878071,47.63788605475028
43.0950746735445,50.87202984802595
40.83166885963547,53.29119724504596
42.171781008793026,44.50141530153771
44.726333190335076,28.319587584327014
34.74505046090638,32.53545940004238
39.2846918328995,40.69195710330971
37.53928378026134,27.889105615454724
35.624559686207704,53.343255901791515
34.76975007107655,42.08946273049543
34.58794273292745,60.912374432530925
47.76250911337728,36.056636117855554
43.87846290933103,30.739699513595504
33.675616054666506,35.5700370851565
29.13004714287467,65.74723309651996
36.8815983318428,35.210892269110566
39.76938619062055,31.43730449719404
57.21973797506802,45.06415636048872
50.18400535476287,61.74483209982791
33.29055121195124,26.374661593462942
57.77937957064138,60.29653864419246
52.116117116896596,39.38714745550205
36.728980038696164,43.55828531849883
47.59022123983992,45.08719471366637
40.40165995200926,35.867872544812215
50.41235999261353,51.270462070062706
40.18126296362268,37.30303747933175
32.978243979469305,48.16466086417128
46.90896472229188,43.7348234443448
49.295596715423564,44.49816564197158
43.507621909203294,47.70365312515907
30.156228548845768,44.877264252301266
44.21384388992361,29.695154980023496
47.76038922069437,38.11064202080334
34.86613885967297,43.816332783183014
53.688483653689914,49.245473418965766
34.3980090244154,43.81931676183412
47.63100144842535,47.14306099061155
39.15560007383489,39.63738307898551
47.55461407062559,41.03159184478376
36.33820879360699,31.286290152441193
46.752017256431756,42.36963352593033
51.25951891377042,40.44231362632347
45.95434813872741,41.959946840866884
43.263091424802354,30.645411365606485
45.18420610755739,36.52869123347696
35.3489480881601,37.57820789687822
39.550186119865025,44.84014914938672
42.813562429848886,41.01745966385398
37.07666243523048,47.21314413288723
54.07761390621342,33.380759535591935
53.35641392964513,38.33399429026024
48.54060684745677,25.975399514715374
58.839859549245936,18.340036678588042
48.43650441742473,34.062403762612576
58.10311905324278,53.33662034441525
49.30024445552639,42.09215769997453
45.91439410870746,46.31596891912589
42.26716702399726,44.01129038542601
30.252615332819285,41.16004886571998
47.631338980760894,45.55397219471479
49.565311209410226,35.552008096900295
40.638654379409274,46.303814667886314
55.16845096103406,45.18793636907574
44.329057547129615,43.37267666508802
52.44997189714568,43.767950581966815
40.79170348226115,57.77358743299789
51.605152972889414,30.164737333516854
60.26247552505519,46.06441089229229
43.894103557046435,38.27577386009678
63.51469345466923,36.98325910289282
59.946562041592834,39.30103042086865
44.701507749785684,50.13429452511901
57.83227357422953,45.57040795073956
44.504673268732745,45.72201104648698
53.056592554876914,39.57202160370065
42.1761532749677,34.5629557695759
50.18438479904311,56.116274050132965
36.02770077189939,47.90043016353824
47.241059367219016,44.20835551438216
54.25722757580716,37.379560562583535
30.883088707727083,42.83416022074791
55.239889883397595,45.26974471433375
48.75087397762941,53.93802989715167
48.70443727071641,41.84203447232018
42.13403872810194,55.25402401589787
51.668163548460576,42.342018181823185
54.891258979965684,43.1774717557043
44.64564070968045,41.91158374997916
53.005337242838735,45.11473273137785
50.26238312145698,41.259960577605796
51.394298510559366,40.896261403150305
65.26075577927112,58.631712413619226
57.6916155579574,48.34060188804707
53.13784402737537,46.27258960731915
60.907446717180854,38.54051155439467
28.34532331780813,36.079373327030794
56.511816735490115,39.02441705892845
48.35337722018353,42.34562580739981
46.78236783826593,44.36208301885274
40.711003778011374,46.465684582185375
45.62462944945823,43.19302585812955
50.53646884515868,41.234345358503184
50.56471852149162,33.49989891846435
60.68326439803117,49.312546059789746
51.82481410293234,34.31164976594806
56.638582905547466,51.45841167229408
59.160157385588874,48.067836065816984
53.38347375294296,49.985518067697285
51.46981517877524,38.32261656070746
62.044493169317875,43.459188763123116
53.11385450820017,66.37051605762568
49.79636990828424,27.04933985019303
58.93487500871738,48.11193644749077
42.14656334275439,39.54706389541446
51.364919389038235,47.228063886055665
61.680437576317914,38.364210357852606
45.18591024861169,42.23702450699257
59.37626262383331,48.39608076927673
49.741408308483265,41.01696656355155
56.650325049043715,42.79675387684076
46.29395827623023,45.0587874521551
59.654326738503045,39.23203019363043
50.94903496821831,43.5528045208238
45.87493091997311,46.94756912690295
51.15471582434505,39.158251470452335
41.632029197946046,55.85869397034499
53.015868319626264,51.55410519347058
43.31209636131304,39.593926707696966
58.94124718721774,53.13821689578355
51.224741576325734,29.53381433304048
56.160740589656854,50.10403041980582
61.70593469733877,51.92157626447762
57.09016877684221,63.73552579234648
62.7824887827807,37.78162039797654
65.40414742984512,46.04369000080996
59.37245910874276,42.87929200377954
63.94369330220519,34.15121550202201
54.270832223831086,35.65891539796934
59.93623104951555,47.750060644733615
57.38816157001659,59.74745357002109
51.49302180541906,43.92415431917811
63.96035493652233,55.66879628114219
46.47668867566513,61.876376296882874
59.770463589558865,39.38935031432439
54.13113296546224,35.543900216393176
52.658601665451926,36.04470235088788
58.47428469382519,60.2887516219139
53.05121475524442,49.27458121268688
62.40972735817691,53.078503592317475
43.00076942634783,54.292177403874554
61.54538143794887,38.208741055682836
64.46948100352432,58.90779569411694
48.26047174532954,38.26992917947383
42.312606954520426,48.269226803571165
65.09849790047404,46.7428102606091
59.918108103708235,41.7764610771104
65.27296384144898,50.98263754620344
49.302841304783286,47.09067902175551
62.10041817935905,38.95828002925113
59.73971729347274,47.2214681883847
72.35984740866866,49.86158125742938
61.37436423377815,54.17630429280634
52.00081334253521,46.422805459301294
48.862246006719744,41.89486676463614
61.662205071492046,46.74545213402897
68.91483848461682,50.181727775774405
59.981580204123,43.56938477247831
58.51474371880567,56.36303680424734
60.24501586799418,32.78686825590533
60.777757556605316,40.583185251797524
67.1907120524955,53.6454757860681
59.11312755400677,60.04069481512287
60.57166767513266,41.81358195252578
68.94709994318563,55.563785849277565
67.63906708227621,57.206461918907
70.67865995052209,61.974836789632114
46.47608891820894,42.84309907806236
70.07939117392654,54.959876240022844
59.01960668432001,62.18344041034852
65.83830701372509,48.68104432767544
58.92443859272444,55.45189436575838
57.90441220390381,55.911534046364046
61.03002552538948,62.05119929000523
54.74642184470473,35.80687790378865
68.19969891780455,46.742155850937834
48.63078989962477,49.3760338072701
64.76752014402415,53.38169763082326
70.89900548454906,42.30315871294016
58.651574039108894,51.63114622547142
63.35523390591991,54.09712647925979
63.474345970643085,52.06270350883543
54.570779968649084,42.619324999886885
57.19196725295186,54.38617688106299
56.056503771214395,44.88586512608454
58.053168240628125,56.9288789032079
59.19766249621723,52.878845842029705
50.96057810623476,41.19314565135167
41.519720207980285,50.30762149222356
62.92497782055112,42.01478027192734
57.23649302612723,55.27618042449558
54.40785500697865,47.58874639175778
63.89628707903022,66.65888618748095
71.23919797474872,47.01263820255764
69.62863538099212,43.02191905370667
68.32245726965897,41.6515752396675
56.01803555519146,66.96106950830152
69.91518015271281,59.16028755559899
74.6428318487853,64.37870326773324
66.84793140523479,48.45210418263215
67.01527562893314,54.633601945920205
63.946170836956945,56.32868553242505
70.47608846390447,58.48033489285541
64.1925656896247,58.949327052957294
70.57930522882124,50.65988184497282
77.45152429238185,66.69631133277763
65.77528678336297,51.46109584435302
62.88909043795159,51.14143523940747
65.47730494364838,70.89367594290724
72.74547213628132,52.4931270342071
78.4652317180822,49.648826024270996
64.72689618685915,76.33607443502578
66.72908082645054,58.045987611453214
62.679022089799105,57.71564637367983
68.45031406169198,56.62568492595258
66.42795620515224,60.381885835732426
51.337475390123046,56.236388233454846
61.9035282459545,60.391833526158734
71.17552945548175,52.86788891255056
67.16352020546442,66.2327213488671
51.04374767879031,50.874323505805755
58.76012934866008,50.94034658035851
62.05353279980795,40.71016495151009
57.129498348501485,61.66226246364965
65.81881333231225,53.45432692261924
67.92162395149846,49.960138628776555
75.59692370739377,63.81441391963804
62.795185211512575,54.41167677493717
64.76330846512252,51.736328818732545
59.907318354388046,60.68696161760862
64.75442264399037,57.74844275087256
74.82595634329064,65.74258070387978
65.58212173803217,62.47063742310194
49.89818871732072,75.90885225983338
58.03595508273762,54.19708448779478
67.3167431767037,68.0659214316135
71.92530253504435,74.15842897845957
71.76362493416718,49.86791646829904
64.39252832264268,55.015831632053334
58.612879656161745,62.64571511290653
50.587595508748926,59.2521377058732
81.99147085530689,67.22440522708452
62.764708604288344,61.41740151132907
58.2683871867259,70.05901357898921
62.383221950024485,41.13946350469128
49.461030877072965,63.07599460465688
65.82269615548113,56.3668298753528
60.49055004473334,57.55178896225038
69.32355317951964,61.53334323389238
60.229746766280726,57.46824501212146
69.9872180962285,68.24501796458748
64.60897648343203,72.54518899493263
64.41639627570937,55.52792772983673
58.19030807362613,70.79157716418109
73.68035788940395,64.27198974419701
55.62008772649257,58.994892768842774
59.83201638192763,65.09381214959271
57.11185836772239,47.92133729096205
68.10722016079279,63.268982896194494
80.54586490784534,69.72166843595599
61.953127131562276,57.82304312314967
73.85228340310951,57.05724351008672
71.56533259963028,58.16726285043566
66.71988053843494,58.60844061108944
71.17979127315012,74.1741279200589
67.47193908684548,58.44149214409529
67.75573201010502,57.66622797568464
77.08157314982435,68.22746799425906
67.50899449410602,53.99684456387848
68.67836731564373,62.064154710009625
63.17021811470624,57.22732616089672
58.306293237739254,72.30238221752354
73.32490702996905,69.81604135007994
67.8306327716051,75.81992284381087
66.4839796028791,57.93792994307492
67.09911406154487,55.61581053909087
57.97568426812869,60.36902583946676
71.20647538719416,55.553336236932864
66.3740408919053,61.292514479964716
63.35077873306593,60.5498030717327
82.81033902755829,72.17435153305594
66.00297699241703,55.18436482079099
64.06518383928106,58.94174847106571
71.12653591532131,65.64992522247195
57.665283888464955,68.64835502349302
57.10953541000961,79.7868628089817
70.49039517321827,74.74599605737458
73.57039354584555,73.03367463478969
69.50290614711774,62.79709969478642
72.82417124974604,57.90969054450881
52.88566493757294,59.376843623760585
59.47353047105038,71.88511626041792
64.61876328642008,68.80237744363863
73.51922661075069,69.52057080955474
75.37925515455997,71.54902291557343
61.25430693481296,69.08669770597736
70.82429462710071,60.32676802295221
78.30556415607866,68.35294821931103
66.4058693295897,63.78285669889034
68.57773440306666,72.92793769016987
66.91623792607358,71.0383206334396
57.35723892491025,70.61286032949252
64.37637388302845,47.285293366996086
51.04840259125514,124.75571899159873
53.423402247472325,125.43857907307576
52.736426120440626,119.37014904100316
46.36262801135254,130.364354029579
42.975689427040564,128.58528788871175
52.48035647590284,122.9447559139383
51.76975552232585,117.58488646718368
53.361990756400814,133.09692224941122
49.36151739570075,119.02958060916566
43.222880173895426,130.34015489239317
37.971825053036476,127.92032205323855
50.11483028619897,121.0995834749314
47.48368481709581,121.59912484745954
45.11819663084283,124.50495563400031
51.01890964915679,126.02243463396583
49.39355425024916,119.52005117003132
38.75389378745696,126.43414214021304
53.37271024853902,123.26526162507169
47.06143618151989,133.65298176209203
47.34645022896886,125.96922591635042
40.997988274209014,127.49298879159687
51.37467977577831,131.1404379651011
47.027321238117004,129.5500088395195
54.00407651527302,124.06041624273304
44.14493257207312,128.51576397051986
48.13599698145426,130.19641875153204
48.94702639076922,127.01478915144274
48.742758111011916,121.72451137642209
43.413007275246656,131.36552990797955
60.39656081221291,127.09066587997435
47.74482746574171,126.53529818242527
50.799632620748596,123.7938624624064
48.742567680772794,131.82360288856472
35.187602239756195,123.02408855506609
56.28182458351034,125.78432681708016
44.067019753203915,125.70823762601783
60.778221053323065,127.73948388078237
50.32169347302212,131.78040861358028
46.60018888662744,123.01177702793666
44.503379929958676,125.43665743225381
46.228209950901196,128.35007423050303
52.37051604368758,123.05450979453344
46.69306174457308,119.1540755553524
45.53442364490743,122.94474458658082
55.26784089847736,133.66676262977438
47.969282023516925,132.01399638061417
43.08512962969553,124.71065763071196
45.695424500998406,126.05518232203217
48.17966102318367,123.04894321964811
47.5547546751387,128.13996126047235
48.20144191108103,131.8655486989439
45.730971185348054,123.99304378428019
48.78319668817416,125.6019946427938
55.64934049133488,124.44870646365027
45.718081460132424,122.72688831106619
44.51409432807313,128.10784185141432
43.08756126128397,129.70677006573004
54.26172117872166,132.12618350581693
44.38060208464925,124.12723586199137
57.51876434316519,129.70258106836567
44.55569052891633,128.62045953051472
41.592383813743496,127.37396459156193
53.1719908632575,125.65458864380189
47.353840482031316,120.21189296970468
40.78113486314106,129.1499853953975
49.54648454693069,126.77710092904871
49.22976689995985,117.34930710721773
55.52548722996367,123.48487641161546
44.1999744154382,127.69097571876364
52.53779250293043,130.76057206183907
46.08755314303556,124.16185410746539
41.27148102993504,131.28214105798236
41.56948626371798,128.68273669083388
53.7850114821507,123.46325876203494
49.270856550684684,118.46532290322887
43.723300677955244,129.50043085963972
47.292036202172184,125.4702670759055
46.57858788170745,138.7393841819579
47.67007848739508,125.92815156307563
52.186826886146775,126.75189601656726
41.00180517479743,122.05083263851898
48.98398440288311,127.96804852794902
50.563702450868234,121.7035445082729
49.926804827545645,121.69333234554765
45.61634573939403,125.26243901159489
51.15270948960257,126.63530657573412
43.910854751241885,121.96171773984287
43.56082212376508,116.87759844921098
37.27010809463482,119.91467620020983
46.01844742624902,125.72366918363547
46.69101358632848,127.48943141371738
46.78232998717438,121.46733297864704
57.961892286256514,133.65568671633636
39.13801664255543,129.08997894222483
45.087400629072384,129.96603249180515
46.66690670261058,124.92142360320496
50.002991528848185,127.83469419457977
46.85991443931078,134.82029354143586
38.79310598080603,127.01753896115807
47.4720295807831,123.92209344707456
45.36603488767779,124.67608348674678
52.395854713265166,130.1258184565442
44.68980538876216,129.91315274668804
42.51732670088641,131.0920847482292
43.819143981807656,128.11147219158832
53.631651247349694,123.73572697207369
48.2832002189722,134.5925494405093
40.713393569778354,124.10118281385233
49.94390542956721,130.43721394157393
47.64451552980227,122.99306272302735
47.31941872871438,118.99308176698104
51.32270642583626,133.9076079065374
48.535869853929086,139.14675803953844
44.12001848763839,126.12389314818039
41.28296994015493,122.16945514840924
34.107044121121405,124.49177538180217
47.217900750378256,122.7144901388152
45.30555495317504,120.93899225256023
50.94620139658354,125.18716631439665
45.86070693123844,122.39259892302029
41.20903329272928,127.50803526731579
44.49482554518444,128.55476102641816
40.58904927932739,129.41953574366153
48.748498780783194,120.40570716379686
46.33096298783606,114.72632210959758
45.083053277807416,124.02879692789143
46.30956675698806,125.33108448250923
41.02420484096204,125.00526723877643
51.07187501677763,117.14465153042136
39.44453278846921,130.20310008967846
41.7993704914766,126.74737843344008
47.5855497370193,126.63496553261832
51.24047732925596,124.76859127255146
52.43496292547056,118.00178322069966
43.741306601074925,116.81358479757588
46.33834416764697,124.52141749953138
41.35227262524801,130.0937998747371
52.96718773223425,128.0903275643448
48.20508076258949,121.33325106815171
44.74796134228751,120.00034386739996
48.035634093470115,126.98193953101634
49.78873277670484,125.61529163746279
42.661051012993966,130.07754809941548
46.96724876327841,128.86029527359804
54.86456271089726,126.4491511161745
51.36592209682016,129.8155685270234
47.95488386871327,123.61760693870416
50.360432353521304,121.3164814174331
53.218167853821626,128.0025114992535
49.13314403373707,125.35495167287166
51.61420569375141,125.43477269516752
47.93802703200776,122.75619792784163
42.41326658122907,123.23713496951085
46.71799323038183,127.73715637517239
49.86803022217216,123.18474615476832
51.789788469872356,122.79814418972404
38.84570885485123,126.54809174077066
54.584761698686805,127.08827872646432
49.13072054543526,118.0584760173186
48.60505573006954,121.58871089686825
50.519357219478394,121.3566747695492
52.503811632807526,121.08351742574352
48.9656207665973,119.2224438986033
45.648822339600926,120.67771785468494
50.28675900493193,126.9398984567717
53.67887543553062,124.17504173757294
51.97879788641754,123.30890847713391
53.41060518962338,126.64475582250104
55.259637358971254,126.68950108733159
47.89606413529758,128.44123863322764
56.138215048172796,124.06999956015633
42.770178675686466,129.68976423740025
53.47381754221359,120.72991064741969
39.42635195571463,132.62411632699082
47.94163897980483,121.5622417251878
50.74661057825182,124.47934000388439
55.091825377643595,128.22669625891254
50.73791320110456,130.4208586006474
48.8767573731813,132.19529002381182
44.69019057713968,124.79924434531418
47.395553958744316,126.13471197913735
54.667258747535506,123.03397918723728
44.14075736984392,128.2792936846335
52.817515593944044,120.12456370456367
49.54233582907677,125.21860370977544
53.55173873621014,128.01185382143439
47.483973560070616,127.34718220886397
52.16007533114822,130.61882384841888
50.315733702193,127.52471925245548
56.98010733199914,127.29121694390528
52.67795129055411,122.36201777879675
42.6312244169685,132.4155513831297
48.159961217743074,134.5507274585783
47.8255937182533,127.86954496701391
50.70045145492135,132.4191868231954
50.81176088491902,121.98117693930298
47.063094607338044,121.11866274441478
52.730998822851255,119.12023728701256
47.142694947283715,119.49770648611998
47.340324874571536,127.8745004803015
45.82268049604906,127.59075005757015
49.77185016492827,119.20531866249522
48.720469354780505,129.89715697780912
43.61973327859821,126.78168867470727
46.25917274271201,115.38245188332326
44.41215693820937,125.00292992956844
42.58984655081841,130.06279478892324
47.18917334528489,120.7719654680039
54.16274217634063,129.01336644366916
47.741948687888126,128.16235216293992
47.31611284013441,121.2083129000871
52.81081794705669,126.17947117509958
53.51233303269562,122.4408668063199
48.0948789599375,124.61561399115168
48.16957087118289,114.69173668387454
52.08394551494578,129.36333914688123
47.92290492208639,134.57260268346624
52.412073554408124,114.84020929920688
44.081526938114614,129.85914681172284
53.31916405638987,123.80985067056052
44.41963693891223,123.12375756905867
49.50323067590394,121.47145383477805
48.01107989688314,121.90703041911225
54.34958188913456,122.99739877444776
43.054968720601806,120.99245704752336
53.81248405836726,127.8688203017102
51.92148663096452,120.45335182250672
47.57456703311632,126.09898608501882
45.61295559925795,130.4205625712595
45.91810379907606,123.5527339466749
43.88096385840406,123.6664020970229
42.85804725344407,124.58279584918448
53.024262270328286,123.89759634435548
43.488265732867724,122.65405224426401
43.48200220987806,126.17557333683001
47.89159449234594,127.97234845733009
49.53321719712574,124.90827979755775
42.90551255328538,124.36511573590546
40.27151902962003,133.64789933643667
53.65495228854876,120.63418510540593
52.356655505304076,119.71841572425221
45.18252401108385,127.1462850209021
51.275922106717914,124.46882718793846
44.62079853901745,130.6627660075767
50.592655460815394,123.66430809229506
49.41553269394795,129.03113713771833
49.20014872375014,133.19164714069146
44.63571093329122,127.8891375355116
48.376100252130364,121.2334686527163
47.23679818700387,125.04497543484997
50.502105378094676,118.21573924659991
49.49225309499885,126.39505096232499
49.472002877998385,129.1832784398232
46.60694384841404,129.25546212082213
41.77018860295115,125.69954439163993
53.5240581335872,125.89258745515154
48.180997424253256,128.35256404883617
49.360021077316716,119.02325431716211
44.53748562351839,126.0419343484086
45.65687371005108,124.80089307285304
52.2625456657974,127.47533737909109
50.465584668278126,125.1082492220613
52.52381575607557,125.7909266536179
47.985841046888105,126.67375778581032
52.29889513867036,134.3539664757845
44.68706035353582,133.31834604467844
53.67908300906987,120.43703796522134
43.51974351316998,125.56332389413781
43.92667849788295,132.25331934939226
54.83844202700695,123.98230549174632
51.94177736188287,133.68127897593746
40.92054449814919,127.47821941136525
56.198790184915815,124.80842438307796
47.15102256899506,124.39439840343144
43.99006521436227,127.35738672486477
44.302097721201754,119.73673460337758
42.357107000575894,126.09947280567208
48.04272184408278,119.03824593399275
45.98915766025005,129.6195118165637
47.5121298821515,129.13781297874291
49.61867255685849,121.29171664642648
51.16790782312271,123.97423607132846
49.63990152644285,121.41836956735492
54.102781894954,128.25422301308194
44.68959370394275,118.0812201999133
48.72755207827765,125.39309334341898
51.79879845498956,127.52298618328993
51.77680472648282,127.00928179663437
45.7187834397943,125.10896869111643
47.875633698939936,114.68744143809877
45.95762437669892,127.40223414266566
52.9783903860958,127.43105684774889
48.57354164195106,131.81084048787278
53.0108237500223,123.4463158358914
48.52462699342072,129.3875415248142
49.49436749981627,131.3044162721193
50.26844842340237,129.56449633891387
48.885658321124545,127.02472103321865
54.37218690843255,129.12410126971878
41.80761788649021,123.91031058182075
49.88960516453842,126.46836177970293
49.61260140834804,128.59090723335828
45.208237658195834,124.41233255663136
50.59635216877272,129.67604031395678
53.932460003695326,121.7483709299347
50.52956569674686,128.99323385987523
46.17295367082075,126.87280439052124
45.43655939809829,125.85459611211141
42.741308179869314,130.80001890900957
44.70350513463175,125.02524532481306
43.79713844350254,133.19105424394718
51.41144946700003,132.14212089670943
48.117542097014656,122.14993357784164
51.16314236155886,122.48125406479954
52.73635521993141,119.28857985860671
56.34933515219357,129.2563267835233
49.8928334812734,116.21733067504374
42.560483423150174,128.13585300754062
42.09795516949202,128.48687807408402
44.23885433691734,121.79419169053283
49.36754602072056,130.6460972607633
50.07674198925354,130.12609851503555
53.345408348770775,122.55722106250641
49.65462758657577,131.648509860199
38.83862175381818,118.24238815939326
44.1224767673211,117.17873613033038
51.377058041423,119.94283773945573
49.86993952553624,128.11507921694243
43.10398048923892,126.15604988460974
41.55346408228111,123.73349038354831
53.70376508875238,119.15122408605643
48.50361516065482,132.53550341727941
46.78987131595993,128.44857383917258
54.844700414490724,126.51145162361762
51.463655348908546,123.60652503561558
46.237005440171366,125.46972034623985
43.19404960925196,121.12408177820849
49.06682564400241,125.76150201132914
41.22324592758896,124.81541899624612
44.4706206322718,127.16193672559135
48.794457691022345,128.75754234510188
43.68238197903642,117.30814133790702
46.07861215556804,119.92375235510649
54.78690722304188,123.72589101745518
49.402794884117135,124.72535026170083
50.575869551011415,132.8398508035351
49.97892539862101,119.80968612977657
43.67791679406171,122.29268603752357
47.60810521672857,127.83195630297973
45.52235264994965,128.61000172569362
43.766481688298256,123.30492538984872
42.597903614906684,130.20328898241246
54.32184980363528,126.51851375901276
39.64043387538136,129.35714019789367
45.17703071354992,123.34603665315252
47.91404020150808,121.71471744908018
52.37095767376984,124.71731983113794
52.83008356300523,118.9346545613477
57.13321109433791,121.14802938830003
37.05034026852823,129.20483915320938
47.86279679700974,130.87579998077354
45.5153841960241,119.14584280647671
52.626775056754184,127.37305240344486
48.032083664100746,122.7969099566587
48.82430879064038,121.16910505669703
41.44020648905192,117.3543053814491
49.6190124374331,126.11448470413069
50.02410188648348,122.00282632119209
42.66552186194777,131.18164476608456
41.967222912083564,121.35524071369179
51.88494247797913,132.89439308985072
51.61759614922526,113.58447727663281
50.34745866549191,120.43137993123763
46.09388671475066,116.63619175836544
46.74988040114092,129.8227668652237
55.14525895503553,126.98449783621295
43.97134376899294,125.22414467893182
57.92346987153688,127.37653190897493
56.03550201330634,132.50471872570927
49.82935399505594,123.86718841114528
47.941294618166985,123.12623767506359
36.03165737594415,125.88476242293318
54.62398352626748,126.3666387879174
54.05083866333118,127.24064771234639
42.82443372995338,125.81056153859325
60.7220439156808,127.55420695529934
48.775250848920386,127.13080405089688
43.22685125805464,125.66188274816588
48.70740723164137,128.65878320056115
41.848451147240574,131.5639012436986
46.22763517961002,124.17492403111132
47.040004522014705,133.88240368244618
42.73264678551056,122.3973511486493
46.573397533154605,128.17783378692428
52.771727991411176,136.9560695066343
49.57841258787056,114.14190428264506
47.028574187085496,121.67804123391151
48.71833925893227,119.79568004040428
50.92676203629217,129.6455595098261
45.733093728368836,122.12299281537099
49.3377179543119,132.36938845262267
56.260266105008725,122.05343314605942
51.52192528336407,126.32848533116157
40.86702781511843,128.72222546384432
51.34918012617668,116.10103806989142
50.16699833356599,121.12077439177368
49.01223357392676,126.27682464896445
38.728970559643976,122.43352173425392
45.19197012055714,121.88167245156389
50.55519740869697,121.77845318788812
38.91500840937456,128.27770690765385
49.12911405522411,129.37045324044405
48.702777764946575,133.5083934294166
36.01288962743826,124.15692898932734
48.210430002649254,126.09673312601252
45.480307678019955,121.36765657693353
46.530834465866846,121.50291766460487
45.6970960381804,121.27793322913456
48.75090354436789,130.41334010598854
58.46039674437726,127.03699496694249
49.07080682785,123.64987545383099
48.98494626973405,120.65810494137472
44.66630552704626,125.60986066577394
46.010837420101325,120.92783931634476
52.44082227306812,114.78478321716914
48.26843894881516,133.50114827156222
54.67460593700032,115.34650894224687
44.175234566560746,122.01209359394701
47.360985678873774,128.12051420134733
52.06625011369975,132.00216964744013
50.21943768012705,122.30190452644983
48.98193928335838,118.59131805912511
47.75246441979902,127.85126643632246
51.70871455702425,127.64763467730047
46.461028675384675,127.19990938023562
48.24129681888389,117.901624011922
46.29381721881709,130.15681107339327
58.1763278341145,123.23074673105039
39.16578167023596,123.78683566835325
45.3512553773331,127.48101947365748
42.52750573578623,130.10450184724235
42.39506944488747,123.73853488693344
49.71602090063746,125.05399927273817
43.938992365118864,119.29548614453797
40.12187833165571,125.18875433836962
48.183854897321034,124.85823681856931
58.533391623758845,125.10124305983848
48.87549918030481,131.51142556609386
46.37361350498448,124.54659188051598
50.58656510703849,122.32861698231521
52.3899052160262,125.34931095081383
47.99708422023036,119.03357488065161
42.42943405014759,125.94778580575908
49.11415571295749,126.44236209635991
40.76633800043623,126.72644058122026
44.959920576587585,129.78975403064172
53.00865702504079,126.86811523800267
48.872993044950235,122.40792038803566
50.65880099172333,124.73871871757869
43.48415582621537,126.11963222888711
53.026021799052415,125.34467968514558
53.875099182622236,121.72364128546914
44.929886574828856,134.56993150904282
43.72610420459208,121.5185023751288
46.96891684074248,127.79348536669674
54.202657212623855,127.86857951819472
54.04915526895305,125.50440500822896
44.56678817038941,126.01606143509215
47.89677527866128,123.55190322340394
48.09672195180014,130.45660560039565
48.80828534079862,127.20902910764767
54.06263837403584,129.45827333085614
52.385454944938544,117.88960968357603
59.970001164378765,133.87341593682635
42.46546830538214,127.86893163988738
43.07461185415528,126.38859373509078
47.355086756059116,130.413006812321
52.63195873914363,132.83729993150905
43.9956357630566,132.58743055601116
55.1322682431714,131.66930653790342
39.22216854411577,124.95444863726249
54.07857964764367,131.27880970883714
53.086772540054994,129.6374286560473
49.36606827877602,123.22141544672562
45.75989199031813,124.91532773570663
48.2059236232789,124.82140310407713
47.87017343058802,119.11869022533574
44.52220140377198,122.56789752866113
46.81842923388832,127.78380542070931
44.17976367414052,125.85386015416204
39.50519774379666,123.40170688345502
42.62837796234502,126.79653261372586
51.51109592781216,123.92719636689644
44.42491815735212,134.3670079205539
52.214595060296396,126.09262454575797
49.595215450395074,123.83742494489587
47.63300217231334,131.51810101872832
56.394363489030965,120.08134895510919
46.926231296194956,126.42778269025104
44.04119012612567,133.5844391946316
44.20137182496763,125.3666205969473
51.73163382319896,119.95240425762073
49.0976194629681,122.34830656101451
48.46349639967516,130.68975575182904
46.377234864013765,130.19430027208156
46.39998552797693,130.29530078543033
48.1682365917869,122.07457659087518
53.35990687907382,122.64810356469603
47.5710614970512,120.32492224002435
48.40552876735377,130.0009539264587
47.53537810152676,128.5832994745904
49.29123788222075,117.7417390702001
51.51494795999761,128.1636371391737
43.858690741762906,124.34242968486147
38.992775810698674,122.02197291997715
47.86024211341277,128.5205459173233
43.249152712530886,127.36716393227965
48.12711906232023,116.51651785096321
50.743950913724426,128.4819303723757
49.31855985919558,126.772866512236
46.07298353033698,131.96052728018267
50.92787090505367,125.46309560281732
43.42035266540331,130.59494718064806
47.93171474481937,132.81122335459116
52.3517622458332,130.48541179415724
48.58482036101395,126.56584000669498
50.970648579472346,123.69752831936431
50.57637164829526,119.64699326634063
47.221158343545945,130.11280720891165
50.913947085618275,122.91663337986854
48.92828501500519,127.7053043328569
50.96397179338523,122.85094077731644
44.18030780290671,131.66815082154494
40.67513562651674,123.75043742173136
45.710902413066286,129.938876313567
35.10415998398767,125.38982423532202
49.127995534623125,125.97196792974766
44.67571714099641,130.06034586339035
55.16211264709182,132.39731616400394
39.18496281830248,133.46281635258535
47.20866554760137,127.37210336634406
48.45251743729161,123.95133666286019
46.633526577323835,122.72499152972019
41.800944100637835,120.52508359546582
48.780535714916915,129.39167590560564
48.94353429418442,118.28685879248195
51.60176565190672,127.53990741604687
41.44205789392153,127.50289227444253
47.2757500721892,127.16997609946797
43.529976966048025,124.45983797820304
49.078864817988766,123.42881476291002
56.92401951799427,128.8743416222534
42.1468305078031,132.6951611888263
48.041066180312356,124.60168837795618
43.61010379943041,136.23239150835175
52.06888327039185,123.98323611801979
52.8117346734565,130.51411322234406
50.27746077440709,127.23828377179876
45.07244259829775,126.8524388441527
54.640269791489246,133.90003135128825
56.82395017570382,121.67936000392393
52.36710504248778,118.13742715867137
53.138938423369154,129.4189448241459
56.93127838534711,120.21975614945916
49.103701830014714,123.69214770527472
38.79253939095852,132.6613149085806
54.87890858934901,117.61935402944229
41.43974781920962,123.81642955359207
54.836988805426394,126.24850633083639
44.32223640981458,130.7893136447519
47.16259489176252,127.94418303198
48.18546902278296,117.87106432767168
46.681137835307595,124.93251052081143
54.618293095702164,132.0503317035817
45.305670327649,123.36537259015168
40.102432123717854,127.76703188918417
40.12848675841751,126.94870471587485
49.15486426503219,124.93505888634738
50.37196657440433,129.95163293987054
51.02924172957271,120.52387134799767
51.161695307078276,127.79677815774781
52.70796833121986,125.71839705051396
47.308157831281015,122.6737452870273
52.88829826605111,121.37332964092899
46.279673311461174,123.2086330571687
52.533170530753786,119.31841075761798
49.9151548678931,123.99923558149526
42.8800187771429,126.41533192516616
47.423650342556954,121.14154453845964
39.75174702895869,125.9011754675225
48.96218191438778,122.9887678660632
44.63924967773578,130.26742983966204
49.69550296634381,126.86450551736752
55.167324401864526,124.41798000958184
50.270458111798014,127.77888442406704
46.07406459852137,131.8977134937478
48.46983461036294,116.93166172673426
49.19600740661966,129.87923136520357
48.95296989790516,120.26603142811368
49.62736848724834,121.12271467469385
44.48666358267356,126.44018022995462
54.03371266090609,127.8304295342168
42.899880566973266,122.77308227845755
50.03154619465523,119.45375342073851
53.74720319417423,129.73951060858872
52.32655992016235,129.73504558292404
48.80601407647438,128.449285488776
51.261696460205115,122.25314849364821
47.9454634593581,134.46528592379588
40.33756898758966,126.45974879235358
44.50880146998274,124.55699626646806
46.618214236888946,122.53725668976787
47.60762954293712,125.81117235699628
53.38715274828623,127.60221005137147
40.54323112719063,124.29624145013679
52.89575631595592,125.14474279391762
45.1762769727294,136.38300315644966
44.509003155508886,129.8089025609386
44.23449893619394,125.85652676336382
47.77774060797571,128.06979519541125
49.41048351365708,123.44504835106535
50.05991412402253,122.54643956689458
44.24835748356427,133.82895811012722
48.954282849163135,122.88073335353789
44.0356936697363,127.88312776776317
48.723801841760306,118.57109270545264
51.30087523420952,124.706273797716
41.85531266518121,126.05128200592003
42.69314694266886,131.99380745500733
39.909615045666854,126.77815211686983
43.08982848271867,123.98765559074033
56.799488885659486,121.9818093670185
44.79440471130751,131.67728564544953
51.13908676086241,123.19920179423093
52.42598513009735,124.37209833049371
47.695549438633066,128.9989263589961
47.147328356008174,128.17899433120277
46.13871154506836,126.44455974596342
46.60482346935419,121.33226855637582
40.99042156969106,121.32073221782751
48.44810693357236,125.03444886664985
50.707819226924094,126.6418644873152
49.01971084491995,123.91369042147757
46.63846016127083,126.55406496797791
49.32742975097073,121.76980568131587
51.44998577460547,120.59905929274255
55.080140144286325,116.26910735807877
40.01935259581677,122.25678061824013
40.24186751356774,129.94585905098663
42.55178357366696,131.36916356694837
53.42606229700576,126.18930570934594
44.590114344229306,127.3933623574766
42.14007700954104,128.65464293408212
44.719642641271705,129.69919692231727
51.04886744320164,125.04949713237028
48.81768652894346,122.02781117916247
46.51099548414389,127.03926602403004
59.68379240571398,128.16542491887483
51.08857864390743,117.8816741348122
44.01924957244554,124.1273057123481
48.5659051187894,125.885217278958
45.50016828171469,128.71035672274894
48.493243828639635,133.11433728419647
51.67744760420508,125.41209316826743
48.21881608730087,129.82689107498757
46.06628805535003,124.29050970219902
41.090765611199565,133.58806664882948
49.61146124434857,129.98514682026266
49.05187390905226,135.17037345279962
46.76317056750418,119.3027502065373
46.792623312305544,130.7740806789441
53.3008023767965,129.69048333580884
47.217052360536755,117.18701983170507
42.020913640273434,127.36544135358987
45.41444945457758,124.36653630179593
46.42532693169703,112.420569715398
44.6616825273153,120.89785365096814
46.820623599092755,126.06229076880545
42.51876003706039,128.00209963944152
43.87737836652119,128.17139491399848
50.04582748467285,120.53278364380259
40.52296312195564,126.50509150668422
50.53721048414515,124.66039713290238
49.86106074354792,131.9637484713808
46.015962678784454,127.0392235237501
47.41422982151591,122.75042784628513
54.26698031287416,132.85789989476854
46.73334318043732,127.688323437184
54.42412739161558,129.43312073490225
40.800409767222796,126.38619117236638
47.508864063266,136.577465953855
41.73461255289123,128.9594741761889
42.89873034929191,126.57497418945783
48.979070969838595,126.06087103874002
36.2580311333339,127.8313622083872
51.40412312147014,135.0121328504238
48.022744918023314,128.76137071583528
49.023461891276845,132.162341365859
42.10716607747365,125.51857053051283
45.32767429063865,121.67967219172273
51.54564650659889,132.64560142122846
45.548819188584915,126.32092483402387
53.44917465275035,126.07991761130621
41.4148304400995,125.42854642175698
53.86704318202709,123.56733928512597
49.118596868666735,122.85199575104058
45.37717075003947,122.99084660667522
39.229792871848176,129.16462402048583
47.36381744750528,119.29671843716059
51.372704632954566,122.48523563909491
45.45008273059073,124.07563381255115
39.6747676892026,122.61894671432626
54.21809328014902,127.40272696954707
48.24638710731069,133.9307779151202
50.36499553849284,128.2388373938639
49.76297146421566,127.97850436592367
45.85447329896817,124.09770748368639
47.45779251043819,125.30654374826543
46.5934866593206,127.53940503599496
59.09108930989577,128.96756102011537
52.96905176813555,136.37403655114502
49.2155107501413,130.2765304575683
42.26070538931506,119.46174224557973
49.86320242439277,125.776626086214
44.70531016918643,119.67700306577788
48.05007260022732,124.81813029207002
50.19250416996479,124.92701303400044
48.37091830493702,129.90419891973193
49.071179963363136,134.28032843217005
49.271704326623706,124.2752952075029
42.00888227144527,127.25547492226795
41.7543537866899,122.28512800645063
47.31650116498215,131.80906878490072
50.587706275349944,124.49459638446723
47.905938781557836,125.13234831374618
47.492691003369956,122.75051480450817
49.43977499268056,122.03675790006884
44.17695623843419,124.83798160211987
51.96820763816022,122.09173862778749
46.681023418751245,120.53986150668646
43.53698874478083,131.13219372041826
42.08156014627545,126.7398425752919
46.03620422370289,119.08086404696512
37.911131977277,126.60363319068986
46.94304377830912,127.44960869170838
50.84681574333648,137.91991235734187
53.06286701816464,124.02522291512166
45.95531125927231,128.8535220343023
45.184524996682526,123.43537655261758
47.73196834726924,122.1803564551105
50.95665401973724,120.70380349363803
40.489118183405935,135.23106587381872
56.596216139458356,116.9286522283561
40.77043113176946,126.24318760391347
48.66250458278536,129.50918203948254
57.52398944714025,130.8982404461327
41.47552552296927,122.11983497719157
53.67787502304147,121.20050636236341
45.57176607719066,119.9637982250678
55.43764114468124,132.03185669425977
47.37075419078709,124.01866544590878
48.14074916643615,128.88110348846982
47.49812562781284,123.50362738268656
51.345097988919804,135.94152257037103
49.47044387896843,130.9923160750866
44.448989348772095,122.21548244435711
53.92670261590412,117.06337787661674
46.17734022539261,124.46675705480311
43.89939246555165,124.85457671347768
48.098783907238705,128.63845902575417
45.663227679180885,131.17504605656364
55.36239102199923,134.5554626423592
41.774239165744,129.4636940284987
53.01598387916953,130.7771843196812
50.75091128636397,123.93598052690797
45.48143574530268,122.3968537651473
54.313178412719274,129.76484486109882
52.01814208139216,129.0887255867014
39.7099578752359,128.32479711975193
50.08714312752328,124.45157754254714
46.22853878907963,122.25654267956654
52.099040502886155,131.06037366184725
51.73746699865101,130.4133374384678
52.16637825094912,125.87861984170407
51.730744923534324,129.90409185694426
46.58644156608808,124.37736276326518
45.41967309779152,133.51139549690149
44.594511517433375,125.74996694806588
45.25416255671845,125.46058272053581
43.21720727588203,129.1964728912213
54.811092806215655,121.52231172954129
47.38442035422939,130.45086977306528
46.74108945825905,126.4542076885455
57.689293199819915,124.47518754210326
47.73631812530886,128.19285068160235
48.81640618787698,134.98025121159057
49.65559677449887,129.8247389631905
47.092476367253184,124.28615751249708
52.907691050781665,121.91646536174979
57.48881886691767,123.14537395739977
55.99588572764881,123.0411406593007
44.87516014053417,115.32073671979177
44.583088092661384,118.48439569362435
53.32410938770161,130.42152591285236
43.73761663461457,117.98815235677569
50.04825202685658,128.80711184477917
51.581913949887955,120.0716253746103
50.29643024485958,122.8180192578457
45.84246005297328,127.11775315532881
50.40200218077799,122.36482255120185
42.08454010470841,128.69307242847051
44.176334065701624,123.7853932582276
43.738110230661746,127.75216236920265
46.172510698582514,119.8360208342926
41.654217468805356,123.8973695817184
48.22740797791217,121.80247890089032
43.98418575516223,135.31611174114522
45.62776847991352,128.96898653988427
52.54346715913686,122.92049046361791
51.724683070065915,126.2417763273735
45.601043134588934,127.51979068342725
42.970474338793196,125.75190504682907
43.5523737982629,127.56305750803958
43.580549934189335,126.21204863813942
47.952199686640114,128.72857425658677
60.533025679609395,129.5435948348602
46.239049849654975,125.75389606409021
54.71144762179709,128.10249133588874
47.561563680623095,128.98242471203957
43.192826018540075,123.29453221112071
52.771951309562596,129.7035114547557
44.87805041835901,128.61567252075315
55.85906530734627,123.77064245842175
48.484297189538566,119.68024239581536
50.45968453166041,124.15129660947065
47.13306655703428,123.27262649095825
48.676642121092904,125.00759893212052
41.622762850452396,132.57516440566397
53.584759710763954,133.88199654923463
56.519248412642526,121.80224314074276
42.65559191986799,131.09566418231134
41.346391904501466,119.13069257410206
50.17116533613234,128.9395712942057
49.30482533561496,120.94137028588943
41.665078391901446,128.50661408710812
53.33204362482818,123.82742481843526
56.70921617022772,127.90974995997287
57.026729258794646,124.67583801242498
46.67296283902148,117.00678602895198
46.26782813207427,122.09622387555929
45.24015138487616,123.6828842175321
43.30515899890642,120.6160381373324
52.53550918070654,124.58285324624096
45.7125137051752,124.67273718560895
45.514213171446414,118.96738868445102
46.566358408676315,122.65314627421103
45.41545254226239,127.13544286378998
45.16433521794074,122.85887857306376
55.75450047421086,130.07584592052334
47.616356517852225,127.4600861347022
56.44786819630082,121.18695642753775
47.563058875373045,118.94042939750774
51.455329833588046,127.50055737862998
44.153154545272365,131.3943964005181
42.175739754865766,114.27414444304107
47.599969163197116,127.3722932223322
49.7152701207107,126.59378744559766
43.02309609792653,120.87156091662828
50.06507039869148,127.07090772343457
43.72180307272558,127.80268008998105
43.75558958213758,129.13825610909217
48.581263472970846,123.88391353715329
37.40835370870775,126.97376662489621
49.986579931172514,123.82771542893597
49.5024394575515,128.76109107457725
53.509000121980236,124.34380631856023
55.12805788007529,125.94394724774683
47.992746744003846,121.56450868673492
43.73728999510822,124.96384215160924
50.10918601302127,123.32914525846357
55.60094780273622,118.94784643115396
46.99715440261023,123.69683378814351
41.05019008187595,123.91843028654976
55.19630002630099,120.0209927280818
44.87451665879398,129.9651364979336
46.98920396998603,128.54399817904098
50.35067798158125,117.88812298551288
41.199746391408695,130.57916026560704
51.32067246419347,122.76070168881385
49.05262691964874,124.66257374171208
42.934781096336415,124.22766681816223
52.179585146872036,133.42451349357086
52.78366396568911,122.29940579763596
51.90264609971865,127.48616642712852
51.17442085743278,121.72351623980036
49.051629671752735,126.41860894144533
44.099154721232836,130.34801995135123
47.96953709248563,124.56534545023618
51.15152754635865,118.06263049448275
45.0588627675539,126.91064517939029
46.5123172425909,128.71277589815847
47.86001870960131,126.93424692525701
41.63886365593763,131.18854772866663
41.308229187548996,131.89966040636654
41.31897626319169,124.47014822112052
47.7542795054726,121.95191328662386
37.98565576922371,121.87368831302823
35.41729696241528,123.90165286536286
50.26153140268942,126.32318181423553
45.84944386731788,126.5191306725461
45.45995462644376,130.69995785707263
39.17304298933148,125.33048645018734
44.33334648150825,127.00298889665608
49.800122722173626,129.25273299058995
52.34891839057958,125.54586929435628
40.94265397179095,126.17480705138775
50.811157771088766,125.60021959559461
47.97641427305095,124.39251565124425
53.80502620846647,130.7805797213234
42.09051774396336,125.07456446136165
44.639262796907445,121.35975581137315
43.51996139172818,126.55134431072602
55.269204829842536,124.18158591200503
49.11225526364469,120.02269142202947
35.33740939241537,123.64500410079324
47.53419378138404,125.51538781901353
53.71182677001218,131.53411989204596
52.30635626156091,123.82718999112325
45.95061954510461,131.31291803339613
54.28551126540214,123.88346864814058
48.01663127026677,133.64770378317255
48.277675605819915,128.78782086497793
51.77168115025779,130.38696489170553
49.4986588300502,135.25193410442392
38.3961680665727,122.6703102773847
47.19394849097291,121.64267303469782
47.78812409941719,125.4452779916216
55.24530716369479,122.8599109786135
47.62897181421228,130.95254814646205
48.77300879873085,127.82962568400302
34.527129549737815,117.50024902616889
44.6770586243028,122.04600451069145
54.43225910005907,124.01760961227482
38.90872316238642,123.28494586397964
51.1609158511742,116.92574264121926
44.328408820823725,126.594373301
49.47265556052026,127.46998033278078
54.76983633510961,134.532477525422
48.369996169820226,128.2546127794412
51.890083353685995,122.4538668489071
55.02835253726978,124.78671474445386
47.66408380235184,125.8544518800065
47.14700196673421,125.70411434357472
54.42313303239153,128.42215007497117
54.4998034428382,132.86059269933162
51.61625815740059,128.12602948312988
51.63760809532347,117.33285835783242
40.40694915311046,128.18944456395434
41.098769895273264,130.32756004352626
53.02823815657937,124.03181601333488
53.885745544953714,130.43625397884196
45.372056063888856,128.4349963756633
49.068988705318915,127.82654185693073
47.185333090900215,129.52153302879472
49.2711194473032,132.00241584856673
47.8305349469166,129.3666434148729
43.869803553628394,128.91184038895486
47.98459704916112,133.66015115320766
54.93633491138518,132.29808034970327
47.763771223157555,121.86706697870636
46.14214705783308,135.3254797865053
49.56610158981017,126.80164695267419
47.462391096853636,125.19319712146448
53.050103673621855,125.34808019207692
48.12102828188317,129.1352562226319
45.17945586736388,129.64086199815833
51.86461116815701,126.53173282225121
46.67786663991728,124.6812468143866
51.270591336685065,133.26989250316987
59.33820955039276,125.92805321254873
52.023362760207675,117.70699611174855
43.03588750133125,130.81919950094044
51.876713864061465,119.2957520355304
53.404314537997465,126.66150272877437
41.2820139837379,127.07578719014369
47.510310607351634,121.56835165456799
36.288037065305105,126.75761745071125
41.2715658327659,117.42020219393443
40.20144703520496,133.31927793257532
47.11000979515228,125.94486945161
52.140682149647745,124.85270060654119
39.96744498637699,123.34889619792143
45.90897207436438,124.13810997156168
45.857943780064815,119.714226338783
48.095055343804056,132.4742149888218
41.34797449825905,129.13756160795052
47.42539849990311,120.39947352892865
52.1118323790098,127.72893500323309
49.2803055298274,128.57316487065245
50.73104754913186,128.8168358226062
49.406980359189326,136.48028133136103
46.74633345533599,129.92737448378978
58.26614761247386,124.66364297440558
47.4563263662591,134.8960012175955
47.60187712065074,126.72379678688236
47.89740098906961,125.00054506266198
49.41327063408227,128.02466770414551
53.711748342517765,130.12614260444758
49.39334845040253,129.47792291105623
48.393566878628384,128.0017663724331
50.00102563845191,127.62862709614262
40.984857099730824,126.36872887585484
46.90408561549712,120.65309633774116
44.9522165003444,126.75812374580596
48.420545548525524,125.22190351394642
42.67170723261509,129.17299849129094
45.448964304042704,133.0046825372968
48.53217939320463,126.49772171067346
54.28201732209749,131.80057238234588
43.911345096123846,125.96594099197685
50.641884850056854,133.2843749465007
45.812637816916414,124.40722572402893
45.47842960672492,125.1096077546607
42.23395482405477,127.42487398080169
48.27197192203556,129.4544730597778
46.97651528424752,126.33836710046765
46.89983937489978,126.87784612882713
40.986602293668696,136.53103772325716
39.24032397786509,128.36278041271962
47.52223262410922,134.16108825135674
46.320661785353714,121.04009752644393
45.632666597304784,129.7350371972018
46.75033015319983,129.8075332788699
48.41180784443625,125.11312473520626
47.85400157113352,132.9420473517349
52.77237053028377,124.17868186658393
46.939390729775546,123.5223338297185
41.22499055409115,120.03893579238424
44.618730519938495,127.22111984787534
52.619598757020334,130.70684357290693
39.92497150074398,128.55147318503538
43.63388891792167,130.93777907819063
57.102904731344616,126.55671693268886
42.66053218996836,129.0490248336005
38.65307614167246,116.7291620275258
51.335084771259126,129.04466249848082
47.0392560885117,126.77990302726238
41.69516198469118,128.35980675555467
55.88323150886245,127.23290607843022
48.800348150491935,128.27696463979606
47.210611853871846,117.50917628941855
46.89962093576001,132.460472677343
44.089837100304344,127.0914715298696
49.296200162430885,128.70950729187618
46.226393693212295,127.51474376966553
50.199195746488726,129.50996432969367
48.98628816031641,122.15339508207002
51.232805171411236,124.29868547499224
56.10809961450268,128.5489509887055
50.02865803576494,122.47693737050459
43.944889567443084,123.95234139556699
49.327944158698344,127.14760947456652
46.865206629450974,124.88048635722596
43.48578860196141,117.6652437434777
48.31813794974647,116.31347711252532
44.56442024851744,121.94519094493353
47.9529417797537,126.99877943711641
52.33012884698884,122.40239911959553
46.413453367441335,128.27145974274973
47.55295618438295,126.956557937015
52.764500849049185,123.06910241186796
48.325657336734665,126.54706725154354
45.97062834898994,130.526974827731
44.87593615323391,131.1865783148989
40.07714689075663,125.69956386190748
45.11709711491358,128.46267120923062
55.060732387246695,124.06143655439206
39.489197577465,118.47467169729583
46.63206942251901,125.03628509935002
46.06606588212464,126.01944338445755
50.03397105880477,130.9111626411402
49.09883238144684,128.44740375276976
49.68224748957545,129.69996183942678
39.46734110277282,133.05051757751562
48.769161947915364,120.03863801826812
56.934840303234765,124.42481229119097
49.71246403436202,126.05127384287061
44.7277535459442,132.05453921583472
50.21298545746721,123.24540357567928
48.24409431895058,124.90189235153534
52.82322794615232,126.61646226930391
38.4490532118778,132.26592959321886
47.90706541339975,124.07204780795152
49.932374995414825,115.23221912680665
51.57113414291122,127.30362328825133
46.38438149639762,128.5675229000289
46.806476026781674,122.91501500042034
48.3846759001359,120.03908689299432
39.612825237001985,128.32925841716053
48.78398388482227,124.2568310521236
54.910720623930374,126.17251916643501
51.54128883893989,127.95713586915191
52.45226299829106,125.78789174832984
47.532289754564765,117.86928635790743
40.327890202392595,130.10940181598082
51.8682452058803,120.43878922722365
45.44923829854607,128.9972220236623
42.766348215208914,130.39911870143422
48.265015432493115,123.82778388933872
48.51143807039893,133.22811189314248
49.226699730276806,124.21432740895936
33.59693128827076,129.47773159133274
51.18405503577888,121.41216861879187
45.03363886276807,120.22607008199878
38.38761517878545,129.60613594056224
50.6988954433323,129.44969226215338
39.14897239124056,130.89592537876223
47.54049884617532,125.93806455747735
47.118314930351836,122.21827406148827
49.6217121154514,126.2183454673447
52.12043665380145,133.06220316612135
49.3229676705414,126.44801399787748
50.008597071155144,120.97095737429927
49.42404872142339,126.06438209563247
45.61359225670014,123.42976807666136
45.92937487022228,122.05495848808995
52.02261128941275,123.55857563205012
50.05992021253652,120.68468351852098
41.96496617443026,123.13053635118287
47.4221779361565,120.78430515654121
45.95696681353217,126.81889997550593
44.804202139181164,123.78653139322607
50.369294108416,120.94602004694437
42.65628409891052,131.48640981886908
49.08057085588331,123.53720554312108
37.29679373383439,124.4455252088805
46.98178982688594,135.55259620976184
49.11440386472344,125.1248149274499
43.29756213791018,119.83513083369162
49.0513185767696,118.48993190324437
43.01135248300327,118.32730857746277
47.30048391770771,121.47049777495911
51.750735483702805,126.71750067176012
52.62511078715122,126.48659362132896
51.01694613271529,128.90782710354898
51.30441511171565,119.32335199311925
43.76260989786869,127.55444453184467
46.28666291382761,120.19610095309531
50.683825394208654,136.3705690881894
49.62243588431493,120.20261755370387
43.20670815087239,126.25635647635906
47.45225484511873,130.80299630838624
48.35874430262276,131.5302182853163
43.9381943755369,128.23250944509988
46.907703659034716,127.89534384248267
47.63206286925912,126.06933271524487
56.46354551710247,131.12571774341805
52.633403180182015,123.08099400587484
48.90887725951296,121.905942419712
50.44363188693449,120.58273800176774
49.32172349927237,123.1140414729625
48.99601882114574,130.49485982018368
49.91372915795962,127.1852498880526
45.67659587754082,130.08335312084375
47.5115901228913,122.67620682277419
50.23259149148494,125.09166749942189
50.55953169238464,130.78735828969243
44.451675606815314,126.88364793919493
47.774706817138096,129.93947973549527
46.22270602775685,128.30445399377248
52.79242866170671,128.92343074345501
45.28063115784201,125.02842988216155
43.05023921373596,130.35884891372388
54.043389764944735,127.52827562371192
43.322396638796214,133.89254897438704
46.59174571090077,129.49142785291755
42.32134805137085,122.35919454384586
48.10255418010779,120.6210140292211
49.284541056445704,126.4271129979981
42.34925708722596,127.94598795279725
52.4220554837771,124.89602084126615
49.96382720356722,128.73411616542504
58.783310391966694,130.27522419756443
44.14231089966602,117.4112284070404
46.659967105319026,129.719578073293
41.94886296395981,133.084862933044
45.04548398634269,126.29227841045672
53.55211455982116,132.9730583057274
51.231017687209054,125.79981925406474
51.445006895123214,122.7698253254697
42.523137909754325,125.88772925554937
55.90292762740754,123.38669699716344
44.07055804422074,126.29933457265453
46.98177583069617,130.16157163438294
43.471635127596194,126.0870804672162
48.45276830496023,121.99708509305862
52.97524129878096,122.81323703061038
51.419804886120495,126.67756602556953
43.23251612126126,110.78696372424183
47.89050917865666,125.8372944181785
44.8593911526912,126.92180928992691
39.995893832434156,135.6942154269305
44.78984657223515,126.76096024323984
40.219803006343994,122.64548383104731
48.6538510772936,125.05028388548884
42.64567634870182,123.25782999866394
51.976371611383435,133.16596104085235
52.338435023444575,130.72983666982384
40.537417323701746,121.2915674926826
43.911708822175406,124.52135692382672
42.322680582362416,126.21778736165149
45.05319110322282,130.43218115534899
51.61752906762595,130.24171856175866
50.56984677794682,124.90741644212657
41.56383795908511,124.8887533653043
50.009654619259436,128.99899404610272
56.36767520323585,128.53869198171353
45.935615847586625,124.74622004963604
47.379816233187675,122.70325684038285
42.715366068414774,124.28968941458886
52.237630537004236,128.11851055912894
45.38146556430577,128.4274019152355
49.144097423371996,124.0128980576529
46.85659454363476,123.31375259083067
56.7072444474231,128.4509146854992
41.84333265068328,124.45059775363006
52.03328282420067,127.22858041223694
48.40596663257732,126.48819000371272
51.71200951312903,122.62498398007448
42.495835638421134,130.1404665899587
49.47191414520993,126.4328098042985
52.42626996095911,124.07908300001156
54.395555548001155,131.27529377489915
45.32864606125329,120.30202322081834
48.77384596836464,122.96696693605685
47.94573475940278,127.89562405201609
42.40507138635958,124.04593130959375
52.12536801371712,119.99848796152767
53.02901115877521,132.9601020240206
48.82488250619937,122.43218888276623
46.880832876194745,128.03250781750458
57.11264485888468,120.33553347282881
40.01548087036905,129.9851260714221
46.092911251866276,121.5690968447215
51.39336549597589,128.6645591365947
44.20311012842348,122.60666869422985
53.15505306177891,126.32532197621943
43.3852621980986,128.29921100433003
45.79321097804203,123.5922824232125
44.07179925616724,124.68229134534961
44.23159129205285,133.05662713988875
45.36055986801334,132.80780309168077
45.72821337992808,131.9468294928207
48.17199400020215,130.9554850317534
43.96324233277738,127.61587264091548
44.00116094255614,123.79571696001499
50.47216042654918,121.25310681830429
57.70943720856604,122.33991358942289
40.478147274576095,121.40136542374881
54.942231578440534,126.52201865575863
49.99705253404475,113.21954922438994
46.940678676326186,124.08812007238454
48.61414642973547,128.4136127099119
40.53161678987104,133.98919682916713
41.40813281441767,127.86144942506382
42.42151353033096,127.78083057148858
50.74853304879606,123.48381975257688
54.464923996056484,116.88495967158701
42.86464459588131,122.2086220699172
44.48563721010637,126.42930640496785
58.1616848142121,121.9191061012964
48.766871321857856,121.08812169411699
51.377789224927945,124.5119736792854
54.489812426556185,125.85483017431073
46.09848183711735,126.44495620408107
40.68534507128903,129.4215822337194
49.875789774510956,127.56309452438897
50.98064262856459,128.00948639501095
51.30518419883113,123.98486955619956
49.846189999228095,124.03088138457005
44.51491000992022,120.78511393061618
46.74610119736235,122.57296724240133
50.213375328626675,122.12526934882447
47.08840062050428,124.45439425457758
43.584889744723256,131.65448456556234
36.769318237406836,123.61430815235063
49.76899150443164,124.24528438691539
42.30549616881233,123.59864738501949
47.86141443898073,117.66724335616134
42.192261090532824,123.46533231736151
53.37751445749861,127.23545896182388
46.26243513409945,122.19554595350486
51.29956382228466,121.55202009876325
44.00556220222501,123.53418655720962
44.85641993098793,123.90323524400696
43.02895446821306,125.13027965783897
44.592002192954006,113.1397606548515
40.57131729992371,126.99166163646713
52.79350169655907,124.26138627318072
43.348459996047914,122.55834589363165
49.73439012595092,120.60669355107898
42.63360324424085,124.03768536527335
53.1954330819011,125.9552635252457
44.42182093426368,121.630986421353
43.40201674157774,128.06916110125192
43.740095884074776,127.6396463709606
41.170269455838756,118.67750214746128
37.50894481526993,120.39540491188743
52.19318585344099,115.56697744764875
47.57286791923591,129.75711100391015
49.99606370085978,123.69316777548421
51.83722668674821,124.90794378790733
44.37203561105281,127.94378435684118
50.519086532039445,125.48254051300135
49.979283153223065,129.3448335802345
39.51029755889284,121.93346684962003
43.497652040038574,125.43554840127864
45.67488861112876,138.23654293045468
40.22766842891826,125.30369480602725
48.14070630075506,118.81631285214658
53.3157244735946,123.62030235059004
52.86536322620443,115.55342573783746
49.26900437032691,121.75074693228366
49.62340872258472,121.02874645550762
49.17918304382327,127.66611731679849
44.333786434636,126.97956529528318
41.41720104810035,130.04690665647547
49.9084096825311,130.0974494105388
48.10381309561454,118.17368993797928
45.8626658488905,132.19590158958604
51.31721009394879,122.90974828138755
46.08451314096769,116.43343384691661
56.48547744805364,125.09729232727123
43.91757930714691,121.27146860645912
44.83724509399153,122.8899905758733
42.26342089583782,125.79242876987308
42.254896700151264,125.70995617952167
47.309048757845716,119.26756616128301
46.487562826680794,123.70687410638237
51.20763448249927,125.74639855710038
54.97510096671301,122.72992062706902
45.22306091885063,131.86319032754102
48.87003780885408,128.06397484132017
52.66886518267314,113.63321184710614
41.51605876945276,123.24190920799394
41.67900833212241,123.38165550335938
48.60014464075742,121.47008831710093
43.89040756605456,127.37163369005411
51.56749094247526,119.44929137648411
48.637737308323935,128.1197826675768
45.97617836335746,125.99791094297582
48.68542927722021,134.8686978798631
49.457727261717274,118.79437952156586
43.631025004365604,114.90902877735891
50.258012405917356,121.4324639214899
45.86697257357113,119.71335536547103
48.005458901880516,124.00610857752716
47.77088594485275,128.19676193768268
46.01603901129119,128.52096213816807
49.79257196064775,131.464172134906
45.601690723268085,121.34771428285339
43.10770850710562,128.8470197674271
48.32758037139831,127.1259544736326
49.923427214133646,125.60560415556628
40.117420564297014,120.81221156755122
52.77920328139644,120.30612103095793
49.80485207892244,130.83909940861452
51.99284022669806,125.27339551760282
46.084356446565145,124.18578317130415
40.197782110098096,125.3591520544506
53.77332365832077,132.28611808417693
48.439054182300374,124.36261297766917
49.75391883684117,124.21848263163432
49.77442434134667,122.28704004889563
52.923167480408054,124.68485552777058
47.94157830855088,115.03145476197021
40.04008462463626,126.1383339394623
44.73616597343552,125.52126077886204
46.26336101592979,125.39792805340166
46.74146508499486,127.71521911141332
48.009898806906314,129.26518743469896
41.733432866243085,130.15099765276688
44.416469923595805,130.32868491780962
42.670573691745005,124.04732086105126
48.348596781089135,117.34214746328773
40.58882720101294,122.71467374125056
51.815052548396736,120.07636290003332
44.36337063551441,130.95062581471532
44.865524922377666,120.2728439174494
49.440321591519286,129.38312474266058
47.508274938751164,121.18527014614067
44.55707578962799,125.96913854965679
47.41862869163932,122.16979075457303
51.17818465014347,132.89028710325027
49.14793077740603,128.232942385907
54.808709884022335,116.98227096001317
49.484236206824356,121.64525022917852
48.590212008037305,121.6757880145254
51.24278966952448,133.12620127428534
43.06579982624852,123.29196075998934
49.5080683465281,123.20321104484174
51.63212826365239,124.08107222797322
37.965099873417685,122.57890016121287
46.934702109398344,123.07450579844433
46.17717829894429,117.69058768253079
44.49038799011659,122.80733747135324
40.11025927661942,130.4746523132695
45.20126081864473,120.41619457409165
48.08302490881729,130.54580942324662
43.3268701933188,131.09199906548326
46.70756032547414,129.1913673656866
49.875786610911774,129.51514284266577
40.726144970967034,129.7400267675799
55.79870835445981,128.45552028707792
52.09790203267493,124.78292054747713
46.425515996010745,119.91153671117596
51.73145879807871,126.60029100425191
50.30629721383808,126.64768324993031
45.18174198556559,127.56295144211724
48.18510531008569,124.59657835761884
48.47753391386801,129.03659577478163
53.893660320629316,133.11123650700102
48.47272889355383,125.40188761067587
57.01233434077756,124.64677619053936
45.97509697924473,135.48847332632084
51.9559250326774,127.67729202732522
40.81126718314416,122.86381505177322
47.591283521956264,131.19977036687732
44.52910897644213,134.59958597004868
41.47124850405138,132.8450594550447
50.53941158004358,123.84107132499597
45.08147158917456,127.70742529750966
43.914056412522605,130.32786603968
48.74346175364764,125.46047776886495
37.70248305537701,125.44287010440897
50.799348611524785,126.95051437836003
42.91356535177126,128.3271506746986
45.84423759130796,125.11062101319831
54.72005325142289,124.48153616608042
41.65862089869244,130.31254143648655
44.89434320450648,127.47855309247561
45.14254773290368,127.17535971607069
47.30899882970916,126.65780756232182
44.142574951037936,129.87085791578818
48.20227916799889,130.2137857571525
44.63869641829861,132.49256870579856
52.87508959698598,113.50145387284056
50.157874433042664,132.08103979545123
50.280064434211916,122.4482501707008
41.90763653105472,129.07580710690772
45.93156404484214,123.70231543728701
45.025096627949495,129.85647490696164
58.423618410184105,127.26696020309257
48.752045781104286,114.83155748967387
52.49120589366329,127.16009445884961
57.63549389715189,125.50583538694896
55.11940188751315,124.14755351439545
43.15880183331195,118.35513212178304
45.87394079369026,126.20985187760364
42.5344935539067,124.99854145120068
48.8102097014661,125.76759143190704
49.77560092863129,128.57751641482847
47.41846878109448,121.74956779455304
53.14131162997448,128.291073152614
50.55944949564012,124.23967545024092
53.69678195182121,124.21058225117395
56.043909036101155,122.49403224047025
52.464219586004674,116.19421664766797
50.11418968583347,121.11337645105692
50.887250460998764,132.64085028021148
47.579841938324996,119.32068755419476
58.71030910806539,126.08892379221695
45.92912413003512,124.00152508105563
52.714835699923526,126.33364323056419
45.245593159812344,121.52833752632824
49.7589469931533,122.68928980857794
45.94528368785462,128.22336078589774
49.01098386215467,126.82612103755062
48.53196378161737,127.34392176502725
39.5872934607048,129.72522186950593
53.46692199444866,117.41905759393013
52.4119513497492,134.97776112324757
41.33766402098189,121.70377605270966
49.45158986384328,128.89638082732523
37.005286304956435,125.8587398954327
51.564394553397165,127.17975543006804
43.74912883323289,123.114033085009
47.61875329956727,118.72592935267338
56.41834078742336,120.04365503466336
47.95984540594597,128.86902296181253
49.5694571987679,122.9852694020183
47.322437061036325,133.58129196210112
46.39051863453845,123.13654048299011
38.66416639368242,118.66809444854573
40.742041513427544,123.49962243512603
53.23169065155105,120.8614753091132
48.185885031188846,116.32430572843694
43.521148756895585,129.31012278064335
37.369836135647915,128.59448289978755
48.81699079284457,129.28974031767893
49.29539631382956,114.869297333468
47.3129757580868,116.44385965324295
47.61415523808319,127.67543855803017
43.28019044383198,129.97634336882246
52.606225000979144,128.02173586141984
47.925150038531115,130.7942844047939
51.99755335400151,122.85438323154041
49.50314248209562,130.105099234882
43.442052921004496,127.65754486429778
50.6293213104426,126.67135682572484
47.5473237520226,129.42250438694685
48.47762044345282,125.74107761644012
44.87375312691313,124.19308739226189
51.71699640676274,124.9731435061637
43.77821381973571,127.75217260363105
49.56169106722893,122.33717599938886
42.024926174761475,119.05891030403399
55.00607229968218,126.96155655590275
54.35070669722034,121.03454657857681
49.055871528068664,117.04369719413067
47.047880039178544,129.395210593739
49.84446610040864,123.4351837310835
48.22497037682864,120.27162951367742
49.471964368535986,117.83744212717366
44.45948653733499,128.061759436443
38.3780912316162,119.06692488919224
43.50908613845303,123.62693337587415
52.68013834781288,130.22969474941428
55.62953959600963,116.72402506747778
43.5366762492644,124.07102898493501
52.957350535908894,130.9663076157206
42.95935777726927,117.60270453139358
52.30905105403812,125.28890576679555
56.504104430017726,127.72570446457196
44.74271708169052,119.75701462669905
44.47598002231827,121.51208652947072
53.0399100628632,128.80421782615153
46.046687890832985,123.2805214718774
43.27960276140186,118.31159764484751
44.23059657206293,129.5482993518418
54.027287582402565,126.30509548516729
45.668987039155745,124.86797609100401
51.382299902076475,125.18280055692148
55.1882992846086,124.79367577232014
46.367173376719045,125.22011337720157
51.54891668988741,122.00809336171721
54.9025407711062,128.4223740188254
50.21660797898308,123.86789417708249
40.365300121325475,124.65019547369091
43.412733258873985,124.16342410237698
41.498638857801396,134.44675498370373
47.05450343930205,125.4280410648175
40.439039955198005,124.77995686977177
50.699776813219486,124.91296345056136
49.03562128661339,127.18193615121696
45.38308053248983,128.6428194320985
48.39944471598496,128.14379697443317
50.860798496150224,138.69449394934549
54.59691610849793,132.94134960912095
43.10209507474364,123.24145152141732
41.53547005978171,126.74465774156107
45.094823263034755,126.35963820188248
52.80216663613968,125.45838161209
46.754188523601435,118.36500221347208
47.71814716645944,127.1124926322257
46.90136064883194,118.87069599880974
47.261782016700494,123.65661660925966
44.7844363990002,127.04166182803814
44.07925386367568,130.58097110832364
45.717260463440695,129.38585214120812
50.841360592590256,127.14668206794677
48.38071212848346,119.35991186959264
48.67620489047318,121.83980213595937
43.11196511172619,126.97356474288237
51.03123963445018,125.52243550295778
54.47997878762874,127.81711817441544
50.13592913052171,119.8433410986784
43.31009714856163,130.38179053580882
49.27087642361413,121.12814213439029
42.687463927144606,132.2211118785965
42.043114431291826,126.58191118532649
42.85631185622243,123.92600495084332
42.935425713899996,136.14828406385115
47.66602803841126,125.71632549171541
45.01873205293197,128.49873442801575
45.19194501646672,127.03385545212403
48.24854510501072,128.10456248166096
50.87083925570569,125.76552295597175
52.27782966267753,122.36968213338737
47.98948326509138,126.8494253743486
59.991299567256014,124.95939769318946
52.994615172978456,129.9842693044698
52.67150818216612,121.15365412947445
44.01484612888361,127.27427697657437
48.842000168094266,126.9376194497735
49.11373713190572,130.63023440871615
47.41115473596111,122.09323837586682
50.541079038030304,122.41446790293054
50.361687188927476,121.57629128403893
55.430872614239505,124.31870949731281
53.25659981953373,127.26412815348624
46.06526458562782,124.24396945863568
48.81128730117384,120.37520944063854
45.19471232604299,125.653675503907
45.30823156694153,121.88999802146326
47.09709298856219,126.0510313709361
43.09888740648357,124.80745370245947
50.58179712085665,127.71383879028903
49.1640266659269,126.18445481126321
50.460580843662534,121.96079074932217
45.545057165063895,118.98536527348993
51.858652238878136,122.13371441942712
53.0281443252362,122.7265364494163
47.367331515695675,125.01235023025107
46.54769209314467,124.43608641096014
48.694431414607315,121.8120594257299
54.29600754234747,120.33512389671341
45.14427427524498,125.23874251995116
48.12182152288882,122.91602298882152
47.86188024160777,116.52166088322255
47.80900002507647,125.60245427742208
49.92239683106345,122.59000630982061
49.11855748528652,129.27248501995848
45.186537488697866,122.86431651556302
45.47191759787272,119.94399976531429
49.71697941544841,118.93152278508667
53.656982673636314,123.0091677315942
52.99010760036444,126.90314081517053
45.25819919457141,126.34874831931765
45.83524399286903,127.36510758811342
50.38833375646196,126.16691233048651
46.66385727040622,122.97700684016046
45.95346695957173,125.64242005931645
47.36271074124298,126.22112272051044
46.65703807919441,119.53985507987676
50.43484941162255,122.2237152515703
53.57165693972533,131.28562419838616
52.28865811013014,126.14251780080016
47.492536798764235,118.90072748321053
44.27463450104427,133.67610031570177
49.793008088844296,123.52363976143437
39.832692180479334,124.01621226928128
41.957437060457636,133.27557355185843
44.972999657001566,124.29243306436555
43.45418521289758,126.31763782559214
50.080152705406014,133.98958820047943
53.56841304190242,132.31703284979284
52.09395141309173,128.90391228293498
40.94351606374248,129.68318435230708
49.08569048667633,130.85321887657383
49.556875755869825,127.93870776251345
45.80952076320823,129.42044872894974
50.00077419855141,127.02251453811503
41.78683929451063,124.86750614274844
46.927353417460495,127.47093470702598
49.56494913862365,123.96455234828241
48.294357979533764,129.46542307271736
48.231483421336264,131.51987619753731
51.75189955998863,137.0422096793126
46.468692039101654,127.51542780768445
47.195849707353375,119.6047554084588
43.38593794344618,132.31109091397147
45.819881793107335,133.3783196484175
43.877244184691136,128.16901413617447
41.504050609685116,124.88625629973616
46.87365844413412,127.40691140118756
50.288664149280756,122.25521972306113
40.443133077931996,124.00976857266544
45.996316348570325,117.42140888455427
40.54434802582441,127.4614081167052
48.631773378237845,125.35421438801848
43.65263348184621,123.85721928831542
55.40676204180925,121.08092055494679
51.948890830351765,123.80155674647735
45.393364244302354,125.65401256256202
45.06693944161172,124.38123490086441
49.14265792888634,120.15849983206321
47.455721501593715,131.69273064953063
49.58285029385497,126.07944443372574
55.165052567207404,122.21724121180831
45.482378621788534,121.0259466892275
42.97228983719652,129.28287873058733
46.10777052255566,123.45143702660313
54.415972012336525,124.5254548334004
50.9769556244807,131.41432063939814
54.34505188623734,130.94388920771434
54.41583065361712,120.76632067210895
51.305833794141726,116.2247802759857
33.41423040097194,124.23376872607675
52.89458177859902,117.12387675036172
40.99252612717215,128.21135776429261
51.581602727453934,125.48262625600229
48.49677218863733,125.03880287351778
47.23080208547254,131.44205784286473
59.428429277830176,128.72354484941948
40.73971657122611,121.30572493973708
44.72039888552881,118.5710888043686
47.346718880426344,121.04329476846684
46.09002227956062,126.76811616287766
47.775146230310064,121.45209571835329
47.30142065604072,121.75334819758588
48.50831789287073,126.48386903081065
49.53055527729228,129.37440726445956
44.657906211231996,128.72665934917487
52.16955338720478,129.40916647213209
43.42329667358766,125.51658127310182
48.7887656917757,130.86817811294776
55.10077418733057,115.98925937692687
38.105125363040685,132.5022289707827
53.458727884131875,121.48546803435438
44.58665990152835,131.4961385587365
38.49843193552233,133.7470993611286
45.116821674708135,122.52429300747289
46.679360207464946,128.44669773755734
53.480307762762315,129.20694941945072
54.02365617601411,135.15545092798354
54.25481932909465,122.0195418544382
55.476010270520206,122.26355367016065
46.68852143299947,125.74367836248595
39.54042835989293,131.2674038406046
50.04944890611193,124.64182334226352
44.66479005652495,121.69721634725694
37.40286959717436,121.37739927951696
50.2922191388368,138.4266145423982
42.17139386802193,125.16926296437533
44.63397351369194,124.42365698309044
49.119259462110584,119.30987790785461
50.809325359701035,124.70426164133225
44.27962437180329,116.23843582766884
50.518021532796965,129.26264379130168
50.364335184855285,120.4854964715573
44.290726123015254,119.02229161265468
45.42328073795844,128.59182125388406
48.223439453169455,125.29935183772898
56.77775933666008,119.24134689682813
51.711428474135055,129.54158667090215
53.76660966951351,122.98399633461614
50.45567061035622,122.99624780898938
43.04575759236154,126.81765605648815
49.61669916137885,127.10251143303202
49.221542031227564,130.0252671201218
48.72934253880472,122.83003483735577
43.491321627478435,126.51732147433748
52.872228636803506,121.5020287114512
42.88900910938845,126.93602285267217
46.71487881021679,132.65871524677442
50.761431265946186,120.82590089364312
45.68660258965044,133.22638973526514
50.188554646098176,126.82032704325302
47.39240439946005,126.54846275834551
61.05136363072998,127.3667658667685
45.392007161218594,125.53714198821557
35.702907814785725,128.02017317699682
42.87747039336171,128.954989767375
46.424842767055296,128.54715560680268
52.98154141579272,128.5494020200884
44.57598730541839,125.13295829606434
49.0842686530024,120.0163531095115
54.00099323272816,120.85895827713739
48.59443218120676,119.42939912755023
38.48279045212012,125.72953424481594
51.51169423314615,118.56284783227221
48.08053459130414,127.82852671716783
44.60430713774267,127.87669220595292
46.831567773573305,118.86360311383157
47.00272306785002,129.99620356567814
50.444630315411864,125.05147119765303
45.55917967618762,120.3167819593572
46.298611859662095,131.313125712334
49.49398146931462,128.04777772138584
39.05510886575023,125.78019828634328
45.05145863853305,130.31297684820802
47.26561352757255,124.2574283702514
40.95427898479343,125.18446304284555
41.39649796985685,130.32059076387765
46.449815288496374,130.385469518873
49.83532331981949,122.6198083274756
39.82154555651451,123.66689307226662
44.911387431463204,121.00408032762378
49.57924023823537,118.45509907160417
44.94753055043956,118.07759307762376
42.44838354638325,126.79995899351465
50.36094725089028,126.23740200129019
43.6946716542089,113.20886876215673
54.50985796956972,120.1526578534214
31.605129782465568,129.06217610527926
44.38382154107854,129.6435681498316
48.43675355911875,132.76159351310335
56.466024343267804,127.07758550863988
47.24561297781696,119.77439373539185
49.03685159631222,124.18957523177309
49.54984220601946,128.72142044884316
40.99306088047749,121.6232737972126
51.21777934886484,123.95637061702176
42.53681726049177,126.88145059185929
47.8645238341701,126.83936990425312
50.925402973866404,124.11007599131061
46.67380804433577,130.21008558925047
48.40978610633245,127.23359870924928
44.477710835813696,128.8483195176825
41.66002827191363,123.09402533167192
50.18963361390797,121.0940397546039
55.280791754120024,136.6572268770066
47.29430532985797,119.87329281486663
50.803078288792584,122.81404723856679
47.42323026413491,120.92174408298743
44.387975408845286,124.84429593341264
56.24380405050718,119.54476389870412
43.4414605096115,123.31812026189284
46.74373466696209,125.84073588299532
54.546668274414095,134.0967335496707
48.21581578341223,121.05600938573312
42.85640410428671,128.4784108097616
47.77120023163393,121.20632748403064
53.25625599815209,122.95429982956382
52.998654379813836,124.71275780533969
48.574066577305,122.99718482335373
47.898369108056265,123.55486728226376
46.20645446981777,126.71057370046005
46.22095031704087,137.4343449579274
55.42180912826795,123.04359444713803
51.45134166314936,119.62204430527696
52.8540405611418,120.14686636348662
47.583796900525996,128.23671716276397
45.19813012704523,117.42827850555736
46.523431277930456,130.71441567448494
51.97220183440527,128.60263484080616
44.85753459502121,124.75163479050792
48.3414418995496,131.59836710696942
39.22725099749431,128.58432836378202
55.058390905046366,123.58369035933157
48.15419187244913,122.91127252873608
41.32724417283129,128.1547875601224
48.72189401713129,119.57613968685088
45.408129530036106,133.2877496613882
57.42368437242134,125.74652158236684
47.41186611606077,118.22414686439527
43.97577626345071,119.76710138572994
48.11622151363703,120.24622256177636
50.787936631441866,126.33463386563425
52.46241017688881,125.62432496324631
49.71277369098463,119.52002024990747
45.748146302498256,127.8248284892673
43.94107336650966,121.9158599695314
49.92752963926798,124.45978194153301
51.54965009376574,127.89586785663029
58.04453360900486,125.1833638487213
40.798367565480646,136.08674710201615
46.40389885646297,121.02178812206795
39.403181906400626,128.35749052910782
45.92687878073306,122.90646272779212
45.7850910345463,126.7345322393639
40.76995417715334,127.56888124439863
48.426151061989636,123.63666597921822
47.514117024665524,122.5506319574086
49.962549371073244,126.55786800582561
43.334560384447386,124.37358999863498
4.228379153107667,32.562848693552226
-0.5806144908638156,34.15046492708861
-0.02110910271776123,34.600094709220635
4.0341717032137066,33.72434403397802
4.683876776995438,33.153544680258065
0.7533616722873938,33.12280164104823
2.927691111411158,30.272496047811032
3.096063483116894,34.199576583113924
3.553143467920279,28.380054959870414
0.7755743118531899,31.024909276330355
1.30803570417719,28.378086257957477
2.288825597665708,34.252503558679194
1.0502415820857192,33.0872753044282
-0.22951876195839715,32.73249876963592
0.19932313076599995,35.34726592656566
-1.2814565574617314,25.506619433614937
3.92080409769826,32.79446003383836
-0.7750218212992595,32.800388842026344
2.956094674514106,32.67745107727299
1.6641648352805452,30.239802092882435
0.45479628219445434,30.15094150519311
-0.9477506037551966,32.625055909120924
-0.09597291368585914,32.14182103511297
-0.008189149917213756,31.849245467932057
4.757492569665114,32.04260228272396
2.3724652806112214,31.623622878322703
0.7161622235388869,29.365271171979476
-0.1440407793948768,28.632843967906442
1.776922839688075,32.083959145900955
2.8945928778158674,30.727728459709613
-0.6787584732148981,34.90363729679916
3.5401411723879725,34.26776645782072
3.4117660972656103,34.07536935126694
4.875624188818248,35.433488577031035
0.34957137166743457,34.768843127163144
4.437177626979637,29.756249511541192
-0.44617593910288256,35.0217119521927
0.1829229913280781,32.67674978084237
3.87115842241087,29.44871836849315
0.8311331473620267,36.604164935272166
0.3637216464435771,29.843978806489105
3.8879419966825686,28.652167036374635
1.2729262241963981,25.665074156564252
0.6369363572393844,30.220007523786062
0.8474384295423307,31.451481711803233
1.9235025866144022,37.523162066913606
-1.1653005039232713,34.873194723679234
5.427198114174206,37.46663764561113
-0.8518794599974466,34.23136118895622
2.3081001011119,26.54844873125262
2.406934300755268,33.94635438377488
1.0358552333973106,32.084901251135115
6.178352485816483,37.612471123318436
-0.703730509735689,34.14534302782897
3.3235909034878515,31.22474206907866
0.3169634950369353,34.42040700452796
-3.4272573003686126,34.31432052822449
-3.346620145671377,30.52192469564884
-3.96620534452044,35.342990862973146
-1.7855869453587854,31.8611311890261
3.6479971602853585,31.534091843079043
4.738180192230882,30.224435146978664
0.4813002309095873,33.34292244390551
0.7155580949823026,28.969495155172602
3.3019144988665188,33.65990571220933
-0.036029267314129365,32.55927980766528
6.038816580218527,31.51147967906011
0.40368824804056735,32.42605310643544
-0.6048845736786042,28.966621530024106
2.736767003014604,30.753058125328508
1.082823827392134,31.928446449548986
1.4771241335210596,32.262960863973966
2.8846974587244665,26.887060648710385
0.3466588794857359,34.21177163519599
-1.1108107138141472,34.2444540073856
3.2279682428009613,31.836429196688577
3.873518554626973,33.415064367086856
3.59599312302766,35.15927761736851
-0.32898267630257405,27.823176191226842
3.248185541260389,30.798185221275318
1.4506335550363192,30.36127647453826
-1.6864459890317156,32.23087526922318
-0.4682448240002728,34.03337012327385
-0.7791650395254206,35.57988034938072
0.9555754406764729,33.413726080944464
4.038560610046728,33.888884730304255
1.710139718159132,30.091831310970854
5.954001594372422,31.313223087011405
1.297375809695954,36.7106842008028
-1.7435234854904271,27.358725723127
4.059981783831347,31.799984893521735
-0.7162939488667417,31.567506123602858
1.958603536503738,36.60684882773681
4.731983364957326,33.83030443034878
4.847170656962939,31.802056949443948
-3.177832249499157,33.069668781625765
5.961866003970056,32.22557071246261
-0.6015331732480387,29.95313230946496
1.480680702832207,34.095807202394006
1.9391902302903419,29.6513132462916
1.3739045235148024,30.219599957533735
6.80370666158839,29.323771817984507
1.3260941415494656,36.48771467721822
4.211261533177936,32.96004975264985
2.2744225934416584,29.510847883605877
-1.279754583337294,31.37042399190913
-1.3169085816556407,26.763091706913407
1.3361676456172087,31.768878709109956
-2.2276123659838483,30.51953242533907
-2.165148954444631,31.613049684914532
2.9429753820526803,26.518125177537918
5.670897789180395,30.921700487095386
2.6082312985472047,30.643768443459518
-5.043719766297214,33.83706674851885
4.071257206501829,31.63266051219592
4.983344670666717,33.972994300002235
0.2159011623756475,33.985490991152986
-0.9899030517899798,34.486530429722734
-1.182438360662796,29.30517089586944
1.3627498137384988,33.167603561905636
-0.34303371527603255,28.665494860325392
-2.253256654913654,35.43240277966689
-0.4953887767615164,30.961033898514142
-4.297861879012849,29.193254960309222
0.7057388467612918,32.940428467657156
4.160022597053434,29.433286035480364
2.625834074192638,32.38616709458613
0.9520003268056478,29.467775165374174
4.406737621107487,31.187826651636936
2.3310096512794223,33.07252005765282
0.8652285842222703,36.01211226742152
3.285758786321196,30.163068666774205
3.845768842202376,34.47015177495287
-2.7245112266734646,36.21339067240713
1.124705581941836,29.602598190099584
-3.412280595034102,33.65633735666481
0.8905926402555358,34.078455870141894
2.5167423820322146,33.87525122064689
4.700937577423882,28.607564049009177
7.775858285463463,28.089991245278277
1.569254231487789,34.368301006142985
1.4783983642072007,33.78873874445148
-3.6750415473444074,29.573051711111408
0.963469163131448,33.41695196119947
1.1362644490438554,32.219185419476446
3.292865206764552,30.131797204929512
-2.952123852463842,35.04367058148417
2.307397244608876,34.7688817794644
-2.027774361321171,33.16403735997204
3.736118603440058,30.464885287071358
3.4157903339480344,34.19934373635714
0.2931267093242743,32.44192968826877
-1.2317554446968182,34.30313872007657
0.17355369499807183,29.155868024310333
-1.0838674810038933,31.726798469772767
4.456741709385383,32.62223786462382
4.450957408771188,36.46163755094145
2.8660345813267636,35.50305934182186
0.8033610639800182,30.181340495802274
-0.2111773412304725,29.959977543397294
1.3764404726556494,31.90880934246177
0.0052847480097555355,30.91055768724152
2.1960701708890333,27.875546000505928
-3.3734114511825,28.503985849642277
3.127575635225951,30.929901626093518
-2.979172810020515,33.07370503286653
3.6385388729300794,35.16127078631692
3.0928899020174825,37.36464421592729
3.68578980420421,31.83376801728428
7.018982198181724,31.745094694102377
-2.5550581080744914,32.9253960726303
0.6705153535915376,36.37341235094146
3.757956107110242,37.881848263656394
-1.5386745841380045,33.89475558649085
-0.35045593533400243,30.814918492620084
-0.9386715769755085,36.62334724793482
0.41439125087942463,32.29540229398399
-3.019996287700044,36.889754147442346
-1.4157936685070744,29.236643587021593
-1.507373742901156,31.864040943534413
1.6573171398849418,34.249515082915714
-1.750674739921045,28.13909277893747
0.18458645446928412,31.591561663290907
-1.7084236377110198,30.00059454625564
-0.039988123781939944,29.21199416891928
0.143872348959887,29.799582777445117
0.3176606246821697,29.256995650883592
-0.1516157265925575,31.995727303283584
3.058624748048577,33.455085514456925
0.6475295007733577,29.570326676179715
0.9100825291146987,33.98497014197124
0.342544192142233,31.16606444518751
2.036440041944329,29.825485159851112
5.9659890935761934,31.820668567278446
2.680212466777565,32.400499572716384
0.5461217987304927,35.819765936926764
-1.3878436067873388,31.29499985673504
6.007611031466573,35.54908775622244
2.0618401732794784,32.81227791650458
-3.170729405434952,31.58022976296024
-0.3451603546063289,31.478188178753886
0.11877817786977163,35.64032406324559
-0.2284375885610932,35.34723658019321
0.033522562092590746,30.97144401814834
-0.7965918370082918,30.88568463787123
-0.34506891731218237,27.89205985186754
-2.5700092158090717,29.76268089412466
-2.468310618397487,33.273723394240626
0.1618297868535592,32.7812721349379
2.9848001214305757,33.161429554727285
0.24515789214366135,33.471181808852755
4.438292586550961,33.904154542214755
-3.290587956600902,29.19527223863583
1.801898465816782,32.08308823500914
-1.5209697554384531,31.529669722938372
-0.6683187175078036,33.4691526862246
-0.7386984269797268,28.00644722133911
-0.14386253422051087,32.45657781888445
-0.32668728600778607,31.809121451256683
5.144576049137706,33.787233685718476
2.194857281990457,34.57492990580495
-0.7763836575910226,32.36883179550027
0.8486844166796065,31.727724826931198
-0.5691865628938391,33.11916620079905
2.317048962587317,30.21197790116492
1.14624259924667,33.69815068547044
4.2155792427697705,32.97691322015803
3.6258437524760136,37.08291011694172
0.05551045585827197,27.02394812259979
0.8864649015768897,36.397671163680194
0.4542513477540895,34.93797631674314
2.111907901918819,34.78036423324573
2.6711448752571254,31.125274981682075
0.6106310336889944,33.056449177378695
-2.162057373626135,28.89234624940762
5.927771573184183,34.268777855476515
1.3636384110230368,31.356564302590137
2.9552055298395477,34.15860846299923
2.9829540270204955,32.86675727940526
0.022654759368068822,34.938371440483664
3.173187357826216,32.42396095889984
2.0418868665233987,28.735185841039478
-0.1779721896194446,34.19757186638788
2.362902128894759,29.775398787567084
1.22749799386618,29.408509924913336
0.748003287729184,34.59548456492953
-0.2654651793708507,27.915404314789534
3.078988425488814,34.18005821161139
2.3056948258463548,35.778165814318555
1.7270761622192479,32.43860547949914
-1.535216038223926,31.113170416877104
3.299265749093035,34.603422734248504
7.97935866589634,31.267476162210805
4.61321667594863,29.853129138862823
-1.1310000826502478,30.663681840166422
1.3783977931747815,33.04630888720718
0.43231861656670356,35.05910996988914
6.204378308322941,34.18803345815102
-0.5102440564976785,32.961596647496656
-1.133987124031599,35.633890868945045
-6.159126331919573,33.85540370114288
6.766646039069235,30.098432280043834
-1.4286609526353455,32.01293189917475
-2.5023322478589156,33.430243881855674
0.3581713712663841,33.05733065650903
3.123921306975478,33.61355667920225
2.4831493775799345,32.331364394750686
1.119320707577659,28.963988197464452
1.857064920305367,29.900476094301162
1.202458635653197,31.479376729357366
3.70091975339293,30.969468417099897
4.232750159774913,30.91411139437484
6.371131130085194,29.73247647947171
4.7136368755468565,32.36526608771134
-0.23308142087352568,32.320121978898676
0.8127091028838049,30.889008525373203
5.41493813495841,32.55729145976874
3.270052046224522,33.44987457968036
3.69119317203893,33.550635886875355
-1.283545678285423,28.943785363530584
2.9065486468532895,35.26150407731603
3.607956320088008,30.409464977703557
0.4402327195769733,31.047532682058474
1.8003551171353798,28.08205851556935
-2.7316115424145324,33.52120799341006
6.8859709822728234,35.98031623897881
5.607673774064577,32.208955554057866
1.2538651390745579,32.74002335915959
2.9374048547054272,27.83027143062193
0.9713567030071784,32.05649850190007
0.31099670504729826,34.572730523380734
0.991052859803801,35.19304609257795
-0.03553036225034467,35.672048392443386
4.220393092195049,33.210700720625006
-0.99627795715001,33.26158708917056
-0.13963743242330273,35.756667194542025
-1.9095653755153026,33.46979104368783
2.3287069452966485,35.94361391797203
-3.610425328681875,31.699992835324256
-0.013722526509039046,32.443227262721884
4.310211631178348,35.46228393615085
-1.4283354135453292,31.972423191336325
1.1664976449612814,33.858694296095706
-0.994918828676278,30.422462382475143
0.012618220855023177,27.930029069690328
2.1626638273469974,31.520547718877758
0.3183434141263852,30.682011087986602
1.2734981456073717,29.50874590309884
0.1101726655770594,35.20053623600621
-3.1727784239688415,27.287786927627916
4.542329465567692,28.769458201891794
-1.1830749530778286,29.345888567309224
4.069429773769177,36.840041211777944
5.048915349759545,29.207299030780845
-2.844876341191406,30.86436046581515
-0.2591653158190639,31.643112611550105
-1.1430787819848782,34.149471329887675
2.239411899647071,28.84163865874031
2.848852412625182,31.830688068975313
2.0956890155220496,30.16941842851015
8.221773753582255,29.55135703101676
-1.2699266952642851,30.23172706246207
2.0685746276198103,33.67901997136285
3.118436583506589,30.615349091679604
-0.09637742420720086,30.42717443311141
3.7495811001852806,36.32029752532838
1.5134762146642835,29.66450977529609
3.254463615445721,33.07531368533249
-1.8779184074824928,31.307590362824143
-1.0698597592187373,30.972532940450506
0.42934687640503366,28.28182086360914
-1.1949063149298023,36.33288203275185
2.9698568773819023,31.380124362842526
2.8389155063159546,32.521479794867254
3.5046519799578086,31.852716371408235
0.05789007855425865,32.86455437001455
-1.2505851349400152,33.43139987838768
5.487578967223332,30.779713268072612
-1.0139931383769931,31.189025930185416
1.5430082609619709,29.745299044013414
0.42150633097748236,32.79603423945606
4.457528768704259,33.01897663921751
1.33272371906108,35.00758696163367
-2.8494319771123235,34.064904687377066
2.373474974509445,30.921269361839958
0.5859025683528235,36.23422247622469
4.749628300290593,32.19347232096535
0.06014928979910872,32.146675319426336
3.078402054545363,30.763120223309105
-2.1681349147355973,36.090099479879115
-3.712495463537687,33.83066786313753
3.7488461135003406,34.14001808043143
4.54985221891201,34.30603350093946
-1.7873266945876853,29.648890114288385
3.739037580377771,30.847666271837642
1.2945138016687683,26.556007873399437
-0.011860394152374942,31.571343286754793
-1.1636312186414202,36.37008245020332
2.563479354692914,31.405314679352593
0.09343105013216357,27.758574451500795
7.505952313456244,29.73535783488936
-0.5746099144214654,32.19580266966903
0.11110712705620651,33.29577866721267
0.7401642428178054,32.12393916053041
5.642841461788663,33.623543390620135
-2.191388657071395,31.887654507286918
3.2227103401671,37.94909114642279
2.023939104437429,35.63967666282228
-2.2857882289079847,33.91855006832186
-3.305981965494948,31.22816610957793
0.1338080819378742,30.507747538287063
-2.6814255780257947,35.136119386426046
3.878818293312825,29.57282390880315
0.9175080976758845,31.461484831489937
2.327710900743287,33.05389135275141
5.549680032337261,30.770129426564715
-2.8710655763305626,34.26666335535868
3.798557919364891,34.755457871040356
0.5065785686137885,27.700954258133713
3.033471976048099,31.249652730434484
6.977062202696914,29.053647771583538
2.671149528403019,30.167175231737545
5.033611009443907,29.588615161385206
1.737390031291751,29.951205788989196
0.9364794981321903,31.31393946432124
-1.3405101857457362,30.13314016458221
3.1362756096015905,34.907937746208155
-1.7916215549728869,28.647970266371882
0.417287207173059,32.63687098231438
1.7420905702869742,29.967661220992284
-2.2005752342251887,39.404247204394444
3.0307342672578956,35.79883905129142
-0.031184551405808447,36.295667526317786
-1.2731877810437076,27.814010796554296
-2.098136746112245,32.341346024951
0.9034768447244078,34.72977518415259
-1.0110229701906208,31.64827094138704
0.488480454636504,33.79659404462531
0.3420419992503013,33.66012241203735
-0.6944518624286791,30.091136865218086
2.517128535804068,31.834741950053804
2.612400196145119,30.39752728376871
4.156308343810354,37.96654974467203
1.8116414577227622,31.79091225721693
0.18377247205045788,31.547020454048155
0.6300249513392358,29.556701948938304
2.7593596245537757,29.233928659486846
-0.02529453484002575,29.99426252082434
1.3889087659772503,27.459466752224365
-0.27030800384264464,30.10787301499181
6.018587426711131,31.01045329454354
-1.1141300456158776,29.548305170863834
-1.299237097213823,33.46584950719088
-1.4781515044150826,31.51156395408244
3.745020015227846,28.646743552588944
5.180426639705331,32.30818887252786
3.120247569797818,32.08632626225385
1.0598126986095997,30.65442042733258
6.724893345745241,36.03604087653244
6.772139468914874,31.723273082288596
0.5956895477309002,31.442387663527313
7.031380021388082,31.104798675611974
-0.958358322183742,39.112627300241314
1.4435066586925875,32.400251580410156
7.297636870881413,34.03934691329158
2.151960720800064,31.972905032766963
-0.292248948882438,29.262374953755508
2.3027355650696038,35.02639652315807
-0.40861623157200455,26.512324629971427
1.4326875474702938,32.68487170634228
6.029367383240661,31.56713041752634
1.098124350241207,36.61884284795547
0.3667405275273158,32.36362120832465
3.301318961556476,31.492345092595027
-3.506669714260826,29.990824870815647
2.0295679902959645,32.59499185784061
2.35804268793176,36.59256466422358
2.188216159928107,30.633689261155656
0.0720185369639883,33.32582828773029
-0.5386284286826792,31.95295187601359
-1.8677012589657274,30.39822211292357
-0.8311584704559669,30.28887574246078
-0.09870034030532415,33.15417588230317
5.388717870531318,32.7558587557507
0.0736889570111523,34.763267745891845
5.788261373193769,31.80039893881866
0.7597432991551547,35.08759843463529
4.7009948695984605,32.28071998045875
-1.3376902060126756,30.290103844343836
-0.23781068366477465,35.13915071083984
1.152684397583395,31.334963803772027
0.9871234439075934,32.43437895338846
2.9950816607162807,34.2427464015653
6.007422997215326,33.5650712523493
4.193757767868888,35.370729364114865
1.8459254177572677,33.99178609084836
-1.9056281730408848,34.20699681142715
-0.8396847238694116,30.715769670979817
0.656699173502812,35.35202088711068
-0.9272231417854297,26.821949823150813
3.6835380780687945,34.362663342361685
2.2377825206375888,35.418922987655414
3.049481078944467,31.141125614299817
1.890988108368294,32.872493478252125
0.26293361472534105,35.0608080680348
3.5872422383045657,32.145240395534294
1.5508453093088685,33.89688961411183
2.7155821010305035,40.247613487898946
5.342580122038349,33.1150543784669
-1.6919377140913534,29.524028226643523
6.019548002489624,35.45789887732975
0.8930995652565505,33.64583016136641
3.7359788500199484,27.62229033788463
1.5546815272743166,32.455657387127026
-3.155967473415303,36.036085588023674
-2.373604123725264,30.835140797812173
6.381183691043085,39.81861971622388
-0.7228189406182921,30.73879824638205
2.10382950803221,34.47464776871422
1.170195675932535,33.05246213952748
2.054633413817662,33.401397943254466
2.3571107095702244,33.95376304978191
-3.1660212879891114,29.501835680796795
-5.593367610833973,33.06898723785416
0.7522553580597471,36.30112508553536
3.2818880067037566,30.18872682558115
2.7022424623606325,32.886731314632
2.027616648471992,33.26446532832201
-0.5620717100654102,35.938152578883845
-5.129515208599427,29.765577797036645
-0.34893054465735807,28.69924868378643
6.13726497302857,31.69297398988079
-0.7261060808402444,35.7097419170697
5.003304086844391,34.069419204386726
1.7365162390556346,36.3920417494336
2.764964655305487,31.818296812148716
0.40226672015845355,33.74713147314044
1.0222945683071334,32.65711668251754
1.4218761811243545,32.19918004200981
2.7261863160062907,34.07389100660395
2.7112308974483,31.102867949032785
0.569796049987917,33.37952791610032
0.4260361287089647,34.1354704117494
-3.0140838291964283,30.940260488982574
3.7590333737514294,32.86987842306216
3.079262862598901,29.95232500352311
0.3168479673366109,30.58143848570887
2.3202230017119847,36.35999649534466
-0.2691414462119015,32.24602022303281
2.4622822946772738,30.50346264032119
-2.09205084121585,33.501746782046894
0.04331285063393686,35.96349936519955
-1.5241968735956952,31.645883440312367
-0.28075101376853784,31.878913607381254
-1.8693433140682356,33.5978855147438
-2.8725145036833117,32.75533870301953
-0.5593775622947246,32.529663450284794
2.888842687920408,30.49129616120198
-0.186247708591482,33.67847704294632
4.613663501430429,35.074707088155165
2.516660540680248,29.07547729674748
0.31014060322549897,33.46244988755271
-1.8656018660650884,31.326194060045157
4.108941986016185,36.01331919193869
-1.2933447055028133,31.578790934312558
-1.677450933272239,35.563475325991334
-1.2626269467543216,30.67165338142607
-0.5465628177768052,33.42515100667048
-1.7218949954542855,32.360641188034506
-0.15871611619211534,33.887082466095634
0.7855314847492924,33.241227486203286
0.2917546507493004,32.86671195389538
1.676695539802568,30.89693639794168
4.989510992513786,33.09084803101821
-0.05972419169270249,31.370457627622343
-0.9274969025891391,28.432245401848355
-1.520971445462561,34.68221757064706
-2.9308282866018613,32.12495054445559
-0.9229640994499384,32.42189098413999
2.3483888494771676,34.68461036237431
-0.6493966292293918,34.74426327507691
0.9257510174543526,35.52248836126667
0.4081935886403383,36.86872914847754
3.7113304274001844,31.138410632207226
4.551199542208826,34.81411698705993
2.8467896406156212,32.648772881172874
-1.9141805804421042,31.929621050836438
2.7452302967984674,31.632013212490634
1.4548556186431951,29.82929523317212
4.28567968283288,34.3799899041654
-0.254978541752388,31.042849113909558
1.5182482736445069,30.835483785785495
2.346222637455642,36.61454448167653
2.886403485159139,31.364964820872057
-0.4819983774742871,33.051321493864194
7.076788588145065,32.921648932269036
4.426246151995507,34.01697242344098
4.0856607067072055,35.23246849877278
1.2993160683551839,32.002633133039254
3.286648719805871,32.894436757020756
-2.4877336577425173,28.439694054783413
-1.1882080173964633,29.762217963268935
1.5446495146947192,31.498748669167618
3.652543096405695,34.69178409344536
3.7232033387655634,28.374290934286343
-1.5908310840809725,33.05131159778086
0.9266857458809123,30.586544952891757
-0.7876639398770551,27.854606387342947
-2.2460153126432534,33.35870629951145
-3.7224839081949366,27.307223991613892
-3.247057037768311,31.653707589280096
2.409424365377685,36.426182656541286
1.5654806887599975,29.797001739939507
1.734586348349251,33.96845163755644
0.8974982620006038,27.797616223058398
6.135371452408201,33.61465689306259
4.913306208307658,31.29259078736749
1.8892348208310579,33.95556066511098
-2.391553379970931,30.210162897460094
-0.10798770750260989,33.70327414125038
1.91861579950229,30.67395446861286
0.6573178623404852,32.74579560084573
-2.116686287207711,26.58406631591744
-2.6454796409223347,30.9057193953987
3.673793833650106,31.913664007271116
1.2922927134019868,31.29363050956192
4.285654167613499,35.16191043538355
1.847327057655023,30.653430864166616
-3.3365043982860323,35.64812512337844
0.943203829257036,31.12798441781255
3.5351880376382954,33.72654687201078
0.09166989399686454,32.96643500758401
-1.2540416493026494,31.985433546518482
-0.11926346988003389,34.02611099348038
3.8019453527300526,28.40816464553268
1.1078715224984204,32.99999957060216
6.4365568073048784,31.824516501520336
1.4108516396418869,27.23960172075192
2.6112293260579476,34.01150145936952
0.9580328974017449,29.311868570544654
-0.7074799514397652,32.12615510493342
-0.8109222767531943,31.694365041918676
2.7192447598839378,30.90613665965312
-2.206784305778186,35.31109906353581
0.6419854949826697,31.93331249627162
1.401999529260486,35.24988479457415
-0.3301094212975433,33.525502770185085
0.08749176026523031,32.43033108917956
3.8819202787504508,34.165591898348296
3.273541434505468,31.219987658025254
3.967535466640011,29.649860801105117
-0.19643646744530874,28.43223876691372
7.593959408476374,37.665264042544244
-1.1838209399936277,32.20285439391571
2.8140938156000845,35.93326479437513
0.8570992947950395,31.758471761143525
2.4677723586126468,31.955463657142275
0.9716866268339692,33.722471174874386
2.5487302280628046,35.29789428823353
1.0070768364623737,33.99994171971705
0.19915061831824055,28.146844198706408
2.8917627828492645,38.55721011149585
2.165485462737383,34.208431927819674
-0.10848871554941342,35.20763554693737
3.0486384100848616,31.07487666018852
2.856651733704588,34.73683575629592
0.42205580184733804,28.005322085253052
2.9096427842955124,32.922820206810954
1.8954449054642042,32.61340003121761
2.635381903515966,30.89394447955342
2.5375653016659943,37.30688956084229
-3.3042078489668256,32.71673231016271
1.0085619488760493,32.65640331572289
3.1955912785135814,33.063686138060504
5.091070789215305,30.806465391298374
4.388477282164087,32.04745353617079
2.0185897445823007,35.64350801483493
1.3834851008750428,34.745543953910186
-0.5856940702110709,33.01641810629291
-0.32980314111675324,29.16717653165283
-1.1351873662974583,33.4117331082341
1.2184419495629746,31.228166797227576
1.286514457394468,29.47934277779066
4.019892033647906,31.47069891709297
-1.5273744886397274,30.383979474011053
3.659311622222648,31.616061884001077
4.024078357049714,34.579524167827216
3.1883989777599764,34.636416929355335
3.1963088930543577,30.68802606595922
-2.475837243617537,36.120546306071404
1.3567729786294764,28.589472666698093
2.469620298389814,32.90749880189151
4.571949723548034,29.46320783641681
2.815398873790241,31.988877229291845
-1.4480981113931497,37.74165435355841
0.6879583142219818,31.769567957966842
0.9629607401111212,35.22754634207154
4.523048315800967,32.6293129484804
2.082375518766644,31.66381353308175
0.8219766906983228,31.543071748322596
2.2936382999430993,30.246156729425415
1.3677735160851967,33.79716154355637
2.2335016828785528,31.363952613272463
-7.813381711502239,33.721180728184166
2.8916080751263955,27.048673184280627
-4.462380891029132,32.92075306666991
-0.6870623045562951,31.011051182746545
-0.422547362721712,32.635649011926915
0.7721830335308049,32.786503863845084
1.0097045483436031,33.23966530602878
3.3244300692760897,31.74147639322643
1.4558314831985013,33.88643322494833
4.086082581894574,34.67687325197382
-1.0366999732433055,24.290770466098888
3.4854992930560544,33.89393721340479
-1.2773395356308597,32.40919425754617
0.4677046332373047,31.277972828518784
-3.1165062657263807,32.40175769582014
2.1966251749833825,29.467112679577202
2.068991441533564,32.88879591410151
5.527464269676808,29.327940597639405
5.6988354584556,36.2332679782417
1.5323776649170484,35.73811916540704
0.09780990757995767,33.239746717997264
2.0285754083220278,33.79198067874062
3.3561400968756874,35.22247025927612
4.08577022857869,30.803117581046326
3.286654970238139,32.20703361707492
-1.8229841901175754,34.345308413066405
2.100631686507918,33.97157739456857
-4.883285287141568,34.581900006477504
3.7239317531535043,32.8101684388829
6.388778181613784,29.66213661471001
4.431550864279257,29.82188072593285
1.826097396897576,27.14462766036219
0.4853831121594786,30.38803638698711
3.6349815499904845,31.50386266466956
3.0328006088338832,28.40589432064613
2.167295932070802,32.053266380320665
2.300031990814894,31.669431308795268
-1.4273193078911337,30.09657224323422
0.29114742824258766,34.78471967142365
1.3167610496094764,28.64028134715688
2.8464011249201784,31.30110695215297
1.7089734112368826,36.726891792862276
2.7433730074382394,35.45792024136044
1.467445342376267,30.411121173404048
2.652671600074481,29.233760800924884
2.8093411681420566,30.696979697021575
-2.3565208322945614,30.624656411974534
-0.23452455588762522,37.48744025524507
0.6589988124801064,30.523042693807238
-2.055044010373739,30.706333197700022
1.9741434430450948,26.002054855613526
-0.1660808230430273,31.31952267084877
-0.13143927347727202,30.524609894768712
-0.12699770933934684,37.7033994004102
-3.0549931145276865,33.19485629267893
-0.4652728569734981,33.84896893618777
2.495732445602009,32.381514107734354
1.1349468903813291,35.03661873769928
1.4270689964859777,34.554441152161516
0.23718239517507655,34.036968154100315
7.226068962741373,35.55913177093498
2.4172190512395386,33.84707067734945
3.6682984850094615,31.93842532448658
0.7819038381047798,33.140681223807846
-1.1348896509327036,28.70164285730871
0.18463890330540567,32.17524979441173
0.5774225640936272,33.193034079004654
0.5263853467498684,36.26678014998556
0.03412833536046356,29.82393523373917
5.858568582893981,33.23797494076215
0.788942679929566,29.406733871814577
1.6855979636589709,32.16358978250414
5.845115520494788,37.33200650648934
0.6426700919283388,34.32726735661273
6.981488950916223,31.41306389535595
-2.6628671552675582,31.529575495594102
2.427114359260353,32.23038381712563
-0.9692734097970375,32.3713430774567
1.2190715570328061,31.535443105790105
1.1851723068525384,32.4528730732712
-0.18365405013484626,27.71144039449596
0.11747082956564348,29.85910157364896
2.443175775762997,30.572995219697567
0.9300119865888187,35.62523284093312
1.227368448908809,31.25896958591978
6.429503234655816,28.021657847548358
4.339809459661618,31.81241103798551
1.7423614929700713,31.25785551884046
0.9491437970706549,33.398285958028936
5.025015980504734,31.18368198284481
1.2687531345802983,28.143595484379375
0.6944222610515115,31.15807622848925
-3.370573636338259,31.843810128790636
-1.133751456194232,31.655455891965868
-0.9362678538260667,32.84832650553349
-0.8604534950600229,36.797306649076994
2.710656794287167,33.74984061797201
1.27489406019401,33.10823053643444
2.948130347268628,35.10409533768055
-1.5791256328433119,32.38852313199408
2.2333589170688364,31.75474238358598
-3.689758858751241,29.87126637876257
3.090083694132389,36.21287426532176
1.0477600080494738,29.824229981532646
0.6517173641108621,31.297060563525694
-0.3191580184893159,30.942369040662687
0.5435483292125125,31.762765924714294
2.5017219359787237,34.534620681497366
0.06725585479626939,35.902700996415824
0.7662264627615658,34.15616005852583
-5.142021018936577,31.56891883958013
2.728575724963071,31.885832686079304
-0.882096218512606,36.35434168364302
2.7750305479318653,32.39975604430818
0.36573651652995387,30.509769824897734
3.577297066300008,35.9998187781264
-2.918614677162494,32.0120810813892
2.819280552085419,31.936057555946743
0.4273381293405183,32.94267338831476
-0.29095356563121877,33.77463602542275
1.6513237838036954,35.35741045136766
-2.6410058243588637,35.56648560439169
2.748878446424527,30.289530016502763
-1.628434416315161,33.53171567886401
3.951818747666577,32.05276471085376
1.4455370016087332,29.4020972140359
1.0992533362963197,27.49956766360637
-1.0585057774638642,31.133543774724618
-3.5764743890010884,33.89968406123467
-0.05846658749853595,35.325924121909146
3.417618193181494,30.262954866698685
-3.0747135716480702,30.867108411430834
-2.355381017954387,29.271813074302344
-0.5128406431289285,35.57347728901186
1.6913528717982502,30.44442968056181
-2.4595650664841546,29.58620511198129
5.5685317366049665,35.47525411788603
-0.8996076184118826,31.912007986942882
-8.432648032336072,29.63313474701582
-0.7183233687711239,28.81929361767283
-3.4695261324886193,32.860558341028685
2.3644059554078813,32.28964852430602
-3.4317991220743105,26.869030389812437
-0.15004623572046127,31.41678528941833
1.309376495407886,28.978096774744422
-1.7546047790548478,33.96599353105169
-1.2553525901286688,31.114335105152684
0.6611372913754208,40.16636857440899
1.8003381790377873,33.727596109753556
4.588855449998226,34.78098495827306
4.365137665622161,32.650061036719926
0.9350420401224938,35.37070433236908
-1.9123548220162152,30.80081027706247
-1.967145724036774,34.238631612097336
3.2576224076620615,30.833305616164093
3.5641251318426748,33.03963752256532
2.874851707598455,28.402042895167718
0.32716377294838306,32.745526984251384
-3.897370003203747,32.06994259106413
2.081226399545454,30.27315584581031
5.320159437167442,35.590202655719956
0.3369836054012618,32.364378105190454
-0.16300499191767615,34.16492931821186
2.341939064635681,30.9049132384604
2.3607760284677566,32.07984965873846
0.6364866179897309,29.274153539133465
-1.5045520143256725,32.666079398038065
5.657036822806163,29.219068535279117
5.7118992826444055,37.60835379769889
-2.1560679518405035,34.360520296675176
-0.8368048974639657,31.963989274833118
7.139108942343916,34.518020158753004
5.246105956708325,32.20187921519908
4.433337701758473,35.6837784216377
3.6644949422820674,32.626252589140336
0.40280391806596816,36.97297058760712
1.2352681087599957,29.877850592034193
1.6358322529903118,31.256776418283184
1.6581522775529434,30.50230378998933
1.4392698213309014,34.367308551125035
2.460009870357877,35.15993560076427
0.5378872519174355,32.67903367396896
0.10122352197642459,28.508861654597865
-0.49807135610432285,29.10165670285456
3.4689863386717605,34.05775095558261
0.0381456649529468,35.491424303631796
3.8056206918726425,29.08660563813115
0.17796228586351792,33.254224714367766
2.7362928229790215,34.36623504022988
1.0167007104486063,36.405936891615866
0.6398085953871759,29.77171004034341
2.5881826664847045,32.21855315886504
3.3310060130964265,31.924258278482295
3.155376982542535,32.46303554141795
5.696165566445463,35.98390227666646
-0.5987613364732256,32.25137579890846
1.3031329121576627,27.642586997459723
9.2925841351191,31.91100156217792
0.7086361192981507,31.40162080239349
0.295833038525124,34.63974422847907
3.3778590654738663,32.237211191958565
-3.5315241089126665,32.58034667392937
1.4840208926932255,31.03340481223399
-3.478620010079502,35.814622497921455
-0.5515456606642581,33.82830826396338
1.832843621536103,32.314678528308704
5.715620094519796,28.012149986600562
3.7001360241810497,33.24742298014364
0.7698933774266299,30.19954607918962
0.2701899209452362,32.46455001003932
-0.7872173551755322,30.439386006910304
2.0577675259486305,30.174867808226978
2.8026853760632346,29.59271836124525
2.9282198545546834,35.06566180328201
5.036623857570322,32.99612465297949
3.717739573512347,33.015355961145
0.6067627056353904,38.08629603653248
1.4455996056325555,35.53171241237252
3.824103177679938,34.961588106163745
-0.13718325019464483,34.04439949290874
1.9225172475778236,35.98495066130559
1.7887398394695926,35.21873486688183
1.2159607372325245,28.381124578959216
-2.058676299005898,32.32339786330449
1.3135958161633665,33.06140417657047
5.163638076513562,34.354813785393105
4.1231833202978745,32.42577556365633
4.362146012373021,29.761429915384483
1.550428301915594,31.685468572923792
6.879904116536164,27.50384568468894
0.4768685872351859,35.54021582437876
0.5651354817452282,29.281675857843773
1.461311044983585,33.23842277469763
-3.0068494722975885,29.73949860077978
5.323769409971879,28.665177889063223
5.243308619965788,33.701099202377435
1.6911005695308654,31.697935109607283
-0.5055769487263955,33.396202709081265
-0.11301050672694979,36.90050003770756
-0.1419700558685575,32.104195952001064
0.7260799454219514,38.40894272946517
-2.615464519088885,32.18296032090263
-0.10166429211452144,32.801713418928856
0.5281294596012861,30.03593770196774
-0.6767109431634657,34.26138241850034
-1.4521628452430195,31.344909203148728
-1.2820308481428273,32.42992222039781
1.251582361392593,31.406474855048042
-0.46775265851089554,28.183428137825288
7.468675809121081,34.60671119306721
5.3710484736802755,31.87324808269036
-1.0652696786251323,30.895585417516376
2.4496331187681175,33.89075176827175
2.2913563756070348,31.151359196670736
0.13371011359914475,32.63229582537311
1.2938840443123496,33.84541918895594
0.7392718394544302,31.886570615021498
0.5636089489543076,30.501527024913212
8.331832336395099,31.93064830694106
-0.3376535622114989,31.930806733799972
2.008562541454021,28.88290502534971
4.503900820183777,30.09157273633891
1.8039843637511415,36.25826955966487
4.441298281044046,30.610012524313387
3.6010696708305168,31.309349228219318
1.2312091032207546,37.32344041541554
3.733848747622299,33.706734068039225
-0.5665327511416591,31.380766308676804
-1.1588703013021329,30.381101990376255
-0.34891162440406354,36.18385296262687
1.1486520861308518,39.24322983157983
3.7581774839347637,35.957346244456375
3.0134384963883987,33.99660570737197
2.2769041173962887,31.41501640617444
3.989992223231548,32.54358265861359
1.2111941022339354,33.6467009818954
3.4333541109538137,33.025648413647296
-0.07381083204923256,34.67128705222581
0.6560469549166914,38.24651280886
0.7964405902399372,27.315907399500695
3.2593333349318447,36.769774775604304
0.22201933553606712,31.641990253457305
0.5592733917131256,33.58188099317882
-0.2771663360867489,34.89890226549277
3.3284477382750253,37.99602715530728
-2.2341374495896327,34.279908133787195
0.12351446908060737,32.67015803833836
1.3919149289349237,30.31456702939583
-0.2716000138475916,35.08207951576882
2.0025097378486363,32.64839777659493
2.461269013780747,30.64850380943672
3.448968006390195,30.214730653533756
0.8129134397420144,33.09294749841769
-0.3969902147326878,31.480378509938333
-0.9441486912213279,30.778818440424647
4.391568793754152,32.46369531838404
-0.2546612688689802,29.43648448849925
-0.8288686981448348,33.44373905013207
-0.8066137780542619,31.103610731650207
0.06749048767968269,35.77738351111172
2.8651365788940626,33.314558329196196
5.748322214205151,31.093038213061135
3.3337925612816885,35.82487009529864
-2.8096053240381993,30.73851661762089
0.9901495615965492,33.273357187625216
-5.111170936446135,31.850357257598354
0.541739745024398,33.57170948180872
0.506010610940002,32.87772811758836
3.3707702659070313,32.829683221967
-0.8542651477854832,32.182834197269635
-1.257589792290299,32.03135517001095
9.234523068443512,38.40128064724861
0.34479099117603884,31.006162454351465
2.243430482032535,30.323654044356356
-1.593654984059325,32.38704011977761
-0.6871217541846839,34.89329391268752
2.479036554920286,27.437334197025383
4.442492890940569,29.00619125941751
1.0965577473005548,37.53993664353032
3.2174279809058306,31.0138725234364
8.143301925520168,33.970961987354805
3.1136434031415616,33.71032878351987
1.775428240782503,33.822332686677065
0.4363702441082985,29.839209033379312
2.5136062398092704,31.86112978526802
-3.0465136553343646,31.83929701268659
-0.3280216066338888,35.568517555168235
0.997694597175407,34.85494979492648
-3.3480695519378543,26.633822334314647
0.7242801348144112,29.877510877526845
3.8419757164558748,31.170554154172496
3.1151433005531897,34.82471256415874
0.8644089232024672,33.3397395339251
7.160415578185155,32.153397404732594
6.0313724995741245,30.091107059416373
-2.1476230170872204,35.956707685776436
-0.7880647592534822,32.75012631822985
4.819514395980386,37.840620430088165
-0.6070955420707556,35.97296929090851
0.7269669894986692,28.719245255344827
0.9505771214942783,30.361128434490393
-1.4778759325811421,37.72560319280501
2.4307298103760946,32.27094938925646
0.0031919011074077464,31.149560724995023
-1.1455826811810734,34.48884385078612
4.762227641011924,34.26619671432883
-0.5151000793331308,36.65133636372461
-0.7107662674117208,31.451657987773068
7.170126353575227,33.128723270667905
4.747417303956843,35.225474132837114
4.661859483450857,33.58470710416045
0.9677532257015009,32.06442534865816
-3.0709063345953904,32.10769602037011
-1.1202339055534503,31.97217760144651
1.3581755413869003,34.80670476678103
-0.017650650550024904,33.81007211869708
-5.285857418495171,31.918733458220494
-0.6799843637003171,33.7751599694582
-0.31808936967268053,30.534680797391506
1.9158937722871396,33.66983068371192
-1.0069864467425416,33.8617622318556
1.9265081277345582,33.32703550490339
2.515028917100825,36.52520535337805
-0.5113297069908476,34.11941008014129
3.389655564308622,33.39625521636938
-3.6161533389759253,33.71137448273895
-4.306371194415907,34.65600945852404
-1.7645032248979846,35.72330782859211
-2.688742828119502,33.397215075604265
1.3832151354982594,28.531906759111205
-0.45846096874268993,33.45808169375744
-2.6519765775056703,31.977411503963488
4.811313560309656,31.662508046581472
3.034777575793701,30.84014244614664
3.0379936933126874,31.77790266114918
2.1017137013002856,33.873487734610784
3.290632117617705,32.08620504328998
1.286600247547045,31.537668054806684
0.6624373443441975,32.562559353961966
0.86487091484168,37.08619255254027
0.9954426617119025,32.642792140473084
-2.0861231089661723,31.556933174562104
0.02663369246034253,28.098837573733185
-3.0475711832961467,29.598044200453614
-0.32999579671474155,31.038799761069107
4.201962273523371,30.568351943368327
0.41701729842185153,31.42249328496597
-1.7507208849048568,32.25779527878608
-0.6543885466163737,33.00599706099425
5.177014080931827,32.62265910126854
-0.12150911266954023,33.04090888615553
5.492807281012039,36.24512409791562
-0.8432964031913066,30.039636713058037
5.6060620883690895,30.827713495377242
3.7052685776464616,33.04716082023259
0.474973440223759,31.190648553085847
1.0733809674503,30.361309075521817
1.329711140170495,34.172892245971724
-0.031725673737628135,35.71697371675305
-0.13287662493418906,31.72159589562673
-0.8621725469296297,34.63955773131607
-1.7021925652639047,29.850701960826274
-4.048573479454096,35.2725503216976
-0.23188498692445303,31.53186210451652
0.02925361118106684,33.95035299146118
3.976817280063073,32.08874995823807
-2.8659773012671623,38.07648820267537
2.565109945512484,31.957027425592504
1.4651124344675983,29.40621291077475
2.7927961445852567,29.2810448142211
3.5680080630477375,32.421494721587564
1.4718005223736845,31.758218833422305
5.547991482801689,32.120137019451235
3.106666199739384,34.58065263600963
2.2796969629865793,27.671288008337577
2.1377536730597777,39.6494418572754
-2.13614810818001,34.74731190684564
3.8843571027001165,35.726446747819935
-4.403894534710867,31.061201580123598
1.268964051870486,29.290399177482243
2.8523403656698796,35.63500658978665
-0.9670644614920691,32.24114230050134
2.1624880061338363,31.585770072640184
-0.08330881434113402,34.76623862120481
2.767177296034488,31.110107498291345
0.4149551546396135,30.2671487283187
1.873667552933414,35.777174117644414
4.532312096112444,34.96490631893057
2.263000617617707,28.473977271181102
0.820446445169016,32.12411996973546
-3.044033149748156,32.70200518350755
4.392247236185691,29.190628444746828
1.6695070743001679,34.61995885228669
0.3900821323517417,35.46878456630334
1.2841129760118002,29.985007690244917
-0.9311585737025263,28.998563664768128
2.278399119947688,31.06292897171431
-0.5346199683251067,31.14777868887817
5.5085257703878625,36.397731398226355
2.1607376930672912,35.57596114688817
-2.389656025693047,35.5809921765722
0.7654785495735418,32.98838003164697
5.046486681719151,33.693404203343235
6.608270898707078,33.45642961554452
3.8590410355271603,33.14228965520041
-1.7305800955791728,35.82676133699789
-1.7591364919208328,26.277726753964107
1.391843584402741,31.239903539326185
0.1838587623527268,24.79351667728091
-4.206445951829268,30.564500811748406
3.151944093947015,31.75041884913563
0.5822431837035169,30.104461667360503
-2.3189022193147237,33.012778673692644
-0.24041206733951404,35.960982790003534
1.5730096682041546,33.72221709965957
1.6074219709965516,27.474276941185682
-1.9441044502847,33.777146225285875
-0.17317342015501125,30.86547610073787
-0.9368865563258617,28.049104176516348
-0.1990815078700532,28.375198491631817
-0.0981262727502179,30.29488530310381
-0.4387228263385252,31.39574994114779
1.9815139682545786,30.887764128806648
3.124874467105065,35.31554592840275
2.626821825283171,34.107121461242386
0.846825604258564,31.677276130786797
4.014022257134812,34.71729377806267
-0.6814045083281495,29.5488541306549
-2.6758375312510645,28.266190303555078
0.11731415352476171,34.067361860600805
-2.0370940866030174,30.610634230579272
4.6606201366337086,33.88157673075246
0.1810350424344771,30.28068552370766
2.8871502926343844,30.194281888426413
4.00329761623268,31.50398402771813
-0.5658500390264762,32.41540881023279
0.8885920561447972,33.8619995241253
0.1756138545282362,31.424843889407928
-1.2535810496569093,36.10649364178473
7.14632449484397,32.672685931414115
5.935930905475838,33.98683774808547
-2.977581938903846,31.809789728447466
3.784054937954367,26.74581655134797
-4.979907958010505,32.813317661856296
3.010354055367367,33.14665474998792
-1.6271083822038488,35.32063969703533
-1.255758973177119,30.897326061857093
3.2728496841421904,31.595236068396172
-0.9851705478632815,33.18979690349501
-0.019796128609325336,31.407261624623708
0.6481009283903932,34.375519090609586
2.2644737573890206,27.915718963532925
-0.7039167772530863,32.30020472366959
-1.4351481665183567,33.329975137319884
4.070329146204113,32.50231270128589
-0.32919401963472583,34.46118236602215
6.293184803151291,29.03665261414598
0.6305191622800361,31.259144785899917
0.8055558382713814,31.467749290794178
-1.3333518842942151,32.59781128462957
1.6008441645975076,32.20796571812428
-0.3366047708829176,31.428163284284494
3.2369677009855744,33.00628283725294
3.0028249781766734,27.409151931882974
3.1453052255931024,34.57595769152608
3.7741458975322852,31.70931258244557
4.017164027203498,34.13825596488436
3.3876056384260536,32.75787476726701
2.78852277529053,28.950160889300268
1.3766174941927782,36.840735808440215
1.1279912312762326,30.602459845012472
0.3914707538815624,33.32684657670904
1.4340055113335486,35.40471540806517
-1.8038441804146816,34.83658907840514
-1.0469048037488622,33.00980900466018
1.9811933820662326,29.229763544449018
-0.9206069002230497,32.56804415277358
-1.455411701824985,32.98136280427474
2.7580814440092767,31.08155539491448
3.9583148952857727,33.622549858510226
2.7069050389559686,36.00236734732892
-0.14582641039145972,27.363111773253614
1.6364511321023205,34.12757907158286
1.714628605183847,29.116635372556424
5.955999988887434,30.530972984787898
5.302184106886921,29.942451701600373
3.9800158085450086,35.706753425914236
-0.6482255134478814,33.56471719652271
3.2242303662408576,33.56160162153099
-1.9010999349358033,30.664183587837957
0.5951734258000002,34.146558471895794
1.8408706446564702,32.575499888522266
-2.845536680256597,32.49883434156896
4.382437675283738,30.878054553523985
0.465802975486052,31.28203165364682
1.6599385339683912,30.348849636089398
5.194682645343211,33.84430113772274
0.5673460090959194,26.09112502288926
0.5115250064801767,32.660408055412546
1.5093535180284947,31.39913368630614
0.3785101713709731,28.916364755982162
3.0636115896542577,31.2562522249599
-0.35268696801459876,33.560424031246875
4.3599206167399505,35.431967672892895
-1.4130903383790128,36.38716528550062
3.10540747259447,30.578311145109097
-2.5415640135368194,30.530964118518543
2.843300021856188,31.839324113780695
3.459924828929004,27.468595945263623
-3.567212130960786,32.35521867022482
4.474779195482707,31.42566639744099
-1.3382881057628868,31.954470259477652
3.7628102772261682,32.83631534139723
2.605378431465506,34.902118997754386
0.7176522160151182,31.312192916218653
3.4853399393820865,36.33039863650825
0.24107274782326304,25.403902337253356
2.4295933278963813,34.181840787559395
-2.6907158388102084,28.062324927669703
0.04425237172634344,28.98295744399488
2.962803557397529,30.96389550454135
2.3022696110561602,26.730147788976126
-0.25227324269686613,30.497774271124324
-0.09260658848716963,31.351511506164293
-1.6307120514159208,34.3518570459655
3.2253754022425873,30.873787370039427
4.638659223637858,31.726158505291714
5.2771470672404694,30.5192044829541
1.074446797230121,36.400462663027334
-1.9606130882997101,30.559367002976195
-0.8986137682743949,31.3450575453941
-0.05782615050713513,37.382631493864935
5.38094343353006,29.614033970560367
1.360637613827691,33.73473242398914
0.43914788324457044,35.280402308329556
4.625905260871443,34.826113643022445
0.16583042095462264,30.967348580865437
-1.463268001327334,30.47192573032385
-1.283084013478463,37.66781585976246
1.0803145806597705,33.59849581203248
0.4065015145450752,32.944636354823785
-2.2090593132817418,32.485098433102685
3.7706800456953653,30.318375478170807
3.9565330934729714,31.47117389857261
-0.4207956261631023,32.04477911050712
0.2811701081862934,30.873461846310416
-0.06612326211597486,33.512050812523604
2.603017412413403,34.363251581134904
3.3303098197699277,37.14711945305608
5.332016503958821,34.124997585154844
2.053398181412577,30.98657559792705
-1.7817272774662767,31.64852057936397
2.960622984433399,32.810392541731986
1.7527192817802817,30.72696689419556
-0.3609708318826139,32.333421183006784
-4.843390361146727,32.69476518052689
2.6208646345817153,36.379859704035916
-3.339530858808983,31.346799103046834
2.7434994500481755,33.69341125355553
-2.8632484297502536,32.49086838596337
3.640145910842154,33.84272724662664
-0.33635859459014594,37.9822589328382
-3.4740165987541625,31.35712609493352
0.3428259104599357,33.2847513776131
-0.2192148368794451,34.38227563233714
1.1911128579294943,30.462100741004782
2.2783606230419142,31.234952714441633
6.630242228904042,28.25694986582254
-0.7590088260059431,33.06023470588744
0.9988494426511263,32.73554045674683
-1.9299116430068306,32.66102417606285
7.8335614980174135,35.287462802586745
-0.4930896057408607,31.8804606275136
-0.8412552527738186,30.88546648434703
-4.3052371799380325,36.83529819051945
0.5998763189474037,32.747042099933616
3.0186518073832227,33.34047346237383
3.366840045548508,33.2962672744508
2.22919347386578,29.051239834610204
2.327593330019284,27.278680113034614
1.3266885631504644,30.23212625215476
3.162189543285571,28.817706124641763
1.8670454674785866,32.536361422850206
2.7708457286956243,30.327771392416963
2.10382160413946,31.487638580594115
2.8672145932700634,33.69908761448308
-2.612442945692071,32.75542024655692
0.753767064735152,27.847901491997632
-2.3388799990178337,33.973947402126356
2.9203634064504325,25.985692131002413
-0.8679970060692908,34.3805340007642
0.842589075506796,34.53521365960763
-1.1786591761430176,32.256677708682844
2.1062415371257046,34.989748887588306
1.0941164797327945,33.90150042650538
0.6180295386891185,35.76001066992492
2.1808481406480373,32.692385568493485
0.8232137589722012,35.433895023031745
-0.32792048979556543,29.851109503953218
1.117003213910148,31.181147263831036
2.5489382353410734,30.040967069108675
-3.5814661461028905,34.57089372938781
6.472524809540389,34.46479450867567
3.843305687808067,33.24428198121727
0.7248746886949263,30.111815286842816
-2.8513688537118984,27.95563348339249
2.9051479290536415,34.7153522449191
-0.6844556141036857,34.893239537184215
1.1878458926378666,33.07578299290495
-0.5510164870513721,34.70169253410753
-1.6127777188763077,35.036848289715046
2.9155836483357582,31.363677095520643
0.8741179301356516,32.12662467629114
-0.4549203707735614,31.566865773660982
-1.2811715863941897,33.470188292176715
3.400457656915094,34.41623238087736
0.9709230438379886,34.9642893260118
0.43081619019990847,28.411774995065144
-2.2782449706789616,34.6133688373516
1.436276638916526,33.254921830487724
3.010151827702434,31.740569200773074
7.48914334169679,33.184019109947926
1.3057301212137793,31.779242728083013
-1.0891971575457342,34.29921065674825
-1.217909271695195,30.047491209205425
2.727989153214878,31.46835231672961
1.5652633732572512,31.572985694752113
1.1688182276091617,30.5189737335385
2.393194956997699,32.384169731503306
-1.6233260482787655,31.730594885953508
-0.7421999126300156,30.490553720414354
4.480245105690781,34.67238355485706
1.842270350931303,31.89632143044592
2.024162129449614,31.005153321747354
0.5179531883296492,28.98631967678641
3.7565605749425615,32.82434566883825
0.8041637725677077,32.906044985245984
1.3321329267515887,29.394599232384444
0.06964754319198141,30.457381043020884
1.5580899956511252,29.934057503666754
5.613216205211424,29.598251194354336
4.501477236477083,30.839101280312217
-1.870150229262908,29.37834264151778
0.5832947432509669,35.93250703174651
4.102980233325535,37.01504790110316
3.4617922570310626,31.325716582037867
4.760508549884669,37.83910551988794
1.5466028937303642,32.91591707821857
-0.26897706962473134,33.89650683624206
-0.7229181456065403,36.08605350340251
-0.29795781712396807,36.0919675435082
-2.16899181927078,32.21187968215606
0.775570375742461,33.86239782230596
2.9922688148515766,34.98912882761965
-0.17945615612379662,33.019230880270264
-0.9282162838367713,34.05097473256951
4.115162036197017,38.920261686671665
2.5813101439796844,30.41662510113548
4.9957141920178785,32.75970722580073
1.2316527040789726,30.008936612774207
0.9484066776295415,32.823277586747025
2.3514596480183343,30.49428294464402
5.54490649342191,27.7107640553522
-0.6193642406250885,33.44632727701275
3.180530894005024,33.88980346663952
2.275375165398825,30.38310960981662
3.400239695497223,34.43833463455137
2.3907995036828735,31.94096025205192
2.378136434809295,32.20847656322439
1.9545497520554576,31.718882814724214
0.3166217042697137,32.97395211111862
2.0480128943118725,33.25309138976667
-1.1566279927948768,31.61297811005199
0.7089937913050745,32.7301727508502
2.9888341758770545,30.68403589799348
2.787740640694464,35.252798914892615
-2.389753446267035,28.182576043608712
4.049352881788636,32.829649515246935
5.22714591613294,30.41818792907917
1.4075051474220202,28.988147436025802
4.307115482328029,29.26480253162508
3.431717250512622,31.368305310893813
1.3350504382806176,32.74774915075397
0.7907670812039127,29.36116385482648
-1.3092453652433265,33.72386996068266
3.3448716106655247,31.74297591597211
2.628293364813876,37.69742747940937
2.4767740108459675,29.87909211996174
0.34276988392847485,35.58898591347128
6.61025398248492,32.81693834038979
-1.8486408379240857,32.69761093425275
-3.0899462235903803,35.69420961527992
3.5640163177770803,31.46140977957873
-0.4323175845493754,29.642036606811924
1.2567230814998962,33.43886063288876
-0.8073660136033682,34.36466658567871
1.002934589960892,36.26440874435679
1.9187953422369517,32.421597629082065
1.8764724244290325,31.569297983442496
-1.116422954869888,34.280352016257126
6.74228540415496,33.96822827448327
2.5550064318567376,32.921569511277966
1.6031631932900618,31.869820234752545
-1.4848530792409087,29.650860460206456
-0.9211225790535793,32.52793638797307
-3.674809697891731,34.0955838040111
5.441573019782584,30.76240941208978
0.937158647715272,27.07545942216054
0.6531858486187498,28.102164857077888
0.10203778456700574,29.734878342894277
6.008635674105098,30.37425755949464
-3.121680702727234,32.98731658198585
1.2790991558060691,30.61533955940653
4.384825114059079,33.77196283791069
1.5267834865774867,32.00211061008253
-5.425087316362405,28.75273106384806
2.6869494025541196,31.999223190315032
-1.3019130086367832,33.44979997283353
-1.0067286571314922,35.14539039834877
1.4897573005298221,32.28650432962085
3.8752247798831947,33.293358976296176
0.7264324711401104,33.49734989246888
0.9623893812819451,33.06627864652119
-1.8644990662975824,37.20571560764782
3.074060961071071,31.138901022797675
-0.1530056123485184,33.270021910086406
-0.6714397702283912,31.34623337488627
-7.195206200650111,29.60393407857946
0.43544736203701007,33.35291732490052
-0.11866694246770937,31.98035863060882
2.5923842778097748,33.6335363892764
2.1756134067807427,33.39026210334331
-4.635814824473667,32.725057000524565
0.312969177316347,31.501641192428792
1.087639979310731,31.556496836414155
0.9666855207843763,34.227149901036015
-3.754365380382507,31.44180914635857
1.6387431472831522,33.900857207318936
-0.8423527324478908,33.80208313977464
2.1773797756580486,27.87371852379432
4.073624811078432,27.14029631383157
1.9491410976768115,33.4461634756019
-0.3527001414652027,30.19665802489091
-1.4958123873920144,38.0173109530865
5.36647527311,36.5643490974425
-1.199495323751051,33.708433625049295
-3.315203772661035,30.866640198909963
1.25409168248714,31.509603053799474
2.0586782228321017,32.63364565366999
3.832039634023259,30.69573414869734
-0.781628067715257,36.64512725962036
-0.4887772905811103,29.381265728406536
0.5764223924715153,30.378570759489396
7.805468785752064,34.33806845259388
-0.49958973659103445,36.60171592737359
3.498527706463636,28.027393089114728
0.669501481202436,32.59855920021127
2.3671668932302095,37.7155916492376
-3.384570510091442,31.290919017907484
0.6193421758814596,32.55937295662109
-0.8521718961762774,37.668797861904146
-4.691907304318447,31.71246989750276
-2.4598593783075193,29.277073686568645
6.570535093170234,34.40173918397416
0.20769799605554318,34.03231462580477
5.232583305972885,29.584618974828608
1.6789848267376994,34.69116631544291
-0.11636840116738134,30.459023474458146
8.013641807893048,32.30698389319076
4.585280741898906,33.17281965468762
1.351880130066152,29.312335296485223
3.9831492717787746,36.31455572621684
1.4296374340795257,29.92579703542102
3.8412856014132624,32.8202652643953
2.501079894004002,33.122578439341844
3.3813523573744195,30.329792231686064
0.6179874688703703,31.091156866199654
-1.631752869537888,33.16300688310291
-1.7772009749570716,34.5517512964581
1.7559567398269516,33.39418683972751
0.13368661544159632,33.57319286538542
-0.7257475748894242,35.131850426591775
-1.1239041290643663,34.98127086895984
4.809250396975025,31.86689763759034
3.1005823097575695,28.724843930083246
3.127470858200525,27.111503881386586
0.5576315718518827,33.06534829325759
3.507250238204223,32.92708638165101
1.645147384772998,32.33184463209988
1.5780578672317225,31.84689698402278
1.6562554209213503,34.894430749558744
1.9037990734865446,32.1169757120134
-4.354350177600842,31.56685935528149
2.1229028462757156,34.26535314462102
-1.1153277834380355,31.438508586761973
0.5919883396075936,29.17122872490909
0.263053310467698,31.598765064947948
-0.1294332212954299,38.75318133797358
0.11446519778743736,27.653526459792847
2.5573044808470535,32.471188512253946
-2.1969285659625277,29.433242533029667
-0.3900282643295565,29.55397983872351
-1.4365031310970493,29.285373690968783
0.5752844869476069,30.157162257152024
4.405273607266929,33.171599826824256
3.0555615224925106,31.98744587579558
1.696303216982963,32.51782220467777
3.9841400321626965,32.16843717804036
2.0404439289022562,34.27049849710888
-2.034418211450915,32.124093289061285
0.8078508021769735,34.53091259473783
1.4529922073236263,29.053608804371773
-0.2525791829264332,28.28692911528749
2.3240627609875144,34.847249743908854
4.9593729037516425,32.62666729954785
4.357895924987025,31.17158894303429
-2.273558822722548,29.06875247562644
1.3108110633861547,29.765400566448207
2.8751807359840784,27.787816340748765
1.5998971216277995,35.29086635729691
-1.7131047073894776,34.15954721957092
1.7862328708776751,36.73339978866668
7.049159527564679,34.00976268608485
0.2905692028343021,32.8951345870829
2.4139948803418307,28.457685447689464
2.62520433433218,34.81458628202241
1.428955120537255,32.35427975127866
-2.0186952495981476,34.28721101626712
2.6668616488681516,28.96130826962233
4.155544349078277,31.792715562143776
4.079945191082073,27.60772479325919
0.9143939387418321,32.17461288587751
-1.0745803467718225,30.481525371843954
0.08496404933688928,32.04992046735317
-1.9908383884474405,30.450531444291276
-0.3686799250346937,31.609926342374646
0.31445044580868886,30.342726799872295
-0.07757962413188602,34.05999562687142
-2.181243145672536,31.087966940414024
2.592503651139711,32.05339741955477
3.664888165056655,35.18949951034443
2.8290560449296893,30.416397882497332
5.211562845873891,30.4748040135345
4.504672410288689,31.951942198087167
1.995356642494611,33.04070029269283
4.132697357676465,32.099127881624966
-1.0679179111056745,35.27592592768887
-4.879831313715347,29.337120906087062
3.0678839027998195,30.332544495605937
0.8294293953726699,33.69652972582566
0.4164665577605474,31.734984042380866
-0.9269843642713527,33.70557592115426
5.148004763764491,31.9909285023135
-2.000158000828459,30.331955036448456
2.703664156172593,28.732422328309564
-2.3046559807252636,34.85129115015803
-0.7668251498408476,30.738269001749146
-1.5812932813860554,29.725851939486706
-0.7570694951148575,32.457213731128675
0.7413648049666763,30.995974203329524
-4.189255171012283,26.141342368694822
3.239269641630051,31.771064969193617
0.6094243963441941,34.07196502443733
2.3673792588004665,34.22335740910356
1.118386758477294,29.58160524089626
2.958575499145502,26.751650848890485
-2.608864534461624,28.57650662650865
1.1988356725252272,33.153516775568704
1.0043827284286553,30.689710640715173
2.478485390029597,30.197089132554094
4.599821321235142,35.03817187207095
2.448376871012553,32.98308710665214
-0.453632760874481,32.97826195909907
3.5717239756342076,34.31301732376937
0.1194200410436248,35.02121107142139
0.8621052133073043,28.997388276830826
5.3059802133068255,27.863619046871836
-0.5118960708856122,29.442552275664337
2.3250145407411207,27.910762769343357
0.08408945774692778,29.45277793413242
1.1112888883957917,34.365178214326654
4.993866938147681,34.279140971829996
0.6552323770475615,30.28801321902183
2.8746483582704068,37.65377392774449
3.9912438985451453,32.47578602513277
-2.5076594077040393,32.501528126930474
3.3225653090039144,32.92585091764046
2.5191339745420183,35.64335502358801
3.786943458647637,31.929001896359775
3.8673759223476796,32.713983902936775
1.5634055681845302,30.673183035918857
-1.0275769419684893,30.50778975258068
-0.9426946296749108,32.79451754966868
3.4669046799005194,34.1404975623498
0.749360856088186,33.96442186667092
4.221178676168449,35.01439533219827
-1.3834416719670086,29.159327487026196
-2.278746220417549,32.35080363177747
-0.8823218559578718,37.29762169964734
-3.375456613160792,27.807892164358083
3.0632986751674047,28.459042547418743
3.22973672215966,35.41732814944551
-1.2344076401436617,32.22845328318992
-0.827474371638337,33.069022804538655
-1.9946320219233367,31.574330235426913
1.1245493023645663,37.14665755451637
3.532767391477395,34.27378131324189
-3.1479982168462612,32.46269827767373
-0.4699148689788073,31.522699381115423
7.164860088722376,36.35173139104205
1.0767010182606915,30.677105090092898
-1.0345808521330948,28.891426546934078
1.2397542160167934,30.896657455840437
-0.5498961559408124,34.05217762872301
2.2386242716654356,34.24366926259196
8.771900785095621,31.917137799433192
0.4250921007992816,34.95131261546186
0.4033661244877439,31.696303760233892
2.5116781698042425,31.689524021999354
0.7668732897009485,32.380792008238224
1.535219098340191,30.83415136793137
-0.4668804128312769,33.23091709996606
0.86780707926277,33.480659049854914
2.9506164392511858,32.94875020688801
-3.1954563832556424,30.65595670132562
2.1597564909191718,29.574032465878
1.9124150185596105,30.164454872831573
2.802809024246902,31.085818423573443
2.8594733834507364,36.2606206953828
0.546562432577113,30.388573215551983
2.1885347547177174,34.29355813899952
2.1972669244719203,34.483794039380484
4.191590698652955,32.211224154789086
2.277310035816516,33.299892143011604
3.905204913450471,31.987649716779597
-0.15168475633901757,31.61808584356894
-0.34314766494900284,24.603647944446177
1.7826230067849786,30.5279226851412
4.233867056932288,35.05046703071609
5.700863969850172,29.228629011722877
3.1709345725893847,28.95799881571089
4.599220367077041,33.10276016754816
2.0592192003089407,32.22661469660652
2.580452405132481,31.837733721192517
3.7569710170235338,36.11084122575237
1.899562340615381,31.02355105204826
4.380869797352438,31.912826426255783
3.6346329457602544,31.37595743134513
1.9870261024800162,31.512914385151696
2.4399946069783582,32.55310062199293
2.1541024875177426,31.059372363343787
2.6558829415415626,33.13560830646921
-2.5537557217130553,33.41287423057606
-0.15515262427846177,29.984361649845248
-1.0798965171982102,33.561849960561695
-0.018926836826870908,34.46846308360921
-1.8241162415092145,34.076450842867374
0.9440526182686493,33.989488988961064
-1.4134248601513892,34.71223081452497
1.0269888841833958,32.03900096357919
1.6580681364842975,32.1215411426926
-4.377838170065236,34.15044403570836
0.5219897346619046,29.37799837436813
1.555285880083019,30.202700619264515
4.121906779337181,30.899568221443072
2.1197787561722437,34.33653817346591
2.7550830193516136,33.896047440048456
0.10373002592357095,29.710684555491003
1.8491795846146708,31.68985151830255
6.145987823810405,33.27715939807957
3.978429303414001,32.18427215559608
4.726289183748227,33.47938110902969
-3.570442897084564,31.570090170400164
1.9781110281286847,32.61742767484833
2.5583397551638654,36.441943921469154
0.4678882861393231,27.582622617563555
1.6502840123576068,31.338146298074278
-0.5243085459353165,31.65257980851333
5.330759567407133,32.445056749681534
-0.02527495786834022,36.02251762017892
-1.1276526141344254,36.57673207746276
3.2735507981644756,30.7686524276456
0.1762813949239903,36.099524567948045
2.12351139842803,33.31349154414193
1.0152795327755448,33.85401398945305
-0.43592318474088954,33.81212777705918
-0.6996150685152727,39.95603304674778
1.5492853041107573,37.20442310379922
2.4440782462186235,31.491669002148893
-1.724738856377673,32.33100579265722
6.113305359463854,35.59271573870408
-1.896925951811535,34.541165315466614
1.0431014391684073,36.609939095511116
1.998359008379044,30.652932264455906
2.3119278622466686,28.536598886722995
1.9022646137376595,37.309935801814255
-0.5310068238955004,31.020218400710725
0.7863485764080609,33.20646178779601
0.5644769168519937,35.60156095501781
1.58533946715544,33.49471522492109
1.6701147333668023,34.74328079804722
0.004035105194857058,30.926533860885577
2.013782638891699,36.739930798379916
5.815957071088594,28.02318156185344
1.8768424740507845,27.906477905828176
-6.711444199022258,35.03052555668765
8.122673593173783,34.37843941514643
1.5566554808358235,31.721156988003276
4.247027309421895,30.28528827836006
0.0571737868919584,32.26885942026256
4.088369724632501,31.64372775650044
2.5943815280839457,34.71438154593427
4.807965011476669,33.737685340766696
1.8145058981281879,33.70877931328647
-2.621920572940187,34.00434706422507
-1.7796590398845007,31.748953132261946
5.577559142805406,33.64839107566572
1.9108747715776018,29.01257894597655
3.437493226955467,33.08740477217662
-0.042722109595987545,31.147402536673013
5.9727096953888585,31.248705221804915
0.9051225231793965,33.377040426745026
1.652552983284413,32.68832293497228
-1.4859228219423755,34.95351092497445
1.736444948360734,26.706891014463807
3.55593642340486,32.10821187443393
2.9340023265184425,30.289767718499718
-1.1876363774648526,32.07842836231317
2.811566179489831,36.45242289647113
-1.4781336153112035,30.186440126736482
1.9401957295884915,31.030253903687676
1.7075141148898108,28.257084175617912
-1.7266991484777634,30.722014356399807
2.621611740685257,31.033911417246088
2.9657296872038,34.0030290155199
0.34377369406521974,28.848411682423965
0.19377956298416454,36.043880645222515
4.623769537891455,34.30890759275582
2.895583573892025,32.66578956425731
-2.019499049122172,33.72988828973112
-3.0106080114032743,30.880570984940736
3.7008483377634964,29.06564119310994
3.589955699171518,35.012039702883484
1.0992548695108018,34.133809213871835
2.913939900598651,31.983025168378934
0.2622467849750939,30.42155527935188
5.421301014567612,36.9379622638992
-0.3913756481263393,34.16441443780137
0.6792236359161015,31.93996336940392
2.286832372026434,32.326156641113975
0.7989926331844498,33.48703904888153
-0.5463118533721014,32.99833604958369
4.1362952952083765,32.24877813796794
4.227629988249979,28.83271003997939
2.333048691342613,33.90828840447404
1.034408052931374,32.77204858274954
-0.710820894457874,32.92235185374092
0.5808922646732996,26.53609423239568
-2.7534160188349035,32.00901160673514
3.7592133842646316,32.47478002370491
1.1864467893428974,34.47110175279357
1.5969119656973212,36.69170295013524
2.550550377897039,34.290753273618286
-4.221443445334122,31.924421955440963
2.836929552333432,31.507088732250608
3.386660857489178,32.54528942427648
-4.320415489366099,32.22346233907616
-1.6771463096170205,34.1114569820555
6.056855700784545,35.02547062906586
2.2458471750155864,29.583875078949262
0.14082373106124102,33.71972739855551
1.933149252909073,31.79375816827295
3.937627260416349,36.155902553526104
3.3005704741997137,33.06667088887211
4.703756880526877,35.351059334906786
4.533178614602031,30.261539751982376
0.16583243189733898,32.50110175666917
-2.883417163906171,33.87674353518777
3.4417291840388766,32.31392809036953
0.3011348287864959,31.073578642009906
5.08333109107113,31.421851234832637
1.6912499481872725,33.29348027587116
0.7918829360247208,33.13959655511303
0.28225327978858683,35.389590219856025
0.9465405359721366,35.38944115348471
3.186895414573609,31.81861222443073
3.3958755535789034,37.99522201363608
0.7402841617308377,32.40336994951026
0.7027769039036637,35.80398083869693
-1.7226587356980478,29.07707576782017
0.7911617239723961,32.3639719089621
2.675563229193067,30.164396286179446
1.7830282350942968,28.14003006287211
2.29907989064682,32.1449985940945
2.4146077155996166,31.506655166841682
1.792813317919681,31.490005121836997
6.134997730622278,33.98192055486366
1.028889589772042,35.40147680595156
3.4444484953795356,30.583206761811738
-0.8053988990737717,33.937296662068896
1.1218928593892032,31.408123798044507
2.1880846018285482,31.8049494455184
-0.08078209512572943,32.11817590499929
0.4041427842165758,28.111949972951837
3.0748698169855784,31.276132652394097
-1.9007693918668607,31.23039864956486
2.9427708323644683,36.34923625940905
0.387163981136207,29.54916995634418
-2.507846227104921,32.8745969857304
-0.006240778539389424,28.58639540004248
2.2053586659774385,35.79305395170274
2.971289611080536,31.171375120390188
3.454138208704491,32.88997882899754
0.8810839779189388,34.24839325747639
5.237571713890438,36.31793137701485
-4.1514176158622105,31.4610189990222
3.724777727401567,28.806901590502317
1.7731796900491075,35.651325117555544
-1.8604129940428886,29.57282055625512
1.1197691323301666,27.626140314201635
1.8379390226838035,36.8145039657751
-0.6261123554698154,33.1539023240243
1.5479385902377596,35.94028943206935
7.3564851349937515,35.418500151940336
1.02976100760954,35.05616731424007
-6.00649406174459,33.88623398851172
-1.5803975996262194,31.90571413880903
2.0137584909656194,34.5421814271917
3.2147818221662687,31.246584286427606
3.8322881225255476,32.9247094738175
-4.614392898711581,30.4297552876925
2.8005847448058643,33.12178753702356
0.45737600537252876,33.994286251090465
-3.2355667391219693,34.21813589897545
2.1588483593102246,30.357325868381423
1.7617740375238515,30.809109121591288
3.753896476886807,34.31162026039044
3.550944995449036,31.25983059116057
2.1344899712549528,29.610780309145973
-4.458087688331337,36.44005697860738
1.4196909556247128,33.43149739741728
-0.3690927659482326,33.48764795493885
-1.8331610580468656,34.2544037509476
-3.6288725486371707,30.8031954895403
4.670609583588975,35.33775460814335
2.219611579536089,30.63332996866546
2.8362074487265714,33.05764025696222
-1.8931877583731382,30.813412404201042
-1.6824368410911577,31.106505298231333
6.225691393231227,34.62801714957755
1.7589064702185102,36.035613912382004
1.9432429286296662,30.389572415884167
-0.0014971985265685994,34.89488604093876
1.669792536336075,34.79699663855794
38.64892045413297,76.32229783299634
34.72032618895427,82.31653565451496
33.681242710075786,78.33921850556733
36.885414703353554,77.04154885446832
36.10618744877013,77.67055441126394
32.74007463916373,74.97972532326374
33.37111642884114,82.18493583637077
32.89300642392884,78.9509795099902
36.83261844989102,78.91568043001098
35.78434542139855,82.66634390865634
33.78740640243063,77.46570359730619
35.43827325627197,76.79634188466885
32.91000213451177,77.4478174279253
32.6389871331646,75.74849452970516
32.714373671056734,77.27095107277471
34.93002972703826,77.84476209332368
34.25265887008501,79.76270773809246
31.939178879935064,79.53235924374387
33.48171967387758,76.7239422983186
35.80382876281108,75.21337783980718
30.747489295439262,77.08961911490915
27.051731678157598,76.06794312081166
30.855497126842398,73.15253219204152
35.31888251488823,76.84690258743751
32.21106828380519,75.64667454539274
33.080939124290765,79.91846799955441
33.41385206635498,79.87294261462817
34.110907818004044,74.25299808853666
37.24677886381294,75.43227158580227
38.05247543012789,81.27685002709767
34.177766111424894,76.57940690563947
32.24141947521357,79.65824835963629
33.60765596927723,79.41744265566281
29.53786890062588,82.07367715495432
35.702516914855764,78.70620255068576
36.64387907388351,76.65990452106371
34.35648786684264,77.40701289916736
30.381343001579758,78.72254641610296
37.121400975682455,74.6474010068681
36.66082095924388,75.24152824837864
34.24499717073783,76.90601335274923
36.5247146876426,75.82289385408185
33.744530622394194,77.35367464595731
33.2328751867933,75.99587797215186
32.84141027526779,75.48879852443542
33.032971500584615,77.5262429133105
35.58546862673537,80.93133334521568
33.968589080264,78.21689366707665
31.755101570623253,75.86478832743832
33.80361423883561,80.59916341415038
34.51595940657178,78.54903785275823
32.35866724784017,77.17375944462884
34.774518755701465,77.83657886837052
33.89460966696508,74.53761093392026
32.25689153552399,79.65982929206798
36.64804875070078,77.84492522169187
31.01365946718361,75.93505212365365
37.67644403834418,79.88424817500471
34.079321203885485,78.5603869685744
30.831916390990205,79.77815897241426
33.90800962090232,79.17594038720331
31.927372207219165,80.44046144513243
33.98255145161969,76.15733795455989
35.37648069330211,80.62764832812887
37.53285784073431,76.13201172523938
37.003222959975446,75.40069786883048
30.848306411665714,74.46923566404533
31.65518583352979,74.2907116197872
33.6946773736954,76.052901307875
35.20199381774478,77.30490978662051
34.635655433839794,79.1343632270413
33.93999982776392,79.12566279975242
38.17327731393949,76.22602084349869
32.118174152858245,80.42189611960748
34.423507776232114,77.15775285049267
32.60592944973356,75.53760492840462
33.82433310454662,77.6718724438928
37.16845080170172,76.9881928087423
32.411470687213914,77.98115133106148
34.9869136275829,78.75526989689295
36.705948733965755,77.8467178218412
34.66549950838364,79.37525582898361
33.60567746242576,76.53153426682178
34.257930225830755,79.14168188142608
33.947205875688475,77.37118239556209
33.07689028167937,77.20765790991054
38.41516137649529,77.56281808836876
33.38297861267575,81.90158097269102
39.43249853625005,75.58625943015292
30.29703760897297,81.63475850290995
32.39348485037057,78.0155952484791
36.26221537240328,79.70174127840946
33.801030428695206,74.11486854578246
29.204164974998925,78.85176820320497
32.20468416439651,78.03084580001763
33.829346291717286,79.59836207378636
33.7662278516418,82.03207275923472
34.603010257822845,79.21715080687125
33.605183190906885,78.27174447197996
34.548888670380855,80.74352674916446
33.95661018343553,78.16414077371395
31.48042456034639,73.6080575265347
33.22406818470462,73.68391378994002
31.652607106760897,80.20672821048383
32.35989079100683,75.60933734928243
32.814386351473146,77.14520556926574
34.09357241506066,77.39389158694843
35.50892939377007,76.75377997052541
33.377304823905895,74.6604076483679
36.748584278653496,75.6597907184898
30.935164412094572,82.18418912284503
33.71385134669887,76.17768521577298
35.93643157127457,73.9047656121735
34.92331137682252,78.87898959695175
33.82758069238832,74.37457223544673
32.20641804537494,78.30909239434153
35.92608334326567,79.91999222855083
30.105348441963294,79.15537168907117
33.927487631797945,73.87090287578032
29.16829414092387,75.67305080090816
33.710386284094,75.39670899085867
35.158368909903686,75.79965900483612
30.726200147238117,77.97763539106973
33.75690263390965,75.69784488088322
33.470432838362804,72.53605745981477
28.85613158032585,75.5681263692759
35.084824126542294,79.91692880644898
33.583047386073666,79.60330092575397
37.17889654734435,76.79434347643063
36.52079408393472,76.426237259612
34.234990160989895,77.60099842865661
35.85692493161408,78.02299542284698
34.3537935408482,83.05018436977936
33.83152047045113,77.7704669378912
32.961328155244374,82.18924005149205
34.69305610242721,79.85638968251699
33.916865257896475,76.95158579586933
33.48717400760877,82.74415264232776
33.7805344798568,77.98313757067237
32.79256406328824,75.76804917596833
32.85514385174472,79.01750014509034
32.50200161405031,79.02094811630026
36.23461784460263,75.21970359958824
33.41955309336675,77.39398320662714
37.485832116669506,78.59440707851681
38.92591098025045,79.71691987746983
33.52503585186082,81.05226797277746
28.889034285511073,80.24182704265402
35.41084866707134,80.37575064630013
32.54755129827719,78.77465079270988
35.24580598088353,72.95548375026988
33.282478391936415,81.1116638359152
31.568153402015547,79.56708055439883
33.91006091059901,74.55864990997252
35.013518815341726,79.80409456730953
33.72929256799003,78.02906160839545
31.899452958217967,80.3199224518958
32.0853687562011,74.86530904334049
33.399164009708784,75.65227782914207
36.2606292744478,76.78569568216271
32.28145413408622,79.43865093461424
29.569424540300595,82.19260296533366
30.739747479381002,79.15382906429846
35.77891758363017,80.37382322109349
33.8221144448732,75.8188986821838
33.53541310468725,75.42127178667182
36.95033250989411,79.75645734090382
33.4933677817161,77.72973123873413
37.12855383458255,76.76940047913577
36.60801178691058,77.89917916094001
37.36069736306256,76.11401480223853
35.44866859928533,79.51749466615597
35.66484582173915,75.65955561717222
37.19281699617141,79.28204558834604
36.14430535598477,76.03868385992917
31.759534411606108,82.58252920081851
31.476584167094842,79.35211407202915
38.77710420775949,79.25847271138952
33.5641065207732,78.18359360218204
36.90740303276486,77.02203312405238
33.19487066701339,75.48375623025228
32.081093640326685,73.39157833474701
30.472247279079077,81.10535795240013
32.74777977871561,75.02019551493868
32.99330975770754,79.7957846034782
31.825906894443495,74.74802849686772
34.4972359841455,77.96948359084168
30.6872186829678,79.47057813838704
35.35117957212563,77.58206692003662
33.573794903931045,77.41649349907007
28.61394135396051,79.13495276866708
36.4091834470545,75.27323826232546
36.140543695601025,82.43407209782197
32.87588364793596,76.55850179259751
35.82317395349913,76.96631653410662
29.2840169065937,77.79822625168612
31.93493758017178,78.3403646516144
29.7022504696642,76.70410356526453
34.47527163205718,75.98702029395335
37.006671329942044,77.50263048073207
32.903309903803404,78.60995125540619
35.20439142968592,76.1245277578217
32.98685017617938,76.47950210007909
36.12018586882622,76.19208629070664
33.81268968092298,76.10909299310688
39.409525244394544,79.67660301292611
34.71022728840778,78.35420545984829
32.625793375166296,77.8596360648396
31.60754359154828,76.88723488893055
30.57815181550766,77.58143261697923
36.800667016364294,76.45189475145243
37.63627152133746,77.77308046857611
34.71003531192467,78.58091251144701
31.960010607470107,77.96126631373133
33.33808085168693,81.28825355466773
30.322860870454154,76.08852227546458
33.089014711558036,77.77757621338829
35.84051827626793,80.1980686455727
35.31977050894899,76.2464250028278
35.11814784094586,71.55049776983839
33.513395917578606,75.85058219454095
37.12321893463597,79.22644261293236
34.961299085097615,80.95869962341914
34.4740478431192,76.93118713045473
31.929936259849885,79.17096972074661
35.81971405963442,80.04825046398541
35.57281951466795,77.90623491319911
33.07296167609623,78.04465837415485
33.19307893275901,77.34892832741338
32.748700748497235,81.10942055566149
35.40679270028488,76.01148525088509
37.027921602235374,71.63899541670503
34.94215707533428,78.9002591514548
30.901139313690724,81.29571177050825
30.539782851990466,76.98689804376443
34.949478061493295,80.13920789938476
31.814291226808237,75.81962430370702
33.93915236333482,81.42099502355154
30.744548115619843,76.88485212162111
35.847097299916854,75.95646615152417
36.375176761687136,76.77897302136749
33.78786050331409,75.23635107487135
34.30910539599694,76.08617058160024
34.56618962645447,79.24324076333394
34.313373087489786,76.04592690857986
34.505994110944044,80.42287072614903
31.860426309520616,78.2823100109745
32.21884046920437,75.85878532341303
29.8279772506794,77.52484092723788
34.155490837462615,77.04725623760305
34.57687269857552,77.50564990325262
34.6660654904716,77.61043162506273
33.53318554807511,76.95130595369218
33.96069358133131,79.3176205678345
38.808359628016255,78.47855408892427
31.291440524561043,73.21759624142607
30.87474382009709,77.58384239056092
33.89034366138947,78.87851783670068
34.47092858457618,77.60923726110545
32.41719633996452,81.7106802293571
30.012250439656533,80.08726607260196
31.97126002400143,78.69650875632976
35.21272297837467,81.40484984503608
34.258829832610395,75.09455139960387
31.501961792607776,80.02935739828118
33.33128012397148,80.21016826358263
36.24822781028938,76.76036174399174
35.793364683961244,75.60065255708851
35.17961005566444,75.86467458534902
38.77100861503909,78.16706209828486
30.93953466781791,77.130375669256
35.50716368039298,76.61040607053842
33.603983903423185,74.56828447644905
33.77637812111289,74.00036092742425
34.80665209657983,76.69919927161062
30.320676310849947,79.0826775176555
33.57385189023118,75.90922475942038
35.725220650296286,77.37102555402373
31.21875657541016,79.18265016880218
36.08333820630728,76.84159760647181
34.59593842908887,80.00486691622301
34.027983202532155,75.4881889031652
30.04867808167895,77.69246756812163
30.134205269997494,82.11677789200978
32.33158074016879,78.05491340983494
34.652212352329805,78.90361201269619
30.230693041809293,76.71313200466022
36.19206987488498,76.13024481887312
35.956900076278295,78.02514007585856
31.914032846257825,77.29119358430653
35.95399502460846,82.8198866056847
34.48700090241415,77.94690067813839
29.995562983866236,79.85221960168829
36.34377982600078,76.05935445154967
31.990821356789592,72.83161453183452
34.44650022673724,78.57874888298106
30.11682979203652,77.75890374384333
33.17836027121783,76.69814936593323
33.36566825530612,78.71045216668749
31.548826800452904,77.44184459322642
35.43872465799502,80.17040716170662
33.63984424712985,74.95883844463698
33.818390299857505,78.2902636466332
33.85945924178251,74.79728237762403
34.80439326718638,77.88779222602577
32.295478008131695,77.91528006080355
37.23167288237507,76.96125407452539
34.888858231354426,74.22329406611863
34.46099174280266,76.03413418067167
32.86606742857349,78.97981765678519
31.502742534342595,78.67716194372335
34.434442619078254,78.5630748662186
38.0805321029604,80.936803217897
34.401367687664084,83.57280818240353
32.91475314362794,74.10870822667074
33.84776507769878,79.85315661261302
36.40538777475494,73.15682600555687
33.913962163862486,77.97713398391376
38.71480624095895,79.19500226467316
36.265658995436716,77.69698828850332
35.438351505252676,80.12709003714785
33.01424267442991,78.28318250659453
34.20607073962553,78.27058106569311
35.352096767410536,76.35649353525241
34.4052517757343,76.82997024429127
33.789123670820445,76.58236548208852
32.09940727735572,75.9702804177452
32.831127780518194,74.9371266949479
37.84234302259341,80.72360919596018
29.93705607343835,79.88340671548784
34.509634355973205,78.77558997353582
32.11932719709912,77.72990291298495
34.089558462467885,80.24183830601316
33.87415636253916,78.30261110199227
31.622528847245466,81.09067608177136
32.93960078648533,76.18199151575155
33.72997966531809,78.52275861992364
32.53350989677395,78.6704525500729
34.83304357680509,78.39648940785388
35.83335009275015,77.35990150401015
34.44133928922351,79.14351382612217
35.233366904299366,78.74033245187724
31.07202206336436,77.14165541703777
32.71558012221937,81.73807819201168
31.53423495521913,79.15522660228626
33.10781512660138,79.51471334383237
32.08119535871345,77.07862706816775
31.075027480319015,75.49424173097489
34.398683361949736,76.90656299231503
35.96598550927269,77.78244215813194
37.23552805903383,78.43450627198621
34.55132611614761,76.93561564808014
36.10157277098497,77.12509324736578
30.529622110329598,77.6119665528163
35.781506039165365,77.38699671405213
34.177496909679064,78.3057175521214
31.32987239510195,75.40119851770828
32.31852449811179,79.94027967795888
31.785377865491693,76.35570761010199
32.78747631741343,76.1021336348633
31.83941029598636,77.14388665910832
35.75298695310823,80.86257924455141
37.0676075721337,77.5566680592756
32.6751034136462,78.40630495287854
36.69787047889911,82.77055577703196
35.311451616524074,79.95830098107797
36.42826711192254,74.24917855163459
34.960073755517236,78.29142733294626
34.9311276498597,74.73111344559744
31.846034206553654,78.45934131519931
38.27799893324829,79.66607933235197
35.32762148133581,76.62808412811813
33.12849048678266,77.5858926697746
31.41283478743289,75.83942777844631
31.973422850236204,72.45683312605932
30.40213741031511,77.16138551171305
30.484859231378444,77.19795468355512
36.0709282939723,79.33041251756437
31.16237081069702,79.98154323872724
34.052807851760264,75.4045194687975
36.6687619069255,80.57001198388686
30.04093414069872,79.28890183932172
36.40001571838747,76.2686987715011
32.2997139250951,72.01268570207506
36.091993251425755,74.97400254837582
37.55009905658963,81.83872915856634
32.71459349260099,76.4629824069505
32.64476406750288,76.27755813658324
31.701731206120737,75.64558069049258
33.23949126220418,75.45498988920323
35.826755582583736,76.83367140539035
36.2501516505112,76.9128288773001
31.902505518281014,75.61397791276023
36.07467857705184,80.30377604088284
33.704031729316526,77.66198984665127
33.70239372708705,78.70424549912838
34.247903289178595,75.94145839718362
34.96722810262481,78.99895929317634
35.524435857024386,76.89066059702266
33.892513901615615,79.55683163229581
38.682023801922966,78.20754491215213
31.336146758272427,81.14147504936811
31.749028691926398,79.29384318629344
34.33813130919811,79.07299085299933
32.17764976481658,75.4775281923314
34.550369547082134,76.10392168582896
34.7711714732073,75.37322325853906
35.89009666569885,80.32687465420787
28.123729555467936,80.46256076374495
34.76358616363996,78.87554964936245
30.558379468148747,80.08297058391555
35.92165733934106,76.532701916939
34.23422911910632,76.62965877035107
34.00791515988469,78.51488201332728
34.00154815461433,75.96151416434957
34.231723254328884,75.27592287679019
31.067504210800475,78.91568636845437
33.17830880610015,79.04609787110547
34.60947831559757,77.18695700013137
34.41640182596614,76.98826506134115
31.997490849776934,74.9315415235399
32.69419435861363,79.58926094639381
33.13618029270375,77.15426930829103
29.92508977428409,76.23841461780177
36.457452638682724,78.1761548051836
36.08143317231498,76.55925265899383
32.536307725183775,80.53298515125059
31.277116771128284,77.80788430015335
28.37740048686824,75.4551903013531
32.70300611227659,79.1466277042272
33.84112626726561,78.39880698798207
37.22667375303142,82.1938567664798
31.61875897191527,75.10655494626812
33.278422697510244,82.59802540023867
36.28834027838037,74.82287132207038
37.46801867513977,78.5842908631815
29.82090488617165,79.14922989520426
31.9440183981698,73.45130448626026
34.85727721589958,79.792877668759
30.156811134134472,79.55346500608374
33.50598087947164,79.55987123751758
32.62274760451325,76.90779428912724
33.5735270511194,75.61939781726495
32.028006645203426,80.8927659474988
32.79958937390414,78.2172987049216
35.15050537849968,81.69668817970265
32.16008507735953,81.40281675166074
34.48783432178878,78.84916239780947
33.66778690135886,81.1519190746956
33.89714134292728,81.06485018111283
31.83492173187324,76.96625728759844
30.81264150909997,77.9082600699328
37.08155956759484,75.94657360870494
32.45159197724674,78.16025113630363
30.492126792278306,83.39204714778285
33.899523151535114,77.05208040491566
34.06450682294403,78.86170248854879
30.63453228157242,78.54231246455558
32.852902339750784,76.73475961808909
35.12076760009493,75.53122170383412
34.903330608015665,77.60376608470571
29.897237752060256,76.35969437531178
36.44653834415889,78.02360478590137
36.28564743633508,73.78673410997291
33.51270946348112,77.60364418591696
34.171300888157255,75.16098910868442
27.94317664006183,77.60939708989862
33.63683869459027,80.4045605305883
33.639193448596394,76.38605450168504
31.554055053390066,76.04710968921981
31.45028414588294,75.95625995551907
30.149137745277397,80.56695599776515
34.064253625024854,78.82609589636601
35.371133260651966,77.00708376004572
33.04345825827289,76.66041179109148
35.39881496559704,77.73973789480118
36.33240628159299,75.55247067153833
37.53702368420328,75.97628683883286
34.837550835833774,81.08918817788647
38.86497768725363,78.36212572372565
30.08442656464838,76.72794223936744
35.631535397144404,75.36646551681886
36.277388384247494,74.67558306317504
34.82594995124824,75.90803428389229
32.607535257634744,80.10705039201049
33.36744391992635,79.45107639730054
28.69680480837492,74.18924661016882
33.28517661089029,80.06212829373365
33.793879329470016,78.60204372692672
30.07896613879775,77.24578739940968
37.68176680452777,79.54112189048651
30.6830089573635,77.29161115987411
35.28741065116616,74.54737859000835
34.94616389921316,77.8276292135025
32.04875035316149,77.92565008791316
39.77742231720822,77.21796380939655
32.738357019156894,76.12431146415975
33.84772707611505,79.20198731395946
35.87174728304877,75.72339344261964
32.377962549327,80.06884506501935
35.36495174775711,79.91583644246408
32.93996910427272,74.75569770643305
42.527672854205356,83.1325256188986
38.210355395138265,79.29512781174427
30.85161230030733,78.40652019631172
36.58021023783117,76.91452970798555
34.91843234465986,76.32647184019014
31.647673678304656,72.56404181643909
32.99911274965924,78.13848710270943
32.89188238469919,74.09086185951163
34.9693867798303,79.54215081749803
33.420474920264006,80.37466290340261
31.197562437890863,79.60555841941945
30.197403125483927,76.67920507590462
34.95913655839207,77.30271923401762
35.42531441507665,80.79804818166342
37.498119650324064,76.23252222289227
34.49154073576589,78.2982315311415
30.66701968768658,77.64471199285008
32.06969240360824,79.16592385888862
34.66722354291015,72.4330905178613
37.55966320174528,75.04612165850013
38.06290078228394,76.084804030516
36.74583742903121,81.72969856687857
32.92677694966094,76.0301333216614
33.743029344706265,74.99268160187059
35.97093406512837,80.15225138429568
31.41857906231726,76.24911403114618
33.189366922489846,74.64903804308106
34.44957838119501,77.12394513793433
32.955940864939464,75.3950546743054
38.17467572309563,75.46759594545622
30.146393596159086,76.51493940350227
33.83109984626858,75.00127062729263
33.50639411480728,75.71266111639592
33.6444488549904,80.93421933400927
34.41971739010858,78.43155059165669
33.66610189902156,78.64584911392348
32.86145363163901,72.41907742492816
34.39386561056341,75.49707757359033
31.335372255743433,78.93972264815143
36.239643141872634,80.4543145479787
32.46801677151579,78.38549906466612
35.17574288431307,76.50917608893293
27.461273346856178,76.15187176963862
33.176337205185774,75.40666754800645
33.361070308718375,77.20088908671059
31.01176613264876,79.63940477687333
34.14331498939251,74.72187377375721
30.01571701494265,77.59518450131756
35.57808480280383,76.52638112399858
37.13229323058222,79.6481219382485
33.72285026576416,81.29040265989293
31.30617188807792,72.81443480914376
31.091964681788422,78.68053428368636
35.08976017597343,77.67092414901006
31.67576903325136,73.51869662519125
31.43956077703207,75.22662854066249
40.40202310257805,79.73520780170998
35.460148990298634,77.9732795904953
35.241320696965715,76.36343405223722
32.19633231521515,75.93417644575607
35.183292024797595,76.62176135633823
35.40685816600726,76.11608410009495
32.65844940185822,79.73131968739284
33.959840469382776,75.48653612034592
30.396902711397768,73.92937430142965
34.09106921426916,75.49839086921675
28.917393648992388,80.67547234726293
31.70191425336872,82.45995269976584
31.93346982413515,80.94844356156965
33.769868676655115,80.42740773520883
38.91708836895592,81.27959718442308
32.84624357426003,76.55498883503937
32.6913811431741,78.93188330391474
37.35501144955586,78.42649676307829
32.513881771320484,78.77782396806089
36.05870003100508,76.4437425230518
32.61337255907567,77.08469922359124
34.62879938664865,78.69395631995026
37.02708567260807,80.79553120410043
29.288057270756184,76.30267299145464
36.88448175999396,76.49764114253685
32.160368560347536,76.84718713220889
35.712234863241775,79.85066763552173
31.183059219371003,78.39892025507046
36.63622699168412,75.9075972023376
35.054606732209805,75.94907023138637
36.4196965396352,78.61385400687574
29.88764645884113,78.28867094643094
34.881554105414175,78.28497908647847
34.30869744591737,77.92380290164662
32.262194895096606,77.41567153012251
29.102422389225126,76.11995130504552
31.51384672247077,78.39846534578383
31.966191354924973,81.88394120184958
32.65763643413325,80.51692308720298
31.79726881665892,77.97869789791734
28.87931686155898,74.350432201261
34.417710450535715,77.13815076881215
34.37323795361914,79.53779569507589
39.858764291694285,80.9752499920345
32.73421534292968,77.38772756421815
35.96927728269973,78.28288527512566
30.89934287810728,74.80323578504758
37.4085342691711,76.12727719352164
34.562840190706574,76.71969149762238
34.44625841554878,77.40808191746706
35.758224163687444,75.7475423576096
37.44699840733798,78.49095778062483
31.419959389961722,77.04968632021064
37.59151628782136,77.82783276865776
31.36585672157097,80.64348592373905
35.79074860928349,78.35906141853485
33.37938128429622,81.66575745464763
31.238406705088916,75.78293163899828
34.01940052903988,77.62909363938678
34.56012008242549,80.03059498810177
35.359284129151,78.48695522065942
31.65266551253721,76.46201658917295
37.07751110454329,77.07334523588938
35.2133703323419,79.49802416843667
34.06676528366804,80.96217484427676
36.59231084346835,76.54062879124098
29.910069595160483,75.6056513238053
36.51443520204454,80.24269783084613
34.297652773847915,78.55452876418043
34.423774851126595,78.17377626432669
35.757002400880104,74.98616687725593
35.66018200657483,76.21078740918219
33.476086559501205,80.62058897413517
33.631661293851195,78.64371430342935
33.39818927936831,77.93463555925364
32.93965639383102,74.16713322438505
34.63775421963671,76.06234934909598
35.82383350738606,78.74002139442183
34.329034235305066,78.78075092565297
33.175472824048555,74.3909867789177
33.528417284653564,75.76419475500813
33.82591521741042,77.04224406576984
32.04663702728986,76.14987959053282
35.08361872114716,80.1771903698799
32.430265332994544,73.6833297696443
37.593701570094055,77.51063405992033
31.979218522057693,82.09760042624184
38.78629019911823,78.3771747944221
30.065027748474527,75.43133726939925
33.509641934531615,75.55673636544832
37.076999828877334,82.1754638932624
30.73149317551569,78.16603992404004
32.224227194890936,77.71298221780931
34.37744219295461,78.77877466670641
34.41340161953598,75.44041295346771
37.93311413509082,73.91733580460858
38.37924229871532,77.90509215879499
36.515323428900885,78.20605461096484
33.65202299128634,77.64014724878415
32.536711084063676,77.46271425115687
31.37364022061596,81.96571476337586
34.41154611443311,77.26688658686328
27.95365575913884,78.20006026202006
35.09363333639089,77.08665604418938
32.00220401675531,77.84363336526017
34.14730270116707,78.00526015868785
33.2646224727643,75.37847356252263
31.333325141019095,77.74829257689763
30.592484706763443,77.90754241762689
28.861058494134813,72.71212557617035
32.188339967312274,74.62581444673827
31.846830346258635,76.74851101929228
30.206630033865203,76.6137468316761
35.084882675030194,75.3124798929769
31.931508846545178,76.29443650822913
32.96725134431484,73.09614198270765
35.680332888486234,81.01115566411725
33.78653397211039,77.92166825465773
34.379181413735964,75.50302997161847
35.008792849869096,73.5795205780161
33.74026675640626,78.6252844583768
31.420775185765258,81.17205233606484
34.96855457374855,78.69306136217867
35.839815833796926,80.17179711752247
32.495376561163745,80.97558630637971
33.12591761083266,77.34354358852944
34.15859992927542,76.23703655046748
31.306049579630002,79.97767799502057
34.579930907152715,76.33950117521448
34.26074125653172,79.82928075934937
33.52713925316447,75.83825784634257
33.01950432237194,78.18051523649824
33.75414123328996,77.99537163106585
33.98538563737538,74.55803813320271
35.687040244295595,79.69313160718745
33.194655693676104,78.49771439199068
33.4178065454761,77.94394830728336
32.092570558856615,76.6637300952377
32.81852669832976,79.32777238325974
35.527113705205565,78.43294879340142
36.3507751045126,76.34199509167973
34.931348771040426,79.92376817026289
31.378191274598997,73.12770286182877
33.03202694663151,77.95729155645165
34.21170614539159,79.97517637448671
30.664509264906073,76.02364593597032
34.090649989913494,77.08146731248718
29.584410475103514,81.86028234644183
32.863479007318276,75.6139757060517
29.65997953200976,79.13302008590861
32.98932315076341,76.72652513529876
32.853350803076125,77.90300818918655
31.5677326172419,81.26971318962146
37.612095299470944,81.62515269808824
35.47167792998028,76.2905431719976
31.369208230629457,74.39292997107584
34.42365066983815,80.40757818421932
34.01568443483436,79.92533421450428
38.2773111807646,78.32183543419958
35.29818082215909,75.56238298898865
34.29858521037637,79.44345007192022
34.61555280509675,79.55300813382684
33.625942192385644,74.57369205121108
38.205693096104454,77.26349142161632
33.558005219398744,76.04737240415388
35.203269211120045,73.44784497605373
31.70678047201327,74.31325760682552
33.55406354022733,76.11746247997912
34.72074942978602,75.67069249970487
36.673179535051844,78.53435951666627
30.246281381629505,75.16099208388397
36.63753968485465,74.0333015335418
33.824156447020634,79.32076723186557
33.923595269419245,75.88006709153558
30.894085092183786,74.23312652211055
33.799857430478625,80.4365382217599
33.90482770898408,77.25005209768787
39.94874958359893,81.46441187055383
31.14495388277928,80.75674522000018
36.33431246613031,77.78818074914906
34.05573939232995,80.40041182481545
30.257515754855813,78.31379119782446
34.62632493682205,79.20750898035182
36.253686363894985,77.53410208319563
36.10697598035786,80.72100008664268
35.56393979257733,74.95304540274458
35.78790528208308,79.12237106826895
34.78855200112765,75.82706343252232
32.59463177383717,71.46045799336117
34.20647052121248,78.71898297413038
32.36764249962759,81.51255345375628
34.57732211865114,78.6655281731109
34.22881580253461,75.99859731544281
34.68035961101538,78.05171024939261
36.396240722765455,77.6787652490861
36.251286897231125,78.11470743870689
32.106255107962376,76.66932006723066
36.2186955483369,79.85222385861972
36.544346125090655,79.86393044857657
34.79284265057619,76.93595360860556
36.49271967137281,77.58117426534773
33.32664070008215,77.46808385967753
32.215435812393466,77.89974052024294
33.217433434611685,79.37633313385169
34.09812098628083,76.87315587174957
35.77201103876649,77.13361160415577
33.61914017387759,76.34744187569522
34.69384350124452,77.33974618872298
36.84140363979224,78.15858426026399
36.62616526109409,76.42925138416595
38.32642210004414,81.69542824446421
36.788203310772786,75.2453997806856
31.289184898868424,75.75407631026722
32.16003238936249,78.81633395950973
39.5660646956149,79.6447349293902
33.319023633840985,75.25111182850831
32.901582455114664,78.6768718885126
36.05081570142493,72.62208209099175
32.77510604457184,76.87603508656024
33.99168413794236,76.85573833272396
35.748150076446656,78.28504108413698
30.145438964021032,77.1894762819216
32.21938583166346,78.36479971485434
33.847334640497074,75.33698036678955
32.52145520173825,75.33385216831589
33.03563656540427,80.48022523075991
36.30669912406729,77.1552559946253
33.31872853147925,78.37944819559257
31.40963382094811,81.22426205525724
35.75306501836332,77.23721347615104
28.727731350399427,76.11173745897179
36.3850647267953,75.4053428494667
34.55768801923843,77.7849949272784
34.76279614405371,78.5597741860554
32.203290875310586,74.85546892851403
34.39979044501895,76.86399364973136
33.22941400776613,78.96795265024481
33.212443396636345,74.62928938473678
30.798505277903644,73.46294035701823
31.44032365144888,82.20372203232783
33.23058718453239,77.67978035354218
32.31390924431589,77.74110467905493
31.984874135082393,78.69116553683307
32.235551411951256,76.86832432968109
39.05064865632714,78.38143100058005
34.09946505565851,74.28028029438406
32.787927383510294,75.77749162711063
36.649839956153734,77.36166228271573
32.94574419898881,80.93133617024293
34.700530781973875,76.44513501202371
33.0677766868976,77.91000845112616
31.764047288511126,74.76744550330704
32.795283674619185,78.80624511518641
30.89793392544604,73.87442872010726
37.75161437622788,79.580081143512
33.71560386256549,77.83350647975763
32.957409235481556,77.56850553540383
33.994965366365385,76.76488485872096
34.2987738651937,76.84020939634328
34.90695870955776,77.05907405781161
35.96959247517689,78.53543300431207
30.50477987113109,78.42218993601159
33.98360133197228,79.67580559580551
38.185261380411795,76.62690476065927
36.71854630402421,78.92350658300732
29.36733329158173,79.19872328272822
33.986652009465764,78.06507529101377
33.75394592480813,79.76262577108103
33.01697448739057,78.222601052221
32.425484978693035,79.47939101325272
32.783708621527644,75.53756267380167
33.61372748145938,78.28535047288635
36.08139197275976,80.08208614899482
30.678081033110622,74.99322774598063
33.73049053442365,79.38588855409813
36.287597833389285,80.72715150815786
31.862134881469828,77.19593696478715
28.320710513615673,80.56632720616939
33.897656715109186,77.65640367407848
27.410827143395384,77.50527160380996
29.992606117857427,75.48375316812273
33.801722083731796,76.31185459085808
37.37888877585342,78.3974283827376
34.51014681524821,78.86562494719915
35.061287190838044,80.39010042866663
34.77632827620405,77.87178901212992
33.64790927920091,78.53606215514712
34.32755243715055,78.8273445135585
35.33880048249119,77.82097175727989
33.5283019808149,78.12456230619075
33.913530399538764,75.31568972326447
32.17806041487521,79.7905877733331
37.1868256175159,79.78562269538149
35.893379950451695,76.36278355377495
32.45964127715907,79.02168237925541
37.38135096383653,78.48728757136467
33.020878185010154,81.41065452341437
36.95101334863912,76.55122077258493
32.91205102503456,79.09351988338213
34.50786438007295,72.1616193642788
32.94136078756691,75.8514842481149
32.579759914631126,76.55018802539145
29.95225775597081,81.42099866605737
33.89058487641795,79.26071101705341
37.00870887820618,82.12171810177288
32.112044207640125,78.42525016496207
30.621389691438875,77.98449428489445
35.027017612406006,80.68856039585881
36.489672701861394,78.90376201781778
34.331283420499794,79.93403187717408
35.27939708334109,77.04166947883526
33.595292854049156,74.92637097293276
36.59979798223134,79.93821837112026
33.40410458863213,76.64607096186273
35.14661561574264,78.2238977863321
36.76378722614268,76.825074222837
32.009832121579386,76.92626922228243
35.815787989541015,79.41860636258315
32.609330660593244,81.43167369040489
33.14966993077773,79.20973066581239
31.639138054779888,78.40969541382893
33.045950231828,73.48956870358424
37.00541411605166,75.61115485600567
35.26996212288357,76.25600792452282
36.80204288113342,78.38929228382777
32.23190691942133,76.09330989828996
31.518996490056843,81.95513103234768
34.5976236615822,74.56873181181552
34.03692715826769,77.59808390945805
33.423815037862084,78.06896281863882
32.83871059580748,79.016634773057
31.500778685464123,76.99226603400511
33.66558456776469,77.61624584216717
34.28392422752207,81.69661397713503
33.918427566703926,76.54979191207693
34.68700891337759,76.42649012967263
30.131477271611455,81.83589559281357
33.02358351869481,73.87070334349269
38.2164433222259,77.2745562302898
35.054728135547386,74.87597848635107
35.66038316684849,78.69729832075193
33.018755503483,76.67771616857442
33.347028742799814,79.11927884207053
34.824098103869495,75.419227811019
32.74830338426883,77.00556431598514
32.40814923747867,75.90079791915882
34.13168754817464,79.68405056622308
35.65407473342959,77.66370309534665
31.901535373005096,74.624231946268
28.87965030626294,74.02019233964832
34.30737376485774,77.33170735548356
33.56897977673367,75.49559917631139
32.94071817405172,78.61685992905542
34.8445569340617,74.72240942788694
31.808797166152544,83.56383391078151
35.59006061319177,78.36265638230194
37.856933637980546,79.33269829421126
35.2060130001305,77.20315645987053
37.21007337187292,81.26665577150817
35.01839031782947,81.52418834486375
32.79250237271308,77.45468125270202
30.36853922197398,79.47589579318594
31.704794050120867,76.55155872136501
35.35739447244751,79.64290976846651
28.150720470499337,78.38894920887834
32.77782322775761,76.29165800064965
33.74756721322949,78.09953226716257
28.59640014202518,80.9810127680004
33.9640905336136,79.74552206882886
37.133079715549286,79.77683987882361
33.81143767497529,75.7170798916369
31.51675925726648,78.98921509779723
33.42233998308836,78.9320109387319
36.241829601997075,77.80904077011796
34.45815503150191,80.04085960627904
35.69178105314038,79.0777543550858
35.2918937301707,76.33320391153347
33.772071466371756,80.64800829004896
32.919439393272334,76.8097152987707
32.39801342005346,76.38303732385556
35.27548465063568,74.40019690169511
31.342288268431652,78.86086433761461
35.154013424691925,83.49543674539586
34.93403093905735,81.90467793370979
33.63640711828213,79.88187878788476
35.64229396469719,75.7467261621543
30.124257801152986,77.88390759604616
36.13341541241193,80.65028934931482
33.43811005725082,74.06893293051213
31.010668467229905,75.22504745135176
29.75153388679059,75.39869795537552
33.41308961480013,78.66214912348646
35.660717072646804,74.48523491507979
31.275229229616986,81.34421270878218
35.098285916685874,78.3375731594455
33.445395068794554,79.16124401013471
34.050881693903804,80.97176317115643
34.275980736589794,80.28230927713045
32.43027048756335,80.3825407310153
35.30922846350299,73.67382811708619
38.54944622671747,79.5400251611043
34.12649326559939,78.68703920842924
34.41794594388952,79.01941962470208
36.12392983390951,77.11199410268054
34.75556248907195,76.51496980436437
33.11524052932532,76.68575517349417
31.43147935902586,78.2297330290908
34.699017569204145,75.76461885256109
27.45353618564603,75.09993816096632
36.94004949152534,76.50746019520628
31.066242454621648,74.75267075443831
33.15314264780069,77.52026772206935
32.99559007876031,77.3475439358983
32.865765246193895,74.6051502953033
34.63371569134313,73.18601830564859
37.5793639919581,82.11332964071998
31.508519677018455,77.53682059431361
33.81099543884609,77.96291362760299
31.73099268488419,77.76196375866928
34.445279933142956,74.65359431629112
30.71601639430886,77.2905597491905
34.880788531658595,79.47313224621409
34.881579836298634,75.91934752370587
35.72973977298257,79.55080480663368
32.660513088806184,75.55963999236376
32.45087690227715,81.27288377828503
34.84280425393948,80.61111949108518
35.94159586159387,78.32297236194474
35.75499280891545,77.8444649372332
32.96461945237238,79.49287401714248
31.14687811290892,76.75556462197999
35.705036453631415,75.75009186159826
34.57577051810814,80.54624979158214
35.66808498029453,77.37117774422927
30.885185713936576,75.29348702757808
35.64521858945056,79.17715101556666
35.08268008583461,80.36295768569275
31.76115568259752,74.31955672304886
32.800383460548396,76.87129321441058
31.56030438808512,74.72210946695456
37.540559406970175,79.20404923953194
36.5242819831154,79.1875029448849
36.57157641584624,77.60758689306915
34.45943026865703,79.87633482156511
33.499572115720476,75.25422959108361
31.472426104380606,77.2645367136553
33.778167276922346,77.50613669826978
33.32961375377529,80.02915669139182
39.244604964093725,76.43226779382255
28.49126977354891,81.96403744935226
31.816363285129114,76.42188461201297
30.919664738372077,78.12093555577616
34.29524131265104,76.90804658615501
31.13287615665324,80.57589577392385
35.78632801153424,76.28837549705159
30.688560603182825,76.58813196065921
35.75731250463126,76.29416917403613
32.02489203357976,75.2002219334578
31.80863149927942,76.64359629637316
35.48423349820615,78.74780272418846
34.8999525162196,78.15223860842573
32.723905211280254,76.61127207352747
34.733053742598344,79.1962107875584
35.76050876076695,79.92329107270396
35.038304252247315,77.32163687381767
33.15425748769933,77.62284528992961
37.05214269715137,77.24243979936804
34.20548845778164,76.39557123923805
38.25944312922783,78.61911933310661
37.6761663263599,76.06573864654229
35.242755721512964,77.4009319088774
35.093521100352916,76.5039912587257
36.75031131830344,78.01369433967326
32.238313705862645,80.18206467570013
35.52277735912309,78.7756531669942
30.005265727172095,74.43168210172777
38.26766645006436,76.88453816267318
32.555171540748,75.6730154468704
33.28672730524983,77.17661491772049
34.879169253627424,75.08974299001125
35.07095658243061,78.41190047976464
32.90509362795582,76.2222969331279
33.64399409151131,77.89396713969687
33.7448126067503,78.34458071169254
33.84129971587419,76.34019836054202
29.50985938285165,80.30793522704366
32.41477828682847,78.98517168608907
30.08563636090856,80.58135080703094
34.072684290899865,76.24748299419313
32.52814069544333,81.00005499795198
35.40071283735645,73.96979215366206
32.63253474806026,76.75991747508215
30.43222347076547,78.03592342216378
32.352017717727804,74.0207147007794
34.78335435342793,77.89699732930326
31.300397383091347,78.01054705985318
34.14331658432743,79.75344452922327
33.08274585671511,77.34117516447816
30.49070764649144,79.01977923329879
32.346323037207554,75.772919714287
33.90863130739758,76.58500340460542
34.598551296412,75.2433608862685
36.78283519508211,76.33407882512829
35.97936396810488,79.67039834264148
35.416557028432315,75.44810895321996
30.357316337495128,76.84027503429756
35.34118113380996,79.67118224508054
37.14382191805919,80.38478134267507
34.14734503375288,77.42977557357626
32.6443282072889,76.11280390393055
33.55866235698598,77.25370210458891
34.519135726276296,77.52214253590647
35.723567661653654,75.17324153680885
32.126982589370776,76.83605855777384
34.11623719480401,74.34349800192503
35.46204241005233,77.78664612376267
32.3374408616829,78.35288671146475
29.61786339859367,79.09010590470629
36.17744477547445,79.67303430048351
35.02762571553721,76.48696395925728
31.71071388919431,77.54231327618028
34.54372204145055,76.51961750954449
33.04031993341626,76.3833458332511
32.294604759849925,77.02350547621941
33.31271005455294,80.3792806062702
36.48845468686147,79.21261028096487
36.683763240872494,80.14714780705418
34.500479047535705,81.06302806865327
33.50813963277473,78.54392820804485
36.893771482311884,74.52992110608545
33.203346079511974,78.5110828085647
32.77247626771691,78.42672673961462
35.28522861404428,78.74905544777266
33.09080367249806,76.61485046176284
30.62632546545031,79.00871921946445
34.73971377239223,80.3192922175802
33.284800865149535,77.71168615964221
35.99281345332502,77.12569282792028
34.549469945241356,80.00001582528462
32.59005627838543,74.59911197842352
29.18746573185464,80.27690065730928
34.09675367169346,77.53144687452199
32.477684551757925,77.54396767127648
33.79486613312945,77.68716002577035
33.939096053291905,78.90374726005545
33.427753341141006,75.56908155537108
34.88023434137166,82.06333957228637
39.98840409564568,73.0180123272841
33.02463474502494,77.21405914870151
37.486542013768116,79.98665557103934
33.52409523936977,78.8927374831155
26.346989716692228,76.03978106599023
29.058076272804627,76.11304727486082
32.22793384332267,74.53942388542262
34.059224393228014,76.07990104924667
29.066279309967438,79.3009684147633
34.10222488050606,78.90326888079622
33.96071714012741,77.47836433887805
30.81368368955461,79.74254038690965
33.11955007847991,80.11145004902752
32.36162262232653,78.87484809881948
39.91757613794384,77.38989439309125
33.177431590526716,81.3128620115845
36.953662885995925,78.46044192594205
31.624709692455976,78.4972660206213
36.987932212215135,77.4237838166186
33.07758290603302,79.9704618995594
33.46228075408871,76.05667943304958
34.250879040219495,76.8145285626268
33.82863605622875,79.76430694253668
33.5429512193784,76.4983389755683
31.603497730100727,75.49364614756378
34.658998451921356,80.40891609711747
34.149880136257146,77.61939198842506
36.5077785802147,75.84823752220512
30.53519574902186,75.41591446056694
31.420072663953324,76.85555084008622
33.575092418367625,76.38158810680603
34.93732480046522,79.84072505304644
35.44115044646471,79.1597133706814
31.549031210340654,78.9986268679913
37.2058846345445,79.1566092050656
33.321066814261755,75.40307003890496
28.268527420504515,72.75045534830105
31.780492815686344,75.62257503588538
33.46614277044047,83.23459040249607
32.92732159563204,77.5185396179811
33.90329718073179,75.69668957707164
35.537190193549634,76.65163830314455
35.07878543464334,75.08155269075255
33.930762542150276,73.97159893575494
34.3631398523278,79.8962167440857
34.29684011310075,72.87141582599112
30.810384104739864,75.13466930191885
34.09966168811449,75.72258310083856
32.70100664431536,75.7585216064262
34.18292655546187,78.01438707728562
34.06902748331177,75.36960847525795
34.26282475686147,78.25245322380066
29.035643357823297,78.8330521352821
38.882517951725745,77.43355582651617
34.61686922767231,79.73153212685081
33.847816352514435,79.89991434401247
34.62438856202363,77.46312526679837
36.62658119051031,79.0977557179766
32.73957137036716,77.31951406172367
34.089327929321755,76.65972179211508
37.3451361235098,78.90263025807745
34.46758092905808,80.05137624227382
32.143463541341845,76.95639789725242
33.50880496817316,78.06491759430429
32.0242789582963,76.78657057619644
36.69648469874407,81.76817916632608
31.707627723041927,73.7796421518984
31.238176213045318,78.39994874646803
34.6335905475806,74.99204740437833
34.52504338181649,78.21998466023042
34.96479494964212,77.7529006579908
33.99413542892859,76.24834136895792
38.24145640204181,78.42821976540752
36.71673507331157,75.78913532889177
33.144136569071016,78.08724322010498
35.08869944527688,80.4978135424639
33.906730163550634,77.95359528959753
36.46024274125161,79.16868149030597
32.9053743720504,78.17749714988265
35.94115783766673,75.60088281222284
33.00395216686588,76.86550874774882
29.336627278414866,83.12255830600569
35.02490798669544,78.31641911508498
34.08819048542687,77.02674009671588
30.662374195218696,77.87478892301665
36.81972971877824,75.74322121757281
33.76846226819943,75.08990611543027
36.187951003695034,80.74142677173595
31.22319329766585,76.7136124802419
32.98353362577957,79.21387604167815
33.09301505750354,80.7170834903116
34.31199621358183,77.60358214309522
31.225935732769837,80.28396206073714
35.89003194678361,79.40561180999683
36.21451799780631,79.73362198053671
36.93416026399346,78.95271835321293
31.682609675168784,75.37680322507181
35.47801616432098,76.48356355812118
31.9073460918695,75.5543817441764
32.89438824275193,78.45092220174256
35.045133148347965,80.21757739182708
33.774869261178885,80.55690074458744
32.653269313772604,79.35908292037831
31.768559439853234,75.12504256456073
35.86206312812903,74.52966556587911
34.11090393708287,81.1898860036456
37.0369743315004,79.31943509016821
36.199705921511864,77.80942282403002
34.34765780818718,77.27027878003861
32.746518667645546,77.52326682373119
35.24877410847807,76.34641087306989
31.672711925028633,74.72725906683588
31.936476941586236,80.28761130996189
33.347170466826974,79.2717888682063
34.201716651896724,75.98265251504475
34.79160890450598,73.95090475614496
29.985808072802126,81.17004074635639
33.132640275974154,80.66865406524849
31.45084376914929,75.31580281704186
37.64148155985157,79.1827818158719
31.23397696392826,77.37227590114523
35.32961999637509,78.7588006803869
33.371340571726236,74.24840846993894
33.97831613237943,79.28389445197419
34.35406499907287,76.91341068699566
38.59070920251095,80.36054381132064
32.58548305643423,75.3500645877252
32.78385413430148,78.09409690321917
32.52201216570525,74.76649072005627
30.810358751255592,76.72499339686219
31.606851132303355,75.16540279053753
39.40160857496193,77.09523238704551
37.02924708722367,79.88941689037148
33.479644279772515,76.66107424745474
33.55663149200572,75.20810918512072
37.03712388289451,75.67971880866388
37.124009704539176,78.89048543871971
32.398361175658295,76.24354136124535
35.90320576038383,80.00354661574633
37.24383638355003,76.0798197673082
31.383661256786766,76.24235089284484
33.4922439881455,76.7926248530522
32.596731333906305,79.28645667944478
30.337832682012802,77.41479975568072
32.67937193056501,82.14630177630366
35.243556701280035,81.04347723376479
31.31549207719476,77.29640624424057
35.09234885639921,75.54742918286621
33.62593443560578,76.26178087987789
34.236859271605816,74.51367479097365
33.41808701175294,75.63544065096217
32.168148730815865,76.19222081566775
36.072521701671896,77.56906345378482
34.06387502756704,76.83712090904977
33.35739659723563,77.3576932533359
32.55600358094829,80.13524693906203
34.874886125047134,80.23788970101216
32.64128843453827,77.34166855294787
36.3691295824917,78.73563244818313
33.84860293248125,80.54566951831663
32.50088299261203,79.73911145737657
34.66895136357045,78.43728789474403
33.559404533270936,79.01512987151385
32.29256088069218,80.90277700052803
35.353235950815,81.38063009042654
29.94190551170363,76.0637429885781
32.84927113466771,75.08651342186548
37.02744707217718,80.91917532442949
32.25198526197579,76.20211885651513
34.04054490257376,72.93119923849481
33.011752712531965,80.09922391182049
31.931429349299478,74.72322203028901
28.841516643072033,77.24471268664341
32.23334133789767,76.50608532423328
30.772664280573487,76.86326039789915
34.218063474809796,78.09002161676898
32.97626369772258,76.19968953436766
34.15504965865855,73.63677882784928
36.15361725975994,84.23012306326818
35.234093995463994,80.04857914626884
34.72354330419795,74.4507408656703
34.08883525768595,76.50175132896557
34.90521411558899,78.5590485900202
34.66404663349634,77.81477799234754
33.01379673723857,75.94393602665383
32.543744888514674,76.24355423880306
35.49106328698959,75.73664992711075
27.266779671224654,81.10355482024133
33.08344563727612,79.22209856845942
33.697500307806976,77.05867022640616
35.357847820126565,74.64528348436014
33.847286518073076,78.4374495208905
32.51272470268452,80.77750839587105
37.083847871507224,76.88512741918879
33.25469561449921,83.65939305494821
35.47301051236441,80.68375829928192
37.61350442358583,76.22508141656004
36.826681282152116,78.95086276999461
32.946296442563266,74.4146919979039
38.949459802968384,77.14459970366582
32.157688608167284,77.74134288843814
29.58448919687938,80.12456320096311
35.54447771021435,76.541806017086
33.282623417315605,80.40299270076117
34.807548629665725,75.0509986527992
31.182023500303348,75.09298070607568
32.46781997768815,77.73090757340889
37.038931493508045,76.1881845019084
30.89753454774666,77.02685460714318
32.63588683432116,78.31906301606426
35.60379021979497,75.40039155416926
30.757054191733637,72.116247929317
34.79818554979428,78.5448631201571
33.77440438134043,75.79173337136423
32.422279915078605,69.97292016434076
30.79161436378546,78.22813321031589
34.07829132207192,72.72418672237352
31.24072161380376,70.63418572566235
31.510929106729588,78.21103010080603
33.33876213782207,81.23361490769426
36.49562471333495,74.63607331218391
33.543673196850094,77.48551505269484
33.927819907704865,81.71516079164392
35.11335990378092,73.48645222149183
30.25768536835767,78.64456593206573
34.44481468939136,74.76913597026848
31.663082274047014,81.62958479739845
34.644195958249256,74.81995901777884
35.49567668880608,80.07486043607763
31.168193982380643,78.0556289850346
36.442695382537906,76.59306309384647
35.78776680167527,79.03474840093327
31.021414592070265,81.11409681658601
33.49576999025703,75.91089766653896
31.457936728431562,74.59816313458377
35.29727165090633,79.13796249017146
35.03604151206692,76.91484887452157
34.32156478315971,81.18604068957309
31.621875775230677,74.59115574739508
32.47425973063308,76.39012184231035
38.00994405592076,74.79311320714272
34.72552703785136,76.81130869498286
36.064653584734884,80.44997620427965
33.51845605211466,75.56184219110666
30.636977993930937,78.13428599063454
33.053403721379205,78.19528267339747
39.49419024705562,76.35528597110205
35.23305935641991,72.85970590874877
34.3810823353702,75.40676202435617
34.75218327798896,73.49755235978408
34.0717713621214,80.1639671174131
33.6836475047644,81.81254342483744
31.467360418825628,78.98079065714974
33.70919836364365,76.19639359402828
33.920725042371345,78.2929678054397
31.073514828248623,78.94963258217874
30.97031550227795,78.68271844411741
36.600566990082115,77.95716217240046
26.94789259517306,77.75858035408787
32.29460838892323,76.621590649387
32.37817299337849,78.63061172405831
34.81602298050977,76.35504922793322
30.710681860636605,76.85386464125996
32.681547382584554,78.19064076523445
35.036774838051535,79.55610434304445
34.21689026706515,78.89991984542154
30.581313462962893,79.06782589306715
33.55794767522309,77.47145422256033
36.61125163766505,74.06765709870375
35.40033604100999,80.18524272646542
31.15701943199362,79.44822848802322
35.622320438853535,76.60192880844109
32.29612035245162,74.0922048436857
34.5989457160321,80.7021448034742
36.845763788201474,81.26961325037767
33.239678275748574,80.26751713362786
36.368052303283484,79.52381203017252
34.16794587552079,73.93951392567854
36.109599471618104,76.83776648703615
35.4593306544146,79.16434197655785
34.24965260260975,78.55928342435656
30.09384075010329,78.15191805163747
31.553340896818902,77.14299404701391
31.631311853354948,75.92136915296119
30.910473269230735,81.00734815021951
33.02038502234345,75.88901860589054
35.06848278449602,74.7273156769001
29.651625736278625,77.1518306900035
32.41314532044603,79.13728315936496
33.59811067713214,79.65184102277043
33.05685401250354,78.57290980661759
32.72979049729029,79.16263112250603
34.94408392132214,79.54413689020754
33.07858070268629,78.2917979105463
30.466849532576187,77.55303627992174
33.37817815098394,79.16901235636738
34.47485214665641,76.44320892060449
35.16551232294331,79.43254599633273
33.31930906738569,78.01939927012081
29.805489782113938,77.81240179832857
32.24841364641481,75.52775026204907
34.74891120893,77.7255113902327
35.87290984788047,77.84483946186447
36.756564453428055,74.96220286991391
36.02160281604662,78.2038634890197
35.34256497309173,74.00268284426106
34.941200298377204,77.84436185052024
35.33180608695031,78.08403705474316
35.032552161773275,75.70790910975795
29.194447321444194,78.00664844400121
31.507474130293765,77.60956405138609
33.5475267595469,79.4241015755716
32.404239238784236,74.91653984621482
32.67002144161202,71.7303379233727
34.93954628272732,77.1734324142432
30.293582420951008,77.8796444151032
30.716757633686502,74.06692147872374
33.64104771891455,72.21910818419062
37.17066049210307,78.83143150623557
31.434021569063,76.50205771583387
30.343630981047117,80.10206115861656
30.276186285464384,80.83322384260124
35.401773555866335,77.98813873716051
35.03678310778311,79.94311244393825
31.903254337961766,80.03026367039274
33.607038363807256,77.99447739632927
31.029920662215005,79.18632628072741
32.04944194279841,76.02477895578167
34.54744257950308,78.36348247531389
34.05589521429685,75.34331559511897
31.37181211825607,80.11275282526414
28.838596340659485,78.11023729906647
33.2168266876662,74.82032279113325
33.617630413889536,76.35621438569513
34.029705577887555,78.42223125417999
32.44132934317744,75.1830972416934
30.15043653960807,80.05731757198703
33.9108155438265,79.61828385615547
35.096346177216006,77.73897004428672
33.457927117263644,77.5170712057441
32.889234282548145,77.7837178226114
37.354251251307936,75.86114219685328
31.886780138528668,81.16616304985197
30.49619872076861,78.14499118516858
35.32422357766498,74.99218451102887
34.686881591364155,77.91067833618905
33.07289954583678,78.19168802549765
33.647335538696225,76.62943060107848
31.00429628242776,75.31378713226212
33.59031229906889,77.90351920335496
35.12801297148215,79.32739788564464
33.60065760000754,77.63099367060376
32.48542844236199,81.0243015783927
34.686413778717835,76.57830121843284
37.10037139578941,76.72662812618029
32.68514060998941,76.87317402414804
30.007454104119105,75.58568281673503
30.98059345479634,75.1320632406899
32.955389150369435,77.24654558676173
35.4814049972959,79.68179353911225
34.57959157164389,77.64591107013908
32.46232472138967,76.86448637453684
31.166005005953778,78.91625617706198
35.62282951224549,76.75309370883495
33.093967021466646,77.42544195993156
32.27733772923159,76.58364630598646
35.664177620840924,75.81945565955844
33.14311385769027,76.01936469199512
32.46042109663586,79.21213438796022
31.69543722891552,74.90199182969275
33.23914925496345,74.88412214110451
32.595794072737554,79.75424105294199
33.03544242721395,79.5347245003136
32.497418481910245,78.94679593519054
35.65151544547902,78.0146427654061
31.491293827810754,75.93843774203394
35.797604930339915,76.04810158137296
33.671398536542654,76.17071712655323
32.737089492740395,79.970222347399
34.14616731727107,78.23242613687998
30.80753059505513,76.58401984634379
31.964914791300714,77.35097193165741
33.5926637828922,80.1226625788917
34.12537604604748,76.78966900382447
36.80942411822572,75.45227787800414
33.12587580209825,79.28481967054759
31.15299852275112,76.84343106140952
33.039858250590186,76.96644110765833
34.64257824701832,75.86427087768679
31.028157586285797,77.54321545505562
31.084106135456405,78.590974172759
37.05262588495607,79.39420957342669
34.25771519839517,78.18103740180925
33.88296381113853,75.40323174274434
32.88572899116935,77.71897652367961
32.159356709166126,76.4313147741229
35.923788953470286,77.85632696157893
35.430206010388936,81.22837654534804
31.954257938064547,76.22253401267646
33.722138404548,79.61244259785582
31.827159085515213,80.21971687487819
29.077106240065213,77.13151238461052
33.93468816184531,76.7434303849802
34.98157101709907,77.70397273942677
32.121510470366864,74.07492857415643
32.735990345500596,75.43358092662993
34.10420157769331,75.17675011972499
33.95183468026905,74.56490135991433
32.477296226004796,75.70007126877661
34.80402348376296,78.72269626909467
36.77446849086188,74.9534018197499
35.96344649817054,81.17147494738207
35.42343152733855,74.43015255047489
32.446591094448515,79.36383807934335
37.79805565859378,74.05310169414253
30.525725775601202,75.15940745402604
36.71659731588881,76.3294778050891
32.65636761805558,79.1551025656489
28.23485997840501,78.2942169797762
32.46709932715052,82.71748389995398
32.94262259927029,77.22346986705693
34.310673568354346,78.61024225623154
30.40177053681449,75.62407514742544
34.946231467656176,80.51735247456936
34.47877165245555,78.45723117267121
35.26838414020275,76.43408348158435
31.579587914108274,79.44762799783503
37.23811575079231,77.85488664261587
33.16164392431039,75.27608796212235
35.639341672977054,74.28960637353872
33.17359130156806,76.1396873303895
34.05999522007015,78.99133074725174
31.12998522828928,78.47688358540759
33.06284777432954,76.28251850074298
33.145754133920846,76.0576020953713
31.809999301833557,78.27750134081433
35.071119104741065,77.44826298247358
31.164800355635624,79.66291286973508
35.48464693666999,78.1994308695644
32.231092170085375,78.00455933418694
30.91373631868443,81.95239138493667
35.447705142141565,77.63627724255116
32.98845912718695,75.72261352060359
33.86241925012644,77.82614910694949
34.973183180224844,79.02963201899884
33.82996124012441,79.18333118294673
32.16399262967841,77.57388391186711
33.992543070395165,74.18678021175204
33.89053457801402,78.85821897526361
32.948846153720034,75.80820774082852
34.848307795665654,77.10072559283768
32.53428769472381,81.40877671840335
33.77062736117503,74.96889485560587
34.50621234661292,76.18333613525529
32.18225210428968,77.1841026248658
30.180947204451485,75.48009809182501
33.700365927526434,75.07355454009542
32.60223041179995,74.75445228051102
38.38716583402407,75.68654387890716
30.87137268306369,79.2300957714162
33.780766931423585,75.35007122384671
34.08239722755309,79.10331858621778
37.43970368095708,73.31370376367094
31.91708064649911,76.56636393618861
36.39316207123993,76.95881626825256
35.05342906975723,76.66387279130029
31.929106287242806,77.85770681885323
34.5884292883511,74.27125277506312
36.08364140781974,78.42620795210215
34.09117171254728,78.03326790347687
33.55460446034124,77.28680414731927
34.21205113322013,78.15820524435559
39.357565360589824,75.82478842983052
30.845972980835622,78.33490877069089
31.63254646903159,74.44218860866071
34.422121702214554,77.88061099646394
34.0196939658314,74.45768728170344
36.06156129113746,77.87418008936521
33.37550477900058,79.64887386057057
28.96704635354053,81.55722719575373
36.75189641421556,80.61056401967359
33.07365770908931,77.63304775800692
34.363738768992995,77.17365014615237
32.82794482285083,77.61568816043024
35.89394759663923,80.04405960598423
33.2674838950345,79.2608100695741
34.15266861139134,79.00831296513171
29.475831319085962,74.51554745619485
34.01779705857983,76.57728865652405
33.4694080151552,77.10601358394307
30.544498251145427,80.87204842496315
36.75150221067925,77.82167290696916
34.125585325677825,74.7873991981151
36.078147818714186,78.14799828249144
32.25258437733742,76.7378827891399
34.404180684829406,78.19197818370161
32.13723684376064,81.21025068249205
35.52433258005343,77.46091913045602
33.044268011087944,76.86455010875584
31.258994722919958,78.09301194077425
35.89999274900805,76.9467344745321
35.555540491192374,79.61341485913941
39.77705520698518,74.43611505404618
36.5897861955422,75.96479986684993
31.891313100557145,77.31362335794427
35.498575579160864,78.04800655898902
33.78323142349438,75.75257849481028
32.62497817666357,76.48141975040855
34.884758456055486,75.23626422342983
31.601828760319105,81.61215234922787
36.073631552682606,82.70481579232882
36.69743609862907,77.58851970750305
35.409639612948574,79.01137731891362
32.272642443601406,78.17789943852169
30.013876351499032,77.36262340583
33.99063492231165,73.2117529412767
33.155396361202556,78.77695176509512
33.15618002090205,79.91373679672974
37.929912314542065,78.37269247536257
32.54167290951981,76.87968939828497
35.42605066450191,76.8151258881099
33.620736132498635,80.9327190723599
35.888919521602595,79.58669373459506
32.43033904109591,79.07563662284112
35.102882910569186,81.26349604229162
33.41864085366709,76.04890090465642
30.97322134082608,77.51674410189976
34.98695213038437,76.41318788707878
36.49912461559493,76.14413786033562
36.265661592033865,76.64114775240066
37.704385703593076,77.35211805006197
29.09602572804834,79.02601126521604
33.45595425728569,82.17330299261346
28.94961588046781,77.29168138629974
33.779763367724534,77.36538385109141
32.83037476639744,81.8193613195599
33.01691625140945,77.45842209431548
35.324154797963345,83.75104117617943
34.299362882899786,78.26437647570364
32.14085150354669,76.43129400546702
37.47870023128108,79.50490737968138
32.3429097293273,80.51349150601055
31.024412481225863,76.97669860507777
34.0929810236252,81.57942780068585
33.89277019181169,74.98249927973946
36.90614501396926,75.5303564649317
35.822129499782314,79.52363685039974
33.60766001223913,77.33579174174257
36.03517245672437,76.29931954793194
34.73791924690629,78.90249567967022
35.50591538799906,82.64872337470167
36.12462226655473,77.70620628531987
29.816581291961743,78.42135369569576
33.431527016128214,75.36443572300627
31.96646632158419,77.13964232062695
34.24767456904243,80.79258875712951
34.58671028999398,78.54074848429018
32.102282847839334,80.18312147311072
36.16242533343479,80.92278595880171
31.935230538327982,78.2944356549345
37.99665589965439,77.48469790705167
33.363613757856726,79.81509435611765
32.947921125455395,75.16312698461331
35.08028712324583,74.82219662106226
33.36656719188728,76.06754522216151
34.02455875255511,75.70186019226868
31.9589621937128,76.69152798243394
31.20928807655262,80.68582586155338
35.38815705938202,74.81114255098777
32.73166333408641,75.0224905060012
36.72557756378891,81.42280263257351
35.21087669132243,77.37494948129135
33.22481842394507,79.33543937044894
30.906069472015183,73.48978254376524
34.45734450568216,77.91519214319618
35.796525414064725,75.923775691531
36.082083529332124,76.27583972415574
31.08195509512062,75.9404339061439
34.61046420944493,81.03025445103809
34.481991929908084,75.74690385045803
37.5512185885909,79.48260340294624
34.81419662852054,75.28387074896126
34.754128962441065,74.61742355026176
36.474180309827744,78.60053077801514
38.81253708787859,73.41848235205605
33.18938044143307,83.72683561513459
34.921215154423486,75.50541504812183
33.52396067054678,77.09148940397314
34.89728066577224,78.35759303712399
34.623971708209154,79.85769161644066
32.71577423911283,75.84532366093345
32.470245457589805,77.05397304462795
29.06357394792618,81.43787487477235
34.21978736054413,73.15946687243344
34.75219306801363,82.46863509633855
35.320113540792924,77.20657165075072
34.6133677961383,82.06138746150553
33.4069794085511,80.36504791872741
34.27802621269858,80.08419258956886
36.377382552513566,77.68092792037315
34.47727924095187,78.65560756017692
37.69300029440046,80.70420851616093
34.9047806286537,78.3477212434758
37.13763343779971,77.0821081587167
32.83208059912743,80.20085405364654
35.6570488559287,77.87731164057777
33.883634975289105,79.8884319107485
33.795838812809045,81.03188519898889
35.642421211494906,81.5856277874259
38.93342386216729,77.33222525008725
32.87107632480654,78.47025663913786
30.538392485535883,77.81218189258226
31.659442509773957,76.03326723600654
31.670110757114053,79.79310695591036
33.631487832386384,74.13114773649937
31.41461663416117,75.54192994789503
38.20100798386349,75.58936685024572
34.99623918501337,76.34831458722992
33.67063458602962,82.55528132629121
26.256892880706665,77.59301708330312
33.52401806893858,78.54349395523322
33.4555897578766,76.84101982214194
35.518427421775975,78.62063247915516
36.26795038830807,76.94381699332905
30.19143645095958,77.44064574453267
36.83004254464092,74.45316493722319
36.15588632197647,78.31016737327425
34.345534436008045,76.73862684999776
29.960986227713054,77.69461656574776
33.74499279110319,76.74304140087821
31.745329209473415,79.0385851271187
34.347389917173416,76.35293304320734
35.43212227320896,75.20451842775836
34.5089576479533,79.0236290231772
33.57108478312645,75.47386543773885
30.37895241106876,76.66146532290978
34.91408290893643,80.00716598420786
34.80152169326375,74.09980225102952
32.589602876369426,76.41150539631177
36.31726251283633,75.78088319009788
33.78110396123113,74.20472114351537
37.96586406008365,78.93973547424672
37.10112442195227,77.4959179124288
31.780391311237665,74.25632063086904
37.04566340634465,76.5093873270267
34.10093946962698,77.21782008432606
33.81682225519093,76.56488524935958
34.876976686637384,85.52978502579569
33.63468792107568,78.94836489194331
33.23451771821772,76.21917887967437
32.70197241437175,74.77277597527235
33.77362291867637,77.05002296027449
34.25997587433969,80.28341584153341
31.587088772487597,78.20152739865962
34.6721992753323,79.83897278014635
36.112425227132356,76.94170919359244
32.86890372880498,79.7280434458012
31.96497316474163,76.60200030008426
31.130665588817145,78.70745458859203
29.470369515203323,79.00296134893235
33.747371524811854,76.29638298568754
31.716973074907347,76.3481562035624
31.800151682909235,74.14341656179668
34.35990220933338,78.60863166155484
35.340780430459176,75.86939307610847
36.46113614375773,79.33085195471092
30.605674775884644,79.5518031459167
33.02372947644732,76.12824742225501
31.37804107164312,75.44641144851548
35.24584886840236,79.17658028238425
28.73950741255244,79.9767923902414
30.49519895841965,80.78353505230892
34.05248755445328,77.64567167620157
33.37316595942145,75.1770277656389
34.81735239099942,76.429413808367
30.64639970453053,79.86352157982823
33.55595694902202,80.7920837452091
34.71250146756293,74.18965236435473
31.94475376877731,75.91919875264472
35.075235907016314,77.81675249277627
33.19500959713637,72.87540449833028
35.742688053021624,78.96441569338518
31.534842338035144,79.98348059338878
33.094510176479474,74.95118805394964
34.5189835371285,76.2904220435304
35.52579620779067,75.51156037266603
31.461005869449146,77.7381410634911
34.32673008781012,78.4821878030709
31.147964164059722,78.14310933991364
33.825056925085086,75.59454184263478
33.64712775247676,79.28688272559893
30.884310159477653,75.91181210506741
34.169312087062174,78.11222981746283
34.122114216502304,76.65423644562591
34.74972691772584,82.96004784213379
29.540678253290586,81.45078978684266
33.56247262856659,78.78815389438017
36.77608318375785,77.39841432180825
36.59563766694841,78.01791800405356
35.92620126221,79.43943254727424
29.89597319294454,80.35299449821615
34.20119258444527,76.36118847278769
35.81027833905067,76.02626930768679
36.54740589667306,79.3309407365353
32.683845619438806,79.81616550951917
35.79686124434474,76.36399795349328
34.44119551144017,77.14506328824565
30.292501204389445,81.65850362716256
35.36553514850569,79.1267357730182
33.11190763628494,74.92229630949879
34.780855373504366,77.98922394712976
33.74445726165589,77.25692029406402
34.87742809791191,75.63681665166176
32.028638209585594,77.6089465756504
37.109419743076096,81.47510568545088
30.812755413171207,81.0375245787526
33.03544230108943,75.9080781568216
37.07586485079381,76.64379387809186
34.665861754040556,80.07531613113949
34.1077925493273,81.58477714850817
34.89831044132147,73.12249512697773
33.31842655700215,78.85461474371422
31.95402570137832,80.14313571253228
34.97328594037129,75.621070610322
33.7269763505995,75.45887600147474
38.305407761631656,78.84712948641078
32.86970067338207,78.73607636296015
31.434661665367415,76.39457226976329
32.85242846887586,77.36206381468898
33.36262415696502,79.7111606750025
31.50097224586389,78.77786507026447
35.599536049021175,77.6806589569079
32.49461802023081,79.24752276365926
33.61699098495452,76.36891184931869
29.335086665974156,75.9466003143731
35.31977648077549,73.71962252824656
31.85415963620874,75.5069653610717
34.17015909962754,74.64455965995926
30.14970831142891,76.76180254061828
35.91863514499768,81.7510149513444
34.01032601711859,78.37555390009632
34.71736121226965,77.63315638146078
33.58174356897191,78.53306062771328
30.634988698856898,77.03424276703988
30.52388307452977,82.25139130045234
29.234593221790227,77.69019049110297
35.34862914911926,80.12785994536036
32.83179318975853,79.62072344678981
29.820372892892344,78.30776345980745
32.55520363572218,78.09620255741018
34.65692653729419,79.03211277116962
30.76100037440312,76.09857452347897
4.2712571503489665,90.27509554373474
3.500837085410396,93.15210911581576
6.206682581199058,93.84422336614428
7.007126027138716,91.11592019772584
4.500408051717563,93.33430283169152
8.269151598149096,90.73297043551283
8.07207523388072,91.31749227009456
6.530243243924006,96.53274449319728
7.82295747585903,91.81992054266038
11.694381086855877,89.73597353755774
5.637517899280826,96.68211993734867
6.670546301351619,98.22479375668743
13.239519437933442,93.86690572452451
0.45194037565916734,90.16662252907982
8.277912507314424,94.55824274685244
5.884724404794289,93.27969469687471
6.430698628980863,90.93976466017595
8.583014086787658,90.95926330520506
3.779595959339746,91.54830665588571
5.833553290988487,92.37177114957355
4.886627775683427,91.878466241564
12.094981218398758,92.70729273643445
6.791214815341294,86.63716853818923
12.215621302361836,95.72492664421024
4.254011373293225,95.36321046806856
6.018551135168254,88.8346405035014
4.872087729967605,91.01026297311644
10.509075167370021,90.95300069167442
4.243479122627557,93.64759026046569
1.256960936279702,84.80535478061451
7.168400046451814,90.5850124921207
7.724006004912729,97.21562067493969
10.518045771867087,92.31707083467481
5.387782957667036,92.52293806633436
10.247915763436385,91.55821036217911
3.8827257356189144,91.33386351681114
7.317452178239323,89.11312769226912
11.244240487354856,91.81250651651857
7.866341462382218,98.5647508186432
8.660492339897946,95.18913080698118
11.05612068204944,93.92110017086908
9.620270327640775,95.40156232261337
5.145679137701563,96.29631406682412
12.072077378289237,97.48558058466618
2.812903246352347,92.04768903027815
8.810550038166607,97.5867880447349
4.397695373548345,95.12619295901816
7.189735569487526,92.46331909732575
8.637841730536994,94.32840672069388
4.229934372387749,89.87355186031158
10.979194255187604,92.8448468666307
7.792625574649586,91.53846295760947
8.507139798474435,97.7373285562098
12.547640459967955,95.47877621446024
5.001292452001136,92.5931808690995
8.81817604547136,90.24222431611757
7.182121873805416,92.67597074444654
6.831307015183651,92.53771081482573
9.492121171942689,87.33291161190667
9.207063915764031,90.84211666794177
10.186668469683724,90.20746794353681
14.275686482782985,94.31489551783888
9.183107786516569,91.92133031118937
14.75314580661064,95.7054859059943
7.9964278089129035,90.11487740714223
4.073589409828369,98.62282469239595
7.275831934703161,95.40247150639554
10.773379343373836,95.96411150580136
5.454303509486738,90.4010390537061
3.5603819454383245,91.16547585569107
6.215460029902808,89.46036037209929
5.160020357341541,93.45815273920432
9.293900422288077,89.86014161838305
6.912723121008797,95.35733945314058
10.094846589453844,93.77467804793936
10.183822177695648,94.75012090291817
7.479227637488,94.48972874770851
8.044472588336053,90.29937165657144
5.309946179509996,91.7982445033842
11.896342030628524,93.1747611906072
7.051201897298044,89.31858590652122
12.935030746599974,93.77961780124654
6.91614218817914,91.15263387249168
8.168506793478736,92.5502539843776
10.086036185401015,96.95196935228918
7.7502690049281675,94.72520483300698
9.142019562830136,92.88050724096094
7.354538068364512,92.89462936591875
5.836693738699121,90.12826666382037
7.872121253635345,97.25172653968029
5.926489225300612,95.6975652899124
4.508337624194101,89.59073983024052
11.193380125730963,91.82234284227565
5.131960260390469,96.75648638455056
7.398805876865804,93.83887984845872
3.670748586984885,89.65480561893251
5.607262800425617,94.02772725419509
7.05290168533906,92.88217408369101
4.752992088219225,87.16692098864571
4.568932935006384,96.76250261902895
5.725106294152052,90.6646881082354
10.965409155382972,93.2401229133909
4.766741058441127,88.58881244810628
5.50061549805518,91.37520423108312
6.426941965203468,90.86506828924566
6.985007638513719,91.11360228782763
5.376968370530518,86.13037086110485
8.987612875596753,88.13128911845749
4.8224703799769415,95.76781406593787
-0.7963697905507932,91.69910900898036
8.708603672322232,88.26654404742375
6.668629093980585,89.66276278570686
10.964767503121793,98.62946931005763
2.5974223455424115,90.75627809479006
5.5990952370548355,88.86834004937104
10.629069866066844,87.83785621249064
6.345935579867588,95.67982297636863
5.297789130912285,93.50437109894703
9.630822030732052,93.26195613163368
2.8983272290477604,91.56720688254376
6.39797164385742,94.07857167706993
5.820219981161799,88.69138801729927
11.586968197276562,92.93642811549056
5.573411245991251,87.66237314973061
7.111918776896693,91.21889466691272
11.421394351676247,91.47240635614745
8.411037402835612,93.65568158374751
5.863022936440458,91.30222355765395
7.722066158944362,89.16207187566587
7.596659615920052,92.17776993644728
10.408263063253706,96.52299586471901
9.524528631582474,92.50181611206742
7.074896583043392,92.63743181416177
10.007514580722134,92.86679944182346
6.195177916500668,93.06452163523868
7.820410818765709,93.3307535046254
9.979200047372782,93.19384862767417
7.057478033457219,93.72365290130084
5.3159231489843,87.54935162410135
8.330780932124895,92.80845147143215
7.548234729348094,95.6255118642694
6.045718073366805,92.21255995928598
14.92011831348108,96.88368886686233
3.9941973949299223,95.83625833762362
4.787665071634669,94.28792542401094
5.428047263123158,96.55350107772492
7.8943783362592,87.68902857630525
10.00809568187851,93.6625111545055
8.623876708804069,97.13702481445416
12.71651623813007,92.95157139247752
8.481601483084756,91.03542676241024
6.943039302559547,93.11421486364563
7.1122433955043896,93.040590095165
2.3302306129295145,96.44022926662682
3.509403378727665,93.75374964141153
2.357294211290908,84.16083664348528
10.462067443325825,94.30180145202205
12.919805223730465,98.44238632537622
7.9635335837899754,91.53276636223933
4.451080359904427,95.61385721378434
8.447673477963106,89.33649672348797
5.763376169279577,89.81347546499065
6.598713024593391,92.53170407005247
13.97734071449477,94.64724007653042
9.461578559912114,90.12986471415164
7.423302530735108,94.92273643198794
4.254472952382461,87.517826190431
5.487909650496465,91.54976129620522
5.780726404494736,95.27780542556953
9.450898954781433,99.50963766596065
11.363565386225726,93.96427333964694
9.230452928168566,92.62793450890518
12.631346980609125,93.44499230093042
7.329386478408559,91.54680145299028
5.511679041774763,92.78874456950277
4.909118385848158,97.15401126423356
6.673233098411872,89.61643383961359
6.819133741378656,91.92460980674001
0.5667384757371012,94.22862893909911
7.43584143683771,90.90875461350741
5.4985258868915,88.94945464011643
8.100297359609412,94.01299544723099
10.290427710471947,87.99799219521407
8.340451380313578,94.73353509802135
10.831729234572446,88.32601995862211
7.526109181906428,90.93231962899435
2.0951058512069336,93.95718084730343
3.8307307810613946,91.09691896382431
3.2241767550457245,90.49446161874596
5.686413590047771,95.12506867489616
6.673280006429457,97.23360161347242
6.195660541135969,92.97970767921962
6.349193765905984,95.5920219467481
12.632336050899951,96.06002407772405
9.742818775702522,93.83899849155901
4.600977688883682,94.57703075604883
8.828908474760688,92.89754655114511
9.14384510871045,91.30372457567003
9.30531025376493,91.36170015841248
11.001670659463676,84.86586440631673
8.301653433695598,91.92800250396601
10.563023722799858,87.24737784004503
1.939642127589626,97.01330553909385
13.847534954493298,93.05545061324655
9.574252124872395,96.08919122760541
9.667894975453532,94.09449685902375
6.551578459956306,81.69846132697113
3.2643309572709525,96.65142013909285
4.304638362254236,94.0662489048748
8.930894961840783,91.58611892410418
2.140042901807843,87.36117096105392
9.076512833032881,93.35256168654627
9.001231724958123,94.26527390825953
5.6686725621617295,92.84207916738998
7.36723356068588,92.28055369247885
10.775485777478549,99.18761054715101
5.227689340225041,92.30229848574984
4.4501247521439975,94.4692649853213
8.671655413566889,95.33830547336164
6.599227701898429,92.58697803916331
5.508074457993159,94.79675585785795
6.921810213486751,94.34078872381357
6.15762856290765,88.45323107808132
7.149161822279206,95.7360396242871
4.993089387445298,92.25864031123336
5.559133744482368,92.98501202219832
4.842419211911696,90.88579866340079
5.521962071750883,95.5692538158981
6.693496157114932,85.50576425956858
2.479199687930307,88.76775818177329
7.785057412481389,94.22475007495309
10.26047826493601,96.55566975833247
3.8150194576847825,96.52570287434862
7.633459426151548,92.19878199193415
14.103363093961512,90.32164789179359
4.300946655447222,96.0493317149992
10.483732052966715,88.80134068681505
12.271775754756694,93.48788260344254
-0.6665347997854596,90.71314716094831
6.2722970556666615,91.82770149890639
3.1463244833268336,94.7510797832306
13.349326075619263,94.79071501252967
6.659892033238236,91.59144478255936
3.8234678662756076,90.05916276129996
7.413726723561986,84.88946875943591
11.08647497788379,92.82039059582645
5.097573194748971,92.01929178279946
4.327724082150995,91.10806221596468
12.391447569679995,95.44497535746343
8.934922616746624,93.14680334295007
11.162840085479159,90.98243234817721
10.02519537982324,94.25948053198498
6.133739255392064,96.20826847946216
11.64524788720641,91.89183036936365
3.3567493428522797,95.2476375534833
7.552907967309807,90.0781835028996
8.24827848380851,91.81008349350806
9.60458102555841,93.63725832670544
3.879333536829714,96.87423498125058
7.6579341182643,98.10868722734531
6.618657697389074,92.66335446579453
6.089518138243525,90.89082518025769
2.3169819732101393,91.81465982307648
5.357110187883988,97.50083611355217
8.480103312331513,89.97842349827293
4.264977160382113,91.87379479035407
7.600898066120443,92.77398548103807
9.423790127448012,96.43449446583631
8.074850831027545,91.08020261447925
3.056389864267844,89.82812563982374
8.075263150131923,90.85520690699566
11.517727338956718,92.33839735468464
10.835541563823714,92.2412188559648
9.601114775037658,89.27681225192379
2.3593777086440397,93.04457062008143
9.306042887322748,92.83528359717042
2.823200137162801,94.52374032152848
3.582932978003593,96.27966691766883
4.2182285078991795,91.09357618867836
7.433891433224167,93.14469831890646
7.700879886938041,94.54091480572787
4.909143932821275,97.041779226914
8.456769870016624,97.01543380948621
7.349797226407115,97.10411413670657
9.611698214840523,93.78891387327398
8.893698743104478,94.34277615917688
9.337445998340069,91.41506778340141
6.631644656639255,92.66059893051882
10.226910172907253,95.31981925044491
7.476323566857546,88.41355012567766
12.291974866885084,95.67372709659311
6.752267091815662,92.03809851699717
8.300938754877397,95.73909003245248
0.12875425551471675,96.30785563289763
11.135837194304157,94.83137202487981
8.97309124179249,87.47335080875318
3.3178610336341343,92.38393913600622
7.538460080691282,93.24699616075571
4.34585788093817,92.01850997580073
7.8539353265726195,95.43338698128622
2.9379257479674052,91.303311097088
10.249741815262405,87.3381865993653
5.833456574761495,93.42435123337923
9.17863670471835,94.67282832046877
11.242416682309226,95.88624266180071
2.3870885566053195,91.41015170603919
7.270500949697636,99.19146457503577
7.158662746911614,91.22129217842674
4.819214600508696,94.35374210660771
10.47514022986431,89.63963485555597
8.962043159081462,95.83376989418322
10.106681587059118,94.03144961007379
1.4229236425808658,93.21042570470085
8.617477298248021,95.90782536443433
3.0846088983821023,97.1326071511112
5.018748455182816,94.7932903541606
8.059977896466668,95.67884743160383
10.82581320672072,91.35373059356552
7.805574213425543,91.72483288760638
4.458194512347262,87.4087742807711
9.658538430537838,91.88162216363399
5.670621781038735,92.68049672817598
9.799601007136175,93.58483424342603
8.627605517759067,87.96402295396182
9.474104087784022,90.33665067776346
8.97901636288274,96.78526265622372
7.371621529143192,90.79932155507136
5.859556743641812,94.28083874826766
9.70917239294324,96.9700069392142
8.157696685817236,95.93718611109992
9.736573081759023,94.35256594223796
7.816162794023645,95.66732796135096
9.791974691563276,93.26873654704377
5.233428848506479,95.26782335666492
4.439543957717392,90.24803555567733
5.8435781325637155,94.7324746491885
4.2394614829771005,97.31787706847815
5.144426382444787,93.49127312780512
5.901907177354715,95.2945833801543
4.508537650072137,93.64195998692216
6.199200312224981,93.82806952070284
7.204112304309349,94.40366526121385
12.818254370601728,92.26051025242434
11.665638465634231,90.05343995830137
4.901641817664987,95.07261860497943
11.30117578013762,90.00865760706512
-0.35915370792899104,87.99101003804209
7.976148820381655,91.03632593828503
12.448918481767585,95.28863788115788
13.79382422772829,96.78792253066999
7.297059730857239,94.45553653605795
4.897546864804083,93.24420668833902
6.567269503452684,94.40411015038522
9.378982305476171,94.28778580399971
10.761461451273458,99.53005875966794
9.87402642834563,94.06480789589187
8.214180233590296,89.1503270822834
4.480786957637924,95.10368981054972
4.155072460002661,93.86972969212471
8.892508036232025,98.77830482308326
13.125458284189392,95.18696386757756
6.36266713306041,98.4609861417901
8.681292491818887,92.41080108227004
4.615937166395627,91.74110883981591
6.450383168245319,87.63143185415852
6.143311068658183,98.1343267634926
8.484939423039437,95.8701447717838
9.558322936929747,90.55828884146852
6.918907815550183,96.96390360274097
6.621230305388358,94.2849433900753
7.741047062964765,90.67600353848684
5.489737422920454,97.75882014004002
4.292470380419205,89.22971810836852
7.4664887285833625,92.35872985843338
11.375076778093096,98.01292141577653
-1.2217766923122024,93.48293435010021
11.666810427469667,94.37698947691277
8.508413795667558,91.31735386904445
8.081390324785765,91.38065922062839
8.182650714147115,95.61618260862845
8.654881353192899,87.42640679117731
6.275913393868329,95.01705427892522
8.979784578459538,93.73745559600232
8.98373796460009,96.02440528978428
12.468908951130699,98.02146726764225
8.64399702665012,94.75557613300298
9.807374882632693,90.25216088455367
3.2333850414389262,94.60017286825456
3.614494808985694,93.68325260347957
10.037827316047508,94.6652165636755
3.289061367283405,90.80529495432118
10.338572967495903,95.02192054559882
5.384015193747851,95.3111455271282
12.491050990780154,92.88315268819224
4.849234646674574,90.157275089727
5.953646877940716,91.90683488274942
5.1312151743591246,97.674431750727
8.122048678682683,93.94639977271909
5.932724144948593,88.89451042275435
8.330533514870769,89.08200818810093
6.265433751882259,90.4440031572783
11.844429411637439,93.92097358600878
6.138238461267603,90.4757441125711
9.499255571338672,92.3501907864918
5.6400016975688345,97.52409371489065
5.862893061271569,83.81141915897871
3.718249299700344,91.45375865599208
3.995810702255384,89.88318055478861
1.281957116834004,92.53257508399261
12.658671190126377,95.85634916709249
7.790358810334121,97.91601330305714
7.489413081449076,93.9494334989425
7.519351756772782,89.31538663070262
10.775214843784555,89.64228621499554
5.160471681806893,92.14630434523019
13.350629753539703,84.82502837175142
3.9147411636724376,90.32860290301093
10.189031993797038,100.12812990934144
6.776433362459006,89.47338173065866
1.6669214432323471,92.13433442350275
10.165315664226268,86.73923063667397
11.8903755414707,91.77224116282838
7.745994164968353,99.20842090483758
7.845032533863378,92.5230249871546
10.563864257028321,96.42260021747039
5.545971803747537,88.80184903534177
8.904877744768408,92.41142226927687
7.171433269028919,92.84467839337202
7.252555369465545,84.86466100689219
0.9988932941302551,94.63367607149382
8.313349168432605,94.0094550840878
13.115287403852719,90.24991395645773
3.525144732284378,89.38151596988216
5.940113566377675,87.15885718782184
5.234596375585019,87.52502911204773
5.850100929125088,90.9181479437579
7.78962703542199,90.35351733113498
10.253485315473995,99.36359987230549
8.41880543066196,93.90362242164024
8.266251454061461,89.05931719987072
3.6107800899522036,94.4581597213456
7.3094179254755876,92.15012379790919
2.6189905861326777,88.72679136519739
4.271182420202043,93.7823323830812
7.089090774845833,92.2925496070205
3.054366011478975,90.58260135537618
4.509878578421356,91.87872537483835
8.05688740609986,91.03364472669975
11.1595099777117,87.70333904435223
7.3068490744830665,89.74894925009113
4.088150108389618,87.34890301786288
8.921579943165366,88.28918567385611
6.826913270926019,93.80997585867858
10.297594002749264,94.23318611205747
6.019164129843578,89.99976557127735
4.3652306813175485,97.19254865684682
8.025454491832772,96.4095446841897
5.547531199888949,99.28853537844456
8.973773874858145,92.40910161559066
4.363517761232,92.09028103878336
7.1416266365470005,94.26242101017282
6.604054708039791,91.58406416066438
4.06134273035449,94.48081396906252
9.156780906007588,87.98690276978616
9.128476262305577,95.07061826451077
8.518125826784562,91.16827103686072
8.346279698075817,93.91224057264273
11.972753421841265,92.32193624777747
6.716293358831816,90.38184973325579
9.929362849578826,88.6002893554176
4.833037976134975,96.88472620646172
3.267593221307952,93.39255506780488
8.778107916579572,96.07689454607872
5.507353973409052,88.86833609970769
6.7351977871862685,93.57944408879997
2.983767571849243,92.84067149687141
8.756850312913574,94.14245773045123
6.494933765528497,92.08103666108242
8.205955438690612,91.28023998752663
5.232574170236878,87.07323217756262
9.417743338214509,92.71074865441759
5.919711110096585,95.42911957078536
10.865916314407166,91.44807273908619
4.670092145456398,88.18890826877046
11.001089806948848,92.36841262372252
8.393559862903484,98.7058338194519
7.210398713319422,89.75493025441074
7.6787031296288735,94.74388953699054
2.5821280407415657,94.13926119452496
9.57514481231252,92.56872668018244
10.904449543936524,85.71244319365182
12.956910839474254,89.50867247407179
5.083164514367516,87.29975733761823
7.828159489352049,90.72986232715023
10.44483622101228,95.5168159319203
8.456230452210367,94.76231868547032
9.109038389024677,92.84205812485622
3.954542777513222,99.0436407870246
8.626739718662826,91.57996227545355
8.70378651051775,94.27164346481958
7.263051132637024,96.90199606025682
9.062287691910566,90.00797067256761
4.92378463108645,89.69667442031476
6.364264390271412,91.27633929884342
3.779904779327626,93.53403375908114
9.219114469275175,89.51426792839442
5.452252775193157,92.5877203426521
9.31648488762734,98.52587498810752
10.040151916823776,88.42854747272763
11.406651107660624,82.64598940923072
9.296583668860148,94.29175269816312
5.34720918907121,91.64246538387044
5.588103787183368,94.54891615440552
3.0560215567677638,95.98665975379105
3.04736377210975,96.42174535217059
4.414060847534915,90.82700612308084
12.387480732210612,90.20926140977848
4.836558830261119,92.60627666101661
8.395583012324822,94.82434295003983
4.674374082030058,97.09683864738804
7.7472276348263005,95.05973798125967
7.578618634451793,94.20799925404192
6.870737538455015,91.8796120806121
2.7513301790889733,88.7575296963654
9.332718667146931,90.16739384626479
5.633177404710372,91.10128874187554
13.961168495065664,92.13016011970653
6.848950900965118,94.334897736113
2.194255579137976,90.36190028426171
3.290041761175954,94.48280835074713
4.297684552559941,97.90524580482762
8.673695197079596,98.66868290390425
8.168520287627693,97.6257854994229
4.412308962702637,93.9803414513324
7.899507503805709,90.20573891356453
7.942666075135964,93.39447796512842
5.934915144462707,94.33564148826682
2.4935842163231055,94.71378314784849
4.628008012743141,91.83846608630444
9.968923484824707,96.4386748937823
2.6536115057099243,95.50642045549912
10.206435629975392,93.3446864615079
6.4415162257753344,89.31906144736888
8.845528333026964,94.20761660388627
10.8138043679766,93.87686702179926
9.283442913899066,89.02257762320666
10.979921652463265,89.32676165689838
11.389093790473774,90.19095245701318
9.363239713838615,98.40092172105356
9.05901250385475,90.85031871734257
5.756330942675531,93.7489789220492
5.7775647878946135,90.29864085961454
7.906713477569298,95.67272610974429
5.231476571358558,94.84785048042131
7.119469878831984,93.83545537296939
11.003374957880592,94.21940390224258
4.584717931666136,88.85564441382365
11.285121350753954,95.01972720362146
10.480481632862425,90.528053550516
4.83701230645308,88.42174941511544
9.46311309750639,91.2257594534087
12.063865279748093,90.32354036737583
5.4884132910913515,94.16854571385868
15.527683006652953,92.13624446206552
6.784031921090571,87.95912949502802
6.190904096098992,90.65351200217926
11.76709488479557,87.25913718235121
11.857089549374948,93.87875311522302
5.746549667065507,96.33335741585347
10.171664935682774,97.79756111128917
7.669837063877899,94.79530800226972
10.264243075815125,93.79472345135245
9.671158048842397,97.42682030530123
8.41879983534284,96.8538996846728
9.094752462189211,95.80687574522719
5.6452688042840755,91.96168988508238
8.760559382171389,93.50428301251797
11.145560943632846,94.40748817280917
9.256932090864193,89.62593703206306
12.79238190334615,88.97045713904522
11.90304974523815,91.48161653412822
7.2125836787914155,95.21470353743433
3.3880474092428976,95.64428964376297
7.2617460091002854,89.02441492860908
7.227337868705657,92.24506929068696
15.277837938340493,95.14779091647206
4.744589034950145,95.10201315067718
7.827923785716393,93.57885114601667
6.837304902206968,89.64678489284603
7.631754686686716,90.0405637952636
13.867204639075027,92.18888942796286
8.524030200459592,93.35033363112562
9.528492173789726,91.79884063016848
6.767645503916826,89.40805862396283
8.812529849079315,89.56704681270384
12.130942110932615,98.69816989141553
9.727771998879799,93.69802201795929
6.251664669021103,93.50676807438788
5.396728987736905,94.68501038691524
3.746792831511217,88.52715377654326
10.985784053408995,91.62502931233459
6.601963898725962,92.7502303330792
4.608203459833076,88.66348556281686
6.631325964798129,92.55772567397449
9.483622273663991,93.42411581280682
3.2963014427555155,89.96493169685769
8.027655848439087,96.96902642381227
9.46180455817095,96.80169441576014
2.4105221712915714,91.23289910663928
8.595362301411315,85.95299934194978
6.39025396331858,87.9188935898348
9.750774213376523,90.17844354349884
2.5482902323824117,90.65439283360708
8.031242970608758,91.15573170946843
3.5344322652034084,92.6386492850124
5.755248203365187,96.45016350103846
10.409904873594925,93.48001123116744
10.55942962489203,89.55756963561342
12.06712120139803,95.1380580855688
10.624593021490043,93.26109127765619
6.226796524716217,96.36299126223548
5.195600055410692,95.59255598413216
8.813286051315222,90.57770073937156
7.63581010364254,89.45758494001113
9.443188163552778,89.26377919269527
5.938473168042814,90.7096532194655
8.767697634447044,93.99895960812414
10.680382554370478,90.62526354283236
1.505421590460804,87.9553716214071
14.543500768820792,99.94752160568113
8.36255438850083,95.62233696821971
7.0681062783298385,96.59434006486339
6.032239477945798,94.41921829851897
11.477988290103378,98.09323252762304
7.167658283427429,99.34258946848172
6.726274391615203,91.94144391851219
1.909176050205665,90.39789689400041
8.746701984322993,95.29408659904963
10.485718868059108,99.44108194012163
-4.041429539049606,93.11286401619226
6.220778732413276,91.6341899934216
11.785611349747212,90.62049994234403
8.894244153088247,88.81069933421918
7.502829491925105,93.1630627616493
5.549693577252739,94.78563962711671
7.5849364831043,93.97589193535796
7.639095669166878,89.05355008582009
7.356511110586531,90.96067800958878
0.9621652814919894,86.81414734765666
7.390563326567823,88.04319994929286
7.63929199512445,95.63590540583378
9.722365734260688,95.7056001328412
8.867103716239257,91.83732751544494
12.518532250898122,91.97741110797496
-1.9972989568283062,89.57666631930397
9.451219098088027,94.47822663773732
8.062459165192417,93.8743657432489
5.761714131823753,90.92198176434246
5.674316805876403,94.204437869673
5.213935786877714,94.3415557888525
4.639973744200223,91.08279778714267
5.766812831921593,93.1459096679774
8.684702317170368,90.26819474639382
12.825898166642679,90.05099790491451
9.445927548980936,90.70352459530532
6.827564422133644,93.5356406700363
11.668888340374103,93.99836860072644
4.900909211510111,92.64792802549323
13.69694630443621,91.7672350661567
10.015764976647972,95.22344367550413
4.302358958095473,97.54592249872682
8.182628585399177,92.27415133930863
9.33011509942758,88.42253970798278
10.709903639013998,88.54013118793878
12.253285228410085,95.34131390749441
6.5124703723535085,89.86473566268312
8.824923114582269,94.09892593262445
10.34548852587929,90.69483418580255
8.843621097831162,86.12000306263765
10.871628338837695,87.61073236055914
5.023367919017625,97.58690759771909
7.446955521267212,89.9526703815232
6.950666280152442,94.36987539675759
3.938064171333104,92.97485086894955
8.811454080974862,91.23436809076168
8.87750091074668,87.86463160040829
3.5769487486569824,84.57914277769704
11.782717793044934,94.14352285097392
9.743803464744541,89.66436814972568
1.5511674225782741,98.42800610226595
6.47560882133892,93.59678172461346
8.7435835339453,92.07558505571882
3.0361983911732358,98.86437985384921
4.031550398475108,93.78234773104217
5.9788563158086445,93.10875471085785
11.105605858394535,97.70121401734248
3.44495188615089,90.5768898930356
2.2003107580758083,97.10726495832111
5.284425550158791,95.53977707665001
10.580851244550495,86.7174699000145
8.585831710096476,89.36460459897262
14.652238798052187,92.16810442032325
11.640648952987535,89.57938884160454
11.768860810219753,89.60233609767184
9.368048265999578,101.51691710624407
6.789650973282859,93.21882379613245
6.459362457575012,90.64773864779971
4.145644194528,91.99566703097182
4.704443459979225,82.69660563080262
8.702900786253043,89.90009804869479
1.7917758770526726,93.11601306817424
7.8703597457423795,96.7516989288449
6.20658370733161,87.36949309686072
6.329965342025794,96.63573718360979
5.631888895210955,92.57591230151175
8.207797820965723,95.36592773025716
6.878965384835645,89.49299575923139
6.305459551335372,92.89265416180612
14.47166320523096,94.72200941309964
9.618737922919667,93.9522354670497
7.783455516991163,87.84804994486089
4.92705159792408,93.06888084116194
3.0456231255546644,87.38713469648711
6.42044669616537,92.19418614757602
10.585026705110822,91.88160783387617
7.364122322515592,92.49596011786431
4.407850414384936,89.29823211678692
7.743530677407526,97.3359284103739
3.969140228312765,94.26412367968665
7.1736998472514015,95.2121758790687
4.692203787445979,95.62445899283234
5.2906339944499745,94.34941597250763
8.414942800678006,94.40722866577279
8.060260926487663,89.43001311910808
6.108156663473006,90.61390148001195
6.601642594738141,85.36704701547998
7.8182053887914265,92.34699359691103
10.095868737482608,96.87734040294228
5.835109565400038,93.93435534192237
6.369347157708886,89.30035976733777
10.89445844844277,93.02396671302242
6.6235965556018845,97.06554553209439
3.656603796261865,94.68409364576944
6.9897983479289385,96.18284892428828
3.6685643483306847,91.4318046302459
7.899580474445452,94.94275628228472
8.029579773808294,91.25101466484377
6.275401656969575,96.87810763419922
2.2103661989660095,92.22610960522586
7.783115289373605,90.04661983428433
9.794657356248832,99.80855567748405
7.6399285130378844,90.51986502287428
6.268628965304865,95.25245506309734
8.667828840949326,94.4707651942221
3.797315211132172,91.5139377643453
5.028925741964867,92.0786392310735
5.650035461397932,92.21395239816016
10.663857241340907,96.6469207187351
2.7661366837427686,97.3844260570154
4.894982196358654,93.74542641394514
1.3715922934667217,87.79158527419288
9.325888551473144,95.14958438957844
7.56844194505344,90.44334509371774
8.962285329505036,90.58456550602774
4.337564459458792,93.55074115574546
7.699438222120912,96.24089068540059
7.794208413461027,92.71006843637218
13.969857556807312,90.36315796703718
6.538669928645975,89.59334701986057
3.805726585321957,91.98348232375847
10.779258934843266,89.90960853527146
6.661660237734073,91.0745308831132
12.214197227274227,92.5706989633005
12.378380162474688,95.58758517408897
12.91406494046291,85.8954297995416
9.2029203702407,90.36437721729723
12.84943365380574,95.30611392429888
7.775734164203956,90.53394904709013
6.644023140409065,93.14385441785097
9.900347095583184,93.61927953603303
7.456979815904862,94.56725962719808
7.461869798478019,93.14919595829721
7.878285175049466,91.34356109419015
4.436947585799588,89.83080425193069
8.858338811532422,90.0026679221894
5.854633137052565,86.19561341342848
3.1523346593345734,94.94879637829663
3.9028743280611247,91.23618618062983
12.30985874711704,101.0438557495232
8.207198086993975,92.48195550655676
5.051615095358139,91.8425318937993
6.681315032191508,91.94734034734006
13.1203858201604,94.97084705138835
9.394313221036716,94.84118497683346
6.011674303673282,95.39864963963308
2.01014901521065,94.53662512279632
6.185489833601348,92.69576079234723
11.231715581172685,91.93452674359143
8.219731684144516,89.75911050200247
5.1207255253230155,93.83706059088823
7.0580344470975245,92.25037000527435
7.265506047861069,89.41790458810274
7.51743553714473,99.13116081480293
9.681052803854556,94.98215410447082
9.051424245699094,95.52634498568767
8.789318060335917,90.27338326093296
5.856886424968284,94.05047309777433
4.426255841181682,93.98623999209629
7.4287558629489565,91.88957531082235
15.108536070413273,90.57986715595338
5.2482247694189255,93.89442930707371
8.186458395672975,95.67675165187148
4.563072238693692,94.82287126452381
10.532134850457156,90.70746637730237
9.05756507868994,90.00512242086073
9.240514967415702,94.42943035495648
9.68110491506104,97.15036037600629
9.37366707502827,91.67403549738525
-1.7080901248910507,95.03770994821953
9.260795075811112,94.51257409076115
9.439048387262195,89.01260562107035
6.615035226635294,89.07477803362161
7.872416865644976,95.36476083388004
11.758302890439769,90.29767791545355
10.305789733113022,95.16969277994305
9.949367941426221,99.53513575142242
10.317096214224543,95.31694329931814
8.833201712629574,90.44410963789612
10.759325527190757,90.22383441431548
10.554292848365376,96.13256808067047
6.437556490971282,99.33635631356186
10.745989084966961,91.11842583872894
4.577529627819803,90.01604249996836
8.903388026416957,91.18744290547532
6.357307078261246,93.48043613394384
4.827840718000032,95.98144342854125
0.6879256009872865,87.83506245413811
10.218081134511383,92.28814884828333
5.25848095840343,95.92952002686346
6.30610489210409,92.63888530595288
8.749860002991943,95.56501328249281
7.876911751970124,93.84204737263983
8.22738836006351,97.85683746444134
4.872502667508558,92.5561000459596
6.734706734649553,89.4371751319404
10.237230983250429,90.02429733516087
11.880178706674151,94.19453844493694
13.233720147603194,93.95547414201997
4.92912833233469,96.24349016606598
4.224014827060698,94.79097533806863
12.58246990818867,97.88575045422786
9.088076465321555,89.22036593705505
1.864332548727849,89.32400499512273
8.126367466083689,93.68004604315247
6.6525658031712425,95.03498171033887
9.715242021470436,89.61244008261467
8.901103339477459,89.06088433122773
10.783795553875928,92.75923580856876
6.794736836462908,89.64862745603673
7.1572382157356955,88.86146741312466
4.123657669020222,91.26033303495828
12.926731639270805,97.92684967726908
7.740177910534944,90.87423823470606
11.074608390481568,92.6612546493549
7.744905108711982,96.55793955392481
6.962485261866091,91.68224635192155
10.037495218388894,95.84830237926286
1.2063748471597062,94.835007068005
6.215729160559096,92.89827722417088
3.7029127387850536,91.8139954334193
8.914842922948466,92.32372741329269
7.886064201877717,89.372403310273
6.65645909753306,91.85108880947362
12.35618921450473,92.16665297733958
8.476904037354739,87.90855721721687
4.98513251891409,92.76351377463708
6.145673455982323,93.01840775343318
6.25693979017891,86.70642926085354
11.241305528485764,93.09324718915404
3.4330875886742716,92.67130584687185
5.563089856968284,92.97725875322034
5.083635753678635,94.35919599490536
12.01417808447323,93.66381704055047
4.123510881496754,84.52815985889774
10.168327112814264,92.83186143986929
4.170807971186722,85.49575141277558
4.938996233630343,90.23359070644982
8.29080593301916,96.08411875853528
6.184420463607095,97.26007566637033
9.00496822515189,88.66806537165333
12.827005046992003,91.07967650323937
8.85958373794149,94.94156427495082
6.534023770097326,91.19119742898191
12.0076046651725,95.38301974600544
11.989865534176136,88.57097147619945
8.639122008445351,90.16985166915505
11.669735307602753,90.78345087911327
11.727747021852245,94.11534979534547
8.115824246250622,89.02268407536187
9.25417152506667,92.83189185149105
8.650212331751414,98.60958274730287
9.996639890795034,93.1458939003485
11.13823775866268,96.23968679296237
15.452175143572237,90.05928536766991
5.687802836297433,89.26234259090249
9.279522421085963,97.50770140436705
8.642412401534246,93.07333516789622
8.109250958113101,90.6553173508922
7.3318357532994,91.557231829997
5.179239670107556,92.76027380016751
10.718866664862043,91.40860998270556
11.037707390372763,94.49457392281752
10.037349508262317,92.23130065463775
1.5159252355819257,89.7124437405488
10.807969270856857,96.0113151132694
9.121580136353614,92.69186744406042
6.006475292879937,91.64480059299156
13.506479534563338,91.10381713239502
4.677287126312098,92.16936764497015
3.891237035602078,88.52660662785584
9.98018207111209,90.88506030553714
3.873858663596047,93.30536575266736
4.2055202175951685,90.86579953555753
10.691126907829913,91.51853242468096
10.13078020395205,88.76681507422462
4.18585321320908,97.98351593375405
4.12641269824642,100.49920181644343
10.05673305704489,95.0371623914106
6.865828244076457,87.22746591968918
3.7572035396062633,88.54780252226733
7.029188561369454,89.73413373045773
5.390686792888383,92.26222572109381
9.414881724847227,88.31132708905659
9.104537344520082,96.6528864038691
9.932210023889946,88.12786951580107
4.84738508189821,95.17516309009008
4.812842382324609,94.0591976577432
10.710922492854927,97.18116388362341
6.828417301609172,98.94847205071909
5.922070298288928,91.60723682406307
7.545032745466356,90.87868815709645
8.38913245477769,94.79267575308536
3.9423134797171615,91.73164640345617
-2.679645813008884,91.78194990532963
9.012810449374541,95.58687166459563
3.2860953018066583,91.97009205497231
7.29500651124843,93.80386783048395
7.618601464312603,89.32628686121961
12.384023942886554,92.48510752286728
7.517816073640018,97.05752114691614
6.297646266779295,90.41477565437987
13.436085607412563,92.92688390357061
-3.45320495881408,95.10086459391951
7.661536550568313,98.1348006186816
10.241758484136193,93.95078851423149
9.1643133696115,93.88738810802707
5.907979397298504,93.338255885215
9.203132254353939,92.36255569635821
5.843765380626797,92.57851279721991
11.169552019568277,91.22197070886317
3.188665618165201,95.42812600948551
11.418790834627893,91.68259858997645
9.377931883508893,88.52062284441487
5.984607572560291,95.73000087758237
6.190194366649708,96.23070462914679
6.647261685001461,87.4747188465948
11.63900755612098,88.27903222451216
8.917251743318538,94.13190719927215
8.463619934397,88.33940930980832
12.474599673968179,93.16461500482335
7.207234065115341,88.43660178626922
8.186127524859993,93.75340692210752
11.209202197816023,96.29822251443191
8.293932042508237,95.13596058584739
2.8088619964414123,89.61387350967031
10.666769888512347,95.25487207067435
8.46329559868798,97.0325670579901
9.158225412812747,95.11754467506942
10.142387167918317,90.36900886716502
12.2388796164653,91.43195763380804
6.207187056304404,91.67938280022229
5.976035078585602,90.60356857487938
13.345167466274894,93.17507401921377
11.313375247504396,86.98373453678711
12.156701285649568,93.33215759683107
5.297145141154938,93.63659328356889
8.880616993201878,93.05336439908326
7.622359389275502,96.94361692258406
14.968889304200939,97.71697939571041
6.137038335904389,93.77648713829764
2.010388331425653,88.88316289522871
14.287791310208096,89.15709719895416
8.271496304271198,95.34991146817137
11.083109435858708,94.8045767019382
9.672143959213766,90.66920344912315
5.8765118916703,89.78486583922734
9.673690056071049,95.01044680683823
15.962120188422993,92.66949971027802
12.158323317375459,98.44643320944826
3.764836003861047,94.49625598255598
12.590703301174793,96.16152568790129
8.836385965008972,95.21742388822514
8.779072376772902,88.38930173260138
8.42892065613563,98.2435690617668
9.721150137777412,94.37841750531294
7.016712420637847,97.8854820288771
11.914647939957842,92.22496454894343
10.32786768897911,95.70571976833345
9.656688175133768,95.850869332603
8.561900464618796,89.69792341575685
6.873425538503528,97.61448529974219
9.198662161453077,88.6777446940989
11.240715934376418,93.04224051303316
4.250245992138677,94.02565374610711
5.687160044417884,90.90941777896919
8.282307236502488,92.7546446863746
3.821593094166139,91.03171819024146
12.288632868085,93.08640456765347
6.46494132629488,95.99240939605626
6.362505187419033,91.20042901919851
10.050954566481872,96.59603979152901
8.27176401216567,98.1292613082199
5.845329598421654,96.64915457739099
8.432898576231388,89.44325388569499
3.5481875430387486,91.79692872530714
7.440524501970608,92.43081081726406
11.504348424300996,95.72635432703339
7.652707336708239,88.57432856468348
5.886514349223618,94.1162928792044
7.8406919201552165,89.72342151120183
10.263825642359821,95.28945971371631
10.233816120847093,90.19538243373763
5.482268804036114,95.61863664504601
6.282470778138019,91.45202532588446
0.46876725451407086,92.91337510311831
4.309975116755909,95.54671448046052
2.019113271601295,90.6466346056044
3.2416683424502564,88.43055236790137
5.7986399121080945,100.1625111653372
12.325143789075518,93.58324258965692
10.807454036679513,99.4867183003938
9.338302964951698,94.92157114746998
7.544367462178859,86.54545009767901
7.599713278174976,94.03215051941821
3.8015236348687447,94.58339805303444
8.795333284926674,95.94604866234646
6.391713499778845,89.29048283221056
14.278645405574736,90.2307967070196
11.685109235240436,90.3957109141439
11.894727513606401,93.19386781486719
13.897215441824684,91.11691148151495
6.956497500548683,92.88450500250096
5.59852833893482,93.42899494952911
9.5425499623441,89.00203802153857
5.650760048224567,87.61111887728885
2.746277053607174,88.71540309015627
8.322559512176042,90.72016423861157
8.198902248840517,94.5095632656844
10.348487019445862,92.29380629445183
8.322433992154867,98.26057898444958
1.5865870437026492,88.95031211167229
9.578768895017973,90.1702610479676
9.382970393637727,93.52797685511567
6.764166482902146,90.37330225139578
14.165513889427874,96.90321766492035
7.162816087741292,94.04459316778535
7.5017268348564015,96.8668684676689
13.61476240639059,87.58694700647516
12.131691272112437,91.09378447542201
3.5292737822610993,92.76157780334856
8.69827002020526,97.99047369893547
4.710249975759442,97.28676435238822
3.668484032356622,90.08498883745006
8.341725027974963,89.49517130881004
9.681454034396545,92.22499205087514
2.775808736387127,96.05038629134808
10.008840363705527,92.53858636723129
6.224111643140959,94.46133269383272
11.387819068120686,97.9651647256757
9.014725347946074,91.20570871143832
3.387174923439148,90.11129601929997
5.267086691612127,97.42008257375655
9.367184751122934,91.8683447956965
11.860754313551288,96.05435549402029
9.996841804090408,96.16637028256889
5.011385990792404,91.97386626218041
3.343916054775973,93.32851470459923
6.357503650528381,92.83653951929671
0.11580761488832092,92.72531569799904
8.038326797771802,95.35260118469282
8.53526653899428,89.58977884431633
7.769257184809604,91.06241122054065
5.985354043581857,88.77019952921893
11.534915203682303,91.21652611524816
9.422326249734986,89.5162863409554
2.7619222793200233,98.63365780884243
12.343636358378935,90.45517727168611
13.405209844377614,86.67709460072419
16.68581371837906,88.49761492395407
9.793644214749953,94.0843407123756
5.935936294597983,92.61954894080071
6.860959232710089,93.7212156627166
6.894512423600827,83.63675131380975
9.63350556850618,93.55655135213749
7.445404839620268,92.9558301864434
10.469233701103459,88.68313713456043
3.19990100014462,91.91713713787016
12.593050239122517,93.86623226652432
14.510956697199012,94.72294836723839
6.656074018014066,90.25941332703064
10.013914530834077,87.77574724163314
8.854580898701673,96.32490498601483
10.63073623957277,88.93077835169433
11.79537845924575,97.87313176285261
1.5056833615576632,96.44773281089782
7.2980752545751795,87.79329412606356
8.440334536661556,93.01803355157965
8.020514079225306,93.05132236582673
10.870012485637355,95.5215113024177
14.044518303190639,90.86578934103179
4.323867012880837,92.5763641955222
9.014173658203505,96.58168050176803
7.171779824873919,91.36789003771193
7.068684729328558,90.46931666737991
8.232545055177132,91.38573570926224
3.483370853602411,94.9150927605502
4.188429547689784,99.41393880981659
8.117841876422121,90.14275364905887
8.090797615225194,95.0608318081096
15.166260369061945,94.47785626742122
14.325173807196075,89.39366671622072
11.549265452156993,87.6006554307854
8.725759458877647,93.05172958598398
0.054048134568905226,92.20883228663631
10.099668595106577,94.33229583133713
10.630047932145802,92.95566878677236
8.225266852732297,94.55221096501496
5.256407804527768,97.25068354715692
8.267881989933441,96.48868095504926
3.63763436770035,92.6266692060853
8.799135522633192,95.00697075073884
5.849304700107276,94.11861168957334
5.572590790506364,95.18832816588102
5.427238514276654,91.66346223649234
7.235152542040641,93.97424635282034
6.154037516423111,87.92295211004456
10.848431342832637,92.9754147615431
3.804585295858673,92.59497550441857
11.558728828959044,94.09579617792977
5.433619256008587,96.17334791980161
8.762340484078848,92.78739740820455
6.69507744265169,94.59816742109858
6.327031202324907,99.93039278320164
3.360409902388823,93.99226190535533
11.036171956890598,89.36390199017663
4.862269328300536,91.23606441339933
7.803900650545016,92.62337402564899
4.257832196768648,91.17045339339717
8.818244549302495,90.95441287859431
12.929294112934027,89.27451098462004
6.040581946700426,92.19002625382454
7.617522456965997,90.27566937258733
10.572868926565723,93.11930143862467
6.66613898202559,91.5675191204236
13.078591085328924,97.79412036370374
9.287740764891266,92.85478291318962
9.398205498686082,92.0045609551241
8.042787299591922,97.87709633709886
7.432210430193923,92.96473361248826
4.265440746880202,95.7012489739542
6.747942473252344,97.96931453578112
3.366044143438871,89.63028110206658
7.162869758468396,94.8696055627276
5.211482019058209,92.45183401279196
9.314563420015205,88.57454407616251
7.277798117274202,94.44831904443211
11.091456001432048,93.3811080668314
7.354158062949225,91.32331996320605
4.616867445855787,93.37195550418721
1.949296336425835,93.24171895392396
7.82490100669146,92.56788695183647
9.176092746496547,91.66208981145022
7.552508757942374,92.32496241903625
6.08106282371207,90.86971347508937
10.556040603275315,91.09604151492412
6.22209621811092,95.3308822442587
7.524657493725887,96.0012064171836
6.760825912105641,87.9402284195834
8.486280966429291,94.17650521882062
10.202880643414197,92.24410870679934
6.469657549454503,95.70586154021916
10.7230821970758,97.44677225792445
4.7718765614442225,93.407509770478
7.321880461179805,89.75219939715203
8.174280103682028,93.52908762119935
9.803634878071328,89.50767623008339
7.377376128402204,89.54594883101069
6.341434294132222,93.88781353789818
8.456817837216462,90.23461922389065
6.929121918474834,92.2357043004872
12.40476747403604,92.96614487621868
6.063689914298837,96.67729882807322
11.750789010785837,93.08717925223745
10.066259951491702,92.83728364426774
11.668035792460202,101.31361551093755
10.32663372193386,91.5567365006685
7.085878719257622,90.69269292578599
9.652723210236541,93.28612824619803
5.219912407885516,92.63029965013273
6.54193008560871,97.71622529340834
11.459173588211195,95.41586037761245
6.767628075880492,96.30262207849259
7.748833166840041,94.51499522097913
8.628230706606686,94.30997086414213
4.676569148017629,96.10972947868244
7.587852912786421,93.82396048114036
4.745782978754088,95.96220814934904
8.838183576324932,87.93642070030282
12.85401325838847,92.68954994816119
10.792261751842542,91.51960231685679
8.589351312366889,93.84341913419702
4.741187166996063,93.720757062783
11.18983785433005,92.84239204246963
3.5528129691871326,87.1633652875037
12.566069992999449,92.44427210537188
6.370223514577025,94.91119485369454
8.061021380362593,96.42090687189072
1.341013309112114,96.52675167900958
2.731242896876612,95.99348599544524
7.051951605890436,97.39078417699353
2.465281284818701,90.83683546578737
9.531512998963313,100.39397661662562
6.166676140439524,90.14402466985291
9.532286867516202,93.09916948503252
5.681507093464531,88.09059055181551
9.008714524063988,85.82181834883605
6.882561607719327,91.20031049925582
3.732990066648782,95.15825283667796
7.193669950637949,94.28296442028471
4.707994452409238,86.21884156255626
6.156774409155143,91.34298976693539
7.108529255235148,98.0287391973497
7.830952784728545,95.83508210968603
9.008802398667026,95.05650604015366
1.8209179334332424,93.72261677908543
8.61591353324249,93.75980592494261
10.06025095547368,88.55404321045447
12.757100776225823,88.67219248223746
10.523257946081044,93.61868647013557
7.52037610737,94.04600576923372
5.9806305946243485,91.20795940753494
13.8925695393811,97.3380903420396
8.098337786943569,88.55476236582464
6.391489088560246,86.17992840506942
6.551537825993316,91.058747924067
4.742353212199509,92.62387684699947
10.362194485056934,90.82718767336891
6.822968127007922,87.96052113541903
10.59754888552004,93.723108147096
13.843620891926667,98.85009704257907
8.490693664836199,91.84132628737588
12.287631124106323,90.87968789606585
6.552641432867133,89.56180022361349
11.05902027879889,92.44106241112195
10.027475666591572,91.00898759780848
5.122046919269408,97.74247157141457
7.890995630293556,93.06744760538042
11.39379837898689,93.71021289485508
7.632834497406829,93.97051798782205
11.599685149302825,91.56243836786389
4.533973134112141,93.63466422274291
7.052679204045953,84.14521377515449
8.225305467552234,88.19656734597041
14.041993005546118,90.48983436489046
7.4531074916714,93.15216611521461
10.411853001467763,88.84186425823911
6.956004061317523,96.56221279326088
12.758763409824072,93.04777582228341
9.60777732177458,95.68621360427846
12.247427804163094,94.33607869373405
6.753648390364412,91.38782317841854
5.359225067729299,92.70221461406646
7.767357450178137,91.35546605530169
6.270274338023067,97.90351148289936
7.643965876778841,83.1048505487341
12.100767838028691,89.87758765790886
11.322402770483045,95.49568793084055
11.741527190460474,94.26094266022791
1.7468324117506313,96.23155763333575
3.963102511012128,90.91136687555667
9.65690828007846,95.99008497578524
11.12413858497304,92.1408592333012
13.399702960088693,89.17391513914683
8.25707372047383,91.59567848000526
7.967628616245009,99.09650705380811
5.066068379133373,89.89487056927297
3.2262046676753195,94.96853355226587
7.239264963995869,95.42266029331037
8.551683438236061,93.64353907694773
10.311006731578527,92.20713218291279
8.043597767210583,84.85501510990252
9.783611187992953,90.69550163611751
3.2883881709743,92.07003863837542
7.159068029624846,90.37806419917783
3.524138292937792,91.24152906496121
5.887925409669087,94.71093494824791
4.848828542720724,98.36421431571169
10.57022031670912,92.38268999328544
8.303623525451206,92.9814206171939
6.020648272104512,97.9145559475917
4.364560150691136,88.555120863688
4.531257999713795,92.27645350705221
-1.269285757602269,92.34733455849303
7.850766139307976,95.42547734941216
2.882177184385979,98.76382908462028
10.852618743275222,90.99900329181368
5.629057299277457,94.86586540749072
9.994941853388891,88.76811981526917
2.0155613799957424,91.03477960994519
4.278304788487936,91.93140148008276
9.184354029593521,92.46427268847133
6.211726785378368,93.21624771958413
5.3520541936649755,94.61405506214594
13.48745648483019,91.98848835005049
3.971413332896565,93.75654481334293
6.824143967777005,99.7520771747956
8.972581556953438,87.08277004567593
6.989770057148185,85.55392997935064
6.044970890400268,99.54440971879278
4.9867225422777,96.94363515121424
8.184987860763982,88.27409768968718
3.450043364400738,91.13440882560998
8.615885834218822,95.23407269290477
6.093897187439018,95.86081212036429
9.63773083630187,89.56715600448007
10.689061318819597,94.53180533532615
5.831816475933263,85.70677804532839
5.7593433515557795,96.11546545206251
7.771887159742427,93.55586747892086
4.675073346661069,94.88305538102418
5.0121778165839626,89.6765281442174
4.5972363559754825,96.32111762892274
13.044918809992009,85.64248596869035
9.64495634073468,91.36387474773635
7.086350890351936,90.12947257904614
0.7695654019493086,94.80799909607758
3.2767957704213293,97.3061826745501
5.937130368544896,93.27617123504932
6.650111070802772,91.95961947333858
7.125379506013444,95.40382217685618
10.610733636721154,93.15878756330797
6.755022501551585,95.68079254302124
7.029615290191381,88.55929578076424
8.628446456725777,89.46361974914821
8.18163820849979,93.55533356962233
8.293601337224217,93.34103188585146
10.252643182727734,89.06299837190572
5.5543730481526925,88.79556310915838
9.327638130816576,91.71656765321637
10.351787256748164,92.52679536212662
8.181813991982358,91.36763509521721
10.297109869663005,94.85846816695982
8.425236340391825,96.0177153145528
6.757452626890952,92.10983229998644
9.032126798123771,89.63992954671092
0.5291065256935621,90.71982188148729
9.344247241389896,93.79124241058426
6.212454172812817,98.08431834136836
2.978455071837333,96.32655421381466
10.758861589238709,93.71156201587789
4.39809455727541,88.32484709117537
1.9649264975539555,93.248971364757
8.960343355941218,94.85506771426873
6.327963507630346,89.20748263286771
9.682017900017023,90.03898678911607
9.9321600313929,90.17792840192939
6.716453918979283,94.99248589222991
13.329117964726253,95.09614058592534
9.163046489363332,93.23060358954149
6.276782649656695,84.20693010066341
12.956034960977352,89.04260687517909
9.548766869230876,88.97815624044682
6.394676663427678,93.50826879897156
10.16104897804101,92.12104418585417
6.52767554822298,94.90188152808659
6.547943093583027,97.38763159588439
7.6394926486579,92.89668355982539
7.2131980469571735,91.12788334989853
5.017443954682948,99.81616825929106
3.4806282635439807,95.78209760143926
2.996490992085267,92.31650035924193
5.284049591937247,96.30784240719336
9.49158671221836,93.10699155181142
8.633131762430605,95.21591643725037
9.502529652302648,97.87214404905784
7.242672615033704,93.48743420098837
14.491777462596382,97.77882281120843
8.972917950784822,90.22670261614267
5.414914831827199,92.98380456443675
5.981198573002407,91.71551052150922
7.6159896405213505,89.98923905605025
10.328899397186241,93.53699731577382
8.330178169092482,92.61711903831231
4.321074708430142,89.24715306192508
8.334542030333882,94.28487656453818
10.510560643648327,92.39948825067268
9.229799114221317,93.49121124722797
4.54043311219699,92.44649646567346
6.731957226620814,93.07549904787228
6.522769553914555,89.73915764052728
12.663893004427294,92.78674490987878
7.130444996289551,97.52307137486272
9.272024428368235,93.20508202910261
10.071892372210248,87.5079449844713
-0.9822460197697644,95.33750772851442
5.108344192614393,91.298057399318
8.234854195622226,89.98653411106054
3.201870185853819,96.11187908910682
5.975427785237537,92.54904303934224
7.940735622788045,87.00518252685116
5.950952166230398,94.92846110018104
9.606090151706114,93.25448981518008
6.029030586618367,94.13366520258697
12.001125720281033,90.79454992757647
5.686664580876388,90.64080916355806
12.424041527137927,96.97582892932549
9.862491999674225,95.19442298051595
11.888947506433091,92.48664757869473
8.544553200200275,88.40301217200818
5.473435515596383,92.88550324721432
9.398117521480469,96.9245443674604
11.466277909032161,89.24202883286459
6.986506683082578,91.1934482214588
2.4322956378751224,91.1628025048347
5.166417138590764,93.14208546464374
8.18631600587153,89.3275438808257
7.914624585736547,98.04276717917682
12.634320548603139,94.3685474481912
10.102078436181596,94.86469884837706
6.669713765782284,89.92570718201564
8.336250355200725,90.7905987482922
7.701313875479307,95.0337760621697
4.9931468554137695,89.74216512163396
7.648140478878524,96.97241150922845
6.960610559519649,90.71160779993247
11.826512332643247,91.10186841987453
2.2813623066089574,93.25198720853852
3.9919283173007614,93.38399765665753
7.6706773252994225,94.52404713680521
3.5414353187999987,95.52805628720805
4.9416234799217325,91.83214469336738
10.557218508483038,93.93017345898434
6.490693847240033,98.04577032216082
3.6053847893193063,90.1680652931657
8.07704668134102,92.60239180956549
5.447755523048069,92.51856134983586
9.094984276363851,94.56454958683841
13.073880206046592,91.75696928118369
7.654428613724665,90.17149875965043
11.250121462011256,95.36945265303645
6.584207625494878,94.2303954168118
11.033278465641123,89.25792155157156
12.751976760898728,89.95778215073003
14.230526051960894,97.60092242537841
7.833372080487515,90.99461966218988
6.823511544164123,91.90815252616359
4.509374020835739,88.53711945915637
10.279536190463228,96.77786093702461
7.372426637760556,92.10619126997985
10.376138623722852,90.64610901826681
7.955508538195552,91.24127296746803
14.323247620258305,91.17003750978328
6.909900205827862,93.96116657273745
3.3935553522400754,96.00240716190396
8.607696552324603,91.13379958644111
8.380792648051973,95.62645025476196
6.866321782136779,94.64908281376013
0.3478282455169648,93.97104891864855
11.90226291270046,90.05718279125668
5.961066072939497,91.86239171122357
10.280114630276175,86.94535864920502
13.994627388935669,93.46043528127221
5.923116316462386,92.05920975868482
10.210263006194785,95.90286283230172
7.219937385488348,95.69505249825123
6.526625958434139,98.24303342835269
2.6501669064688835,92.37224211407845
6.27722503700855,87.75809708112757
4.796080659432997,92.70380873779632
10.89231713068159,90.83689238583204
9.000448785216813,92.0815293027236
11.849782256684176,93.3226183738881
10.373221467488467,98.20888019924162
5.119424596832394,97.63784163458267
6.021448310921954,93.26813026298186
8.31790398204446,94.02830397998423
1.2996198199452387,93.77117401373917
6.996311509680857,92.40483313726786
3.975736866334262,91.9238325263804
3.073278383407951,93.0487226520102
12.301889783579057,90.42040119271458
11.158003742372426,92.87659607035721
7.994387425335655,91.75030237780145
0.6779358577015868,87.52721735557985
10.824418832108453,89.52374757149586
5.030589283939635,92.31407337818135
9.044703031401912,91.11445445967125
6.966731738502641,83.09355227276495
3.772164984539048,92.83119055970049
3.1783004425786956,92.23602356004919
11.005809707582797,93.7176606577316
4.551784117184409,90.35000263846459
8.967086220741919,87.99746328853232
11.372229786972028,96.5258520202582
8.602059410954695,89.63017101490303
0.7273908436305563,91.99624185561633
8.264538947934057,88.77566493832181
11.046376111204626,84.36893936296866
6.232521386519264,88.1330555257016
6.032918566257309,91.62291840058198
6.071522073635116,92.83877285561258
8.198550895203487,96.21923916678695
5.756013166662317,92.61550117975091
6.998457383096907,93.12225643315891
4.344462994834942,87.4823897009519
7.830124252523814,95.78196521504098
11.34763140664586,86.38304301008984
10.361540892884374,96.61011282557217
7.194660310956238,91.8351910409184
7.646956024106614,94.15361572938347
5.510490565154091,95.84638461726227
0.6196651702067095,93.11238066227139
7.124453705181526,91.34096508419022
6.989466722640479,96.49641757457526
7.872774087195665,94.04332924230502
9.871681909134821,89.15818590276828
6.716837428760223,92.12920878026982
8.932156956276913,96.64437211805037
4.486746455548239,90.29769310982583
10.645727418632887,89.43400149188571
12.84608654971778,94.19290644712287
8.229711115516373,92.35009650733888
0.4554132708751437,91.77599378234588
9.786799316831452,87.47733231538302
7.9570612294765795,89.21748514777929
14.150917797542535,94.81185703175656
7.936624285603807,95.18261600232178
9.633750275123631,94.22846661920848
10.560539076874305,93.21887791845626
12.108428207285435,95.37269546874225
4.985927681337085,93.73990995729974
11.122897997558997,87.25231527232609
12.482800090997126,94.54284146417321
6.041145143017053,96.83725303224323
0.37331680396054256,90.28587420029137
8.64099212135136,93.92734831632127
4.7000043744120354,91.03297970828858
9.688031021785022,93.1620098011262
10.025995171323755,95.92107893024892
12.421544399834541,95.23827483903328
1.239003377815127,91.84092611414756
6.305982187914819,93.96849362282127
11.195683770493856,93.1094781915193
7.073020539171242,97.73856312984883
4.923905087176037,90.57286864510432
4.056690371427287,102.15065992428788
4.064429254813725,95.24476396436822
11.544721007704014,91.42517095620883
10.481234310058205,91.57401473046338
14.760477069529415,94.38589571727701
4.4905385983016455,93.92670381369108
10.010817602672779,94.5983915360295
4.492082583609023,92.65021385767946
1.8242358683009279,91.16292049726023
8.139377877078989,89.9924086240716
8.212210279597258,99.28294222031741
6.957390980138992,98.14740378323987
12.061900835658571,91.46179539693472
5.1564044667781825,97.14951194420922
8.094017769508522,88.26474865803377
6.582588031437005,94.10289518096293
10.879829587890853,94.63646002448077
6.413201060069174,87.81872300501777
6.793433877602835,95.97571794925659
4.490674835150868,93.3861965891519
7.078049319826224,89.59448248855738
-0.3388167352671667,95.65079824006115
1.9285039396295707,92.40478000202287
8.946508829803474,101.14063676220515
5.7523931900546,99.95413412707747
1.1862788320216477,91.90231564013891
10.346551117324731,92.96589982214346
3.5383050324099488,97.38838507517902
4.711660725315971,88.7240875053217
9.231548715414634,91.89776561888718
8.027433264812744,86.67665576742372
7.716741428287112,86.28006467620678
4.222408379708207,90.19203576802089
12.422465993118252,91.1119375133294
8.701534111840319,93.31507346848106
4.719463459546752,91.326256156304
6.48448938512917,87.13105770029058
9.002575983494708,84.38529838639997
6.189188647777753,88.52270284997621
8.947900612364576,95.79136310484996
8.143713226385833,92.21111700329189
11.858729080347294,97.12388043180857
5.5518190046600155,94.04484688423291
9.252190504750304,92.67803471053915
9.399344896494863,94.48515221110482
6.785373931105302,93.08515409087038
6.382410326120802,90.03313062343665
4.354657513737095,91.37554938405569
5.212612727869633,95.77822283203004
10.563839750529793,93.6020913536599
4.6437431686729305,89.86102983311332
6.420528445014362,95.00387062154383
6.953515896954376,90.8799990627152
8.766742629574024,92.72644798943087
11.569009345881494,88.32157517858383
14.153059094647361,92.06319844222145
3.7794919269296563,96.14298867815018
7.113977869299837,92.37614404370248
13.09840557619546,94.35079080664885
4.115714011977689,89.00714453829671
10.485842561496764,93.75150755233703
8.293995329619804,95.35710846155584
3.484857971759098,90.68121585279836
4.900397091280983,98.51066980702723
6.264397908873549,92.0159085276512
3.4157026712844933,92.36168368910197
10.499886400259477,91.63929719334729
2.118330267407001,92.31209362658001
6.845181592915543,95.55059796748644
4.1299848359879565,91.76547333986532
6.219718939002513,88.69989357980634
8.253164362434116,90.8913212304547
10.98158189836613,91.17929398662648
6.428311185262151,92.80331847067507
11.450195705185482,96.9464527612148
13.6296870270407,93.24423172032552
8.656579572000647,94.17615990121179
9.776245762076545,95.66349158704519
6.26214774277981,91.33938137586523
3.538406160891742,95.95454818338044
8.688976003548152,90.71700786889211
2.1807435080140056,90.49985177689791
9.98196168295606,84.78765349835449
8.659894236340433,89.44445433480904
11.098458399284585,90.89507716882224
5.189126095079392,91.32308194640426
6.401396403862204,93.59679817748194
4.04231681435073,88.08221960098999
4.338120457022697,93.76804039243724
6.231847472303783,100.57791054526002
9.275982927765552,88.37939814897325
6.214964923481846,94.11604730356171
8.792526620416112,87.11256806571743
12.558826991842977,95.04025518195284
6.987794172840085,89.22051722943029
8.792958378913788,96.95318954507282
11.062237561726478,96.83717280669397
8.739746995816931,94.12063334016389
5.597336579140075,92.9588781088691
6.73628632677408,98.00291406929527
6.812039190192499,90.19938720273085
6.767607914536681,87.73678204138736
9.349009569251878,92.0353532511481
7.279908517784638,92.76519766140673
11.941391595648472,95.34828309576098
14.272955831155274,88.96644909497941
4.322602763936237,94.71494067033326
6.302621856398186,95.20620891752016
6.196113356448459,91.5205145040213
9.522739856539218,91.11067926828319
3.576577715665239,94.93374963699797
10.17297256773417,93.57416362808843
5.4257714805525845,94.7317523612893
5.301833056208499,94.07744002206854
8.554916206361602,96.27342443258046
7.873648058377905,90.80201715672014
6.697097390510946,94.65420259510927
7.276711003364511,92.47703761207526
9.159205839274328,97.57133095414873
11.721271003464864,93.43464586455035
7.47645826290704,89.61542341396998
7.270139878779174,95.50452570097406
8.474488812164003,100.01799304193501
7.085827777060257,91.64394991450533
10.478312072601732,84.22071142975587
4.813540583187676,93.29490384136193
5.561973842744931,92.74553582737266
15.670379704892985,90.14155197682724
11.859137255188035,93.04549463217356
-0.09745183151917036,95.06588883073879
4.059533917092137,94.40946228173522
7.478906205655301,96.18415606123821
6.940461109494066,90.06268770704419
7.98127480231624,93.00214308783703
4.890405502529361,89.05205036003959
2.6454570316118815,97.38269109882995
5.270341717184054,96.2285988003868
11.179979412899485,92.15585618256735
5.005641766972769,94.74211428907032
4.934104729732197,92.2442422754591
8.414706997614031,93.36173341255896
6.636477613032479,96.98813494580033
8.167762455404079,93.01275309224982
10.018093927838171,95.64993143785522
5.348238067002791,95.43931808759251
6.346419296560222,93.12216868605566
7.406852869840112,95.62339866887146
5.100097645933166,92.04108670367329
6.500090753135862,90.67198779926132
7.501194001680405,90.70396357660726
12.438333644501064,94.18068915692012
6.6114510047283,87.50452396845048
7.649842453463657,90.6340755793658
6.840393519169433,92.87512610318194
3.8722217404751533,94.68474213524618
8.925161757321973,94.89444132333352
5.227632434152393,93.597357257167
6.5935526090450285,95.03183172195727
9.380320211221157,90.03668775638538
10.964473603472126,89.0613469100851
13.318924280924193,94.56035667681489
3.056116973453311,89.80300223957397
10.14825668890776,93.83556579665355
4.356131512423081,97.65576279079055
8.493064721846858,95.9102534924428
4.509042849078337,94.43844415136181
5.9449347645973925,92.93207332203511
4.781944363833591,92.27398697825599
5.2318727923901935,93.94075504609519
6.1865221727337,90.54327751062038
8.732607286486942,91.72645956524443
10.283222395273715,88.99180243803795
9.140408028905478,90.36609470815797
6.559159723757113,95.20984822479741
9.302020809294751,92.72437434895178
12.141671163298849,92.41180629445239
12.3181450962653,90.3593736288249
5.43737103913571,84.17166270755459
13.693199731891834,93.75755776527782
5.5247114939490665,88.02456384863636
13.639119117920043,91.99969736687373
13.623839599227658,97.27020602810795
3.9799028429757075,93.85200425229387
3.1053104583502478,98.69661101537314
4.904077623985007,90.39158323047005
4.716408840044782,100.13645093510524
7.279302782684672,92.16440060878759
6.111817619255077,93.06363418527317
7.13003742827617,87.02733467228727
15.521253088962627,93.34549720255893
6.3070343781052935,91.81447761036107
7.86419659392543,91.13419169641047
11.890290350284186,89.86612429736185
6.190743935001152,97.54152186389818
10.297900746320302,90.32969729184171
3.280494110499075,92.3836936087613
11.690694663487797,93.68934631986026
9.68495227497636,92.02236754849638
9.343083363038868,95.48277145368601
13.000387832767663,92.92327101594192
11.119087904427792,94.32806869200975
3.6775489661660465,92.53529474372785
7.105482679476644,88.45209012283117
10.146362703951908,89.7952988210044
7.763050602366724,93.55708083906133
8.457212490628898,90.24767914071026
14.268818931122233,90.01098381946787
4.008877543148759,94.16564638074315
11.740965794198011,91.73564388117435
5.427477214243137,96.1553395145052
6.589801177861309,98.57333239263014
6.302263656164255,92.267696894322
4.592889465608744,92.62875981572739
9.418007911846564,91.54384599304062
7.435854792996332,91.39905740325322
10.790771146379129,97.27106676888548
8.609467604282983,90.16727782555431
5.707698753243751,94.75201374133277
3.6166457231569873,91.23740842269011
10.685781834789806,96.87355192151959
7.464383593306528,94.76103866312239
8.355276179516448,89.5586950719657
6.377672632961867,91.34648913423062
9.25925708256322,92.6421400781031
4.098224174439774,89.68254651733935
10.722119833958093,95.90552763016188
8.785139786201977,83.98565245985296
3.6511060007992397,91.94336747556599
7.984553322016705,90.5451676806712
6.509409595592037,93.69179816829006
5.312043889758998,87.86578619339919
6.86317910935395,90.39493642671005
5.902024517128657,93.60420135752334
4.986926915322561,96.03928716753096
5.85947415052377,91.80463684832343
11.663043250921696,89.41823806081972
9.445643184605464,91.88187300419077
8.820132610693275,97.25269352191407
5.574973312889369,88.79490582106519
8.62084340536163,92.25167640159488
6.86814123322666,90.97958675106021
7.705192700608617,94.72339506230212
6.172389328376584,95.87293757561709
10.320267269101798,97.49777819322925
8.963605700247125,94.84485133412541
10.112273662957655,89.97498976843164
11.678806924512372,90.90172906080896
7.226240969222189,95.24092269106126
8.468674102153752,94.00481374829059
6.385542550359655,85.16385488745512
9.49140085329314,94.62009224487795
5.700092215836566,92.78844888694884
6.202623782971834,93.9540474514271
9.022990024128214,92.73917539939997
6.805449628416483,91.6514288331363
9.551692710365124,88.0639652465581
14.516339252970024,93.47706045282321
9.192752737903028,93.95356274763162
8.129977877143462,94.81479045150319
9.633531140141839,95.02388946160355
5.6958682845981095,92.11893178297129
7.531866293444027,92.19841621731628
5.811565640881342,88.44518958504824
11.68512243367574,94.53679322692794
5.721890439123489,93.74695870925493
7.56912476761548,93.22747715753451
9.674767804465066,94.88390041061956
6.609554917405478,95.45366709199963
11.645281309613296,88.17922204929586
6.400628537382031,95.58809948952805
6.881197009839892,89.96452598921513
11.999186018327315,91.04234720769313
3.8435567172564324,91.57094482134444
8.936846549973932,90.22520402469596
6.979809772404452,89.4625602374089
10.816481722492576,93.72481482041934
11.900879571192,94.43428193826634
0.1689967132414365,92.61871675460762
9.477152916200382,86.43643008142931
3.712147649550336,96.37610450153403
6.8505322403709314,92.01977188422889
5.401584500009688,88.13571643564734
10.64530138614209,90.38975512987366
7.522107741841163,91.57265148884059
9.0531182149256,87.69356539795218
7.756154370968917,91.93642746987149
11.110993111984381,95.58298853083339
10.067686532071027,93.95012730865731
-0.8974069757778889,93.55362322654418
7.23203542397375,92.71346120512388
7.457894782745724,94.33248009029852
10.181434159172339,90.70766768772005
