x,y
71.92993779131166,41.9154340819255
58.712154009923445,50.03350032520956
68.06902293885966,70.50249007126698
86.9320592421789,60.542262980559826
82.58810768399705,55.619003675321224
79.09268624998208,54.26911192865731
72.16572641177117,56.434459936999296
68.06785152124931,56.249094052939235
83.0564982756243,62.7684126917262
71.5636802597191,67.54636877415233
62.30451169494052,61.15051551414696
92.32703559167201,54.74576550568501
72.41187824038767,64.20485642959846
63.07285874072094,56.30352053857736
63.43281675859534,60.15152312973979
66.60956507646289,59.7933645034933
63.757907787072234,64.30688301339434
72.40263358321562,60.351979341726334
62.20211664309176,58.505082057406646
73.14588218337994,42.908804077418125
63.8069000111995,68.96163770177935
67.83127620369692,59.21202641942992
78.65355265749388,52.27397664127054
83.54113559859272,60.1963254313616
78.22207043621526,70.07368443145074
76.27407777713827,79.13835220583013
74.50236861883464,63.03009242273458
56.02521081759095,73.68930373958536
70.20909955881962,65.1639743484034
75.4050838836074,55.76686986243363
72.3711186902528,58.11208875169055
70.85465593283516,66.35765748721352
58.176726081222206,63.11939374175701
59.53031399366424,63.10715210881072
56.00407002729619,77.16510746805031
63.543464836916435,57.96865256357285
57.65146314314422,56.23905807422406
78.58097188155,58.85424137175665
82.11113866236867,72.47719912668794
72.91213367350892,67.78935010730842
68.92592075171338,55.9583147807633
61.48402128703903,54.3229163866412
71.84031347282088,58.643039490279484
70.17716033390658,56.325284234855
77.9385337323479,54.32682934333986
66.31692085325224,65.52620944013614
60.93793770663162,62.679936787750655
79.46534421208509,59.10485300096971
70.8034501033092,65.29015523645893
77.32322025600264,55.9973014197866
72.13834974994228,48.782944373679996
80.4903311258427,70.51530078313365
60.53223745819589,59.25108463846413
59.812339723909844,58.48870401610732
57.9339062261976,66.39863810988004
58.36412284790734,61.56566866981262
67.720357727363,62.68858163774399
73.73842306869517,68.6376382459597
59.207179075213595,65.97733509043569
44.867141356633326,68.96927727071157
72.91546161281212,62.27457902117059
55.29346220156149,61.87032059124835
60.0463709243337,73.02907550378734
62.0788645627242,69.3211852874936
69.153751030346,65.34902264268734
72.448204722442,66.26524686754892
55.45289564798649,64.65991321034025
66.06687693710873,61.67866015787425
70.83931043240342,72.49248581002678
84.67578783250028,64.51550006419711
66.85843405531878,65.74455632438034
79.09936047339319,71.30146180229657
72.85122080825143,48.826118139420956
69.8745428228545,64.47699431582383
61.758224089230794,62.678871727779075
68.59028439130456,78.42504561294274
59.60035030749679,53.70122011456375
58.55729341351657,65.33600414767736
55.31816187786922,57.28926935268636
65.68762159837456,70.0532831474997
71.63041423942471,66.43439913283402
86.34604063845873,71.00308910248302
75.06121157028396,61.55885597791443
59.13823821400472,57.32233547984579
62.52857753425661,67.09515267173006
53.048265245034045,61.10126514518097
60.03584757986705,66.63048559603948
65.65151580101984,64.92624551589313
59.0023989682239,65.89981181566111
70.71563147473493,67.89354003094347
61.31006477457056,65.49875678101255
63.82835862470874,80.58006270035943
69.16985708600615,64.53662434414949
83.49081662200453,56.429268279272456
70.50752058750825,63.291005642427756
67.56400708745676,72.10538735250503
68.88796387091853,80.02401762862307
75.02152441733625,56.87202867042747
75.88490439935347,69.0029750827582
65.90556498898408,61.2358056223487
54.10478684888086,75.44863697584375
68.78717083703935,58.74933606538705
65.09517362829176,58.290683109180776
65.04329292287564,70.23994490886729
75.80962101366477,64.27070565534069
66.85731466022342,62.04308452867763
60.03809201360924,61.00943258037084
63.99712891146085,73.57975998391746
45.94569260208503,67.3831884805928
56.563959447521384,55.47646371494563
54.86749770512503,82.33513116348934
62.64343350396909,58.63901525746499
53.88397795114615,73.87220726156548
70.03196821364475,64.29632792973334
62.33140810912162,55.31012450627734
61.34244617580299,57.790475196148556
63.097720711947176,66.05943009805159
54.20664536492403,63.9058523359948
65.60831629927034,67.50495769038636
46.73879214608491,82.94634338129163
58.55104849379322,70.20386961495363
69.26758221397455,63.180439705992384
70.82514474170677,61.65917048872566
63.36240365629378,71.95538903230137
67.7869743519675,71.57959458287722
72.44343712641522,85.19000703332507
77.45365028254531,67.9962700426672
64.57778170988966,54.88593756173088
76.67504393740087,72.07207319854918
61.97029273559009,68.31283170883489
59.53576095709632,58.25803721906952
52.67759782003538,76.18550200422455
60.4823026498825,70.31998302475719
57.69009533040181,72.31755571973663
69.3549102913804,63.75288204637371
68.29636269175607,57.933355298963875
59.13647751972693,62.94212986324161
66.87956528318811,64.88045398311846
60.0598064271476,69.36825253788804
61.51861242364553,64.6690776557862
70.52304171906805,67.00575423356322
68.80503839828887,60.2838092017133
43.05782297345756,81.00190461813254
48.924604043825596,80.16018004139954
51.14135281005399,69.69837226334091
65.71558829900206,77.04861457900894
58.73633478147342,73.29110072252098
48.6786257847606,66.12951101364504
55.280487497740026,75.09120204948776
48.16079450388399,68.28655043309581
52.02616078806698,67.21329686303933
54.084747497323015,63.446577947177246
57.4479256924634,66.83245133935071
75.59043101560506,57.85472477822622
47.191589388145616,73.27363752426604
71.39990318627683,49.08188225856844
59.068814112169804,74.30365169862294
40.908070995618054,74.67632017327274
63.60437070758606,53.241512180656166
63.61599283190552,71.42073494915249
55.98755375883158,61.771356944624685
53.46819394192798,55.440809691299755
69.37245447639027,70.84755464948438
49.23882378814884,70.39245851874021
59.62933099698203,47.91425361486432
58.89356181504549,72.22135652464227
69.51944154665921,61.983754656906896
60.22959208331548,63.56544510342371
49.82472693434229,64.72560922374156
58.20219282147706,68.47012178803148
65.218978747627,67.87741806723254
48.871418781903216,64.18323106021772
65.93952583892577,83.87220922099422
58.02811126591652,69.34994973863152
48.451455696281066,65.60522994049863
60.792704232118666,56.85057034459714
49.87447419574954,77.96965260940242
63.746346738779906,68.24225554890738
50.58635780145549,79.1095599164623
45.144457563904965,71.69129767737647
47.96541713518258,64.23688587860853
42.5882536925925,78.78444423096886
49.68757906804724,65.2702811766974
56.92467260680116,72.20398380249213
60.68998061621719,65.11015708046483
51.849293525942294,80.7529422361482
53.37547966812854,76.41657618629519
56.64596804898615,72.5357793235563
39.345660781694825,56.346123420173505
53.03986023611698,59.307310735388555
49.79308810549946,71.07947112707424
45.091196379000976,84.78964694556053
55.43337766031435,72.88254314318377
59.36784663934725,69.95013173686078
35.36169999251821,74.43046003948552
47.00949379063455,66.49239988139323
56.59571073943134,80.17822075772781
70.14340370728644,70.25956012892365
56.31771879623067,70.52851882541543
40.50983373195933,62.78785259041984
46.48577239093589,66.01220604894556
62.17099591366803,65.35508450963977
51.292428276438436,83.21232917846665
56.00415534773524,66.65393464006789
48.210910219742644,76.85420619548863
51.01366173335515,71.31343580822596
45.96010421035535,69.31425719816093
38.22010223348012,63.84421077949731
51.917359662644934,58.70542200333307
39.79758388070812,70.10017448871766
54.94487935198697,64.35848523898173
42.081192872777066,73.83425696449332
57.178478197114494,67.08662786230072
39.721247666680924,82.50810737603557
57.820920998067095,68.33374378595849
44.59058380708528,80.55696736500884
55.54113601319374,65.34361690612597
48.93311056972353,78.99586615825869
61.231393530809,73.48774599592102
46.11920559395592,80.72223239115912
39.42713608713375,62.209751674590024
59.623813698203136,69.47604500662155
48.313825828474386,67.17470453774256
49.05977442723095,71.56472984971786
47.04086801555423,53.42419870211975
37.410201477530435,63.87743996320581
59.91656001405875,71.76980385619433
56.419474842289404,81.21139930803818
58.40396296346486,74.83518061201195
57.332524304720074,69.15789239531394
49.99127585814067,59.10379435349378
46.032054087782235,69.72643739964961
40.89841748215374,84.00455349255957
35.16822548315561,66.57202252959995
54.75563688571596,76.88626883976978
41.00138147452644,79.25848210257463
42.86145566391636,65.63071302186202
52.29434961623215,74.95680210784946
54.95381920841097,78.11479459424079
45.02977573593194,62.19761391790137
56.085970190106885,76.74797431275337
34.20683353882386,67.92466971676818
55.7817635584364,71.78900343612366
46.88152183255212,69.31741959620238
41.58895362769757,74.57382908605427
27.981274812982566,56.32885911701459
52.15609298483579,71.04734307806986
45.2535756059093,72.12324243938264
38.34193816921012,61.86484387120978
45.82150443673803,68.27788110704722
34.14918087980847,75.70287669100989
38.372042918416604,69.21427181680465
36.789948496640996,54.768481887663285
49.01251849841195,67.75717729399467
51.99920082201719,65.64547995517354
48.18758266391833,76.33813922971208
35.912609620809434,77.8612364197206
43.985291030655276,63.96044031239678
50.15411610992514,82.39764006902274
54.817426712527,81.02078046166602
49.419838170978096,70.37043492297697
36.3142595256207,73.76868425606752
38.826035581654274,67.04758748611248
36.827277736347504,71.12339545363635
43.6555725630088,72.71604313427879
47.17727656967047,61.11267372913524
40.07746018995236,73.4238048627992
55.1372413171211,56.01568889581376
36.21171491824658,73.2073959024874
49.90391190684904,66.84033153301685
50.41017395632232,75.74139075476042
39.26752714684917,77.86438157700012
37.139017440913456,60.909273240438125
41.95400068771044,63.3011261907557
29.79053165810359,61.074485840775175
45.32068921793235,75.37652907553344
43.63054438568309,64.67996734427645
44.051278139107936,49.11946032672207
34.79607276512756,82.7394420886116
49.50462770203523,70.84156025351669
42.558892938815156,72.34788944424496
33.59611937282055,65.94196511313622
41.905681010730376,66.83230023534625
35.077317763351665,57.08739330157345
38.40134963382633,81.05595194475771
35.65095801811588,74.15722600451754
51.77302662419657,71.19229515194392
46.549473984737546,63.357134144862414
30.94372726541852,70.02261693027172
40.94900687515382,69.41508400903335
44.667675699645784,63.18143206880463
48.13185705966956,67.3400636824476
43.346510164004094,88.43999628380213
25.764191978056548,69.42846113191173
42.7545311262412,71.8781978191814
28.179614152563524,75.4913782924435
41.529579398767645,61.15136855999724
37.3498865344322,69.35258054833744
42.869011738549325,75.64376563076348
43.170342264584,67.70953890289874
38.2668008074867,68.34870867382347
35.45637023723549,78.57076700273119
33.25845590034759,70.25778699351531
35.95591561286069,74.00476139213892
26.489928997836977,75.48706406787713
35.598258008781485,58.09340934758255
34.03612395262164,72.42656755225094
39.37573491882513,65.05924904393272
43.94892060216933,62.70576030061878
39.96668796271741,67.32241510648562
27.939972696951276,68.29263997390125
52.104349442207024,69.58787976737563
37.18683009130578,71.08712599063998
20.4842240737135,78.85481778488918
31.150597214522932,79.8999852037726
35.912091649982955,74.66886376738623
38.249704673958945,74.38672195418475
51.15852270286641,56.30778942975503
46.118824043895074,59.04977087803669
32.079976758850954,67.90099596569925
35.05407540976492,83.46915823804233
44.58025352779542,73.27006203783895
34.215016583288744,71.37055856422877
23.67845969473004,65.51729599546962
29.354741697529064,57.76454502835746
31.786107841889244,71.83797695626878
36.97407949276447,76.64450313325304
36.0603802442901,60.69981835023918
47.86393264781622,66.90294153372794
26.30924261465199,68.88273567337235
40.84735503822295,72.18329906040297
24.543034808280346,72.47044366575798
31.741009852397973,65.5959173449714
42.70268231739935,72.68904708201309
30.791874987691816,65.05528214297173
26.95177727453864,83.85324606847506
38.75363693226127,74.67139760924779
32.78933919393122,65.20513853228191
40.979568241379994,62.40407875182468
16.365079870032414,67.56130286527895
37.73334046462412,60.344677516505776
21.749841531740834,52.30854627523469
19.24359870644221,69.96702061220475
42.857104691792166,73.6401544797919
31.31862435427314,62.60699033939595
35.87914156318841,62.89592108253295
44.178955095526476,72.05529024590895
28.317162371782693,53.56783174465277
28.3544208746715,56.2449642710902
44.61170995617483,53.85036337090106
31.913896107263497,63.21689404182864
34.32409502018737,45.31284392421907
42.16555887708746,63.459446962842115
38.08069559986832,75.97531514708024
24.653916318536155,71.17817393907758
31.190340170097375,46.783943559818994
30.690277050624132,75.16394850206729
43.66074285102925,66.90274693138223
37.197444479874704,67.56601353524913
8.257356146120038,67.09683020114163
19.093182732273885,59.06031162824542
32.9948462383697,59.1949242059249
30.747502205594543,64.08428410312709
26.42859721041222,76.4712381087153
30.062470071182215,64.93281586915612
42.13786730086703,68.5036324592283
35.06262518355065,58.396102509141414
43.678667151722806,60.73585976798812
28.079511064952232,68.5586828882364
12.727025030252186,60.26259470078664
32.900645047918985,57.179210777873365
33.082576379123495,56.197214938795334
24.1836251977212,61.27818044811908
26.33675718106725,59.15576292110627
21.281820783627772,66.6971931983918
24.207702425891572,57.014678440510636
17.205123572085256,67.14636813260604
37.853551016927995,54.300526842777536
28.178403579225733,72.47709458528016
32.899039427433316,68.64900892622205
41.36570427589333,68.07529705679205
46.733856956708394,63.659648152935475
25.258867963791957,62.908128087916225
30.488318481651067,69.06650208196622
29.664451693702546,67.74189965515757
36.322958739642566,63.14154305483365
38.16613529136397,67.87236543397772
24.521356711648654,65.63875686065424
34.72064945301405,63.119947033315825
25.06785670975639,74.02664836490271
37.68983676244612,68.92558532938192
21.57524757907189,64.27100351091725
25.30552987443513,51.9353084758067
24.827098604667373,63.734118529383814
38.791594275897275,56.57925966292772
27.2129359533045,73.14465854017385
17.243148716884743,65.17012246824325
28.074653429294717,48.34434678123108
24.925773178866933,55.42722973736928
41.004537783708514,77.83257833517999
37.27391638908485,63.70676912450894
18.209492255718473,54.86258527688361
39.342121342378576,66.95934821640132
29.25538599922317,56.50328917850028
35.74442422036107,58.66106036885382
32.68288404120185,62.92359650929514
32.44198785001833,44.20140732256894
37.463740770598335,60.47472661810572
19.282789676259185,60.74141783190211
40.54244877560465,65.16765811796866
21.629254115327704,70.3944322197028
25.864608166270514,69.12424630540634
24.170922375103864,62.737001005203695
35.20061519861335,68.8977346672941
35.107088410416864,62.08444448678387
29.063386415303643,61.6037576536241
24.79365796654399,48.52520929214693
16.013807619809928,66.60590754124851
25.82472455768765,58.465107886782306
35.30230702851093,52.04060415563927
30.544345563539167,56.45216234420667
38.4768286730942,56.97684093589862
40.35785154345905,64.98155885937418
31.455741764374068,61.82844868073686
32.54378556651794,53.15382370591002
30.659577245867947,54.898486334653725
45.84833686807009,51.18991342944899
24.43581889406606,55.155098045720614
30.062813794233556,56.709915264238845
43.694976468339014,70.64272339629832
37.51904670332768,62.14104524174492
29.484301199151112,59.6899250719666
22.972936442196712,58.52029631349966
25.372058469449474,47.44758100477367
7.076873999461107,62.308700994007815
12.90101331370939,50.821010004848354
23.074583786756882,57.71348303185648
31.058209456137195,46.52031087656455
15.653871639537938,56.76264931095789
21.925291709269857,57.36624396064493
12.259487808443092,53.358651111076036
27.47211274368675,50.72278557709324
32.14271412676396,59.90111494803351
30.25363756855522,59.53700081480719
32.15662883731124,63.44229886270899
18.630019390321518,45.4307400820693
32.62913563162748,60.22610428873061
25.998565653043716,56.704038350651
38.15717319064276,55.244371851205926
24.987368112766905,63.358021222150114
11.86398770809743,51.23982497526592
8.411572279186132,55.64147978194434
23.479128430565886,48.21430582934937
30.758603482092134,56.894248246978
29.442834073579853,51.27306108785326
20.439737829867255,61.98200312223136
30.24656169481594,45.88079546496585
19.650943272800063,55.91341444173416
30.46847351415297,61.351269166972585
22.083874964590773,53.277663064126266
11.49840962665324,62.43419826635568
27.780297142397266,55.04615165260673
24.024485557165804,55.16138524452399
29.99407180719664,53.775975612484885
21.54244123949747,53.2298506482248
23.382230602443666,60.63409190499328
26.805945257001877,66.62247513342757
35.14887068672912,52.06769097878053
18.582934980927796,47.13483040766198
13.11561073106905,61.3864628757663
25.868869074928256,54.04885576193375
15.32214456814316,52.43280772479056
29.22852037722008,58.87459101470326
26.744228536019783,58.10201185562356
37.831377144191144,48.97493194428489
20.799565194198966,50.952475100748174
33.42823699121143,50.095765187375896
32.06031178414872,51.99105655758484
27.32816559541542,52.51686181179677
37.55935471546387,54.308623452351
24.379489050958878,62.0057159685153
32.99455190298954,51.27795204838812
17.819980068330437,58.876072348008954
15.933734101410598,74.25482038890617
35.57443708357626,48.77237359616709
25.06861879869402,50.085081475136725
16.13838928038594,57.927506336808676
32.69758357112582,62.881200506171645
29.09051752247681,51.569204469385994
33.18538270519596,50.183745146033374
30.941862080586436,45.38438793741824
32.11492682464986,47.366597809100135
30.67853285720511,66.13340871755875
26.722999513587318,44.48047879050342
32.34218361918024,50.25402963298084
17.437606056796902,55.044844734050756
16.472720807299126,47.85774591484602
30.396090720402057,64.75752631876445
27.989654891979313,58.23696781332154
26.942925816109966,59.714529726857094
32.048344139334915,56.336576080225726
24.30035103561978,50.806089747574035
20.908263904184853,55.12909638624388
30.908247658619093,54.928793970722545
14.497792128152364,59.21094336780827
18.9282595271347,55.81660216123834
38.085082599342925,39.861332360695826
30.126096646498386,60.74008144128507
23.810795575670884,55.01941629223126
8.258750069876218,57.008892457145464
31.26945780772468,47.542039598003974
33.11182875565512,54.60866388255156
45.747954439488154,49.06077180096133
25.772667447493777,55.81117385268723
36.18001209217177,44.46072034875911
12.657417451661765,51.92614251010018
17.958893633978164,39.57795464996481
14.165183105877473,50.58054407570763
21.908945809024623,54.07409469884404
10.207171569932843,51.69826207554757
28.231387766587297,52.84727403981933
22.10951860977268,57.27786533428954
13.991069379525305,57.11584118698234
29.354228791998334,46.562183131104526
29.400358364246415,59.127554531402915
30.712550323294636,61.14768975942425
32.86675513280888,52.76402256670069
28.676818886380506,54.11572948475867
20.460935909415458,53.694281404662526
21.249077278808013,53.81292646443978
32.69140118116412,52.241582438588416
32.345577169590754,52.056068412744615
37.79669606526578,49.99831412146294
27.542767776749912,47.417753198167716
23.25780758266399,64.5347499845335
28.64590118360164,49.682897086743445
31.559759525590053,42.03559490191649
45.73207798347265,45.12549151617522
33.88509166286199,33.34367754488863
15.555836630476733,40.92878902207963
26.793670807858327,53.787610350432345
28.501307592069043,35.73187490209031
19.992333611673608,64.33934663169433
21.640752241007046,47.158175908796046
20.67677373305628,53.62195209631764
44.192785274604766,40.746309905009205
31.346114734659828,39.51414781314086
17.239306380545965,59.878378672126175
20.536038407846068,51.66683545270895
26.174369879973476,48.885175590785536
35.44973784094754,44.810453922857924
35.186599244293326,48.01887154464531
38.94530029080873,32.72512325801209
33.393408173210844,58.589739748807986
30.988206328875016,45.5206681685238
25.334626111408998,49.66217496756158
21.139656466905,48.60542184663787
47.35690675145008,40.76607301598512
20.786845571152348,62.82636362646468
31.592206382818713,46.162550277313
23.1843376602437,37.41526416520812
23.026628562139642,50.03116464902826
34.34771012118686,42.381494746223474
23.573623754116763,48.43991848674986
24.062648528743004,57.202786415440485
37.26060494585789,46.229345341552005
30.75637395673656,26.53458033135673
23.74436599036981,41.846875360649484
34.99088597882106,58.20292828324162
38.942914611930156,31.82588046945603
34.47692513846749,39.66645291955554
28.030635624776117,52.55499700079431
25.931428064729207,46.837459451410936
36.28665831442321,50.916754753808874
34.14435246760849,50.30523350722995
28.391066342429983,55.56411531142418
20.13407198258448,53.771255664471795
26.622414454098394,50.42385849972224
27.271765205789002,38.659882653636785
15.756486803412729,45.402339011919345
28.352506889928257,49.738124877514956
32.30882356916311,50.58945138894501
27.17951796648239,43.315027858641
31.695956209618526,49.45807411492739
35.72051584928207,45.114869807016284
28.026867591602517,48.5751196728052
41.7757962301578,51.777344576830856
36.45991584571596,44.082489239084616
29.656344883640475,57.164809486212704
36.05366736400587,42.42626515879599
25.454932514356774,39.14681279568375
37.91920408467133,25.383701934652876
20.598998215746796,46.671652219925406
24.848027625713804,49.60146882025024
28.04012027388569,59.09894215003786
38.775463258355906,48.44059662888608
36.476903125858875,45.35233499783279
42.411181406584205,51.27242694712189
23.136221518566657,42.57508242057925
44.23363753289257,42.7230434770701
34.91889231066426,44.81646261709579
36.39935460543786,52.49807523549393
16.1434273770734,40.709614559491065
18.432034220516275,38.29542361020614
39.402435001550835,58.180716782242165
43.31162371998866,37.01531592943798
21.96478906105807,57.97887270878834
33.35757290908377,48.32104172637814
29.152012326894432,50.555350925629384
40.42436736369899,43.153690652208205
21.71075636686649,46.12006772398694
26.603218088792996,40.18474132306196
45.951674358473994,39.96702195477758
35.65868257980878,43.886836847963814
43.1968727655567,42.13306764884017
36.4772552404667,30.1239048243314
44.025107335462074,45.926167199872765
24.287223839957775,44.853766821303815
25.955372668158937,54.97493134233427
34.792204292082964,41.10862187538362
45.72268049406722,39.02340397217842
20.942048699289067,34.358950321381286
34.62491422644418,53.12832097500648
29.664462958362595,45.383931986852225
32.32578559358118,50.186551984885426
31.9063034642568,28.283706937624284
45.54355796231519,51.644695531313154
23.642767241491548,30.82459805458734
30.979721819250166,48.89830890273153
42.55319595986021,37.286503508030876
59.469202105592764,39.08946172521456
34.1075205311185,40.65030634230797
34.27657948410303,32.70953804768712
38.583429081418,36.21888319342948
21.55297987450868,44.212856019264144
23.347356051003267,48.26918387023578
26.01539643012029,41.728667359136544
31.148103921704305,30.44552204949116
38.95139770510963,39.56031030412572
30.74232937722418,44.22233989059783
46.22989174128732,43.2796572251626
46.239105004627255,37.89682562748306
26.191592514986507,38.23226881807153
37.64232403213437,40.87160793432373
45.54932412201521,44.054489532700295
29.115766366287026,44.94283212547142
44.550859333772436,44.86780101117993
37.00292937645429,57.991061139200056
34.834275302531864,45.89381658313223
34.5412211922833,48.176987734209774
39.066820278264906,50.34294426543988
43.363265834546965,37.76525040705878
39.81409022416871,37.36796207840363
15.727299377261513,45.18955949724994
52.56147872322582,52.48657821623861
36.279932648985636,36.66710238279067
48.857149885585414,31.686618798419293
37.72855455470147,36.46697629517561
40.933514418261275,40.498875254665094
46.19879717755815,47.308206219048955
41.87356885852942,43.273474138002356
58.4149440394139,32.669745642852426
44.16949548873398,37.49606827420735
31.14152711392717,44.9435441596265
27.855374562039973,37.071302267086736
35.66473324652479,46.71729941044436
54.96593292933606,40.82495069796494
50.01355084482418,36.662060815702056
43.73732172577998,45.26221027001257
39.712838366101685,33.25669305303986
49.91153990059513,43.69480299154944
29.606466805191154,28.28083303056328
47.25003785707249,39.05219466195883
33.17297048264385,25.06592473475782
32.33327361756176,33.4289344381756
47.01973323867729,49.45897825725796
35.733344996954955,32.306390677628166
50.736624511997746,58.72050102566294
29.630988496614336,29.28293429999164
36.083525969337785,47.49307871519479
46.77667091196928,46.98437262250753
26.973331692659816,31.3753473029031
33.33009506553213,32.2538887148724
45.73395045153237,58.72541826415929
35.99736230673747,47.30067907308529
42.7951530359205,33.05512120191172
44.59706442074641,42.166866865104964
38.50025873322568,35.753637748350236
42.354656071631815,38.099309395211144
54.89949201912328,18.57314300145976
44.73666634474707,42.7891381522501
37.3028713624193,28.485131975427343
45.35473208861839,43.25665379415661
48.07899585937897,37.302058089611464
37.5858015543161,37.339411336367824
48.16239572599329,45.03787091824164
39.99564957117578,41.875142830662746
52.23063706945095,59.72193811423621
51.74894566478234,52.22815953979138
38.155054189756264,31.09286716206112
39.13334669241985,30.41199850358587
44.19105935708976,42.32308265331099
53.158699303546946,39.743040664607875
43.713871407320596,44.000989901228856
47.03453893242043,30.101292243144158
38.03651647017823,43.36981965439546
36.84695258813014,29.094818909378745
40.355685554482086,38.73317195165067
50.05829393893065,36.94381082792321
43.211479748456014,35.02651664381979
37.38095501660648,47.604800713944535
48.634043521789046,39.4742736520213
44.64690135879028,40.22002295203662
40.98412183412335,41.64767829027098
40.533408993808315,38.37880889046461
41.658821593803275,38.49965842367189
53.22220791393844,40.22465925054308
59.58772758402739,53.924457899275566
49.34688308305732,47.10731888946295
34.803233641014,44.655988328195235
57.67829992856979,42.47648579674937
31.539112285249868,39.16152653941249
45.85671973212615,42.62267544014612
37.78758492498364,38.52531057422105
39.05488976837446,40.895042896543984
45.23423377177197,39.65254549189548
54.47031380042052,38.64341886007307
39.15220833971237,35.648675607845455
60.33977584846289,35.4638791867944
50.17475775718006,44.35888240226132
33.37448790594766,30.723454354659232
44.84878132937764,39.30875398655697
37.6653754365707,30.63653247939475
42.699894852588386,39.018248859209635
48.59830958492303,45.8059775636469
39.90088943571235,46.34038755496389
48.364983329463804,30.114544564129005
37.80591831804982,36.88996119468495
45.01902989912966,45.86175062378616
35.54501558852206,51.530918418357366
48.70561488439743,42.980436257940426
56.06651771279386,42.61451860692012
37.394914992617586,27.64355177676254
53.59561977088254,50.50573566669167
48.75213629041251,34.15460422161328
49.065370813154196,48.68355879329154
56.86990295299852,38.294586177534775
60.05956523090801,29.078387298299255
46.50781050550937,21.787371280810994
52.48329288777621,45.783064507417485
62.07075263372079,50.725617119454576
42.15371760344048,42.04535424922425
47.977175839383406,39.44208505481735
48.93974889393818,20.69068177937604
50.72620339399769,45.05692830398006
43.5830565436399,45.06410788097488
32.531333156001125,37.26270924086317
47.32361026776048,30.77871261168177
68.46209467395713,38.52462705855992
45.87529272586504,53.57486030476924
52.38671905799455,38.1500954270672
41.90282624103307,39.89544837744833
48.42505859618558,35.67432337797329
40.707250654814956,33.31848370173118
56.411395661790266,49.171641490101614
42.03989559557439,37.0313887170494
64.43952757493744,29.45336135894679
61.77368740716544,37.40847331486288
51.90021603632671,32.56691589402984
55.83850676883493,39.69227126118966
53.685871896775915,34.40261922062462
65.46294155964063,40.75788312808331
55.65037110169356,34.27346379175687
63.582313558820786,47.24978150352279
58.07745214665277,43.24493879221388
57.196544809880045,30.165362114181946
47.16267085040032,39.660573166875565
56.628885632146876,44.102764079957296
51.10938180712452,43.68478326118242
59.753315153166724,43.416901426208504
56.87748200050938,39.56788585759291
43.45156264389665,48.93284694038701
48.753185178266136,53.065045105611134
51.7605482613271,48.41832593239551
70.71400520369879,40.99616576619772
44.778323073824474,42.34229238685677
58.974776156174656,48.16008597082948
47.26799629207061,60.80798210640822
50.05549677991041,45.21654682771944
51.42721245417864,50.529657882451176
56.361834161670906,43.39685011919003
55.35921223915836,40.96678229252859
51.830227166896165,32.09409860401327
59.971477881924,33.51651767465611
55.515124854315346,44.71820993525636
57.10458940675616,43.16265443715491
52.95714291067591,39.55210984758456
72.78337361423894,46.993228712785495
59.34306539913177,39.62638338598971
55.636584934446454,41.65528414963429
57.29133098141582,42.45533980484995
55.115141738537794,37.01893987744556
57.0883825780709,62.63615526581201
72.44795209306864,35.04743495407869
60.91754653022909,46.70824534659043
66.17952016472614,39.29045401096185
42.25754131443087,48.02073171635888
53.1245699263243,40.983740810790145
76.59028542137813,48.07627358648163
60.43384592710514,34.25576797117451
64.95498497855206,36.530589334810784
69.08384183895019,43.69298030069675
56.48006372890273,35.61749984687918
61.47257476030477,38.87954920289168
54.57754623093647,45.52735578544038
47.710253760835315,51.480464825117764
58.35140930053048,48.71821100502648
59.66496807598512,30.1335314749116
66.43610221192172,42.04708049413991
64.40514234318492,46.84734758512875
63.03547119824413,25.896378919991683
77.02000708072977,41.27188670410355
54.247370995215384,48.97467465978972
64.39732535814083,43.703230048853584
55.96319843612776,33.317065264178524
71.91843733025412,43.83796004156589
57.264960191640476,49.71080153162863
58.67799823127399,29.527590679127336
63.82269596750173,46.11261133895755
61.405819282788286,44.64712209489596
63.56041457908016,50.57200547597175
61.74910514546242,45.86499209149386
53.427048243238296,46.16014299092804
57.754336264703326,50.68968933184732
65.02111550593168,55.381753301703334
66.42347895059777,42.29833963770726
63.903647331043125,43.82228453138881
42.957267013177855,41.9035455354734
64.91854851102056,43.6115993700132
61.07341814706743,57.21956490899971
49.670320266781474,43.83499280813039
88.08999559373456,35.657027787698624
62.88724542775935,43.26545660581179
58.62890338390151,52.101982277032874
69.81581232647423,52.98506148284739
68.71025028204804,52.85551892200088
65.09404752253583,66.28937275912195
68.67766034908405,53.6788521697836
65.15689829827936,50.02751037614657
61.19677766533081,42.81027725100502
54.845462403938065,44.92226700285119
65.46161864007388,50.839955033529385
68.81075119092814,32.57842375932227
53.24284830157003,42.472153339847914
72.79617536859745,41.25248483609204
68.18587245020457,43.51231730013265
68.52585948624389,48.01401056777454
57.0354578656384,49.04183360479443
61.18302311039084,38.75341973107527
71.40794155978604,36.76759970080085
60.86279508529399,48.26375858918988
60.78539975017588,37.5384241360932
62.05531711005431,52.55864706402916
63.02288363876605,48.81308894177909
62.96215503096916,50.28865675010884
58.32627102419839,49.596551681813686
63.691993174193435,46.33543772001162
66.00497105302398,48.240027986117724
62.26735597543275,54.076246746076635
71.86661221670516,49.129191112262355
62.16159166621476,64.65065609221887
72.7116706130236,40.955097534886185
82.12420273341579,37.14386776317165
57.933887653548,42.82332078579637
70.21425513314105,65.38262088407873
52.42736508694023,34.390833867362105
76.92432480363397,49.79585461637112
72.22808311051695,51.16400886260794
62.200120339144135,41.513226828674455
53.64081529681253,47.50581899819073
65.08887071321712,50.550724108631634
61.53358958241105,43.11296069241427
76.26477738668383,50.219699943956144
56.27639953490923,42.06703852211025
76.35448282285225,45.49959984791469
64.2865439068578,39.595119082827
58.09118465930184,54.96983922942563
62.755134178573655,54.91342958277229
79.91730491745979,50.16711141105271
61.35099592290785,44.2038737238563
54.71684860727925,49.822404986010284
67.38515068437889,51.91824382878297
58.85593559162561,57.14352846796611
68.33932878047656,35.92205266271053
64.62179077708393,40.82590476365189
56.00704364434537,42.709041801439284
66.68062861772296,55.25706448631318
61.84508830461166,41.368626119582736
67.11924248883318,47.47667284616651
64.22789221468119,56.63345933146335
79.63984226511356,51.18067522376444
73.33853724757562,51.41229268468743
61.77345874546744,48.34906094743094
75.97485720052435,37.6667140227474
58.32902898305794,51.764624539709104
59.69276088715969,53.92694354437696
75.82589197979065,45.5218677928265
62.839134024423515,42.522484662998444
69.65662092069176,50.18690616081003
61.98611288163133,41.97953095656282
68.81026750003564,47.41101379536552
70.87608784021782,55.38172751122028
69.8967614435654,44.742371099287325
77.16424375998896,49.41758407068851
63.64748553858605,61.889155578492534
62.6715532559777,48.958486781135356
60.51445511671422,52.58498669195194
60.10640720858582,52.725978484906726
68.3659057654915,49.4705410316829
44.63002752208334,41.45863690761536
73.3345592314156,44.855481345498795
72.59241132573197,53.7522334794244
74.2178349865213,38.386667658034966
54.39490738790077,46.615982693086075
77.15039797014876,69.95131341069352
73.77845567795133,48.639790804635275
67.47718002975625,58.51022845632284
64.37375815402085,60.192477525783175
76.60921403805081,56.09725116969878
56.17547666488934,51.57010259004285
54.063268058833636,56.97627816043858
84.8623670359258,51.22504294761184
74.27313601259584,55.59708061004348
77.34658521782757,49.08529945106662
65.25675010243064,61.78938176916358
52.821350022366076,50.36099346736502
81.48386632846403,47.66718846378564
65.99670821243826,45.21364905561795
75.75779980809978,56.667132179087524
68.93274430812744,45.383329697387765
56.032735020856016,44.60187657057685
59.673154944993904,50.470263183511314
73.32127582009078,59.04623221488146
68.05309525919009,47.51766773844749
73.18960355503228,36.328518457177836
66.90605535420906,41.5286932899061
69.63104009359546,50.228463100236276
69.04176806030323,49.61496664797296
59.46757795905507,45.492968289416524
62.84824715333141,50.945013774824965
65.34633489063053,59.339269010105355
78.50844153238876,37.21437818849211
60.38509882324787,71.8047826053772
52.818616730668516,48.055833819022844
66.64386413476727,53.490116690325536
69.24889269211742,61.8697848192055
78.07803155786101,57.217449530795776
77.72022534173973,53.48675529625537
77.8933968437229,54.33081477315248
71.94809723070391,62.48959734376083
66.8906280353107,40.935531914391326
69.87855922226586,55.241858572412056
74.59531336376324,58.66002868714853
66.20818260527237,41.205322764197916
61.03588944215242,58.64025889859994
68.68119709041457,57.57909409380015
78.98286905688529,53.24613721785422
58.029362865590734,51.45066188590407
64.86875626271207,50.2663507824045
71.34115215215681,50.683353022276236
77.44469583289957,43.61924221087959
62.788707940463716,44.31210619164815
72.74777422376296,57.370868334034164
74.9748392161857,60.56965520234752
75.05220178727161,55.41965027144325
58.46388132811455,51.395628030632714
66.7068448559677,55.12070967377047
77.6850192881181,55.683323416914654
73.08893698656935,59.26336963415271
75.79184308079937,65.11416672707465
72.03403238947017,46.63530182643843
73.12845798504577,40.686528456502
69.83937048147021,56.618290649310794
60.94695352871646,59.29195197228376
75.12566204751093,51.99057755365546
73.19727600683377,61.259932926650215
59.548046333387305,59.744910873057414
80.12347715791007,60.359062122977754
78.33113059563982,38.27086305428466
57.998451691114965,64.19332516123491
66.75323330569326,53.80644375794829
64.41747654966514,59.32605767614359
66.04729587067834,51.85242473252653
71.43379212829701,58.27699969495536
66.96346352365003,59.41451125457285
77.37434327637322,67.55231237989246
74.44204871974098,64.43802819923339
80.98266944368376,57.79398841554272
65.35760967378025,51.17420842803066
70.76529637726519,56.28721570406997
10.383693246444974,19.503625609528818
18.314168775164795,25.089564708398918
11.288728100466969,29.233419673569195
10.859483798449975,24.363094910110178
17.54147552440888,26.01602677405089
13.464747762601222,27.95132597177583
8.961271646946106,21.23636056317994
13.903432813525328,20.23472517119569
20.42108489637002,25.002311431073892
15.943284234314138,28.133671899885897
22.21973919859043,29.426023970430478
16.279952100125104,27.118098500177677
13.32049244308977,26.587283218284664
13.552249169742984,36.09907248106879
12.034244681258551,25.345022053111073
8.411807138867484,22.31933755111615
1.1429704898619821,18.728759960394637
20.018496354860048,24.176070242788224
16.55157471967074,27.45386450888156
18.220864607757058,26.68104443785721
16.428929139135953,20.543017621810034
18.20998655129559,17.771720338302384
11.286299467572203,38.02559089600091
16.278387553290898,21.502289375834167
10.344768225965453,22.018429867170017
14.953966653410601,20.553723844043823
13.632865277686939,17.144533561086384
10.093857477451184,20.01397379390364
13.877355114118782,27.254912657177343
15.04513813831794,24.79499776354058
14.154002930880862,24.71946019635392
13.807797183089399,32.110481125682696
20.920730730155853,22.989084196127678
15.672762215772735,34.35092912204889
18.763529694971314,21.47038195168018
18.238740428099273,24.89222293689952
14.433631750815255,23.017385197860857
11.899717186142343,31.598279238717367
12.983584774813622,29.399372859829626
12.026798317237414,20.61749284820295
17.961426878786668,22.704446256175846
16.366155120938398,20.924674387147267
18.495177005228253,37.20517888576337
20.851640057795017,11.08395248748897
21.907393386504424,25.137534595383983
16.505316657785404,13.396749292926728
20.813058553673685,27.568628850992585
13.056588661176885,24.41739905760796
16.93778429849398,29.261902689340612
10.954966821940044,9.487757515524695
11.941192622239365,32.44047590050466
20.604445630025115,30.000322136569807
10.380810221566357,35.627246757622
14.353765081729087,30.01290934905806
19.414129151368513,22.559225767039088
23.23799298553442,29.02345469172398
12.359830543445515,23.79703304085332
24.209082597381297,26.197763041147077
19.252217809039102,23.483050863088565
16.89421411179242,24.738073857596078
15.999824415814208,35.249668367390825
8.175199254371837,27.3627289800897
7.889448980475328,24.315767314547294
14.077487601132036,35.37245319242636
18.47234558385857,36.74683825110832
23.260544963018013,16.171802526379047
19.169176120662208,16.26104295462821
18.701782832594795,21.93586248266508
19.189833422728523,27.77034367415261
16.390388827755583,31.331104861057355
15.25262796042039,23.92929130353509
17.82694786696636,25.34790756336241
17.241058420589983,22.31471639774807
17.75684564240286,28.06551609759738
13.612929771671114,17.32147763935524
21.210417977540487,24.02704898181468
17.529516261957866,24.202546176610152
15.848667969852244,25.289520262229605
25.131496252680478,18.873069183766916
20.34051835467788,32.23860199180897
14.264095738252632,25.558860979477373
12.018422255140123,27.731325684255264
12.005909400999583,16.788127346926608
18.003842251835923,31.776540221691814
17.651855787459336,18.40875474424901
12.689433477970383,34.54341767637969
23.45557472518908,30.560801701599374
20.97854933896427,22.77743017882782
19.39523566668913,25.40146149221045
14.927502967370893,13.864205981643023
5.836233051359727,30.60563607105349
16.13382680874994,30.849930097296603
19.32928881856145,29.984945552416214
17.44149038108779,21.96477954168571
9.115629460708394,23.85142596617867
21.74758845581321,37.65589990397529
15.55517990733177,22.850974063395352
27.424635866813446,32.32180613915252
6.108113961187028,15.411248287145897
10.777266406869105,26.849968744237284
24.162748040432795,11.106560369554714
25.68056161667889,23.640684918946377
22.960761619303767,26.733017739546632
21.48630837086808,21.30586538848134
13.016215703688662,30.211775909396728
17.52977827842512,29.701139220475497
10.315146947415478,24.432630999212904
13.508370753002264,20.84925930827803
20.75300023466175,31.26099762720131
13.686306386538215,30.367746230028786
6.4965172970573075,21.15886678303264
10.356951080819695,19.69843890226157
23.703112203895415,23.470133139501442
18.272466255187464,26.377017091335993
20.718223800237382,16.75522831497099
18.771222362751665,29.930088032710515
12.869433955982217,19.15977507810689
15.256152992813956,16.18489121965199
21.031630030527182,20.481211133439956
9.112426176597566,25.80351886594806
17.497167057608294,26.910782278717075
18.289767520704483,21.00869834293754
17.964432958914706,24.022033347247874
18.899276980959137,19.210312109150514
17.117695027888654,25.556224023836513
21.8055265255271,16.844428089299406
16.583024245949233,26.803711617078598
10.026624778351614,27.639836196441543
6.652812376287411,19.68315765282831
27.180567206538022,25.084060315563335
13.217888223593631,23.595683128824607
24.75047181231983,15.396437525522277
16.939539725285435,22.383145298713927
15.380579599391227,26.023134880828067
20.22567313115042,33.09709021171663
24.62013200955782,22.25057754149545
10.898301303208687,28.133042661271535
12.607372245158004,23.645944595244583
17.39278811699143,28.990525897021595
19.240224476347834,23.85500577949477
12.667224160201394,17.727069196141255
7.065939197598276,27.055803773443408
24.876534414182068,13.63794919074827
15.0973290601462,17.182141029759748
8.076991321058097,29.735338460214997
19.08225461023765,22.91423353569273
11.606655028386832,33.78745525767334
17.763058277978374,26.3121339243097
16.49153396015243,23.506931412304123
17.161139781110624,19.980593626379232
9.836084774608494,24.017095511721095
4.447572925815249,27.57909961691972
16.714613671584175,18.710401881919633
18.756539041286914,22.60904072762696
9.698287165450235,24.711170088157164
22.65815888733008,13.992104302951788
17.72774267061068,28.878272869698936
10.574235202622532,19.411513119096792
1.7179477034450379,22.091099046539455
28.46709179556394,24.07256805705736
12.319162885823081,26.070465203433354
11.455283774721902,28.87407960660752
16.039691262031578,27.22372418837602
3.3049397742938584,19.96828845492018
7.2537994953325295,20.96110260533489
11.478423304642632,27.283426979659485
14.191696167985636,21.55841151915987
17.541694969438858,27.768977623874854
18.91515438883098,16.854658386867918
6.608826237034272,34.82249085764921
29.2586109225728,29.05521195336944
14.37673988066204,11.35476513277301
16.227574016675472,20.51980544378169
18.480922006687784,31.547234948756984
28.16819056358662,31.287975437247393
18.31727558057117,22.15509998257925
21.75851295387405,23.282092428288752
10.88141768511457,22.770720991637223
22.89817082250665,27.6988298829242
20.256794473659742,17.237500437057165
19.269299302621583,16.124979981154627
18.59277852507394,24.3595624003723
22.454695278514805,25.102999113463593
11.2403944430942,24.496838298748603
11.785916501991057,30.408564238288164
20.82073133470084,17.82922611443281
20.35422965203209,27.682851497075106
7.566985402944461,17.964608698965545
17.627796111907912,18.838956746340028
16.388695367122793,24.25582849537875
25.679254683216374,17.76119931473087
10.76735622013868,18.286209744348625
19.52341931867085,26.491414764086247
17.390155484126293,22.05015456913725
20.174818073479074,31.934646727136865
17.85636001235774,37.824445364958024
9.96039614757651,23.696145057499816
18.16219873913042,24.93199008827914
20.2485389632786,17.135664668062393
2.282539248748055,32.46742670851086
12.339444623414701,26.847657846526893
25.157534124415378,17.317256037790383
15.382328215940122,19.90458518727401
24.874392773037744,26.00855617207656
8.1894759768362,26.659401075424938
14.478635141745741,19.90047322020976
26.6242592358786,23.75679059647468
8.495051466671791,25.63816032917306
22.48762222889316,27.932056135400508
19.413933148415754,20.136305759633714
25.977836224679386,28.79206346394124
2.990283555623929,13.278189142236055
12.933235624846224,25.084777601793963
11.936393484574586,31.660215623593494
14.106476847344897,26.39066911271089
20.33712200270107,17.599520061095273
21.124693226635024,24.860131407834984
10.52245211535361,24.169585499652722
18.99996432767026,18.602300049629996
13.133013507800264,19.81491586496834
18.735561497255244,32.638966670252586
19.400816680457247,21.02431241828227
8.600167230733678,26.97151243065848
15.18395148082886,26.044388804483162
12.37810199864976,22.821303677033406
18.543132231741772,32.626467001528304
13.743817453210111,21.73442390851234
12.021554101578158,27.147462363024193
9.973194087229558,22.923879947418158
19.16589138079656,25.133271739958243
14.62893592491375,31.228064535410176
11.475243052344808,28.841716915382364
13.620070130678638,17.7492458410886
12.892327679138358,24.361869651060864
9.806606883342095,32.00295937573747
24.54277548000791,21.256258567655784
10.785457474642858,15.61935850387079
12.570890000508125,29.464863243869146
14.64991908534221,37.42392115791372
23.058224975116065,21.448770004388937
10.495779336245057,24.26559378181885
20.85767287998348,25.0377400887077
17.554280993579244,21.074034695291488
19.433123629769224,15.87765469320127
12.469026773379667,22.349506933430956
10.867852733160568,23.838574886336744
21.625224457772642,19.671609393248843
5.247029215163591,29.06050208955685
11.072833791802616,16.235695383375937
18.156702889772202,22.323594827255796
12.532099223939412,27.29819277654633
12.254651327655607,22.50709582972491
15.646410894521912,27.449033729474706
10.240203911229408,21.538941119979874
18.77204871066768,30.60222365559928
10.368660476733558,26.281152992864694
22.5700717720128,24.900907968000734
22.681476679051766,29.87733208901141
26.438674206011363,23.772352473053065
14.585123919886376,24.630046188457595
10.487570619336683,26.51489562149819
22.11612043948643,27.422520971912803
11.93420743267488,17.863767244217893
15.967518803059445,22.438230613682776
17.52708522521691,33.26209264884727
19.38362136195331,30.79374832891034
8.591469011449583,18.809921156192118
14.426323150110548,31.304883880415517
22.03736102024044,34.155948139957204
18.53982191325291,34.320226354236176
5.699551855529775,29.35783124705356
16.37133984247416,22.455560097101003
14.942846201657122,23.234248216142436
16.955845081101206,21.215357613065418
10.061051644448437,34.226763583363834
14.771603602058853,26.727702551622833
18.76621311678972,23.972003627187824
17.66069718565237,17.82436817955614
12.625097406178721,22.916709879725705
18.926736075832995,24.578065205780362
10.173181672403292,25.33113127835781
24.51288132440272,22.73741460383748
9.45541000929972,17.69293552179634
18.610894595391812,28.46427191628588
10.387733380939531,31.68225094142487
20.249689143146924,33.9842057394341
22.730135427387754,20.133750119807395
12.400920894297453,20.946626943492042
17.61651198690052,22.301312342786566
19.938873027648775,28.313588820684597
19.15252435622578,34.06332146720179
13.468882701399899,12.985707708114468
20.091188620090296,24.60767002143758
17.83215980671607,24.717208789268366
5.957361433166856,12.39428082128434
19.404658561975367,15.860483971869273
7.579674709436675,20.04535953105762
18.442024511932416,27.203125393825808
15.46948054802087,28.622785667657148
19.446917206302683,15.827450206241508
17.951866383025944,20.53176103311039
16.642559809858327,17.80171928411286
18.514223504391474,20.240999873010416
8.943064549939965,23.68325350583668
2.3024357805373086,37.31693115256766
16.28101675024026,21.850738499956368
20.037320584086693,28.269146770248472
16.05957232473921,24.37134924659802
15.446156285600166,22.58915588954473
21.39117828626548,26.152971234253556
11.185088488754829,32.30349206253339
13.375726985802187,25.279188979370055
11.529876581708459,20.86023239033923
22.259100959357582,17.28583241470737
18.486214431152277,27.636610610332706
14.948719577149951,26.740835706917736
14.892971578535228,25.732105213527714
13.868165072440855,18.675106673797615
15.227099343207039,21.04892328813822
20.063647462723225,30.373485618006807
17.49044701893877,26.063414315458942
19.701861724178137,25.382754176986673
11.940419346333364,22.589548083355368
10.294353079016197,25.85435898805357
15.830466966567485,19.253365700618563
6.168891496122315,24.614770441242214
17.33951590835859,29.32673909244596
17.767586149700122,31.814587696033737
21.571489378880557,26.864734542810425
12.317040958398255,30.550792271417066
21.216120167801897,15.99276646432726
27.86334489893878,18.065736879142698
13.326774015746238,22.876623793863764
22.897781422425382,20.565201256516044
29.000125788975332,21.342363573433097
17.768733429809814,20.611265209652583
16.866993330574882,20.178890523581718
6.827152828566415,29.001115300696803
15.946340280753406,18.688173690997093
12.509815165611283,20.822870263008834
9.955639418550344,22.69034680112238
13.825861587703455,33.43076510105743
13.103737463762174,14.36580353460878
17.081149640092736,32.38057207311865
10.098584200277953,42.2809342977085
20.42497252004616,26.52706638401457
21.415303243169955,20.4974509038574
15.628720452877173,28.707713946017627
19.680655658054796,23.891471043878305
11.894897500390343,12.257869248106516
18.599439869587357,22.962190724560543
18.40306471219162,33.46209689552856
13.009189784531422,25.303033326704945
4.51930358517094,18.36247927960396
16.936779463609003,21.271978334438405
16.554844263770427,32.502710947813725
20.340767512149075,23.89973374134141
22.60618565163681,18.920440542655392
11.468048618319932,17.48374894120773
21.967618974210396,25.718521483348724
18.230935822353064,18.296816594890117
18.437624503080936,29.277989456134026
19.898561205644423,20.79657195875042
20.234258021402574,26.954343337171544
17.72222340888392,21.30705321700078
7.98177693215558,29.916950200048912
21.08022634347515,33.197074092558005
9.977748488690029,21.65334672002659
19.18111098479992,21.635159302741418
17.18641091768035,24.74364926221931
26.80608990992509,24.297938799351734
11.705807168781304,24.112691633510778
12.833641756380501,30.501154318406822
15.577174554811089,19.819577740944744
8.489505514190867,27.13442717784843
13.236953738552154,27.649807152463243
6.028168756439166,14.22511699609287
14.684107687349544,27.278663915635214
6.189356932929009,32.419287792059
18.900288118568092,19.83574888321358
17.322473676932493,27.002847603270602
8.356962091902684,24.243830494096905
23.600030288759115,30.29378796773149
14.9532261060694,25.672747875816775
14.257588817665107,31.070846002302485
9.00812295861669,22.51298377479977
20.09823736477402,22.007178270162502
14.565694431840933,35.21487292861639
15.055726259414481,24.26969007607379
17.912081971345227,28.446130257362103
21.939701326686734,33.92644324109865
22.115476422973863,28.09906934313792
2.708350606926972,22.52999627433939
22.546905431215063,22.14032122072109
11.14851418069567,16.70210594186311
29.86353449824069,26.87739175244519
12.642476025380368,26.49119525426527
14.377705749282681,23.412263918506795
16.43130477367761,27.666541459636964
10.702553604222578,28.860962371070563
10.244522867232874,21.625559010196564
22.74045037250249,15.349762328754911
17.148940375999857,20.196600613180788
9.377442944179784,24.81040718955987
12.083874450652088,25.991990040534304
14.404026008793132,23.497800824152723
19.088946296630482,30.13965506010553
10.915080574748302,18.32815024479133
15.93469249503875,24.690834455960083
13.79953869268345,30.437917706459164
14.943809296003757,20.242802201891585
16.958865227445656,24.70948494034338
14.644693454690916,26.059155197718717
13.321672592167182,16.537279565719402
10.762563227603534,29.829239774993756
15.94730841004929,31.08466005038292
17.417814320811548,22.042191901441818
20.780847125368044,24.3949633312599
14.268219072493192,27.59688384301381
16.652067337027432,23.755251896289206
8.173504792506435,23.430516769922843
15.590671162722652,18.55019823532951
17.73876946812727,30.467391412669116
16.453591650692324,24.788114591383245
19.908228441163594,16.68421648357449
12.142189463944622,23.350594708427053
13.010364738597353,30.33497989791391
6.511470378004143,29.735623712050536
11.860518962786394,20.8084588983466
12.00749482770988,21.278310040912586
9.64263682347736,26.226493289502315
9.93425989028196,13.479707144106234
20.40673101856611,28.799803061355345
15.111850179703074,23.599988546442177
13.80396731947808,20.09899385264362
11.142066996217086,24.54818653239268
10.163256824488364,26.2735511093046
13.637300824002587,18.828640053259846
18.866996385576137,16.331719013740166
13.67869804686167,29.970435159664042
6.82975078497514,37.415552199943264
22.47487096724417,29.533339939144675
15.874762469266198,18.25769398841319
15.599504263950486,26.31155542362995
20.30741833742897,23.534438472481128
15.760762920264776,26.206626479316128
12.334106495210701,20.579963635807168
15.20335115795746,23.32562142791063
16.15737092077886,24.90542880553318
6.992966632501627,23.514598843533424
22.99469440168918,27.732577957828145
9.756177221167626,22.506149390156903
23.475199346312458,31.67716314562906
17.90613636268255,27.652658866002973
20.99107362988667,15.522046738579576
14.913671239049403,28.66914733353697
14.0096092444698,18.902977770951942
16.137044936440326,29.970753536904446
17.4845470588529,20.166819836556492
10.20005659553961,22.09017908279539
7.640811600313949,20.819235038533208
17.56320594837167,33.75677122958879
10.553480356359174,22.643316811435426
10.546926859659155,31.517520237412626
19.168395010934788,22.88967120301276
12.831877795828913,29.40075377801489
12.344683433053934,22.298222215861802
12.28820479273533,23.811340409567137
28.0665728718929,22.91149273749642
13.514142507542942,39.81945560043413
5.933015332890674,24.196470248608442
18.302539482217586,28.36371167474428
7.198216762913477,23.13311161242473
12.885629888847502,17.432832440875735
14.716591759026524,19.655787385457103
9.459896139039024,25.158930536491606
14.435933176040463,27.851224414659654
23.453669446689325,22.464957380013487
14.530430826942306,42.827250571544276
5.601810483852228,29.32894866276741
18.465645396982353,31.394515756997563
11.8506171854361,30.02361545557359
22.816124632715088,18.790037214061826
17.796651698557568,32.989619993090386
19.49516663994403,30.24227289140073
18.98545903482015,30.942362900907828
20.733916074603712,23.394991382740386
17.795000635232963,21.452426062110526
6.881031682037788,19.979420119858514
12.142188258028797,18.495875431189457
12.523176330865113,18.97746321659588
19.445139367729084,30.582359951043635
19.729616722528846,20.601233608262355
8.688117074405223,23.37163034225183
14.578691318454492,9.690845133625643
14.892397396635815,23.383693367764714
18.924684407548426,23.773420146136
23.41341455861607,26.14216315823647
20.72516441585273,15.211632867974485
17.797290930397683,28.141617865841148
13.99775780293798,25.76801017789528
19.73023373415989,27.464156732914315
12.394890691886257,21.429845325009115
21.956369437333457,23.92358040068927
13.478062078739232,22.152027007169053
9.302625120702142,30.475899371308337
9.315509799525794,26.81219467335378
14.525055126560908,18.366889256073367
14.640035930073926,26.52766122398888
11.299654612299918,26.774839489776404
9.413345912529124,22.629288963595766
23.533005791811142,36.8249850131609
22.895138628531374,27.928279032332973
23.329273674974164,22.053261196463545
30.370532952367654,29.610136551864297
15.893092113957946,23.92736002933624
9.676216566819587,27.5342851111499
14.534401582906096,20.631440729161987
11.46156080362245,28.609583641528857
8.919122926658904,21.117710254920762
19.590376416841337,18.012609539760906
14.591985927184291,27.054900123167275
11.408602937196989,35.542189814256616
20.249873897864767,22.842968384741397
13.843969449707467,30.05327681259348
12.159263219484686,12.743221078300879
13.969985187107339,20.141649095427507
22.854808563010515,27.564395773491974
19.847360682113038,25.497351239866298
18.477882703280788,26.116265476965786
18.73279072678188,24.24199462039614
17.35772518387608,30.24087868180766
22.85393561887372,23.538683058845848
22.049058785249116,22.08830278126236
9.086273895783535,18.288776986580693
10.864741154975395,20.616159686095767
15.354953797646264,20.662053222157212
13.714666525929387,37.77078629746171
25.46196721253755,20.228074954492744
15.125165010897184,18.57196280639412
14.528399787750622,28.173341338046313
17.543093178402838,19.831308967322222
19.640794763931257,28.049800517567657
12.479696554088079,26.328235713715138
12.936469245812344,24.62407442885884
18.184732305541274,27.51461520547444
18.266107288007117,24.03654184416788
10.168273926301197,16.251723851263307
21.96857569861362,33.3033383824179
13.69281730384743,29.28409857112381
13.364538048088495,17.67113388539637
17.065908709467465,21.570231827161948
21.414514809210637,24.44015883736493
11.03442078323149,20.037336168540534
8.275097842689203,24.536040112937627
17.921542486723972,24.198426908940302
22.52702715501179,15.90246178417242
8.023794696228311,24.874576930728118
8.824002363769395,19.968818357631758
14.321378636399809,17.430682295946877
21.702271800318663,27.994505670283882
20.495242805115968,24.546954149598754
18.605670477646026,28.055110294750357
7.015214083711969,17.685368823953446
8.111796390649605,15.269627743597562
16.457518346367458,22.694752235248018
18.435661507038432,22.18830625046345
17.81192266715466,29.326735857798738
20.651910008074246,19.582447773751564
13.893504664540949,26.388928019534767
11.278721946402058,28.82660489942877
14.045373930248843,24.063225916788344
16.659816551594584,19.99463915906155
18.76186401867615,32.00407742251748
13.66041037941197,27.966204520704345
19.584976254242044,19.911106589978562
14.91274270970465,20.057562072544318
12.49880674988469,17.9551335124577
15.842522685179025,18.004089488438048
7.396410716227637,18.05714367474088
17.522264426107835,28.174564679386204
15.804314669055202,22.405077069948195
10.7988624855267,20.746434296879222
18.039171713218714,29.28886001330051
7.103185173102968,19.46955024990382
21.996402571630412,22.347736844893188
24.078601165763683,25.336380623249365
4.390821453234365,17.426650113062685
31.726213689204073,22.77786145960911
13.029714063889928,26.268140181063412
14.133453077129115,26.45775666250323
13.334828765761687,28.619591899770704
16.26563156026156,26.392936083661514
7.542053315467015,25.71309176002844
17.482773080080733,27.906177037686156
23.31419710531372,29.40077157711944
18.734770866909166,21.131138193511667
18.945014332927922,20.484096527221233
8.007734237485337,25.399135669770054
15.218944613093171,26.754299119551167
16.049648033714735,28.078887053054007
14.597298306709995,28.661360299755184
10.769504641986224,22.11003429966618
7.133867016968161,12.006970102763159
19.121231069591875,26.1424366256214
23.271605235389345,27.718815599514635
8.04856622509914,23.656225869616968
10.181729883458898,25.481187290277838
10.046006591527092,24.179968852290866
12.232066390998247,25.78337873392553
15.602672463012459,17.432936006490603
12.190735748723437,14.975872732889515
11.938773486060809,28.964710722022602
22.35656810308079,24.96904542751549
20.657714942621787,23.812453483295155
6.418811780236087,20.69187010992699
16.984051179016454,25.664496769885773
7.123609820524591,30.08036436685702
15.59890930131534,29.122570803204237
18.05689172774932,24.553978367198543
20.636118993360018,19.43389544439664
16.393457901384714,16.565156371933906
20.217343230548504,23.293256377562614
15.631457701456192,13.65287498967831
11.888310325353427,17.002053745714285
17.08696867625388,29.073311899885375
15.555264652000506,26.53928387092457
23.995399169930092,21.9227327890617
13.016814546129934,17.90691463830334
12.196323009017581,22.317508453419066
8.559752375609142,24.388913075696625
14.959907464983925,28.598870325864496
13.790905503733953,18.200855793975578
27.56794913703416,25.244519206943906
11.85817976222276,27.530101603548957
19.185713186228583,32.27935967103729
15.26220388242172,19.44013075869693
26.532496761256702,15.36917551077901
12.459986574192758,25.333321611462168
18.204400049111072,28.864257139242145
25.732841805500154,14.86515781481468
5.143095212629996,21.333658668246414
22.221790189072053,20.273725594465287
13.009625877514322,19.554372690521568
27.46577119779286,30.195058508347106
15.722723033550672,22.38425749335949
8.924817048026616,36.812008760576575
10.615196395892934,22.56503315355272
7.349395598895557,28.15381228828541
21.872474630971816,27.285886616607485
13.655929670686428,21.693215264510133
14.454262316076553,15.480469019973812
11.424509523112434,13.687210809973028
10.861063349326587,25.904341691859546
20.170379583419805,22.40371618925241
22.43183316111798,34.471935390981045
12.68041657190335,14.495898361683212
22.514180234798623,18.230276689464418
10.900372479848983,14.982944075651364
6.804533937303704,25.061508625042094
11.29583613062461,14.899740073343631
15.011651074347387,25.987876047177707
14.161452751157423,29.702635038025218
21.865768575668028,23.81620913419376
19.608200715083374,20.404000008089113
23.814385116831936,19.88327626711628
24.723328745237886,34.246648230955884
9.120071912022048,29.849039794000017
18.05368803279468,32.6131742527612
13.457736984187974,32.75861760127958
12.668446887345812,35.50632249180403
20.839149287531537,23.602231855091777
10.94737478666996,24.168814035059203
9.602997471238709,25.103877126580908
20.88304855703595,21.69480674961428
18.57814626722694,36.40453100963285
10.627079621144116,16.203207562741948
15.98639318363716,22.06644322936231
9.109275699287359,26.999719602614427
17.786875445574857,19.09845055496691
12.648394212143927,24.27662843250983
10.108843869163369,25.53503777193845
16.300900795703278,30.686982075657994
18.430167759263707,26.703881830041208
19.12703587460082,25.015107627512922
0.33607130428928933,35.26793920793857
12.577001314519723,15.750721091644353
16.854179472306164,21.043890313694153
12.274707375437998,22.100080924878508
9.928163716643986,23.023779308240403
16.444309436340873,16.229487643807936
7.07645324673887,31.01071790177998
23.46409857846567,17.220359120432637
11.236443160522258,22.523803011445608
18.052191820716118,21.105822671175325
13.606187753105699,29.030922422478714
13.608819931253027,26.600027744754968
20.11558081176602,24.078386091967396
21.918445370667932,18.728691664480703
18.698609555614926,23.61123936726294
19.906792210004827,23.625142523717066
20.600742254936137,20.29080808955396
13.000714258859281,15.846361216588182
20.104617179211058,22.313891037816628
5.9628284080928875,26.472036427557605
13.593784956069142,29.32231394489532
13.83542581067006,18.699188498085892
26.179329256808153,26.085956453010255
17.950173044967254,25.0619555534685
16.157144151990636,25.78974541201537
18.86696162870771,20.918080842955465
21.395819520670084,22.413639752117245
12.674622054477876,24.970096009179716
15.963471858934822,15.567076454699095
20.10323170273469,24.481065690829926
11.970764935132074,23.300502867139834
14.179718638189902,32.3909694728893
12.418294152604178,28.69475458922623
25.010365895960582,16.363654249730253
9.452253055179344,21.187047592592368
12.190971788089854,21.225598706601687
2.00703183220827,34.78566235459843
14.874729313067444,27.207945246730155
21.743705460029876,17.122607646067248
9.320437882876087,29.047968909181115
18.630149858057635,22.94164834982049
21.860002775251772,17.87720941442234
14.187549271606839,34.964082932513364
13.200530951215134,21.533695757020133
10.21439307526849,21.509000078539334
17.94278648437597,19.547229159459572
1.7599089984678553,35.88953513011731
21.482923510997345,25.957499864881786
20.46542238730393,22.040118752846
12.738435828088818,27.621322957789403
12.394664655704728,24.104983555387776
18.735696902958615,25.174343917460483
14.804939417978144,30.690761727466104
12.465737132191341,20.687712502041443
15.816876080138606,29.56164241885999
12.275050752886404,29.25211363846154
14.808676816465503,25.836044876594173
17.330369059053282,25.55594413050704
22.087571740311677,32.50176651594048
17.072259289441295,22.65192589652031
12.654377608329069,19.278554339284806
16.996021913134406,24.15627830967234
4.505282783615497,19.58760258752838
23.490488743001247,27.99299718534654
15.262905622294829,23.42280685795296
29.627199811681244,24.86672247453051
13.788296995224494,17.958467702892555
6.872401750168006,14.506668958403573
22.51310294499692,16.650355995446006
21.988634805796373,31.516017751599698
14.935348344932054,23.520325837477976
5.632157656313401,27.81117204331241
4.940317265229847,22.656080038553693
13.999119690698913,25.34197606391249
24.19686724705148,37.64398229751521
10.641698537288573,20.569233089637716
2.3562979825089005,27.97253752615733
20.002875860502417,27.622521195637308
14.582001739034247,27.9105273913998
18.83189816259776,34.66441190120958
22.530737224361935,28.89090226247742
6.111467036757762,25.873218535402593
11.245712776404565,25.898638144266677
19.88416083405823,25.72116401871954
20.22965105194471,27.749511232114052
15.666821546676072,33.58527643967057
8.371881070059716,17.04727501384402
19.135568602716404,29.9443074518201
17.472170649196126,31.72107041153514
16.54609311416006,24.967825679190938
18.614922853576118,27.616594037062125
12.019662728186484,28.23615664118587
21.531838709747056,18.188926077401465
12.710328858950664,32.71171082120457
13.551593834470257,39.060988767506224
16.696080677318353,22.579032847910835
11.622156446994595,22.52244808960242
6.629963107399426,26.007042032801955
6.626417472982855,35.90265497579549
12.217998144863614,37.0220517422088
17.7230807673895,32.967513789311816
12.638924490324955,17.817726158322955
22.23577969495952,28.920987519329994
19.716936186507915,22.85814317902787
18.857079671750892,24.417202528738333
15.342290373276349,21.181630645099826
18.654981623885558,27.12886837780446
9.845583742563651,26.209728919398145
11.708009215901539,23.82728118288676
13.787905407547008,11.830595785751214
15.1702994051059,23.00628451329104
17.324507205786112,33.31936652479675
15.710798116282634,25.198244274330484
12.42276495283261,23.740428130224778
24.86538100636097,28.239944657995956
14.613251890656802,23.198729924275355
13.872286965244351,27.763091986211908
8.880675151957414,20.28490799593441
22.793570145921567,17.9309612613228
13.487142676181254,30.015275155948956
4.335288651692418,21.880979711298906
3.832302717837079,21.65425639635663
1.2847886109102333,21.78321278211024
20.35945893349424,20.09809728766803
14.831340333957916,26.541556240094035
16.301757459985648,25.07241088538456
11.8843340080268,29.796364653737438
20.56040348031292,22.102626560370133
15.839018068239708,35.05934302410894
10.599014311467748,25.403904090355848
10.381568633425982,16.25991950599432
15.328948453805001,33.81334966777108
12.262125698637467,20.532517383700444
14.912772170016249,22.487970736500543
14.122077740037149,17.815830280190504
25.825843997242938,31.096957483667534
22.937050368131967,24.471928808031127
25.04553621250476,10.320835227735515
20.25750447744732,27.632175354360506
11.505971717540241,30.483755700105625
23.066014742990347,15.363244450297403
12.864560073789246,24.912818393278673
16.670653502174844,25.722788212470633
27.78472770479572,22.928057446798384
23.210975681625307,26.074456383263918
30.60301899952022,26.916759356766004
22.611967560461082,26.99345761924863
19.848111021864533,29.07201206543199
15.313712217504277,17.96771236116943
19.152574288005603,21.488654296991832
23.865067035712414,27.987033623623912
21.07896059842742,12.308922395567938
14.41545956071073,24.516102113868712
11.563743684671389,26.18159748535778
13.268892172256486,18.961931119489343
0.6270960425820373,24.320208394545755
13.418712811688337,31.134933549917704
10.862964489392246,23.609030961851964
28.83316196202152,24.765314313641564
13.838909023688567,34.33018813629508
21.884360247822055,20.871893801014817
12.162564295901642,27.02958286483958
11.878736696995496,23.83889977544164
17.895546998895654,27.861433806032345
9.26131299117693,17.999940847647338
14.596620288448722,22.845746213967015
21.484363550471222,13.69453941195332
15.164399948293608,21.503003404204524
16.7811458476954,31.824859261139395
10.396618687327162,29.440953874992783
21.204297272741258,26.72285868681543
22.751179881497972,15.947115774922555
17.55060730532376,20.48159751026684
10.957813718979768,27.44138138636387
19.219380226485672,34.25132805760945
18.923083163086865,23.570583899280013
24.01797208533852,29.947063821427086
14.859373109746134,28.612665254080053
13.471036372021041,21.389580769530816
18.835438911449927,19.268736922002546
21.617665039373144,17.66892783475115
22.287587523972398,14.660744921825023
10.637139961965358,26.60759061702977
23.453685697386575,23.227860217288153
18.66318370785047,20.405411406297244
26.20621748616965,22.929630860152038
5.864445396779759,18.794888858124217
24.938829118598683,22.08771623191415
9.725483918761343,24.492688423410577
22.822674066811867,23.948627947350555
21.33859680013842,20.772203296557144
28.77638147557851,21.354118483039358
20.938296237328544,29.446859175914817
22.717291640810544,24.33781339528478
13.38210509765316,29.540099886907658
19.352725626985233,25.980606645920012
18.639351536117893,26.77063909904233
16.935659129886616,25.700832226229174
15.377849440463285,17.71432531312343
18.397389135407497,29.568152906227745
8.856159120214954,22.318545029300928
10.118799889096296,27.841041968032002
22.544915105552374,20.54457141258473
7.289741629988123,21.580477675818514
1.388811204757971,20.409808958320916
21.73159114124693,31.80090059130412
7.921219188153097,32.021003100437746
11.603421277185504,22.865920544287217
22.289448959231542,18.83670148601329
11.300408106340443,26.2470302939795
11.717348610751245,19.08119934931443
21.5708818285102,25.721798401237383
11.201847834032137,15.234686728874935
3.6119204293820832,30.779611695257103
9.766667279399764,23.22345893599541
27.679407223712133,17.362611284527937
24.083628870655357,22.114601805698967
18.817501904722487,20.305223266780075
16.21325534116332,28.16095100723431
13.839901508109174,24.186055170968473
12.586268451177585,28.12907603417102
10.868684877923211,25.232259322800022
16.142007247325836,29.452304660977468
15.71981736022501,21.18899779368203
3.7161393269629404,26.73560614811958
24.3827365587563,24.757669295567275
23.941449294978906,26.461113705859297
18.16327814347868,22.45353492525039
20.80064776399634,21.753890147588912
11.958489829404012,24.270721899078133
17.182177909574904,32.68553080752522
14.512654143850455,26.221818688632595
3.5502928313435618,24.58455261217063
9.549861760655972,26.504067703515876
16.938739011910553,32.12448752491811
8.645864914336283,26.54140751825356
18.459501995135334,24.95615789390919
14.315329624783057,22.571689419075593
12.726343817448463,20.641711261457836
16.78879987903587,16.58047976750458
13.647211372520422,12.234777782818675
18.484085221932677,30.459483782358483
18.7537768162969,22.780895768234423
15.14442172473738,19.625374940745154
21.161933843568335,28.927504692329926
18.19681346591114,30.440661144221124
21.1732468557462,36.03528273689297
14.715926751238438,26.934610261033313
20.468348809407296,29.83633679701972
16.31841398097518,23.54834409181461
19.013075766077243,33.03409679351873
13.529530011650824,30.959189767020984
19.92473410770819,26.674080907927557
17.409626772162152,28.180540483113628
5.737182208434746,22.14532947765888
13.144279948582478,26.1432001469043
11.99373407808291,31.336690741911223
21.304960347151408,27.0732847918808
22.31411866563432,26.46252782607619
16.457207969538935,28.37741934821313
17.675610393825018,23.909071048634377
9.688957713690153,29.260027317610298
18.653358732860337,18.363146824598758
14.854276239608645,24.035709381084818
16.142786418047855,34.3565212294566
13.917356389189553,30.316738500010644
18.440088794268853,19.897928641725674
19.868674591191322,22.71716431459691
19.003054767590058,19.178087785852398
11.08018847673905,19.636539423569594
14.64390146078189,26.138898644122644
14.102987282572593,30.97687387796649
8.696484826804937,23.482220655163275
11.501681422523347,14.154703294254874
15.425108802160914,30.829615699734198
18.365284609770818,17.669313380447726
21.797792216330507,20.369451431339506
19.95729849068388,20.133965437999194
6.829022472978668,20.58313943909363
12.608953066160595,27.38101478639109
5.387560201226343,20.649624456244517
16.806683419881207,33.49240546171433
11.668470117018241,35.5401902453265
9.669188913042497,22.321140589958002
13.938091035495205,19.34932639775006
13.426283187123929,20.06841340695084
12.811050471819904,29.120352376686828
17.630058824983564,19.13515707207249
17.52163591738237,28.52418372919159
13.281092390985346,29.898382683698898
13.324982848316537,9.838191453477934
5.4154999393893455,30.73079196654677
25.966314610105982,21.186183929345596
19.232924115246124,23.62763742799587
17.49083551527652,30.51035968258166
21.406358349533676,24.81554400889962
15.293624785280343,16.41131048074622
20.604400173732586,24.61660051947501
21.71906197133661,33.69670454406466
11.00215649747047,27.652950573223187
18.103042845502586,25.57396460845621
24.53163370150503,28.621428064139245
19.40871955717148,25.65427585155872
19.64366341664001,16.197023851603248
12.358298961710817,28.227739060431425
19.669133660952777,21.711004299509558
19.831841088578187,14.60782204953695
13.778872068051657,29.791143680308814
13.50198505049104,16.01295789077033
15.630198753949765,21.138788210831095
13.357630522090144,26.387175780604075
17.598690813565497,26.820715509032212
17.886462202609145,24.55767312638228
14.43952029852057,29.31237455543283
19.470182020116496,20.91899748721828
99.41706674248184,111.1474306615219
98.1159140829303,104.85335111364735
94.83519220819709,100.88170430780526
92.74873165316524,104.99164656111196
95.37720868664866,107.56020003371164
95.66016315548738,106.91846193691161
101.27473350238654,102.01043871414183
98.43565416292486,103.5168759965693
106.86624287341184,104.90658483569902
99.00642892259557,108.45800789729051
97.70064069136137,106.25362899898312
101.59788720006476,106.15822056028908
94.285103959659,105.92581697147222
94.0134170007332,104.16451479228031
100.23141784889262,108.53789684040541
95.58750594028157,104.05051951715612
94.16713990497611,106.22540794821336
97.3250887173017,102.49715864184667
99.36373241922,104.91348123802169
98.95032868380801,104.86107918150307
95.05963737382334,104.47845056112698
96.06857973773977,105.18627772660395
98.4737788406348,105.57853069043719
93.38458590226227,104.38835677066652
99.79901460487328,105.02984170378274
99.30177248882973,101.74260026883628
95.87459784185457,105.99682673021466
96.62017018205094,105.72539315077546
94.027080495687,108.8502682235501
99.04124912517894,105.98373219755646
101.81850941513629,99.76301968670079
99.18183208454198,111.50509874736115
99.4291290081893,107.46237310271488
98.97231736600456,108.460489867813
96.95405123709773,107.7153615196561
100.4446672736182,107.12981439519633
96.88825594453357,103.77437197390618
94.10052135752022,107.62097049503076
95.57754143706153,104.32287813362069
98.51469685552895,110.14299703417124
102.10205799805976,104.15771301565988
98.50588661442565,105.50597031558695
98.17990231324067,106.18921115975533
100.05315998080285,104.9714653958574
95.71148378462519,110.6406809990616
99.31580201498473,102.58935956825378
103.05913362739233,105.10390110035925
98.89564120380297,104.17415017799321
98.25362125184918,105.75573427334271
97.92946358627204,105.72757017368323
97.42986465553412,102.47807497684445
93.51344668261791,104.87840915945382
95.11821447644972,105.43810731352518
96.50304564979137,110.91518212929348
95.09722949619889,104.50725449140364
95.30163230899295,107.48568097911316
99.5084965117791,109.72684609447859
95.65555016173721,105.08809213792779
95.4627109673771,105.99458048398755
98.3054480429403,107.86570539440136
94.45890524285198,109.57226974664803
99.92714208292794,109.90197694714335
99.87518678532582,105.12169456913377
96.8782627151746,108.72979731744225
102.15892645312977,107.6288059690121
95.40380377162329,104.15651340402245
98.36314353120305,108.62579053770254
97.44473329749182,106.18707686442995
100.01638690162108,105.40573413780737
95.05683196372684,104.18593203502442
96.7137336551324,111.17327518261158
97.21558996014227,103.99073809387909
91.39950890450659,103.6726472597846
96.92076910524173,104.13043496901282
100.32033232083732,109.3697787822657
96.3780578836042,105.55361360334885
99.12448353764897,113.15432290016956
103.96530428486479,111.05794448864305
97.93663320150054,109.48689433179425
94.94628313786647,105.50996360678523
98.50954639009835,101.60909379420465
97.48364878899996,105.01083787069312
98.57501998284981,106.23897625360414
99.35852051786328,106.14551507721374
94.64447882795713,104.99936037419803
97.12920083492777,109.11129175012461
97.8599641654079,102.76890249723323
96.43180728738605,107.43481591356611
95.70925248725611,103.9566693462232
96.3924527308062,108.93539838944044
98.78190683989872,107.43682533971015
97.96027680152028,105.53959007939261
100.39104141506695,106.03396763995109
99.19047015339012,105.35831295359546
96.83561596163344,105.93944627819532
96.42982694981103,102.40765268056978
93.41029583302284,111.07680099295871
96.93178088282023,107.13716128205321
95.57513706297773,102.93174415734657
100.14977417765664,106.76789778514512
93.84217748662994,112.40599107797881
92.62699851927242,109.9538025184828
94.9175439147622,104.24997237996402
100.07996341850499,105.68620179457416
95.38044847160245,102.90842485021803
96.42813558909398,106.95231244710237
92.75437568429007,106.87172817050582
102.17211099352141,108.70240438442704
93.19370769319548,107.15501685243198
101.41964814107436,110.52609600408442
96.01171551294915,109.83075730801578
95.19909485956573,108.82636787759913
99.67160113945671,113.98886031918403
98.2345148493489,109.78388554059883
94.83443066244264,103.86135800730952
96.68845308231064,104.15690180504677
98.21847730183664,103.93408028510134
99.64003952538891,106.60820020264653
98.78961926148766,108.79465820487057
94.30986194261972,104.49774969507091
99.39985136735672,107.08100652019286
99.87585200711565,104.24143859817586
101.07563839889858,106.89271357728018
94.09671668686005,105.53970392974522
96.45907041385918,109.675773991338
96.77562804324045,109.98324095170587
104.27828892030995,106.92011353466475
99.60568925369543,107.56083231106776
95.30267397818996,103.75498840491626
97.96126370424912,117.93306391577198
96.61455000254298,101.8186165063658
95.11783409798568,107.75709727105853
101.22643082168551,107.84727830433758
91.57765957390404,109.69010336559141
94.46503761633033,106.45373892337014
98.87015875970292,108.69923813815926
95.17989461266465,114.03133202615082
99.19511684536971,103.81335816866054
97.9395955980384,104.83388396605598
95.3854414216484,111.55170960474125
95.28019713668735,104.48197817778953
100.77995300555148,104.97399339608369
98.64014931336212,106.7773300784946
99.21532689046009,104.77978029896279
98.77397948320451,107.67746727340992
98.51534961130582,105.48751067374583
96.97853525481277,102.28847044605872
98.05103656951117,109.40985359561226
94.13367036086038,109.0098725547446
101.44314308859983,107.20322135609067
101.46714761063281,108.22637850787157
100.35258096092967,108.87304561987636
98.93982147806588,103.50269965197084
101.49154021499223,103.06455348711224
96.8299541958328,99.12455277074943
101.89489740832458,106.60902109409646
97.71709777733308,112.81232896379463
95.53093206326606,107.71086518947386
98.7477692470698,109.6399672912465
95.14482548992208,108.8589426237914
100.2574869266619,110.26210689815002
99.60896036912787,103.3966236400601
98.35180522579074,107.05925524240985
100.10518141154243,102.05713216543015
93.27029399126481,102.2800774798289
98.54109309161886,104.82491786147968
97.30310652374393,108.4515510061592
102.22187469600438,107.96376803085673
98.98099969202548,105.3612077603313
101.13133998047496,105.46370242499489
101.000747448065,104.79355592761199
97.59755678244196,108.43759084725733
96.56521417776054,110.0617048505605
101.09192754015476,105.75483962232987
97.35477789848194,109.14590439081128
93.79049573440541,108.02568654261621
99.90243853196033,103.71043333110276
91.88913547189381,104.35797332668928
99.22708789678904,104.96012388847701
96.4061676249298,105.50842202059304
95.27945358558112,104.9276508216663
100.58257317994803,110.47460251793197
96.22220522579707,107.52791644954317
96.52587980175275,106.46311007504481
97.71760081257676,102.97101322227915
94.62465572520848,112.38860531706499
96.92563551601431,103.82687395172816
98.54046959853044,104.81217259555108
100.28371720409638,104.17309185302257
103.07664443706314,104.41068590257157
98.75416747906736,106.25116926127706
94.938329729288,107.56636503572415
102.15496253904558,108.57701021366722
95.99194988844526,109.98932566163434
100.63842282828739,102.12655128834137
95.57250273431329,111.05085640442141
98.45905548253394,107.75702819631557
100.40086808248645,104.19366191908776
101.56792070733283,108.38452860801338
98.66878584147805,107.22804178315377
99.66952384030309,104.72047603503056
96.01514250505464,109.15649813694102
93.32417887303076,102.8543724677179
96.18494531330394,104.31329889273333
97.91612332908217,108.80642441151045
99.96943629552169,111.92242589063223
101.88179622996441,103.58528455655005
96.79808063806304,108.43243963442252
99.66032671889701,103.90473414446033
92.87070808888369,104.49345552851831
100.83031973664451,101.51300478744518
94.84720370977911,106.2958211432283
97.86214501754802,105.80631898223228
92.81009054368705,107.39737451380378
99.57781650306167,108.73640146283115
95.33374394390155,108.7747501461541
96.84241779995298,103.25544432123193
96.80047763594942,104.74759563130118
95.61476830856536,110.86654128669485
96.91872823937963,107.2752244579241
99.17960104165576,104.0238219917969
97.94829253685418,105.93492551033981
96.33168486356347,108.47288433263961
96.84288766800451,107.56687171307199
104.45319276303978,106.79685155269125
99.3014209625371,104.19290165982213
96.11915318332942,105.76586329002535
97.53117967993825,103.97175651331612
96.51562076760715,106.11367093116328
95.95773875470591,108.3169396985695
96.6897149018599,105.76380746295261
96.60965629595651,106.86607983476284
107.18295458570437,106.12935856302352
93.80382155726396,110.43068404795156
97.37846594236177,107.1967832091218
98.45846656315061,108.05197658599015
97.59943272792745,102.68769331321323
95.61500287572554,107.32042796617418
99.74076485205642,107.71823608479784
92.8912995452135,106.01279234230202
99.23709406260691,110.19084050325311
99.03957608442731,107.20446103359518
99.03797415413487,106.03060069988193
98.77005505462479,107.76362590017096
97.35133382963895,109.32915374687445
96.52841315081541,104.91636654666588
100.84584612516873,106.27515344067653
100.92047625451437,109.67444125553861
96.13926924787755,101.08602373038326
103.24039672117365,109.98070774959245
95.42522809250433,102.47303881647366
99.1369471843873,107.59199651816775
102.85216533837662,106.6190480282657
97.88528082543199,108.82214279804272
96.38531283379558,108.23435212482794
97.03647550829365,106.59754539620202
96.27544533349497,103.62183411752744
94.75884808933336,105.1866604607183
100.17803734069204,107.09871855162142
92.46079016277453,108.44113336375253
96.40953104900996,103.26659939590958
98.93259461288112,105.12293149334073
92.3978039093912,105.58274507778633
100.73609696808055,110.58756864315093
96.14374361329523,105.42866144912288
95.00721142416575,104.63717392248677
101.54355318871941,104.58864163885737
97.8378444207919,108.77050608062281
92.57685523519274,101.87801436759477
100.24616836534089,105.9974067253195
98.6628546797992,105.98995255477598
97.95059324716227,107.58305997877643
94.31191654516276,104.88800293891383
104.06122535948913,109.38866866716049
97.23285944328249,102.39731577033254
97.88803738175632,108.62883647723571
98.48466045222268,106.96467486909198
95.74451945803581,101.99582873454756
95.14948153889047,108.1031818005609
97.35130041662372,103.99270716202679
96.08742916194942,107.15438094697294
96.63748119874728,108.60020756346077
97.85555785946501,104.01652472994893
96.63257174246978,107.40879650552121
97.10970519298118,108.32961528563884
95.72371073635357,106.1696247909031
104.17128041261248,107.24036173793301
94.79866593523286,107.0217849793849
99.19135883931921,109.22452029838881
96.50203068564973,107.11626256350421
100.47011229012088,109.47689044232885
97.0772693373561,110.25734269826276
103.7322661643627,107.79419560518124
97.24693756578878,109.0292750662302
95.14327501142763,103.49237654054068
98.35945162352341,104.74613880832517
98.20675909203152,106.5693057237232
100.64373209062981,109.4714522924115
95.81014563235816,107.44357267703025
101.35675753878411,101.95723315753895
101.86597333002948,109.68327671778745
96.8860026145869,101.87605362494804
98.79687061177873,105.72468273599591
101.83806930255916,105.90994739116177
93.9875691559923,104.59940809396062
93.54725095495937,109.20808651538121
95.5605531617839,109.66513501311337
92.95317215209195,110.42165434141887
98.02804063329023,102.87165349932731
98.76632184636237,110.25723341363003
103.03801183084519,107.25044759213608
100.13777955753892,109.77467346664014
93.62727105891634,106.71593282696058
97.67585012408847,106.0655101600174
101.13952798901053,106.2991558565056
99.98635301279069,105.2658301378743
98.89500726519398,105.5337017544868
100.44582443324923,106.73394620634858
100.99003327928118,104.20783770609367
102.80977749531549,113.28396448676658
94.65092827685949,109.42323312369061
95.19079708999375,105.93782771560528
99.43749705813079,110.189355319333
99.1829628208833,105.06409525498388
95.74723415864649,105.74439838780056
99.28183952118299,100.4233245348627
95.13817746676072,108.11040792201348
100.28013899321842,108.32232138859212
103.33370908955993,110.02647404950145
100.19852895979017,104.19537506171841
99.45554529890349,104.68038217485606
96.1950455153167,101.24820936605035
97.97996689953398,105.54309827164653
98.09250460375539,105.75293188370058
96.27235384760829,104.80764853746757
100.46427990638118,108.62254574655505
102.37982574372259,103.69701226440924
95.25320944900952,107.31613261020284
100.6719042947944,110.02196736522086
92.7422208277419,106.52956134287909
93.76211341711239,111.60473388445533
94.71356701782847,107.57699599902509
98.22973273207126,103.82871665995549
95.58776916153245,107.89482879728035
95.90891975330045,107.83696426826467
97.61223083148575,109.35508435551358
92.61751481869308,101.97367547609025
98.16735949577641,107.444536843691
99.35712123934479,105.27086539144857
101.34543846227557,105.54755061452498
96.33153717028652,104.68946691840014
98.68058320695383,102.85171964615806
95.36255194320557,107.15037433284378
98.57252649311964,109.98956646503046
96.59091094825239,102.82888533306651
92.45955676983016,108.45747474847745
97.88239170880746,107.13968160493128
98.51346419169964,100.02973152578986
99.33041368872784,106.69456342619462
98.17850112241533,106.64748042716269
102.93331686933912,107.85803829004341
96.50238925535737,107.41220686438861
98.1318902359182,101.99089056641287
97.80891263237477,107.26781346803936
97.142110850199,110.33795231187884
94.6637929889202,105.45392209297806
101.08413774834287,100.37884063568765
95.76023402427107,103.0766394951962
102.05188146149789,105.53815777630574
95.64104177931023,110.35653424582728
99.34665363683551,107.85564947326898
97.89861799355579,106.43277025864361
100.22208532077718,103.06849628524334
98.03913118604139,108.04826964896085
100.24182294033083,108.80385930271079
96.88948388622998,105.76373519420599
96.58224077554945,110.42467555179515
97.4392813657381,109.81985215748917
96.27097047874034,108.12429383446022
95.7470490208936,105.81268491787377
95.67690058141345,104.18657460958615
95.32099387387896,105.90406180173213
95.36511555866795,107.82234626338102
100.42743308977599,104.94763458445844
100.53540983557568,108.06566282045313
96.87297212272017,107.0786931723373
97.70831931748033,108.16287938766624
95.02463940945042,112.85433120995381
97.29390045160983,100.73850440983077
96.91548051263194,106.81550214163934
102.7984172206881,107.35108530581128
99.24701338689763,109.45591570924479
96.22564231326866,107.39428065014786
101.63542284112638,110.71696320322518
98.6786627401162,108.19306414971172
96.9100643958312,106.63043101048416
98.1203700411499,105.87004806494537
99.83810067555687,107.70994641103464
99.45794649767494,111.38910572752695
97.4028909594266,108.67200149123694
103.21145779367914,106.21998585309827
100.0414731152924,108.02790373680342
96.31024227635307,108.61232096975758
92.91477766489629,103.56482833644861
96.75589645576898,109.48387300552515
98.17231837033076,105.37689908240597
97.72310245291975,109.02956703485864
101.38256228130243,105.73495789652249
95.85139652050857,105.7902663617668
96.76811966187985,108.22343131353881
97.4578051103404,110.66332477861427
101.66514399924407,102.36254661374308
99.62145016555975,107.64687085292375
96.03693579775639,106.85912524666435
95.49419430821104,108.77216329773609
99.17316193285413,107.99741185909434
101.55188677230531,100.35361317202752
92.01791164102418,109.8564123525662
94.56416261756185,104.6268719958874
95.81532229622991,109.18571856001694
98.89508140888623,106.03783711751468
101.09770293893376,104.8871076008162
98.39955376812192,104.30759445169292
90.82192699646562,104.25048687426283
94.12102935679795,107.58745258184004
100.91939388974883,108.18515645965194
99.72047967429806,108.199064321646
99.01972023098232,105.921903168784
102.55562294032676,107.99555394237993
95.90152599746968,108.03352725380093
96.50517686604064,108.29482041202479
96.0975786564353,107.41435558233749
100.37765839342295,107.51679489270819
102.64132548855963,107.13616137253025
100.07739343842339,104.35626747449798
101.28132430607062,103.03159663043357
100.52578148799148,106.2587403580848
95.86489093401866,104.36601582249239
104.74269673085332,102.27424356659965
93.72943078031248,105.74305205893921
101.30251062002586,106.97645962664447
94.75622182753891,101.8608951319277
96.02363824769401,102.89336362019144
95.39880978450753,109.70674825402645
94.22460390876685,108.60508129211188
96.47451863629396,104.97069089014758
96.2755581106176,108.08165167285142
96.42504945874389,105.78593284830171
99.7609474332476,106.89117918816534
96.25252586525676,104.96013450157822
105.18100703856635,104.71583450197444
97.6612447233622,104.62485038487799
98.29891862377755,106.36300885603677
101.1113192202515,104.26510219031542
98.59201276916755,106.20805243090841
98.84800181088141,107.51289459481836
100.27246729900055,106.22008690013008
98.3628057956252,104.59666544012934
99.34158011842223,100.46512948158461
97.11845112441253,102.66131719933519
100.35260835120967,98.93928827083595
97.35078641939165,102.98859060446097
93.41213286282519,105.90608954637526
97.51107562475447,106.69029793362596
100.57273146469316,108.68158769462765
94.1917503232392,104.33362153416631
98.77930896138012,107.4075602596853
97.29553746607138,106.2856072683667
96.86396940391599,105.65417053133686
95.43013091155593,111.26699096124145
92.89615029505744,106.14562813930476
98.70589767669257,104.6197372543345
99.70332537509421,103.72865675238494
98.89885381122424,105.56876569053571
95.17374768889785,102.98463179994141
96.16904016883947,105.4351821549467
91.56949164689901,103.89240205998344
96.6673702697165,109.40489306580427
100.60966288357943,109.43105819232056
94.34915496244358,105.63112440647514
95.4966429102985,106.73529446738516
100.09848525919134,109.89350766343308
100.32063357810253,108.32425565676441
99.43988911364364,110.61545669908755
95.11959546288439,106.72947460933567
94.73544515083886,107.21404352511388
102.03960726813875,105.1557281911363
95.94902388502383,104.94441738153023
96.18421736185954,105.68533812281157
97.74352795349618,107.02877018385509
95.25214697292515,109.32242859155045
98.6721244069419,105.79860736045103
98.99085839563382,104.6900671392307
102.97128136882613,107.4312668893004
99.28922620206177,106.88101975818955
99.86030025496653,107.54278911094771
99.24259079401236,108.40599447965789
98.2551568420572,106.08516359637133
97.0210215107872,109.49174471709053
98.43342847808842,102.92196815445377
94.67141820038131,104.80838525332047
95.55970164862148,108.85654138983966
88.5003818015087,107.99282454678008
102.02694005258675,106.78682623256235
96.57087607848938,109.2886256289759
100.86596711900907,104.69658008815537
92.12284271015449,107.30902371044245
97.73461592025079,113.10634756692271
96.4029442071915,104.84025208031152
96.50902410375363,102.94090282608668
94.12113600977624,111.68722048427304
94.40249931821812,102.23131659463583
102.38716034606087,108.82772006871951
94.40805845099803,108.37114559655744
97.52772517763174,106.43058351558946
91.75569384761107,108.15090831371582
98.05654663006212,103.57813872408805
87.82616340703672,104.78498620082448
94.84260846752359,104.30591104947247
99.02299966846698,107.75617888779473
97.01808188870055,107.02149628606278
93.42628634020183,103.86099255210623
96.92830212630372,105.64614400583928
98.24841061796323,106.00307871282948
97.78549161803824,106.75943885884166
98.82871944123615,108.05767148443955
101.08928452200276,104.11145991538471
95.08687696872113,111.98751876760194
94.16290750558188,106.2134505050792
100.95725015325938,107.12223619696783
102.53251219688342,106.01672363838999
95.63961591961636,106.73123336992322
98.60525626740522,105.95195814519309
99.22487218805738,107.3251224874658
100.24306270640366,104.514122633157
93.93506227397233,105.76912540092904
99.13867011909767,104.08817707949329
93.75089645279047,109.86207719562752
94.62334852435393,103.73870967591404
98.72920552284963,106.09433761742358
95.66299152598789,111.84907228779277
98.22819394507071,108.16479622963968
98.42624018687133,109.11543501712052
91.88315429644523,111.17541107343644
97.18118037358182,110.32234114852118
92.35166955163105,105.06417226732935
96.97354921769015,105.27900607159656
98.0183008133847,105.25999312665985
95.36664603208904,113.00483182722353
91.96249223642437,103.53521613002829
101.06560086840562,105.43051315191569
102.94617671279181,104.00397443424356
99.08759268485342,111.58824958657611
94.94359479595578,105.55846067434136
100.62802568450506,102.92005539582283
92.2040648561671,106.49738910330416
97.5247468896075,106.12404295518218
94.47162655342345,105.28046413749824
98.94025682960378,103.38199802318877
99.56169220790794,98.91128382561446
96.86338925538065,108.96840926025348
93.01009880596725,108.16526184500935
97.2939438245861,108.43489472711676
95.85036951516138,104.02292366219697
99.61339286374239,103.65591669377069
96.71431829032392,104.19528825238662
93.66259467749106,110.49792331747575
96.6768636981577,108.1425529838262
95.58992339545888,113.0687539116433
96.07056339882723,114.89520895874443
95.80124443352071,107.02672295135163
97.64635974221811,107.99007046401833
101.59835349912953,104.08500279025192
93.64967550160549,108.66283233463392
100.92626342881711,108.28656197869283
101.4117407264778,103.89244733372357
101.9060493964931,107.74057510921982
95.55071024465155,108.97884024045051
97.76681666520105,106.22574597261966
95.41856572750613,106.42178773231552
98.30725880854204,109.75865876812398
99.65847723921938,108.8837429439448
101.15146866365781,105.46899050917666
95.8486525152472,106.77119285002533
96.0164292878759,105.74332367382465
96.74997881542296,103.55084914706491
93.63985147174732,106.83761761529207
97.96374302535459,106.54052942966528
97.01048952506198,102.93035388081981
99.84277373171852,107.66211702430898
98.1911187076211,103.21921687023132
96.35913875677721,107.58859042093144
98.64924047925575,107.20707554505293
98.72205847259305,107.00540118282258
99.09655372384893,107.12966096772377
94.67617100633986,104.59589094455067
100.97476837013053,108.31384814836039
100.14962137772638,100.34809276452772
102.20148827452975,104.93132358638375
97.91176598929039,109.93208459305106
96.88689515004617,107.22852463565366
97.97094295662434,105.61073966477814
99.68438714720136,111.1079952150122
99.5106156797019,105.49147397842738
99.21129999046778,105.47296403173483
95.81245737060783,106.53525686615941
99.785197314146,108.35182094831286
100.43174714683693,107.23733357521294
97.63548795478634,106.51876791159886
100.88487469604283,108.90400919427957
96.89789102005665,100.8482103834711
95.68647702835534,108.15006193521413
97.93302299297827,109.72975229519851
100.4363209159479,108.4449766111909
97.08673420927462,103.5698116100533
92.6414680471797,107.1841733795199
93.93416983278078,110.54559945864595
96.81186677834694,105.46955494823384
94.60783798221104,107.51517628472448
98.61951350450367,108.85138292972296
101.05023270944749,102.9845791627058
103.0965019491265,105.63140572547111
94.82605749095512,107.57880744709131
96.07888883081871,105.63998370830261
97.99308124335911,107.38710344177018
94.92086436695548,105.35424993695064
99.98402068107889,108.39650520989434
95.94838642958767,110.41260038240716
99.10101504522756,105.0585261351895
97.93500886788347,107.76413096676806
94.58671330015632,110.31495575578359
104.96252261674424,109.9229800252001
99.79971799586257,106.83123251315394
97.13564945122214,104.54462084697673
94.890523851317,100.70582956780044
92.24957912890743,107.87352709704783
99.04983754782147,106.71345583894134
101.32538146279711,106.6144998496453
98.29665608775542,104.70668653168683
95.52034872303119,108.66829595722824
98.1957056341741,106.99339789258124
99.04965833982486,105.64485749199345
94.90105905125789,107.75627784988072
96.41747295524371,108.59066978563276
94.08696630872703,108.89114707215192
96.26643459748415,107.13208082754775
98.99284170551367,106.06718961299093
101.98790984307985,104.11467296531823
95.46285654541529,105.83671540287614
92.04831819606329,110.89307814098618
99.50462864490449,108.14452681659816
97.99535677977514,107.53548751525247
96.95472406982931,104.25303424778639
98.2366361738723,111.60920045528034
100.46065998588787,109.85601871343523
99.0374846378626,104.30176704160824
96.84716292022355,106.17236798350969
97.14391480359583,109.49317142804159
97.2405372481555,103.92799294762786
93.57484971214137,107.83224916665573
98.95599197985209,109.3111656687971
95.86944673465715,107.34127275328375
96.25202554868336,110.50996025186308
101.94271607432616,100.74811349740848
101.34237562612965,109.2424726631517
97.94127066829883,100.68724234667715
96.76107464409036,100.18197377449054
97.09680522491918,107.06131397936166
98.0310614055988,102.4020899471605
96.1752517616277,107.05624183200683
99.68806101387084,103.70183536276134
100.27899384109507,105.35230316747686
97.74996246360121,110.7927113480541
99.3648334568888,105.42696673487193
99.23551376081014,105.67815528365294
95.25238304033866,100.88427090874369
97.67612092001119,108.64819073074774
97.45735586947356,103.74257367202915
95.81266386533319,98.55581683879267
96.83013315935307,109.82069002315082
101.99126911534998,108.75115969176068
98.18811709594297,107.075151945026
98.583744172756,111.40956942262231
97.87142207986405,106.95019891735105
99.05898964159681,107.54678691371018
97.60223642412598,102.34551288962759
100.02946460959157,110.71280964507288
96.13625978546732,107.51635904931766
96.09987905990033,104.46902671332023
97.3768897271666,108.461151855315
95.92287471508716,105.84631628655617
99.03354521459681,107.18301091327275
94.45776016716388,106.55964116708377
99.57851946551533,108.13766928217923
102.78744628415984,103.61059758939234
93.30296468688573,107.25961606002882
97.41511562481766,108.0485090648053
103.70120078803608,104.72669991849787
97.64968037483322,108.71024621024516
93.05405198677724,106.3653277945558
97.9849093177225,110.48533219382627
95.49180142982553,102.45054537075288
93.25512517616616,110.87512538304178
99.79447292766626,106.1327820200919
98.13435597967103,103.03229173133472
97.17826394511421,107.28419497282826
95.1059492412125,104.5806971267393
95.37973234794923,105.66394625982439
100.88783802181295,106.08087166819055
100.63212244550057,108.50727437711663
100.3230060384626,101.33429489458584
93.00597665149981,109.96564065825348
95.44345026795605,106.58828114579448
101.14567770635425,102.49865306513905
96.1041247584496,109.25851372744977
94.68606631317832,102.46778750497612
96.129215514982,107.7239362450179
98.2098242472165,105.27350474195535
102.5580572240257,107.94955453756067
99.25373853380255,105.12971573981255
95.89830325982585,107.84886248912045
95.52046980450208,101.60549943811537
96.25004315132125,103.70903241366466
95.50762217503117,110.35633212520614
98.76032228217471,105.6755503635365
100.08290327693227,108.38916830101014
94.39746298080216,107.48069668025073
95.65290411289422,104.23339826885307
102.40459270228189,105.65224581796723
98.87494898858475,109.01283732451708
96.80293141108554,109.31219978572298
99.82527229720634,109.45028118934836
92.27294625025614,107.07656296724565
98.68505609687352,100.80003053162224
96.07388880525974,107.38339076252187
96.24804505225254,109.50033394010632
98.89013279575842,107.71396966905176
99.22914658291197,106.15307521310086
96.05602686191574,104.68396153669812
94.53843660220343,107.06286026754627
93.44743956001211,105.45570613015308
94.24764993508673,107.5608104705485
98.18952010228001,108.21305793578284
90.00879823519767,107.62975019070028
93.5848937732047,106.87393126327143
98.17449430920145,106.79522391244831
97.74940832343977,106.51311844481657
94.45846122091797,109.22199532325762
96.88962322940908,107.23583264629242
101.06960743261443,106.99896270554196
98.70191591639674,103.73524031112308
96.52822021564084,101.72390449220622
99.68688825458612,108.9835981160918
96.92195483916271,109.07970389961378
97.81488001169495,110.58858447146144
99.3548294149764,107.2625265107076
98.7405859269196,104.69613217676273
101.0770582672658,98.99107669861182
100.31325937357272,102.71398013442138
98.46243371348001,108.48567774030909
99.1175472830276,109.89329593551143
97.31027100379019,109.23986749695783
98.63180574927327,104.05466713832905
96.91156729452955,100.4827961998899
90.4212523673119,106.79458529520201
95.77223627000629,108.80821433759158
99.05628522137434,106.36217242312486
95.81559674244465,102.90545436702149
95.80751889428356,105.3110709991523
98.94759084091233,105.66835516379923
96.46225321918647,108.597669294033
101.24549181850442,105.30421191817325
98.45348847249242,107.69011471336874
98.67322585518991,102.85850480392244
98.21768896800953,103.19730158400506
99.93814200845094,105.39050810867259
89.18907746124599,107.73800191697629
94.98849559227789,111.85079269271519
100.7994194577452,104.6805119968249
97.82346598153481,104.2575347238651
98.57946745070747,110.24461905557487
96.1155891013318,106.24930802222143
98.47851073110779,105.99182624565402
97.47643016484183,108.32551132331373
99.7312989849631,105.79824194397557
97.68734661895516,105.54522780952693
98.5595815608566,106.60427298430123
96.85120670325409,107.01480296608317
97.7452864740114,103.51715307528136
101.37862049690816,106.38544514531239
98.07404315235114,108.33089399379637
98.3648478335233,109.42193558187653
99.99515517717779,109.19534928952861
102.00829264905612,104.87340102407973
98.29362114906272,109.11851093757952
101.29553096798767,107.10815378345364
100.03418593722469,100.46536655292235
98.27363451000426,104.71192057997891
99.77023721226574,110.11694743268305
96.29579188168424,102.61332504547268
99.39300283479601,109.7907145402718
96.0359718006335,104.70931828038809
96.81603031878903,112.93951733748624
99.78574364178519,105.15839384669836
97.50115158469168,108.35381699335805
95.68804112557653,110.73134427318575
98.42780248895822,104.14316788619159
102.20173646423213,101.13143425844866
94.18810708759469,105.68438396239362
96.88345779048494,110.30604697335622
93.21644207680838,103.74721534216418
100.94274255434578,109.63730989289685
94.90819547133711,106.4067285982332
101.96344982333615,108.78180038767871
97.88498587961092,110.36746808019696
98.83300630127883,105.18585621463379
94.4976743060551,105.28161631480641
97.70598577807849,110.8918372484453
94.98436924821505,110.00997732024915
99.70207028944456,108.87972852854753
96.60951917189324,103.10226706451478
99.06279264874637,108.73140541693522
97.54978259575498,108.0247727608117
99.97510488817862,105.48674412031428
96.29363922386551,99.76071452299334
99.41787788564108,107.50345531695358
96.68744109949834,104.19827239484948
97.09659576642088,103.01167449876259
92.77625841931801,107.26931463939862
97.79071305276958,109.62995232255528
98.4981559131333,105.94861970330987
92.71853943766577,106.65176725027884
95.24012661534263,103.38458017591381
97.19329556191892,104.73893160319109
96.92301470268863,106.31905337513847
96.4981966113531,109.7107253527138
102.15460311956245,103.33781718521043
97.49339479344296,104.06240183587475
98.3735187602804,106.91970635200929
97.66257084145053,104.01234457432432
95.80179835323955,107.13118703765278
95.42236098646462,106.59346582268374
99.70762042050158,105.25196694725068
100.1667457114135,109.50783844313683
98.30648898640766,113.30994693134606
101.31369520942745,107.64065378191522
95.98475692691811,106.62477645581943
98.73954292467073,108.34292708521721
99.68928890965056,109.48924997144245
96.54811253674418,102.73069695563703
94.3764966500394,106.69378041073803
95.25878934322922,105.05466734917376
98.11051022287812,109.69560095530854
96.26287623369632,103.86675074263424
96.5831310127726,103.83062970027548
94.37797362827448,105.71086742170516
96.91337654901949,101.54047579206326
101.21652188656563,103.60450680662433
96.20540344408266,107.81140973951096
99.75728026765087,101.27663072923403
96.3091693118466,106.8924956554552
96.58864568043674,107.32875839973502
101.24900505002047,108.05488122221976
104.45003660129973,102.54936181313525
101.8375317930665,105.15726010275019
100.49856751051975,107.55141298532503
92.65275376540407,106.2537188485541
93.16073517460387,105.50601600687935
101.44148197631422,105.29031594848587
97.15409376787203,103.85521341786925
95.8335901168842,110.1559347280163
98.69521777383432,105.01379280458309
93.80935360732148,107.39135349209496
95.0426621832689,103.3298381725417
98.31756749495973,111.52320148460356
101.25670141852157,109.49012434592377
96.86380560463338,105.40862765607262
97.9687723839426,107.9630514244919
98.30698958272563,110.83199169508421
97.60364326674087,113.31862656459329
99.16733614627839,103.94139872903537
100.25740141876108,107.78833745553696
98.10202420151519,106.06499028691854
94.79167149913492,108.11743747656605
95.01486090307479,98.71266325116767
104.18305678996093,104.04734218147607
102.96894607291178,102.96333320155512
97.8444008704796,101.6013179851351
97.99025358164465,108.00639003253406
99.99729013997411,107.33168183797534
95.19957963251187,105.73074569254102
93.8794245945193,112.31307721131725
96.86183890423715,105.41946018495078
96.18969582095946,104.22492025940191
92.78172871266148,107.4408211377764
98.33970342103306,110.73302476515765
94.1041473874598,105.2140047599872
95.72652623346617,106.23100327301765
96.22087994194247,104.75945484261547
102.51552711874876,106.27925564869993
99.02168616375472,104.8474977035313
93.58539322976355,106.31616734418998
98.4642823651436,110.83079139496225
96.47768158419152,104.01346524317239
94.54363990611756,106.05183054358228
93.68168133789408,108.85488639961827
100.04986817464221,107.95536652831557
96.29891218290913,104.85921607937594
97.89230654590763,107.2813275326299
99.56771377690643,100.79350533927168
96.8860228972019,103.1434759475636
99.98119747101708,101.09040638947722
94.43640839688172,113.12313239152921
100.63750383542796,103.48010028591504
94.76909589512027,104.97949574548608
97.35609745712844,106.6756943262908
92.14383707949321,104.39716280205236
99.75137971912937,107.78694472314602
100.70960784573856,103.60666157610265
95.33151896834106,106.42260903540327
99.31840676040575,105.51077570795783
97.42926917381085,109.7924870357906
92.94084310720221,103.33382777046414
98.45375640964711,105.63781254638923
96.08403815787487,108.4381214338796
100.73387047904654,104.56356835571262
96.98972766450592,106.3608288438638
97.86118645700233,109.4117564823544
100.69996641617394,110.50436738675735
95.78184200118541,106.33830221421428
96.55466090794967,107.4567892697301
100.95201136827212,105.14271101178224
95.87788261656081,106.66331083470975
94.62719767126964,109.36495054470826
101.44532177667705,103.76911343913632
100.91333117732157,107.54054823609836
95.3283386853799,112.82696112664088
99.50350606262226,110.20846952388408
99.88330396474824,103.10833157354271
102.08244912131721,104.93478430676974
94.33720609033472,108.54754189036198
97.56927608500958,108.04105329702979
97.20132186791108,106.27215490429462
96.3269202367146,108.70027548314577
94.79827050012787,108.4949770212492
98.2481384404485,109.35470237751493
96.30512252928054,108.3582705990747
100.01594968572981,104.86364077382046
96.10104867270597,101.46925070473564
98.89193827211207,110.53763523346896
91.33425265504525,107.76139509840324
92.332808214705,111.34404975347398
95.95431626159535,104.06926802719882
98.88761245186171,104.21250611799172
101.32696070721639,102.55475130756413
96.78137682322865,107.73025947982296
95.61089062320343,108.2129568982037
92.72142322397781,105.2488823657935
98.17682189598771,113.62580603732
88.64627114481401,107.75019390964816
98.50178184135531,102.05359115016171
102.07641744004495,111.989853466596
95.08690749898888,111.06041940418976
98.47204764965889,102.19461272207576
101.1051398027524,109.03255373898683
92.96491520370238,108.12420201269506
92.8924083451049,102.93923751835858
96.95268807714362,108.64324981515553
99.56984490580216,111.30824270242918
96.1707710632244,103.57144665324472
98.01661629898761,108.12712385216132
92.08639049643386,104.41739822759034
95.65000698790816,106.91042961212676
94.82127442928271,107.59803897217937
96.90791321384393,105.40247862837472
100.48307520033067,109.69665642073915
98.56897281992579,104.0128513354091
94.9652267505267,105.5879345271799
97.6636547176014,108.31645755981654
94.92103854583411,105.4958101873846
96.9151042556018,106.22247670529401
103.61485777933858,109.82584009009419
94.85779893387462,106.38975282829462
97.8186615738047,104.39396868116444
100.63754446804691,111.87966820381612
99.27603838641102,106.53323457359188
98.41684819098953,102.7276522100097
94.91866880799506,103.07561878784512
100.83946391439407,106.84260076176301
97.39798358210103,108.75274519153466
97.51636979443818,107.31522729168209
93.79953323407395,107.51388490324977
94.78842437338987,104.72066668752527
94.22988084326731,106.62576312465742
99.30215603988894,109.8634840946233
96.51734138605141,107.46517001546394
94.28378503733498,105.64667929406943
98.55323813841251,112.06146813813291
99.38947604596359,105.68400368556047
101.36071010219918,105.68828077165662
37.70062036927272,16.304674924618926
36.28710515932259,18.580895408161723
36.68013301000642,14.43900892964262
38.04435091907168,16.598356262782705
43.285939089273796,19.84580267699688
40.685574031958154,12.750337964769908
39.43534741916539,19.32440881305051
38.12377958652746,13.702170432523602
34.930668538205104,18.07337764686894
36.30200438824757,19.40508268781504
33.586066718798705,15.82528488149968
36.008625356296,14.880890409149035
38.05665890868971,16.809611410725957
35.481435804679094,14.584441987383272
38.20169532729397,14.188956711951597
35.543341656586854,13.482228400606047
38.1693124089586,15.547765447621488
36.13746875954969,18.234675707026543
37.441152305378445,9.97710397365204
35.10410578459741,17.986469484764704
38.102934580466155,14.5874182498007
38.893808725848295,15.453011892774523
41.49041385872678,16.372732994503238
33.65296280625923,17.51178279247494
36.093075145309314,16.679439141193726
37.85799989597057,14.844123398257212
39.120068141429925,12.958169380705966
39.34226857803407,13.756846797786254
38.11905026805058,14.103466327320936
38.693359575765385,16.90022770882428
34.476342679138504,16.562991704155444
39.28770091359482,16.215880268790404
37.92754606336562,14.16353946734722
33.296772288583036,17.08815452522427
38.05049700543602,18.13767367770584
37.337671206389324,16.58955337823444
35.036567335080925,15.485229283348719
32.36896645454801,14.269189391088931
38.36031811776282,16.124562670015393
36.914114314568096,16.550844561711727
36.88748252255576,17.571540691258743
32.16220736330988,12.504956999673048
34.88738119311077,10.852915820574992
39.80667513996334,16.980236673061402
35.18671187178388,16.94926335239227
36.483064712603095,14.798851709552265
34.820180542016274,16.55645003918778
39.863956194342556,16.246316221240853
34.363220093965964,14.260512567260093
36.93275088258567,13.66211818722216
37.59644672947026,18.963653311369196
34.36550684615348,15.693853432137049
34.35943558755714,10.458603178911407
35.862417255259835,12.61515046615786
36.6865799637396,17.03164344679777
37.218252345134594,14.32875019105116
30.393289335003434,16.803670154072947
38.09194703894758,16.9868769844126
38.59889115920165,12.354078583802028
37.391487052921576,17.270136208885315
34.2466319093096,15.651957398298613
37.422996209348625,13.348203943688024
37.697261862607505,15.999377151513151
36.47500996091069,12.088580447274515
38.16588607356206,12.78502228770768
34.40504762055044,17.47948351433873
37.16161552049449,13.486444417888013
36.860649201559376,21.26086582524983
34.64407745926042,16.247434762367064
34.55017128676132,13.450517729090812
34.71902817223116,16.861144177719698
36.32427882445528,15.863542968234215
39.53787113125122,17.339762726276078
38.10682434243825,18.712387406178472
38.05534138567594,12.223713576500376
36.338061809870275,15.341793217266604
36.75065453266507,19.009777572112856
36.112224848311605,16.77736723089449
38.42480033322978,14.665576609210428
33.356965467640244,16.591771621631086
37.20032236343017,19.34688464250528
34.28351789724161,13.6802634092695
36.13401271742584,15.98655035220087
39.83783496167873,16.168610510043436
38.47028896218109,15.932967657066062
39.71155138443752,18.444192996307375
37.06595202469079,16.350914005231058
36.10141145705989,16.70260307174797
34.16002303461729,16.893713006222352
37.74668771468911,17.38966819437044
38.62108830946467,16.17656100070462
36.291253328632436,14.937145815054048
37.95898632679343,13.40808487009102
40.268682891602914,16.433835587206975
38.10246486552416,18.06003299109615
36.43722129105573,17.76215290203271
34.68108971962793,17.88491444455923
39.75259788880858,14.381084377415078
33.74351143600351,15.358842715856618
38.46949796181727,16.44045985259148
36.5520332750333,16.275777719350504
36.065960118293624,18.910138159579734
33.989838379373296,16.829902206297817
41.05457097880323,20.29523076792005
34.24099644899056,16.66630791684961
35.63773410554913,17.10805885584168
37.3445091477065,15.691344973145185
35.11875099706252,20.619514053439882
36.88864326396873,15.91258384353504
34.61180038887298,17.790319438157884
38.12348090229988,15.91374189192408
37.85644026903842,16.91263412750743
37.39479552035466,12.775812806157985
36.324932703645274,18.42882585764693
36.13427837432484,18.96118925345128
37.494534493153665,15.333827022950125
37.241349163802894,17.306159215314363
34.01769698098571,16.198929656123138
35.30680052032454,12.133578227724989
33.46974269902691,15.937661025667056
35.83466768981831,15.5094077845885
37.282591501323466,16.38136070449213
36.409629904126504,16.834324719767412
36.86950385228827,18.655963856883837
38.40888319274668,18.446722913446653
35.5031711382013,15.95220900643194
39.22232502586462,15.825622668376433
39.156163114256756,18.90270334478402
35.71474127619772,17.767339067480357
35.98769191572755,17.84271018274261
36.50158924562803,18.435741286858942
37.27742960910919,15.132371794803397
39.61843789660099,15.440507824699768
35.97656600488325,16.803350135360404
41.18562042291992,16.213269088324317
35.948596908390044,16.511974819807467
36.388884661586054,10.866201120811647
38.03324652280848,13.591691578101933
36.434336441890736,16.521133972075845
38.40998529633221,19.237948277004513
34.11744016105084,17.605009911892576
37.786710653348415,18.153207043600208
38.98282652569631,17.140377648742135
37.168776088684915,18.255330582147653
37.87370375543728,15.107960957397374
38.624862399818724,16.09621838940813
35.42568063978345,18.37191340805013
35.334290760399966,15.291372974122288
37.419095995293155,15.431464558412335
32.35983507513485,15.698242174648039
38.358488675346905,13.340239849141415
35.86308959360333,16.21569852506552
40.18256628181597,16.934675409586532
38.00879128030694,15.520369045984221
40.78129010723818,14.861913306182881
34.02355691304688,16.323947273114683
35.44440850748882,14.056005238183975
36.02486872758848,12.654166674571238
35.6144743307694,18.78646371423758
35.11651076345993,19.16941382846168
36.97162768092996,16.667587504071893
34.965205857626486,14.751280150221213
33.99086493794925,16.17718887565925
38.092798570496974,17.848803351039262
37.97808342138811,15.954794725953832
38.80081067472695,14.303043947676164
39.68802721897606,17.17763746472325
33.60667627892871,12.544731797407465
36.05710015050254,16.4597102548622
34.41516235270943,17.074927249065844
34.78867061348848,12.023636995828124
36.61890759580293,15.751550638549324
34.55564024862959,16.90775866790056
40.685387332349904,14.797277183514371
36.605560825796985,15.31808030756233
37.53506042317582,14.635309312591165
36.38165313837237,14.914234717675726
36.09324550496733,17.011665639805106
39.505091076009236,18.436049977414896
35.848621526193114,19.727318264549222
37.95781568248053,19.090104005375395
36.33984438542886,12.349859940868866
35.49186823980175,17.727175907868705
42.84560248182386,15.706771385001918
38.58357663075853,13.63827024784002
37.047702985546636,16.59797772062892
37.7626330853625,15.404480428511608
41.66283936075882,11.57163249474968
37.4194865584661,15.137218653266025
39.25202825070433,14.282005415988431
37.598225235189744,14.91746283479793
40.019301804592345,17.439916041988916
35.06249576214319,13.550020433061556
38.36558348259145,15.404978309246992
37.80875089978144,14.415526327926479
33.41559604660287,17.852974374911692
31.61301332711813,19.56895986878104
38.306412863068246,16.140888555694005
34.505953642673965,17.096046514928844
36.70047274846932,18.683946629312583
37.429376873460306,15.294074119704023
37.17311149237003,16.09829916376821
38.12923147829799,19.367868760228298
36.4166020048725,20.079240279767383
37.04806247680576,15.811796471829984
36.789004441459255,14.244609120340945
37.5173523341333,16.228452164114238
34.992570251103615,17.053538235667254
40.30230077383689,15.453113076150307
39.39899055967904,18.197350639326217
39.40242364082769,13.547110896959598
36.734793765694455,13.664398840761946
31.48769205359607,14.06331641912961
34.59288075083791,18.31613448051227
34.33568034098003,13.867886595692504
35.74944132879921,16.752942522075344
37.99991250243655,20.174704259286784
36.96269804203563,11.671665287357012
31.172530275022275,17.396139475618046
36.74038838508002,16.196400354025315
36.088152010198854,20.37514614387423
36.02757537258319,14.541126337534031
39.704592703414065,18.28926826630048
41.21673445125219,16.141342466239998
34.124260471823355,18.55766240222391
34.98430834429974,17.157804346441132
35.206814266859006,17.823376867042235
38.449778307383994,13.824297536051672
38.54525410619868,13.668554023097789
37.95377795949418,18.585864085848236
36.38449193480343,18.558068377184874
35.56181440136773,16.500568664758813
37.37227017948668,12.272064293869311
33.125092548344895,18.93646401254409
35.79343940530121,14.614428925408777
33.100785887778926,12.947325501915044
35.587424843136944,14.532663944524298
36.183020155372745,17.830394503210844
34.28813205407173,16.403816182537042
35.40563886247641,17.162880513615367
34.85232413856154,15.837216560814182
31.964760376617793,14.965599655203075
35.38165595011863,16.263057678948535
37.37871521081679,16.433953641624587
39.064049894529745,14.837855887653793
37.1296608672178,18.467440802849215
37.14044754429039,13.837010098874787
37.732899967829674,18.99967600401676
38.90385430843676,14.954933150933755
38.230478662138864,18.08216225264368
33.43523088098186,17.75779270891756
39.17842788549761,15.692926301390386
34.19383143698832,13.810775929510546
36.23667255082041,14.468998081065909
36.67721195180692,14.00346495343539
37.25981479509038,14.28764344388355
36.8980033772361,16.136481240315145
35.409056945536655,17.719425695366436
38.320999597263906,16.870331352014045
40.78552761533924,13.373673365538512
37.99382018168017,19.310033207199794
33.970009531832424,16.68140562595805
40.82752120342005,14.832582623588172
36.14187668839421,14.99497077412775
36.94310080474089,20.323811736147707
35.806626999542026,15.945692663722003
39.13018115268062,15.535726021746715
39.5495046927908,13.317684911369803
39.412845028738005,12.356592333731694
34.51418749211236,13.121371227810103
37.57540991954802,15.31241932181136
33.57925205336289,14.171373515877574
34.99121642466527,14.897667669595618
34.918832152244335,17.158709018652587
37.79011342031092,15.215818839826035
36.845396820161646,18.001560524225656
40.958286907684275,16.856666922999658
34.86480250936201,20.082346412066308
34.419062525473294,17.32305728862279
37.358463931821525,16.406077102671723
38.61557523572884,17.999819280421463
38.037577593300654,14.92692888831093
34.84435827315197,17.52506892207201
35.162834746349475,16.22620788439482
35.43232114419856,18.545755892675178
34.496306786998815,18.5436513070883
40.06200465417595,17.075935178214294
36.60616144319942,16.834974838870618
37.19012982333081,16.103933992551223
38.16683213854756,17.480776673695612
35.97285164896481,18.252523630207666
39.8916835857141,19.975124288597904
39.95374791995147,15.209654534921002
37.66704367900036,18.472621041626546
32.47628188493866,16.05193031396163
36.05648928687489,19.066668644277392
37.883146466917395,15.211073352813786
37.73456479664332,14.516092566265687
34.83368602334704,8.14281812611147
38.337513961053816,14.053352615591816
35.431946316909716,15.161756450824704
38.036289314646886,15.70359284083166
34.912598342908105,15.331432058660255
37.92690318508637,19.052516905471126
35.62854627503504,16.137818767039942
38.82850486671541,13.380404962033555
36.78480882824185,15.623156246939894
29.40892676170868,15.417470834309867
34.842684151825225,13.69998298836824
33.03036162886423,17.610267010990054
37.323969921498,16.43378921173097
36.09426690985181,14.92982581664969
38.452968671177175,16.810771540410855
35.69651308393884,17.548112580509553
37.955904938510024,13.59935635421544
38.859439345636495,14.859372745210115
39.20118944948141,16.3423541098749
39.74198749904826,10.611616821550946
38.899139157445624,15.911504349869725
33.5110654257607,17.436413263439498
35.216558801989876,16.161939443477955
37.62067941512092,15.874941872072803
36.19532306492236,15.65589915791124
39.45539305285952,15.429219156098178
32.4717921568525,16.62570485986148
36.30599255207537,16.419938089106655
38.10776219699172,13.000773175792176
34.91786779810391,16.711294151561425
34.76767490273188,16.056515780160115
33.99146584253833,15.969083714189106
42.573909170944944,20.69102038604296
37.12462554888257,13.539228220079
33.83868317777479,17.547950314622796
38.76324183921571,16.039528749592538
35.71153889818547,15.655946303197673
38.56112082624447,18.27961453474657
37.64963115646066,13.495009743145172
35.349377879613755,15.2914392351802
34.07337271394998,16.410387590973563
37.459488999007206,9.56487567184783
37.720603135407174,15.691998536702746
39.39487471250258,14.752699687383586
37.03226589373322,16.656061315010138
38.52699688750832,16.940704837744843
37.01168769226945,13.249261796025406
35.40310700530702,16.72440463095629
38.6866025358105,18.364596446520572
39.781578421223905,18.17254797640519
34.66134068693035,14.221261421895946
38.158849754803285,18.715753653538687
37.56982252573228,16.01934226233326
35.97009445140253,15.620790418442901
33.62262406559033,17.028868553865166
36.38187651323705,15.104357655443847
37.0840246851681,14.631467130733176
40.907985770970434,11.625901503728958
37.69845380300911,16.980552145837276
35.07376442565419,17.33125519281246
37.03024749766412,19.515973072510192
34.706647507792496,16.514365436789248
41.4727701228687,17.587003856915818
37.9298492312704,12.625564426348092
34.53187826879123,17.453357240801793
39.443583712948495,16.28393557035777
37.35304312883316,15.093486792583187
34.33315703524542,15.647785488401212
37.810275498464975,12.229736386373732
40.054627854816346,14.487977445009918
38.57763477548583,16.387748700691986
34.61135417906097,15.5219204050626
38.8767792881456,12.332973693124938
37.90732863861083,12.260855415707265
39.94651122053097,20.33991671421527
32.312786844041256,19.778112674773016
37.922734001187294,17.598419235915333
38.94750511182646,14.995635650375812
40.057440730496374,16.789687992758957
36.94376291514995,13.404875411658866
37.45997229468467,21.246838612441493
38.11017579188359,16.44355298864009
37.78549365285684,13.646324288482322
39.63292265094734,16.436343398811616
35.933178219626164,16.377648956539314
37.05444595552905,18.85303870084236
36.35549028996525,19.333370768682535
40.00939265186252,15.881693782637003
40.753071467675014,18.754873606898542
33.25661883863095,18.990448998424522
39.93865803824913,19.537118004104023
38.024837935714274,14.379175949229026
37.477931374368296,20.790507557516314
39.11763547124981,17.12353680942042
36.907335313801376,15.394470020750655
35.68520181456201,16.667758759001245
35.45357155750002,20.239638256996805
35.26995370337017,14.136298996913775
35.21907351216089,20.979564628996712
36.6679058810159,19.8784014275451
35.81257221743244,15.332615839938732
40.77109273339333,18.80861755841851
35.01085812005449,12.392217518440289
37.00804554995786,15.253434420528277
35.24286927374563,15.135546644109523
33.07019276871079,14.31962646455917
35.21589367067076,15.082479042054565
38.34786474292739,12.208086767196427
36.607689886296555,16.001354956029815
35.80857436650471,17.952352417490292
34.78136544851196,16.49722765262253
35.35277176449525,16.133198607124427
38.95847358625403,13.893038985579214
37.65509731455762,16.599835247695943
34.4211872505539,19.322685907377597
38.37512100207513,15.060208626201806
36.89523324878908,14.965050486090405
41.17910847174663,15.232320189052183
37.7646289512846,18.70696467654875
37.43589195345323,15.194566718170053
41.11740875218885,15.686886966740497
39.38958561939967,14.832080896309085
38.47679583739783,12.142343195022287
40.66611002110116,17.313872668250234
38.441936287969774,17.197161231772668
35.90094648350659,19.24443745730595
38.22098814957763,14.055925590535772
32.56403876013644,20.148736599268126
37.129276034704226,16.662944055351286
37.58690135849528,14.053651117114558
37.50766907837927,13.401109760364905
38.35043296195838,13.531324118945227
39.186641638969185,16.63350652538826
37.38451908282062,18.413226191621096
35.990901613393156,15.32722508032833
35.19868050148197,15.860159754069436
36.293642630765035,11.762661025888406
37.13716623658338,17.217051560950573
37.18704243510254,13.558858408623944
35.79169139169368,20.68460093423643
37.09751809187442,16.418322259721354
36.1516775408641,13.419271237781436
36.20733687436356,14.791694016093754
37.59547530384041,18.363862634912557
33.90731606568778,20.516159144441573
36.43113894637709,15.562886891296364
40.47099638664194,13.988780856154989
37.41992007571581,16.60339127096537
37.223581135404366,16.834730160421415
40.23197075559996,15.367786683765775
37.762390264453366,16.886827588968462
37.442914306420775,19.361005900793135
38.32386463188859,16.660983139082667
35.66280419049312,17.881628155472235
35.44044870113695,16.054726510582203
37.689395989706306,19.10047003583281
39.65431811235937,16.758462862128784
41.2923266888216,15.479496276439157
35.06690455198548,15.984577509537946
36.31067939134826,16.217631261231386
33.21578370872001,13.504849703791226
38.367604056518566,15.428091880744718
36.15200132479572,10.984719221256064
38.22187195138017,18.893740806860922
39.415236697434935,14.079126231500705
32.75261161755233,16.609542978795663
36.820306053700214,15.103951820127001
37.703381833230495,14.357861565240192
39.05489576770786,13.666137619982397
35.952933959631295,13.89792226989714
38.56904134995543,18.87114643696411
42.788805223395656,19.370516215794396
36.36025240832461,13.553518922654018
36.31924700493847,17.354058333071634
33.04364503460167,17.250405403260917
38.18967771980495,14.792955855317151
34.978356652960805,15.871977765464347
37.02007484406151,9.82532194395871
33.31318069335218,15.338377809549502
38.812578764610414,16.060995523444724
40.21105686033077,20.186371055789895
39.89672727030209,12.903824595905306
40.45811086688389,13.873225507163376
36.54662924776791,16.278733932294916
36.99627882115916,15.359099187587741
32.99527883105946,14.39724034791873
34.533453229974405,16.474040193692502
36.57031051667533,14.081250182469715
34.55682877365638,19.211409150644027
36.78744067241596,19.850598970144834
36.487734533548256,16.490776146516694
37.655695554642755,17.705324927099692
33.11911829670478,15.51403217366824
35.19439828257367,14.377759564859593
33.161644432623675,15.109165851184699
35.65407232746852,12.765490861578035
35.06222504576652,15.065922302594762
44.26151920175356,17.24883760761297
39.11249066573497,20.702410628143458
37.184512243477876,14.989820449265538
38.82958012272948,17.26873930943675
35.13326759435497,13.019901642405795
37.87321019447423,16.699848759895527
35.40639363887623,10.191847749534912
37.402074195936926,16.418090742304685
38.81802258401146,17.00503417014107
33.73772721095804,17.2600856515176
33.350113137626096,15.258157827834557
36.88402496817086,21.116493960047553
40.58876771632571,16.27582114077129
36.72715546336643,17.97506112742594
36.325905205058625,17.017963417766698
35.795673116000316,17.04640903844985
37.87219632237984,13.20683047472892
34.7000418804163,15.917660050263928
37.14967543276013,19.366599694950466
36.44031173222177,15.36389514100376
36.610692019190736,17.18746061774283
36.3538731581052,16.221455315200977
34.94884116882199,16.80852247259824
37.79016183318857,14.389596896576293
36.185848399466586,16.728281467534583
39.427774652513655,20.14299364130825
34.66903495561798,15.543004979947826
37.89310350033197,14.115822742584845
39.373964937116995,13.931708738212937
39.41533282670138,18.303285700431132
34.165195496841235,13.617447060397698
38.290766158368456,10.947694211174692
34.96599425200769,15.83146000052451
35.053104738375104,16.486250976707534
38.62571602057859,15.745457105894918
39.61951700792441,14.675635282478796
38.491252260529805,14.247436309956985
40.13063245914445,17.899291376593514
37.413877388072876,20.67463314778955
39.056922672934675,17.24349582933552
36.06834812682844,13.826374900295685
35.771293641709555,17.40363128358417
34.133688424458875,16.046913134010325
38.35996509636498,19.866885146961657
38.58711127929741,16.757332329255746
37.34848761036254,15.961205111238517
38.750523656968014,17.594962631720083
34.711361816658844,14.718041902956891
33.76545391305599,14.318000690714532
39.66468737207455,11.739488238698158
34.85197378085985,16.473352813792168
39.5791240548928,16.084810490892686
34.90333885734007,17.38971151872421
41.79931639631456,13.059445933578864
38.15046343031206,16.268028618032485
35.74732916081314,15.597847347330921
37.91741147315533,14.918465713790706
35.797753243544236,17.495676044183227
36.48815608918881,13.49595464379377
40.34867928818391,17.253575363018726
38.189158689341724,16.57090733209721
39.35725884142919,12.788724778081539
33.684203243686405,17.882550297302657
36.42230179971346,14.05722269043057
37.742740407081975,13.817938493311228
36.62087895788846,19.209580326825247
37.451570562399084,13.192160939898006
40.99867134907873,15.208310827734731
36.060776144245445,18.773834542823778
37.76513908506456,16.730161396615465
36.289172251968225,12.52746280424467
35.52098764994993,18.72796079381486
37.2320684345429,17.22520445238029
37.37005316928866,18.346027133685528
32.910566951575255,16.403428603840453
33.69140190151274,14.650833953786725
36.95302826665341,14.611133636654092
38.25423949430749,20.74388007762061
39.537792391963535,13.713561228914642
33.95164674213513,15.120121008949964
36.86301675337593,16.668988959785427
38.033251756786186,16.831066626090504
33.42410545338995,16.362064309531974
35.28093156199519,14.566732341314463
40.957757260412464,15.08909817230182
35.284634679367635,14.074233467758267
37.22680769750309,19.134172303687457
36.21848991121682,15.05008114209086
35.70918619011425,12.377091106573557
37.90606203927348,18.829172462966927
36.95713109730183,15.375014233566489
38.69633138051473,16.81398130130388
38.3228063449679,18.36746325961264
34.87214472505789,13.396747882142602
35.504986345619294,17.898290066625115
36.03495265708403,18.400714620414288
35.944540935322884,16.76203242345393
36.00601934014668,17.82925065541308
37.3880770594319,16.677777863360152
41.60899190832249,12.000089325870132
37.26127269715436,20.210627454189897
31.488242310428433,18.049140660668865
40.067223142517626,19.25704800486033
40.608422651360506,14.319524243878533
40.98100340863643,15.360845040785383
39.43936374647838,17.558755321200213
35.40081421951403,12.653850188062997
35.845211477019554,16.1702743656325
36.773278116054044,18.27141663011402
38.345883617801405,13.01150010838283
33.087363419136274,16.774969136779795
32.91910335637343,15.386071409882788
34.44454326853141,12.585084646842546
38.96642351005672,18.514509084370165
36.28587004049282,16.962178411332033
38.535179022171135,14.052119727308192
37.12897655741436,11.637815588946932
42.67555303719209,12.80079961330589
38.589221653739685,17.32537186059231
34.355273462109494,14.368955462821273
35.376903564035025,13.592434515355833
41.181966671772926,15.581113283903344
37.21450871804415,20.959838299592256
36.52186167158465,13.25767896706122
39.40381381351657,18.733191917531716
35.91410428193806,19.597316260758195
33.19135615206147,16.135857576232716
33.24162510497826,17.056823862446347
33.79160864128508,16.25568590390701
35.30795502269055,17.19686061614406
38.15565102877267,15.934387789616157
34.00266740711035,14.834819923628045
37.877709573961326,12.824495092782339
40.33140518894167,15.280645873434237
37.62754076005199,13.590458020888642
42.73270545649228,22.306360278437854
40.411845382080756,21.21095302938585
34.15890701396704,15.869756134649817
41.12612545007189,17.496203548959663
37.30956471179698,14.603402204635346
36.4093800986701,12.365758975618917
36.691807403545766,18.093417373785364
31.72503458499026,15.244003094514879
35.349678093368304,13.466308293470638
37.297869590123256,15.229806913946945
34.37092696332014,13.439038716308888
39.56244411510147,17.682387606588712
39.19099234085252,17.388980577354697
38.29212114779848,15.432438015528803
37.16677178554288,16.331295383752536
34.99166681848926,16.071430926833205
35.63791315615755,16.448657613420053
39.33764408366123,20.384973573822762
35.124179581056396,18.21800024095085
37.24508222005291,16.07441993745965
33.30549082085468,15.593207484272915
37.54262471882182,16.11797871185096
39.12165189704806,14.720280862440347
35.34252921710624,17.49822013506063
35.18714709462497,21.256793878507743
37.212971530883394,20.26413499600834
34.9756977766777,18.369310898835067
38.75041697053205,14.71582216273027
38.250701176534065,16.623601538454096
33.985389831452444,16.161746633512962
36.41843163262815,16.212008076533113
39.286962392674695,16.29017897995456
36.421070608387005,19.038226150019163
38.348613081802434,14.584676643378828
34.532280064506146,15.845258854324607
35.336677475550424,17.631675225124575
36.784075082025204,16.11110095810067
36.428075999327156,15.25484091571237
37.534659860670914,16.184667541205613
35.7864260359481,15.435781430232577
34.466479248896796,15.19692584249187
35.347522680108966,15.470611787720207
33.91390984503923,13.884753193290752
40.4814988877386,20.86364550723291
34.838317793902704,17.823432355012574
43.06829220383267,17.775824491320044
35.67166286404106,19.695204191778902
34.59001872235132,14.720944247821032
39.95270441264756,16.892847005703658
40.81320981828349,13.164008673420113
35.69135244280295,17.456102068623427
35.11754448270909,18.369791949347146
39.47192442900175,16.11874613935526
35.55572031499877,12.642212807714328
38.431863905848985,12.831452355842567
34.50477175760155,15.55730957171663
36.77026182873715,17.06372156053775
37.493657748609614,15.843101099515572
35.8040976286482,14.099314455862038
40.869812632668236,15.702427357969727
34.624995444785085,18.739263872116787
37.96185434773206,17.9670803203476
38.11612959818827,9.266369049371606
34.64366266426536,14.78618432295505
36.36427162217065,16.070537109471005
33.57487523537814,16.7771109660494
36.05706680922684,16.88516440628832
36.25438825261183,14.96528082785825
36.307067801074666,13.018927563170744
37.644651894824335,18.51422720569911
34.91541203509965,16.64265171871844
35.98041893097106,12.572607596148467
40.3268062202934,13.2945412247483
38.186651340725845,19.84005865858208
37.36988652314875,17.191653407280906
37.26696769212155,17.367599410243393
39.17119219235992,18.133301432906038
38.264783006838755,18.313577279964267
39.537713758430996,14.998946214011449
38.35765341298512,14.508407440148284
31.102093052452968,12.08121956688895
42.78340006556061,16.73337544532104
38.790160303093565,17.00505806914136
38.077800927350175,18.397247126856314
36.35197406891599,17.744107248356485
35.912001250871235,12.159426881663663
34.99986991419804,16.349894070844304
38.07273599685497,16.26779913240696
38.179779249055116,14.512529319094405
36.15772917176814,14.068517897494772
32.11384844817471,17.36967176255239
37.16024630128285,15.54392442904968
39.53971293470646,15.232182633915553
38.66396992760226,15.636354182223064
36.953448263848195,14.949350776452766
33.75358880820612,13.421147571968417
36.82821710759232,14.061902437389215
37.45343534437708,13.464239551250614
39.69413531664334,19.46837374570438
33.441708242139285,14.970198196147102
39.318461831549854,18.764752577238433
34.05333806258697,14.316854362799257
36.42252087834015,15.447373135829048
37.60403605637568,15.001067375889997
37.21940747119221,19.87517500481208
37.86623438530342,17.510655944135884
35.15481980247702,18.81194175237858
39.90615741203559,18.466731343193604
39.55923998844018,15.951455631618554
39.83943544239903,13.420705450841965
38.32284059037118,12.3672643072846
37.64343310029934,13.738508030045455
35.19128529110786,16.34706598039412
37.02335435893996,16.06129676243623
37.13609773347336,16.659516428920167
36.7200809089656,13.142141834672062
37.73900823837508,18.78145181039932
39.445698840245015,15.2293442444764
36.865019900364395,14.32684137812126
34.86605988063027,13.85292832502226
39.64443891443212,14.916762035754385
39.951085192092705,14.05964507419982
36.61550605418516,13.46201493502104
33.900278262953314,15.74768663978755
37.99979207786836,16.868798593056653
40.01931887940785,15.239399717554067
34.85662079221403,15.191893940475435
37.84467187777291,15.80829673302569
34.64023030264355,16.94559973205233
42.19767881739169,17.595522108793084
38.3239395444812,16.371238907709216
34.89489104790133,14.954705737623724
42.90478341066306,15.071214496786595
33.92542997856979,16.17936052383681
40.85756285577233,14.33246013463262
39.31952363161275,14.361431931216563
38.91836745739576,12.272832904816543
36.09037457790568,14.079827306148383
32.29674291756588,18.458280226472855
40.553151197060544,13.897160841051862
37.91907824916682,18.78625678828321
37.36515882618292,17.467664255484827
34.34783153591282,19.83203666766769
36.139558613512996,12.678654775669871
35.151186402207145,18.171797987342885
35.60819986372428,16.660764161228194
43.299062257647954,14.071543078197918
36.49249685902056,16.612279436911965
39.39526146070678,16.481778837235808
41.07025891096038,12.564262087677264
37.85994045190259,18.822217265391878
34.21690258156602,17.703763614777
34.528830680339,14.56573502592079
35.005581035486436,16.79719403055734
33.514274361776096,16.229526773058133
37.58722103780108,17.683152486095523
31.451131645710557,12.205582652013558
34.18738511814807,14.945040261894544
35.32394260373298,19.1808442247592
35.445423660887464,17.423743249690897
36.9258929539642,13.977740116123023
35.13063614828987,14.550303070120266
40.40146864355373,15.908831200589702
32.46175122713029,16.0034201361336
36.6038485422314,11.495353844694176
34.92165787934696,12.238657744186735
37.13279890983174,15.459838724201203
35.52301248900637,16.694689757503404
38.22674787859015,18.545467924579416
32.60541614831328,15.76118531313807
36.245184232392276,18.754200728614215
39.06861293875548,12.85169346472258
37.3904386601793,16.154395617073423
38.659060456005605,14.794713445501962
37.77987864392187,15.373125751726352
36.72509864974652,13.395139342501292
38.19097264152506,21.35107663326081
37.33242317592993,15.597804443274596
36.88804028992773,16.992796212385695
42.00384510102279,16.643956060286026
40.99562159097285,15.12960571597165
41.09491463372248,12.376399540182275
35.080317646315486,15.888216125676255
37.82273362045937,16.07735368068864
38.081980671365265,14.073886592493746
38.8097783943565,15.573827329364022
37.56206477488394,17.828932483831316
41.56798635954023,13.36128626943374
35.64865342032477,19.368942276932987
34.552672400443434,15.820790874154866
38.907156466582634,15.748474298285455
35.58710506257275,18.64994592915642
35.718593461393745,14.8493785736107
39.786494936461594,17.295219067094795
35.00953294650766,16.918132464362067
37.64777726805132,9.92753973292322
38.410109605413886,13.661738570670437
38.02362150570597,13.889014288218299
38.643512674266695,14.950010835203058
35.298533806626985,16.73830466015904
35.635924034220444,13.990160102747648
33.57842365820045,13.93139969412997
40.20371556016109,15.874932257277894
36.1169482981264,15.60604960235678
39.12890297608102,12.259234541011015
35.14682242271492,18.903819702800725
37.845117246526534,15.965655388865652
35.590337762889284,16.290182192372647
34.81943166231038,11.857957579552775
36.529616948110224,18.6708934079483
35.2062487416369,13.65008654479151
38.41111220699167,14.658850919559477
37.83869957192201,18.265046927377817
36.099721444344475,20.797126243263005
35.83217156468619,14.509093432975524
35.30539353293895,17.227754802752468
42.00850326592466,14.956529112066619
38.285787758144345,15.178643909000353
37.35342063922158,13.536098171961225
40.38016342749124,13.060229802883443
40.0584763906932,13.919567168543425
34.810494692224026,20.115663891086744
39.05871329605066,15.234395021725767
37.18269553629428,16.4569516790393
38.52529848131819,20.818214321407268
34.131165542074484,16.992871731963433
32.61792261803174,17.08992329008221
41.098891127387326,13.351386491345684
38.85450399201821,15.254062482370378
37.02682254709049,14.088577561224374
38.48649114841822,15.973091210218719
35.95244497083407,12.097322055692334
41.85928692825495,16.96090981813756
38.54763387150683,14.477715250313008
36.9056784911624,18.013058751585362
39.30663866916821,18.417606928501833
35.08946603626761,14.630716719516561
35.44521240290304,13.12517250400467
39.77758541215326,22.0828572128275
34.60178164977576,17.032352248726536
37.16606222183019,15.487989734946625
36.13628455267993,16.378661823453836
36.14834088055182,16.241001015448635
36.84313623517964,14.807524863730363
36.48549282169334,12.52578951435097
35.405971413492644,19.942694223330555
36.881721500424405,16.252288322275806
36.03162415889839,17.025227974997758
39.69076791112712,15.967102923276885
37.32160874739701,14.971652131010373
36.57201353739323,18.33054262449361
35.26963269760985,16.48849623357313
37.33411856580875,12.381906625498772
35.97890359685698,18.566869701447835
36.48050655394039,16.986335987930197
36.27547005653934,15.959851382661366
39.32319439822363,19.099955162280978
38.60338091509726,15.31298668552197
39.73581754703534,15.25552703357906
39.12815978439694,10.964770133022405
38.843343343263555,13.610096871022176
37.17017707717808,15.922661579685174
37.469388346112,18.799832606986094
37.46727037933384,12.023290264702988
37.99404537889488,14.19418165879289
36.124808245488865,13.287747763886475
39.216504344274725,14.315252641640818
34.61664221766031,15.63253468838363
35.071393673982755,16.225851080219975
41.507281974651164,16.847298080138426
35.54326192024957,14.778198520831161
38.90505151989006,17.52743858319348
32.34290510275075,16.424838328657675
36.724508764851535,16.690991049688115
39.562991980065334,19.034872486378763
40.829664021448075,16.75959006088341
35.319536684450995,19.88836055208328
36.549838788604006,16.82112777466472
40.98242856213171,18.269714439005565
31.235826865811628,14.06075490717568
36.293860191769646,15.272501670015625
36.23091343848514,14.297453154457013
38.30218841178591,13.648056306006312
40.718292981334244,13.39480689334043
37.14392890545029,14.129117792997777
39.0666084549033,19.285077820391965
38.89111699549772,14.283962609776024
34.36749465999981,18.465962648563988
37.43635025383711,16.438243689594092
38.7433962570996,17.57749648742683
38.431971482527764,12.990984602022337
40.107066704183964,13.19251989887498
34.18799404480028,16.187605976600477
37.13645855292698,16.44578826820816
33.944385799180694,16.331396126376692
35.07594451684533,17.095969964784334
36.63832019324219,16.719882607861834
35.56656221847048,14.132417617161362
36.223407401841975,13.125204069801226
35.725338104834684,14.428117242584372
41.2915672850113,14.949249515220513
35.29139086421987,17.784113624857483
35.29971834236725,17.828489584738758
39.72694993371913,14.541850286575878
34.86252616811877,17.60311890507061
38.30942349806402,13.654712957079726
37.67299635192338,16.222620217962707
38.95644688391689,19.902179157215684
34.08547806367853,19.769340090945068
37.729999404968204,18.247556175252793
37.00600615111619,14.340872940176006
39.25756170143019,14.066771101775206
36.12950117120043,17.421002030909158
38.00811642744508,16.205502676889516
38.309320597744545,18.46218106877463
37.5972100126938,14.774860302415979
34.42797264432964,16.154398483727633
40.677825622071715,16.856253941912126
37.28367771743569,14.617379893108895
36.78641074865683,16.058529881679224
33.95856086919328,15.177145094893984
38.84406522236109,15.0216894874872
36.06186531926759,17.46369023832387
37.08088656721503,15.617343490090004
37.188879433865814,14.586963438139124
36.26087650676232,16.475778051700576
36.95469746341277,14.185870397392824
36.35864877805322,19.973218234433574
37.290764268363525,14.961495296821958
40.20136442491759,13.06432892802302
36.81572096077344,16.821379503564813
35.79518371323688,19.73149415378178
38.98144580429736,15.222510735490921
40.905234565151794,15.284191271615583
35.810184897705746,17.958364045653603
35.2831110913632,16.228632538353413
34.031717826655196,18.2885787111454
38.160279300694185,15.22939276766937
36.53206399575741,17.930281725265598
38.441407909687435,15.824081540103968
34.12245922553986,14.113046122334923
40.68098845336408,14.238517011871206
36.20601062913062,10.934784489959991
39.028881629611675,17.32299248032201
38.399814143171,15.188196652026223
34.94702019625024,17.126700214535006
36.35063250713526,18.314458376468195
35.645983486728554,13.125768634623434
41.57941919209618,20.62579766472885
36.704822456746804,16.527769554552826
37.60067309670489,15.476880397627236
35.500141279405895,19.132889059944148
38.3220932439332,14.218651134474252
40.260752430651415,14.951893014956283
39.65568603124371,12.149857000804456
32.29265161731128,17.003169280028327
37.493589937255074,14.599968990292947
35.120431325518005,15.512555322205758
38.66125435908812,22.396169221694105
37.57988037514293,13.63859497735654
36.333237949466266,15.089439794651462
34.32261943554097,15.518856821202725
37.888993612250964,18.272375130446196
38.318427053572606,17.494013592843014
36.367047771669256,14.801234195780367
41.26794977215346,16.490963893416694
37.60105816709869,16.771581200790276
34.43234651530692,15.386518195649224
34.17156371589118,14.957326319804478
38.781764154703076,18.10593146076627
9.546872557994883,90.48393264046895
4.878677123856791,87.25845190048385
13.539579856805183,85.8266748920897
8.0685124226344,82.07857792064773
6.567219767974794,87.09047716820338
11.132464484168175,92.90010066720126
11.942987992328142,86.7796637315569
13.371010808872805,88.52863640071821
12.488409515325293,83.88554918152383
6.295452042184332,87.49849550894817
9.872441981984803,81.15506363832631
8.320822736110676,86.10356696741816
9.020471348009497,87.5324793830284
12.85619192745303,85.81769586151744
8.384550708700392,86.34548312423233
12.743787370065705,89.89599380596574
7.915290026405217,90.57988417305093
12.115880606605256,87.39613249870469
9.778629625372103,89.1455499986288
7.706660130050759,89.83840257617938
10.242108039292761,79.96902142328099
8.857704107768948,84.04870742390203
10.18127024826816,88.15447670616183
9.942201973389299,91.02553970657826
9.683184906905412,86.3402500661484
11.150935812898322,84.17022043414335
12.173251625182598,92.0982829459548
7.092572182231603,91.57797125501628
10.47005510125815,88.42746016408088
16.135328195142076,85.7878007507244
12.820410731468511,84.0098862720029
8.316393494557325,93.59247752123224
8.544788719767574,87.63002184301676
8.611328806090754,87.4830469525393
7.954294880732256,86.41310596585508
12.287950284541644,90.12832204271663
14.437097186565243,87.11121140355145
14.141164843672268,88.18496128535102
8.893368753893945,85.26954416996399
10.140433125126057,84.09135573797886
13.045706728257512,92.21344159303975
2.2801986599266852,87.00155408961737
8.001568597636119,93.00004359322797
13.066414821730659,89.35925663441145
5.0390810757383875,83.08060479168401
10.24935904037287,85.90898026176914
7.244881418113804,87.61352197403419
14.045776698245213,80.41230871148119
11.007005964056606,83.0728195433353
13.086063428339973,96.10227281873034
9.917953809971241,89.44188424062936
12.704501743968382,85.23299417445831
8.77584682181942,84.93625051303054
6.841567890474251,86.70142943681383
8.988246210428834,85.85943665472676
10.308771956703643,85.8267120288583
4.0205729522413876,84.97521963965018
7.516127211229639,86.29671468848387
11.54849348930285,87.41410009597546
9.669442110151481,84.87571535688592
14.218323090143144,87.36175725934478
9.281003702320714,86.36464735507576
11.475202781037856,84.20600982409171
2.900613937245631,90.51048241790055
13.313315973124693,88.08990130401752
10.767044904006402,82.3154110852111
8.897910322316443,88.03477404516786
8.933807503952401,87.82381172647631
5.938044092627741,87.91273547116239
4.632915014303796,91.82567416977022
8.871669950945472,85.65568269493619
7.678230888491948,85.9040728313825
10.021281714969387,88.51805341703027
9.023052399974647,90.38275324538152
11.795266004069473,90.96894104885958
3.5896819293032483,86.91439565342826
9.04888844797384,87.44920432335034
10.6664687442871,88.26792997170047
6.641730316317602,87.77940316718211
13.884476257363307,88.70283081388162
8.136465294148294,85.9998158513536
5.646439073945546,86.1432186437294
9.569615298321287,86.85924318784606
12.676585648431907,86.58784095976138
11.518744133219323,83.22352425950204
11.676748636744874,86.7273048752587
3.704310870106318,85.43597075994813
9.849699050855051,86.35651341548515
6.628196450603963,88.54905389942373
8.173601063531297,88.47624644137521
4.631773244648948,85.91131759882713
13.289268333258645,84.65264465955654
9.641631791444802,89.3682551326016
11.232301076537583,86.90137858241074
16.30594480743844,85.7311478652308
8.92761720879564,86.1148546150356
8.509611010090232,89.97372105093714
10.293297936937346,88.18629073990962
10.35665143937935,85.91425607160863
13.162532108779859,80.9112172302592
11.559697183510487,87.588688777789
11.105097114143968,88.69155545893982
10.816139650229628,88.17339528613431
10.1576645745725,90.09055448083825
5.490347706717218,85.44075615784317
3.4191901820541117,90.64951841395697
12.832289257680547,88.05636241764176
11.907414845305533,90.99060384104905
9.063291135441704,85.44512900316715
14.001304281587919,81.84696427300183
10.499197667533057,86.06585724753026
16.342804980187427,87.41862237742102
12.042851487556115,89.37559267334353
12.007781740629685,88.48770648279604
16.19843647569693,86.2971403321352
9.304779148848938,87.90321598681338
10.527062982955789,89.91588447811077
12.317756350295955,90.62332674228432
8.7803801167064,90.12107084016715
5.617550632616668,85.45013913647351
8.931602753291598,89.68320728298195
15.318168138904461,87.35903762929084
3.037855268215008,90.32218354299675
7.691863408611464,87.037440602124
11.403384319530051,87.18803565403458
7.969521218455729,87.2663025886573
6.8417663890885665,91.72826962644962
6.354083151240376,86.80055793840042
11.523416126078379,86.75580665929193
0.6166704095769635,87.48684516987035
12.045425524769223,90.15361252473537
7.125650317636358,88.78016609911943
6.879360326723204,88.64592535118689
11.13638736847859,83.25506307523116
14.742559570069245,86.21475813142061
15.402898877652554,87.52397888926683
8.290540031521719,87.46580279327848
8.372276789760614,81.00614840867989
11.580086753401902,90.32601770338329
6.174670407754677,85.91245592236314
6.48678421394416,81.74437551117965
6.386028023721927,83.01030709922307
3.296966254564487,87.83565994744642
8.928360300956163,84.14307120908526
15.642224548510015,83.40453952094845
7.080548863046811,80.11789845088751
14.982429779076806,91.287105973554
16.018254119079195,88.2262789369353
14.468393728238244,83.67728953912807
10.111636572726795,83.74634807669064
9.65927527706786,85.08853859079537
8.322298445568759,87.30222603156672
10.210534498501154,86.25030563409803
19.01330825102888,93.39715019126992
10.54833790764633,86.32824779279917
11.521290835936801,85.25202062926118
10.713572120243764,86.07430212851996
11.474212457161396,92.59023797673724
8.613021670940967,88.28500029073086
8.894478372767157,84.01575083641593
13.130379308490822,88.78622096072364
0.7988148092815646,84.39409070586689
9.062330485682521,84.07425458865912
10.774630614586059,87.55108457348643
10.131469368442914,86.2166846165301
10.202315339499323,88.15269167331707
4.406910721669069,88.59591123342733
12.805816334984806,88.5934545350164
9.88724366370684,88.82486542861082
9.917505207175568,87.30250309321212
11.065092301393017,90.51477758006918
7.0333678104941395,85.59186108250067
9.970999395747796,80.59857063468843
6.959758323626688,84.07864773944256
8.92708406132251,87.99261616496386
3.9575182599182517,88.226058197318
11.061408834110527,83.90582476746724
10.854136231728642,86.25496667747534
10.323822488804733,84.54493314535674
9.289039108013085,78.91947525181814
7.583171496763992,90.71612771531383
12.444392956853136,86.84892130298068
10.981549027711836,90.0060073958145
14.038177409278738,83.89444660900284
6.710346191077224,80.15817452978627
8.766662913025897,86.68653485993997
11.005065292947561,85.60200322914041
13.317627018696314,82.04243571167744
8.472495913797122,87.78563530509282
7.708387229049652,86.2241484562136
10.353784950902428,91.84486782822205
9.499351513299427,84.31684456262114
8.449064742961356,85.37471369438391
7.458673345859873,87.07116130986392
13.495474538676936,89.94768274951994
13.729426115940305,82.55247111333952
14.636188850033683,89.88302980278418
9.628879034055792,88.99400400822583
15.228510807118724,88.20217870142044
7.076473596220302,85.70829216013136
11.223192117874298,75.34929112221657
11.313089843364699,86.11104239406083
12.558304158745699,91.33127439693554
10.762230372709451,84.18503296625373
10.382149487903185,89.3011978513985
12.580653922157026,89.50991615104235
8.936928388603746,87.18508664769664
12.66468013700146,84.20929220608647
9.302798834730988,86.87821150715826
10.879768853253337,84.94424584233795
12.029419303726687,89.59252287232096
11.578396268968312,91.50706467541912
6.962821177055526,84.56020073575618
4.6577357031359155,92.56216787545377
13.443960200199367,84.07135917168013
5.576915961067468,83.49256214387546
8.965029989958103,82.75321963315818
13.89884950804774,90.29125433371127
2.936416237742539,89.42889657096441
9.834999483383791,86.36408058468547
7.066524655214874,85.44039908494548
14.598094430060298,86.81223535580177
10.12822021364749,87.72238132618784
12.425202150704177,92.27935923971368
9.016372788680407,95.7656064307298
6.729134943685828,88.92464085922278
7.160290807128595,84.63468712168789
4.859761292870574,82.40044775685159
5.451490070861588,83.75040838653355
11.898591828245902,84.11395793521575
2.5513725210865186,87.63072386105303
12.902092093309616,87.71043439786135
9.011812655698773,82.628678378262
11.011205984791536,82.81807274602835
7.573052659863627,85.55702510977225
11.905234454545933,89.15198571572155
14.59911745824275,86.63290629559285
11.603155464633343,89.7589867473436
17.800933673089567,87.66065748066445
15.419683739849074,87.13491767992518
12.015345930107049,86.75314884341437
13.274558171469128,84.04371508797735
14.871874437998875,91.2682297038806
6.563758668724361,86.16747717935812
16.2124112328816,85.66709647073257
7.0832053554664665,86.20417757989067
3.1844452484257655,90.61000976742334
11.306633384947508,87.54775056678612
8.751265115984262,85.69790007785049
15.541925893152232,91.83919041690413
4.975687944981917,81.73539310135035
7.659164449958559,87.11166603552748
7.753150095425769,85.25360637530787
8.79697840494249,82.83961156564035
8.56571783938654,81.15414588425071
12.819545626262794,87.97936178461934
4.216533968550352,84.02381912199623
10.5503815114576,93.79915256210302
4.003925641552485,89.44680731571934
14.33432834707575,91.5399109235305
9.839587734503956,90.93680057118802
16.310375352802122,84.26564484035981
10.138713264538675,83.27920190767449
13.200463834755695,85.92976902257574
7.777827197281388,87.73452490464463
6.287272658792356,86.53911729392009
11.581560594591213,85.11358935313666
10.147924826007982,82.9702194162712
8.850791838945728,86.25471020251028
8.1133216860036,81.18454141731512
6.021350009969149,92.62616304113415
7.0027331486906075,86.7293860624904
7.071238130447032,92.90924209296543
6.4869779724927845,85.6442018516662
7.559476262081638,82.88330960864391
6.96677889661594,87.05577267989175
12.324671005136377,88.95213799803452
13.600038310959075,85.86408161589003
8.639920883504875,85.81864591282536
11.274627422003725,83.19526715648014
12.184542746894484,86.54432102239417
14.128596346517904,86.52693346978829
3.9969737927221782,90.11825888283497
8.6368001093501,88.31137707602198
7.989972157604448,92.93117059782759
7.248927310127899,87.53724464048275
8.15357339579358,91.36787627931585
10.490193612492773,88.61669624325009
11.25599958558115,88.74268058095844
8.107314838112535,79.95493984676136
16.41996715022549,90.74332772480508
2.773895472680353,89.28470019584924
4.711692537484203,81.18835097165996
8.18547383537978,84.58207940109149
14.871778901868714,87.62246671494198
12.350139298138183,88.58145377445905
13.351365620980204,87.29579355856323
7.095947568051644,88.79861841498509
8.668242467022337,86.04977301722232
8.299294079939157,86.91538729844018
11.771057914061307,86.3225521291143
10.629230427319731,84.1687448425488
11.98017162574903,84.31506269598451
14.809044593010004,81.43518240865868
11.130015986775275,89.76047379490961
12.986544726205057,86.22450803687359
10.003880907584053,88.23017818748771
9.098944197892266,83.65332529712403
9.075367888903182,88.50388743917404
6.272263982857348,85.44522365236121
9.656778014672312,89.89405314435318
8.539053391006236,87.59168514218524
11.029080755803719,87.91705747614914
4.573617597370706,86.97728080865787
4.465705852583234,87.24366792118865
8.978709027165717,88.35231836624142
7.148613324275177,88.00832676109573
13.989903114280194,89.94695045968437
9.258800641658073,87.46282822429882
14.649336027726829,85.98184950937049
15.754748468465912,81.28802316578766
8.5054312902674,87.42939468762654
15.676518693258888,94.41380148750196
9.166456922972499,85.74954071090743
9.971715531275521,90.65643812150765
15.663866381470305,87.60439837686255
9.482782979253159,91.54829553634927
11.028601663901599,83.78034178660033
12.1464280642351,93.1797472186099
14.092159979636786,87.32325947811029
13.606609547906663,89.41506310583169
9.48539601077523,86.8071797168414
13.233561357701243,92.84105870873239
15.553928356656183,87.29571668802917
5.963299281811644,90.42990063482934
7.077650890361946,85.6195127125548
7.49566763706796,90.76920477365336
15.214321994584555,83.43477720433744
7.205153136893427,78.36675789837477
10.418323752628643,86.44516052957172
5.952733611298765,85.13780687088328
9.948878979485109,82.90602280774641
13.325325359121123,87.36503283741507
8.525771253367102,85.70972872107795
9.357246986362144,81.56697462794509
11.35227093807341,87.70151001095645
5.798866744595813,91.1676810749015
10.633303829489845,88.1455795070738
10.46054181550963,88.72319471936811
8.571359898138267,85.05958959495969
12.517208337962057,86.89025532985383
10.405151209694397,79.53906853362696
9.889138048664034,86.0298286172963
6.527780748022934,90.77629817361758
5.489424019981985,84.77370556517819
14.125369798930603,93.07815241311432
11.33011811974939,86.93844314813079
10.274685594954633,86.83207388107618
11.323802546975632,88.70959823897402
9.665987279015678,89.41823690342088
7.754536341418813,92.82787577020586
12.405011646158492,87.57596122460892
6.80593390000656,89.75445194816288
5.323038014422288,93.35036750054874
10.580001532917882,88.81820493011514
12.08009699644029,90.29689256238724
9.715447345090826,85.64719809063641
7.411291187813724,89.07597404865655
7.833749669442631,87.04290982378525
11.002663025801946,88.45016924804985
7.795454936654265,85.38733189047335
11.99808053818349,90.34257563226723
9.51239859221794,89.10605547142373
12.90689143088635,86.80674577839443
13.126331994298996,82.33316734921785
9.395509051685234,88.52327434903746
12.555380016434565,89.4411471075272
11.502500306799348,88.11691604670833
10.903616304778497,89.04255919293557
12.954927337862891,88.46673569846462
8.089089113580773,86.0456428619765
9.220288101701806,85.88234575735792
7.787152492026081,92.17350814122707
6.693916033739205,88.56323716810277
8.90411895445176,84.26807436101555
15.542891139382416,90.5010638357876
8.557891970110873,81.03751248236966
4.862461770775317,86.75887030173241
7.3714867233933985,87.46247185783463
10.752781955536971,84.24665568164163
12.490891699465656,88.99320044340502
7.706792691848033,86.69973572199038
13.317752896299767,88.5035321567198
8.350939126229711,88.96180014966787
8.876987955513227,85.38947588587254
15.861250640849413,87.6911184949922
9.843337149850969,86.66501810335603
5.763801217463461,84.92159861412875
7.669499643574764,86.57173227388397
12.123294686790578,88.9205944823696
5.616099792907042,83.33452319940794
14.454154998610996,88.71455697938153
8.443429479455395,87.55911428726402
11.507192647586265,84.85711961954046
17.002052801076882,87.768499358688
9.061337081367451,84.76277534979369
8.068973868113535,82.74796242364376
6.608925134183159,89.7067879665884
7.552778745397854,87.5360507093587
10.159663933210702,86.52224348783592
8.047373280946735,92.038776533214
12.308226129160545,89.58877388154797
9.55306971844146,89.0072644921019
6.566106757855701,89.24697746420799
6.468055093793682,91.29569441360975
10.68230806267724,85.22380538342262
11.644419658884154,84.45916789050685
8.553422655307427,92.67844699320165
10.893023626585048,84.91966781377403
13.686762413807365,85.00935305685081
8.081088597896994,87.84365496524198
15.136906654978404,87.51119248141251
7.167860176645677,86.8951632046247
10.58728257674529,81.99984814307966
12.4223865605815,85.78255628135955
12.86594367071595,91.02637028920083
9.346688503121374,84.42106783040504
3.6500044951923742,85.65033397814479
8.971201548523934,84.59578297926824
5.333100397127111,91.26017426365769
8.296906045142846,90.20104820569209
10.230904457683767,82.63522587988119
16.58661159366951,88.02601630292298
5.557853854780444,87.65811002912633
12.80601667044828,86.85772542494787
5.715114227857709,83.90006559426152
2.615900006187749,85.32299630903765
8.818749527332567,90.34823330760008
13.85993860405761,87.91767260771684
10.555599088323437,92.06326740992235
15.775068872956197,87.43709444241657
7.105361466762236,81.8891740192536
10.868952187355053,86.64626474545476
5.669515870020614,86.54229454553113
8.497125399603357,86.72609834023373
9.991030655408085,83.98309215872588
7.677692116093189,92.44756921872262
10.612694884068429,91.48942364194582
8.303345541485772,85.28641058642083
10.806592222907906,86.46011052485164
7.585270746197754,81.36182264326465
3.415082414526463,84.20867507054211
3.9490582478452456,86.99486906073288
8.005443789649677,81.70356780707685
8.847239277854055,87.07819552575897
12.405933993323927,87.49388827283339
13.072514534298264,85.85133449428963
6.518317425103236,85.78563239510731
9.699995929302982,88.13000680143645
8.652774102318453,85.54654778962835
11.017708398631086,85.66537857712682
11.733875657580555,86.52244417295377
11.12621094753712,86.19595718644993
10.689452283004398,90.91006007594972
11.071216467936782,90.15935567860738
11.004433728513071,89.1366435893781
8.431058265023088,86.11829914020845
13.073332408850643,84.7528900431701
10.31633518878812,85.03381614936018
8.093014840367093,88.76169897786758
15.902038340721962,83.83147014539448
4.630749592814062,84.72339255158528
4.870232534180147,82.90066516773066
10.403528620768956,90.78309212842446
11.863279951230524,85.86287253588779
4.759537347806949,86.93312871133926
8.987030156354074,85.66737959403325
11.777972074853698,85.27410836869531
6.878366621647034,86.81240618471288
8.68592231982755,90.25705059248236
12.640415367966229,85.19947592296973
5.1123625351216475,85.64261654967682
8.038162128078314,89.14329848510124
10.23999090388602,85.09368278467322
6.063378842660008,81.09825054394811
16.3532869209588,85.57735190431627
12.188289523365757,89.4374256597129
11.226945843719887,87.702872022879
4.051298786710842,86.8541825823876
12.68955942837338,85.78256516720205
8.486487287882548,87.41806154992436
5.796991637020594,86.0217836831268
7.266257971789251,82.03309413726558
6.1635535410625275,90.3338220482304
7.172972916254879,85.44292073297196
10.788163036031865,90.61289676581359
7.469930537789603,87.98074440530443
7.374926603942628,90.78504995177617
12.76485509389384,87.12353672283082
8.512378420798765,87.47121336672505
9.138948807950038,86.82363017722689
17.225344095675695,89.98253488878072
12.832551248405029,86.06957447979033
4.839039994974646,83.44430774181428
12.989719061914577,80.94252669273303
8.782996245210095,84.56257691319145
4.739765681223092,87.40078163012049
9.403406768961126,87.63137914545992
5.968049791410273,89.42883307199259
9.078821273252995,84.59208925566473
11.411153830493065,92.6464143119714
10.143356069350203,89.07493389501745
8.794553814545004,82.2656204933529
11.66881370252386,85.90007468343657
9.992152836606584,84.06936181882294
3.107933425554929,89.76503100999975
7.485517908365098,88.34846051710566
9.394713448540102,87.97680165987137
9.808725193639662,89.49410741480682
11.848648874856373,81.53698594336323
9.34174957229752,90.71950047481225
15.100741454767144,85.28153374828327
3.5204428119849167,88.49161258458876
5.501180839105614,87.56517151658296
4.137519262031632,88.24343009081136
3.6702143592875807,89.51915548148993
9.355649268809719,86.2879895681397
10.030508216227163,89.71187629372133
9.957752008987828,89.10857097628138
11.673430657566081,86.10685892817212
8.21769087164449,85.31182415731257
9.348559736046413,88.66665487606143
6.412958275150565,86.80135412800936
14.846730393541215,82.79548174599311
14.846000392960498,87.7915160013594
10.579743879828243,83.09773265068418
13.254463627163032,87.49759444586286
6.131971441385145,84.50039016607467
7.086828750777936,85.53326345671998
7.0839622578455455,82.18257157406686
11.03989346938167,87.07045674373659
13.344121708236468,86.38064954037884
8.311812706200964,90.91430217826694
5.47548367742619,90.11953683149339
6.033712485562701,78.71199811031367
9.023833534959032,89.62383279491206
9.310779421178935,84.5262412781191
12.980038234608102,84.28762501920573
9.640989413085318,88.42559798615105
8.322049815639115,84.65071549358656
7.87998649866081,86.79749183341696
10.638040447196108,90.81261327758216
3.4390340935408465,79.91650416217921
11.423060938758447,86.62530028257957
11.450100015758478,85.76217340089165
8.65596484403313,93.00926336372416
12.019130755398958,88.31389475911783
6.497640737678175,88.15301493864986
11.403595664131686,82.52139489151948
9.696141413362243,90.20662806523939
12.838355443143183,87.78367045620904
9.62577262144432,82.71909654908349
14.235626477159155,94.30656322223685
5.766816481322442,88.6562479934874
8.784429278176928,82.70307819056464
11.53584710156603,88.09639516539153
12.509883522865348,83.27051118421835
8.606155517113773,83.95766962490711
11.648509549677266,91.8187634328488
5.653176267029059,92.15161237026791
12.721201094965343,95.24240238799854
9.649340771041341,87.38604510348706
5.710611470011373,91.65518076031967
11.318882983236708,84.96462208387432
10.018978003591917,86.20544057332042
16.66831281716777,87.44682373991272
14.371094095549454,90.91365182986264
8.267633400064504,90.44493914858917
12.12301563680087,89.7417848937753
11.134988176317501,90.41719234316518
8.665380186471568,89.04358363534354
6.965805795516467,82.71476047455022
8.907502101653787,87.83711917235684
15.367460325220758,94.25198790359035
10.738685258045077,87.55048864438496
11.52861925439494,85.98298809091676
11.087688827399681,87.72784589278386
7.573289903522053,89.22711432746316
6.692498893931181,88.99985784238979
12.600712078775715,90.55039766176046
14.660649425133569,88.4381821736748
11.860895320978816,90.21769786828374
7.142747564919158,90.1432153328434
9.07982363585798,88.33847071881819
9.935850860197862,86.32583195379908
10.357124133463683,91.58381577401994
9.03296516115458,86.74306403504673
9.361670985292086,86.26950901131733
11.544390436855075,89.47144847710005
10.937787934884634,88.15293568984795
5.408471845651815,87.23890891936809
9.528729415211812,92.36278775468219
9.429362400301102,92.44649601035047
10.644485140372074,85.14215336516416
11.26869880034649,83.81658467224483
7.618224962355165,83.52889789172724
5.76493006494198,81.81936920854511
9.730734462419932,85.80650645529904
14.729868079468181,88.22432695890214
15.009806760782194,87.77518382198885
10.317172555668742,83.91655130703373
11.023133039050673,90.94939216624212
6.0585687523842395,83.60739793711562
5.426371273458023,93.17610308072689
8.930609905814435,83.97878272753896
8.049646093143092,82.92070039324962
11.710396664413587,88.43782676754105
11.031189853110298,89.24072451571702
8.909252398721746,86.1686326434009
4.706690469869367,88.59996845567937
17.56769145572973,87.67404666508904
5.575988656898956,90.58783564771444
9.702951881439148,89.32016145490672
9.985172958902652,87.00153037167597
9.646154365728359,85.69482672218852
16.609773482308626,78.07923444671624
12.414932931220214,90.0669396840363
7.886757242745611,91.1599256660568
11.146366742457127,88.70622553785698
10.691662314819665,91.29229434894972
12.188295682464386,82.63077127639237
6.4729584572320515,92.09365110735204
8.30071032251832,91.81113013581684
7.10451006366988,85.0773168715076
6.615097156726655,89.90537465768193
6.198040108066731,91.1772401478225
2.4099614378699368,89.1646605268302
9.432991734837154,90.54717755037804
7.079736018891316,86.64563971820749
8.800404399742058,90.61575415953638
9.983134351347605,91.466008292131
5.514806294523365,85.29232584535626
6.983733512378246,85.27870025583795
4.591384310836786,90.97254301218722
10.57532507178077,92.16435739308511
8.37269781652009,88.23456502777557
12.019411586403223,86.60110196669673
12.160726539997402,86.8439463395309
9.414539869354389,85.25883257842507
11.28250115850387,92.37572004320366
10.7406876256159,85.87995926911266
11.402560984787215,87.3337886468307
10.122959932592972,91.12482013317863
13.107240930084773,92.39104510382154
10.596190727141192,84.90742067228496
9.502542370994234,88.41512706686729
12.441501331524982,89.45150105443862
16.176008595026815,90.27108189509087
9.711124233215255,88.72245241713155
11.053894839973104,85.2056865252485
8.905370559521282,85.85581699783933
7.262712596291315,87.52004715165943
8.050756516912227,90.09849124667632
9.048143859574028,88.23805981363465
8.978989093693926,91.83297100153905
11.260670774355113,87.24732944963874
9.55174953434697,85.13800715952719
6.178147371607072,86.46871889538507
12.971540840763337,91.48347356412613
13.614860947160583,91.38618452346059
14.962369308144924,83.4273688958889
6.821056489730237,83.69860966180605
11.1033936656489,88.69201447185442
12.607066821289866,88.09606352344929
11.264919498014986,89.90128765555795
5.786048891864637,89.91537979802301
9.806357192937076,90.5435334885041
5.641292309451151,86.64132893035071
12.178130923777228,89.57862582814883
12.587638018810143,83.65321999915356
7.944704572844389,86.72343685280308
13.023657192719172,85.19158737323649
8.16948948352621,86.76900373896595
9.22309028113203,78.73080742408521
15.409449930131096,89.57227064951947
10.038191635796826,89.95181471053453
9.143176291673146,82.52422922974118
8.778008182101146,85.64254694453176
0.44864182939661035,87.01533935282589
16.703383047911196,85.57948221751447
13.588752099084486,86.89003972280037
7.557633778550764,87.29945173037405
4.999195624848137,86.1324410247276
6.679901106928708,81.01191935081418
7.553721542829633,87.44681481708139
9.585668662579351,84.46241361673954
10.508866027823496,84.73428744234019
15.68704617262222,83.82815833881263
9.396918766142512,89.95728780999701
11.384535879266863,86.65048224388275
8.486421320804617,87.1623785880815
10.769268399391343,85.48458022224096
7.480031297639123,80.0250170575951
6.748925718416664,83.43359968652702
11.60754863531941,84.27456574350184
10.759613293351133,85.53864820298577
12.36718707886556,83.92234876379493
8.917985138369044,92.2148532317972
4.028305619019853,82.81729595350978
11.172954148860391,82.26317686198144
6.745440030569185,81.22081958780437
8.811846063343818,88.49244124445646
13.521280384808872,83.934560453281
10.442734435347377,83.5934036213562
9.888702040230868,91.15939317604376
10.367155179298493,90.17332900528241
10.944978476734752,89.82667898668167
8.902549376066633,87.26602504315484
8.540618221374976,85.77612343110967
7.77890172151849,85.75182599375714
8.939483822202144,86.57361618047028
15.585339456651269,79.851668842387
3.619807212433967,87.51344456920602
10.15868536107787,79.66666839994686
12.7047709980766,86.88838141651378
7.829093135379521,83.9938705220053
13.466777334677019,87.24204506873726
8.617294843248768,84.9186691443683
8.202026961360154,88.0254113604159
10.02226456977872,92.68260507458606
12.181619660816487,88.31940823130334
9.3427678519724,88.75548137654805
6.983206402275275,86.44706719459198
12.10960995041648,86.36168707470951
9.443957601330409,88.58264694982398
17.467177084397996,86.97826882987896
12.387981599937351,87.6138667238455
9.793214705140098,92.3753249667066
12.37872304841677,87.7048950716767
6.527491313008516,84.47879333182188
8.985215947556332,88.04083531009351
11.655751086977716,79.65225135483264
5.978026372997611,89.45549386320118
12.34559121320373,89.92728877629577
14.433125436047128,87.23110776930136
13.98467222837131,82.73946017479226
9.413141670074275,90.18078858675057
11.191316651442474,82.67142211397874
13.968350317625,88.84102189229918
11.264181045269801,90.917105948649
8.515838575607333,87.77278113740078
10.722387531785179,85.90619959422035
11.591805978934183,91.35129679797552
14.444729714604264,90.10862029037162
14.143289213439841,82.37478157390225
12.985555416467726,85.51823197194217
10.779913591596802,88.49264080670898
6.058615011788655,92.55876187852137
7.5884048227843275,90.45849138322455
6.4509408993812904,84.14452179765553
10.635361842478972,84.00494176179598
10.46484378158225,85.95117299980129
8.239003860638956,86.48366815165097
-0.4006811578995624,86.35415036776627
15.290371159643993,85.43146347316248
12.796518705005667,88.53153181829977
11.87853058662396,91.12250593176637
5.261346282016687,92.97822138428788
9.966839156018006,84.86813891971092
13.47110656213526,87.51313171137778
5.2656946761279855,86.54335227791069
12.95380592421303,82.68886643008565
11.496386717329505,90.08901364702501
14.44809379936747,83.70233472784213
9.47260163897247,82.00093875575061
10.827474978406169,86.65039730900907
9.757879952129164,86.5853531131338
4.185963905057891,89.96429181847357
11.75829783465862,86.86171556638253
13.794015291153794,89.50240545371737
3.779249103148202,88.53952000679567
17.000173895599687,84.3385564832231
11.641830519693157,85.11461792734228
8.854631767677077,86.51211976240756
9.746365269023524,86.6010740408621
10.629795568464948,90.16414781534867
7.155180606866746,84.5109512450754
5.518527757431064,88.2220925493388
13.522303095519616,87.41930384128749
8.45742260399637,86.64886228937488
5.739437678862039,87.8330199170026
15.296865387786507,80.94149511551886
7.822961503367092,82.54252635604081
10.814470788046288,91.75487139227027
11.992866213582364,86.15099984142665
14.934776098061803,87.522850247994
5.640461083962173,92.00180862686368
10.390546474645516,85.35017698394951
10.12412543987273,93.60049297682814
6.1938280139191875,81.47388879909036
18.70779548423087,88.12541261136347
13.15508140660257,84.90880253850862
13.549409219949178,92.89724825850645
13.036705335355668,88.94991832536107
3.905712164195611,86.76350713699665
9.955656236233198,90.3706907908809
6.060548274329354,91.86504809144506
10.812904657723253,87.164194476094
10.973280924366517,88.46403049216808
16.469608191725168,88.87354796087085
10.689593888818886,90.5930786471776
8.09421478780763,82.00568537011048
18.44544589221666,88.54145872569157
10.381320205054411,87.73284378084217
6.953814807814387,85.66061740403771
8.08322805495653,83.67187854195326
11.58358248957902,87.3871913609649
11.121772251008936,90.05877382461016
13.397045688199874,90.83408702369911
8.77563077270013,88.60041244916923
9.625617191705361,81.91159182786635
8.886607665870294,86.77748021007169
3.838704782497067,89.62144298477303
6.547076618149006,90.86656445450983
10.513022137026038,83.25166191715276
10.373497774985566,85.64986022981857
14.758719025190377,91.30008082397636
9.883971871511966,89.2397680553882
13.730646046598505,86.53138483949684
15.629843126287941,84.33786622682643
6.435677286841527,90.11745795725537
9.192769613249794,88.67415163312778
9.348410176905945,89.98179267991529
12.359139331878735,86.31824028556312
9.640837424604646,83.71552080664462
9.739416210133971,78.57640750823042
10.800460147019542,86.4823390250547
9.345885904299516,88.28482920700493
16.09711421995244,89.9158211092323
10.394292226624184,91.19835903392169
11.619719563697144,82.42014068641627
5.204765869654486,93.05267869262745
12.032967230345673,84.0611224573316
7.076791654800432,83.71567548729094
9.488327912092961,91.02440660431847
6.233374220641384,85.7750749972962
9.08548670644103,87.24904974622012
9.1493556824201,85.10402776675984
6.676529803819024,86.87691082588488
10.027760945049257,92.5633993452042
6.428185573200761,86.01348913800274
13.385705249410348,83.30424149960687
6.47121386939139,87.43916755694323
13.65605946581792,82.0539486139104
8.262544139405147,86.96560800582442
4.518087789124857,87.80019505558637
15.035273281046567,82.27897289904362
8.41256747722687,82.96279301197734
6.3773160682658165,83.13416041140307
12.5559945899031,88.78815859038114
8.566363429284223,88.17974856754859
7.053184768610899,88.958625159982
10.771246996274689,90.99818401534193
9.147962569974993,85.57767333616889
13.236074361729958,94.06639343352838
6.804807662783986,84.87842576998077
13.114153127253733,82.4507600404192
8.40712818845979,86.36857008978123
3.5263208335109963,88.0202730154859
9.648227202621978,88.28811975848835
11.32289369339549,84.17362627779082
8.004568973895363,90.46523446231551
12.112842136684995,83.69577316456503
4.897125242157062,81.23802542235802
16.887962091669138,91.16139255165699
4.727880663509871,91.41286094389687
7.2703511477606675,87.24034094088127
9.283213242788777,87.38535868968799
10.699994171055106,82.39493614116802
11.769084978174739,83.2695185862061
7.116381984064864,86.99722001080922
8.881122824993284,86.42833417923283
10.80520391203595,84.40295286579652
11.453690795692987,86.36975502647645
10.285185057389132,85.12193206542807
8.772940665781933,90.16857249458417
10.471876065211946,93.14686942183145
9.83097154098696,82.02217751015925
8.881262276621396,86.38172579251132
3.8914938364252407,88.06517659819805
8.63337253738765,87.93412941346287
13.950461190005761,85.81328179928192
12.56802274831032,87.80421639007568
12.071742732389993,90.71053536653982
11.208629999851896,88.64574946204252
16.314494986836152,84.55782211262965
16.163753646546652,85.33239701755666
9.287720658659099,84.72436041093214
10.312031591091428,81.18028220156648
7.424146479604936,86.64579462924092
10.984218951387335,85.80647564933972
7.967497922646432,90.3399080851714
7.628395210965943,81.77081911915305
11.731245685656747,86.6293377937819
11.301756290379645,85.93142202597572
10.327146609799716,83.02395352726026
9.088913914374338,86.73110556856234
7.5938868501844645,80.4836491021421
12.95836449966166,83.71909971800267
11.799533811662782,87.68194968763869
11.045247663314548,89.3350022705481
11.005544902453412,85.5267130921836
11.485819774566895,86.11639690362195
10.063383978537802,86.91872227606369
7.24514132099728,86.77991252058072
11.430405371156324,86.97570479995267
6.4320468763024135,83.04519973539085
6.992563684937499,86.77926780506019
11.934096421325801,82.9267565142779
14.594037282576732,92.0736388254851
15.051646564471447,87.10386428674553
9.166839201961196,88.23986610286241
8.573054416025284,80.7195462732391
6.472081711989333,88.16648689834358
5.60525590057672,82.75280025006656
7.479053011046888,84.36339490823919
9.79273171953816,82.82503279094779
9.204657586921577,85.90983527357808
12.362478245437327,86.86868132086933
9.196787922232085,76.33869870669552
13.449366632192909,88.5069750237407
7.674281925342173,91.7058559781864
5.903399779557466,86.91965436298001
14.475339552357962,85.17959304409152
12.943578156938175,83.23075902235344
13.569724632039971,84.84192605829968
14.837515060349766,85.99254438758685
8.875816274169143,80.88929353934213
8.7299688302752,86.73646786095048
0.3912084666298714,90.47599652831991
12.879237310991117,85.87764191882208
7.853621658989855,88.19349105929284
9.813508995563735,86.2843486093203
7.949989983490133,85.13514629468979
7.009193769523023,83.27709903828439
11.282559801293308,88.39279971637066
10.47144429691209,88.26581590857748
10.925231265648137,87.91044400075997
10.025897712172387,81.83266783704231
10.048790534633238,83.344061200829
7.854333703219517,89.32954565088413
7.117203354643543,90.5054912822553
16.63001333614401,83.72918128854896
6.20489253423986,87.54645441830843
8.905435893436636,85.57238558593218
8.617347917057126,90.79122439263026
7.439506858915809,81.18996581996241
9.886089618195697,82.83144367627634
13.485312903761479,90.64414646987018
12.82916026441379,86.19737282168241
9.592286597372947,85.58674941721765
16.883632095232358,86.91129121099154
12.060100362768196,89.20301498728399
8.363956893866932,83.03682142747861
6.27407781061966,89.18490772205423
10.208151034669513,83.53471921697987
8.835205700967602,86.71911346390151
9.270740096585076,82.59011864673603
10.54812670941254,91.93947541228042
4.998958312563451,92.6030843679961
10.656319899496621,84.34256442471408
10.653167988231914,84.54022320065944
6.706770274637268,83.61233292992877
8.307981164874585,90.0052005571747
5.695666251750539,88.80196961294739
9.559763670140736,91.7313002321215
7.324053777556234,76.44024445143494
8.451033461146155,87.72916013039563
8.50496402533199,87.27973343052538
4.941358087865854,86.78743079669232
13.390927991770067,86.03719328117575
13.054567148339636,86.2101376439077
12.466980018949133,88.43707223055502
12.834493437551977,86.90939575162166
13.290299229386925,83.0148362188871
10.5082813300346,91.26966703419228
16.2806877329818,84.53950962009188
4.0210998982524275,91.0491118428754
13.943810662055256,82.44581275992914
11.145311269555117,86.4601961807222
10.6440609240425,90.35015982593535
4.631877498788994,85.31193654936739
8.870007354994504,92.21791446183641
9.96975978708668,81.31900008734034
12.651120107774739,84.84766785730449
14.009058960969455,86.07688868387412
16.052860013296005,93.91918802074653
5.136216727520949,82.28972253135066
12.76177836032797,87.93098110228372
7.4188196913615645,86.25030188051717
