x,y
61.935845770732804,58.0783816257335
62.711440988294314,76.453708362562
66.8662868548032,85.34146460739358
64.39161310910494,75.74066820977232
56.57774507953482,81.62963902650907
61.845618045989504,80.72865614142353
62.13777012003437,85.74046356164851
57.8196434316093,75.10643760202726
61.225434125949675,80.04463195158066
67.35138820103113,80.26979798805434
71.48867572702484,87.68544519937208
61.32089506064694,72.14954765089989
72.47679073634518,70.06663931807122
63.08460745587716,78.29131034477234
64.88012340399837,74.36378763940631
61.34388258889805,66.66567578048634
65.21058848117225,72.46093184148769
57.82686051337473,70.06912059435203
58.49536740186794,82.84704869385986
67.11281120690398,73.7762942323703
64.64186689052657,79.53489862863991
61.43683587691263,79.67302357886388
73.636161415969,67.8969670494852
76.180428393596,77.61721391845448
47.978656962440645,64.79509919686019
60.33172217663056,75.21137336186015
58.10759806761115,65.4630939191601
49.253599367858726,67.6026737479009
65.81080135883907,58.28439455947671
61.74098212334363,75.19725478997725
61.39345590250485,85.53043815902393
61.02109776057896,79.07589071805121
57.99169790561264,64.17573986641142
57.010544978292096,80.27200061834075
67.60816895713481,87.7063387275838
64.24609665391971,73.54103922951697
61.957792358773915,78.95546503236656
58.02463393942683,63.619275597939755
49.03630056138352,75.62317942155579
55.915494742657856,78.01626622357017
66.53727241909314,76.70677716638201
55.58392725981889,67.21810196561711
71.83856682119041,78.52763999326382
60.41638281318093,69.14164029317324
40.534983716576406,71.84121133114154
50.88402897403624,73.82656628893925
60.34663152795249,88.68042359889648
50.89331833352055,73.07894208985597
59.65880012959389,72.7994772060822
60.05689668126932,87.66655068321246
56.40101754386633,67.03015570307315
55.337018245619404,79.60298093177076
65.85935993234769,87.62239695600738
53.92964713325979,78.14984307502003
60.56366673829173,71.07428766821592
64.60631982326869,74.91745400938645
60.100772282712995,80.1591710700393
50.701807941560986,75.94998305255731
51.09050412668377,64.27037414552423
48.90097332851331,75.6041542888676
54.94353904100615,62.11000932793114
53.8942832473656,70.41627614749615
66.11020823382533,72.24534781307383
75.59102026550238,74.20667921087784
57.12494832686636,74.66708737731484
60.65683459324138,79.86650642902683
62.26831823272191,71.4343415487562
40.44589273578949,74.08393951713252
53.124840989462385,71.15445480886306
45.19662159339116,72.83917315940859
57.569073230584806,59.05034432607253
52.89896100003062,75.0872965853911
49.90536391579307,76.89856263491369
54.47327804902779,80.57913754541853
65.04467955629444,73.0785531791053
59.65060757382791,70.50027754474496
49.475768420777186,71.42225253045015
52.097004738001125,72.1744184471875
52.4041089393479,72.82934631761279
58.5376817197906,88.45464445225697
55.49410284635879,73.659608452129
47.67396435205359,75.52967929331952
53.91038654442179,71.24622052674738
52.793064193469334,78.39760291862314
50.88904937891765,72.86986917004138
60.07017557947126,87.69277871118432
63.95886529255349,78.39305222575842
41.861400669560695,69.54485444168299
61.09741839516564,65.30271581118365
64.87270325002638,77.53065644857598
51.361919052505534,54.658694429755386
64.74173969407583,84.02312220507866
52.13097312121963,83.8071523861662
52.816969092064205,75.75269055297095
46.79664775768458,65.67913564486192
47.05856981985079,78.11377344514766
60.86277185364329,72.32607169443943
56.51641771748909,74.3072167641155
62.13621913397346,73.64736846391222
57.140709040069915,66.28071448112043
57.65438177561779,74.38308040336524
46.69555677497535,70.5625524868349
53.54534683410546,65.58035777978502
57.7436179620975,81.02387241139985
50.679011901339955,75.04363947415474
46.47806142635622,70.37358321198195
47.526645699324135,80.16657771524882
65.22242534287594,85.51296019935613
51.22650823941,80.00225292061089
64.72878023666038,75.34383811662333
53.76133152850101,85.39207800794821
59.40510566311566,64.44041223006651
60.66795820847106,77.73231815432187
61.904355303458146,73.91982623005353
59.00575255156107,77.8861791926315
47.129617426523374,78.56972074704122
49.445281855962975,75.2472132207462
55.08380624570158,66.63656604219054
45.58844805650835,82.32325695024947
43.06604041208222,73.52407812888997
56.95905414317927,77.041336253796
52.16867712029226,72.15985228920528
55.108027733150706,72.80781188550743
54.874654447970705,71.29666837778456
56.96962423108563,78.44677283088106
54.12376579817223,61.94554430155301
47.469121762909005,71.64894469857663
56.485556037531666,82.69311446395433
53.722567036891235,73.82974486549372
48.109220222670096,68.53775537913701
39.86900535007422,69.38445386762778
59.03468064103774,74.92086493193753
43.694867797128296,66.3991362806765
49.46067351517657,73.88049180124179
40.852723424947754,71.76216440711033
50.216273350115664,70.66575979260871
43.79058164547863,75.05785798589648
44.697048051558156,72.40945451844712
62.62881910707157,73.20056240875138
51.34548651986114,78.00522102115262
56.08149592123377,63.466002833752356
42.50083260940563,61.92924663720122
53.746567236908625,77.97368368610381
52.65486995390415,78.48428004008977
53.61934430369384,65.44054421528634
58.78292324060291,72.53738854142553
31.843889386838143,72.73631910391684
47.950274278614565,78.86528492521532
38.73532710700305,73.19970611803276
48.01249356464408,79.04563384561861
51.43930258717263,69.78912387465998
46.2556561925665,65.03338668176457
43.2597491286902,75.84273959522685
52.95593805857152,82.37450399274245
39.1731886114952,76.48731531535975
69.1168746769638,75.15772729607204
42.59418194938112,81.43918386663391
30.56448630154384,68.63582894060629
46.376103373968924,82.85882104412907
38.461423542020256,71.83426629002462
47.00509838558064,90.16657742430954
46.384054775405026,72.39743269291463
40.526405090498855,75.05925130825142
39.29070582552639,81.42462981712747
36.58640060067788,83.853244417258
47.470083177307885,72.24508269294901
49.50700939109204,73.15987211129932
51.236763259832294,83.9647398457675
34.836037235833125,59.959535460388885
40.45443646701866,71.1504060147216
45.57714917214459,67.11176417958507
51.662029913347205,72.41165964550493
52.484497493217205,70.14184752063666
54.25622607362889,69.49074791236158
42.65822644040424,75.89191360807922
47.238002264700874,68.1366708965914
41.78697845031247,83.71092360773524
32.55050803659898,76.58628796741894
43.47123677680956,71.24805341998645
40.3831732545891,74.43114834914643
51.63988905590335,73.41875884277914
45.19939800694916,62.64817156811269
44.112788779041544,73.44111595321534
53.197511851248144,65.89028031059205
44.79283989581219,69.48751768466441
52.50244150627786,68.95345477576497
36.4777230020167,83.780905285931
48.13682246288633,65.16574145153282
42.214533772119225,66.89789956401486
44.08773232180726,67.65534354585695
43.84094426072381,65.62413487016454
46.6833870734422,72.35119527884135
37.15774469320955,78.8980305047927
47.49878703638236,78.3187867608288
54.58848401829483,80.94482201391502
39.19056922078357,62.475742274087565
42.98133201571844,64.18813220686263
40.70148666125198,74.37835644760177
46.22389743608593,65.6389313172939
65.14409727455418,63.38188177588444
46.596285845763205,76.47389652988335
49.501641974179556,83.15452738581854
56.21351796540525,67.01834600768115
45.46993194662933,80.74425422745693
45.812324988128175,69.94046321655674
48.64187597756964,67.30859912805637
40.62294597624646,53.93139317687583
32.09197080998894,60.23280043696343
43.19880463662722,71.80683400021057
51.61893450030113,62.79239317788288
43.69554443485551,56.63951459236892
32.263416492439305,69.07755051216971
29.13864919378353,64.76476636071092
27.233207039479783,64.96152173087681
45.34355278705416,58.84982439954395
30.983185520367872,54.93272809090249
41.40941888810845,68.28431244133962
44.53916202073701,66.64861492318765
43.5875951882768,63.468409715932495
36.90989685978382,73.88341751183157
31.749723145351183,65.5070393418529
39.345258067399726,72.80858044674706
48.18704389810009,54.88900975244492
41.602519141973325,61.21994227080574
38.24457148197182,61.01996528627866
32.410314764791266,61.2603124231174
36.392530007474015,77.2036643671854
51.04584397065254,58.213893466155376
38.08092035910178,69.73405330230526
43.02532438312309,68.44532599926721
35.8243390750452,63.14010956733598
44.8264568184367,65.42722619652235
40.6047667209853,68.56588200281692
38.59504944099715,63.731377307862225
40.64529364545718,69.00702097105827
40.62634321995269,55.95036407013004
42.87996068943793,64.19549446496532
41.930464291539366,67.72473504752163
32.448608485439394,76.62027154943834
49.37434680616269,70.73328375980341
50.99445164068884,69.34530783114623
37.56210668634435,77.95537890578282
34.08536415441562,61.23528857363364
47.48421488193988,53.30358971412647
34.88995077110179,73.03826964841122
41.10792020071705,67.86858369390124
32.498815628309,61.73827885904031
29.897109460943547,61.389012217824344
42.056891459423575,73.20641158859715
41.52107470446684,63.79958900707794
33.94594420822413,55.69534543236426
31.63232330424093,58.700764358207785
34.21523178106096,63.17104771510163
47.04466677428077,60.02666768875357
38.48998854734355,64.8398523485136
49.73633485811825,61.884914671190074
45.39681096302144,68.22292302340591
29.98254387612424,69.50326517613927
19.112145346538316,57.60852067663054
28.300066688857783,60.2528586551288
47.570116547983545,61.47620217713033
51.02047815834567,59.73614477874431
49.043306113195925,67.02245323416913
41.10113658441587,68.98559171002243
42.51651493387828,58.700927993931074
32.31870233894698,53.00307333540633
35.641401569446565,75.42582468577157
34.182293267736256,57.58767458788348
41.88995013954395,63.64116043264295
36.56735498313588,57.76187508362456
44.33612246214955,57.86671771646015
40.211826702538225,70.21030216091783
32.6774073043296,51.62198771790241
40.25713806472318,66.42088411836562
35.38569395919201,59.09935906273841
41.44762685317376,65.8073953099801
47.19532005052007,71.32795686274386
28.224815909848388,48.50366300851633
47.67617412132644,56.653166061684765
28.926347830188128,56.34812187080349
37.85810094269436,68.2466636991943
35.04675731512241,51.950015665350485
46.47989273040982,60.012125995347816
48.030520080029746,59.79805173990366
41.343776343560855,55.14231675899623
37.49040453973085,69.23628664629574
40.265203294586996,63.88516489144099
33.97412487048002,71.46004464698464
32.30734993470048,54.66582297180095
31.596023033934006,56.81359957428894
29.726690609368518,67.68534124633021
22.421294495143982,65.5850649053739
32.41865092442322,49.315859763202354
32.54816831487753,59.84447292290285
31.646017787529914,65.19522016290125
29.752292259003706,55.28417644240898
24.045190173928788,61.497087576591305
42.208602075960364,45.77783990149801
42.66345697693563,68.50580768763666
31.228011385448028,55.988916484944745
33.33155296202813,59.89956589278362
29.200377821172665,69.16327716944373
28.813309511760913,70.25705005982097
35.7621232247907,58.93453795841994
23.495630256294092,56.74211694703503
37.85014006111627,55.07037452957837
34.96578262324774,54.53509688225359
33.025410250075254,49.79746774252434
42.678223432793274,57.45727679705046
34.464101193374425,58.562659165492185
30.099090974132963,52.83011714798453
42.18222797786713,43.33034531898336
28.244171457726395,65.04633076860972
39.667791963560234,53.542228579766366
25.333511949965832,52.81040912012321
31.732764066359454,46.43466735088788
35.888936188993206,55.873816149865384
32.28170190407409,53.42036549035666
37.84643785328849,51.610476116451245
34.64748276201311,40.877494911089855
32.17139724747262,47.14794401455787
37.194993929030126,49.02770877400222
38.3254224271607,67.07035570694845
46.812246762860745,52.01911478880375
32.95691392853884,59.299703237489524
25.203819492869073,44.313017070183825
24.874491160465304,58.9904316821364
29.94816179679972,63.522910748631176
37.95800379014435,60.627925517028636
33.60344671510434,56.07335104202643
22.85687880263619,50.58117525320162
31.114917423107,57.99284987074329
31.705185301616147,47.823489033313905
32.14479807054961,59.047353047216966
29.37024868748121,58.81651730413926
32.03837373452075,63.46166501646667
31.614416639959156,64.66364625256716
38.8057669796831,47.72960316243229
28.52089213603195,53.7814126277711
21.63832410875547,53.98177396248104
31.019216546546332,43.805558111356405
19.126735935246195,65.1337397431462
39.05727553435206,53.81285479752421
29.22469233667017,55.53529791333765
28.151008228547965,61.16899658749727
30.992151253995946,56.70564637655026
40.782269394778766,53.725130234336255
35.51165202148412,59.22373793062451
29.299237574114922,64.15086492245439
39.599455948519086,51.69778243486947
22.279033143602128,49.81786118507209
23.881853105257438,58.85359995050661
31.715306763993606,62.206827076009134
29.855295790159946,50.422155886051556
40.75622523533116,46.76629103761245
39.395072577224425,48.696258649393
34.53556885397676,41.1256147805109
30.343798807895254,48.71303351191287
22.59247397478444,58.19425608820119
30.263355219723493,59.89759473972103
30.818121022421252,51.36871374559339
38.66703989985742,53.541128445601224
24.974665387654966,55.865088725572704
45.96401692342113,57.366941840001935
42.24933864515215,62.57515127075105
22.81861865331679,42.3059859565425
31.968861483570223,44.81411611603026
21.466989126130123,62.40258424338386
23.820528047219625,53.17288666609814
33.884032003520915,44.883317433097226
39.004528440896145,52.93396450782294
37.975280120931124,48.44998754886188
36.277424552589565,48.115456031847984
26.96625666303444,50.79785148841892
40.655385862853265,59.13541262186964
26.51702472436154,52.833374036820025
39.317786605389834,54.82144649093498
35.10139526309925,38.886465583600355
25.207640321504936,56.683767830487824
35.22382751920213,46.33532056698937
45.36877177346298,47.7862741939966
23.725370045400314,62.212736170372814
29.53923444993531,59.088925350951996
43.32114821883042,49.088947305166826
43.974106734187856,41.30822586188761
40.41717496370434,40.258428896538206
29.403263168032836,38.82529014784935
40.01376444289813,40.431046039034776
32.5911337747651,39.215975010831514
40.93577408112431,48.26386577021196
25.254125471863766,60.46791328956584
43.25152841039525,52.842723112131246
30.36718904358997,40.69730764070274
20.764013605263507,40.751735449345816
30.10536840245653,42.424184675395615
29.848432162210166,50.704978528162144
34.345635638237106,57.18341596854771
38.133999212889094,51.45356660551741
25.40128652221053,51.215451041010674
27.530681576177003,42.98874998720457
27.600901978132022,55.98958232570602
32.9191371581801,46.50466562802853
37.522178331358035,45.0743834176587
21.5549096552667,41.700995378407654
33.135836460039755,48.97439735411526
37.99924242844571,56.67054226007971
30.20572051013018,49.077714261110295
32.85634902056939,43.01352926712538
32.05199736294875,49.54493575464474
35.54192054708934,42.24882022237174
32.96619548824219,56.075096190496836
34.653792156271315,55.82248180572392
34.4867411759831,52.577959439013675
23.816448662876972,45.309604096237955
39.159238632378866,53.56645796268571
38.42723351497086,49.268791684256485
39.81685628660198,41.876011930092545
29.336008382353047,43.813797651334866
14.999645563335974,42.87940016327435
32.021218729308465,49.55619508457103
29.646613772994627,55.563165028692836
26.60643040743181,40.17091201467309
36.28393931607179,50.873626650770994
28.196724464060054,32.17143413690004
28.937157590300274,35.59860334609876
29.525323302636064,43.107620916931836
32.66694788427738,56.21196428181344
35.10980834431159,48.666391246381124
39.41212603785426,37.7191596749681
27.27509958290934,56.228167735406856
22.808300841871876,29.168098817374425
30.221649413400577,33.492731909088484
40.01369984235314,44.913542365762225
38.46651400209538,42.75167385544475
31.857333841624587,32.74245508290242
32.02235596439469,48.71174234467152
33.43217409734957,41.17822422464345
39.176245076594974,48.670781526413506
37.36679210826552,46.2589250141197
20.78762603727518,33.151947420850675
37.37745992338536,43.879140893342274
30.181607253235928,43.607052060261836
34.334796985691,40.94081191800177
31.434516547749045,31.07903295803359
46.76214130684493,45.563964848795194
36.25601396259813,38.89353188402092
36.21478880680377,38.29299100849792
35.00706843159005,43.85951467960147
32.598338292675116,36.608794145622106
33.54853709213849,43.629547117158005
29.331871473486977,41.22604724789304
39.81110487711572,37.06497164921835
36.31482480558059,44.18693273619897
22.658333171261553,26.859142415653785
34.4476600169453,52.914087543678846
35.02587502902885,43.2258172592951
35.69663103429212,47.071425259766805
20.185886590035086,39.17260018226136
38.79793681607169,27.02927849067424
44.10026956282014,49.035554687850684
34.434744992347255,41.076423676227456
30.664188585035465,37.50373138826098
36.44781637125007,43.324059653070584
28.939986457756852,50.320875880707135
25.56124438158789,39.53354632845278
40.98567413719001,44.19126572984097
39.561684705017306,33.084938981968136
33.16081001846343,57.861907280929834
32.5620910358053,44.308493878455124
36.1089830863835,43.36051830358393
42.95172343529435,38.87074816651068
44.4609909752412,42.84195454649659
36.55714510082454,34.45860929966787
38.860041602259344,41.127325920620926
38.02612241330549,29.90266460126074
22.515765804554228,34.05832275065845
34.75401568335184,33.16149220227096
38.852393109814756,47.801051634075904
41.85246509099107,38.87995491545648
40.53548071452646,43.392466076197955
34.770993841473796,36.98642009869722
48.38761814035581,41.56032770570915
38.23241291765691,38.85762389600409
36.69325745068055,40.778504591847124
32.696232033091256,43.11657852931003
32.86782598977856,48.13444527611088
18.580047153170046,42.77818584871499
25.601461922004116,46.081349050721634
49.72147121061127,39.08429327520769
32.32289477434294,32.942792376054975
41.95789893998881,32.83152870324322
39.26552898478997,46.40614151809438
23.890030340637843,40.79815349879386
37.63344853823855,39.716690138353755
40.081213746492516,38.69860873603793
42.57329471964805,35.432880232501674
22.109087316988578,19.836765057845575
37.67304516461172,48.499927215687634
31.385397138079817,38.0315998541459
34.15259371050382,41.659396670837005
40.68859620765442,35.02132103230001
31.68084967150299,50.72027810213335
42.166196015218006,37.73230257481241
23.29576189101034,44.4239026150918
27.485844551850374,33.335016035474965
38.77114250556755,42.830912364935216
43.14823715223255,37.725126241508306
38.89780423606314,35.71219318807895
39.3750777952648,37.70718880933883
39.26854580966891,32.85173054895255
38.96667857826223,39.87498689279648
35.955053055391524,37.699665060895505
32.90412283364971,33.355820725447174
38.50490843357774,36.18013416688184
36.30751924622492,28.26104504747809
44.3962080099421,32.322483357749995
42.58856547004309,50.60778564951705
43.36408219891032,35.868239977230125
42.75870655688715,22.36901202272152
44.80746952480305,37.260387468357465
39.424379007339994,43.41697597044504
51.927400394958305,49.46550034502991
38.91374757352722,42.588466079097145
53.01943392853971,37.315127738828906
39.67367412783791,31.785322837501653
49.84856012341568,30.231729313939333
35.88731880560488,38.14099761099228
47.901741665018044,30.466172403069066
34.70257658352617,45.124596942166264
39.14672865668081,38.10538063021239
35.67996287820743,43.33883187590363
29.31232273902415,32.83751575396904
44.322324654148765,43.826220469832045
37.94725776416889,32.45858241618119
37.544991687809755,29.902489369564705
44.88298610764888,35.978386791504995
42.17816321690337,26.186922734796703
40.52009324776751,31.535689285741608
38.58319836930243,38.41846768647239
37.1668467833114,29.729378381548
38.21499205241259,47.29286456762168
45.01887906865377,28.93729981092582
29.577269654332355,43.77712378414753
44.66429477256291,48.21603025343755
37.488620838899294,36.512154321693
36.41514638696289,47.51330449403654
31.149013267893423,51.18259955562238
41.4628070547934,38.52013118422659
41.18048091536912,35.55247381234555
45.692227011400306,34.26785624344951
59.80315165589015,41.16229243243722
31.515746915429382,43.67068537044729
45.234845728886086,44.80107178370828
45.754793473422794,36.10467101045987
48.983073555239606,44.98265932471179
43.21106691770156,29.004704773149236
34.983820637269545,39.78127715116525
43.314724346863514,37.172837435833046
35.043170543896416,38.926965432158156
54.050614762562205,34.85653532735322
42.828899023645256,51.049144519707696
43.8898465985618,42.90279879795127
43.069637825777754,27.725385481618407
39.466232177071745,31.429737167293265
45.94956852014841,33.513605729510196
47.88079966988127,44.20884248262263
45.34822319888988,44.131056532936476
43.3062291283886,40.0917152818153
44.036594592449376,28.085487061976483
37.23158200036581,32.82175173235941
35.18625633755689,40.87210066232633
36.04555610708652,44.00440102607299
44.79481438014821,52.614932502379304
41.71636283991178,49.755811777197664
39.49189465621099,43.904796627688356
30.520360374470037,39.78860077357553
43.51314402355367,46.738238993410235
57.30409804326414,33.74354213671755
38.62051494145514,45.41995855850932
47.40211135452956,44.322624600049
47.18735942574208,26.222544074051076
30.293692420464776,40.20181841290362
36.101521922877644,37.12883051463707
47.82403087022258,36.72215922955983
41.531583108720405,34.78512516525422
48.26848788378197,34.23080998938443
46.9411286476574,52.8860199688765
33.73146561707354,46.48795688544197
44.28391601148624,48.19930651308454
53.42213514232013,39.74185740166293
47.16357974453142,40.92789503682378
46.453664822703146,34.50396063100371
46.543915473207726,42.01905112307345
53.09366938498832,21.571259591941942
44.60162458701921,41.862428139376135
47.30947792449308,42.84332627577999
52.182652826033475,42.64711913405271
49.564770350505,42.58637689902809
52.264722450121,46.89066353280772
50.22734085241719,51.11400254769605
40.22830576268184,35.52981063154849
46.01093745814763,21.016604690294898
45.785031741182785,37.619720786963576
42.295640861346044,33.22326300716154
35.51218738222393,40.397195499826566
46.63639810643699,16.27526233975085
45.20590319635327,42.70485855858213
49.819416437195635,47.63274801232531
52.07129156322864,26.170820715830402
50.35156770024081,41.94363551582161
40.94837259848278,30.14747123858609
41.019810194887384,55.64671201285688
42.09490090144079,35.069059822179824
50.348327385296045,50.98398552685653
32.67055587667084,42.841296063567896
45.393937391785855,45.48690294017912
47.8611955184879,37.765946823052936
48.53528823407317,26.838134666120506
45.441388591743774,34.5864412456609
38.54333836092526,38.921661026979656
52.52416421379764,41.67870510089347
45.3296691955357,54.858871338894375
55.67316929654612,27.74606012376549
52.85043808284091,51.95722297894954
43.49005534952205,60.76868894320141
39.46401356873356,43.46036283617508
36.13110367168819,35.502143751056956
55.19661437119885,44.895444072541345
65.57708174965984,27.56111537505444
56.80785722755137,39.76245128523039
40.22816557729281,22.73017529206335
54.3045182795183,34.37511979330123
49.166764259006456,35.5326780357589
50.89859763825053,34.816673273771016
58.273855776515646,49.51963451191335
54.740254371499525,45.35581237839955
51.3752367866006,37.72048046253169
39.32101695804445,42.63835261125064
49.60010959475448,49.37034704398465
50.09423236308731,41.78030549952885
47.8798530492844,41.08742828455064
48.6434497787073,59.87204859539962
57.348957632900344,35.11842177241842
51.30631739995387,35.954796648973605
52.107910757311174,35.56091561974145
50.535683057590894,44.914732884735166
54.00157913569127,35.72534433282744
46.67590244477445,48.86490218541706
51.72246811955493,33.02266895440226
45.84254595812939,40.2741117147063
59.1029149079243,48.599504128994255
49.4796557696767,36.796554277950136
56.47199728489397,25.853140834509333
54.36305904963362,41.71152319891345
47.909990356962204,44.12003700193912
39.77232828986488,30.211037772038104
54.4737219508811,44.32968618053912
44.51341553999382,39.64301234974652
49.71161376143887,45.69491603694619
51.43842157714935,43.77420328169552
57.555813460025355,56.58670986765382
35.66546724637807,40.9443049664961
55.51883611748111,43.330349270451435
46.619234325011405,30.773061733235192
53.463713656799605,44.397922714464855
50.480745860742466,47.71141608438926
60.892938672967794,52.72533677736285
64.83025935033997,37.82756853607268
61.94933416304399,39.43858075373568
54.48545036636419,22.549729274289124
45.57913010270234,39.80285894664864
56.60060972088773,46.7587053246547
47.470193279050406,33.89345612477972
47.50328967895314,40.93932357333903
67.61997052514843,38.74942448563462
51.19584871695736,33.12153285464118
53.69793430716828,39.858668714918466
54.740813998494225,37.34262911147236
52.31632043654797,27.959149070062843
50.395867794063804,38.26312465197669
52.65421667160554,29.747006695169617
57.65743818900111,42.97087615429725
58.92214639238718,34.74219030544786
58.69279056583281,40.01785103957371
55.277614280727654,37.64365505300656
46.79443921478396,48.49992657674248
59.62860043056514,60.21374246051754
53.38848619971057,28.669054561391086
53.42617868395841,36.827441775434494
51.27927090877469,42.448939349851635
54.33744071870047,39.652688624718955
47.46713072620079,32.0186538816753
52.50444970805605,38.018350596201074
51.97570841127004,40.75381738664034
62.435959410474844,40.675555143066006
57.22034666630105,33.95668493728392
46.28672312066791,46.42134252749081
60.523029296452755,47.105672118255235
64.48049224126635,21.982579022142534
61.55740295687155,38.282496064014154
61.7344358937708,41.712364946876555
61.50399669932126,50.23582817733911
61.44251646485136,29.503980294155554
43.488151533184144,42.63215745614332
61.16449933536147,47.78796947183714
68.03401684366185,41.82269586656688
52.666261024750874,56.28894272127681
63.333233678456615,39.757531751193234
47.28306449362302,34.884477963812785
60.813130131163874,41.47215587823787
49.340294102379794,53.43915534646263
55.583034367151626,42.50084256465948
58.80146403537249,43.04389677770453
46.933633536787966,49.71024074361838
56.81907162046511,31.981340152053548
63.80820042872949,42.53700928419256
55.70737919845041,48.97279740654222
61.09832313297189,50.241130933871375
62.72265397909513,47.649457790747256
61.616966871775304,51.86617614283707
62.27292984236848,49.80778722621659
54.01474323139804,31.889323525422412
73.14566586083927,39.79937047681321
58.65186881265529,38.99826694454044
60.43197212861157,39.154525916000914
57.70031371213235,46.85605848026897
65.93935450514718,42.86057625496509
62.6086066150046,44.40304541449058
62.43007124860405,48.85677490375771
53.20210582316705,42.13360783531653
51.005218118910065,45.68563417094922
64.18276543676795,34.47728881145228
66.43093443532906,41.64231922766366
64.33846521068394,36.442608564868195
53.70996687508227,45.51554440978046
60.720948762718706,55.95157799211137
55.865282858043074,43.5852679600852
59.48676526393469,49.70269224298196
74.86973294656678,46.16231588697994
52.53716448130326,49.76593666324521
70.32514412295609,32.43428911484929
48.045081400604815,54.34194273029125
61.94475998282515,56.787715895651964
61.23493184454346,44.22607517899848
67.23096197877825,43.93881767401196
65.07949335061235,39.90992964956037
59.61705654361829,56.58055765669533
67.00451680297601,51.80370077951431
63.17266099225923,50.771410098946184
63.34965084931741,61.77978794849044
62.3213008044374,52.04836201452792
71.39582995247505,54.735133848491024
56.97237974816017,48.79821008387
60.615830265186844,43.29655609444273
57.58237548953011,69.20516429769452
68.06923908195382,53.46466696702619
74.89340762044715,45.116212189649914
60.263890482540866,49.341009207006216
55.92953827849768,48.37779026066904
73.11142357105223,49.223786900746056
49.60713824353219,55.943129638230474
66.29609661672892,61.05031924629787
64.60021116336131,57.704109106597855
61.240519391265856,42.01353422996374
66.65098216123998,39.5125781951401
59.421500453045724,59.03237325981309
55.09974232659623,53.52592034617606
67.71931993973551,51.793895422720844
55.66247289249023,45.36070261279751
66.51740081496709,42.62978079856815
63.73953801128638,40.76497115207087
58.939587759697595,56.905281712250506
74.2918831185712,38.19411806619689
69.95161887166564,48.05305844249914
56.98425074941973,56.702867800226244
70.43520502331812,45.27206024230145
56.3895655152434,44.995490612698326
59.41894201869584,52.38357133570615
76.12415654590234,53.19614240265345
60.33728538659761,57.93843213023277
69.32397899597994,39.64965043127883
70.00543709388275,58.16851225782657
64.21434561096298,50.0758985652822
63.39498800321025,52.516131150213404
59.3978217336961,44.719149228270005
65.70397182331838,50.869245879715
70.21446783821045,54.229743066790235
56.929682794625165,60.559194966564824
64.12824340197253,49.56084859709966
71.89982807888433,46.0781879188308
64.13871380364684,56.375134774656736
76.29672930666787,45.243083150560466
76.96467800484203,40.104101033630336
70.05660876482665,49.72037719968746
73.53205546414316,51.99592212282314
59.62703584402136,52.974462008956905
60.81456632082886,69.34469088265409
60.88588017756158,53.707829944154064
68.43148621734485,54.709850939983646
59.670658477729575,50.01262311163491
65.34244768295845,51.540049442039034
70.93621542946562,64.0817436394607
55.69687361350768,47.30740162250625
61.618248854741225,59.79409935810186
69.69033482946361,54.23658818937312
61.880852291201315,34.855709057654934
60.913713297247554,53.24563732415094
74.95164322732742,50.82272828888264
67.86851434097852,54.4786782607384
64.75665823695623,50.9543845449131
60.91957316725214,55.85429559635208
61.90294631426897,63.03149248475799
59.471313543645444,57.82807424525293
72.79808409310158,55.552475063542474
76.61425951418033,58.1984832422304
65.40725921989711,53.06763599391958
63.834071873772395,47.349580817446515
66.49829589100267,61.53262969774903
58.890290007850446,60.081741124245674
60.41916082583194,63.355420864993754
63.50427137539759,58.09143766789712
64.81598296826515,59.55744017919858
67.7128073773864,61.57049103149358
72.09546822552952,47.155089767916984
56.17342176345133,59.109563145157146
59.57277358427058,48.64532411307256
67.24162698733775,48.038879101703465
61.07995557232981,63.18111558738639
74.71822353852929,43.27487497358504
64.57138785566076,54.14035639849335
71.95944327644287,51.68620475046475
65.71256144297288,59.335387951941726
66.23948611734085,51.036234979338126
66.33665311072784,57.85189472930652
56.20658099972674,58.572826269831324
67.2798539185174,50.555946739527094
70.05772251943458,43.834981704346276
60.870445558269076,54.9200223454496
56.50800995730124,52.91779665721063
68.57484274448709,54.694703174123326
90.17324944124348,64.67627797790719
78.18493872460104,52.784043001777945
63.600651450115514,64.38817466280216
74.75146990789551,72.39103605018255
66.87240549589862,62.27222759567395
58.89487045137439,62.75912278199441
60.30439808354351,42.967268075690654
55.77096087778076,62.98528501846552
78.96301912247408,60.75124042033238
55.49456897637881,61.760830189988525
65.92210124773968,52.90086881684762
70.58577431860829,54.75000745309836
50.03279889500817,39.83259331807126
59.74956635161032,57.34377177660311
58.898668009438644,68.09500409077194
66.26937219603151,50.787005447943805
70.41417555996192,71.08125326793933
63.209729801416685,56.79466466682937
68.09189077906684,49.43490759382878
75.27972428860481,54.4889444890116
72.86365652211927,45.01562223680026
63.347933749293716,71.5050232657203
78.41777335392047,56.14715184668765
76.9152868293794,60.98368679861286
70.15446395354967,54.00239275398993
74.53286505676908,53.475694529683075
76.50090971223327,69.04267881313329
71.73738571184347,59.953349792467634
68.42892179252006,60.46831661347868
61.157068046945476,64.28169397588404
77.53510293539503,63.141386475180425
49.62612154817297,70.8724291371903
54.299597483640525,68.19354060551208
79.65791836709181,60.92013602052992
66.28465125424687,65.96198294149124
66.14383181535493,54.316905221034986
66.77274216583814,53.1881366088429
75.76454924329973,55.65962306541101
62.37834708670774,44.49618309883171
71.13258984800704,61.71494132108815
61.46417940884552,70.45888515558852
65.30754939150974,69.56108467317874
56.97154951853616,65.36328489858562
71.27764891056049,63.60143111471456
70.82636539314363,67.12362905534968
59.25526593366371,66.53611138912824
66.91249606677118,59.12080765130995
69.69469985951102,65.61850411427024
67.23382247836908,60.9039822604707
68.74138603811846,64.87833604054254
67.82987020304644,65.61734439864001
66.49739608691142,67.63978349295292
67.00108923073104,64.54201587342754
55.47941665156409,71.32131792856947
62.61910219422029,67.52675464143888
69.81161799488804,65.44350752649493
76.89979977354115,56.557468014546544
60.41766019655834,64.69540232134956
65.20415796498713,62.23213441603472
56.5103510813101,70.18065713694894
59.92616394479795,68.51475219570581
63.471584789350544,74.64373235552331
61.24387286139661,73.65114067512177
66.15902576252701,52.966142247560384
69.64943057654591,65.90955037416158
54.9792481867392,53.187578692971904
71.72963454326421,59.770994558131235
65.99002573873601,64.7348882583729
75.48901626423944,72.88384063605066
66.78918260372583,63.0741263962641
58.17491269188566,72.99300943868028
66.90484344535243,67.7779544924896
61.21849974882247,69.34937174638819
61.61539358919083,78.87997636331771
71.29188079785237,67.61347615500225
57.02247626422225,66.97690373165368
75.20536080105803,70.2135147561479
67.00316760645866,67.88544709907524
71.8295452244089,68.19595388481191
71.3299244383125,60.67072358739886
67.35372057496261,57.89501330574027
73.48454809484937,61.930730546673026
72.24228332643317,76.89584811535924
60.11954668884173,70.11806271541415
61.19385344764649,72.01535381930209
75.6068765608079,57.560715569320735
53.758684238965884,75.28393677432219
66.85455924326777,67.12487669448895
58.09692086673843,64.95923120852795
67.552399463992,67.01253458429633
77.34802238489719,73.43709587156586
66.42530871493916,72.17633908383148
68.75910370532588,70.88149489181143
62.59864473254786,74.3647041187747
57.72816856839008,73.52122515342722
60.472945306119456,61.95877177553581
68.08598124400666,64.89506359186731
74.43104626689168,69.89131354208195
58.61059979623529,70.76251248873045
72.76112189612414,92.83339292257416
54.03421463130972,89.58842523538283
71.8064176734651,58.191539905519825
66.70926841410348,79.91035554507178
71.78252477091789,69.15748670960149
63.456129212902304,67.93580081345063
57.223220538110674,68.30773869414477
67.23775897626018,71.19706443760197
59.81327360829007,71.61621953080278
67.685061367963,67.61705135154737
64.17960981590456,78.52736346496161
62.12713599838911,73.45573989293479
70.32095450688524,74.37006852032485
56.260216932170025,74.19739054082183
54.8494609641118,70.85239210051425
67.31247917167627,91.79372874396466
64.72961760309859,82.45923803203804
63.59515608742084,70.14133820719029
67.16459603980229,87.59285768194107
67.30039864633162,72.38250959332304
54.41679314713129,75.2497690012226
61.10645831823471,74.69860147610184
62.54328123328111,71.34050702603001
75.93013863136586,76.35532277998179
65.98280811904314,80.77497858057207
76.79282207748842,60.571260144791445
69.18429312122939,71.90083796287088
61.72873249189841,73.41153577841192
69.84729716593515,67.45443535082156
74.05677333534074,72.09311926862561
75.30074798731091,71.82675676041607
69.42971355761037,61.64352998808703
54.595122741918615,71.63317297654275
65.214302567033,81.31744595486151
69.98588275438087,75.44343652210172
59.592216584814516,74.83078091935151
57.79719025526132,65.87602372797498
58.19268539183389,86.83794667276896
70.92235041769517,80.11390392850271
60.92386501795432,75.2443182498765
75.92827146116764,73.2278795860775
53.12396372755616,70.83145878382305
60.93879329040409,78.03730697945397
68.24445899897529,68.42905411933526
54.161594759651166,73.1616905179973
59.78586152887858,64.92178682661405
63.35071990612394,74.33833796741217
58.72441207824783,73.16214176096263
59.0401559739411,75.0061459679848
78.50629949082058,65.82008274865473
45.03048539063431,64.07960188124828
58.37179963154384,81.34598759243707
57.08323009981278,67.98294956076091
70.0713929719808,75.81031343622686
64.89147232916304,75.7832432869816
57.67444101195967,89.03455731432973
70.59534924494014,70.01503052965528
64.81466118693957,60.61414391336903
66.23710237065691,72.10208868836999
63.42088717105214,72.38592415566413
55.459660576654656,80.29146606048715
52.3745603422505,78.51305855035976
46.33558686948485,73.09208280314647
57.02920184343147,74.0088062976639
38.9377385647754,78.27942088900825
43.49710232177044,75.95732718340491
41.064262787265626,79.62725095478348
38.688372345218944,81.30910616216468
47.44659575869571,74.23052597107892
48.49776322732565,69.53658472929138
40.627255272926476,79.19752308609581
43.32733925840824,89.26756974235353
39.36564557013807,80.78501830170815
37.65912703131251,64.6230004182611
41.03416826695018,79.6526538572642
40.57724789762486,78.86357534300693
42.84726923721338,70.11951158062523
46.59110975311228,90.1254592534089
45.691629958222435,75.68511648804025
46.27424440851447,65.77169180929494
56.041813158558625,77.24401696599735
42.2073368826072,68.54362726138416
36.71695699945766,74.254685931531
45.63945591693699,77.86040493167667
47.037642451260844,82.41372107769946
47.86597031096542,72.77135370323273
44.723605524326324,79.97263279493188
40.4187650271473,76.88431931272
40.60522894351122,64.92796500745521
51.04297935536503,74.3657912493133
46.55004020128514,74.97927316158952
47.1960312858184,75.00212051456342
55.054224910478126,76.603287394449
43.17141542213979,71.54374655032056
44.41044708532744,75.63721606877236
44.82948552872179,74.41505893688942
42.342000758734144,70.66320919330188
48.91792915215734,70.70643759547266
53.74054514142225,75.98081128510358
48.57740691682615,73.87611971523425
39.1247322247422,76.96439760723545
44.643954258956654,76.92090858027494
46.189113159804265,67.63722340928463
40.81276294012675,76.64117907212099
41.79416242912946,78.86367943508367
55.480288124015516,74.76832395225
27.745952752891007,75.81846776645196
41.83400530615022,75.74334490438139
45.14317741603386,77.20276451397103
44.20211246175047,71.70473032599105
43.48147416537534,70.42287056348513
42.66158709762653,77.52463373871792
51.80712019091963,79.2966849954155
38.35661658410069,58.878557392963
59.04734315009535,87.98548522038826
42.310924431140656,73.15359728479352
36.342146991689226,80.33868205285759
35.06616004866963,77.91563831950832
47.65079712048648,82.90713764039415
42.09675033967644,81.91212009658783
51.12462882621837,81.58256657125514
44.113636715396495,75.14408988459192
39.48791396721571,77.77917670900035
59.45374988305841,78.99054858972492
41.55562809180463,70.12400298914378
44.55801456605738,83.29669613822678
54.0436122955652,75.06034210702651
47.64346250827387,77.22761172192223
42.48914929867553,80.2180153142597
34.53762427808311,74.03487152495732
35.837169177495724,79.40434106582072
45.863581962799074,81.7984918150357
35.499212196995074,72.46923383545884
38.008955690944134,71.3518705587416
38.67868076215071,71.23473484888457
46.755910326538654,74.08767797631847
38.90154109099044,77.81008335324296
53.57710082079185,80.18711927039976
45.26999849925234,75.1500273617644
45.20217383161601,76.03887695625397
41.82047718488907,77.7250701772386
50.63436405240014,74.59295317988249
45.889319978154404,72.38609353378794
44.793790046265826,82.53449738571963
41.646474866287335,85.70952736995729
39.411318913515764,72.62093814114382
43.08315507977335,67.67183901378256
47.155937693186694,67.78876422817683
51.37299836870032,76.91039483035257
42.71346146659953,72.84075609270867
37.29654283879969,84.54132783121524
37.332563980687965,71.3280270603355
42.60927368675286,74.92329227813903
41.396862710854315,65.0198915295947
38.164767435954104,74.01917912978638
39.203564141804996,74.47655297921548
44.845087057637365,69.68911103854754
42.041126553782625,82.92749200277565
41.237931698579324,57.21747609002638
35.19014963487809,75.22209849912682
54.66386930208888,70.4927464959639
46.89193479720745,73.07237026728863
50.47631457730921,62.275551426327155
47.61106559733648,68.8050403230361
46.42059533762156,75.27530496005588
43.47750425937356,86.3410640238929
34.59210281065819,70.20099957737276
35.1522329014024,82.98690085875816
43.42372807499251,69.22509229900693
44.17669826563658,84.81303349075961
52.36947631020903,75.31400799099912
37.11127707874983,70.71867853399341
40.654688823298876,74.5177356401473
41.942440376587996,77.93808685883353
54.27961036610654,72.36715751451882
39.51192919139031,81.53941239295116
38.884143823067774,77.08690585374538
51.89659243719126,84.18425868241795
39.205326096099036,71.72607717213168
37.77006767103837,73.46363153668658
44.065987556418115,73.92389853065195
51.827189425106205,82.84920516070574
48.42698542687076,77.04382613151913
49.80084233377218,75.75594701169636
42.588597369417165,77.01445301089404
39.13436991244867,72.33592400922556
44.972135304308,66.83822297969229
48.522850574333916,70.66431249362516
44.398051575205464,67.29366040511859
46.797470006798854,82.30987989204445
32.70792494046129,75.54191631964376
45.949743343514776,76.850277704515
36.98467204536311,69.52121799819038
38.31114379265348,70.31141454645417
38.41033044191191,71.9452870445029
42.09498389480117,71.81133184132915
45.01542177932928,77.95486527913243
48.30683680382281,85.30538777494118
47.61494729683717,72.46431514234985
43.868341005826316,79.63634215615423
37.173124861792296,71.12640678653403
37.41012361272927,73.96811438478774
44.14517489417014,77.48892275104205
42.39348029630503,73.15601260487688
50.5433201623888,78.94295825484927
42.29470844145816,85.59837082190265
47.84072405375021,72.5668963518403
45.01122531118032,67.12126180517804
34.93384052555686,86.23712229874585
42.23497404034012,80.325124928732
43.777050059808836,72.04201829508706
44.92506649136102,62.834533068402465
41.52236004382402,81.20451863264839
43.458075165031296,74.01286788707813
45.70170373003188,77.34026212401538
38.3682884292235,73.81312980956645
41.2076228429003,80.7544888680599
37.918289675936485,77.37702745257904
47.42256656282624,79.8145925975254
50.67342087448404,77.45125237334747
44.478683079943565,72.97591906076667
57.36943002776218,74.45615934083239
46.048896501022625,84.54884550551664
50.718648625460446,77.98811455184047
43.62407862086395,81.34465618718286
37.61207040546162,68.37114226246754
46.344126708118296,76.3951975616372
39.18308899375322,75.25189942922992
41.234664902662495,80.23288067505624
41.62189515898679,77.39515470800116
38.06591850769121,71.9240780764246
45.3694368926385,79.92919157382549
43.64993033915469,74.396067835042
39.32955116455059,78.00635351542795
37.01047421135593,83.98065722500627
47.21334735572698,74.10739975200681
47.083147290876305,77.059859991997
36.036362133190735,78.59749451981659
42.0971474815977,79.7975474866455
45.11054906743412,70.45336598531622
36.11341506680169,78.98344535726355
46.15716847730662,79.42552600227455
40.24530272415502,82.15498778144037
43.563218586895594,66.84166858244191
48.386371673453624,80.5231882366834
51.45471951811503,76.69128455789787
45.43628342703282,75.53285805322632
45.981304130756094,80.61483907459817
46.99455024091037,78.95529959479833
51.250180297559034,75.54132898772649
41.48500586264946,75.94411478049827
34.01954719627329,80.02098630372349
40.942656495188665,78.98467359845577
48.40820766113625,66.71182054019113
45.86629117796273,68.92779592803632
49.08848190002685,83.71733351684851
40.50536091562006,75.78423421121009
53.41977559621883,74.34931015401779
41.01601375186578,71.90281295822207
37.15170483938135,85.22885179375511
40.690300319488486,82.39730022473452
42.75315098056804,74.36911657865517
45.45979757691243,74.59464958287185
49.121584874934385,75.18903808909913
44.20713071853374,86.92714015876595
43.09199397807627,84.77327230646735
48.407488396900696,87.81945278218006
38.97744567670311,71.10807947456395
40.408627807204994,84.0309157477518
54.59866466202171,79.07847825056874
30.053147173988222,74.91264157227015
46.948545409518296,68.93453119544287
47.24602125986237,82.28561334826396
46.02938394376051,82.56453519938827
51.474330456064685,75.06062466843997
34.36919616463563,73.88216847594958
51.17046253624797,75.67464809350204
46.09630940605038,72.96067141481652
38.51743628859274,76.08530863137953
44.08014468528484,75.4818507272463
49.825856598077785,77.88656969013472
42.86597696491214,75.84254988970166
41.71035162639855,69.29029944149909
47.0705436821735,76.60061428446669
46.33418124836148,70.70895931068857
47.97544804051011,72.46741603203998
44.8351635763576,81.16587032320821
45.527644136902,74.93554952931731
44.37788684776279,77.80431616533832
60.275773280611695,78.01995386767813
41.30720236972856,72.95868949299951
54.51267434661359,73.46964675943013
58.20738142616065,70.31641076532931
38.345166479690064,77.99669178894287
43.386891675263655,81.17675461682322
50.315554427745,72.48030711537415
53.42935919503752,84.53606783393899
46.66547337585758,83.8970024903072
48.687963898099014,65.80460623699717
43.276262441150635,75.7524348628227
48.957081194855135,79.76271706159537
43.74395518665168,78.43335430099553
41.70156037203964,78.0539197612052
40.76998998851801,83.05877243979083
40.075988627942195,79.26128122395592
44.07281351837062,85.39175488590492
37.343497225483475,72.95701785239427
48.57926065380169,75.61749939837782
49.09701389513964,72.28495766440852
49.7619748833477,77.162105088283
45.606604246206686,80.38080971210769
51.95300876623309,72.26203951324197
39.209136535002315,68.78782554468332
49.02978193164415,76.41730564923579
46.16370157046793,77.80461024095513
40.74714378062191,75.97878937171431
47.27543788710772,83.9196386460056
44.779118038744166,74.21585214371652
40.60835347062087,77.29025225202885
37.46462174884802,75.31712814475256
46.68218962689425,84.28411616973729
36.61829788362839,73.9358207996858
49.97448800699857,84.69683535332021
45.85181870075797,76.85113619460607
54.298509441815014,81.02545766176958
50.45929072877303,70.36358649703479
46.414257221863785,63.44197426013794
40.69156210142086,78.00235888209633
34.37751820196114,69.34845768110206
42.80907083885667,68.01938115277385
43.14427956769811,82.83805169714881
39.9464126590394,75.18609694212562
48.071744806740995,78.04045185356011
43.751198652347895,78.722573498828
39.33708084709522,78.93161939235092
47.556192432728714,78.77824883691912
45.051113795029494,73.10648366582654
49.447730553541646,83.93367179414516
41.81398149083446,74.74671310609064
51.3161850697706,76.88037217766387
48.12206376454171,79.93768031528867
43.46282322152395,79.65681953181064
38.59167338194969,66.93343619203291
53.79517151550613,76.58795499189829
36.64031500009645,72.76872050167054
41.6295758536613,82.4081745138621
50.91537252202468,76.07350568406791
43.95455370023886,79.99473506288942
48.03667595098941,75.533743537482
49.49469935083281,80.7432704380961
45.426548480993944,70.66523230561974
37.71334497260754,75.2267378781869
40.22223621634071,82.48372465838281
45.26359253107744,71.03034207057634
45.35237279668489,66.26243108746915
46.102308813680374,78.34823616327895
40.172661475504654,81.17604626530607
39.75074822622819,69.98902776262365
30.987923794083155,85.52248756065718
38.287426093001876,85.26860498285478
42.37580649208596,75.11927566957105
35.58808364601468,80.13892029493476
44.89368032078315,73.56343544080377
45.19829775760243,78.11265051979404
40.56842360921405,71.82807081811973
51.57883682269002,74.36461300822228
52.79206961091431,70.06061448215513
46.18134840335771,71.9010751083722
41.129418000304966,75.79527726467516
55.80435026200788,75.84263358915416
47.115686093862564,81.2346524580904
39.27258362973908,80.84832689508002
51.34475926623081,71.35480750998832
37.89977928887937,90.84503347918267
49.83486044551721,69.74934369277447
45.42704249946003,73.40352529051721
50.52205356624712,75.99346867750378
37.70908926903034,76.94954508191019
46.32546210376953,75.66267312086664
41.037938981406924,84.23703320074104
46.465780021692865,84.48275523955785
60.64547314750851,61.566472562571434
35.23901018689506,71.85905629842932
50.57760093184237,78.49475895669346
43.14475184902655,78.13425431061088
37.70734150906503,72.56337669941996
37.57989303083088,77.0913993232484
45.140168540098514,71.71155157150802
39.530514247049716,76.14895083814986
37.326718177774566,84.52430358119365
40.22504956679629,77.56015651848638
41.51323870786784,64.83646839193024
47.91357809890123,74.47729198723226
47.59215980923069,73.6293076884663
48.1335659240162,78.82833677310546
37.32688167885663,76.16925152398478
53.591936656121156,69.56907068681537
47.278432351729556,68.39066893173937
37.57710219745351,74.19352448663236
51.661004747353,68.47312818517811
46.79104031771824,82.48787882899143
49.22915778382261,76.17571971638728
38.929700567236495,68.62578690417175
49.50613223247537,82.8082188067656
37.213146501876764,77.53048518321116
40.34662212770525,79.49786514326375
46.41578993999808,71.02939557345834
39.27099945010862,73.10767104680689
38.91501993016408,81.76889829076649
44.417537368082954,67.99577450021029
41.50184532810829,77.5115781357596
42.20979804856262,73.54955430401989
40.68882844991627,73.7186581465217
41.83407374312193,72.26955022883774
43.05200953808682,79.8512207430958
40.15594291849663,85.11202444450646
38.63221281558083,81.0351822167534
44.427696796089265,66.7585990552377
44.613752915606014,72.40806840762659
46.59196367443728,82.53656602241159
45.21310955934902,71.00903586283746
36.816529676618444,73.01994525515512
50.83131829725967,73.34683203264726
42.139792657263634,82.92511084626285
44.336552143302676,78.94008301171289
49.71203149913015,69.43613912370512
42.410375665750685,73.00057578727015
38.33088838409657,79.19317740025461
54.67746386344547,79.70228812797018
43.884663157381155,75.2489161262957
55.707215488245815,61.14495532177209
33.21206818863787,81.86847485020482
40.940947344379154,75.83974906879713
37.3762727213003,79.10891039892886
42.9258887016204,76.31736943644357
40.80033271385011,82.48330545211863
48.60283859275541,68.80423156686582
44.11782641713194,79.6905689821623
44.49022466890287,78.70059224092527
36.570663539661595,75.03588666161559
37.76032206877556,76.03525508931487
47.52952220442882,79.0851883929428
43.090042398634374,69.55213144938023
44.30073851214449,74.71261517535818
35.83043932855399,77.07763751525584
43.003366110553735,83.13924157420507
38.911729007892205,73.69283757109243
47.23994242526889,79.22339473393531
37.73745690076262,80.19714305579676
44.932277256015475,73.4285839330281
43.65552245941161,77.94519044812547
34.746809298022214,81.74643701922686
48.472537839719415,81.62764184451868
47.40920203113507,70.12599894283986
46.5800262497092,74.66931299280856
37.8079299111465,80.27424230308976
35.831239845399864,81.78196522826018
52.16779235644046,82.86753828898644
43.65989995540384,76.47147398429223
41.51253175870164,82.07511877747255
46.0261412573113,71.20295974001584
41.530537709674405,73.83238337654538
41.86806366976916,73.87174144034401
35.155524999742624,68.28772300560898
43.79279405947339,77.24971178306319
52.90911187603483,73.23659500477474
39.458568602370136,83.69944334199435
43.120656212419284,69.57676323351231
50.020081982723035,81.50968002130497
53.445647854685866,79.89832826198702
41.67371189089131,87.40826002726631
42.99925511649543,78.17482234582744
47.15997829678498,65.75908064206037
41.84835394111976,74.38261942132729
41.716858163836136,69.30355945848781
49.471079836857285,71.24814100464774
36.0085756207216,89.8948939485078
31.993436270449024,74.02690251407503
37.07231648713032,71.24228616948255
46.70399177815363,71.41015324264316
40.02836132689097,73.8940495128002
48.68318371281769,79.06751527927437
43.586645553900716,78.91317292814477
40.377150170766235,91.86279886779084
53.897910802170315,70.5431322409038
43.42478543407557,77.56374527071223
52.6649764417411,75.81068747076446
46.75071062117596,70.46561151195543
37.64448284113244,72.95142428108956
46.021070327774474,80.03815073336841
39.06269025617407,74.27141914006228
57.6678903506153,76.73609573775876
33.941325829785264,77.44235645392158
48.74799693892477,77.6716920391155
43.04530879335235,68.5015364305546
44.86014156423104,93.91963014075593
43.904711258576164,82.1122865232113
45.66931310642123,73.00957961895126
50.12315199065457,80.42336497080744
39.8734879977834,72.3421789903572
47.803534877261605,76.02882770823076
39.42782953249335,75.30631162038205
56.35924440439926,71.40157102832922
41.00576127835125,76.64118668371319
40.80284675617784,77.18785375263028
42.28056634108235,69.43837475995494
55.51579973388117,72.98931159507478
43.58162381877325,67.96394421566406
43.56253776546121,72.34427331719318
49.81070076049684,73.94174760435214
40.11166131647572,87.31425679502227
49.38988139058579,79.02212810099212
39.828622663388,63.79945881727349
47.705932691795226,76.41339681086328
41.44791541777133,79.92964272301532
42.60504947336433,72.27715773482822
40.25275759828467,81.69052189929852
43.25590176319222,72.48348527081956
41.95901198112544,74.96181802000358
57.480129336968304,74.02249064843261
40.073579106268426,77.00145225491646
45.56047035879011,74.89839088236911
47.1532245478295,80.907913083859
52.58893512854904,81.6685575321354
41.36255516465212,77.04356818473087
46.8864352172364,76.5459604479613
39.04141774785892,76.78773854223627
45.3045563366654,76.90575486549778
34.32656571532641,78.99252682822714
39.25402410437847,72.69796293833502
48.57825027284136,85.86407287657376
57.729271308036,82.3193954826256
40.556453026484434,75.14247396372565
54.45677209922589,76.8963933849848
46.470743646221095,67.64767761820137
43.22925491454103,84.39010346467748
44.38836780808286,74.84816868156781
42.95479775680177,70.8449024521854
39.69593410944303,64.55438646788393
49.025377380508246,71.51335266358807
49.34852456739145,73.01438171064746
42.658150855661944,75.77824819480303
45.8451490526036,61.503262131113075
32.35440531229354,77.07902930325622
40.87374400197999,77.32766504581257
49.93317970478066,68.92474599696706
44.578010561899596,76.42993470399995
50.039357423088234,72.90971991148999
48.434935048279684,74.90558246075774
39.56278190706342,73.37390624090955
39.80022395687827,80.53519664011134
46.732786507771365,76.05561456513126
50.72738234555573,81.66362497157368
46.52621202491259,69.15502190920182
38.50244990576657,75.1330915002981
42.8669027454431,76.16448435592613
43.327275375985934,77.61427152853476
40.56451007502056,77.9974632982961
36.89185999849386,82.84484786499453
46.705406551403236,73.77727661324926
40.362286574876045,76.54712766392825
47.664456401303894,77.44107827362485
33.196729866553014,64.75067297344019
61.971638297569235,71.1562543935901
49.12039998933344,64.261692780526
37.76356083244108,76.98981426734696
31.112146627442826,78.05773729636341
46.058442082931,72.05753722062711
41.81178440547033,78.84851519147897
46.84656831536223,70.15084178923668
35.069955255963336,82.42116812891967
36.40397252953081,88.03529013537006
44.993110090936156,80.74480636595608
35.06410191737686,72.53123530488915
44.44290472035474,71.91168103742844
42.07692501468278,75.85477742527527
50.00692325054902,79.41695189468425
45.10766205886341,72.5562737127403
45.32801373648682,79.62654113727038
45.980132520137595,67.12026543822931
40.083306120316976,67.38467940715864
48.64576237712534,76.65188425174203
34.99057026644406,78.53755370194955
38.929753181204106,70.99631063106956
43.65321204854025,70.61531769203907
26.921431421514114,64.07038241394996
40.85291827759128,70.4770068931363
37.28724390859954,74.43262229618908
36.153216199691904,80.80289635664403
54.106749011653804,74.75155890420193
39.39250520908281,79.91413034908622
42.294123850284365,73.08474668751012
42.43297424014264,72.81176857982044
38.404148781709836,77.16918425243796
38.56239354953449,65.09456055442507
43.74779448820305,77.41497656707898
42.10801360731939,75.27227800428159
42.03576881858674,68.79003606603068
46.436982063727605,71.78458269262505
42.70531492186209,83.87197108580456
38.44440131842967,68.45477505373114
37.30261037391844,70.08441195563624
40.559584814376585,79.96056967302879
40.190124993841245,79.18847014360436
39.572793547494044,87.03901072760026
42.835657896307495,79.89670574503988
48.609046602780225,64.47739125461173
41.24694197461839,82.84765968810906
47.42369771512624,83.10076380352675
46.88467067475668,76.01707683432808
49.63312986337147,67.7200357710497
43.18415130278927,76.99734781879575
35.52749638973172,73.29689337531107
53.84067711899398,80.12606292961952
43.780656415791476,74.01978872371151
38.31205861933372,75.23834253024573
46.34179044363234,78.09561850787827
47.549516441937165,81.37552458884295
45.08809726524398,76.31208339103625
35.49733610158732,84.16835400067872
46.43125518059352,78.04948249105911
55.33676300011331,74.27439798236828
42.096937531531,69.54391652260993
45.96362559824174,78.82849842777135
36.95973234777925,67.85093392727923
40.29825947381116,85.1271528547846
47.79574045438728,76.74101119811614
53.050337330737264,77.92133625470325
45.022848560243155,77.57754252985904
37.41257304134532,70.78645377516023
43.54650898419928,78.30043700999079
42.45733002345583,82.05290428624113
48.936489830648064,85.28579110323786
43.08831242104886,69.83323614225255
44.85991171472798,72.69683487479965
43.526095984093615,83.22323427583565
51.27289095050267,74.51195269599589
42.96689916814931,80.36480185777596
49.31306237956031,88.96240620069678
41.987053444393894,77.73940055677907
35.40625302583541,77.46477346573882
50.42150588946571,79.0087964798488
40.81053584237959,76.8195315152071
54.84969725168787,73.25826660931465
42.9080283454884,79.93144143066108
47.434341695244235,67.85874561497539
52.975021859278435,83.11774889228167
45.5283608061651,72.35290208948972
47.57477709133528,89.02455761446942
49.778148023510454,72.83626896374032
47.997838262669845,74.90495658435395
43.76277081227454,73.76505139114663
43.11662852320088,80.35170010228457
42.663186268391385,68.69042328201404
40.35794225615388,78.84982226679176
42.712448267602156,67.77296329058657
42.935490889019086,78.66267297103168
35.64338799650637,75.03844759615095
47.93947386637093,73.01581628050033
41.39117917364258,76.21379588336953
47.946262020461376,76.30504654167349
46.71687188409267,69.76149796268535
48.0560359643254,74.9235676289705
34.801641914846,67.30944106117781
48.926825960118514,77.49375379911993
39.40128661511387,75.22333633076339
33.475669936851915,76.07613542186445
44.61085627517221,72.26017612414104
44.154047671523244,71.7538803966234
41.110654514743544,70.00205963362957
44.44690876188662,76.39138317591096
41.505070319093356,82.34784195305573
42.21121079090067,76.35116110998628
28.262023584787105,81.53533963102453
37.08663391412831,85.52042821338564
41.42218385477823,84.40945624595928
44.79185624176697,66.12176265078358
35.64686152933706,86.72942203314561
40.54527261494509,82.25533304666001
37.440537449010556,73.4685155231026
36.0199230167327,81.51139593492961
43.15039815213774,84.31149926805406
51.85665146721179,74.08498824693875
34.556637271070656,73.60979584512273
42.66270813291505,78.73887165568
37.91098149707665,69.9538069077787
48.08740137687934,68.91049350631978
32.915663864609634,75.40135739204887
34.785401786625066,76.8435928419654
44.11074583090098,83.43070913060085
38.287885723729204,79.19853380403809
47.61666067416022,75.00138709912852
46.54852280023685,73.58411875635262
53.514017557951135,74.16063814843429
50.61933997851408,75.61316895333009
49.45608800155571,80.11855467786606
47.15568307529935,78.61949739484187
55.66602387938351,78.8019876740613
56.8312836444247,70.02773837537522
45.522751972043785,73.83091745880047
41.98879559693555,81.68811792462682
45.49597383962375,75.70426821484251
36.20569365426992,66.97489447956742
47.74935796041476,76.57946454948191
43.98602722638669,77.24783284443954
51.70694278163194,81.5227275549374
43.205407633349715,62.70593171195178
32.67656498446797,81.49822065660902
56.442021679318984,80.6356053147214
41.32245211314361,73.90064926453013
40.031674968437976,76.19575519735584
45.07781171439199,78.20738899952417
43.133760903828765,73.87714921582612
40.01397822576364,76.89325344087602
49.376689405185225,65.79500432387007
38.93406136746717,76.21379983052657
50.78428857244074,74.3656379633996
38.50041994966709,83.25287255800616
47.70109568423801,91.58552198398293
40.5489092324833,70.72106361860776
39.360487358389285,77.87319905114327
46.48385778209688,77.55759641313327
36.77737544334495,80.4357235800405
51.00926461942944,76.42593933073489
42.57859181511297,70.1625276744104
45.84587709105835,71.99110707024526
43.26937803429677,69.82360930288013
38.569141417509755,81.97949870134961
43.92853883895701,86.08507631223418
40.39893665579846,83.7310371578854
44.50742774367679,79.32729767406587
39.14915299672124,70.51319984761902
41.61141095726716,84.46743936960738
47.23060812410691,75.79572978329873
47.84586221622804,68.6262332164176
39.625208024522536,74.4181186142597
48.49439793845741,82.40493899150061
42.902159561161845,73.6280646044438
50.445464906904014,65.93083686116607
56.78747248072492,70.22938820446961
47.186655267503156,74.16246043474234
47.56292226108375,78.89874222097767
44.80018484783267,72.17521460135806
50.95019252811547,78.19978189391813
46.297655321917745,85.42872117600403
44.13625366569227,71.57603437922752
40.040327264051385,73.92521821252862
46.07883887997333,82.80329573570813
40.759866989902186,91.03160987082502
49.02609540384414,79.67453413045084
46.67663852202402,84.76840974306536
46.52439337918227,69.41653579135375
47.63538575777193,85.2174969980541
40.58686185859043,77.62663237971375
43.88872191781549,78.44339733659531
49.16187239807918,66.33369357129239
45.295284209817936,68.46570306220161
42.771042920173734,72.5118129267574
43.84998100565655,74.58948939820964
45.898963938076506,63.01614491058901
47.42206743333426,73.04677291647856
43.82768655855044,75.27682810502593
46.0303997571757,84.02869373080834
53.33741270548125,65.64333733408121
39.72064997480543,81.98836752290477
46.09584287533563,72.19569901140932
36.44245161241316,76.81415625173412
47.86349045682075,73.03348516404128
46.44320625590606,79.74543894296322
30.189525093065594,80.85135718289969
39.628975778866064,74.4854519314575
36.773458370082075,82.45605262812731
38.67387360034799,75.07579043254049
42.656937346094914,77.78088716869888
45.741461793981046,68.43961120753725
43.92156861224913,77.62522461083438
37.478232709211596,75.12890350484952
44.2325288485932,67.6764788041716
49.9345326735025,92.68663469649053
45.0475749722852,79.08958084526597
47.07064329520098,67.86379215166683
39.69913285031299,77.33421148695085
38.689277613645366,76.9654668775637
46.02450045831975,72.4339176412581
36.81216509221662,76.34095039756214
53.93950886732802,77.04362958380676
47.973439734338065,66.80223999682815
48.06144992772181,82.99564789137182
47.921892141776254,79.94208230670557
46.83599890784159,72.67540075135868
43.084482743010845,72.43666858175364
38.84631625499458,84.1545323127771
38.674870106987896,69.29912366089421
49.01240465066329,76.74062342466472
42.065579622317564,80.2903231403225
49.38668566055589,76.3395283218789
36.89350892201193,76.31279796411243
51.932514283917655,79.22892186359316
59.66310779032456,85.09876435677621
37.57412628131025,64.22588901353899
42.029520213660845,70.68342918683123
36.99340403541865,67.48393692967365
41.697095404134004,65.84097158643004
44.2593004922332,74.37443543175624
42.66442500177419,69.3070800532689
34.596772662605446,73.46010872421778
49.27799894598848,73.46252305099028
46.65293835306125,67.3016602450822
41.3126863742948,85.22047909047282
34.98295562091349,71.74536370986503
31.6437097318669,74.75848590229835
48.87108513312159,74.79426404843589
47.20071158955885,78.2068866163309
41.13957692264005,77.83341370507793
49.84670685509377,81.71760538350813
40.799078355932956,73.9534698450135
36.76665102240508,81.57639457177478
46.26544714849547,79.0654542022548
43.74019445804482,81.79441423038612
40.25016900803758,84.73978211728543
42.559500479190206,73.95229781729739
49.34171463220006,76.30090348030346
35.21627983902924,81.59180946434142
44.45688639970837,81.77421581911126
43.326436500689205,78.00350350483727
41.42588554046425,90.4949779688761
47.9162308027517,70.98501167129334
49.112171275806865,78.01396489610131
45.28458379834479,72.48009291758072
38.691161227831195,74.96135122375458
42.59914259344539,73.183657836131
51.19031894654398,77.06801231452413
51.490811468896375,82.78893202848684
41.75865598198162,71.01732047012928
46.7537125904464,77.36578459895038
43.396130202221826,79.60035570016515
39.32252638254564,73.7847270166257
52.75314502627269,68.97283083762107
45.09942345559586,81.74941894572382
46.6878740421555,70.51902835538293
38.757448896458,73.36147503634442
52.1518203728499,76.05040523702891
43.40364802722945,65.23155198210307
46.77657609700371,80.85853614037653
38.704791964165175,86.97614536489846
46.49024415832845,72.0914694637413
45.51498123390884,76.03574368313929
41.96721382946644,74.82071439296313
52.00230814767194,73.91256257279153
43.403730411179374,81.33781800192844
47.43978336920246,74.00246295916436
38.66005658342605,70.51094199687951
42.650756463712355,72.38031696014025
41.790739937595426,68.83884028026368
43.69385590487823,79.65815315034476
38.157769625614236,74.4262167787652
43.24628636722602,79.96444880017141
46.633796433013124,74.03542040580447
42.978590679049255,77.70348342879758
42.20955899042904,70.15951675041461
56.43666492264698,83.46186834556374
40.78985537450809,70.37100598995225
39.784275064872084,81.14539746380781
41.28849875820105,73.40844734009212
40.108228084290715,73.31991275938977
37.60719816015311,73.00131816274373
33.73511504531813,66.34014467235312
40.51206068332446,74.54913742161047
40.17631450906575,84.63748508703233
50.623798552905555,79.19865339115573
40.82864234513757,84.83116090964613
37.55009073865073,69.99635989832139
55.242794495777304,81.32958278541383
44.0373644470054,71.07030284233826
44.06394202919956,73.97741064554236
39.925020274941176,75.47730539073288
35.166039106186034,82.5126619490366
44.59376288730762,76.9476746911329
45.47061233027419,84.86176422783448
45.34433463719514,69.20522246433504
47.42378194030103,78.00665424866033
44.928863104727455,74.95839327074208
38.69637128406351,81.53205507691723
37.03117316263061,75.6594554912566
45.53682510363161,74.89530404489904
40.170121455857895,74.90853460842239
36.702102934397736,65.55173695271714
43.577177083384406,85.88610766320834
45.65002937134375,85.2110027825145
53.0738816941334,72.9556588122815
43.89605543600135,74.35412013611158
36.71427317510906,78.38399532670613
44.107881585672594,85.60035167913531
46.94569474066332,80.4223425206654
38.42743622331352,78.02980710671201
49.640867425089795,71.10288753571871
43.04986293406943,78.62826105350887
37.12250384821573,72.77191584183953
40.68565832191413,81.42776733109537
43.96779450015837,86.03385107038045
41.07124033689296,78.97468155586995
45.7198222811832,75.57712517299692
43.95570730820156,83.86559309698703
45.287973213040964,71.48470511166627
45.56614154362197,85.11138040368195
51.55642758853284,70.57288747462601
39.81336724414905,74.59276578229304
43.093601839007015,79.4234294378986
46.80200744626776,73.12907985249343
47.75718729774133,78.2865110849823
48.96625268006725,81.17211304570861
35.37097242227461,78.16460599001154
36.25658982191061,77.80872105195402
42.79718593810063,73.55008425761255
44.42691297948181,76.37316100812416
42.30501256078293,68.44256107120398
34.01534127596465,79.21431269210143
58.11879209316123,85.62423667266066
30.949290022524274,75.19424690110908
59.695927354539585,76.99684153965354
45.37763465368859,88.47502632964003
47.97922019423687,73.70014591052364
32.99211695754516,76.30586711397929
44.01698550903322,87.45160779811496
53.49817899179678,62.65969494562925
38.51675954801908,66.94259831557699
44.7951020553795,73.66472971596704
43.37508995218928,76.52695278181162
44.0280636928351,73.37170844300243
39.26878832112571,74.75646600653027
35.06081382518772,66.36919332274442
43.91185336804374,75.75871501860013
38.414190420170726,85.37292550191226
43.74569785178482,76.31853997527546
46.60936612796196,71.01432805350544
39.45363913916768,79.46653472717179
50.61216351893974,77.3272402952769
41.32890293081132,68.11340876639164
43.15754763634025,71.66788494692227
46.395241621753826,71.12879322061646
35.53741238721821,85.65587483439894
44.69044901955224,71.77236575205707
49.311574627640354,74.95856510113066
43.03205618967633,66.44430294541466
48.335895003747304,75.34728537105956
48.85969604502464,75.29228431598364
44.75062555804893,84.34902809727707
28.26669018225176,75.19246934960367
44.38128545470117,60.27214755468118
44.883636310058826,73.93808844294193
43.70679942171129,73.24741992590558
38.72150000643841,70.40325424070772
42.67645854393777,74.32119463240761
48.91146978814367,76.0022442541048
41.56466407839783,80.90114820312289
39.27319692833128,72.27290435206118
50.574945998626205,73.56572703691486
47.90378845106846,71.25732487807468
51.74180010409637,74.10400800967446
45.87965648788543,72.21485014650982
48.7066400766191,73.4474896274919
55.34782462448692,72.52046905307436
49.856201003009794,72.81054538241001
48.30550039622194,78.1686207786394
43.35141880746182,74.50346241000908
36.290636490897484,76.68942260535634
33.62596329573002,67.59380131127614
40.10437436949775,82.7946162711791
42.2008332133057,70.94998712037315
48.38161643742573,81.43235338234058
44.13268946465933,81.49087633696858
38.8025087413006,79.02522501823233
45.79628584585052,71.57504438414132
46.64263594720353,78.65371674424621
44.17336472219915,84.95360665053084
35.12342396312186,73.60059794470395
44.83106711792296,75.13678476090435
41.01135582229535,77.98958596815183
44.24308694196626,78.75691387132534
46.88964688474384,90.92126756234403
49.83483418793299,74.79699128846913
46.680322406394694,81.87039072635896
41.214389871082986,78.16973333255189
45.712216808129384,66.0007507335913
43.01232673196835,75.26688526055386
50.58710714928141,67.36344346968059
36.72103515982514,78.05187469735007
41.502987505166054,76.1793300130323
43.08969631748052,73.29668625498948
45.06883171751816,80.90569313840734
42.46714096834847,76.65014761709338
41.21816024691951,78.36762071199263
42.02086068673538,75.10373371328404
46.07685778989849,74.05612442998667
43.14877055459969,76.32544330036828
34.82315777163773,77.68396092665635
51.2130687248732,71.61851592696348
40.72275449445405,72.64240759258703
32.58713512503965,77.50379820521546
44.17722696257399,70.34065885313206
47.46106627096052,78.80455999692597
44.73919619789588,68.53060034714466
47.18683417243194,73.44321647847802
37.80840679680333,79.48235668933253
35.673185818592174,77.9115928928557
48.95107920619009,81.47235869753544
44.13222525073486,62.52333641344027
34.644980375539504,80.96923448155077
40.169859340632534,67.95820887968527
39.4245347012224,83.85889841522119
39.64402668145342,83.10560768646278
42.67713206434347,76.80026073775353
39.63428444999353,82.91382907252606
49.63924856624909,75.70669213693212
45.76482273063227,82.6346264645078
46.20251653609105,81.397917354016
49.39701995766575,74.64489511706635
40.01080999419513,72.6194615082847
46.23358187066898,82.2390087374792
37.20940665232737,76.68128392019904
41.16802787271148,78.64836101205901
35.16277907432439,82.19624477790535
41.381409591030994,78.85002467917305
45.72649409471054,71.44445234102662
43.15137530389259,77.95584115309973
43.073306006295816,85.04234108997977
51.5723860258457,69.65185401045433
43.969650211169494,72.46593587994086
49.33256840815827,75.98766045002002
50.058958790762304,78.33204672778987
44.61842033539976,78.15043965633028
42.65508883742568,71.74141436716883
39.09351004531453,73.61440688666342
45.269044484666864,77.45069830081482
34.614294734288094,75.26361912837271
49.54856936311214,80.01584685845971
42.480699822758716,79.69695056216278
42.45676344214258,68.25759835678468
52.73725022259883,73.5585236926612
50.98272582587244,70.65383158321836
37.21182130859364,71.87251614816509
49.52483922322049,73.91905612006506
52.467989321638576,67.43970039164935
39.092212082927304,78.84758729182515
41.39026740766176,77.59170774970971
49.99856397606822,79.99731733430666
42.10619265977604,74.95582127118766
33.40571077152412,76.63854268017512
44.24096735765778,74.82951259913601
45.06202587220205,65.88389997115044
49.39231222309731,85.50079897063844
46.54654568757933,70.4950158872015
42.51534437284453,77.84767922823715
52.701202050152794,88.50830035339864
38.19151672994401,67.4170345508744
39.555857621574944,75.85394324270585
51.10545240542693,73.6204409542748
46.949960488853286,77.94479099000468
36.52633052002789,86.09040180023295
44.506814051221184,67.193116308159
39.398880959409226,77.9699873082862
31.232059469826723,71.41474874068066
40.642533056349066,72.92667202515149
44.18487588219562,75.7736011896867
48.2686235676591,80.65786000116337
41.91496474745456,69.82108721094525
50.429935241741305,69.8074016886522
37.29899320316446,73.25198259217437
48.88053160471953,65.04124326327475
36.169175153950476,74.65312267954181
46.05821069173592,65.11502209783592
37.81758408572023,77.8313628711936
37.61490719777876,76.70434410126185
38.91629565300633,72.19935446932463
40.2852152826179,73.0374122040755
42.25373649017297,77.07734705335943
43.0308914484035,76.14998582039992
46.8990119320214,77.38069829358416
41.805615186657654,69.407451483607
51.79029764546103,81.96347500537271
35.51325014876438,75.74390473492132
40.967910560238614,94.44220873067366
42.482837326079604,68.28006021496522
33.30917875169621,69.85745584084327
38.75922724718456,81.92817048160695
46.8177287118023,83.25281403830611
41.94669090329926,72.99729181379115
34.375340785317796,79.05778359465151
41.47551000538978,72.76707007504717
44.12895631182729,74.19004624995414
38.75937292385866,66.3261853470644
57.284646763861815,79.20823478274899
45.099430891440605,78.93197479749334
40.66648230719793,76.1595201976842
37.07385396970189,76.75397287732395
42.52305446206634,73.03222347706267
47.0228744642041,64.82176332960483
45.18281608213055,78.79010957466333
33.7350613934648,75.81770893483417
46.11638883626217,91.29379507944653
51.39967306023978,72.54382821359671
49.96578957440009,64.41208978454443
43.99914999347417,82.46820024945367
45.18102495296774,75.1497379564578
39.55195650493976,84.4716431441158
47.795192165083634,72.76082686871997
44.627851338909835,72.10525404123109
55.37816226223911,72.29290100205779
41.542402889464014,77.85324366647674
42.77978466854913,84.3810059221934
38.8038444163088,80.5163371823143
47.729132315424934,79.98091545071784
52.9875257935472,76.08851230486094
45.72023141566226,76.33523100859902
57.098937382788186,79.19058605321344
31.048299383479467,83.98078965241129
39.711906705848435,77.55813731864535
43.91661867351035,73.90973648179683
40.40611944112239,66.39783236982353
49.42121188007806,81.4348976413928
41.47225609390084,71.84391470528439
42.44499315504079,71.34983013300112
45.32794048404404,80.25656369662269
44.185738803560525,67.87959345071752
43.31684601523799,68.12376580373054
39.3583830568977,81.30012169597761
51.419550847155854,80.02412632780133
47.57583887788427,80.32651298732452
43.95780644832612,83.39073979023932
48.24750877927167,71.00003675528376
46.86071814747709,75.41831136706998
41.43430163294822,78.8864188221248
51.260269364372085,70.58542033893355
36.12603845697697,70.01114082696702
48.32669926690255,75.99005292289502
48.55357480935156,65.69075456082207
52.81754400700581,75.30078088692437
49.67685595100075,77.53481233914246
53.931479575161916,67.66792515270187
44.97851741508792,77.91628242113075
44.59975031567847,71.71940717954013
39.89759632365474,79.09953968743616
40.81522886162463,87.49213002117331
39.860894346519686,85.02177082366691
45.0625375067777,81.80572706503348
41.624406946776226,84.60032356526867
39.123923404151334,81.18035829835134
39.11685120732425,75.58563598721834
41.27017336777002,83.62664723675796
36.74980998818515,62.64068810694336
52.49278334652955,75.29195338941994
34.24116839392956,69.17934884167597
31.9599703740057,73.7580871222263
50.79782575268055,74.37369818928182
42.315576098405295,80.55991049759415
44.98803586161691,75.92339680179464
45.88143141126097,84.65109565861836
38.24662026851436,84.0880511553928
46.59938839550369,75.4102579542584
44.08380225941035,76.28938989442398
40.21270841072651,74.75888320594228
40.36037722075204,79.11795571403113
40.86956433112022,72.2182718468491
45.00643220439737,77.80181425952478
54.05895633758705,85.54558492732205
35.58938493291571,79.73685837191992
38.47151015910612,72.62681939771561
40.98246054558433,70.70811096446376
42.50959454316274,73.13278621716921
45.101749858608684,69.40700321740863
40.48031149570589,84.15305729092512
41.49141601927176,73.18648168717529
46.93386712590873,70.35039244458207
41.602549452310605,72.97460757126301
51.01151424757266,80.53218669974189
40.33044225968485,75.98826098239168
45.409072956559065,81.49735171308205
40.39021370831033,74.84535435119652
43.27328875497371,79.96696150275922
43.53334505924402,66.01213559356745
40.696175957307105,81.44890731615008
41.32293255740345,75.58291563878844
45.390170718725074,72.64342425341044
43.02379128408449,80.95606781220205
50.32124045192886,79.69196815322788
41.933539733432404,73.12568975170171
38.29930224807673,78.50924958977423
37.83955116614703,86.94155728026857
45.918916349253024,76.55200917208457
48.337219295591716,71.92165051565173
52.702285856489176,71.84378209781133
46.86072260010899,76.307654168257
43.620367651091755,76.47651996526662
36.876183766979715,75.40735136248902
45.20674306370337,80.02730801859248
49.8877563148901,70.32574382966216
36.652896048369286,79.46898391650016
37.043220896092926,78.8486017645727
41.28192821900879,74.89121363426065
50.076602814111354,74.47751042071017
42.186239635569144,73.98793775298421
46.53772642699619,70.573002111969
44.35727839385761,78.9032470410666
33.71311497929832,74.96607053082543
47.026380326706516,84.84168271674174
51.06486060744081,70.12872905496485
52.57838260602891,79.93155510826061
40.2597433610946,70.77545618209966
39.23624335727871,73.92040779250225
35.58858081024428,70.21490003741596
41.76359185178776,66.56122694988676
39.64270427410193,70.21173118387345
40.825229092583484,73.63874800120512
42.490046007968274,71.18016077307354
52.78087759095395,89.7239493418278
44.1891711716623,79.50522325958202
48.16550846972259,73.3639186576511
43.594942743935135,79.55631954355096
35.639921058555345,78.754581463102
36.49176244888569,89.20808190297234
48.86780041942604,84.82990295943273
45.60448286153605,86.20698382815226
51.04340299337532,72.32367817740713
42.563471463853226,74.79242257633568
33.23229066410589,82.25936400689476
43.00987019414523,74.67296337045063
45.052800988064035,72.27362544848673
45.56255335014927,73.81387449705167
51.18815965968513,81.963213760119
39.40891000843792,73.74820554706533
50.76792450317743,70.27490282743774
54.11606634472619,81.42267235483996
48.72613086012015,75.39459149951719
36.01753869560371,77.48581118873237
42.10243784487667,89.48766180596368
36.542320936188425,77.55067746274918
39.505601742055106,68.30995515882799
40.21392220653509,84.22770104444385
53.94557281322713,74.77431527554145
41.368449332877255,82.97198264683568
47.86091803562451,71.63003177816721
41.63832452887173,84.69377796823252
43.99579553679198,74.68549640063932
53.495064334116535,73.11063465621793
50.864608486702686,68.05101740945958
45.81763943031327,72.74193509514399
44.22587539616107,77.3206924693286
57.563336952833296,75.11928422302046
44.395070023073615,73.36941281591038
52.95050529315246,81.77267323800541
43.84127101727321,76.39871201258264
42.81542986372913,71.8761432990487
44.96880314923325,73.9770113923884
33.83731597838497,76.81363078665353
37.70156317966,72.72745003987649
53.713893271782496,77.36675541996684
44.51991924044049,77.41756350912088
43.03959497186988,81.24837470015842
46.26816400471209,81.83577984401917
42.424684838715244,86.39473296405714
46.53718814204878,76.74777548380088
44.526688893365574,75.21246607211069
43.950322212957914,69.36315967103532
45.406168489907685,73.69775635263889
38.97274556203573,70.49662488273432
47.54889840115763,74.46640593390916
36.126796049948595,72.09321064189191
45.02981920041918,76.40393754857978
37.82617513739046,80.0321063381827
38.34711344453088,77.93908734238283
43.96082526583988,71.80576343074208
43.139180989141366,73.29716479535098
37.276279971726055,73.16552945217362
44.77367189606166,78.23891955291822
40.87123331106848,70.72162113362019
33.278632585091486,73.71137728436582
40.714487561729456,77.99565015974605
34.00855837871052,84.61685343051384
51.6627215150915,85.75204029045887
50.63179751213866,80.07430939104492
47.532823542483776,74.48298888365953
42.36411754268051,72.35578432776357
57.57284921144003,81.91737422048361
42.525685996589836,73.01074506286967
57.61953729066803,68.00738892801378
48.36846190849344,66.56887937405948
49.14032683379163,72.93164286432335
40.70645204869925,75.01638238681193
39.35765182607487,81.82700865606529
51.246787473438715,86.45568469247145
41.247389878106944,76.3249993429575
45.8178131083369,75.33267829071914
48.9409467837196,70.05252315580061
46.83467170867034,79.18245414688033
35.18104652814221,75.51095396591097
53.1379054322995,81.2735825848996
40.28108583511323,69.70111813848523
43.1595717033042,73.90656691316913
52.75620217513184,75.47126863049544
37.62957194918297,77.0770289734152
43.93629017456958,71.2328682195968
44.94753280721616,79.6527391305055
36.11066392924983,74.48800053411173
55.30225149989165,79.67307996413274
39.60868427063059,74.18920410623947
35.69476510571483,69.6919504597842
37.60564705476546,67.93534793906944
47.57365791447979,70.82858929142805
42.953352568362085,85.96506796859393
44.18940407000341,74.81811213985472
51.76025358808878,70.91162341066243
39.49007599996174,79.19090391823565
40.618824809637346,80.38825372904452
37.645166508428346,72.61237752372605
37.411022680773655,71.76679186475788
38.62642433604862,81.79331860196338
45.53800726510002,81.98757024307577
42.43695248140557,75.92194517315676
52.952576636226055,73.23930579825256
43.71781154849063,74.83458765596183
42.073331523822425,82.94822577608582
44.072206932151126,79.28376159035867
49.00854881114629,84.18452306736356
39.641130635188254,82.7829656005771
44.95087983790659,77.49170602994337
44.75747455050689,73.45034121439757
45.350543221495556,81.05491814625118
50.282316037049696,71.44271325873484
45.5136232029541,76.78683019794654
46.02741906217927,76.96854350038993
46.723603514027666,69.17909974534301
45.28931909010497,75.79095249526576
44.057016449841996,76.42273660214548
52.8366921108219,81.08666983753804
47.02329078102797,74.0959007265065
46.4040012107495,67.64323873916808
41.1660386678684,76.92552241234635
50.252448251137494,70.67908858165696
52.791399187407855,74.815610416248
53.397200231322145,68.76592947648301
41.64453910660824,69.01760548784361
44.242891102627645,65.04233197993378
45.79185606428393,72.97291367920549
39.61475693758276,73.95794709301269
48.163159681380876,78.88891864207433
49.13406629421319,84.80168824928371
36.687081500213296,76.66381678653129
39.5283289083934,73.6004080381158
37.850684898152785,80.48197361095873
41.32072676098508,78.34636387720873
51.618577828235324,82.72472590846931
36.98762394462802,63.77174626288633
41.482067427733355,85.07730343605668
43.9571387100881,74.56663385121009
57.803613333031365,79.96965743524474
43.67439952159395,80.3108818853952
54.394063360300365,68.34574654138842
37.315897332079146,82.3917689839966
43.61463664703665,76.97332022205029
48.914406040233814,83.93220148159389
36.855184766935466,75.62197032019647
44.96300868486523,82.77186708908368
41.55940708691827,66.68588769107038
36.296324949473906,86.23436279745157
40.78888320877501,80.96696159755051
40.87535469218864,70.02081984065637
46.760771991916364,79.00998548016818
42.5404337463957,73.89309964671016
46.733903781350776,73.24967455711017
51.593553392878285,68.36192452745317
45.58713178996666,75.83994587311822
42.08265315420986,84.61275010194656
47.196610851219766,74.2311138337969
43.433964600053706,76.55753025336486
52.29027806348615,72.84094959000159
39.307482524822916,81.84210093822007
40.828649621097156,83.13296011776877
33.93998018848613,81.94460290155033
44.699279490195764,76.82319766498222
42.2118804968576,82.53108507110858
49.0268770347012,86.9153426828188
34.643986713105775,82.9808509702479
39.29267001938422,74.18132459332152
43.701172958752394,81.82504414678719
40.17906239481241,61.23448457637333
48.415424452232344,78.6176953423238
40.99680523885666,75.85955282143317
49.365121134227316,69.35360194379668
45.493961723470676,79.44045391586509
44.39550417483129,78.78970884571761
50.81798037501821,76.10707985813076
42.53954893148957,76.95807385907763
41.97017843945234,70.66962207683817
48.366526123907924,66.63037908009133
54.00065582944469,68.26233805919631
47.15640401137724,78.41067934834895
52.75881892339278,85.78720670042148
52.56869889916602,72.8354244734235
44.88744266084838,81.03834911913607
41.29412326729884,71.54121358010808
50.115199726316305,70.51235254479678
39.88210937570668,80.04597601598242
43.012085736750976,85.16552942354639
46.72748345623772,72.53310301472804
36.673576290965855,68.15482895816442
39.67095195261534,76.96493325532165
47.007834564442845,72.76648045775524
36.77433635466246,83.02949987685246
45.53617688976736,85.34903459441176
45.76535332088056,79.24919138180499
45.637900844328904,68.33701347947752
36.6769580229744,73.48117637950243
48.45278167654339,72.50251575089936
33.66129330601562,72.5999589995492
42.57960816851746,67.40423023701054
37.50157511579033,77.80169709146097
45.79015975337556,67.75190052152153
32.9041996417733,68.60328291817363
43.30018861715779,77.31867185651896
45.15149856492294,72.15660360935908
41.21150756463518,75.50868892263497
51.57565005620521,71.14936294296726
40.153211376061726,72.11766665780095
58.96947955705586,72.42003145112744
46.250559521758106,77.94466139868467
35.53401253644811,78.42460658031229
47.461546192161,72.29331430488972
42.23878183744694,82.81585234050114
46.137091756895906,68.31908499575799
49.78382038751645,78.27133173361199
42.849423475181595,68.74555380460042
46.26863253403359,75.6185666985298
41.307050818814936,71.27795966143034
48.77646439293679,73.28239759891842
34.44478441855359,79.63025417950236
45.685935072796184,72.91554038458467
46.22908906237669,82.92612768603591
52.15833467812314,78.61177868926809
39.36677116535452,73.48734362321669
41.75379445870692,71.25770245367606
42.47592006069781,72.66513030665094
33.050479229403024,67.50968309924771
46.166886280918824,76.30573874693522
36.67208099660241,73.40761031234679
49.44653118262744,77.50078700360326
44.62152881032631,67.16189540391954
35.87620280675943,75.47397725894785
40.147550391418484,77.11379513373757
48.09494490358761,73.29370783784428
45.48228256534647,73.18355346626709
44.370954222354754,86.66846515136208
40.47737332656256,71.39826856286695
41.06324470087898,70.7973116995425
49.48057885563423,78.4313290002393
32.27403215845065,76.84342198491653
43.85401632850287,75.30128893708337
40.10542776953092,81.17025830134439
43.47184627482744,78.97049681747016
39.60092043321535,82.41328215118719
43.09892634161713,77.11221483722576
42.83716094042161,84.54749457292733
38.77881453021206,74.03663833108799
45.032754115704094,76.57495507379362
57.6461980279703,73.64883460575417
40.16869417796081,76.38260256067763
49.17490427877108,67.43216167194737
51.684695342117216,80.62730117251951
51.469026057562886,79.98320328119686
36.72983373395924,62.10991547050274
53.05806763910662,85.93326862845086
48.19084248164983,83.71199595488244
44.405861383662945,78.60923520699755
40.81356843499316,88.59559346791782
50.93174631612293,68.84935808384327
48.56441196794421,77.97276039483967
42.39017174071231,83.38452191939248
47.47687773429806,81.66057606229248
39.688152325504646,74.16135746334035
37.84075671148444,81.29162166221077
49.2962548245535,78.94990688811474
47.72336874257816,73.96149091228021
46.32618393156202,75.99365517601241
44.070477285657624,69.59330356573433
45.727349221250094,79.97273357401323
37.88487357997375,76.67239751731769
48.06680226845727,73.1543945487941
50.74666632556261,72.36481880965364
43.73670994167386,74.00557534571675
42.522345326465626,69.79059240660045
47.61740247722187,68.79355768087396
41.80271569208736,71.54534585562918
36.264797189220786,75.08165461485676
47.59836026794316,73.13824263630619
43.41088416208047,66.14580505781215
43.97408937083109,78.82364706617817
34.777957175501,71.96093191719743
46.6958627816058,81.56269037808103
39.961078159814946,78.20595530989213
45.7068054912128,77.55647709198155
33.06310134437122,84.53481819274533
38.879262984905694,75.98651951083765
47.382856360156,72.00455301771596
30.53073920931034,86.0678468427776
43.99447593075634,82.14306925667182
47.36701557392779,70.96212843002299
46.53962920523066,85.73790846879756
44.66603242526247,78.49781666501978
44.36873152207551,80.85135101434375
52.55761063156344,74.08940779838683
33.48166165688335,76.29387229287907
40.901654925079214,72.56036526123856
46.279160441570895,84.34973089924243
43.11674591574587,78.03369612557672
45.746426071285505,74.71331422338946
48.24364864022799,74.31295120618294
47.68279194072841,79.31214503061217
43.496890225855914,76.16269830579682
38.37044135921788,78.51110025781433
36.97338142315893,82.36021744167329
48.22704832760809,72.47593682246001
47.19025307989916,75.2321620508864
40.63548996736038,78.32992509010998
47.713265184852126,71.75586303210754
53.31486067640026,72.7564830382868
41.84121643124616,91.65235379504406
49.60282944409376,78.48726488186497
47.58835340991337,88.7975533974159
60.280274134830364,81.73551769942203
41.986016886486816,71.79977956889219
46.32534358206648,73.65028045511829
44.45530506776577,85.25137991361862
42.55527293975285,79.21661947784764
48.49362787479237,74.25537164932801
38.22079732487201,69.80032434809303
34.9468503138803,80.7729985939083
44.024930004992534,72.79089478511776
51.107501616477734,72.78746638485354
41.15677804253159,82.84362904355888
51.97499864855429,75.56690388487574
37.566849314997384,68.16908567424254
52.486033021290694,76.08412450189662
40.79117062259195,81.37379951398329
46.22005245199672,72.37106087939011
47.59026986350032,76.3392067732728
45.35203629819021,90.66864894667377
42.11027422871376,75.51056150133228
41.661360078280765,82.48525521261695
40.84805131647343,80.93336685491322
42.3347397210471,72.71551028804532
34.134324651571134,72.25076344817175
51.32367881822961,80.49744032500297
49.89742960504131,64.94556505186898
37.085488377608385,71.95894676506605
48.83667811259817,70.31225785182886
42.13000808068144,78.30972822872543
44.82001698058547,74.22141277790651
50.77598310398244,83.41475446754737
38.77564539159374,67.96288516073335
47.40263174122541,78.61563220251418
43.016363177049506,82.04527768140578
44.14940574548462,77.16740347316302
37.094813062670724,68.71869106460662
38.4454021387582,80.48853980026816
45.09587939833104,87.79152790970917
40.146954994283995,85.88683208221526
39.79590873621191,66.5829857677916
49.3714342125467,76.75792838101187
44.427790225089566,71.61173310084841
44.55771112411485,80.3660886283443
41.712291293476355,67.96503989635147
39.75558692490059,68.63382753254001
38.96437827004588,79.39500844254754
44.19475168297615,82.68470403184739
41.236707532288165,86.7797804403279
44.5262762222234,78.1103348789011
52.15318305147118,77.97239991980427
50.265591310171445,79.77338855325344
46.90088201802033,82.83432283532913
47.37448626653375,74.25739888303457
50.34357496573431,76.7848508029094
53.24856847771005,74.67514637903115
43.96495918272275,87.74231762813908
42.45017952036081,84.01048403824736
42.56547780834119,78.41338161486964
41.09521070470343,73.9670527924216
41.707948032237425,74.27604578585711
40.18429952200887,78.49324759057166
44.651924140196634,69.92038627627112
45.621301305523446,81.85371348497677
42.94052022756162,81.9801625566869
46.47943511199507,78.10543159045541
30.99709799121488,81.6801565274116
39.890670436450804,75.20920378970592
47.33059241673097,70.80472327958938
38.82511315341354,73.89779398941735
47.075783694101034,75.86706939412944
35.996915640818415,83.30934322097265
43.08773501421816,78.53654310191791
44.17407319918312,68.36825176295278
44.13461648934471,80.06677980110699
44.18049749776241,79.61356183644148
47.521009087375965,69.12418547139659
44.27173525620647,75.70252539710057
45.82524037256892,79.80676529347969
55.4637150746382,75.28620019338689
39.674831976444885,77.96476846607105
37.89471901935397,70.40309730680838
28.904998925737665,83.15453716701838
44.348546815426076,83.7497413122235
50.17086389164718,71.86392701987808
33.84772798131254,74.55401809755662
45.061480161040734,74.1068530728942
40.81785890772939,70.28914727187319
45.321760905116925,79.19976091346528
38.19496181357944,78.837888955386
40.37479393462674,76.14468056888832
40.1566876174993,84.96704195783991
47.01883396982663,72.8597764399987
48.530835816472994,69.02984496503075
55.09126888915601,69.13526070234609
40.61048751607218,77.30754645477896
41.93597989954749,77.63279497952051
43.37274904376264,76.8613744797777
43.544395633770264,73.04987928028255
47.13020242421791,85.4340414702547
39.214408103813554,71.68393988519124
35.88425492745392,73.30316181095304
37.49241709506688,76.29731872012965
44.67742106533868,75.17557612098999
54.48682207120307,74.15583739045182
36.610070857883855,71.05982148469953
36.01310039753617,74.36968436065432
44.405592559218725,72.13435191037873
44.96107486508705,75.51294950525273
43.19984776041814,76.9883923195394
47.69448081358145,82.55000061352442
34.69881227246688,70.94752472672715
42.479595900364636,75.68430036189552
50.457580187179374,85.9748804546224
41.00673039570666,79.82303810414295
47.09432898934188,76.59032590702034
42.018497471180225,89.31439679596461
42.939237361774914,71.75840997194805
42.031328587644914,68.39785416082161
43.44080155924623,66.43028722197646
30.427517030129763,82.02592888285072
37.463015250501435,68.5411531517285
30.688746883105146,72.12031463638947
43.9146963879429,70.77489764652638
36.1952504604963,82.8805478275926
58.97328843025936,77.01628637358024
43.37566010058077,82.11569414524722
39.417305669468504,78.25552439735593
42.31502610833988,70.30525298640457
44.73278299881639,70.73818574808612
37.86608685574323,87.98667230172562
38.06870052033142,78.7358890259229
50.38595746280018,66.30399701002756
50.29639726669233,84.71197755500516
34.486218720034174,69.14732159760405
50.59001822452284,70.90076569879085
47.52241841305191,79.7701714634127
43.82951005706968,73.85385724741923
31.92281308485566,69.66523785363133
43.62624794354849,77.3763656373215
35.14061048557678,74.81663172603682
46.61489845803328,84.32305912196678
41.64485907338767,73.01738072023883
40.07563508927773,76.72459227380382
42.8416128241836,71.26907856882902
45.52981388365064,73.87866110644914
45.196616450724974,77.00116284866719
42.77180753231329,70.48956724334228
33.51122899954629,74.34782663233815
39.335300901689,69.71552232432742
25.666391810786394,80.26578561054384
51.0692183725189,75.55158339142307
43.10592921627525,73.8512710917372
38.529957772553,71.60266419620062
54.71731316906839,78.09424748508435
44.74840796197571,79.81694841499424
50.72553026206875,83.02456313747902
47.64548373439446,74.6550654657541
52.227172625209384,71.64454401487511
49.03467300783416,75.64476862141358
49.72541312522218,83.72909595416463
47.84554621670792,67.91870413580199
42.4853946138283,80.76622476818726
46.23093151837544,77.6275647187165
48.2519899585967,74.39651279705939
36.364845637094874,77.59379347008645
37.62495769710717,78.96666921200068
35.27883195693611,64.53471583320076
48.96085460924003,77.1134648477689
44.25606268381458,79.81778947372247
38.10948540705862,65.1976516345337
38.38517858366466,80.40878554178823
35.64010391235398,71.36005543194732
34.26097781036132,82.19832339467897
43.42839318187007,71.07603783786678
42.75461802575245,71.8868431089013
34.76573726740446,72.02932688038479
49.69005056237027,72.55029296212146
35.79279025158274,68.24608515025484
45.838987413593124,61.4460289784675
44.13610146374974,75.24239677625094
39.17156433315764,86.32537648314084
47.35367912073974,73.54389080946383
43.33593106083222,82.27549904481248
44.20062902301605,70.2622027896447
38.3540810789473,76.58128026503037
38.5115877053143,76.35358113630194
42.37276946752236,82.36431250841936
40.82289166720598,76.14069219528521
46.34436244965392,74.59450902012962
33.66415017187233,74.57810063089791
53.30665805659291,84.67207937496786
46.660462568572974,75.22833704016665
42.06903937246125,78.09311520004901
48.34690289196369,75.38166689073205
43.61740023995752,72.06380552894333
45.68138455557516,71.6352683643289
41.155241185768304,76.95646465217054
36.560802296788474,76.49797814746184
46.40263058017368,79.55848436671248
44.730147860505454,78.58266264038745
45.145626507008274,71.0319973976096
41.81029141360619,73.32513600758628
51.64124233290505,70.14107723439996
46.09471207209408,81.40626585360631
50.02811654411125,77.83972623220647
35.680903936705896,70.76009991638834
39.26818452455568,71.82917357312726
36.032204742978294,79.5008576562684
43.16692583769753,75.696984470357
47.73779995810439,75.26903588162183
40.31936320664591,79.84334639106777
50.554209609669215,76.71856335984701
43.10775106930701,70.07681111950649
42.929041754224315,73.80061504745491
38.89404502671572,69.00390821193442
40.84433586569832,76.66078610995281
44.400659188896675,68.76134966177379
40.36436309830607,75.25148869706302
52.253576314171966,73.20178018084776
45.18552409065693,77.8102213196089
38.495311973652996,80.10464908722845
37.67744151950676,66.5799906020555
49.64201316531914,78.54570357802328
51.208903847928006,79.37650278384737
35.76905808475224,73.4237881017908
49.9009313366883,74.69332855018024
44.39542534224763,75.43624502467296
35.506903376857814,84.06002204028907
42.491105769587215,75.5482889621019
42.4829052341425,75.78806433301675
45.19961087831085,79.90061010907287
48.47687482522115,75.54296707443231
38.55136786481341,79.27125250853804
46.951711322274846,82.06245113444594
45.161926430080506,77.75121456784666
40.769516571117755,82.16719787420824
46.64781656880444,79.33446023919075
50.618934911465445,71.36435501552211
50.10470486418573,72.4140699466237
47.314370322328884,68.9965220816929
40.29971832879048,61.89247389175036
45.74807190886343,81.86220439666658
43.45334585333765,89.60059119315397
43.21152087346739,74.74714366121721
39.810765562242615,78.32241140337369
43.833715532121204,74.34454285932625
47.749873133555425,81.83857616194142
44.12930121088994,75.26569503796566
47.26565928154755,81.15267623090483
42.98400660067431,70.65658624791055
42.744196441626826,84.48825112914182
35.6526609418845,79.36695782501475
43.61436874742814,76.92665105704657
48.711429001290945,79.68621236197372
49.50255715443883,69.20413082931773
43.64908487490372,74.04584454022945
44.185866735637575,62.1508487982434
46.40166577950462,81.45968965281692
49.825766374191076,73.84826627617127
51.38821714159981,76.5253643719615
41.80335782358695,80.58040520642932
54.36680228528199,78.38064980104299
48.26293745775368,71.92833931954019
60.02745165234616,72.16064698512797
47.66154990672557,76.7081794467181
48.59260931863334,73.4242744087658
38.16348124535836,67.15372487287469
41.39082390589959,71.68472798857454
42.564073884613386,72.43566466345993
39.50394244817785,80.91584476321621
39.358718600988006,74.04337333203667
35.91054512957538,85.79985710235347
34.24059787394921,80.21219765089165
44.68373001941518,71.78638201253396
50.17584518077706,76.56678964854177
33.39612226217959,65.90158399606639
33.704766945165346,86.87020524637144
44.873296092008026,81.95752731252658
46.08001631206713,70.73200627364992
51.481897472906546,72.69603696921949
36.51695387087314,81.21532636663359
45.439749349613564,81.60535675540345
36.10535798714821,76.6457466674184
41.62646862656029,81.4929706691693
51.17876281083428,76.25103567398365
38.69421280078568,81.12826995526177
43.17939412779354,73.73276046561894
51.61878269070138,75.43929519763017
37.6675658267814,80.39151461922398
39.09908590807308,77.69134325604357
42.83540923488328,84.34733639404158
45.07345531488209,79.23254481365156
47.74164835549579,77.04069835009595
43.165555968508784,69.96180222295342
56.858944137950374,80.46743548369392
43.94231948882705,83.8624108057027
27.937699071257526,74.32733850610934
39.308234645828,78.01477357754544
46.060462065485375,76.08218223284136
43.768139245731334,77.21710510635666
42.55943358108828,76.14472466383229
49.41881162564162,79.57661479220755
46.592301450109844,61.27631113476326
47.9569849595101,74.92608522035773
50.5581215514382,81.51065463648807
43.43674070979976,70.07951938487005
42.16526415214259,75.58711174763675
46.762044143245895,78.75478811191275
42.75244427684448,79.12141530678312
45.90626616633532,69.69943522942643
34.58104746755274,82.60745747140633
40.931094311107714,75.73508715683582
35.07821393142398,66.7710149494104
45.1447681198444,82.63361690938461
44.44224520572098,84.4427612833819
52.581582479224444,80.02013334862947
33.984826012073135,74.69750259200546
48.51384378562093,75.53647859619986
39.9646732910884,73.14641732004937
50.40563183528864,86.10503709630437
52.072095176460145,77.92383193856402
46.366568957975005,75.77063591859947
47.05352141897373,80.74629277519652
50.3942547275961,78.06627149226254
48.148992643362504,83.36590894214126
49.25370588664521,74.72528148236023
32.374471186932404,74.71155522631213
41.22743962513492,79.73410295029205
43.73483091356959,70.89547382200915
35.809994665113784,75.33716261842417
39.78164369311221,70.46104548990247
44.15635602550396,72.80366567812007
42.18492288113474,71.26976053994241
46.112599667589095,69.46136301548057
41.79883982164922,77.63777682969797
45.03326115486858,65.54242663531696
47.03828699664107,80.29509258188423
43.02708782605065,68.14947192134845
47.739179463776004,81.18358099674109
50.49668791115011,82.28079256448468
46.44478269659973,78.38801100963832
40.64601048402727,80.03681598198868
47.89909743136828,78.62087507513623
41.695280668404344,74.71451380059756
42.84714280544356,69.34604728611058
36.97847317659527,74.50325310568209
41.93778674022371,78.13400748481232
43.49529209119314,78.51201989765912
44.10110389624447,71.12161486763848
45.016685224681424,77.22879632125084
46.52018982125751,81.3168976353711
46.6924397447033,93.0775983316686
51.43196040907918,80.73923041418838
38.609825343704635,70.36450819488262
51.81455709313258,84.62073765727318
41.96401734797951,77.24714282708089
37.362375446126734,66.61199769939273
46.18703015166139,74.40824494033627
41.79063238350277,71.46243934745678
43.56272166786631,69.32680352722622
50.08796337876923,79.27486685472185
41.44954931499111,77.62319242024991
47.220053997691245,80.13858432500604
47.61285337934578,78.74199647435067
37.641227845614964,79.56138916165607
44.41806571635581,89.01497330588492
44.93250041970333,82.00529380758734
53.157472275173035,75.7492243367247
42.0368015113609,71.58926441733591
51.99682335026887,70.00742111903281
41.8292518226411,73.17722258491546
46.716026209680294,81.13137895375755
41.574529237951694,78.8802273965631
42.37190324138493,78.44194770672684
42.477165260572576,72.01729146174371
47.231901274272744,77.18572498982803
37.556844386687224,77.91759237758258
36.57605418302894,75.91383553798359
45.085630922265175,71.26624373557931
40.97148217521997,83.81217149583065
49.522375628880916,69.45138773360773
48.088846818560036,67.6440553246786
39.572758497090135,80.22358632754063
50.91729631193272,80.08953894647884
41.937017904445554,83.46949849829812
44.48131230823498,69.49871185638952
33.00796668571773,78.03356348969504
45.981327551409024,76.21234732956681
50.99711489240759,72.50803198866795
38.977043381715276,82.21173813748317
46.99445075895964,82.34299691565835
49.97046917660007,72.92540773628699
81.71368904150515,31.715162903114944
82.77154926440022,35.37923749393232
78.07612643606751,27.528408710383893
80.11193543036788,22.614542788935754
80.17766946765695,27.77287675903597
76.85661391115265,23.285216072559713
78.21043439885709,29.8285970015681
77.04103580832825,32.558227779355235
68.95802680547935,24.83599546004321
74.87413568570058,28.749586410649375
76.70869248055473,24.009223234437783
83.40376650881323,22.276505239565726
75.77456018368926,24.33488791940029
74.20798119822757,30.823725293020452
82.53919358155719,25.794685985984604
77.20839539920728,24.824938713091527
77.58733265540928,22.76006785154246
83.11825069159532,26.84341838145859
69.32201072469277,28.234213542101365
77.82957418275355,29.453852145935237
75.80438345636269,28.84251496678965
71.29126158687303,31.00790618369732
74.88818357876185,28.107555475300018
74.78900827598902,31.151465582110603
82.51085903075708,23.03394461920987
75.4212391640325,32.80503497406897
79.8283986007584,19.232713591781984
70.89565016062478,28.12067192512502
69.29299106014071,25.06499120482923
71.67160728920388,27.188313521460422
73.42030348431496,25.585726719356316
78.1354137360406,17.01008804863722
79.82595911884923,34.13376637076094
75.62703165497358,25.06320025961649
80.3057158440552,30.22177973444985
85.05977032043819,27.10830553087338
76.33146187246133,22.46986686297705
84.1909806174736,17.020053040024465
80.87281277416962,22.97168670558668
76.03525455424564,19.91296717826206
82.95245761562869,28.168112595974513
81.3261785689444,26.857982855492054
79.6273474160061,30.411299364650397
74.59128835233284,30.473445469366798
79.76406368535793,29.43546882286119
73.12198964070727,25.323054208671852
65.64861732068725,26.92695395030018
73.26899042912876,24.519692359147218
79.56855904791284,22.562185849304274
84.08325087048884,26.366246330089005
76.97057053569357,26.946568439370708
76.24796740763406,33.5376452458216
84.95091471640815,23.90518402799728
80.48040076830141,29.989271117711418
80.31476589850168,28.335666959121845
72.29139381301758,27.69578491093391
82.63874950138586,26.385631253425917
75.23047220289605,27.357420877537795
78.68973661975164,31.009828153365092
72.87486600425312,31.035405875400258
70.2238237742263,22.640332662485307
86.42101367109078,25.003184144659127
83.72585519499225,21.97468784105653
80.8376896398568,29.83391045863207
71.6459723691488,18.912455087416312
81.18892163005725,32.79459203103088
77.07766880560119,15.429814771782898
77.76751988612558,21.971376860240905
74.90197343609364,26.48023923802851
77.99510515309409,22.9177727587319
75.0875843473667,27.98760839902265
70.84269822298506,21.534477468600848
76.26166741268503,24.06734509650508
75.54640855212932,30.047343898998037
77.96432508579207,16.734917915910096
76.93353393402406,24.933910935892253
74.49859716465042,29.67726558776601
84.9288863310376,26.11820473735816
74.72807450130342,24.355393929626693
89.0484657978571,27.77680025979738
71.15765943569448,24.727099612062624
78.93767197193374,28.218993276874464
74.24198920421101,27.34773153133803
85.15679159590444,26.82973430430768
73.16232426893502,29.155902395941958
79.48183141639095,26.065071523774787
73.24927189556284,26.14564133597238
81.2114731164634,30.741226910249324
71.53812991808378,23.284207670511403
77.91994572193188,23.24053992382344
74.85410884026197,27.445909225533413
70.6389397290226,20.483848279559506
75.94010698240959,19.164535611445764
80.49288148581464,25.537257450601533
73.34066342226224,28.321265473142134
77.38919298853904,21.03750645663493
76.27490190543979,21.26718391624572
77.08412288001662,31.510232102111967
76.76101374954166,26.96370203812902
76.02965432397279,28.667157707663662
81.11701651769178,27.832855027692197
81.05717987795047,27.531569922694008
80.73872466180731,28.335557716163756
80.32697736097184,29.15187249773874
73.07175008734967,24.499551888370494
74.00328364498601,31.788976603586008
81.24017852881919,25.588607118823052
74.29088400920837,25.6957700985695
75.56971355902418,30.469076902092503
80.73010344161094,27.03869521121006
87.17169357911357,27.29056330537259
81.00648510185438,26.26516273875002
80.21973352786124,26.759839789529178
69.67939160206296,23.643009524506006
83.26312559471295,18.861978975499284
82.44343529449193,23.872628121360453
75.16538038056142,21.30472183279378
86.66749785090593,24.01124407160264
79.63671593386637,25.077495082506648
73.50884984134221,29.899838820557207
76.16852008754762,24.016206370467046
78.9792609515853,22.895939908601424
74.69843766697561,22.79165309593846
78.27135838942718,31.17700176742144
74.29031634681787,35.053844862158364
69.66279061343617,28.194768623314495
76.5216312150837,17.289530186839166
75.49955656295582,24.489228022408014
68.6712544407984,32.9800928410479
82.61822169929795,20.23341757306755
74.77651183789779,27.216010904922484
78.75614664477861,25.611083532019432
85.0466762144595,17.314555639647416
77.04934842028067,23.374103595863772
77.37106632808417,26.643393358114164
64.95137760689363,24.60431681586856
78.57555622078075,29.06730045133034
76.42894474533333,23.707558452299793
82.04004765385086,23.196592436267252
75.68960391797195,24.586980202496335
71.56899237222457,21.48804873444606
73.95823767312393,18.723555272430303
74.14207789761235,29.72244367928721
82.52547712168563,29.705902722208826
82.59938935936218,26.876069939998985
83.68232367925361,27.195370256225
80.35959172003953,19.63489588861643
72.42419527901491,28.02139355871615
86.85334969141707,23.832149204491106
65.99445165879185,25.33648133504744
80.08973799115728,23.26463041758111
81.27583944081684,21.238589605381733
68.67683426592778,25.3316679723008
66.26331031789833,28.271176943870174
80.6972198315499,27.75371476867698
75.76379053909783,29.50239665126476
81.07480965723208,21.73523816462787
73.45213695012714,31.249817596106805
71.86663770258626,27.599752543773988
74.33912403448505,31.13235311639398
84.2557384598342,31.04115709883578
71.54184252735753,23.895771949352707
80.40983001946435,27.4486885642875
79.33280714987156,26.640308313295414
70.77471347956406,32.38526609170655
73.5111850955405,28.58141142586359
74.48378452689654,22.14817166045354
72.88895090032808,23.50479549212025
81.69974120966496,31.875314665875937
76.65099069723,24.47402853016084
71.94192352325908,28.63942385188336
74.08733001432648,25.985980129799458
86.45180088820494,23.668969281313874
75.68579281977507,23.186542526429044
71.35331794821421,23.92491508156267
71.27199169028869,22.478579119916724
84.54486891542791,10.4347229540451
74.06776692694926,29.0478833145605
77.54835183032246,23.115082891796867
69.58299338337183,31.649457091901645
74.74293597440995,26.58742798522387
83.0425587644095,24.1185714289737
82.93965137898037,30.94848544347261
84.61439260358473,28.9481755922008
89.18224533719341,26.651335653628195
71.91190829484889,26.928368285412876
80.19691015497261,25.326934389473596
74.00878977030264,20.01241339653717
77.08137271415616,30.03040297308801
81.7612970001888,22.62652717118133
81.03935295383793,27.74669877371343
70.52993958367219,18.551589332954492
77.68719604755084,28.315859741726577
74.76654568129304,29.950373877566122
82.9948019346809,20.278485641485943
78.83272623707214,35.15739896425331
76.00606317871171,26.580386732016823
75.03962426937193,30.78208539515223
80.10814852079417,22.21147763733417
75.02890372524398,31.089090350900488
76.29455038833393,21.41723852558589
67.74726289701094,29.7628742868704
76.56904888344371,29.671701232207386
80.8336796477926,29.59382993079508
69.95809878989107,25.381054826380105
79.0749061888948,27.625460271947336
76.76803426029456,27.487746982754114
83.33493456595546,29.81963871944856
72.85759240037208,25.476280234111897
75.77989462916719,26.47692736226086
70.33655107107272,29.88496645289995
77.58327696501186,26.316172219494494
77.33228298478578,32.77809201232952
71.66110497634497,26.495559089728975
82.7041874986024,31.400737891475426
80.25851151626416,29.531206476394477
74.87358593041343,32.65667674603812
75.64680047621206,17.069526874409434
78.12421873864008,24.732896409611715
82.63241965361946,27.647146110331278
75.92944160518796,22.361943440884875
68.83255122281354,23.053552947337707
84.40707505092546,24.98336494020538
76.22099436660538,28.801346739039253
76.41645983458477,23.94898865035002
75.08490207864486,27.47529897523508
82.12985078658639,34.03793966472994
86.70335434645389,20.99233227397198
78.73391614809815,22.733204025476457
76.38975389241504,28.399023824946592
81.76078934736623,29.509729948005177
74.25863217878158,20.34437817309174
74.03163388254886,26.601870290455654
79.66924661473507,22.260385534672302
71.00931226002415,24.116346064501244
76.48445500521196,32.29812005188203
74.14313985294746,34.49351979009312
75.22062905394735,22.64445653866873
75.7367732012235,20.56656233715304
72.51831539005826,28.66326467361624
74.01777362674807,21.315597409663738
71.90989333857362,31.38038849027918
75.16831140139924,28.88321479053823
79.16092995212097,29.35408843038841
73.58264351443432,19.787798789824222
75.70552089846807,21.935998831050473
77.49827705112544,22.116944109032787
68.56681668735568,33.955496258243386
80.13657662399926,24.78881825057125
79.96820296225124,22.113333003002353
78.40404484647475,16.80785536715428
72.15694340621417,22.578242492060486
81.0512380003113,25.852504316851963
82.14352390619324,21.778628204592117
74.76434250476912,27.46145612308366
78.64849295600419,24.35892450392723
70.03637748199237,23.880864725447104
79.82758348269104,23.58040096475535
80.30312608536899,31.3426188168474
72.85489866088632,28.2326373186003
80.98741963680183,21.515838717755432
76.28595593009929,30.85970575478956
71.97858797565823,25.45524450649212
86.43224175242409,20.240536553578153
74.00898019959125,32.213591599939576
74.050952313056,25.55578616953644
80.40780592587592,21.910524128349504
71.47747583965374,31.033737686445164
81.04515819385563,26.858385700227466
68.07039741469299,30.226502452111923
75.45217253092937,23.560846446449773
74.44302828617693,26.3815963653493
74.28594816573285,26.974139174460596
72.62339881880257,29.00428443065237
86.20307961378637,24.044334531245717
84.52805959015285,20.190634992876472
76.16719591797157,18.853623786432326
80.6369748841119,28.997211457552133
77.28816915317344,18.07598392265843
84.82118650370903,27.44976064754766
71.93051559649491,29.585655424913266
80.89037253958443,17.646985369178637
82.33038385090009,28.465047992715466
77.35691473953588,28.09007772910671
82.81358205371225,18.583984413233722
75.79288440921377,25.64386708641176
77.04384445864451,26.905934705236337
73.24180331951852,29.13959785330621
80.8415995643586,25.640892070233704
80.46276776828383,27.38655895259538
84.17236257302089,25.765557544106414
72.72767108500803,33.21222135704485
81.3911697399688,27.11674050714448
76.19755782300224,22.734681868043527
81.52234672612788,29.589799391890196
73.41253054085976,24.385019275467236
81.37098744691532,24.090287833128453
74.85374247501427,27.204459361314996
74.10810560953855,25.46053908237705
79.34523594837297,25.23160076770601
73.64621405430162,26.69641965413469
67.39590868773483,20.200304549542395
78.15261657006968,29.150261761209148
80.46085886331176,19.651980204351815
77.28162736225703,28.649085080593196
80.11497720259521,23.789953025144246
82.11300137188931,22.5423779528152
75.20614207333905,20.76607554748454
75.1376819408028,25.711942949779182
76.14466900558688,18.55309943843241
75.27332039849635,21.54321097045777
79.11872653179216,28.437979122960268
82.48511905547174,26.048450899924735
76.46368778648016,29.87798994185666
69.16792969326859,28.177600127918293
74.84198907493948,24.01366233413803
69.69088141249821,24.98757179372023
77.5674207776016,29.61722124857384
74.53832427504855,29.164782187482373
74.58111307544954,25.897184047952592
82.36139690435746,22.05336989068618
75.26280430012645,20.9059301356587
78.71882804773163,16.802004231620987
72.11775214205369,19.613863744586666
83.50998583543775,23.33014233692876
75.84188278936509,23.875898143799567
67.50575345256952,30.43484851257212
75.01320371236737,28.438290716237614
82.05241341611378,26.89024529669885
72.56714867051684,28.476591528740148
78.72666571712163,25.75441648621614
72.11666256099313,19.055571887133276
68.21782983596108,18.689206717590206
77.09482806840116,19.12214842649565
78.92481651369458,28.290472517517088
76.95264306503334,28.378098729650354
73.25299751027825,25.257335597891938
80.24683014502605,25.540734270732862
74.70899921511563,20.59693411901237
71.2582671582747,26.337185584013792
86.45496893684071,20.84950473914458
74.07902741468449,31.7646832061794
75.09394721680295,30.84876733306157
79.07876937715189,22.6513062098519
90.04316662612949,30.679511244964885
77.12762947434115,29.069336065240602
80.8344129845767,27.422223174885737
80.13348752515479,23.55448581028887
77.93493936411004,27.022910622198353
76.84322959919655,24.83710678831521
67.9180896679686,24.372320712289905
82.97651550940589,27.650208158391607
84.76247849463249,22.793433521142163
78.88481570631407,23.08374389342402
86.31646698457847,21.1582108375712
64.90816323519823,20.482864487254975
73.84676919627567,17.516520386309786
75.12235649588729,30.68046995363815
76.44788740089867,32.05424221730961
76.21283954535582,26.09044716265143
75.7374752692958,20.32710396978091
76.46416867632067,19.40319007430037
73.06985347213481,28.48060264081179
81.36583034158606,26.859250550336487
77.90209730293601,28.36885672818395
79.92167631365098,19.087932918445222
78.24735324890177,28.588006506429313
80.1076701681821,27.094705893289035
78.42152160206292,26.51333502503314
86.58812078426178,31.687349568475618
79.09099366812785,33.294448987797296
83.58653535156913,22.07108797327349
76.55144368885203,27.974268900850873
70.25022880958828,30.162221142699988
76.63932616268141,24.27345368298199
74.28747608269124,31.042090251256433
68.49572473462179,31.103905385920697
79.56240276499862,25.52888599033732
77.40444354674408,24.595190747124313
77.2033889011356,19.966745924836527
81.3555572752286,29.591476383368803
68.80175476770357,29.512591525211963
75.04407216725947,28.991578010796093
82.02877258797541,32.30027475823795
78.6609834396263,27.686558818365484
74.86058920762473,24.21853619428306
74.04727590478724,19.010897318611455
77.15598109765415,25.850845868041866
81.2979573651888,23.279813501844643
82.46233634794716,21.778484936153898
79.00362180766055,23.85424866570142
82.64890944285644,31.76379716602611
80.72189381286911,23.87198873889491
70.73905978808523,18.648475005262846
80.81077278874679,24.49775264468234
77.92715278415942,25.20882266934064
77.61806649757337,25.67406417862478
79.79448109142815,25.60209911241011
75.90204882880045,21.96951069740249
74.41236853368413,27.0009306619075
80.66315887158608,31.712150921544
75.80510130518778,29.464776190355504
84.93916626774953,21.799151456986017
75.5639200985642,25.00037643582128
78.04709362162203,29.926745117884565
79.27238523839956,25.003827635217696
78.17886583608164,29.508563651355743
75.9229456131947,22.630539975991287
78.91420299621196,20.789771033590135
66.37161875666006,19.09401837119721
75.22349590486773,28.97059990722948
73.4081001385496,32.75053568638069
75.27638574225202,21.532978341896364
79.84401823777121,25.78112537703485
73.54053942924061,22.722954273156297
78.39587887563798,27.1465572072511
81.06447227678825,24.96970051605615
77.51721329414609,17.052289789002288
74.96984067470505,21.061516648505123
76.09747574706397,20.711768216841847
78.00427546278998,24.971672462932414
77.74783951692824,22.150875828777203
75.39692180703031,22.703846926278025
84.99654536780233,21.788685037682704
77.43900397751476,27.954179835152665
74.19804633616695,28.917028789654076
78.12970727300304,27.36035650359575
78.64996254475135,25.117497538243793
81.6545748392181,24.113399612796172
81.20977562768527,21.042937807270263
81.0291320983337,24.760532853088776
73.1694727690547,19.814383161846354
74.796336367578,20.33853985707868
80.19661758108599,21.185638467048758
84.047172987517,21.32728245397737
79.70088351424619,20.87885209309586
74.00675646381505,19.964293598632075
72.43044309644127,29.62671692227778
81.99818787318611,31.284468969576483
85.06769775932825,18.392880115748476
73.20279501029114,31.074943835115473
71.70964322843423,27.86599893040404
70.58266022433453,24.199100154361556
76.45069251780306,31.79767330173883
76.80242415836621,22.520883835395235
85.04565815045851,25.097249726404023
80.13827357783687,26.0177387520054
77.24315461324939,22.115701974594092
82.32576990527363,31.23524379797948
73.5102965859437,25.88915043016228
75.4161070758124,27.173852931713395
72.93946276256167,29.282630748914414
75.46373836685665,30.77152796306438
69.15488767945615,21.399728953950394
77.73544975968967,26.777244783200643
79.15064825877351,25.505403420388536
71.61529441772024,28.232971770922784
73.53815678381864,25.342593861001127
76.536080336517,24.74158602538237
72.20408317788134,23.636204734085965
78.13493649351004,25.212895359333064
73.49465442495519,26.16314105691694
71.9875115350954,28.592333259115325
72.97513420415089,29.401599475989798
74.47562971117856,22.251676803721324
77.61475176423026,21.690474000904665
84.94675563031106,26.682467191573995
73.192385707332,25.239121720983476
83.58526826952684,29.241641549712654
78.4219258535613,31.422836593452434
67.8609798605292,29.260329241440676
78.77409899155288,25.546964497882016
73.10003573776127,28.98737257807718
81.27918581144638,21.38843473121426
76.64622660269137,17.540287117524052
77.42660414592447,17.575080238398264
81.64784488960056,16.273526952701225
76.10182042836915,25.774267449004018
72.76163036299451,22.024930136022604
82.7080311147145,21.138324117290075
70.70872398797285,22.10081789249214
86.73268994382519,24.972536545426212
72.9835402059029,24.37653775710935
85.37262578243268,17.731292388524654
80.91381170675295,19.11864225301585
78.09180424200504,22.404877329131935
75.41617450707923,24.08152206322706
74.19355100683443,29.341372338656612
85.05560182439812,28.463285897554165
80.72581544996774,26.478644786055934
76.33750601616948,27.41961420202764
73.30840534418626,21.27837832123862
79.04306810323934,31.94926343389028
72.85959148810775,19.430503694626676
88.17604532565396,28.122198327008064
75.7581228404229,29.96028532430445
80.83699668852033,29.179508947658718
81.1987255540508,28.088480822384238
73.09821392224876,33.44292635774025
76.72431102652459,22.417231562019765
77.41064563277052,26.039802916955537
79.55270426137447,21.126867508152785
80.02032033446253,20.85958107374337
78.99369294297308,15.993620463926165
79.4075280839478,20.284971745897852
78.77562737806011,35.16838304522625
77.09212186693505,14.672504357974942
79.49997263481004,25.865675643073992
79.89943170550522,21.178933798939024
83.94042065184384,28.407597239780742
74.74072359099182,26.20220129730511
82.68846491865808,14.983792469729474
78.66988820899539,28.1396165996548
71.16486580672046,30.952717284353568
73.75769450517562,24.600783114412774
77.26959646292005,27.13480781220237
76.41245209065382,19.494566193800438
76.15985656000021,26.8334232084373
87.21895487244102,24.321141569570177
76.95144001549731,25.74434764875345
74.0927732988213,20.16000484647614
78.66002582251208,33.74740734204792
78.31636064013084,28.102280264422113
71.05078395359621,29.017098221816788
78.25038508453962,28.89789692766576
81.25620815685248,25.817603517878535
83.65352230013087,22.418224509430203
88.8304637783806,20.57566605284737
75.82574374351054,21.876965167310505
75.1981986310921,18.66069268505773
79.58560357818338,24.579868658172806
79.52721018632133,28.311768847521613
76.45716930323717,24.10641103337451
85.91319871522455,28.606485674117547
77.85310567576322,27.602695278337656
73.83580003886571,31.24177171615542
76.43379406113428,27.71074118847262
71.8021684354961,17.12026230348495
80.07059058269378,29.05851647429866
74.26213914639074,24.347937828155185
72.0843931568756,18.76106077281839
78.25364801274846,28.89900293562983
78.64898928470807,17.28868107813866
74.68610993064378,29.898232220430266
74.7046226107159,23.874153508188634
76.30876802440014,18.557082108637182
86.38497525744071,33.10789993700934
76.35922732110004,31.52590925740557
75.95166922295066,26.607627668894814
87.14181642739678,29.735099907884265
76.08445317353357,29.634171708221658
77.99611986798928,29.412492509392923
77.99037635816315,27.624495588755636
81.38461471186835,23.741739089237278
76.28945423788021,23.64873308031695
78.30661210598942,31.42125835668399
75.91309272157804,23.871853180154964
84.14070696196069,26.72652880523869
77.40030202945891,31.33694003132235
72.33732944150253,27.32580827607281
69.75668325296316,24.479854645616022
85.2006474696516,20.658953802238635
73.43067008629181,25.883577875981832
81.86742946299108,24.4771288582941
72.42330852140876,25.294328500011666
79.19362728095963,25.07229417394308
78.27265360180665,26.745685231415294
77.21348193686303,25.407628524084203
79.94044232289018,23.98615905699986
80.43830479672857,30.394646243985612
75.43616428292466,23.259249932159225
73.48580656288385,18.325343767872106
81.58888065229979,23.60409310838365
84.00334183038169,21.99410283027585
88.31199326192262,24.264173150806478
71.9957174843273,30.090769332375388
82.58544254795945,26.094934084882667
81.32276110966593,16.5033261576192
81.92006876343589,22.8465820170275
77.04930863192548,20.031112651497704
81.04962831323797,21.737973772843205
76.26586670248689,24.00659383402178
81.05859020273805,21.736521943349075
78.91879338038936,26.076454928834725
73.74173638997576,28.588127006878555
72.93175567791157,28.477849123142125
77.76714264912141,27.46153830735716
69.47614326943211,22.088706134532966
76.45437133920862,21.989819183137932
78.60497043264193,22.295674887842235
74.41397107099701,29.919326397131357
77.23885805295156,28.1421310549577
78.15561472706074,26.049164642089046
75.1559277773546,26.35154779748226
75.97470251492922,18.357445447605322
81.0794398480554,31.017981752695633
80.33403255794,25.394941695349644
75.29713930351497,26.265898686758284
75.26603287832258,24.313817645697497
75.07867699428134,19.493046677125985
76.05630676879521,26.685677032327074
72.38469066257068,33.27323231684221
76.21351540582485,24.24911197536697
71.03677208879041,31.02525931923425
73.59815262191395,22.967681303039292
76.88101248126145,21.092064745614334
68.62561179608512,28.030292257281953
71.86258909992841,35.196070601686145
86.26553120281471,31.190075045381384
67.38454746254439,34.48927329802096
81.14900591911008,25.78178419430871
80.81689803329577,25.878948403583127
80.7274074372928,33.042876135148894
75.08006512417595,24.51750204720653
79.43432028212645,26.398810273062935
78.23583480821604,23.344679373803764
75.77996235997819,27.699298569832713
70.65805993543826,25.464030552105324
83.24873637736498,26.50065273143805
84.82406261892335,16.83605113334368
75.42490040644319,26.94142958825955
79.67406340217063,25.301573386606933
74.4347734456732,27.951868840967016
74.04485151276344,29.706420535510304
78.10661522933498,24.010976663798132
84.45005230204674,33.07955128750935
77.97621911190372,28.783086147878365
74.74435170484779,29.9473557038578
74.27716358992072,21.05428046199002
85.62644391910814,27.25410862424367
73.35038448779505,24.205670712879503
82.39033099096869,25.219436489077147
75.18062082534662,21.20498577242705
83.72364194688043,26.753357536504268
80.05793859804012,26.523795381471405
74.43007667081528,26.509868152961285
78.45875614972786,26.365503814465992
78.54558873739455,23.252157055767455
72.09958515232043,21.64956286348333
77.82056755090218,22.167253802465297
78.20319535924249,22.471292330558953
74.10993783195492,27.994268112288157
67.67754699163626,26.46349577765591
75.85665046760882,22.93744585658118
70.69634803621109,25.478683529980106
77.95940791559221,25.101088415805947
84.12398453731547,20.573579001667238
81.36939829174959,18.462259081246867
75.263627250325,26.299227391725672
78.08874028753154,22.60367384446063
82.43671837334684,25.122106251633078
73.36489181231597,19.21347132808612
82.45440297134034,22.887169549792013
76.90117161401308,21.999971895136223
67.01329690594144,21.805993504866013
73.64851341937016,30.8216734268629
76.9111874671426,27.733402173315547
79.73630117933354,28.01065985824558
74.05112007249258,25.545391680024142
70.68982716713613,28.647978167140323
70.48211373196553,28.35381220369843
81.61230808088054,20.472233124592705
82.03807847945707,22.4782516192408
76.86990348434965,17.160384861815686
73.60883011957564,31.839240297558437
70.76248139850665,33.73693354210641
68.1841720599055,17.120131926996358
81.19219878819163,22.420553069245596
73.83496362135465,24.237174639430997
83.85663519980208,21.441177292617695
78.52455854883841,28.684705169775963
80.19451418576386,21.8124805053433
79.84514320110823,30.534164211530033
83.2556417784696,23.32376309751015
76.9325977644615,19.16107588210118
73.24008548349927,22.788106761950214
80.25088823033953,19.227299533820116
67.07361670747588,24.314823620659034
77.00952794962441,28.79605335223582
74.86987736902975,21.372764111739038
83.99094553261074,22.852776997205016
77.13625419161029,14.857994996829284
79.46650475772509,17.024258772599623
70.44457535909282,35.950589545616324
82.61445904847508,27.1033330528253
79.44769230307821,29.821556604607036
76.433262612734,17.909987434261012
89.07321722848006,27.641656632687674
72.45417056484698,33.4005110781525
87.74984561183545,26.28714344146597
80.5567100046334,24.168812587338316
79.18466393529738,24.891585266597012
76.17102456190148,29.160383077003235
77.04158340082856,25.543901559147248
69.97702759774647,18.121038888678576
81.36807442651266,21.17126174944682
79.88066457782853,24.17366497354126
80.29732639674158,32.004490249629754
81.1584612777242,33.26588294552846
78.60611995921968,30.07230389157629
67.53068950904154,18.24439537341194
76.3878951080217,22.653689826936997
72.13952992356425,28.344242505715933
75.50645498767611,27.658204595012048
80.77787026734424,20.393844609613872
70.1533865763355,29.5197586600189
77.5084359373606,26.07094816407882
83.07632739509988,23.685784312715526
85.16412613643763,24.373723362884135
72.36739239644965,27.902125796311683
76.5693600931854,22.544016649269235
67.75161983410891,19.0661069128198
77.82009949261794,24.498003851904603
75.08285474279185,18.36184055928819
76.58219499876553,15.945210918722553
66.10919785888429,21.70698280327253
75.01962009285069,24.99751398825255
79.23613231753643,20.573507773297788
71.58389354664352,26.579092643097685
72.46056303043653,27.677905398379153
76.07014587538697,25.61846969687707
75.42433835491231,30.929278128501213
77.93712391695149,27.25739656761921
75.48332601590523,18.403694996456185
77.78884362074913,26.363071475517163
75.10302514553365,19.2650971305557
81.24910840112977,22.579253578377074
79.86166070583602,22.760104226831622
84.71313841425297,27.185270871507853
78.6729988442328,27.37490154125013
74.66109773164618,25.880891757927355
76.85651198282294,27.711163496226202
68.69327169845808,27.8467622004155
76.36889737373177,23.384055760111984
71.71469565756632,20.466644473328095
73.05990001620042,19.5002107198939
84.67498720625692,25.071997528717038
77.04441656365455,27.476537704108225
77.18822312399364,21.383415923218735
72.96276941851566,23.35723427375933
75.91089104780019,24.540620746100846
86.72855836160848,22.907836656251874
73.71235630061538,20.02408194195166
80.64132459935263,27.5777388573461
74.04906222631541,27.47338729443082
77.78993397057071,12.475539610151547
75.24442842362276,25.75572793137945
74.61777597035243,18.35307026899354
78.65355741317812,19.01806556661015
78.78351240820282,29.451232369905707
72.49433512225825,22.45662435626214
78.75515170321457,22.194325169186346
75.34768640000289,31.398518239448926
85.62678066137765,26.141023315171353
78.74977999485286,20.27673819141457
76.48435574586044,29.446327896876376
78.72178398000428,23.496472717684213
84.5925187903226,25.16320145416212
80.92795013557513,19.340147171478268
77.69101312529598,20.61294990580953
78.6219506001581,21.11599491428145
74.59654684129808,24.95589924390682
78.29692846676332,23.8247067705111
75.57978800820923,28.891669101955976
86.79481202010149,21.959978009290328
79.28652065896074,27.989583990945718
76.60429453543844,28.143166855786905
80.32061464797337,17.330456596496703
74.7290877386211,23.115368829750594
78.23928226029524,29.95737329423227
67.52206621143553,22.213833334101963
78.7271541649577,36.12173160225635
75.70342086930634,22.52287755205762
79.69598981823434,22.63504995981642
73.82067768631678,29.559378412862767
74.06649063538445,24.839760093663312
83.22795992943978,28.090896640582837
78.57742360901048,23.142602923042546
77.67746760103542,18.405201272949068
79.3732489091854,29.90539693554371
78.67721700610143,31.28305859541389
76.13970102093987,30.325722197548373
75.12148504506708,30.425933821078402
75.2097795282449,30.226306435358765
71.15229589803798,34.3998610539
80.67026652050806,30.677767020194565
75.50203610485232,27.352313669552643
79.45181957123641,24.661125051954514
77.839240525393,29.874081324223077
83.92780298044973,23.654328985774242
72.92352735780366,32.47919268033052
74.33696206221732,20.30292938688985
79.9689557450744,20.947117369823694
78.41052277183509,31.439909286483623
77.82735578184091,18.211704923278482
74.31152251401895,24.331646587652497
77.37410389461112,21.554653256975786
77.57578437291143,33.52939671298408
83.46123647257667,20.61975221208455
74.96325635707507,26.967765350170154
74.07537484043144,25.292400766401983
77.42272930975564,22.025493086764655
81.57166889735203,25.21848986216808
78.93188402798583,21.995937035828984
83.5134071331494,23.780493411533058
78.00089423073928,25.20231661187694
80.16102976142193,23.85465116316636
69.28334557814168,27.892900657582743
89.67525722820041,22.353256596158623
73.80217411347628,26.790959914831642
76.2916164605916,26.556939618730038
76.77083708890311,21.49284225176389
74.45627174531155,25.9090333769618
80.86994718493425,22.815697990148724
75.03142552204275,35.27081950750375
78.74474554104621,21.195317549755377
71.80591373415675,22.047438573918026
78.36233337969853,25.795449388850635
82.00329147330326,29.593079326055932
76.45913411817699,23.611506116710405
78.82164557991022,31.123929461341483
85.9930444764411,28.161307483724226
79.62568040956661,30.027293615532713
77.6360171529441,26.75485824082917
85.69550962896265,28.812706297636844
75.47196918959963,25.60179054675818
81.6707178931102,23.744496029536485
78.20660997883515,25.812163257900497
78.44362937060399,22.727553854512365
83.20410339650458,29.203939296445085
74.48549484759927,26.466648038132465
81.8186506358045,25.625567110722134
78.55416914444896,16.016143751728166
79.64656780957121,23.054254100441916
82.73692016599927,27.479742392304953
80.84268843979181,18.788904839504607
79.72663059929872,23.46753764728727
81.88249847099858,22.980761106768323
81.13064658168481,31.78584501474903
76.43786459676329,27.40297383305744
75.43280901384138,26.50073818059575
77.41372036937065,26.042164196420405
72.9633174739372,23.063596288607222
77.56115612039947,21.84875685629909
78.25996966906405,22.505403264779524
80.68079285862103,23.55476859026885
79.1240575182278,21.65266994187581
78.37987613552157,34.74316279895358
78.96530535180888,22.767778243764
82.47975886760284,23.809196620133676
74.91211740785785,31.554671692056544
71.92956853947584,18.86931558753343
81.8256040987533,28.409550092474174
77.0186285852323,21.857257126595908
87.31980967203351,25.913135565869204
74.37201277634168,16.07975349708357
91.1539659209973,26.32707985765729
80.7662739508426,17.37423958649332
78.6582743473195,23.784985879268312
81.43661304747103,26.978768376972106
77.66409894161502,31.99903161117726
72.01614031773754,29.745486036974395
83.49698260768875,37.12149412308672
80.14288974117812,24.733392293435397
83.44178625756375,20.756657975622073
79.63222312187524,24.61876368661218
72.79061367183644,25.098018195531996
83.27323328074914,25.820125562566837
75.90542260624598,21.648076179814826
77.52336996730673,23.076852503962044
74.81087307944519,29.86144660782151
77.54311472782085,23.852157424136344
73.74501748960667,26.998992765696286
77.94054986976384,25.27513692140385
73.96194741767393,22.266685715327057
81.53141242243593,30.170929148520656
77.32223744215995,28.553229469542842
80.86129004641955,28.01368493518319
73.35392796563727,33.646833550885276
72.02910505478036,24.53752209920266
80.51086470250834,20.563174952936038
83.74244851225845,31.962054902391653
89.28469801280318,29.75501409332574
81.9078986676855,23.423818982532133
69.46539553377286,28.146515278378892
72.60355235552413,18.504099107143325
82.33641104407803,23.999742478004976
80.515376444963,23.356234132882236
74.02356806934775,31.09325677695056
79.24335578001278,21.209921649993106
78.78053061977104,31.22903246029665
78.32425216279341,22.5525663527528
85.94747163524991,20.17600757803282
77.03040971626518,34.32639803362645
71.70905995313508,20.93173822695944
81.72176229083635,33.65275717776569
69.58894920600768,24.776044284519102
75.81882188339013,25.560494530871427
79.52578134766318,22.455510103398495
72.44912799353432,25.074418633977157
77.60378008229048,29.96631694464034
75.17096630307782,22.42325554109567
75.65891814399235,21.980334804920542
80.77523086240882,25.62521403861825
81.92351773478039,30.26313251023654
73.54121939881122,24.360468686685635
74.6115053066294,26.208329914582833
78.96500236923713,23.482581840790097
81.56767686351775,25.82845330020693
86.35247072088139,26.036629989730166
70.15261026569624,25.735773540316163
75.65507624218166,25.71939675933025
77.59790258986045,29.14689716043656
74.85106826441682,27.133970505628298
77.54583044181219,21.28442170477252
80.18480561732103,26.24502521413575
76.9469943412294,31.986384147480635
78.95924719770284,29.997148944508346
74.39804250163954,24.974418757597213
78.11326995516063,27.214487474317075
82.59535112129744,26.915602495684897
73.4879832440034,25.421133233186968
82.98376981944048,26.935649937082992
78.35068188374984,17.992761519363896
72.82425049475641,25.533929765054154
74.9141284389748,30.383250697148
78.0189306547639,26.983102706262958
79.99601180204766,21.63550712091668
84.46602551002672,19.354722815968337
81.64968045600857,33.461089439841075
72.07692978715207,19.17258069161607
74.00988220922937,36.801991613792325
78.78213871446428,25.451983076878914
72.51203865711278,15.841431417929899
78.30456056813863,26.083135425457066
82.44627504782639,14.145661336334744
81.22154441354841,28.75905284769209
76.53078303222792,20.634011687819537
75.09786571830809,20.80388702232664
70.67978318888599,30.704391196694022
81.12336028832483,20.91235312162272
76.45022137768284,26.207344515788645
79.01792396305537,16.117577357781254
82.99882265350271,28.021052771958715
74.61587149916728,28.81452170868148
80.25953690290676,26.57819848810659
74.67754763211816,26.382866581498245
80.00831730959753,33.42939088969369
85.6018589598641,17.153060481017583
76.90751878648044,16.234432971157347
75.02137271808103,32.01100959408595
79.76179235379834,31.793218950116227
81.00567209071048,28.46004573618681
76.38357366643456,15.288757022599512
76.03552835337759,24.96781052067907
73.99522733913503,29.187503766147692
73.45333109129975,23.305195068101607
82.26841929570523,21.441805689067845
81.85299947416426,27.341751199217175
74.6472069962546,30.394197933199916
74.92552805750192,32.10900356066865
73.93823850806109,21.32298203061341
77.64378497445132,23.311430386547652
78.16384335506105,16.731795000842034
78.91161740676627,22.830004453693903
81.92336316995019,26.85919512651307
75.4345806934856,19.413982711135276
82.29324238828154,30.201525561351218
86.98733848070589,21.58962244265622
75.75673682053696,20.219793292741972
81.57181487870353,31.12715536768055
77.01802698180852,21.573948308548392
81.82040872481511,29.113649637418458
78.15843057575603,29.576426320264893
73.20728793867552,30.155878861555763
72.89694863572248,19.6496415563545
72.2375678308526,23.28504131970617
76.37962063128779,27.97755157963443
82.58414051402188,29.364649101545766
74.43568981472608,23.203584864820563
81.34780086467671,22.697117031253327
82.28212042167684,24.67966633110601
68.33504471319722,17.63480894589445
75.5582640785145,27.24949826296891
76.29270437747036,18.27902597997435
80.87755434671702,25.007812376809177
75.43796662755025,13.656092731945359
86.60824856082522,32.2433879748142
74.20926566874185,19.72647632828192
77.14262570145006,23.361435706775776
80.91436267130925,26.340537499553008
76.93572920032948,24.97832168413843
74.31841942969925,23.25266904808452
78.25738036161577,32.6218927128449
79.12603921411562,26.509738907652025
81.06834804680742,27.75200335883307
82.31501701662981,28.15054596074481
77.32650156343281,27.367694495415453
77.60835604188148,25.768108730806976
80.0778461648159,35.7370506273169
70.97886688670167,38.08135420938963
87.64783287621259,28.683135065193543
80.0111143973451,14.222725301344239
80.44548204969121,24.510303757748883
74.63749038158545,23.356436759669744
72.63801383623705,32.652379688526835
85.87534413527624,26.705300074896805
75.74175196005454,32.08319491184551
73.7436221310204,23.362775601519292
75.14727951439195,20.72647614298508
80.28185989990217,20.590550668220644
79.53754983854763,18.94844529067178
70.72385705040669,32.366745518658895
77.4285308559391,28.10264290158887
78.43869793749751,25.563744214886682
68.11290264605165,24.814226190917147
75.50398909197871,22.178057532095178
77.4726213347084,28.521674602060934
73.14268710780374,30.235787962182243
74.66804644943448,27.494443592910592
75.18678723636417,20.72412120270412
80.89592679693605,22.560942386033172
79.70790988079771,26.736693499525337
78.51766265689601,25.392913751572443
77.19565303757973,29.987752570071514
84.2580123439922,21.98133355920655
71.99067418615982,28.13642658280134
81.23270723975007,27.794769832602697
75.02504434155856,21.846658380947932
71.6615006766108,20.158439778410788
69.99137870738397,18.803256706838894
74.24030931142039,24.70222111773737
79.08897348805364,21.29315409971444
81.05506435286233,21.680065813576704
76.14473099409376,26.796569268585337
79.50130883915145,23.410259611455796
83.17033327526745,28.063127413466265
76.27792485337058,19.87802963039048
79.76684310278029,27.800486948440902
85.91521490952837,32.390818739238995
67.88783995490321,20.358831124380377
73.7700229850045,26.447344696348633
74.05721266360028,30.199784027653198
81.95291370966673,26.49292032598362
77.87397423557638,24.366536598612022
73.10314650214713,32.695529591772974
82.38088317888372,26.308247810150554
73.27310167746342,21.788155741753748
70.13957762228071,29.417417667869277
77.18255660841217,22.43193870927613
71.75123424247644,28.36523531683066
83.42446768613213,31.092229560066627
78.62022235922137,27.266365840277558
77.49384086293968,23.12124665906625
77.6992069650201,28.220336343765112
79.26624135174677,25.296454091212297
73.60129812530941,24.828456840377903
77.7745350706982,29.066881380967516
77.52648468874087,23.465619938105224
76.11558199912793,25.22211887842716
85.89770796465191,23.238923113322905
73.51354953413052,25.20898516478912
74.61794814050492,30.489483961563224
75.22554781530016,17.886089514529733
75.77556647998112,25.470061403719345
75.29652429493241,25.84953934385066
75.79311781847166,31.551439582385598
81.56540286047859,24.987077778558096
78.67317753072749,27.637040804979783
81.20369522796189,20.486905116557498
79.55962157275795,23.473356936804574
73.35644646270116,28.450498967587762
75.46779213821411,28.374304875447056
74.88416639693862,28.08201599855716
75.93915539578403,26.489581136511624
77.02631657907644,23.14595180164056
73.97257667210836,23.18724481876775
77.10957500094148,23.552397420878357
76.41259370561131,25.57436449335682
71.65789783065541,32.173659468512284
78.02806319867663,24.8686140085784
75.84745921631132,29.940757708118078
79.32787032073598,22.450395814856417
75.71477198134858,29.235361479553763
74.36385665640019,23.646665720682783
81.96847496014264,36.663755646985884
77.91828436796966,18.925635289777723
77.17106780270674,24.557049697209088
80.09104859107138,29.98425062560992
77.15895091300501,25.616970949564173
71.96785748875277,31.117986817130735
77.09304514852113,31.014779911218753
75.57150583034861,26.67869613759521
77.91555184988114,26.071513840411736
72.0414259314183,21.982515857050544
72.13699943103057,22.010438604378816
76.21535655877156,20.730770939456953
77.36076941578732,25.59332601008556
76.34353593780878,20.497294088765898
78.76118928031386,26.428918453593337
77.24655932727333,22.749911009057712
82.77435810113721,25.361117654895956
81.65468845951528,18.823659890151077
85.72089170521072,29.496138192999524
79.82874711685925,23.804217544144667
74.30995408156521,28.104478665807516
71.03898116295119,26.269487883037378
76.6174607143219,23.38996233805542
80.90621232605375,24.166415060347155
75.47649730642097,20.414974704272144
83.38218103286815,26.787208333895833
79.80075523605707,27.97109673510071
79.05670837587161,23.925122024093454
77.81190461289235,26.504031374953943
77.90567892735356,34.287926252859506
75.93128586855798,27.230665759771604
75.80751978188711,26.81609456584404
85.91400974911967,23.141151744485107
78.84828569939211,23.821094997902044
80.01906681886608,20.581953098228436
74.38916987966462,23.565440520827398
77.86852718836653,22.797418035736563
76.39465848129166,24.76650942317415
73.20923312645655,25.799738783409936
74.82194507637868,27.84016952876066
73.50917193294917,23.135472037292462
80.73196567523274,23.623312389930838
81.20132499405481,18.709456394408164
74.39022795113601,33.7015478478239
76.95508371076926,28.846046948987958
78.28201521655183,26.92968089160967
69.7239861882786,29.10375010882954
76.99328252024452,27.396744830501696
83.7820788751942,25.112688220515896
78.84552548634117,27.97236139677319
76.83816677433339,17.38259397534941
76.64759559897526,24.600797409013712
78.67421443406775,34.98713766982701
73.88623755816279,25.85675487878233
78.16725970875909,27.0033009408522
82.2801789593394,26.287815421096905
82.03010455158322,22.934143417017566
79.93963206640814,28.245886180117953
79.51478787029147,25.564902093600665
83.93008508090756,25.775202208225842
73.93495838838574,26.557979900719925
71.31640471840029,24.533308130150164
78.15962535350198,22.808578684050428
75.52153400321436,30.516436274230518
65.64459169443617,22.92699912870504
74.90634005851109,27.021595085948366
78.99396318182366,22.87454687942108
83.36367273660208,25.640409643122293
65.70187406948868,22.420437801139855
80.46958216646705,25.456575960583372
77.3230558002255,28.159899547293158
73.93502404964035,31.59268495862477
78.63137062891397,32.24180867356055
75.17709876860553,27.743299064596485
77.53592826691298,24.90927850087726
82.61935547585212,22.990756142045402
82.44917968989513,30.358530809007146
74.91603310008054,22.669394159080916
78.95186388892151,25.073343391527363
82.50711864881762,30.46180569150114
82.53042505625302,19.95381379106427
79.24451696633065,21.4279773098631
78.61471643093493,25.996354795443708
81.2712940380594,27.71629383536256
82.17600012043738,23.51066212958092
78.46383019393807,26.23855585816071
78.95497701582448,19.237297171340902
83.85264123032154,19.80835274177715
73.15240980907103,25.858711169313615
74.55240189534179,21.18660933796166
83.43160290163519,21.2535714415602
75.62885871004012,27.431957841795306
74.05718227248441,22.67462252555579
75.63983533514475,32.465793099572096
79.29034959244325,24.827652119563655
75.6292436051942,24.815730768413268
77.42274231340399,28.643381608118442
73.4911274187747,23.412180930113024
74.46263636336393,23.8898028194867
75.95042345491547,20.647744418093136
80.65147551334417,24.273418247369555
71.76574659465227,20.99786307743592
75.03428379976077,21.734134891004548
84.37468952102073,32.59465744850575
79.95178171480207,23.73682137217216
73.96180877930726,27.603564907824346
84.04849798875071,22.033864392278414
82.08769085900911,30.931458749872643
74.93849313421387,31.19264289107006
79.89496939039829,32.717349250618476
81.21929036937794,21.71554748472076
80.52908058268594,24.110237537914742
76.20774346626332,24.408090904501346
79.61193823363777,21.82474377658059
73.5422832035425,28.162105055305524
77.01893581599711,23.91045058242275
77.14164882099023,22.716037511905096
74.33960178938126,35.05939395169723
75.02549187905,25.74734488472975
77.23049126221903,23.2905895602127
79.3761769274083,24.92770837843163
73.09558569203031,21.403505713513006
75.2696815946278,23.05141339686137
78.45820370455071,19.701696884010055
78.01082139595455,27.11831967842268
74.21220309756579,30.916510328794814
77.48632708497895,30.68900306940353
78.10144710176708,18.5967034909819
74.68315356354803,23.643955662061
75.85165546089941,32.40946017079693
74.17627381203195,25.37965942537334
81.43310492838039,31.35831948043805
77.14793888239922,21.55110975804617
76.04769958129575,25.644117954297084
86.85862434070735,30.917053841064252
78.51831699455161,28.0323552740289
79.06702182633741,20.848251964946233
76.18515353193345,24.698819434312778
80.41364426534955,24.198607323689295
78.91224370899792,21.795700467909363
76.72367206987815,25.464287535449397
76.70094459854444,24.364191226001672
77.27770194976964,27.639632563108044
80.72411492530735,25.942015445157246
71.97591460252849,25.39342080553949
72.86384927329287,28.97763123677447
83.35040412301174,21.069800312007033
71.27225386637112,30.99165852390784
81.82371045155818,30.129245488058686
72.6551376471842,32.45800326163572
79.4344276237315,27.129574721460454
85.77894720767063,28.68322908560484
75.64158624360097,21.392366927234615
78.8423184111796,22.824316652852925
73.33493710941148,24.61101522502228
77.18460802624718,21.865686712942054
72.86647759549442,30.2987066203996
72.7843955674378,23.73279450582931
74.71561693968185,25.969152893410143
79.8791397707181,26.173103664073345
75.77757483497088,24.87579543685604
78.47887409522444,31.619051691820935
80.4298633288621,26.626090748019884
77.88173575543672,23.364101292425186
76.20717054455253,23.25898298923666
73.55418833401606,25.904744673723066
76.11302121127461,23.344820389038897
68.63947568229958,19.34329452146028
71.79150841638487,28.054810759201786
76.87062349533471,31.868119904310124
81.16299922580427,27.899345633582453
69.81344693849755,33.0451836050219
70.31113053712329,24.883886720666503
73.72760198043702,22.461368361815655
84.84358998718103,21.651676383325405
76.64271857114922,24.834001324027493
78.52866683968729,23.844600566756228
83.65143334794463,29.74128869443185
75.70379583124276,28.27821022095234
70.43761781011347,23.71897629067858
84.40685214839142,29.94692052352408
76.32782745680468,26.090743565136737
79.3762225696797,22.517979939515087
80.06541856846052,24.585507022300256
79.07398427810745,28.412735575388385
80.17789506922759,28.164199391870827
78.84145174082946,30.99180944844569
79.37076771672399,28.512389546720524
81.17104131246961,30.999293073999628
80.04210836903736,22.61655990992227
77.09009378808877,22.117258243869113
84.02453790689437,17.489189291320336
74.72554595760244,24.01010048543622
73.65485033618145,30.453360535715735
71.69747622703193,25.399021014595565
76.74247360052765,28.737604576631817
81.2970096796239,27.654066203586126
74.69915206145428,26.448168663047774
77.70911088650536,24.053290270489637
86.71293300100596,26.096956649645367
77.66432888176828,28.71415085953086
77.54996015589295,26.286692463990814
71.9521351688291,34.79888585900228
84.88210940345868,26.882743420331703
73.94479683172209,31.914568407771398
76.67192164303185,26.327750077396423
71.24649882790739,24.540330596571483
79.48029750707413,29.480169641307175
86.48249921310558,18.579751155668088
80.63004053539024,24.696417573391546
74.00547916185901,21.294752802520208
72.59019316596138,34.44434673712794
74.68809044346575,27.40220309005248
72.28202001614318,27.893320362436263
77.60529173821075,22.937883412994253
71.38873197109676,21.103427007882036
81.70998230090353,24.23837591042352
79.88611263995391,27.60173674769628
80.07665962616075,23.90140633724376
75.07641312820786,26.103574113700304
86.42679698966349,27.01183639620612
73.58108923973293,25.30451038806669
76.7725237580401,24.574877075122632
73.88253298081221,27.988330850457537
72.23286848318187,25.65873051075098
75.91809214990947,25.4208416303522
82.66548687940296,24.875614103047987
70.73288309207413,27.259459508176324
77.74667869854912,24.112192342554767
88.18158390987163,29.979005263354598
78.48340709460771,23.704479234962285
73.25054867930128,27.239236481074677
81.91493473943085,26.87536788107415
77.05734146686424,26.2554484605315
81.48523527684216,22.369506970291
84.58101651546195,26.232791592762858
79.78527377283565,27.745872335141765
72.95569663190275,25.898078769970766
72.08937798023375,27.01036106189759
79.36041184598199,26.838108071272917
83.11164888779734,28.688382311052173
73.67185198875296,20.557979892619485
72.67528193618891,20.56317453874746
70.69403611576219,29.80833145677818
77.99367084180051,28.682850427944913
80.6949890247496,29.347255711226232
81.13698270580561,30.565751128308126
69.32057601152958,21.263465573568478
78.69569402352575,14.888178631187927
84.81820663278879,23.73675345956689
68.94494078471593,21.873146612803602
79.33828012706127,26.962055890344605
79.59834931927088,28.029865332838472
75.18407524908393,23.120825948299384
73.84146523063832,31.72623927983844
79.8127799923227,28.373779595187816
76.69111170094563,24.23545773499653
72.02369613808744,29.73755898004395
74.60019686606621,23.64046565207999
73.25695989105486,20.3526488100104
81.20166329942654,16.594864923423344
78.46370443821814,30.067789667164064
81.37052787942152,26.033352618750108
77.25214372105404,29.585051832162065
69.54218770527144,28.37519938075365
75.85455075466264,22.853761080155948
85.06343336457917,19.982719716481864
80.02167922322433,28.456172704586585
79.72736908472233,25.947312074488064
82.02679673006068,26.678609671954455
76.99276927646461,22.372489168401877
77.48297419623239,27.319190794632657
70.30914571593841,23.315027221736774
67.35151506878174,24.406186440717793
79.58972684348583,25.283935996022997
71.10645581255866,26.58451170455419
76.47564052574351,24.725796317206104
73.9583990463929,20.455812361822463
80.72292023920583,24.130802252213297
76.86645302081865,25.455808068888903
80.97467768831225,30.89227076072181
85.268112716298,20.827228043050845
75.9349008672678,23.04825967138909
73.83490713477595,29.577117645314438
76.54438592043256,22.174250567486062
77.51630776309935,29.87685304581469
84.55556496350262,24.05600459975524
77.75245092658857,31.886349730196414
75.07550530765283,21.80176457310834
76.04334906970821,25.917873410721107
76.89301794689653,26.34178985257493
82.50768958145937,32.02302108904919
81.50232132621927,25.672281634263463
75.01690094960634,18.90673930010951
80.16556149826285,25.286522132512065
76.22991433534881,24.5045622824113
73.67627029920513,28.28143387493695
76.9785339288628,17.403718994183357
79.3662224074835,32.393740809044274
77.7281148209881,27.085668312440642
71.2765162551279,33.108849925669595
78.16394448558219,17.94753765355731
74.63388303101526,20.60190743065924
78.96993535506333,22.174182514778405
74.19742158068279,31.40618474427337
77.08413641826405,26.142776800065345
72.858688427098,24.445439806712205
77.66281413000448,22.99496856003049
80.82968238546681,27.64049967551379
82.77388551618796,28.745862352635974
77.92932839930883,22.064223239264205
71.56530817490037,23.520223293618553
77.41041816542104,24.813793058260774
81.60254823313984,25.915893319448838
68.73638170041356,22.925111069658758
70.79634431455668,35.16544148736544
78.69025797248338,29.294715624455186
78.01685573369403,36.113005726090144
71.890314993082,23.863568621408245
78.59942252842764,30.751653088268814
80.32820728838216,26.80041383391129
77.66823812022778,29.613788004457934
77.58412982519768,23.26393660436274
76.55421470546469,19.523143290997634
81.17758520659848,34.6575795087511
80.83760202206977,29.61999996748225
77.09288517349297,33.034339423368536
81.16810534875007,26.23436626518102
72.46386282185712,24.683472466587602
73.16121528049,23.532982144889473
68.09369535828793,23.024029734385834
79.15083033945602,26.10180418144734
78.11839574977455,33.99276174529797
84.65253451159275,19.49570121602089
82.23399927711587,22.058013566275427
80.05212930234259,28.244754217242104
78.54461260521195,22.72316326719364
78.02681895058109,20.680938992174717
74.52077902970932,29.019027240525446
81.05762674914946,27.549483682776316
68.79093619722246,27.891682606487983
73.57990202057032,22.920901018081615
83.7917534517182,20.423708212284303
77.9257091413705,25.152879674588945
77.24524886923983,22.65598948918338
79.01343482767679,25.179646560661883
77.2989910298987,18.21213448466545
74.78912019443219,26.92029669846586
71.35938752139104,30.50606596801522
73.22820710840257,24.137946682994112
75.99023427207467,26.06849330356853
80.23278411478059,32.77499781721861
80.12572560153285,30.449608509110554
73.08390202841628,31.542610908876576
77.86720141825244,34.916999285172615
79.70376542694717,25.58197891797613
79.36545177663346,34.555520425843
74.91926731865999,25.583147266723074
73.42706070154242,22.977257549082914
84.34482498576337,19.61589472961165
76.65478992046592,33.0210957624695
83.30947268942765,28.843533908642318
75.7007833588997,28.900165213442218
75.95258656126893,26.743391409132435
76.7189327862459,33.05991960121894
84.55679598736539,23.835561700216402
83.44703024361917,32.99839904054161
81.39086761543359,23.77249104639666
82.96623485516685,26.08760754841585
75.98593633024942,24.649184491093816
73.39336553875957,23.32123617410287
75.46718538251409,25.893114606587574
77.10363726525027,27.72009407466269
76.96013610109983,25.447922826390208
78.07477436405124,22.20944526218159
83.41894735158418,24.59386845350605
82.78176210142139,22.27451106911347
71.09840584060207,34.16475483427806
78.85953923638216,27.38486673127355
81.63095854061059,11.49239093892312
76.61747220660914,22.837811594342988
77.56717109115897,32.86699922994473
77.40947654510042,27.183420062009912
77.70889246667711,28.755699096478452
84.11548310540587,25.87102612411327
83.11645707370973,24.76511925700741
82.57404824666699,27.069022321454888
75.81466350707319,29.348533984281385
75.34961780524408,21.737807550745377
76.06361662469436,22.67491489819618
86.04602750251833,28.622337730884958
79.43727584071135,18.352712322607324
82.61388469787644,21.730247827400348
78.60953418345822,28.946945511513146
78.5170170039588,17.26731139061907
75.17573624867154,32.89894901444022
77.5359745765175,26.487671358644352
71.44016890397708,28.765435289619905
68.42445244077227,25.96741782725159
79.63685441439665,24.513301776291062
83.55667211492515,24.021550140160393
76.42058278196029,24.85688384166629
84.79766758747151,26.72765514554771
84.57969182534748,26.24352051024561
76.85736514176686,25.333159114635283
74.80592067614236,30.155829205407247
83.42215285388652,30.83005073857102
74.58528566237746,31.22714061951099
79.2859984817553,27.01301690148263
77.82303876639637,28.839197384707994
81.520100022211,31.412648586625785
79.35680295146697,22.043166244016533
75.56336364869902,23.14901399028068
81.1127744288268,28.34196859153395
81.74041713619516,21.309841803891224
70.47205677980124,15.863749699699573
73.92321315616906,21.610075928344926
78.06266920457506,22.739048361593273
72.22424735683344,33.67701720482206
71.53644432001539,21.528074842738718
79.8978818195039,14.372720254854249
77.11407936923383,26.752972032792787
68.56809157514488,19.109635387873883
79.90203628931229,30.566246978036574
83.48392099256549,26.70814312934102
78.71962572498137,28.321475644297323
79.38389015823599,21.006552517324128
75.4033084060866,21.397877794346623
67.69713030044817,30.70730989973386
71.690497509674,30.074035778018278
80.80406361723249,20.754137407657645
73.14833850690047,27.704640586613714
76.22762833061395,29.703660342261983
79.87870543933082,22.05145310862403
73.82373076378329,23.61433988702907
76.75981062525756,22.27095427072399
73.76244226780365,29.38123200097974
78.32671370375031,32.46204510984477
68.74183012978199,24.078138659389214
79.82596573212744,24.245598280662044
76.73891276586282,31.181316525468432
83.37999507520584,31.502141262944303
81.55040288881882,28.491790380806133
79.61612327431317,18.281190645809506
71.32109414467742,27.54194220354336
75.72435826171409,22.570654112918014
72.64597698877121,26.024107691545787
68.30222453851283,28.074182165125155
74.41306325004739,29.79613061437524
87.2101986144983,21.836111080357348
69.02165702837861,21.387622863552448
82.21239002920173,24.417173277314266
73.54450304571668,24.939062433779256
70.30098844778722,25.238333111316706
76.96008428673106,29.584790641725995
83.99454237449453,22.587551519403515
70.91601616709748,25.553328891297504
79.3710367740441,22.249868070429503
77.54396239901432,27.13083957400957
80.56190226366982,24.079115064309423
75.16877061541705,26.43803946309956
72.8884125267399,24.89216293049779
71.81141436869814,26.70049545600248
78.26979916592569,29.964236397931867
80.99642466944742,24.190986843374382
85.0188560002529,27.422453470533153
77.31385593190969,24.497302829793863
74.92641518105711,26.652542335215067
74.41860468072873,26.280124199877285
77.47870057477327,23.764608110918516
75.61095237910118,24.982401498291186
77.36824419670025,33.30499680239392
73.04756681452945,23.934156442555285
78.32101136857538,29.866941179762428
74.20531063102776,31.374151932743725
72.02230386794952,18.478724455763647
71.31809384868632,24.34411060254381
81.56907667746992,27.20872020326521
71.88535482450133,31.480029696653386
76.7215708365373,31.14521594604274
75.29146814533415,26.073821423907113
69.38265413180714,27.435397151199865
71.25466146139438,30.351116152881648
72.5934250328211,24.71829397119867
82.57885374581902,22.443753983255437
71.54714904526215,23.91335478181431
78.21387109031568,27.637403758637376
84.83419204146301,33.414995778189514
86.64429810705441,31.091576712325555
84.36030696440362,32.070975820850734
82.32466647971117,19.107615265616158
77.42127110965507,23.516400175056393
82.84332978198859,25.23498859972514
70.1755809231006,36.31491400214925
73.2606715076354,21.508089205757148
74.3478922577786,29.09422475122327
75.16611477045004,15.587248651962273
79.9093472965473,23.631351510136085
76.39835651830452,27.727367991602424
75.69061548714572,21.115279053511756
77.20162737703265,18.14412939774573
80.54513242156685,18.46798828305499
70.182094046047,27.9231186291965
75.3715023030932,30.38109157798508
78.24532138033197,27.63176340251214
73.03923285010126,37.3632467190407
69.74870144148753,23.35959968520939
75.49167143015981,25.75236083711
67.75905439333471,37.42935791349359
75.71125868154347,20.691526282119785
81.76233656235827,17.701870299479015
81.693789882876,21.738952273903656
74.95327065820105,23.439178122793816
79.4353200014563,28.323508211340204
77.99796105468803,22.048144846587114
78.35289788143017,29.561375265714087
83.31016540535387,20.421397041496725
75.77564766759615,28.37178250353361
86.59041043860395,21.170956078086768
79.11189670641069,23.988208214671975
72.90860121564535,20.411052743088344
81.54046587204829,21.503909321758545
72.98564536845915,17.097409828817995
74.11296052485902,30.774852750819214
76.38075635186034,29.892966595438136
75.99006670735164,29.45571277942884
78.61242637988856,26.56912302221429
74.1074321721713,35.19907112514715
73.82644956858526,26.580437910074988
76.55433011921103,27.56691139534431
75.18192460103471,20.406363274018677
79.11546554477184,28.65985975437635
76.6738632345594,28.68115417393547
79.28331165056034,23.575336706097595
75.96415400426805,34.0282498836124
75.84449374315122,20.028447251189895
72.23878675633325,26.763610251865963
74.03597642026305,31.918702012721276
74.61255830251004,30.045481565403975
77.07739628079914,27.666489635481017
76.43683226435041,23.94190847309104
67.81286183307527,19.501975861589504
76.21987764369337,23.674253256744183
79.39615128189854,24.874876353474008
82.1548762453704,33.1023866554407
80.78218377564778,25.68518875740109
77.1363079990089,23.583235160714647
77.795482557528,20.971004314404947
75.51624542558521,26.32220891453952
79.31593111964304,30.184530386027944
78.7296094130717,36.77590725067497
74.33672847501913,22.43460744129176
75.40805914176448,26.89083266567103
81.938493915184,26.464815789983078
67.27461888359994,23.873840687067425
79.81330058360811,27.781972434144947
70.74416462477966,26.608029345862985
72.97994932314566,25.646986383454166
77.75282500339097,24.025440515149533
75.93837745442663,25.72486823650634
76.06534113405645,30.00942914062403
80.53329995588949,23.848900720719644
78.83673276551573,19.07624166193133
78.73964389307106,21.661516714577946
80.61068504488664,24.188588802597405
72.10413333506665,25.338160634642456
77.81666560929766,24.314777330500274
77.53843665530802,41.00736844941419
83.28959680952815,23.68518097552191
67.43091147034895,25.39087521584739
79.28123753525914,17.517180843101176
74.70191537298287,29.3130867405521
82.07493770059482,24.353166121660745
75.37481274594808,20.37520411774803
75.72242715203203,22.32441860030028
83.99404377054208,27.171519580132987
78.31432524398473,21.851001048729344
76.66815255803252,32.707429402299
83.64450544058046,18.151002752867925
77.5210563484533,25.786731299376356
82.93705127099342,19.60349595124359
76.3637435203371,30.274668524622907
81.50014712357843,22.315193597341867
81.08537620776829,29.003564521326826
82.6169521456599,24.194311222721257
73.70565436699813,28.97894601179231
79.89027183407208,27.991892088777526
75.00879239060681,30.356394293122666
80.44890143143623,24.823525789519913
80.19830012462675,22.2145712656055
76.05916272190852,27.474161327713208
79.72460786138983,22.388300578079086
76.92656585086706,17.76045746368235
78.2555880539393,23.330482148684524
81.00010547738731,29.24553991103371
76.54303663890275,23.85158419021195
72.1905694028395,21.32691187183501
83.18715559479332,32.56675276255789
77.77062405500638,32.023201299209994
77.8838679681202,21.295393100746633
72.4037271730633,23.72851336382339
83.42605717927059,29.431117774690495
68.81661877832548,18.305937932436244
77.24142024685429,16.19176032947389
78.25528038071553,29.549342762568948
71.34107927570746,25.978793424216946
80.39966573469498,31.851803002341494
85.28543986306258,31.89922985708585
77.41512511512748,22.692420093163328
77.62750874849044,26.592521561272303
78.90028694705974,31.395986473044978
80.33045141386395,37.44722334546759
78.91594470305384,29.40433063607831
71.06226139049669,24.194315111861023
75.80427556882947,21.36000191079154
74.27779389562383,20.517261223060267
84.8741270878785,21.85976174519892
85.49009310463062,31.272028695126934
78.34180139680997,24.99098910836961
74.7268225950396,29.386870728065293
78.90961921646874,26.691300091710495
79.20534134274706,24.067140934838964
76.54430127103217,26.37250256003925
71.23058966261448,23.475104855773058
79.66549432222578,23.763702826652562
75.13466152754017,28.50913885136207
82.68781442429892,22.98748273352379
78.68347482720704,26.110969268084197
80.74163467697396,23.858510548993443
74.79304482984844,27.341877770191296
80.01143824949057,33.34519772041195
86.81774147390738,31.61850481255352
79.01216540068899,26.19443441323504
76.00349326798901,32.93300644684353
73.19501574244303,25.785658667242476
81.41286967974324,15.511417873261859
76.80521558624895,23.89428352477126
78.84615272080335,28.325954474920326
82.84505098825937,22.502507691085103
77.19633967348939,24.46601082419484
82.8830915926315,24.279882986908294
72.82374786450971,25.16414578596327
74.90700855849656,22.896084821058746
74.87197120288904,24.92509781377878
77.6500441847318,29.26385200982037
75.67625959185212,30.519787582566863
67.95826784839416,20.599706885596795
77.09953054338796,28.857010685863983
75.80342413151047,26.662919821258882
79.1869744505924,20.158448969683267
71.49950216693725,30.186018120183718
78.92156472605653,29.018604098790835
82.49441281600316,26.018370719578638
65.42629556145955,30.488271794009037
74.94323037091155,21.06032743476395
77.58059364344304,28.665091722165357
77.11469709123239,31.027858850431436
78.42785116536598,21.94741807287138
77.71010874426943,21.842032439967824
74.9815563207938,25.631689447616388
68.86795384325055,18.875201644953812
84.52825521772837,30.103100437309656
75.23757416247447,18.671242751667602
77.11203731495543,25.07216777613948
78.07930319439087,35.355554660347806
77.37219924374874,25.86928970859906
80.16174588683988,18.67644624155251
77.14155268408877,28.362651939768394
79.10448544927276,32.18714572529005
73.70897177268834,26.017352575045788
78.54803211352532,29.69572932926487
73.40672250449998,23.606703158882198
77.39021165055397,20.184233360333884
79.68022300558934,24.868964153979366
76.25320602451511,23.583179948221847
83.54501709591293,29.530077565947323
83.78209472555501,19.138613975982494
72.94092888800472,21.10273507161539
65.42556450285493,21.549162006816132
78.28502168195809,30.25573566654705
74.93243586588402,29.11251812563467
76.82976805846262,27.983067763083252
72.05488048831621,26.066620586562202
73.94204192688359,21.308251327850034
84.64742223953058,21.01635709055887
83.18798542762377,30.296526822718654
75.73212730528476,26.000948907869514
74.81822700772247,29.70757149443314
70.99258796091738,24.42313286590435
76.1430394536787,30.88948145333819
68.70122899342235,25.878522065193952
72.52260904241155,34.92871835661349
79.09307706225735,25.260850723150078
72.73415484701495,18.20162939144444
79.89675636211851,28.2475468663884
74.60007909152385,23.982146664023684
87.6065148715279,27.350271283768258
80.28305789058146,26.788090277799732
80.30859536561267,23.150431390672352
83.13847231087264,32.62343237439153
76.16803585295104,28.34286293781052
79.80438169171336,29.527435338253774
76.67633605936132,27.00823467033158
79.8387466840985,27.487632891703118
78.31693116253749,23.291997765568897
70.40840852869542,26.66702942766448
73.10315033579337,27.67623787824273
76.75594201494071,38.98411526625004
73.42911357908781,27.18700378477747
78.07922771301537,26.46293809880342
71.20120235402648,28.335013592569755
73.56485242819711,25.767770004622616
74.9386044635686,19.835427787677816
76.9200568471564,32.43997134207727
74.3929722391235,30.57113250856068
80.66222103250703,22.319047329193573
79.88857373964427,20.126462624713227
75.58234378748139,30.399991066891847
82.46850056432814,17.97373244031999
72.62494664018409,25.251144681731553
73.78900722192064,23.645663733550304
76.50001670494935,24.624376492643865
78.83286923373753,32.8465478928723
81.01127196178464,21.601015652741314
74.68427089283269,27.820226929752735
80.8842878791881,15.478373035486625
74.59557301015292,26.842084714623926
78.95607844635236,28.258498123042653
79.54299481820178,24.99870284627117
70.65118634292025,28.62393080602397
74.70058704465457,18.67788777527325
77.79924211867093,17.589308115383307
82.95428945894388,26.82230872859197
70.17369445700479,26.12993341411243
75.75133816863881,23.985855696233276
76.76963995506925,29.07893278501464
71.36903649507003,27.927836831256883
79.18899505010627,24.14768691360338
77.5705257645481,22.421425196679817
75.97042838098209,25.968748457022617
80.55770756830094,25.202012393976513
81.72529367339483,32.066196626066315
73.96490484179434,22.5060063074908
74.49008770750251,19.46508959513572
77.04177889101749,27.12378107535188
73.65138854348574,26.076837175916815
81.49493999832211,21.949145605983944
74.26325961415999,28.386385109822925
79.13373374984003,23.659830529294574
82.78168264500677,25.35006533140041
72.34837192303034,30.376505052639725
77.29381091034678,22.215069922968397
82.82589086446102,25.36251663588398
79.10202084529708,26.528490475421293
69.76629641824941,22.94901191111881
78.28299840856641,21.123021782802233
78.3330371589311,24.036041132909936
75.75336143395147,22.38020112090013
80.08045545484981,25.088971701545642
73.81596322798309,26.59601888075833
80.5217176416354,23.225234963131157
71.9227089741502,25.82980449619098
70.72301589839687,31.067499150402938
83.4029412241077,32.21322732375525
78.36484482244981,25.196433150088822
76.22351033334833,20.849522190482624
70.66638981887722,29.01739002821274
79.41736332347986,24.730114394216447
83.88645321963027,23.240687924892992
74.17106089285674,32.00625539363489
64.91466921198125,23.75556495458858
81.37049180791205,26.77520838322631
28.160024093029236,8.051298332450855
22.70405553514517,-2.683609129627275
26.22343127317958,11.760486769326356
22.171096919954493,19.81964672926176
26.680583431623155,20.364046368815778
7.661700194592594,17.42619380878372
29.676180841277443,9.064851058190207
10.267257352325771,15.486849201000407
31.588984989418663,20.197200836386664
12.40334601264627,16.32237167516082
30.247544468449565,10.880185433105282
26.672467990733217,25.56361317119068
26.900610248677822,18.230701957810737
27.363118528024664,22.44146898453843
27.714480418439383,14.834554531979318
24.104578082920675,1.0966324216967482
24.34399441151826,15.491123913331336
25.294625716374057,31.29287791336412
29.390489608956777,19.162759678421097
26.798377892618134,6.437719302538689
34.52807418537134,5.12806909718449
31.58591629678064,8.12981999331113
24.945945389186765,13.384845251899817
29.617304452080322,10.975164914338464
30.63349517187304,22.511022639508617
15.32111965738286,23.193730456718363
29.94120962126492,19.82759882644697
24.91062864871171,16.566446857657844
14.781424616692766,26.76911945225344
28.5375198884747,22.800787744131476
12.083527751568212,11.375120417199986
15.173910891802619,6.768613497473174
18.550120902677584,20.609225266369155
22.671146649207547,12.015097101677483
18.65478791606697,7.712039070721315
29.38235228140452,13.800375339950865
31.170884162872458,31.273707277875058
22.08917586287643,8.742450411579869
15.766633089455405,14.425376807067295
23.168143542716262,29.234204788674024
7.036713702761297,17.043548589783622
23.749157301920153,16.028092990053405
19.581844385747306,28.122102268169204
22.480217670511255,13.53347859513465
28.60192968681105,21.381177587357186
23.712785343931344,21.371445849605692
16.246363468788932,10.327797516597508
28.453951245361402,12.96644032386133
9.892016043538911,9.305097694347428
21.738082625529707,20.04328350601046
16.420955075649943,5.804319749868828
15.738370003724079,24.283751307332743
36.57951447643464,12.444630859946308
19.925140562686167,19.21042194066568
25.685290967543008,18.3906752424802
10.729999612928825,16.97063927492268
30.78289242188345,10.060700654576602
12.331400511940792,9.81580885241958
22.739300611389627,2.946895186943239
27.25412830603898,21.496885845297673
16.96700612732305,12.670645201769123
23.853581610070034,19.508825173965278
19.156926885678534,20.903292218147676
32.40246064261294,18.6970890136989
33.61711033127643,1.3108836035736395
23.352815798801952,15.336208787391787
23.87814384781838,15.991527542413868
5.994715723817027,17.749697934688832
25.613826907439535,17.55623419665295
22.819146660189748,13.915403751271825
28.169984114133864,6.988834086272702
25.663549422938203,8.407847979209967
32.45839517982978,6.34025040637029
24.408767905622234,25.233923175179928
18.744660719109984,6.753116643964837
17.879418742104434,22.383319596731376
31.521002432577696,21.20285884162807
13.500577540699213,10.264529949026034
34.78223973352433,18.891924301491855
15.841944234459001,10.631083264366955
15.134266971575146,25.495597883839707
25.957942571962253,18.101628587957393
10.912512333496359,9.88499222915554
21.562539412721893,19.00131222535637
28.578148193844445,13.714417959271433
25.261594913305267,-16.25402754207984
23.180176355443205,17.701716047958158
20.07305525236943,9.206923338408398
17.729315197649413,16.98463066383414
23.473195408740484,-1.0171829188337043
21.214518316711015,6.631363795831087
25.575624527997693,16.82920137182282
30.74309044987006,22.657836346713523
36.93852403025484,27.338108448884903
19.117899116017345,16.598292072955935
22.589837457121988,21.149701512677805
16.275346158864725,9.120458126705145
27.107263115211452,23.764299464181757
28.722694175463968,0.4118301159604716
32.27986127302571,11.843479841851124
18.13256345271485,3.0228651993157527
20.55938479115713,10.486404361324368
18.92125942143463,14.199915571280465
33.001048580631654,17.835746792760116
13.199504295515496,11.345053697026437
18.279797031175583,24.654445704512497
24.416753101504643,5.786068244818843
23.713291872563655,23.307419937988115
36.86317674316674,23.508454025876517
24.002641857835833,9.060590846102697
16.816862217087735,11.555623293121108
22.484157534889988,28.21293869975773
32.80325003514814,8.872878937504101
24.095215301455934,15.684687545828076
25.451489353677847,26.84190442532686
20.719114117258453,18.918186081230925
21.32536297920035,20.24211179261605
17.664479568131352,7.8897319782532955
22.65669701234264,18.956463696546983
9.580617442160985,18.8288061990059
20.13926260360924,5.820092357589839
22.47436006756859,28.994943696953257
29.946952116593234,16.416772813893544
15.79431642952041,24.84423412080616
19.989474111020687,15.575065361129763
31.91015107830777,19.669972679941075
30.68672387345208,8.589007680392918
28.000795714905045,11.896982893966278
13.31320630881899,24.899494446539425
18.902726490546648,9.945580252791535
27.830774802294023,11.363574836637035
29.604413021698864,29.876376993568122
23.310348717432603,16.90453218167961
27.689853234352654,23.603478462265436
24.27577564416264,11.03019199265264
9.951068752937676,6.396443110499664
23.110055000031448,15.545956336379065
18.70819493046193,19.07486257653139
31.676629033557866,18.377486992549883
33.3383792135206,15.05479670708039
35.564911482249684,13.82468789348458
19.93202110853938,14.251628596003773
31.73070794738998,17.57843057037675
29.472702638028466,13.725204715619675
38.0720544174168,19.69447699412259
23.176311386828335,25.903420550994632
17.044065341232816,3.600305302340619
32.26770305147377,27.242295834015778
28.88167045568634,6.815313639112267
21.09188112934762,29.365873962219556
18.69067908011548,7.7949093500993145
20.55138400261919,15.952778957954642
32.71875047717485,12.886983207217758
26.362783487142593,14.828515502352875
28.99318321557381,12.035344275394435
23.038428274695843,12.941799498875909
27.992876334440076,10.625173430206646
26.61196588327525,6.307419956779736
34.71147986544179,12.083722797884912
19.146170957619415,7.141510030441406
29.22624053488461,23.102047436111754
27.763226163394112,10.54837674131744
21.04676880738185,23.969020205743554
28.385680598716956,11.43128639041236
34.530257564617784,21.52782092784812
22.149099894642024,7.432101642325165
25.059707867031957,8.432158029221561
35.42418354543097,22.828279811722297
25.935320931113658,15.975960078088862
16.631646162265593,11.105586808064086
25.15046326794343,17.296931695923675
25.64391800264281,0.9553751303544828
16.02280820602792,5.264390989721415
23.830541229907432,6.052561572530587
16.877565219284055,24.76982175821771
19.90162513171968,9.577907500994478
28.56701207417625,19.595733730272887
22.876115317951324,11.36083207788229
31.3752534607034,11.60629614428913
18.601667808485658,5.72844263952514
25.439073719222822,22.361882778460675
9.898774356422773,11.126369010701659
14.115736737984985,23.383256882491136
27.03963359155274,21.77751135298984
23.040448139009193,22.652294045395706
16.887853603828415,-2.638920875284832
28.80738679877048,25.28310054574743
28.85225713271548,14.906226963004837
6.381268448290541,14.502807565031794
15.688189056700349,10.557417339327984
37.59370025468304,-3.4412905288835844
25.501693716167562,20.655778796229207
15.418181171721358,12.358927480190546
30.499142580494638,25.046231563398504
19.703987188230773,21.241292371763066
26.27256449842201,13.919491951087512
26.469921024457875,8.840926558745998
31.881228869609515,1.881800870664339
19.524521605073865,12.273987511719685
12.869576368454362,7.1294281694469905
21.752016139491694,9.350556960134709
17.608130099786003,11.8173252019811
16.51049864521633,21.07499442077954
21.532867819598827,23.838483119656434
30.1912094831906,17.577548874126414
10.54512284546514,18.065153806263215
21.27519985331414,17.996299201014747
24.294734272326306,26.57674361898831
34.17513368903431,18.622047179284134
24.00592099048905,19.97565654621384
29.633450633367,11.550660912855399
23.39410078630462,26.30759752163273
32.103312765869376,18.08348652641994
29.02547866988656,17.689989198444778
21.564507423101666,-2.3743813711784796
12.510681286951588,14.90664708006161
22.738305720200174,20.239158743688893
23.49409477693193,1.6471706569677753
13.09454415069503,8.235518881278004
18.41120519368097,19.222365516488686
17.879725556916085,23.8730871965787
30.725843266904857,14.08581243238208
20.505313156287176,21.772629704013312
29.385640475740303,1.9400260351728118
26.846264248122235,23.80616774981704
33.159352254651594,25.542005602418527
25.619419470824482,19.957831010818296
26.247857953166495,14.941450452139216
20.96834651430451,14.975206800736721
18.091554051637456,9.155123878999383
27.566531255834036,14.573326029888339
21.234062668718504,29.6599889925413
31.30649077702378,10.030881536655919
17.862128983504594,13.097887233138685
14.259956864687341,17.217528537913346
37.67790855106617,12.097926330617117
18.503490894642816,9.069770884780251
30.085330865280362,23.595622405162167
21.367959871147114,17.905824505944015
26.321939199109934,10.65496084976382
12.964256495396286,24.332567718796138
36.84532525992716,23.46717620828948
16.853099944731216,19.75901090207871
24.731275535227894,18.68464471581813
34.3310266981141,27.58972699483116
19.308401009639162,26.26976738166485
16.424491371758197,10.899532848584286
9.67493251102755,13.86080475815141
23.708689638911412,19.787125791237635
23.052747308311297,16.580032385506712
36.42167519557947,19.6022607597169
14.892220081528196,11.582374547383493
10.399702613363619,17.67183469252937
23.096291462853866,17.237375003288506
26.065837939836054,9.970884290622521
19.467222121545166,13.657292256788134
20.1603863633346,15.326808057854228
21.051624802378065,15.57353461223195
35.284938585764635,13.55072374141964
24.019275964381336,5.2061578404205555
18.303293900887383,10.654447358839118
20.94306932472364,18.436768978866812
25.31494742372085,20.81414092899012
34.47116286000771,9.84095858299278
33.27343907228557,18.74816236192247
30.774160463619744,19.98218488084504
18.18334966169986,27.76198377787113
19.19123763064175,9.840853450727913
21.709336285657873,22.766938113437345
29.7959291423257,9.84632399292811
25.872538251141975,11.889248867316448
17.61579452796261,22.36112517298124
19.019634883952047,21.185742615028104
16.63704740157217,8.353264246003015
8.485895281901994,16.985085375059075
34.049061353075686,5.2339113872356595
25.630466087445818,16.327590519652777
15.901135902582656,10.711923137570372
18.04940140565048,13.144409360764627
29.87454323781847,4.197460290204264
17.638236937656558,7.800745442133328
25.772264129349523,30.640497811802973
25.317646275329516,8.20324916493105
28.67217925222845,17.094398226074976
28.665959338926058,10.942242515715122
28.031567119376792,14.236673696209648
29.56870785546331,23.141448864914263
22.199792639641885,15.79375046206259
24.5157874242011,29.447919921575583
29.14624935529079,3.2901925481510403
17.675997309374548,25.080897830950473
18.08904315829093,17.132925489259712
16.6858588468276,10.15283871212897
18.50880785844803,27.33704891786379
17.86331411328888,21.947435468611857
27.733260415845262,20.274507210484572
16.997226394492877,10.133387363830238
22.03238358021017,11.413722827663005
22.226519752053132,8.946123205117587
25.946666118260474,18.21072379488806
17.821870817770616,26.519900223428408
24.588424490757166,7.886396105866878
23.489209318152675,13.721325686152877
23.253364757955758,22.459348682080147
23.313851524348625,19.91998184736674
17.948579151891888,18.414670543879737
29.180769618531077,16.754553912454192
21.40221977156738,15.926693380453885
12.382109397849401,10.904373828624376
35.84907662803148,16.51866151647654
10.777010636351537,8.122558651486639
15.649895820298735,14.698192779034217
31.498916691398303,12.370520107878697
29.825317047966188,19.354061825537123
24.399249301886957,28.0706191354107
34.76302288104414,18.090280417064974
32.99793265764754,-0.7252882262741611
39.30694334513539,10.97655606428982
50.95945989396976,10.871990780745914
24.049397017917723,13.031009135859886
25.703074010625976,19.156467084489158
20.574653673688882,19.787215399561845
18.298740803466078,36.74033459493008
13.625435393060284,20.840306944331722
15.91985585113239,13.390569200533019
40.60241927967107,11.010741986042689
16.56285114914712,5.773669674732822
24.64301931026617,14.552186986255766
31.794945103163844,5.073926975114716
28.02941410710123,9.800724517052284
16.454670791242894,14.134631696432416
26.599444645737606,17.8932467125374
16.358375132213624,22.171516119771482
21.048815222011243,8.223547789704968
13.503745623562699,4.701181189730866
37.954829201598486,14.813743432937704
13.961466828938219,14.70315821253338
13.974080560647012,8.906878507547205
29.311324787639684,14.19723763806438
16.33404353511972,13.072053324960663
23.208801781102295,14.262031230047516
22.576272897089083,14.350363546265706
29.64958761764491,21.463058830506064
18.2689080467355,27.55995348741119
26.864129057563538,16.181549170817892
22.922306828852005,20.51056151420424
22.06376255836441,22.10374044174135
12.817189738200762,9.023260187755387
37.63634290440519,20.513775797225655
19.145624463212187,12.077254528357336
22.36514843110905,11.37471772533802
21.14337050253869,17.518580370290792
23.082886553447956,19.735489418619377
19.471925672606666,18.102294147442077
9.10222825113487,5.742699967696176
25.034623327095364,21.89015238176519
14.019361414301997,8.484907454707407
29.463072682094374,7.359023827166625
22.65918145466129,7.9108059859466815
20.985533642350113,25.15515994730216
22.7855216219675,17.749736639941624
26.101293899518495,10.822432959610069
31.487369103492924,6.385842787797259
19.454323443651464,14.264822633974031
19.91418914774437,18.103027742368905
18.78467258415278,11.142933155072173
25.00477228500202,15.702647843257141
19.341152881923925,16.91919873738641
26.410892862645053,24.279470919956925
33.771757405915196,-1.5000605611811046
22.934992060434052,20.16020191907871
20.723133172098212,12.859612248942238
32.2768935331873,21.065088210110964
28.857476780959736,17.13139692954775
19.41096366536837,4.389341559361728
10.926287590478546,16.54671470642871
15.978642644338088,21.35715630024209
23.494396403810793,21.52561424034529
23.753853067494173,15.698989817824982
26.634587931383095,18.333280226327492
22.646540411674252,11.184434849328332
33.40690803898772,15.072852893843699
39.468847286653414,17.213941774289452
29.020653284326556,16.735682479629872
16.97581580848563,3.8967224976517905
29.19721308381796,20.20755512008795
37.44992223075747,14.730561146393235
19.738515257923503,12.93453447558212
20.384406523189092,16.142276391773798
31.44821088899924,25.789311714115982
17.320130084799548,19.223079167015037
29.460042131609654,21.443951779140935
19.614254006406057,7.765264439496163
28.62263875811773,14.04392004681863
13.691484693572125,8.3824306486651
18.9675229731212,17.245508992513802
27.888723638969136,18.719778333380297
22.89959753932856,24.915109350583304
16.823987845655303,14.107263969223293
32.23290633215799,24.001379581720762
27.452177847055722,16.603846805267064
32.506245946206555,0.30298064533686286
19.69248124660543,13.079384545808075
26.5921906421709,17.081765499816505
25.56511507872828,-5.365248422435833
23.08366278871394,16.10571145221128
20.850436499437784,12.696960498796305
21.390509461745406,4.399898695003261
24.490812121683778,6.036208656944243
33.79528456799509,23.99495015459429
35.22290584586645,11.232992095687159
23.90208533286645,15.19797816125278
22.206350979859245,16.427748554683724
23.324490962654362,16.580595130604504
27.28353033043899,16.500155134242082
14.25308104283231,-1.3857996230696656
24.09483619138283,-1.2743718471904266
19.45011987385103,15.588946210096946
24.45778981256241,16.02374659961525
26.651946439451784,13.400067605707862
19.105067173343485,19.061668557239496
23.166154826538808,9.818846691090563
26.284871113836964,12.727796085620861
25.762148357173796,12.235939036588817
37.878200044397026,19.34725926205242
15.28188098669361,31.72388780138569
19.234510789262842,9.973874813341979
30.792686373879636,7.2787381925431545
22.200616498174302,15.846961024169737
17.89134055308928,18.246757679786487
31.6510749772894,17.475114165444857
25.952956347238203,17.468513082967945
20.710039848007174,14.380577713170837
21.647422008797623,18.705345875922927
21.202758983863244,10.753827902820094
25.61045635746002,19.60271622603153
27.096851860255185,17.74976038900983
17.972614171371163,16.679465438723454
12.451529471578771,14.907248349853496
24.386777867782467,17.02072850819198
11.692051068004428,29.07060869898617
20.400484802793617,8.701153995706479
24.72702725787929,19.274298442019948
20.352013159129125,18.310459613534384
27.313199635358593,12.647458878312786
26.263772733715907,4.638177060474435
22.432947376428643,21.55677807900405
14.583838269357189,17.601466751092445
22.273878379499305,18.233357418733977
23.39182361537798,14.508990582222284
29.519317300431474,16.743251033733028
26.201050616073566,14.741311345875673
32.47384575986959,31.195641502950757
20.200938540854967,24.83411887082031
22.723098569279568,23.1279965270012
30.94069533145062,13.670669955347275
22.969804973895656,16.042941393332466
21.215498941347946,17.75740932728124
18.552820839972597,26.852801580781517
25.740761715336223,8.983211880662186
23.8616328278859,12.525343383909835
32.774713628214315,-4.210977096543257
24.318585520310066,7.034792326423084
20.965835199393005,9.470150340210463
14.433663579965012,13.53730482162232
22.706280907540524,10.607600239487876
20.29239683313744,9.93473015380626
25.39070484713239,34.944555457808036
16.219385927883895,8.350855821690617
27.72774059769438,19.930886713154038
20.879313226852496,1.2643928237195414
17.099490079466232,23.55009650640929
18.798203336615344,6.9258595257182485
18.401201019709443,16.104946646455087
23.146106201888752,18.909644349467793
20.26239447300664,18.792531275958353
27.783369732279212,14.31225026195498
24.330215133017624,17.22943228031297
18.685112852461998,11.091575948659145
9.778875346538024,7.567830890709402
23.9999353563609,19.050946267118174
16.693040541036527,25.399924826395107
28.39790116863045,11.020756353721353
22.35231663133843,15.301637001771507
11.260224076957748,11.349111293983643
33.54442496167644,17.25648167064443
23.635226436047155,14.631525270046048
27.23116751731867,12.234227805788628
14.593579967456426,22.304030264881582
22.230794962200182,24.900815780709962
30.013160939386484,22.106313334206405
19.501400287549558,24.48865169374109
34.851132803732725,11.351218798253434
22.871629314056438,8.685734783471585
13.896973344902994,17.908572581459413
28.88268466130854,13.656115399976423
11.851762309508521,18.0881734497884
22.697692583399053,11.240494247950952
22.20223310219589,20.24211933134163
24.756408570862423,23.74008565422661
18.861222319739145,12.223227978130542
22.401977918834238,8.289345486026853
23.924501665468302,29.974783191731184
28.199742230880712,23.312544384007275
7.716156817001131,13.620606937553855
13.418536608895486,19.28868607098999
25.025144216166666,28.1088497147001
27.322739210697925,10.764882674466968
24.261783627107,14.651906184862549
20.694763369827015,11.739454643879547
24.607496642867808,15.80539725084687
30.165777286319667,15.4361891859767
7.429950351759832,15.991824005464096
20.366222865170922,11.972378472639125
24.373182804832034,6.246906652384521
27.769192210057977,14.627684694153448
31.64016933925955,1.3979117920410786
27.693903132696693,24.363611627167487
17.134546549951445,9.08111522570425
10.70272354775223,11.131169837117369
22.73046990021834,14.202991216659788
20.649519952426033,13.306483555540204
20.490080888103986,5.2633943031257715
30.093105984280044,20.00179641058613
30.58415940779113,22.16416747967093
29.792512011593743,7.747460931176174
21.30191595128591,17.407649507805374
26.04795046115106,18.4395875584761
26.742534198057797,11.840188707417893
31.66728414122901,13.443197492556944
18.007678524081243,9.156528743373254
26.12036383639035,21.479934683650132
24.980508551529812,8.957691408993536
19.716014897915507,20.540679937080363
21.10038735969254,11.659499795321494
26.98334600237207,11.124717493047228
32.20842196592207,19.41155565827951
35.79363477095581,4.280700445098786
19.852502546120693,25.19804734824771
13.886008230338678,22.6976370863393
15.88403017954423,12.868804816820422
12.549588390224244,16.95459671128745
32.183451740973574,14.907571484515815
23.35116055529043,28.112368788761472
20.703048191107513,10.404883210734646
16.794234508838564,21.938733756668512
31.5398750559215,7.5047850991490295
16.951544017460094,21.895575410297532
21.420886337606476,12.504769154726569
24.319407311551636,13.59857167822962
27.781763593912192,11.421221524163105
22.568061242191753,19.736833375998835
23.872329590412825,16.260452328158607
16.676650482017273,10.053509673796455
5.280095678745184,20.522372361415332
20.173337345582652,12.395316456990209
22.579325556847536,15.625801993041778
10.639417249808092,8.931916186193245
28.439063617425013,18.04823551557135
23.601948996237567,7.348465128906403
12.636259302905877,16.741854441254358
17.3949529783523,23.573335815807468
15.23161147132773,30.202380359628954
21.02883977360036,20.187795313885324
26.094654781733837,19.664097156694996
27.37388873785808,6.727544808752038
14.986858689911847,4.071245310557645
22.463424901947175,22.201186756910452
28.337189235571604,17.36273279032359
26.458603455640322,13.444262834161657
21.52320992927352,21.625298740640183
24.818480739739062,20.37424161793889
22.6630479490323,5.957080822295637
8.349223165108123,13.690540507226011
20.268783772815592,20.97091031413428
9.298457502580217,10.69011587630228
12.607274258522782,13.109769977199006
26.65599463997592,21.229350193088447
20.58891702539806,19.940327430569948
14.667669558336694,18.252998308711057
30.431257692984317,-0.03875077501663249
24.58821772695983,13.952204335986648
14.85634112059557,8.439245071129488
16.587419205826798,16.356831733885038
15.282826628597551,15.087819052939905
13.550076842870078,23.156485602120814
27.275062424846507,17.35932812324752
26.746428760366506,16.080192538051477
25.121475288797996,22.251128136045068
26.607852907068445,29.269474181965233
38.7992339750145,4.044367549503255
22.157495604285213,7.963684265669376
21.94489369222206,13.724361610854919
37.84681491062414,9.895537758161973
18.93283917216485,11.34557714461604
19.8636152314948,17.72532053283082
17.99887662754882,9.46743613811768
31.14455679324505,9.860094079243048
37.060217180111245,19.560318209064754
30.031117040989116,15.318176014306173
43.24505943693027,10.566900079811056
18.830651670054593,22.731340194441618
24.206992904780034,8.275597327173628
14.244285007126246,4.4604361788947475
23.39295889049019,23.229154222725825
31.539550244658372,18.32960054536326
20.242358927272644,3.2256154271113875
20.61885831928099,12.021285975461016
21.532756925511563,21.128192713239415
30.64140999173855,7.3355136840595225
24.564832834342813,20.325160231861716
31.424343948298706,21.074089129523596
15.69992197830612,18.455699871299373
19.893091052887254,10.836584195316096
24.290655784428434,8.870208552926258
26.435166327653295,16.5526063464877
20.913452314664244,18.61646716056867
18.732439686631935,8.088301080321301
28.317644682838083,12.55835664167478
42.97251922093882,10.303190827368493
20.459279315946677,24.135526995423724
26.93567443004188,17.88703117055517
14.702725723929369,10.791343918252323
20.701786886697228,21.772930193129945
23.040462224257315,27.856166695986836
31.24625510680568,3.3523469756577207
22.760486746782817,20.44211080826946
32.087752979293505,13.2253232249678
35.75003108494486,21.23248915219249
31.32561020548626,19.76528183989967
19.57323477586263,21.82486655052569
16.88860743817401,12.407109747439149
22.52458979133325,25.598858832499815
25.488959066287887,17.56279544254611
8.958501438208824,18.523965227282147
31.99266241246824,12.783600941288661
18.059773597358532,15.622896318132929
20.565148306253878,26.60265335278564
24.87233384965578,14.774369463085808
15.924053491514744,12.1812741073311
11.444461158084351,15.973146123011311
22.674700237465746,12.039203838837668
21.90260100463678,14.463238105120986
27.334984246090528,19.12763540255568
16.969641632117792,15.944964932289082
22.627270676039867,30.455121706896833
30.595666880307316,17.838754807359205
20.45833405456793,14.16840518489297
17.74756450933223,24.060331295477226
29.877820732500986,11.711497014232393
19.389035638628435,14.037750757434216
31.175242040338475,21.06230881924248
23.274100219852187,15.428613188262492
19.373971305364577,8.925239360869345
22.95381845506443,16.043697601042876
22.628414154723995,14.839145527432265
19.21819972702578,29.73045597091133
20.845364244923182,18.853038741220477
21.537825674121642,19.93442964963896
22.848218270667278,25.842963456039598
20.361144174672432,19.49076745649857
32.15079362907164,5.930920307846369
39.11147023136189,7.8767156491463055
15.303068377302498,12.972783627154357
30.370836051029535,5.169080974682599
16.644131335906476,14.674297117435858
16.45577106840252,21.184587556223867
26.689832326077894,19.204461628077354
28.03122267067157,19.09178173936101
24.403067360179936,2.9059460675397304
18.00150705598993,15.242899747494128
20.276032525689608,13.126410489321136
23.42339051023195,-0.5260273059246412
17.74962020966245,12.754014309304088
24.39781923434496,13.438492844252323
26.419565311731247,14.017054002315259
21.291276634197576,19.249818141591135
21.797494751794563,18.863231404094485
29.012707046745334,4.32793339775548
20.011713480523156,25.421235619130695
33.32182919295831,16.17275175423498
20.990175499481374,12.366957124982312
23.714458787568486,18.11662256032081
25.960504871851846,8.838196156906552
22.174949112089674,12.464275206915424
20.872350659077675,3.8583784368534886
23.73803477168853,13.856214983292169
23.613428843828412,3.8653778959717044
22.656897426814503,21.45051721779839
19.387245258142364,15.87652063492109
16.088034630237903,20.219265628482894
18.403363415355305,10.267828135224635
38.22847586263345,17.188400826121327
23.514259992377124,0.4464452349459087
27.979209243462556,11.176129652409566
30.082036713892577,18.667433737502364
14.642020234558066,14.010525979801645
22.713786919472355,10.358274427572617
35.12514028902715,20.00562278398914
24.466752391907175,32.63856136297919
13.30075734047787,15.224359740059105
29.80884145412065,18.572805473406092
33.91113713194078,16.82546200506146
27.34861643363358,8.395769131709983
20.742986857548125,15.84081100525407
28.762034657832643,4.789598343342243
33.058823268465964,14.435367950558204
24.218381425801,14.279834672249848
24.40477137195977,13.71151573955341
20.55490453716698,20.12632105649549
20.036850285622286,11.207689765422176
36.076413999747615,13.176626708194918
21.717055759568943,10.621316245293738
19.725722192760387,11.489153569395649
31.23163318312271,13.986713733471696
31.54800530415199,17.657894919115204
32.255655416316664,7.170732342779813
26.835846876141456,18.510525149676468
17.799793056333847,9.91839064941215
27.233150821681786,16.73869917762371
27.498846943029392,11.490054975310333
27.591032420217196,-1.341767932588656
20.553173082008957,15.28726490062758
26.46286045640833,19.29493207747213
16.739319329825786,23.38963919626396
33.03679475531173,4.497563884678955
32.98217752492224,4.118668052011207
15.118902456219876,16.833446750753335
29.13520012741393,13.697155177309206
20.040048672717656,19.024786495310675
30.121800712146907,1.6509825749176414
27.086188656831755,13.38627972441139
27.562535858686022,16.691686289433463
28.178703549318335,15.43681565268364
36.86925876690125,21.568369881681
27.686517769225098,13.169744680300928
18.539168164065288,14.650125856924834
20.277324711472954,28.296129699272775
27.397857812381407,1.0993426610614048
29.36914473038765,13.008445694382967
19.25527374224775,0.38195537303126237
19.98298540571988,30.437612476807676
24.374832163194892,25.217075183712932
26.82805313346816,10.402831545208764
35.423031364966114,12.962454873281228
21.83134124961095,13.718150821727281
20.814205275694484,8.249720583648283
34.34656881686176,16.915532135712805
18.19885186562142,17.874489749136934
23.827608812716544,12.649396779087459
28.89436056073102,24.840345533739928
29.16303810922083,18.34295283789641
19.826983000650287,21.560164790673678
20.841395229391686,28.704950265405778
20.133882746992075,22.268342089545513
14.57242211245639,29.695341289642315
28.120776169902765,15.344890438185619
26.113612117878336,22.61120473454895
23.700555552902358,30.13283375453413
33.986582056958966,27.12363110056082
32.5465212841972,11.018377134405196
31.629344922576035,13.83229417246559
27.16559564379758,13.103948985207262
33.062959254709234,21.979534198117335
17.303716531860317,22.02512642021372
12.861945834243711,12.495006205310066
20.58480443061151,18.05462439444145
29.20328530398016,12.11279362511436
33.127468202888444,5.6877482787485025
21.857856429236218,22.430558406177152
22.514270437434003,15.6438275029211
13.447691587749997,26.789678874859074
30.40364466449421,15.356838565977311
25.937362512672014,16.152657387617452
27.641371447855317,10.719351538856651
30.029348080006454,13.779705994783189
18.619250801370683,13.49745409494009
18.611816890247347,24.67275625186251
16.48897136380293,9.387821453123216
28.764610822626288,15.463029357424684
20.836397707214886,14.553174783203511
14.916856100594442,5.898059348535567
16.363494399967273,9.007198653918179
17.380120188892967,13.053154201236062
25.438112020366145,12.470161290161125
29.485410538430536,25.709279789193378
40.857226115789274,13.031095388373416
21.288240493679233,16.16899293063003
24.686232899300965,23.709786642993897
28.7555485426905,17.502061126821594
16.8792673477839,29.31385972885579
40.18982431682659,11.720132903027247
26.84933503470276,6.953342202052205
19.4158180575926,14.739588878218834
26.799669750619152,9.78868607508381
20.705268720847116,5.321841090107716
19.736102137701366,9.486363230166127
30.140523966293113,17.404126640635038
28.18625719113143,13.983905358237898
32.84679631783327,14.491883384174328
28.590466233314316,17.033667170100323
33.08149202667262,17.329791034423558
13.657372814386168,2.088011108296927
31.099712879347102,27.327087793505015
21.70231950197893,26.38599034172737
22.221375807036274,19.44390950596117
20.650437240137958,13.51011468997438
18.512715160516162,7.148117476911988
23.191948074225085,2.694430421322812
29.519306893933383,21.512323504871357
27.932293739485708,10.21019550087125
31.703356867617693,16.465937680236365
34.902782019484604,0.5399259920562862
23.344553847267985,19.75345529949013
34.12862918846111,14.61901903036951
26.6860751063382,12.881638791603653
29.39422708728277,13.27880061480533
27.59994916295533,2.4584043091425
24.37568970507082,1.6337373286043082
27.01522377210724,25.20518090836793
24.03076933876132,22.986822181192508
25.33129095083937,9.40050939135901
22.646355300577717,4.792941033871152
14.441062733222106,20.628825637355845
29.752298061876274,15.101223831255103
21.05557155210366,21.6921949462641
27.278593493398326,10.110871815782772
15.274639946138949,20.57002417246468
22.256055626400514,8.009279409152393
15.663166217436519,23.07261380278138
24.084161783902708,10.101861497575083
19.4016672793682,34.24000950368517
31.215544678021132,19.480531116600822
22.023572877061227,18.002842516575928
25.540517226150396,7.997773602851339
21.678890627987474,11.683177843420987
25.254602804341356,20.4360593833914
34.21314174437198,5.094661212044809
31.438501803230324,13.266122411404751
28.241328283386927,11.868570625998915
17.954089258791402,7.570180780123718
37.56829621742553,15.967578843357243
30.89614811509231,8.125182190772716
28.587067860185808,13.678262896842222
13.960151792508094,11.742528654289597
23.044839302778076,9.067639340102744
17.21089822414676,21.18759583560283
21.61075989863614,14.647555408531089
30.50329700621574,5.715947368966212
24.803130939996542,21.23112839688271
25.285929740025022,20.059377586888047
25.037016289080356,12.779236588865356
22.21660677379195,8.75612958390255
25.89330257095559,7.518442248045072
38.16985072294684,3.373550906409548
21.344081396997385,7.789943736383705
16.538932013477982,10.931782347283399
26.22692420215382,14.486206964170002
21.466113015799408,11.861486476816044
31.04324023758986,17.183500865142516
16.084805074289022,14.349809657166125
29.317317567867192,16.909522304483417
24.22878451393787,13.680949903785587
23.790825853855978,13.152046604502017
25.642919995822936,15.131148221635632
22.77908345938349,19.826364290038846
19.101538816161725,17.946176371149704
31.123516824500243,11.07049377534295
17.689990190986947,21.01416440606012
16.420770444364166,9.642482172376596
29.895670200817978,13.518371322115494
32.40075770264101,9.315168972494384
24.584320485864446,18.125629640430446
27.436701990583554,10.648156021571744
24.05901452751605,12.888242469043636
32.21126993599586,18.017534180820856
23.084237590495132,17.343376783011898
21.40452858407665,10.616189157525735
27.218069399097896,9.196343211882677
24.866597215393323,18.657676817653197
28.31887597661953,5.363845751322531
17.965022419869584,8.193888122091215
30.616729764724187,21.81881793660337
26.288003172407706,20.09222504452091
17.57018417820144,12.704380724854172
12.023572215112157,14.253964808208623
19.0102431497347,1.3370936283324575
18.09690322202409,19.209972390581935
25.245704524786873,22.054730111076527
27.1232301720402,16.92147834125003
30.384407024124897,4.285921526801452
28.898821047117405,-1.7275774149804874
31.762957726033612,10.696937021812442
19.16959616137519,16.247681745761312
23.955408656812473,27.7717501017926
24.3941548977367,11.75264790296894
13.127570038835316,27.930127890803757
25.369600624423622,27.06024410094365
9.543092569024656,20.588995182919106
40.529714620714586,8.776040606868975
23.41554593709615,16.773443345674725
19.417192982719172,11.530135033496652
24.350724375004486,9.848584153261653
25.68247630421003,14.681289947914555
24.22181939654781,9.210136519066038
24.03858650921713,22.157158897653446
21.188207825731393,25.480576619903374
9.146774666442736,13.89347592625196
23.642556509465642,9.154423487785923
13.239866690947528,14.875282127453865
21.80732922141957,16.05752474879999
20.55051369839265,14.932597808210508
32.08786903892639,-3.6594968221934643
20.04482020623032,19.594675530395566
23.759918444213117,26.549141871399268
14.974205847076032,13.418505836567464
16.172110359630853,7.389260177136744
26.208468593995608,2.227047100942121
44.794457095831206,20.041070109134065
31.060875060754864,11.442904378114173
26.347772031779094,7.553056683061244
25.639728108361712,14.183704360335124
25.83008800823192,16.621138681373132
28.771876142365166,18.67345041325365
18.821450698384727,11.954980713448133
19.66417450784124,17.840082983874527
25.317130871048693,13.864399202503991
38.292107959269046,19.0197510912783
31.16384089955178,11.97708746983466
27.55936863316006,17.0620541015714
31.48139005992077,11.16001611911842
28.957747419363624,12.064210179977502
15.831371006125607,11.725918984238223
22.5078175812807,19.95878422018857
21.347974043976524,20.561064067574407
25.149722783819485,10.764729266650058
15.30889709428388,16.560479798645275
25.133892489413096,29.516403105084386
18.21132684252633,7.634996630311335
31.20003774195893,5.958987344028142
19.937504965665564,18.77498004574633
23.981448877794517,14.257406983636072
29.85741273452558,8.546246962146277
18.471730937371326,22.61430926458975
19.71943577973692,11.230099641148342
35.29965861326284,13.312949031533979
20.61486073361133,13.420291048511878
26.654095370262112,15.248356669274207
20.369781707490205,16.807828771455135
17.05570351339886,22.997425019317742
8.72738875830136,-3.14170385872659
11.354323792247767,1.9017055320927163
31.478068112926206,23.15404642022529
25.023052228459388,12.936291171367388
26.0337302106067,29.10467031269711
26.40850944638573,7.986599750543046
6.59565769749555,18.788714616193225
19.25674463363712,3.3333333496621727
29.019364851801356,25.331556026233194
27.97153435226911,25.769998679852964
17.610021840684432,16.869654857059103
19.59501483396267,6.03122869699555
23.319845810088456,14.951740087862973
14.767363759591879,16.635291215112296
22.75536202842327,12.207695684368407
18.286282054283234,13.781229534416909
20.334245981106637,22.219287867070022
23.853127116867824,20.568462560843553
24.717272020330178,25.04592777788734
21.56342038257544,1.5679645130639521
30.526145764642024,19.80898541573272
27.363540984773678,20.389871904652075
29.16259608624336,21.982442489023793
22.620876519003392,18.569881995512855
13.16481580129672,23.96331546592341
24.91907018801178,23.083265514337633
26.70991642973643,28.59009013591595
19.36193687276105,19.10884080140419
24.685034394002866,19.653471208786122
21.676132568413003,7.892330409328493
25.813614372778844,13.15488070938961
29.60513632525961,14.174614161509314
23.401441305008973,17.93933727510167
37.832680950780144,24.31702638372155
29.40442244068235,9.552549068480978
19.940953777081596,13.641127276738914
25.81333212975101,15.563925878592277
38.610573561885936,10.60614252230542
16.99637954062228,22.306407967727765
24.15474142871569,9.911797111535261
29.63893510675792,18.56452274496548
29.6149203063455,11.719787036078303
20.082864844688793,9.981489397646149
41.78573020390368,20.986404848701294
20.367225327060233,7.570573121337346
14.130929418467273,20.544909918075184
22.978295980574245,16.838280782177748
21.67834237945629,14.365475573484739
20.169235373050622,11.21974984343832
33.361466410670886,18.31771558302757
20.141650429315213,24.65454327710119
36.53649407464922,25.77635712313451
23.64731756488994,16.502163279908764
20.598083191633993,16.163244446457696
18.617900841268003,25.088395537680384
13.331701870658124,8.485662116460055
12.885149299102492,5.245562068889685
16.36831197742074,16.78560000838467
28.138416628938998,21.267331205354438
30.96160819622635,12.320167968943121
15.299765164039163,16.323620965984247
33.31232981509937,13.797661058988249
14.415137765839196,14.197465120638544
23.66419324945343,20.452382158699546
30.15914230594411,18.347780295609507
23.918721533942552,19.95314015424875
29.932484833725823,21.006814090732092
23.750392135655666,12.187604987882725
20.911613637345095,5.781545150969727
20.13261567431511,12.407985279132983
24.525189016559178,23.796440706577975
21.738906112154403,18.351580611461717
19.104174359159423,6.778146357060304
28.84081065021453,13.954310245593092
22.984269609103134,8.789110997012607
24.802767916898432,12.446067808742859
30.73856998597404,16.29336013241019
7.838629591291898,16.805052228901015
18.767353122444227,16.067943086400426
30.460364467427866,6.8499160649800075
16.035965708377603,11.64454007236093
34.34549563061921,15.102125614486047
16.801263009369027,3.210927113364413
16.688847096212,26.32371695622202
31.007165173281688,16.80652311373653
29.317564951522165,17.587138382193295
23.82093217864591,1.9644363494109864
14.118665071173538,9.334750734679634
27.391891571338007,3.0481244641596668
35.14886263144202,11.89846469735523
34.846016668836434,0.8283613462540504
24.35536644009815,9.215926071571122
22.233210115274268,6.594937590438141
26.481747485742368,26.325152188335494
6.344307508586223,13.345452967792394
26.285411142976056,13.689562902552696
32.794057006915914,17.17468515499138
25.170032044199434,19.658331938741867
23.06636281009257,21.2076436851831
32.557523865812215,23.63924801149122
25.51253066278137,10.902628812588453
28.910748628559492,15.317644549518793
34.83527510283727,21.196330397000597
16.89996516853899,25.281168668969578
29.547404549099802,8.713976981598593
14.794325486680757,10.500106859939425
15.812131226569292,10.161930532904435
22.8837465814845,12.030982608150719
21.345065593899676,6.432166303028877
21.730496826352397,19.633353325690372
23.04165545674357,17.42335686441604
21.085296732712145,27.55611767849379
23.63458645427411,20.47602981031044
22.73405418130821,13.0914229123791
18.773879946906767,17.160137674479966
23.35586710026261,11.843888149004158
25.99149728351242,12.81585804317347
22.470357195242997,2.8194119360439753
9.323745531102428,18.408938255745024
16.91530648462056,18.886001779575565
14.02727443822057,13.796045669533274
15.593595703894142,5.6045391437143675
18.475682821776633,18.022652830241263
23.037620818808403,16.572962864197965
24.574888378272203,10.146627929424504
40.13212065446327,27.999114908923655
31.43196301655931,20.197188059349646
16.43525370335118,14.376654077739262
22.661024819643355,10.617011771429775
14.659746006323527,22.57694575033762
16.62010979461779,15.417256730263771
24.42236739736292,28.074495903629582
15.942264518340242,15.085625812237948
17.72874157534787,19.626360528003936
21.232620322529087,26.2053428073123
13.702429153303926,24.509068993721517
32.14811252032426,7.33615783720267
15.097527500287736,9.514965290286785
25.10129715446169,8.066834816280318
24.166861801183018,12.294891340370008
12.081307666834245,20.16764442279912
24.673617993276217,21.270755001010187
20.54334420599762,15.696622970464858
25.061045940656594,32.40522501188369
26.713437928838538,25.30610050718296
23.282800924820005,7.817437938845414
7.993747155164964,20.77560650632515
12.85857968735434,13.904293798873383
27.798792401057334,20.76388802010048
24.287065904422736,32.1605941713789
38.74398198068357,0.5920063662329547
27.362823419502966,12.628999944436995
32.50583088683731,23.689777072464523
18.9012822499078,17.16619739851291
40.65063534611534,10.265259905145651
21.572165468077618,20.78733854265476
16.521965816042773,19.096022648719885
19.891886745180635,16.411129466396254
27.14111630668941,19.6626933943258
31.787131049297898,5.945483731678253
14.580586245151162,16.709225736495153
27.03724076749418,13.662228160041193
17.736089748393017,19.047150275335067
24.091313559225355,23.13833731084469
29.915574037216803,23.903012540609737
14.122392168662415,12.797520620946273
21.58692532051411,22.1199982581727
29.4594656451848,13.157486541888074
28.949139097800142,22.76968313321131
26.079050238246143,8.89451004601584
11.486682356771375,21.83624063381972
26.763291788493063,21.14232666616217
15.36263405164569,13.038397689946395
19.424553027667983,6.981182152704095
17.320105290966055,15.597013974599712
20.98710631098172,10.368015647327153
21.270790522850962,18.74661793111578
31.194093625710615,20.99251069886892
23.538098671110983,26.58299014003841
37.608553791218064,12.30263193751787
27.866810597217025,21.878807339633592
22.335708441216028,13.165477702595899
12.646346127093448,12.928376288440191
26.66900436227387,15.074702843365985
12.95203327702263,8.201785698405935
31.85358851229853,8.36810046974339
28.688162814366976,24.32031104559863
29.397867342082336,18.393329039782643
22.864426329429403,28.087437348772013
29.42811832349088,22.857704401775912
11.943999782703695,15.68671735343003
47.51032837527642,24.422263614190648
26.355587974682997,6.512080650587453
23.861412239560494,9.670184323536416
35.22202285099778,17.42098665183499
27.40310885901557,18.11770396438456
25.442091461174492,3.35287750731675
26.468091691661122,1.4123236708937394
29.21231952293663,12.00704386756011
29.19852545208036,5.557526679341789
22.79585941099976,23.364662052905643
19.19083191417203,27.33820529015214
11.751920721376148,3.7896421777125635
21.488879735328833,16.90155844431854
17.043019486109817,20.01974909245262
16.914923306978082,21.314746376005488
20.32310725278732,19.9306350017246
15.985926680024358,10.105442898276717
8.223321693955652,15.13437418481577
10.487624308397747,12.633957289592074
16.564220049576658,12.636704342907358
38.64829519498682,12.086161158307663
26.931799280921904,16.085034053029542
24.232364188829198,17.16943291880233
14.078990593043034,-4.072417014899067
14.203584581917985,21.806132623324952
21.738919530927948,12.643506952802978
25.05663068056968,9.044048501504626
30.2472857503515,4.523776403495793
23.490551552785405,12.329288279603725
21.234919490687208,11.05868390021924
24.37158180067424,14.466181921744695
27.317018691180834,30.303190148407793
29.31305940905588,5.740045023332872
24.811621320719762,21.395039352420987
33.470871096943085,6.517684447016968
40.856980143316015,26.51728205315865
25.766641175895202,21.92044781727871
15.41966861515957,20.24576675852608
23.82422333292056,16.826458508684404
38.52954528845933,26.551430989375387
23.467884811080516,10.412155764434134
1.3100049998414178,19.29293954043923
12.277064706721251,10.035966622452191
20.900768879854734,13.77719547774692
27.844169406427767,-1.6914733732288987
12.619687145220624,6.039629353048053
7.987176164759084,34.07698877069873
10.93530026356609,13.745325337457857
15.376011177773062,20.359167865304798
20.147470597160655,20.777727972569714
8.532986673067482,14.864628652626557
27.249760611444525,15.391570427179342
26.036307829864697,14.10293575744062
30.716741925351133,28.830130663329847
9.953394064825206,23.769587241597677
19.29874555683198,10.00221905519702
20.097888503711104,6.353771706339286
27.580022934047108,13.222342626416275
26.175212201923028,12.180777938564656
18.305549817216743,4.400098178700777
22.304571611405265,21.882753012635423
16.19312833447667,6.107332198923064
23.61837210195559,17.079572470807346
29.132353633250684,20.110564392374027
31.816451014649633,6.685427335813559
29.60977067698646,14.585797696009301
35.66230217541499,17.25531976280476
18.11837816594787,26.60985273519502
20.157128902563983,13.990178500235775
14.678299987541445,14.630861212359537
20.696442727419857,21.6684819382645
34.34828257863067,13.414686879859602
42.174464384955215,22.37983853830141
22.034672894846114,19.78750636111047
25.293285197339905,29.76076134080827
32.01407858766365,15.90932909620743
22.762431718170205,19.94236871201272
24.35777897707011,11.551614775113698
20.87149844928161,10.97551642367273
23.076922986792248,6.596552978549974
29.181111345481934,22.262729777103484
26.71102847973554,16.57959054393723
28.29468523782159,11.80465412725991
15.075065936756197,7.641454934068588
17.919228361587372,21.99174876194156
22.277472761877917,8.801021941306125
19.973921578659592,18.98500478296681
16.282685864557465,14.937669754864078
32.6530421930268,17.32330258368756
19.8764871791701,8.726554903336591
17.729271200750166,9.671847654798002
26.44054460130449,16.046277716421315
15.118213817157175,13.889391876157447
10.24567163962882,12.826802353463068
18.39689354710357,17.070747161610406
26.951870246581223,19.483296171650046
27.29880455383096,17.15984338462958
29.611620094443108,11.105463030355338
25.488820365832463,17.968846055025512
19.967488746728808,15.493714517211338
31.167486354595816,23.07457866268145
11.840083402692942,16.22493015529662
24.301741535637262,-3.1883040301753773
30.380550000586037,9.52381654265869
20.36951693539755,3.9526517795913563
29.660751235384623,16.65500896137672
33.88680185109838,20.99180069240231
18.736216551903606,17.67727377225157
32.67769512434748,17.23321190819851
33.499798047341216,27.67968399573773
22.851115507422794,14.80699691093199
12.358566839447187,22.558229856683795
25.78386302804003,9.106988265744608
24.395115973413866,23.92337774710264
20.946228242704795,9.628725717048301
20.599897511428594,12.200075187624897
22.000019841173582,19.410771046995738
30.25335928772534,15.200072009300431
25.412643191645756,21.160626965503404
19.099490013191925,11.393862367965756
8.951757660598238,18.021167455861967
17.16238935560341,17.750750628443242
23.02028226296588,16.091100928758625
13.264919912408798,21.35699873308931
31.551636716561674,22.69434685594302
26.26473816666845,9.426069708451276
29.564795604859494,22.725794438336777
33.60440234671032,16.476020119730997
33.91496008537175,13.821191602265698
15.012639712459745,8.031375469782418
17.528626321803653,12.83530602669029
10.514404192960482,23.16908751993669
25.340287212461998,31.952230575534074
25.05941395484277,18.66051316199596
24.334912225381245,13.1101171056849
35.75360393532176,19.973997579390755
22.634632371451048,11.671927301086804
19.929356281055227,0.2227870928552207
17.070415513840533,17.546062416063613
29.677609536473565,3.5946422959251016
19.97259657242169,16.894341092980326
8.479903001470301,11.736424856679037
19.327391074442275,6.836990137896416
19.788565996643808,10.799296842003027
28.592042801622085,18.340534583946372
18.298018149395325,18.933110273304784
13.813731899607074,11.383445680192644
26.883854039081463,16.46318780708447
31.373230302476028,3.418497718676937
29.276635204671138,0.26989968702442013
19.28071382786902,15.018669350147809
18.623636726697725,12.444161813462209
26.550981953462173,17.833898708844448
29.226232545898508,21.12330360811419
23.160670158695563,9.024053726076056
13.923399194579142,6.3008643637035835
30.34130744844194,20.198142679830916
28.863757274405703,23.352331713568248
24.04184401801665,16.206550466137344
32.0547354209824,17.810005832562354
15.509550151821188,21.55484191310283
24.508539626473045,18.05732829232297
23.648574976126863,13.141595370331796
19.39198086936631,9.109239793658709
30.946273380078317,24.153959309327718
15.215534721072016,8.023919502073383
21.006863773783902,6.230419120591838
26.97690360281775,8.807919518158556
24.390478572315317,27.583867345503524
30.507404472393425,1.2781628645790608
23.068008656205322,17.64369146814008
19.577409970608798,3.1380732103022044
14.213469608273188,18.711256731261994
19.156637367481956,25.165234140206067
24.479951838016838,34.714189915093435
20.86589657169189,10.42565767155412
13.82566981058425,27.38424615103574
17.912011707139587,11.438536141634874
22.550118199341373,13.019151241686918
28.848567901610398,14.386125418929295
27.135168360769583,14.491125229781872
34.553786005119534,21.182383357613556
39.64431156584856,18.164776516920583
14.970502781002581,13.413562616822258
22.315925325128454,14.67232762260322
21.155135070326967,9.764312608214848
15.584693546943793,26.10572521329899
15.960054937654066,1.4332587861725408
23.002998425421907,14.807105330520525
26.325608051623863,20.27932799597317
27.173357682913743,19.165049362170517
11.265562807913316,26.50771024719628
28.7154214188698,16.55237333461888
31.647724328711234,10.72349053452048
14.61484870365775,23.414071167135805
24.30957572345331,14.423625791079333
26.293562289165333,15.25252148253647
26.234344149638872,17.87257290836114
28.0754625626437,7.971398874226413
15.518742273840596,20.53177917571023
31.152821238466963,17.573588944716015
14.988949417724864,22.529697703196057
27.724741837823096,7.480596822897284
18.648868376435363,15.535693807229915
25.102578984136617,14.192928512135486
26.750766470600087,26.162150873150168
31.226232379640134,18.071935388042668
28.552569978135406,6.802265568013455
24.285055159290465,18.34915498465112
24.227415262817033,14.31730991950495
25.05838532622668,26.340534742038685
22.974919657767046,12.811114966116751
23.253234835896368,21.220052675452408
19.312685353810632,16.024984935546552
34.47900132149155,26.147419394498694
19.93975089938358,17.754312351933656
11.952837694781186,20.681373870566286
35.188312381431594,13.75693766828942
34.668496982694144,14.704630461961017
23.57913959082332,19.014053263546586
28.31827593235833,10.139138685566298
25.861612697434037,17.105360739901176
15.917533192526491,16.473040715934182
24.924838505041375,16.093636675581852
21.45400911412008,20.415841629451336
30.917260533575643,16.10767895767088
22.72090837001886,12.082416919898085
24.210055557591105,24.243963347305524
23.477211896024667,11.495123960001608
16.78255775176372,21.007928044723364
14.021718327787902,6.7662930523
21.436962003060145,15.239238297792147
30.346034199429717,19.106836618769172
17.855674933001225,19.679383364228695
19.757355252095962,15.840097691500697
37.910541608491826,32.06086012201442
17.939682800676035,6.299738102178198
22.774667884362643,1.7363508452969096
28.49018009867884,24.84915470008361
37.16508278226477,8.009104440871031
18.291373876296422,3.8552054845676906
13.702056133600577,11.27911609665261
29.622379667642274,14.439818036221903
18.104686047559976,14.990463188363542
4.895764926591028,26.269639511781794
28.00042165029917,14.674954132882494
24.245327352463946,23.175735072749404
24.324105596469142,2.287880307175172
11.824172710670966,10.080539764653015
35.84763620244768,10.019265600145932
18.97898179598885,14.075105698689105
22.378918203708363,23.133437275093073
27.1788769299154,10.438447562999905
23.254375884774646,19.251060739217873
14.668123847890515,18.526078188051752
10.889222013304412,11.210873874116198
25.325100296768355,7.179671230382171
26.692265975985336,4.690871016905506
8.553697789895049,21.28854053376912
21.039213200597167,7.801493525135737
27.94464309236275,22.113512010379715
25.133977838108574,11.695137538093014
25.962770968542394,12.358449267191718
28.144814215105903,29.61274602798502
26.06935129181823,22.871803172132893
25.939603681937847,6.9871825995558225
22.772915084457956,17.718104938858573
24.628682284615632,25.82884581015193
21.49606707688327,19.75121200034308
9.236557462332422,21.980628286262487
35.34714912135823,10.016498737505337
23.874410856492364,22.69627872996551
21.877256603813198,2.3300707458967587
31.709238150532258,7.825735094903445
26.41433213712329,17.122488009409793
29.101270815514184,15.712349417610982
17.720878068781474,6.244915011356531
24.98641812922846,8.73372804209998
22.908425993993326,0.7737712377920456
30.406626901866886,9.908678438863745
22.791471444541656,7.54013334885383
13.818509379513683,13.996768134613221
27.836530431075055,11.789513630548685
30.461900677337884,21.295792690660132
16.993048019329493,9.493181073945475
13.391872718994422,13.917615973514735
19.25100937889777,9.340930322242016
27.282840462855003,17.096627994138228
25.874706085189594,21.888731440262035
30.492403501840606,10.699171649716511
21.006047585367064,22.525552823840744
25.093626151383198,13.888595095562174
17.62458385765165,11.096439842686163
22.990910660462195,10.23680539617044
25.038391077311708,17.60896957072844
20.26219433274869,18.977171211064018
35.59296285070813,7.094755153077215
30.182151581264662,12.798791372722592
17.85327390888611,14.263756295406072
29.127110995004173,13.18371436536345
13.945236632925516,13.37846745133717
22.906242857582523,10.817025008851132
9.139199392724267,9.467763765442857
21.54832806967316,23.300463203152802
27.040265730070146,20.90772060963149
17.754902665254598,14.539300736011107
24.078831784683537,28.68853887747435
19.612263438779447,14.797443521054278
31.797107217901658,5.489565911030075
29.351610596408882,13.814267842237157
13.746690945041788,-0.14310636750569827
25.980827179665294,4.4186240117638445
27.81428198892059,20.12907266560032
16.523161279756966,13.958113675649827
29.96290306384011,18.087207718325313
25.77396080107452,15.517461671496982
28.684014926540492,27.398458598325284
16.808254479896917,4.004151301160954
38.06536733304978,25.02610592007136
18.22547789614406,8.812549421262798
19.866375398182058,21.63207794026963
20.524639566395162,12.238019001345076
24.263533909185544,23.11051825756377
18.415659256564894,13.823790271776085
30.676400033643652,15.97366847084447
24.534650649765176,17.514102779749503
32.64507127405538,23.313717558123415
17.87338112593832,23.274058625475675
19.828244398030474,22.12704728433248
30.69237653040373,8.136380741268333
31.12818226275408,19.950925423510785
39.64278515430239,8.629705170537113
39.026740660099975,16.926450474162227
39.6275181568289,13.341053779916273
21.251416400114714,7.0722551570734975
29.404717022769304,19.1845893144798
28.45019833234766,12.986376907912893
16.745280399596577,18.82322333242182
28.141189127762797,24.83231505146616
22.30114973324191,22.755966685258468
24.294351292337087,3.7923515063029516
30.609102355601525,8.771788339133021
20.836099984419103,12.903134822847113
21.853098264477318,20.152131323374558
32.718844179373136,5.53173938795347
20.01442553289987,19.62248183116077
42.470916611642615,19.180650675233355
21.248560970569315,20.444405368896092
18.35311014334671,15.464567673476054
41.60143404789922,23.574258748366553
21.554340756147226,15.940775658185606
26.248329237193893,10.11789492855231
21.848964965422574,14.757460679837473
21.575082388822054,13.273198915584343
9.082665202413938,7.372036777367449
23.05352741760899,10.750690347782541
20.82980918543865,16.001613018990703
24.860918099717743,9.530045362520864
28.42691510138544,9.974321745028384
24.536267050024264,17.92715247979912
30.97073700107796,9.853414461836678
32.43179347520096,27.148477026304867
18.311627227282266,3.5786991553960092
21.439740866780323,19.034696281034837
18.68159690484814,14.047178924151408
25.93536086082488,13.997905965691539
29.56253511555169,17.337566501454642
7.791917037257917,6.157698082959609
29.997911998482593,19.991519700350587
30.486094101380093,12.893414897461327
21.622833273473695,10.067275384465606
31.011296910821997,8.915241166735774
13.72748767942741,6.082572841395503
27.39387680296172,11.230122706186087
15.856395799595486,15.69257978156383
26.316657601914955,26.518661523399466
17.992863285063578,9.665222136841171
10.629629282219092,14.605558446436184
17.558733105283064,22.514245230634884
24.539460115178453,17.583725868278954
29.047195078291068,16.136930452224732
35.08768549548094,25.43106290862971
21.824768988173872,31.711082491836123
22.814564001597706,15.333162421338935
15.565404085728542,21.6364625373184
26.328654748380725,24.241482004772518
14.291949780110913,20.755936090841622
17.863872694383723,23.948035469931543
16.42741186471124,11.795201319423613
7.392762615266928,23.701409381493992
23.64342290977804,13.224496901361354
16.961916260243786,27.094866270008865
27.522002209982073,24.268559423208327
29.675594495321352,9.020115183774255
22.6432785388187,14.674875911561127
20.282970062014332,2.3269866406729225
18.395216803061334,15.988804602216966
32.34040688217489,0.7035025744894448
25.571079994147958,2.680027088861099
26.64335849595468,16.194609315088336
33.85599848912413,8.50264021645868
18.84295312948064,6.609379225647098
25.425813379348792,23.037474429203424
19.82458362354655,-2.0817119101124852
31.3128151943932,11.719615606249846
32.077682652278334,17.180808145137185
31.959352216388844,12.15523046888838
29.975684952189784,11.640045967718244
16.593037658014435,24.07399416296892
13.689528446207461,35.742338019902846
18.287263638638436,20.85008423345501
36.02648538966048,13.201314079921632
18.77745365559053,20.518456620402674
20.714749338706486,1.7871202861991637
26.49204711311872,16.290497164353802
21.96131963203517,14.461158967695575
19.15989848017374,11.842241039181957
22.079574074197815,24.09572495486853
22.5667951944612,10.347938735795793
26.475226204908893,11.872669340952681
26.57797130062493,9.485465774424732
24.117321118126114,11.495194389649935
24.290960503474444,21.968359582589834
36.62110684039688,19.687055073528576
13.201230802212136,0.7841089376636816
24.94950854309555,25.931983408013043
16.50019079064327,16.8955945770693
25.444129679962604,8.266587654277284
17.041947693020482,16.530376279295687
24.286268013854034,7.641583080282795
31.783216937146367,8.974251479853223
35.68885794445322,27.063613089634714
19.843772617304438,14.308988030907114
23.11227091379571,13.691191332273076
24.584387319054603,16.08215242826946
29.38569594985631,6.7242602909729605
23.365065036934713,2.79080456766466
14.87584356633555,7.764026787456637
11.170837964523663,22.823269266218578
31.4002021385974,13.196444330237686
18.734038614617617,21.669286986908098
32.81818883249419,19.8220445105309
31.238032824863254,23.945063001078548
23.296588192604492,17.139364812835083
24.893495252010702,12.828272445171905
16.22571162825309,10.17582519893241
16.719054558230795,8.898543432909896
29.658731251310343,20.877603463603258
15.14664879364577,27.446514099462497
22.941672014423535,13.22299752277075
22.789177643644123,7.825440862167186
31.541571467198946,22.725920489469356
14.392939368337828,21.09770199222259
25.77886140089566,19.06288623243916
25.960301192663692,26.234163733564564
17.92776400785666,14.399607939064945
22.147377983452657,17.872016556591316
28.11101326080049,27.02603797783981
24.121647918630785,16.45826858793262
28.64362551721654,5.041919042384201
18.689455385122592,9.709478715698094
20.275538972449144,13.596184315735723
19.107328408858745,4.416243652028545
22.221282687811144,31.743623472580556
22.201391461706567,17.803467148533777
40.71190253255813,17.32173480444041
26.18160138973341,3.3955988026357176
24.568581944546633,25.658160971897843
24.14654376616882,6.098698997327453
30.10113615926617,22.924056629047918
5.860417134019077,22.393934787973514
33.28934693178611,7.054499033058667
28.624472251337806,13.930965803737914
23.088972287432977,20.558929684948474
20.66751359239916,22.134967674530724
21.809372806724504,15.900121673447883
35.47338459565592,15.098276301218919
24.24328695885281,18.079209245295814
21.13039083181972,14.591682326034793
26.838364415586806,18.518063158151495
39.61874749344714,25.676785059836348
10.248636556640042,18.62916631132093
17.88216507111163,6.67119709435085
21.975021895177488,6.886615392889496
20.454973950406455,24.00455338482857
25.883702542624405,15.155494889424038
20.696228751874457,11.939176811326153
17.4726866578371,6.718113345482035
24.547312688713465,10.043693025284277
27.459041011035474,11.484229275921816
10.053792294651549,13.771250642768244
26.100168796809566,18.16040873421271
16.2868074904692,17.35298628146492
17.167750305665603,12.929898640371125
16.051587318648195,11.445227636876679
21.410133370077794,22.866665174784117
26.74312466601818,1.4527957702127647
17.34260556705147,21.168665377825437
22.1068360966034,14.690575914641006
22.06637620494311,2.589842380752742
22.589738328339113,14.417443883511439
31.284132271679503,12.921269102623395
29.543631439695808,20.942209665084192
31.608507448762687,21.648854243036222
33.92442564853402,9.173268433084601
31.729401258169133,10.17280433638748
13.354751535086303,12.026768978332274
10.262261488589855,16.94029877256456
17.487604523783112,11.90870917713146
25.33991917947838,8.722782618777014
17.13268269266962,15.461191971128358
30.132471096044256,19.936478562524947
21.7090104123656,13.198665028290145
21.550635210196564,12.559812302703813
21.265504111529584,28.937343460297974
31.744409652357604,16.255118158194975
23.88667706704369,10.792320396539562
37.54573742217647,10.066083846227091
28.957909949292944,32.09677164278074
17.042073998106297,8.355482945793312
14.45248004212391,13.974076851113715
20.453084024395526,11.824468043059934
20.680766147025395,7.047713530597228
30.766453153861285,13.376584964892158
14.135932886870247,10.911298488647391
29.40978353224737,24.909065315452803
13.107478540088227,11.798173897672271
23.330695600843576,18.891455236433895
32.24510505312704,15.072883065633908
14.606768450076503,20.246988778529015
36.049657511091475,12.948564907853243
20.378048637645186,19.347222367699132
19.354100358688033,32.03133706558459
20.631701898593548,3.411481923404578
31.12811916802547,16.03161021301325
20.911146460690578,25.577603093252677
26.17098179544052,15.159073469575223
21.711365106807136,17.388282197278944
26.022488470464644,16.45171171209282
25.13696862006996,22.435088064405498
14.298583968778676,23.400400455306094
19.428749479790806,15.993384290168784
30.287385098881554,17.390017178440882
31.00564834385744,13.53023313295248
28.245261493097303,25.659315171230766
22.506574360976295,22.002660361778027
34.5411759748708,7.692725593639119
34.254981534204354,-0.1413807311014672
25.439048383068215,17.116178862009207
20.77870122033916,10.545117973619012
26.712935263978743,9.659622651453688
19.103669038457248,21.735407135706957
14.554609995396266,5.634347709649793
21.511698619843898,3.4899420595193114
13.43221815777133,17.14486827297566
11.44028202433433,28.00259156462061
26.52469256445229,17.781479405744374
15.093913587688954,24.83324326069207
30.209256830517226,26.817976308044212
33.45744475878349,17.703264159551836
31.407323864215982,13.066369108649775
23.368936164078242,4.800451656189708
32.25182178286394,14.836327678217856
24.150847175232848,10.516400724636389
21.685925264261833,18.899281890383637
17.050556101318357,11.706672379831561
21.417053862491567,18.7187323790627
18.44717947782462,5.108595118787596
18.910415170623793,21.086017558420252
24.725621832824846,16.50703369126478
22.8670915169708,18.713946510343547
33.09815686721228,17.457375323142834
21.802538023079435,33.70136787640398
24.649906351311362,25.000433099091936
27.42409903408658,19.122396718431972
18.21994116875372,10.190446694756066
33.67641123253635,19.560949859038484
39.775074964506715,22.237347618634118
31.114418758230396,19.31518074701816
19.555766735061365,9.027925904541041
17.540970687798048,22.75623525320563
30.92201767243368,8.212840700904803
28.62555382602013,7.741631015962318
19.008376793033513,25.51265932298403
21.85218020272253,20.634995004052385
20.337827710187405,14.190350024353394
34.853266088167025,2.7539638948183747
14.250084615975979,15.225164755133003
15.215917376295705,14.612066982683952
33.61097706726092,14.705008590746884
29.473009923551082,22.214957065027303
34.672556550774985,18.305663517686643
32.77795931332519,26.250078789825473
29.332005288090393,18.264885063898767
7.7391264275187694,20.98979992160315
16.9803847643243,13.079082380334238
27.099407369410276,19.77455315551375
20.671559165778575,21.58738250970018
29.780336943355845,15.57207818179744
20.71353631716496,28.070265800758982
13.18291744649633,16.282454202019707
18.146688249449525,4.255844280800078
28.246197127619226,19.65307818639541
17.932102983700563,18.855928895858177
23.633062288987727,6.628549654534657
17.491302952793813,18.41781923254067
11.837972502275969,19.79753613611839
20.360673414481116,15.655405898761122
16.3810288860915,16.4736451854571
25.006237345677732,19.630871017712867
23.170778766132823,10.224412215914262
37.671246346569404,16.697436193038275
24.753257063158383,13.464538470496196
33.10649318701868,11.584645152791776
29.563550070453736,19.929326741188987
11.465359111989278,6.743028322056583
25.248243170880922,2.819794566352563
23.610540525852297,13.41462077526706
20.42056195679406,19.17684324738099
18.39275428147004,7.136855119868911
18.5584732617268,19.105164409507267
24.72993851389735,5.828322634757216
17.134396471076634,22.715678372827703
28.003882363423106,19.515422269276925
19.155464210441053,3.469809150149594
16.5728046595087,14.258650244236845
25.620098917383746,-4.858266764100026
9.29135778776444,17.867662534569522
18.048708661474258,13.760526244555049
24.983587413357622,22.945955096687918
24.168060182377875,17.69204202979453
11.466370413865674,21.022726868839275
27.18750674190537,21.56890778417888
21.27905095338337,7.0366211911109975
23.2993494374555,4.855678907418881
21.650035733762927,19.004538812408235
28.284577055597033,18.565257371215292
29.979447807141547,10.94530791979816
13.738445052614809,13.207266172314158
32.768325820921284,12.016084647057195
41.32831873288917,25.326621362701225
23.762516861505375,17.803948513823734
27.244854388779633,20.93126959084745
25.387770958334254,11.809245996485693
20.545666033580453,15.006054955138305
14.388638913878728,9.363136230638725
17.54141624804621,12.069985211357341
22.774402076918456,8.885159105280252
26.524618865569735,15.277548015209318
23.997835795319617,11.910604563202618
35.95930821660835,22.05555111827575
25.819583283604974,19.605356855777533
21.236267334920704,12.793188496486653
9.1490763152883,13.55002946018783
32.330901362611485,16.318676499903663
12.255502889645875,12.403513610365948
11.336067774985379,9.184667415391123
26.177693293099033,9.701368187126501
28.384114976580683,13.41235909033582
22.0595740332237,22.723543346046803
35.85388743206849,19.58438699433823
23.26921616368995,16.976164407850877
19.26855578279676,16.699017841837236
21.272002871150217,3.8702782415398165
30.344564336873518,23.816723241761114
16.949577406954727,16.597762444436814
27.66193958391445,23.27433435948231
23.28517406457785,15.747493308760777
31.062823835919378,5.9080363693435185
25.136224348649833,20.64239429648523
26.361837631727003,17.747774072175865
20.593849449505303,18.95157121772594
15.965148756313408,22.12068216668859
10.49989685551091,23.411514072312606
28.675173015804027,21.209811879697106
22.680444354547333,7.447032974927354
18.969978120692325,20.28868207670644
19.420903517610995,9.859041392575737
19.35739220795264,19.20297428942276
12.965319876255977,16.780534693534925
27.435510637946603,20.244126991632598
22.17772289404432,21.55761444598297
25.296062831950284,5.16058626736789
31.931788287520988,18.00574151388088
21.268799580232805,26.997557364042695
23.888358043878647,24.11708982774135
29.570638108831538,13.58528050289192
28.20366451616025,1.290312628618553
19.16720555147985,21.759050263913974
28.772675363756942,22.95859883193573
24.33349720113952,12.11796876960747
22.92449968007753,15.972457521948972
15.727381891289006,14.465588181103312
16.403176355452842,8.47371611376581
23.89202466867797,11.822597887129032
32.375233450065,13.934634623050083
29.912904578637374,23.97731411508387
25.827429696302094,20.906897951045696
18.955892597031724,19.689893692421386
37.680750386684586,14.525347957097573
27.239003525656152,22.790754666550626
27.956150575533513,13.812268126666678
25.59390655058537,22.048911534464764
12.946398115843872,18.20699030038744
16.886307187742936,14.853764346119304
23.64581663877733,8.063158477613667
24.523189649868257,16.662272354901496
29.06162666468948,17.178426649949817
26.92668691154128,6.601474106239639
19.37147814946281,23.80840822046146
29.439073212614886,12.806839321147187
19.37306593738418,8.819809026085583
18.07909393653585,10.378427728496966
24.74600382893759,20.85709452070848
36.0924101983881,3.4320042909045014
33.77193314238722,15.989604453649374
16.41497191719027,67.7856794896064
20.632170540416627,76.37376721563182
16.51198387549549,94.2048471056936
26.453207578037038,87.19661451511544
19.737412431600717,88.35472860621941
27.667647346037715,88.17978366067113
31.943950093189674,89.1954057176075
22.353806426628395,86.53252086623472
32.88533762514144,82.53861157076412
17.48232037548547,79.83755172960109
31.007656976128523,78.44683083070908
27.78956815854742,83.80809308228514
32.215859998633064,88.12548276793025
33.38072151696677,86.79341433960482
21.671726858385178,86.641949410908
23.851395366842272,84.16220839376591
42.04799115370678,88.71095733808166
39.00961290612264,83.93114908420931
32.871461571235095,95.52039545789489
28.48600355699853,95.24919551468727
32.250847946238224,89.82943075286536
32.78119176460826,84.47081928224021
19.148801795815153,86.78403051759598
26.77272709479794,91.26935996523956
34.35613258990814,84.47684963765413
16.355900864492792,80.99718429832664
27.604043384018222,80.84093952923102
22.211652393589535,79.27629592518196
20.791273587263593,92.71363125343024
24.050610834361667,86.16651825787298
23.209379821771776,86.8528105409887
29.406275595236032,74.54438493229677
22.47200363784982,92.117784607375
29.556129428813055,80.94638090031773
36.09281350695396,88.50928967684233
43.55317871759308,90.61405314557872
29.597393959260025,77.12960609262514
20.901806937058243,82.75609822244131
19.844674503744656,90.72628522273216
17.20967164692975,91.0686226048019
25.530750489041917,97.78628463767342
45.19073427173364,84.61473067191275
32.462773022840636,90.66223238240568
26.477132182184754,80.46326053207159
28.147934108137626,77.74753002182251
23.842212808529716,85.78173925090343
31.327766773425285,83.9089923427549
31.138975076788817,83.73607484249966
30.561052622449388,91.79785011096025
32.08225621818311,91.30772752014116
28.075532450250442,83.7716544265182
25.99815806077415,90.86510235161082
29.560335885114657,85.48751200476592
27.986040499207213,90.6699025379518
26.438028718131456,100.80159754493953
28.631668622004106,78.56980543120468
27.4437830250849,98.2368071580675
29.737630515354752,84.39604501319212
33.55602541866018,71.7148733587641
29.671959676584947,91.11638901223705
21.978409051615223,88.13501884535339
21.323581285839268,88.81346978078685
33.30307545807869,83.98226930854607
18.636326519898653,81.55158087270225
21.525929274472926,80.38320531451704
22.353575848143052,83.95548008896787
31.448178898221276,81.71315704448953
27.101904584150393,82.4228709942763
27.419769539207767,92.24786766905268
36.311211791148466,81.43041474598223
31.953186204343428,90.74319231994224
21.441209777872885,87.18718088357124
28.054001030398585,86.95992148211025
25.166482573017305,92.93118664816345
24.938477596081484,83.77830854376006
30.70162261828498,88.03075786448679
19.71958292896929,85.78089382253846
36.094504725062116,80.17411030952061
33.76276936445352,94.82738907035966
10.97223252651936,94.69684060932502
29.231517048457334,86.24937253369362
43.207762903021994,89.06154778801557
23.74771883300852,89.7905058883274
31.848458269485857,76.96110267179625
40.75212279803823,79.35314702319776
24.72541749035883,85.15536644907661
13.446171858171311,75.66385039465544
24.946902106689585,88.36133329870746
25.77808543097351,80.0131241478119
18.499884058876937,80.03326799027302
33.566676716442835,80.79424368375778
26.833961644478656,91.10431282221595
35.42864857400165,80.36783148048548
27.314468449514145,81.5521694070748
30.559618210801027,91.66035659323542
36.479963664435395,84.92197535310667
27.80556319797942,94.2467344718173
32.98663136730521,72.15244526638514
35.62510403176884,84.16750016044347
30.121438534251162,87.06384516534017
25.637211560995723,78.72284179523493
29.799039294408676,90.1286991177583
32.3284900162428,91.22808170268928
38.72666537738174,84.85847564867156
27.857672914658163,79.97119757690382
32.74552695796732,83.15883606977461
23.427911000363626,89.56762930920767
30.947552735231483,78.63306607657381
34.03740201116441,76.6560639860601
32.03703112865578,79.90773758784111
36.716172673199665,80.03746816381586
26.05442274895226,87.61961607576809
27.11011638312799,83.00289707121384
37.14906707070599,85.03938497395102
26.1983327967706,88.38772819056103
35.66218495246489,88.69561395547937
34.20985752497906,80.31270750271452
34.868391439470514,77.21077723716536
20.540756834397495,73.77078328972624
27.283686752665623,87.52455387720336
25.39119354025844,85.9025942873981
29.58094411444303,82.21893308365532
32.72542211657922,79.98561095899274
29.181784826877703,92.92916065695138
27.157276836555464,90.45144321353868
41.94856973136573,91.35344160695404
27.617525372928977,86.29029071590695
13.647750223730275,89.44879545298049
34.97439373390355,78.15532240400816
26.923717042165357,83.03147158471673
30.73733813076243,93.18469514109341
31.37650479165863,78.82776519322468
32.08783436575837,78.36608871755408
34.52685111120373,75.21744752455801
34.29281826984636,93.53139812392263
33.73992666585472,86.3938047691286
23.985474931380594,86.53739929797764
38.20001333443741,99.09508547168952
28.382129324730613,85.34336085805178
25.02894022735132,82.77060324407805
32.323584113563356,75.5297999497567
37.13715729325862,80.4478565655423
34.653830807540146,82.09729935121024
19.69076100490013,92.9395689851101
27.181035786374856,87.5388113106642
23.64709696409227,92.99853862053617
16.44124763653955,97.12922006095403
26.09997642783217,81.6076716099312
24.638213798866744,84.48699143743637
35.893775020626805,86.244076576412
28.702268502608106,86.05286821700217
29.83998695139005,91.07978423826646
30.483240557711856,78.41048034340908
32.41571149490703,85.02984193387562
43.427293282622784,104.1272717512968
23.044415849273477,93.08433023941814
34.086457295792044,84.09904348883427
30.574602458288673,92.5910169518723
28.972164390767386,86.80709677960604
25.102971913955162,79.81608501300673
43.0279424132879,97.78858874162637
35.86498547636582,91.49799861421454
34.35285426370197,78.4393256044884
19.72738386500983,79.42588669195017
29.169776352516795,88.39833575543805
24.69386453097032,86.78960267816034
28.532185781458466,90.77664797126592
26.806472100569994,88.12555411653587
34.445088596876985,83.78397337648111
24.18100095435904,84.25868097719483
30.788657932837,88.43910211803848
18.630211777321193,86.6560559121653
22.72339688691346,75.70356563137106
23.34836126376281,87.29949234483946
29.633305395582465,93.87452184411758
31.475758831086395,81.4029043240389
39.85721330682234,94.57331097044532
27.45379295265538,82.90681449457597
36.055654006300934,89.4029342650041
43.96268150634489,80.40076411869416
28.578634267685874,93.65653440536312
37.31684483794463,74.51277037237621
29.22106423599045,75.82620589297268
39.344603508434396,87.04752641058276
7.978987216425981,88.72642681582505
32.95291315953777,91.20140510259696
25.890478051932217,95.64142681177339
37.88421776263652,84.51833961591984
32.153404462355475,82.86399434050415
22.906766448371158,91.01209546132685
29.9140125844456,81.3371554524516
27.43132581158664,89.261505803902
22.190586716654238,97.47363845522509
35.97542708908205,86.07365383688128
35.43477996874561,79.2507821822885
24.40226449286077,83.71838142271176
20.83122631669417,96.34286928023774
36.08255308504594,87.32078516410215
30.662443322354058,87.98164950154312
25.112820377138913,87.833396008828
28.52437050026728,83.66750046169173
22.818008219033718,83.92099337481889
33.07179095292535,92.15946271510995
14.814755511325323,82.01651114649214
23.33946822049349,91.72845225740903
22.074812365122533,94.39980600374943
30.043018570818834,85.06903463805436
26.17500241096498,85.71202545971131
22.99420258239325,90.27957452853893
31.409089791715843,87.70307455710908
34.69422478931366,92.17230618468552
23.34348175639839,91.50254980462867
22.508880304724535,73.51318186118826
27.740551694408268,85.32466654219486
22.372291544141696,83.90717062171035
23.46429514430089,89.8660148111982
25.19466442665803,84.13592069520426
33.107139732375245,87.86819599925128
27.79403668806005,96.80002306796005
23.92649672077716,93.83373227235238
24.53076176350275,79.32074372468237
33.671054527395135,80.49172601246467
28.972801521035272,90.69388479354959
35.58691479199851,82.41625979715013
28.1376209630262,74.89879212368365
30.214690322786613,84.77215091409431
32.069570897334174,82.50114135207342
29.86831566338524,95.21728716163332
43.55365865010491,89.45089888472938
36.750696511032125,95.7692632179395
46.19134560974753,79.95167756777899
14.063827206082223,85.53034017927462
21.395992614938418,86.0556281998499
28.906461100647846,80.75949476825949
21.71881187241596,82.31992932854948
30.50434800389558,78.7141831480407
28.630925068612832,87.20668539673031
27.014779608403465,91.93733574802154
37.03084092684102,86.46245971875783
37.96520811829941,86.90594017024253
20.653229784409845,85.11971059541828
26.566502223144923,73.9319847247418
24.751280130892884,86.02867756753328
23.875740704090596,79.94071943981417
44.421551669221934,91.17195744742084
28.610057827416746,86.95151312569048
29.619928507098475,86.7756135799066
24.784537990517173,73.79462716969503
30.419757560485085,84.04722150914064
21.458960170291938,82.82372334606919
17.959458547154917,92.2791961382998
28.042803698733856,80.14860938072597
25.233505081529962,81.00221129927976
23.54702913519576,81.58207387669674
21.482123238706347,94.07603230595909
26.0727932177002,84.02483646956853
37.74797388986513,82.73061648873966
27.412511634612667,95.32471745876829
18.512241836428664,78.05834498837905
28.55403751577048,90.95411051545221
28.143813608068697,86.49636220049462
33.74745282469065,89.23276692995927
34.716835958857565,86.6046686364429
24.293548369043748,87.96172207891846
36.04960674910701,93.839897262151
25.590664545164458,75.69020732643132
25.19747709651902,81.8518547427732
29.20724155933914,84.9405358495354
30.65496395750256,82.85100491501618
23.18970712256417,78.99792074450993
29.636033662255976,84.67823579644518
29.5944240290632,84.63497213293333
32.5740557411492,84.75622925353059
28.386865404111894,81.58149667024468
20.706993957798957,72.00164302375104
35.75600740082428,90.30134890390981
29.539054227666007,93.93503436526676
24.96689073149704,86.05945395586926
15.926328030618214,76.04058128680957
23.376103180221396,85.07698822706512
34.0384171208195,82.03062789734922
31.939077340094165,86.36173344282611
25.294176253923766,79.82188386675558
36.61286282000853,74.05963565543962
40.76309689693146,95.10545932490008
19.355251246536174,89.72561906681072
29.47519724424992,77.26663748149701
29.536487724631634,86.50930133100002
30.325582307806016,86.71872836074185
26.366290768894025,98.70599733212822
33.09062323476891,80.87002561956112
25.62703459216475,79.52843868856166
27.013383794909334,79.83255428732902
24.272349517429177,90.02950404489133
40.241501376685264,94.18731033533555
34.14875294463573,83.21949930703809
37.45288138069912,79.36988035437086
22.253836498356737,84.37978045025025
28.421714088206855,78.51425006686154
28.460278977668032,91.1853105041362
39.75576663287261,82.7539552122452
31.120603133082515,83.82287786627609
33.89477726162863,82.1058577909871
36.11371560669777,88.98270787578326
27.197622537398058,95.1466270114907
26.506121373863913,72.97902502451959
32.246023716007855,78.09009955937543
34.49713820145081,93.16915298305584
36.019760647073724,82.14220448037887
26.192232168448097,78.65044351356072
28.93071619909522,87.2439675301626
23.226286848667197,90.16079947063328
30.53308075463607,82.83994169305163
31.07333852479605,100.53525340680494
30.683821259778018,81.33823959827878
35.678228287197,99.19062525224008
23.22434699111791,89.50563162146965
30.79693076360072,96.93158853839492
29.086895500873762,89.18112104506046
21.28865080136545,78.19735576200208
28.661829600160107,79.36859818821605
32.35593110811729,88.11070962950333
32.82805889612462,82.15745505872876
32.59812719020929,78.74399876115265
26.81955029488305,75.21538355844454
37.13975482495301,92.82182576927106
34.14073260345779,81.30196221845544
33.82015116042338,89.70195883753051
21.532514465879093,91.62384735619658
28.13205636376046,79.44392803630465
36.87154345324414,84.33510216960165
37.857892629244475,85.0834699199819
29.20684767157967,81.51007142914627
33.24188424624143,87.44222433678985
15.948636617051239,83.93466826042538
29.44668231959809,82.89995826763905
26.726868984482614,83.74477528379401
22.739451821725982,85.62634807677497
32.086179405214786,82.7442010871793
22.590781897726004,83.07462541646242
29.152781104882543,90.44737885555716
24.82315908879183,73.81031516955201
30.594465859271352,86.00542485203941
25.143604322501464,76.49117660416655
27.069765144069013,96.36074444174847
18.16503166169176,84.6901996105827
30.552808377677025,91.42918524857922
17.126264313757478,82.19089247823564
30.89001731866276,78.32893573663931
22.48041934083554,84.33098650993198
16.437528950073407,76.41689283238487
33.63983795222699,80.13274834445363
34.66872356230016,92.99269648640585
34.009332877144686,79.14741828589742
32.44802685204673,77.4445084587661
41.42236797452437,83.59148893278446
30.765865349487303,75.98322905942936
37.415714280701785,89.74932846649423
41.28162191809597,90.65959921656723
26.61451434478591,80.06347129114872
24.730306685694984,79.79074684224456
30.707061921683096,83.94561928319675
26.843896141254216,82.89184553226238
33.99689307918989,86.4309299379633
40.01281903033333,95.36847292989879
28.35966490975574,84.51545818446121
21.822805360198142,90.17737635764476
19.979654565415068,98.17254919232683
25.799586332569792,90.89092881804487
29.194751653672245,87.47872004028231
26.578538795389985,85.14553994935052
33.412761017099854,84.15053378329455
25.178072966124947,78.140428498758
30.17685424770256,88.2410338804185
30.928140130063262,91.3135419541174
38.49648880789938,91.59334518002068
24.90648671239145,77.68923559024127
22.974047983163043,89.36940764954919
35.323289141464954,82.79685054674964
38.06564400677141,94.43154490598258
37.01029456454785,82.73210712656466
26.651130611051393,88.1673113519193
35.43926474122446,87.83055736908952
35.69201903779301,89.18133459951324
27.220244991551084,78.40060660483098
27.851558269604972,83.24452656516509
25.961014047021493,99.74251744964617
29.94554790735786,89.71254750060125
18.792783738825534,90.56430146161101
23.970229932571282,86.7073381356105
33.144891277185856,91.75676362786956
23.363412314793617,90.85568073879648
36.84940175980151,83.79255895832293
20.744939989064058,82.48605688573697
35.43639948048685,77.16108697096492
30.55377203456534,94.48720065542585
35.1766899306447,85.17973361137899
17.714714939571863,84.37023366701885
25.8573562028066,89.36701716435738
24.0702344619637,84.3358879888167
31.995097206937658,78.78569224126974
23.362024589636405,82.16973589934142
27.299632972080897,85.98651103481836
21.8265288796984,84.80605593726408
26.207691819014205,80.47497890985707
35.599643022873295,97.08297885239205
34.272466777614525,77.03575561755379
34.46650243568903,84.94474043148485
29.44883548467604,85.29044796786987
32.23397030264873,97.6864928950807
27.944927714177595,84.37559949019602
26.011349880470778,76.27382618248717
29.502920952303004,81.00073022395112
19.58941867995738,86.8421699756966
26.79789829811435,87.93348102254444
26.217710062595362,94.63018199964337
32.57792763110033,94.29605002007445
29.666256856308504,93.05385300062576
18.925856101501104,92.90191822673218
28.840138419863212,82.33562572113719
18.5596726476167,91.32479727338294
31.10839903157865,88.26275176999525
38.57764493783351,86.35644498366717
35.89002652910881,87.9329044825945
21.872871133387708,72.54410079918448
31.247630182037955,85.53021966512523
27.98439585836645,89.76495158537574
21.64869207619896,83.24533643788838
40.81526679385137,89.13162993185817
27.2001667385887,75.04763164198538
22.034862783868153,86.91364601208281
29.391712395171353,86.30105549151737
22.32938703036907,99.83616427439031
42.43904180088375,73.61051320556288
29.003749748585914,68.82221274256071
40.68871218121933,90.32509262263571
35.59919390985881,82.29707526229078
34.01019751288156,83.35370952516072
27.99832036799833,84.47903822503167
25.535653135649206,91.03340773415616
21.22360641566661,97.53194556851403
26.59722984547267,85.38958191164666
27.658407305217484,83.57800407081348
30.130484723581908,76.2126845422779
25.369084395464014,88.67038919501297
28.756212071589946,82.23631815658253
38.60570573280344,92.31901071838128
27.67012187122114,82.51440765801951
28.12154203156849,90.09483439490418
28.980546091330996,89.20502973797207
29.46309420508775,75.01559489937893
27.924849659257294,91.88148429800216
33.64259525325919,84.08127314015432
32.905240276612616,87.29268313405127
26.1613917455882,93.05102227437479
29.54837987892902,80.85045615451223
28.574618060432794,88.78435217628386
24.015987977714374,82.21737597723491
32.73938133736328,80.43186476348961
28.3508201082446,97.57212476542189
24.955969014542667,96.4614450037754
27.660599679434522,95.93037887638033
28.71885322453963,83.17799192657648
33.11529383532491,85.785646926666
20.793450430403297,88.24232654040719
36.9585778923231,83.87061850154802
21.624643226242895,87.40996459728763
25.647011707717468,81.2200171752159
38.81996990302892,89.91892022682734
25.214150511067732,77.11090100634306
22.213728427243353,82.81821291223072
23.86326328927208,87.54297398832742
27.1453838069746,86.62883029683422
32.762469277576564,101.8979828565056
30.944960667554575,74.87726577715472
24.651325290450345,81.31887066353988
25.089253517440227,83.40070273471203
23.95028860800542,102.58709226658577
35.74319545767667,86.03531119207896
28.68126790591232,79.45029211439514
28.7957894574721,85.40043521839208
23.428750755438088,94.37981324240397
30.099061877237798,83.41970538661668
22.430234793895636,88.55554289085511
26.12970347985776,86.74449626897601
19.775746236088544,88.15885124244961
35.08419524556112,85.94954661124284
27.197079347340264,94.75539854979414
31.542353386768934,80.35034678078848
14.07643413926622,82.98576843076606
32.46828749344278,84.86002261631982
28.742265655628625,94.66725215632894
27.71666378801345,81.15078301976968
18.648728995690036,83.08535380978354
21.25394075619037,92.4485350853046
39.80826118740677,73.99788516451686
32.135721948091685,99.49877760270353
29.29131179613358,90.88309176347045
35.86207796406665,73.3498598580332
21.74316960578529,86.4184460659323
25.11859652141826,84.16447590423726
18.536354115680282,79.01291965987029
31.150361829322854,89.40290231271355
27.499843838543054,81.3986575959294
25.526992378932047,87.63823575518022
18.20727499983912,87.73850140163826
27.01804990794247,82.83107259222085
26.428641996466354,97.77346946163054
34.165691420039266,95.42639179201028
33.44130190854924,77.83300042226688
28.836805259455303,79.09903245040478
17.868331575740996,84.50191071208175
31.456019563405047,92.75701223431602
36.82508299333329,79.37026198181887
32.67614203154838,90.18451212809781
42.73602051142202,92.0809712270171
22.962570612437155,77.57923812827713
27.213032144165023,88.73413734385393
39.22271780092112,90.8123325647088
31.663099817125087,77.9095364047366
29.7995839885922,80.79006893351882
34.45394206363643,92.63764105099241
25.202668093679538,80.25129775845355
23.14149040720899,82.80114951940189
27.398647167984127,82.27515553009631
27.54043010073035,87.89105515066002
34.17313108384485,78.71802564393039
33.679901398285814,82.71852036749891
18.656207911578857,87.351339649122
23.0009035033583,88.7445619187944
26.79093975371458,89.02048981819651
32.26988950944437,74.73232044598053
16.101418725941198,83.88020175619727
40.16810475814472,81.66654784256312
23.01382056009292,88.77505718089523
26.457636944339953,80.04460092903601
25.504018160282172,83.81669789429955
33.75169960572352,89.48951131827245
27.307649020241993,77.60321841270067
31.583268948918334,79.75691505568828
32.05451840505111,76.24621668473617
23.407682143211076,75.72211976805572
33.70830004835017,76.719101234782
17.190522342983932,92.5242553897471
42.51281450641097,91.58082036177586
26.45259291719822,82.24013475995906
42.30822492146619,89.21989465844172
29.621155424074313,87.46267247907952
23.335610787282913,77.10553105861104
28.052736340172686,84.37998458009042
20.032357245262865,78.99877644991079
24.08657907660912,79.22764490553567
33.63897365680406,87.30585956780892
21.68389931753816,85.10835729525795
22.126562276368933,92.19791786987545
24.423136068452852,90.25211309570788
37.734643589955866,83.85791611046886
35.53952585828895,96.72008528737838
37.86820426452974,95.61321226551473
30.920959995570755,85.88080707064807
36.33488042872116,78.65781929877798
26.158917307797587,85.94455654772133
33.998181930613185,96.48132153129455
17.15856768683322,81.47100764539378
37.28613450667031,89.07809920300951
23.73142175118905,88.9883972143264
18.146806101084998,93.31564266202099
26.302133862560353,81.91052626893034
28.70254115283115,96.33034076658244
25.84835310330687,76.54866366575895
31.966772209964383,89.76915371590188
23.7360858744584,87.06304206784597
25.566360079623635,74.16877474841935
34.76595824902608,95.29534297287694
24.315583768201904,88.82856174074894
24.38307415241794,84.30778554260331
22.67487479330768,94.53042187452678
26.64120623862413,84.93310119172995
27.47092946281087,77.29972643837863
36.04451674557238,80.99435847390471
30.980288771288848,92.40961635365372
25.733635322192843,84.94398258342044
21.522830811075487,85.67867532872599
24.291011246294108,88.36851180360188
28.20265687241675,86.18012495555848
32.053592160138734,85.86664162360815
34.13518637014047,72.32346293997502
20.329365525569827,86.4299611418011
34.5592557206679,87.48090237456859
24.065885685297687,79.55219231144412
32.332854826486724,90.75156818828442
31.83377284920533,87.52012025210948
21.875100247449843,91.29162506127543
25.652149064198102,81.64660052580373
39.12730036168572,85.2907525726462
20.210016806769726,87.58769779561415
34.13554533513823,97.26242838086671
24.061399205913652,87.91168724891088
25.541279595860402,80.31150853609033
25.089807700052447,88.31579079702541
34.543914478548224,83.60386578980464
30.306186911401248,81.22227892815064
19.962576322506425,86.63713712310579
29.373038444670314,88.51236356630818
43.589401621000974,81.97722481903803
27.690878816012447,80.38192092567367
28.688978847296134,84.4379467852796
35.71036898286726,86.12206346760979
31.242242589597947,89.57735121870081
32.21129611627169,92.32455142504593
22.02218751923122,87.00221677382235
31.950390812151223,79.91739389450356
30.72262370724293,89.54089381053562
30.155780683866976,88.6692585109856
19.673161849178403,70.48914815272815
29.157635788337995,86.17178940765345
30.39394118173203,97.05893405986674
20.896734552802243,80.87527298906414
28.29001709289567,89.26578038090933
39.80830694158401,73.8978296575688
30.580245219273845,96.60669299407903
33.697397060576215,85.71635130668298
29.329777774375575,94.04522146526124
26.856215964355528,79.49753184792459
40.88485257630122,89.83771363978249
14.251412705115166,92.55117817007147
37.89507685919508,83.89136013044019
32.312912170346735,83.9800607542343
26.12002149661557,85.24253061734848
26.36071308209378,77.91755909295897
27.84937604838012,86.35784844564853
27.268268209606177,85.42856458019679
26.77974900832439,79.21907222936353
24.13974827832829,88.6531982278763
28.183874281944867,78.65278705475016
30.12133443910545,94.80250526501877
19.98951691693753,92.70034716167628
20.59159050820287,89.37915755630505
37.28150276256903,89.71213517594848
32.24331144758733,88.75668359854853
33.5119016430945,91.74110111902579
31.60701868392471,87.72100191061386
35.080185116390524,91.96496526967701
28.69109047859296,92.5783704241536
31.960326214246876,86.71711190532606
32.95517549900211,85.68874762047524
41.94046564099538,81.55577135047702
18.27216930729837,93.00154172294508
26.777707883045174,87.7098705307104
35.88911377778806,86.0526772058091
26.63401586532267,80.89077101717425
30.972619207121973,87.48179862439613
33.063631291814744,82.6867752861028
26.83687380849781,91.68405355202395
23.774012121562585,90.80089641150052
20.798388865767087,86.11347183711531
23.644089531099482,90.04592175762868
20.791278625704965,79.10011046779726
33.30075845348717,89.86429396658373
31.312081021830668,84.37161508365934
41.27232546563958,81.5590562028317
33.265784885668836,77.42507573964922
16.76603812003472,84.83247363199615
31.140963348323314,86.39237561837162
30.366055948750798,80.81702393603459
33.96073799544581,90.74203436700299
40.6472546042346,82.08855456452619
31.826669484863498,85.76650405514887
33.94252190271821,90.5748645187916
36.43667502017523,90.57685597368996
23.33406726293358,79.96494777905198
34.10992582339351,87.15458244421148
24.655225836922455,84.69784426538304
15.96827728701859,89.41315774783548
27.59138679355213,82.56787687033227
23.06544063016763,83.94631990128659
30.731336928335583,85.1425626466875
28.620357080856405,88.6032009971503
35.40794084016713,80.52103670016389
12.286405431850763,92.62059721691
26.310659815173896,94.75615610126387
15.047523575001525,75.30575067306815
29.031362649693094,80.64337253571632
34.949821133447,87.2157357252009
38.31553454470807,79.00531049457446
27.925742450905812,93.8412404443338
29.34290815678385,85.95799318878488
26.661293115772736,80.18401903017147
34.70258702958256,83.27260449566516
25.31194114675789,78.16492603619395
28.191121364307193,91.59485919884827
32.01883649584353,90.05766384122582
19.788099200191393,73.8097244567521
19.51265537541757,78.6055062603924
29.746832898478395,102.97326466447765
47.62476954906504,82.68322083771787
30.884703114345584,91.73986267000119
31.993771728911398,85.705454980567
42.306825157529175,92.27386228871231
23.385044690558342,80.72025093345296
20.711333235386626,83.77907820322815
30.328931697311965,90.70318962404008
28.40600481785732,80.95548259611812
16.50014930311238,90.03724271949046
29.74289135968412,88.49117913444972
29.18320946508226,80.00527338354489
31.848109376193925,71.35831401612941
37.78037021187263,78.25923814928686
27.614538475134935,92.43565015367358
33.63478989533988,93.89203670776661
23.031902160898184,89.77460260351323
32.83622305478895,91.27148202079168
26.636899787275826,92.12519687940048
24.092668048833406,95.00862392483467
31.052945559497033,89.79102315074987
37.65451325298885,78.0987468094211
32.013647362631446,88.7883228555735
24.555081517594218,83.3728860174934
42.57633769989193,85.73948358655075
21.768210900762625,82.21480752669375
20.291935235839645,82.69328922905328
27.21555819519141,77.25300591195108
36.62188185396242,67.58964973586276
36.66026747329985,86.07268569424032
31.769510373557218,84.276231536791
26.541367884422883,85.82136697338005
15.219197575526293,99.800552190735
25.78857981756095,79.222234224139
35.47044808689582,82.5616846338818
34.59982946314695,84.08084953667795
20.432833925122033,83.42139914738273
37.60530466165495,85.92412785704823
12.380888508931452,87.3931553701182
29.722857097262374,99.07493913427358
22.991692843789632,84.78672464770356
29.185150018884862,99.98370211853052
27.017672462252193,85.69638787575822
20.174116619376626,83.79675350788575
34.411448922046695,80.18472740852948
39.74125225395384,85.01262043173382
40.50851375527428,72.39618303819634
38.217505698431594,82.45926964191666
27.413263988017015,91.47729815287794
35.7102267700606,87.40683134960884
25.55689767939867,86.80868693752494
31.167127897553417,79.4583216849357
24.68545858916283,83.74050917677363
38.29137902217545,90.07350932584193
22.943746990654603,91.10416568702709
27.153791671106564,95.49997677581884
24.0326988448025,97.60902821299172
22.01348351303027,86.78814945090804
17.35832437570088,83.27371771143402
14.03462126168442,73.9343167774604
23.09577406441587,94.57203270124027
40.31792069931027,81.4064493054407
22.100152012348197,84.25183162870813
34.858459019334866,93.40804363596851
34.04492202264497,92.3381579534773
25.442463952301825,80.30944846832446
32.27019390591602,92.02506364145478
31.41145046985854,88.79419356182218
21.43634276380275,93.46943050748612
46.52627298583765,86.70327999022932
34.82980742443346,83.33317725528154
25.804730567591513,81.85155974154537
10.141310256866145,87.0891884657626
21.80527455465611,84.80468417483954
19.749939632387473,85.91661142304254
33.190036562253695,94.06734982297596
25.080486264480662,90.59879642803165
30.407737763001563,80.93278000837616
26.367156601394928,87.47809235933885
30.34824860128835,95.36335562859644
27.701547592561838,86.00945590344597
38.50240624650884,89.99992714594788
29.926419376127512,79.14494057680447
21.185649451443354,85.47081983443373
21.64297362393137,88.11744203341482
29.664858083090163,85.25525403316267
29.899305603572028,78.32064500586431
23.64539758851891,99.07522411604283
41.232433648408275,83.34763440947657
26.66536047495069,83.081502334488
41.099939466981176,85.81270429096837
37.22158068917761,74.64006746322073
36.685569318797036,80.07861725030365
25.29028151122376,84.71540529248377
29.050045618714393,84.00617865530909
24.787931489232044,76.96289624818836
31.769076013821017,83.19879297257188
36.88738507807524,86.24047292615948
35.7405890255331,85.6370709837534
29.713812050592928,83.13196181072075
30.542654987615546,81.64928827792396
33.44385567712244,71.67749864026304
24.006570313639095,94.54252801124227
27.49891921429256,94.42090385693656
32.60858272577851,93.69359915322758
19.016805964604245,94.00014678353998
42.1322930019529,85.25719362209821
34.269276570233956,85.07703618463817
22.495465798016916,99.06138725436305
25.890538070131736,91.30301297200403
28.057498060800654,88.43824423886161
38.41713297710439,86.4094200914493
27.882369060698302,88.41471192064392
16.098233970900893,95.96324861675745
24.91303156435607,85.47954581231404
18.10602048341042,90.68739191416219
26.923235733810834,84.04794993161418
22.718867444245255,85.18056699767781
21.08802664826463,81.69615218342713
33.23607379274577,88.56559246932814
25.4661232586448,81.48734294019405
30.577048252560836,88.55784279637577
23.236302782977596,82.00744908049391
18.117191635495217,91.81458392477747
36.44595558541023,80.10702644537777
26.997891271537487,84.22947626670728
25.807207108553282,76.74393106258815
21.92059666202954,91.05596029731049
31.212788360318246,86.05361859801835
24.822704596963312,74.23404400395322
24.947463590731296,95.32500518695687
21.72264529889853,78.9196093665169
28.392605583053275,88.32255962504826
23.46956308889657,86.95273803320791
38.98005415890331,84.87820951573114
32.202103428404676,83.46880539743964
19.678591415817944,89.03115983349352
21.043166096596728,81.16668172487861
28.618193230369215,89.69497240626171
27.825161635328385,94.399689035618
29.24040351251319,86.00762959851974
27.544934926260325,76.06410275549909
32.469284458882626,74.7451293216762
29.00946431814377,86.23915112552098
35.1896322315605,91.82830849080416
30.703952412676433,87.19015100662891
31.338270774099225,86.6496886887985
25.388413026118297,88.49701102606744
30.97021566455284,83.26961478498944
24.04693955365999,94.42681091409642
27.672071592818728,86.42999552871002
24.295186254887824,93.93634462714668
34.96134830609948,74.09254154401849
22.455240872699214,89.11328213879348
25.153370058283663,71.49606169554573
24.40932120883536,80.85883040667714
16.228594365212693,86.7990296132458
21.329245278953188,88.14957027119644
21.906100703076334,79.7333666671922
24.495893018548994,88.90360788271994
34.55289973234218,86.10996364759201
22.97351668327179,88.27291777034021
28.948294167872753,83.74476393013609
24.52155154754147,88.21180723931846
34.994828612552716,84.96101226322168
26.976542214807147,84.55161121101989
28.5900942834655,82.51347891399739
34.09276776277183,90.56649662093416
31.463954465939658,85.29001442724484
19.118051713311335,90.70100758479599
30.29020096398415,86.60277774589021
32.323349892509036,92.77721025934281
40.11307749309049,79.60163371414356
29.92258140968028,85.64278466348024
30.793461295349775,89.29473103519813
31.136428201259648,88.45125247096026
31.181081636803455,78.49191808036764
29.73775959248215,85.0222232815896
33.01871090031224,94.80269340879562
29.701326847877667,85.22023096824954
23.1569635565056,83.63524736881597
32.23193180158965,85.56449531339403
20.138677088357237,74.0444960171516
28.012747995681366,87.00522852439776
37.733610147969785,89.09348304998193
22.589998682169707,75.90100130090094
35.21884903002644,75.69472540581651
27.626903145320004,94.69074233945351
36.17472984860061,78.48527569435015
13.436306433503082,88.72478648946004
27.10407887357644,80.21936966181804
27.888750818318098,89.14869062151475
22.430166525039112,79.76432941363025
37.60190831898511,91.69236681194512
25.504130452587038,90.42745071866015
26.526848765852662,88.95075720365989
34.27473342885248,78.49028523031724
21.769189073698616,90.17410608469895
18.72877742592361,82.5206417771712
36.32100719268036,80.6846987513613
33.557088821829005,76.69555860271078
35.588466388023235,94.31263114255773
18.580585803630292,90.96115863097566
35.10474731634137,82.10847676461123
23.06223881851337,98.46498792212799
23.50930224629023,88.28176650903288
35.77382985558213,79.65865912314392
44.278769880841345,97.5222951548693
25.95823456964842,87.26671373837155
24.348616863280405,80.17113802153244
16.157210210446358,89.70889713388127
26.4494129265209,91.40317340555362
33.90683143002182,100.47304347983165
30.121371651129987,85.48457778507094
36.267183474164206,86.73527680127992
44.15100137486787,72.73767750610679
23.032346959849384,87.918104452415
20.345204936783745,73.62516445378006
31.042602294284844,92.17710969351013
27.239200293695603,85.02074305738164
24.332599903929335,73.15027428483693
35.40073268123233,81.42298560107461
32.655000129991535,94.43664314352601
34.245653875310964,89.36790113249461
33.89560350193344,94.86759295946051
33.823250185815695,72.19844942970327
18.93992441023677,75.87035998586433
31.78578492535162,86.5475238188257
36.300170739686166,81.81207358373008
32.10855665129538,84.7940556013463
30.767032724950198,87.06454134586171
23.286176668959712,74.99307521529765
34.779106569900044,85.42621102805865
34.33379249310577,90.25707419286009
30.27270869311376,87.72190494191527
27.55685400847489,88.72665851929118
34.24575190481975,83.3590655801031
20.94418516055411,91.5745580450053
34.497054354965826,87.09802841169069
31.461476960030076,81.2203638033783
30.97024967674216,92.7268895910481
31.46543001440711,98.74072956760449
13.00922261628323,98.5984618228076
29.877956633343207,87.71531049238634
35.99513705523828,75.75157906181208
31.067793651676766,90.57166731180415
23.658271340451595,80.06529060142972
23.90582343216596,82.61152855482375
18.694387670054773,75.08789175399788
26.962216382634377,89.79300210348109
26.173649013990765,83.74641084892514
25.587392588771362,87.58498605050455
31.558484982209627,86.17478627807262
24.46903262892122,71.47048721976388
25.868029991701988,84.01576963802701
38.00080111328197,79.48490916450166
18.04785362685695,82.33954431509581
32.84907163968565,83.97231832712548
30.230062376347842,83.25944968430451
22.763668881616535,89.40879387732718
35.38973590242598,87.13268292615471
27.821873418049726,90.60485409518662
37.196421984734265,89.31975636663945
26.027909115776954,89.47962767676997
23.546793875474435,82.34484008049866
34.48824445948923,77.04562152085316
19.43385422141351,93.82568647748535
28.77135699496684,80.98582757676334
31.405281859893023,78.07035479227366
23.786286569126478,77.02623824200259
22.133528975810624,90.60299277023614
28.03520431087204,84.99553322623231
17.794681329321747,85.94700458427033
32.64008173778703,81.94520925611761
48.558879118174325,87.08552506362415
25.954009750155727,79.01539474858745
27.04527579051421,87.56194111105228
19.921867345880056,92.91076470159635
22.764205153994382,85.73928020897047
36.3931672497217,82.13558907258485
28.602590728021127,90.06742069239799
32.397811855338624,86.86710252779066
30.70679718912133,77.62706797176324
38.05735000203106,81.63196803675218
19.50333994115802,86.28702858002464
20.916702640704255,88.7682448634506
33.06530408261253,90.6826696810089
26.528235127346356,92.53310333980502
29.265102101424503,85.04050406566392
28.167597243127172,77.95324161552217
41.67444796379796,86.52282596237926
26.97517434445819,81.55250521233185
37.95381928955999,93.34869372701877
30.029790282694897,80.75874192369557
25.25685784274944,81.65815024785142
32.51051780146935,78.06533211590937
20.51102494204759,88.93694858028701
30.707323872729074,78.54138256860372
28.042731005884228,83.06732449520844
36.96728178920798,78.4226161329943
28.38508964488016,83.30696730915777
22.60541598428869,85.22446131033762
34.85158504552867,82.66869058427606
21.222199953432618,87.52119616285987
27.88754058909468,89.86387577674269
26.941782153340718,75.03947893619035
24.87731585046563,88.37118320757295
31.028461642108564,100.49409299383306
24.01185293586061,81.19099270057671
33.02625652803831,88.90080323176942
31.16987353234131,66.79822391117852
24.620736832660555,78.2103645537882
26.673307691440886,84.38502357129575
31.66948732407795,93.25258630599384
36.70929805514666,83.44223683023063
26.335432939954963,91.22733506428142
34.12562725414422,91.52782216544189
29.139252348311313,75.10870804270927
19.858640624608547,78.03218068921896
31.814224490571284,81.9012536912546
34.84201709135252,94.0131402231557
36.064725652313854,85.70166981339295
19.297259942910507,87.53768747339691
22.87420096615037,87.74232910762164
17.363390576474245,83.38040246801955
34.11967725213778,89.51377730577718
31.439061295268175,85.54530794620503
23.77538047241412,90.82568958797768
26.3856074223729,86.4520178549405
28.61746567968074,90.4631657119128
29.00674307816842,82.26671003308869
33.15892852150788,86.903240100507
23.51398146592603,77.81196063227506
21.764136635631544,75.84688990676503
35.28546113209785,83.06620215733014
25.449764250132297,82.62116578960358
35.40799914974345,90.89395189917035
21.53535022062731,95.36224960859126
21.691714207626404,86.7858137490311
32.60094304937591,88.41404709599206
27.37183283469719,84.76508299642171
24.07964327938574,77.9634835991943
28.339936128815193,87.83346920899591
27.0866469438153,85.92636323228922
29.949648359684296,88.67096705690712
36.16953388951943,81.98844910626687
25.586456500832238,81.14123439038353
28.556753788328596,91.14357556031601
21.364124290631402,83.8044530723537
38.95553389139626,87.85411738990861
32.94445978923053,76.25989416898796
31.14331163903055,86.98932503199208
23.211558383805535,72.1447006086795
15.103888502241988,83.44088210880645
35.91965902652612,82.76230608439528
31.190010933359122,84.00424841658531
37.03659829565327,91.52670946876191
24.06013969892149,93.5073196459817
24.40680115699838,87.54072243814127
44.2346661674767,98.9613202744273
31.106735092703268,86.0087674267384
34.94807172707798,75.41088098705819
27.094589336161263,83.13608962312595
29.85633287406098,92.49519552622726
28.04826084843042,85.46287806178769
27.338153009938548,72.6310608572248
19.184304626988002,92.61130886116408
22.05669724331548,81.89089237423985
32.13940368636244,79.14416893852552
38.724866900545194,82.07075541720339
27.990041006088273,92.1104946773471
35.04566478412015,82.8346653994901
47.3473925561996,75.3393954636982
23.284606105043377,95.15922932599818
32.76177816958071,84.59562789880901
25.233262527135768,87.2519568282854
19.15093057297154,87.73344974058644
27.64552291764784,81.24326194229225
24.729406873641363,89.85424505848414
30.685378750293612,87.71611670448826
32.62972011950845,84.34380247379194
33.3486184582395,88.58332253959398
27.92592401700597,85.28852775778878
36.486449680861796,82.09086089931749
24.21175442180794,81.68819795069464
45.8440534271676,84.46738721786875
31.47333633341949,92.43384475935046
37.127360089073576,77.83683170766335
29.524753991121457,89.14970138508752
34.599391649604755,86.54544041230817
14.559223345087673,95.86293206769757
26.178025599359326,91.72468030159874
27.373218467562644,87.62263012424194
36.14514871967159,89.36135531894124
37.384187796425266,85.57061089485624
17.654614254265347,83.06384734605157
25.134805964112992,85.9027411268733
31.964791097050544,91.1858592686838
27.312613709455263,79.62929058353423
19.416317095878817,78.399353208989
23.3199158670195,88.10918411614561
35.52103765449975,94.05782949063334
27.02379548287985,88.57860110298584
27.655625981060986,91.47827201424597
29.124433323237273,101.57591265385486
33.613391771978044,82.35755626031961
32.89184873200894,90.90930573062563
28.278471519221693,86.91971275964806
23.968671468110834,81.40606159076617
23.63453085053,95.03285934516849
30.78746795088334,84.64362517566308
16.36183732836882,77.41078785698348
26.94551208548159,83.78275116210736
31.389779935194653,94.00185242970659
25.020171429672644,83.39589627985185
25.475081001480294,91.8987637330883
28.365698568226986,81.38777687561047
28.733039688292234,80.00426361212249
14.558702649957848,86.37063245344663
20.26978761428788,80.45508703104935
33.16443585847033,80.46666951592788
18.064840962626732,86.72961594136514
21.505790717524405,89.98678790221739
21.72469490097999,75.3648929633486
36.95229433410136,80.44855119373547
36.69852342186586,89.41734828337148
26.010438715262605,87.23401110735085
35.574538374362106,81.18001601325258
17.207445580046894,82.9759653017195
27.664500585683985,79.93785846422453
21.88536465231307,88.62307192187039
34.181773192430555,82.0993004885755
27.76987424095375,84.63761899973832
18.514300988822995,79.27218954230915
26.89987424974769,78.29094473156704
22.616219989808535,82.71550148831419
20.704325187250326,83.31505185932978
26.723183757495924,81.05927593598685
24.69270956338477,70.5381739748612
28.642855709433547,78.97228904253468
34.23533035932094,86.31368062174022
26.124772915287387,94.9348417102663
26.853229967815114,85.93935973965534
27.52775713473345,92.5067417943905
42.446093991840314,85.32049184017629
24.90725008756998,90.5899873002237
17.810573114112188,86.22748507549348
29.687120462281506,89.71598263450558
19.56052504683876,88.40422442829625
27.028891219770454,96.48877209896911
23.148170925355842,81.04172968518671
41.35231975943532,78.00599732061558
24.771064769613538,76.38343215166401
35.41500847819614,86.01290172225502
30.847471330542447,90.5909994351445
30.043459986864097,85.76105435149029
42.19510407465074,85.03300096930982
27.49640913606026,86.40287434249264
30.21803512774839,81.64579384849644
31.111732322162307,87.77751904748274
20.42678417383094,81.98845918303402
24.980414621287753,91.27782988940193
28.15670888582696,82.55423095872159
20.536877061529534,94.92452072447625
21.01262018938416,92.25368081932335
28.499739807293313,88.49417210205915
26.555937534245256,90.45403962852599
16.978527164101926,89.07215646575327
29.04501734894643,87.39090559072186
30.26524974499323,89.61350604624349
27.50259926338245,86.04248651825495
33.88422937650955,90.42560164552445
36.77074425917107,80.88338680906178
20.09923866446627,74.99021511918737
40.29489709733565,85.3829104303842
27.14121766952846,100.74188366480892
36.36254472517167,82.94834162769403
31.392989858204956,87.92495596011005
27.916108343552022,80.77511627172241
25.900549608560087,82.37119448592651
23.958644338368146,84.56663101248945
32.19394374666003,82.92198463188255
24.188087625550864,91.89961428724742
21.705877686558654,92.0887323826498
29.048964235916888,79.43984604992755
25.15771887285587,85.17400766095577
25.78491847142138,83.28969587132684
34.65546694015697,78.44183293686646
27.462961354774578,86.37861470203289
37.7852140139524,97.25265990194924
29.3495322559279,84.99731929823842
33.62614873118919,91.93053026770592
25.18903548877112,78.8639638950508
16.416647133460835,82.29351755009407
29.961040415747206,89.17298670668711
22.005678964895296,81.74942037669213
30.96082649125436,88.30439544078521
26.86259443239075,92.98516822019722
24.127655213853195,93.43912453302276
23.99430477838323,88.19189790550388
36.04633486277021,87.59479540256679
24.477614630758687,90.89945661764006
28.126842942507803,85.06832156579726
22.526948054277828,76.62801309819935
26.78206224485812,84.05090131124496
32.09254667738842,88.47711236902404
27.792467816710065,92.01016189069585
18.415213391158225,85.07630633685474
31.523407663874416,97.47199170279649
25.722459159125183,91.58820522532557
22.804928024921512,94.25908076095706
18.085156005590694,80.38209922246956
25.59569941504938,85.31068465818883
30.28282508171713,81.56751159043395
24.996030070508308,88.15671073286755
24.429417619775002,92.07492518188413
16.098698925317926,85.12050706905363
37.37860916296225,83.59645188807811
27.439426736249104,80.10628126013096
26.473752930628475,88.48624988976948
19.675550510536294,78.03215113264424
30.637712736108654,85.49712078265897
26.833472034307505,88.73902328860102
18.90904406430197,82.38442079389077
27.517149832785524,95.08736366962752
35.49039593873513,93.02582668183092
18.516487606184242,78.66165490205285
31.44663685622269,74.3363693105284
33.50845430141604,80.65394969098588
44.34841960215394,87.45490375098849
17.231143338126625,88.50012230439678
22.251993669372027,94.98072609714521
25.46545241117667,96.68280257293
22.681691255268127,94.81407933062353
41.08094564223296,93.1987437720463
26.566024975305385,83.49274535075948
38.66391267336932,76.95614818054935
30.487172834257866,76.20579954059254
29.93453586157794,88.09668901978249
30.62992531959451,80.14818663073555
16.56574864281482,85.50166472624916
42.16598912774052,92.58087317816779
22.591491706931606,91.04485525861442
29.80432571925959,98.86166418568726
24.868805024728477,79.36749405089645
19.052072882383662,82.78051513138355
20.90748287390453,86.65708239708225
30.345128387794496,98.29276070769916
34.76242583409488,85.5761660952194
29.73824030344699,89.10385108975694
30.49332721549573,87.95974984718643
44.34204019940808,73.24440719934371
23.869200321164715,87.04114820084614
23.39207942102783,90.37181238902045
24.475659552843933,86.41426534096684
28.79699145978382,88.98506391563421
26.768864816448197,77.91017510100764
30.678346871798652,83.93358947961643
24.673769764715644,94.9804162506111
21.915339998764438,94.58541711199024
29.62670408861792,87.77886036182889
29.423056262005456,77.66143306841533
33.56524893015506,92.26151983888207
39.294045253837496,79.51995108723831
24.47070058991497,90.33503962497022
26.0430251743508,90.12520797450067
29.95393907643435,80.8114399283747
29.028552805677705,84.0636983283036
34.58633451801268,81.2497120405166
27.61655293184327,80.51715879740439
28.28972922286373,87.95848683603795
32.532650691435364,81.2038817542297
23.213077792643386,68.29820318746
29.163286452034825,83.23660969422791
26.70661602927707,93.4406136176488
33.188374612699576,73.48918850508653
39.48018071178256,91.42941897768196
35.53426985466955,79.02795797693817
24.619623963027575,83.47446355454898
33.19175948978528,93.65055553847782
31.030285478101128,84.24220634039486
21.94048740499612,97.03261634420495
33.29305083135577,75.08181616074269
32.35624983234238,91.65199527768611
22.855579598228942,85.30201396414655
27.06179015023128,79.97290978739161
28.1217399423678,85.73512603256366
21.010390928802387,91.59492123586782
35.22100418806065,92.62303415159863
12.578622372386764,82.2167625112901
37.313014435927144,91.2371474421629
30.22963630763157,90.0138154446619
37.181183598523994,90.81059567459388
36.84390923996439,75.36935308062097
22.030285655445855,82.90085216078495
28.985949514592253,88.49570388602741
29.652661709618005,83.80898700003881
26.495323919989787,93.96467548172714
37.49039549204516,85.09680881057831
31.57202370745717,88.93946672564961
29.181811652733938,96.01452467658183
24.768720294609317,70.27899247220992
33.816500795065714,87.06818830218577
35.5853524035456,85.2192034980204
31.3530695175588,91.46341666857687
23.269694311801192,87.1797527034776
30.253754909542973,88.5568481669194
31.279069427888267,77.18941638246119
9.795147197851716,88.64193489398883
29.721009486519307,80.11581682254202
30.48237423050293,80.194317711551
32.62189013566827,81.27150953898648
24.54766827052614,92.23227126201648
33.77140070256982,88.62165131701393
28.57057976624373,85.24739523191221
24.308666491154824,95.8167372181312
35.66854643652108,83.15337762534602
30.021421606831982,87.27915372846127
34.19712191300941,89.54384021364187
31.146949138270145,80.91927619283666
30.08947678141094,90.47273785890165
24.469801405507734,81.35651447530272
29.509578388854376,80.94516593513254
26.84639859680716,71.42079271440198
26.129068788290446,79.16683641449433
27.11773102014849,81.6986164340049
26.094810199582156,88.32555093689993
29.925663574473408,97.20150302498557
37.193754578636174,73.96942078066938
33.76665777227457,83.10818660485609
18.40627278737606,87.57881283606248
21.471253121578098,92.99283805899873
25.349071003136977,80.92622215026988
30.865137926354514,80.41982166497388
31.406299455952485,90.18257108087644
30.2222913685312,74.353243918586
29.611482720221428,83.27741895142842
36.94254057142302,93.5536642449658
32.70438411733075,89.06939646360648
19.654769590044687,80.4178061883863
26.86306558414911,90.9657988737391
33.60056927189379,85.95563868886255
20.91307489157538,88.89564015478435
29.19896860545612,93.14272002952605
29.435884517098728,85.9971867986904
27.383718389645388,99.02471160106208
38.27707083544715,90.78259750580297
31.601357217876426,86.03554993932175
22.713983402970467,93.45742250149645
22.181397981526665,80.88907822780436
29.984758890279185,84.41864598196348
38.73876466112302,89.12976095929022
32.935414228775734,89.23302594498689
22.155697568612407,83.08912412780543
32.73348422501391,89.28177320295006
30.11814034677071,77.36045983764988
30.662299677987075,79.95943816068117
35.146987670362556,82.52370522046213
36.26028521934333,83.2507824675454
25.60363318933245,98.76858503590707
18.179748699162957,78.58228262904127
27.26819594898867,80.4707853899146
27.567133481249705,86.40348740657906
24.09465966068381,77.4765537577317
19.29711694986291,89.2451805062427
24.750404037491645,92.59559477015706
19.660068377789187,95.97216558090547
35.09156805811566,87.15066448997209
30.539209650625384,80.33713139240886
32.89169902681087,86.65496250115591
21.386375984366126,89.57529275579823
28.99169478444259,83.03682226347871
23.882191687657564,73.84427034967841
27.64545494445769,90.10685046396001
30.235055923017928,83.51083226766976
28.58747957791332,86.36614190881825
39.24968215908922,80.31229009974972
29.946262038234718,77.77499852653601
19.339224944057086,91.21266861358467
28.368464326004847,78.88577532997323
25.036525902120637,71.20868438336512
33.12656946140001,90.12062186461921
29.691932205705996,83.44250979918156
24.220646816075067,81.25587817984943
23.800420081546406,76.8556478383125
36.22151016376873,86.91742731015016
32.44475023599125,90.30975261583204
31.722347882370148,84.97249466156816
24.073486677981016,91.94218132674155
14.730212052994714,88.28559685366106
28.762773572954497,94.74878201738463
21.13905254271279,86.45799788909731
24.228521191799132,82.97581303443553
30.465956091159114,79.8423337882003
16.864745815231025,88.60353753085907
24.404916412798705,80.02502557726076
24.633396054154645,96.31399681944268
28.816819433769098,87.39235599572844
23.410125372664183,73.02817700573284
22.315962532638324,88.59039265916758
29.179924662652496,85.09306534779755
36.645749059069466,88.67471295691081
39.083624168610676,91.60341847603814
37.769571754801326,101.23098259613037
30.61023271036953,81.53709557174199
24.745146640700003,73.73632852473597
29.17339561284485,83.58295084243144
35.26349460154604,86.80566576745578
32.06337987931517,102.05126244882784
36.64326987828099,79.56024711880761
22.639315101712292,84.42845164372397
37.85592873025251,76.69666527983006
36.2252989702491,85.39461503025042
30.08190240101929,78.76920259063773
28.660591394098216,102.12222633378526
38.65042724113606,87.57775141844843
30.01101975616309,86.46874294882798
30.78233139903094,84.74348254491693
27.46911783738052,85.06250586229025
17.474565638804087,99.63369696462215
26.576292907485314,89.98691709321974
16.223067176797148,84.2604547938927
29.451173442891733,83.66956042467407
33.02710894395793,87.18471504480908
33.8223975320161,87.74620311501339
25.838199795017303,68.34413499520228
26.785893181241953,93.01440860454316
33.52318093776518,87.88906421129823
31.09518994356549,93.44735091265682
23.741266531556448,81.34569079351625
32.88551405564202,92.6012784185046
27.16510811456117,87.7848953722638
28.264562721798864,91.44798671754278
28.73726814023641,79.04553522964514
28.892428247621393,85.23448787017503
32.046344476080634,86.89404983256956
24.559258455242645,94.04948178737402
29.914719319745018,84.68387848922968
33.58396779894208,86.69054643113539
32.555201876781915,77.17729682822365
23.440786809333527,81.06922605714927
34.03361376940375,89.83522024413921
26.50971080395431,97.12974673600445
35.65848867429921,93.28373987799485
37.56588611166607,80.68301836183052
33.96333084853855,93.61350951054844
33.298227432675134,83.58890255536694
39.02520194590732,80.95105778431419
35.74005063016993,74.45496102476247
22.283543647120524,89.39959473507835
30.655993488007265,80.75369077428408
23.28295508684522,91.76160939591077
20.75597349191533,76.76356243518956
31.006467509690683,83.85997455611054
33.6218362806325,84.40723866892101
23.442300001232418,83.6425046003417
20.447176636016998,89.35270294723485
27.619430764769746,88.68552894539356
29.948283713057236,94.06295198057484
29.032057269544374,75.45008369920266
35.567855117223495,87.61918481520044
36.12180500337914,92.08439901966054
24.346671418674134,89.81738601772993
30.159500387302902,85.38774858354398
15.48880939832537,91.00686865614233
35.820061272538375,88.90287937818069
26.972275858096648,84.22631673915211
22.001152622225334,100.62428691492157
31.211237680989203,100.88454527363784
30.455468849354396,80.15275867919975
34.89566444282629,98.76743582669346
28.978484037238513,86.699727223207
28.1675913086807,87.15741179590775
35.0143617820036,74.88579097305342
19.802824348671464,100.90140660478998
29.82989401352302,83.3587037959577
22.059841168738075,90.46411211017731
36.43976497055794,88.53666223188583
42.116876505143836,86.49998453196119
24.349030549191568,88.8348311391105
24.172138855339792,84.30320153675498
25.047256094794317,86.80841586919577
30.834923139039933,88.87759792123117
31.964208106740454,83.34179702499684
26.56568843799104,97.77058575874685
27.14343980388264,78.12238466618957
34.01042949637676,89.04435698314815
33.39057235377774,89.44566552579312
28.90809501431657,84.53387528101022
27.679941853706023,98.19361598120047
26.418508955317314,95.63752130957624
27.795476623458978,80.83422567768434
37.8640266171142,104.24220172866798
31.717786914788572,93.17686230430274
38.87431099745268,88.94923357552572
23.115444382190773,83.81371646974813
18.30325972671684,82.81184966903503
26.080608788886146,82.40243436957763
32.450756670951414,96.1112108053875
29.6976464053723,98.8893762961844
28.17399598195728,93.11510792675033
34.2243868330556,80.34563363819461
31.462186545763863,91.18745232424645
31.553371762191496,94.7553996289
18.645455554759298,85.55599083306988
32.53032933639411,94.18613134414966
31.157303814416448,84.14934985062963
31.03930332145491,87.08656853819
22.765287146342708,83.87244518609073
15.503232619862002,79.15731185287524
26.02456465420691,83.54401029335637
32.83490992215212,83.78735878021023
31.11802013302788,86.76730565903263
29.797043082880656,85.22985302168854
32.14886919340433,77.46750116913037
30.21214478277051,82.01907802139726
20.72200630543325,84.28462407334688
38.27482326471024,80.50591540584627
29.53295521417743,89.54641153760333
26.168397926070533,90.24934616243506
34.49815688469652,77.98410338231773
27.57044780124403,92.14773817079441
19.744780778894945,80.07722036909509
29.618894284762185,89.28187412201751
31.39750657204349,69.31668143844796
30.30911381700734,78.31130670772252
26.115760468192597,99.80352986849539
34.725720792002505,98.00597092688835
20.7722985223912,76.72076874894255
29.827453269880408,91.27670050827807
29.531720647931515,83.19736171588312
29.755612144539946,92.29686661181621
21.39018644923665,73.6997897595759
23.468625896436475,80.55939766921301
36.48830517816124,83.16294430371931
20.467219451498714,84.60071909898494
19.209319394115546,84.75246604204088
33.27187133118168,84.46531358348969
38.913660111308346,99.75821038911755
25.877803802369694,83.47199302586675
34.90818955150772,84.56887303036967
27.152813485446178,74.65418232269798
24.700695270725188,82.56244676732227
30.168284647358117,80.79293041752528
23.547389134672166,95.4361250941504
32.88656279327833,92.81534790855633
22.88594593192174,97.69665087264613
17.692526700170127,82.97316854643178
30.110479613633494,80.23003877472864
27.545582022291512,82.593466178778
20.07679770583249,81.68305504871246
38.99343775048852,74.2647446057256
17.254463026320607,77.91848593278392
24.307456368482896,83.27191639105601
11.007746234858935,87.00690008088507
21.968954027154204,88.59880178427828
41.28389159926778,89.76902047918563
21.802862625288533,73.6699883393362
27.746304880710756,93.97127933914338
34.18212145198187,96.46046778669213
29.267058248397042,91.54148500457036
17.959979746345574,83.7181239840683
29.841845685400948,89.46283020627743
23.01151753792509,76.19292737999375
19.954886207133594,90.30572743920902
36.69608739084631,81.0964853296625
33.560373448516216,80.01169988921004
28.729287104142863,82.08989022058574
31.199489224763333,93.25707683616561
29.787053106355806,77.31677314626374
27.998057138313474,78.42657183376447
29.502498345627643,91.56420728672262
29.660229833796404,94.84210431828085
27.978971597625574,84.6783827976998
22.482228044619188,82.66929508338623
18.876808601177483,83.79955705028028
30.709200289384594,71.88341045382107
19.809627686365886,87.28224290029475
36.6327799717503,86.95474749078484
29.63897814533515,92.61596512106972
36.15035504192004,83.56295072186475
28.8965307137285,88.32084619842374
31.941197763405075,90.64293582232297
39.49418192113968,93.48687498952145
31.874240888691055,88.63464485651137
34.1366815863376,84.09127317299374
33.20432590732129,86.42865580740988
30.37561602987911,75.84990827248221
26.38630186710562,91.15554523002048
27.45534312916708,80.39542646775082
33.764778188000626,87.84163465843508
23.660181483445367,83.3424863029567
38.6122187459199,94.0835033012472
27.837168302048674,84.62548513359413
29.62884049335011,81.72225324729098
36.16559753408958,96.77855809209498
31.14826068537118,73.9153339668752
24.25498737274776,100.45316216087814
30.869079092347256,87.85640274346589
18.288051936904694,89.7021849550384
28.90270021214748,86.70762721300291
26.483443306356968,87.72005440621415
30.89498680175344,84.31077104652644
26.182164085536826,87.45856568458225
22.18447049638804,80.76593519894757
21.71790697106259,80.96557754187819
35.70587985558462,91.09995079428545
26.859657218832396,82.66139180456702
37.7317775396463,72.95296870570036
27.95655206112275,89.32710176189364
25.40302060240546,90.2918245053178
33.49781461803569,84.67588447815294
20.44178638128146,81.45847238012216
26.248654710188294,86.21270175453051
38.916092790240725,89.17821046473644
25.730016021738223,84.95489388742091
26.91559496579187,94.54700082818844
42.63202492796131,90.42549356444293
19.027248937780445,75.9859732106516
18.55984259027131,78.01103679915794
36.52748167737509,85.75356577137084
18.85589490910977,88.42818023808161
30.39951879499326,86.11686971270592
35.598381348298254,93.27254991316593
29.47290451953016,73.75399413122184
32.780636630859405,87.55032113598108
35.13304147533515,84.37532245594562
29.412820803063788,95.54613845711908
25.263924711575385,87.72520710115288
36.31660674419963,75.33768105609826
27.465776416431716,84.82425675547258
21.48212865139863,84.36266859980783
18.464538694239224,90.68225077151386
16.210507957311822,76.52120988271986
27.133501438535113,84.63731425038445
32.92736836563834,92.12786268320713
22.884128761688284,86.6976673317549
12.35327382229929,82.92937242789405
22.02969853196306,94.13656462994075
30.481248926124046,82.9064748619644
25.04171138393521,79.54760126055953
34.54638656181371,83.35006052637932
38.489768221978345,87.08603833965779
19.590443933449258,85.33949475458743
33.37644691952208,86.84085558847646
19.179905454466905,86.17768579615421
30.392628968872334,91.39179565746976
33.45287330831582,86.40301007883807
28.68356979693233,102.39447876333178
17.88489065870539,91.1940012877262
29.408339180713998,84.33181648676978
28.97626248698173,86.96091038571939
30.647824044543995,81.70155305247053
29.772812307306232,86.15695749878198
36.41421574658242,100.60024916623057
28.45222565525047,82.98424402064867
28.02143720536645,79.77392014103039
20.96308001830099,84.57401496491701
36.70034694251549,99.97758480210886
26.907279402952163,79.8591177359492
23.06433597146622,83.19848045953685
37.554646441008494,86.44098903112337
28.54255206888667,83.5764155856362
38.971493887989524,77.3156986576107
31.962393879448957,89.89631396591535
35.16619448957483,79.72512575968747
27.093472834133873,83.45206438328881
26.878520964320817,84.41243261823175
30.62360295923211,87.55672750444772
30.898018659573488,73.46481356559202
31.083861562306232,80.15639022705274
20.968964009826262,91.28080924757884
30.988095529810963,92.24785145366923
31.944888103049937,85.75023996442405
24.851338722669112,93.42778115191219
32.60119896418695,81.78318063749666
35.56352589071889,96.10735449312433
30.311982863351073,87.98832783780634
37.631629702405164,85.60064158737185
29.408872499825712,84.44028965840057
23.121923861168177,74.25746236834439
31.81684266484835,82.05188729917948
36.190222340779,81.68657705304985
36.61380338291559,93.32854827548437
28.63220860911298,92.7409097109509
41.805625432442504,77.41967344585109
36.46444918810495,87.53028248329625
24.196253516327378,73.79610684457076
31.342674976574138,78.63468057257118
30.20974877166766,88.22377090981007
38.67817672036858,80.82385836555181
23.22603207775875,88.59415157175805
34.91993105156235,89.05901136429351
27.890533455361986,89.38149660996935
23.424066633220818,88.12567194477074
21.71268634586004,85.00396410236692
26.99816703640421,74.28965551187017
27.06602021271696,77.74089246460389
26.182634714936892,84.9031550439475
27.053690371564876,91.01911964799088
38.14311328290313,77.37389648302886
17.668790623941653,84.78020972360005
24.461298400715904,78.91194682653236
42.399887241607985,87.17951960593685
28.561603260071827,91.76586825971464
28.39593894966217,92.13869140243835
36.22908049671533,73.04419000064587
25.598853734660562,86.82548730098641
25.554966819691693,88.27168714383072
31.815524777358757,95.98546618586447
29.663395083357514,84.4000118524658
39.19018874297124,92.65399025561261
29.31341928241821,88.51256489558764
22.33349474405173,83.87578848661208
23.95770898162033,86.68028588661672
22.91877550905005,70.19284897528695
37.57265778859711,87.53702817383147
24.45724136439473,97.29856711004993
31.33118942759435,88.81115957414947
36.6103117542184,80.47146270465738
42.00459458025264,72.27553902632897
42.25969631152523,83.92617756775388
28.96245109925396,96.8260343169691
26.388287109732588,87.86382600694186
20.420573866343435,89.60643598815822
33.66988116567964,85.5512425097163
23.02642060114402,78.94882537267388
21.8507637434765,93.22433963670368
11.930928419638654,84.65127922854174
25.009602058266182,88.78975481512512
14.361648327484994,91.97491061781551
35.29263677015734,87.53532129917306
33.36540799123423,73.44783420388633
32.65239583762596,84.01401013319509
38.63233908802917,81.72421758473892
17.853526354535624,86.34889936135028
33.383495046005336,86.40237928697435
29.933445913658023,85.84739489700766
30.485604296610664,84.87435335606104
19.4799894260277,89.83840932821369
29.816432357128104,83.0009099752076
38.78316305645757,88.65513389025448
19.99145931470246,85.35503012796075
31.301177847709937,92.50458631827227
30.121145243134755,83.24479021837398
36.05097198794313,86.22184673093635
32.34829357881186,87.70952682818461
35.11365465147969,92.57708254813328
29.45412309165667,92.81469126366046
22.24291899345851,96.85340507077457
28.153655719442092,80.46358305413854
28.69551186514929,86.63638414812323
26.16199846073524,89.43231198774686
24.300316005768057,88.15163835927845
21.903800127054467,80.69957662006495
20.189636760642,87.15294499245952
32.160019017570654,83.13397516755153
32.8716275298534,89.60034137129769
26.7666366520243,90.13002117837625
28.80142667628,78.5946928908947
29.440362630388393,74.83570558664647
29.50695682194587,86.42556091393601
21.604415330583713,86.38128246024735
34.209813017306196,85.81522813768325
28.28740706438182,87.25890248779668
37.2959250310521,97.78651065613474
32.14591897702675,87.3788055601555
33.015528538807516,94.99433453725085
30.697687824106076,80.24211237004295
30.453499223919295,82.72709773127693
28.623336364924395,92.1075611590714
34.474276715135794,86.55666368305457
36.2869460722235,78.41403703779453
23.700051915943106,85.82053720105931
41.378142930587465,89.31742710953658
28.921711511639693,82.43744547846869
24.400368486310477,73.46836083175789
21.970826666931146,82.2893041878945
27.173053960517564,87.17769348221543
17.755288001618943,100.24085119407104
26.51466024566382,85.05672193965155
31.21261315429111,95.81201825797066
11.360044306189234,87.3651321610449
27.673590060897993,87.88106084149614
25.600013345199184,93.22928179935279
21.794204865804048,81.780281132419
18.88102764065328,81.98688628031155
26.482634187424022,92.62238201399978
33.7563703599666,79.27356123370122
22.797205620063757,87.24282772953391
18.281981472859414,82.7336551820437
28.340505985815955,90.16664816375774
33.06592425554203,74.72628163980939
26.103406655575668,82.86559510730086
30.287961829679258,91.12603123735815
34.16212349182412,89.79203878214027
35.14268953258364,89.58451579382937
32.77562186375925,90.77176551978386
35.668533871142934,86.18700670251683
27.36735018761151,82.73566167125072
45.641867930656375,85.27940057550973
34.85078948869785,80.74213270341622
37.73351223146407,83.1791703435215
28.44483089537357,85.03623044048365
37.571487191336885,85.22623930049619
23.75516588378258,88.94377816218929
21.0036836910014,81.79495800290935
24.057320802057234,89.6448048578789
35.90652641345416,97.99059526233
19.7584012267356,86.78942286796784
42.27538168899075,92.88753395222696
26.033238422189193,91.67839612430133
33.93648212369706,86.68778448959942
33.96074558284673,86.85390393063174
40.735227859176405,77.7012844002859
32.29342031544322,95.9548111410441
17.13865507758696,86.69832547205985
23.541544288164232,95.09768970491038
29.593420051439814,85.55704893529438
26.339447940359435,84.51658089555467
20.24836805135876,90.30899378201713
29.259117428519467,83.59365730668303
30.21411638836062,86.51243908706131
24.49749385768506,88.32120468202206
31.17128451902544,79.75927698243517
33.036569242227316,98.20550942238525
34.663620898841124,84.34158617722164
39.93797263243506,83.00234805928373
22.906360496513116,86.13863091375335
19.653553984956364,84.44125511587735
25.89378234465591,85.31071910644071
29.0324339973703,74.7577173952279
32.787793141371445,89.04900429004941
23.48444683192262,78.86198471794256
29.8813631758975,92.07670976869404
35.2680940600196,88.65359253108205
23.398933426470773,91.35323367116442
28.95395936088009,84.87161355802948
30.122233431619403,89.32160851042676
21.9746882711706,89.19238488022604
30.70880415538967,87.47061678853996
27.62870516522784,88.97578678147187
26.615017507844886,92.6046992323631
25.76087667937557,82.48781800336438
37.9611125049948,90.90256537460775
22.454294615907052,80.55826975461349
26.268571734751696,78.05689764698347
33.633484880665556,83.49432550606772
35.681698870603405,91.72162354575192
34.37409790091817,86.54150562166917
37.23694526370457,84.81286653397682
35.89397497910403,82.88648384373457
24.4422109389914,78.84044137538369
17.84804222474661,81.83596724616997
26.01870764315442,90.47642229542801
29.5465967724123,90.34403075398919
35.105515305527774,85.39485203308702
31.916376088772605,84.00527967340467
21.91841899279764,76.15184409713645
24.144123017127413,83.86254891640797
26.521200260956004,87.45017175451387
32.3466442927033,92.34027496138215
28.886227305109294,86.01153549933572
89.47536511626419,104.07145701406881
90.55631283986719,104.2344733433265
99.01494528532001,107.38854612815848
91.79192110089257,95.3843473765076
93.6930169017511,102.84133669922836
95.5001580787432,105.51936947959722
93.95987766306035,107.09208535672178
94.33552312876562,101.74120168590751
93.47860139360441,102.66584114951826
89.75773724221462,107.50028005903602
91.54355586908673,105.42601319934002
88.33808636874419,103.8577958618385
96.06456323006852,98.78770310205292
89.37031481821478,104.68331171960439
96.42777786796363,100.37279148708663
96.0818657576424,105.77817536798112
93.84345096202468,98.6791844941662
94.07262419103901,110.54216916016385
90.29916990673208,101.51548128711076
88.78200661527886,104.27159196022755
91.88931418300051,101.68815287803291
94.5431409173493,103.68940469595805
88.12085347751885,108.31233932306323
93.9554739074247,102.9462224453021
92.0865509127541,111.00779046688068
90.96233882323605,97.54345378926425
102.11468829740886,102.83868886043891
91.77602167613827,102.41582034635479
86.86471979819702,100.86769824019383
86.27150145821813,105.47580125658547
92.775233722997,99.50129756922946
94.33547048642755,112.68699430347718
94.17147622860222,108.54542772107149
90.15643809825444,102.07724292401369
98.3655897605209,109.65261205936045
94.06030106009838,103.03241621911127
88.25721970633967,108.11254258668897
92.63136965150306,109.55137645169178
99.06527367717484,105.98211601976647
90.33672776414146,109.13783266935302
88.75770110777651,100.1275801011374
90.69770261363838,99.31821302515016
90.4760993388909,104.80194718488198
92.97092358206876,100.08917343095449
87.24287624844789,104.59581474348315
91.78462277701915,103.86643620634095
86.40713898034447,103.79202572711097
94.12131898028568,101.64865366661623
84.66664617881062,101.51994970643914
89.66146813630347,93.99835395184851
97.89786636767462,103.6953940452322
89.4773703586675,99.27331711427588
96.7742994027813,98.1860981856155
99.30775793189217,104.9019944686393
94.10452574014994,93.14833128354734
99.52735985743597,100.56777137590345
83.88648642439946,102.2743439347764
97.95030127329086,103.10856888985582
94.20837331232194,104.50359081877363
97.9184655180772,108.09615420086007
97.07844129510435,102.76201294897547
96.20506918257158,104.88006048949725
101.19249146400409,102.78185619276393
88.35365277118606,109.83217698871613
92.4490242631338,102.44709639306355
97.88564495610773,106.57499977398872
90.91464138114203,108.38680242911676
95.3126299280544,105.34027053068357
91.67910001569152,104.1839603207725
97.44504120218747,103.56194579455868
94.12237934582667,107.11559546704832
96.87757757324205,103.2720680500174
97.24676889645453,107.34556361064432
87.5006177073132,107.33875481232359
89.80162850723055,107.02754333062326
91.33930382872548,110.75649015346178
95.49287146674064,103.26434370186158
94.00661026747669,108.20203948143343
97.42690523245273,103.37834049782927
92.54085611140141,109.81201498981504
93.7931453380971,105.38560458920055
89.68204677769417,105.56391438216438
92.76431382758119,98.92893940747317
96.4794159141045,105.03698314888648
91.97234103512072,103.06329177717882
94.48025619170704,100.76710940603387
90.2873695696822,105.95982484333172
93.32936321897625,105.68855603956891
93.48293394005407,103.47261221230576
94.4368684300197,107.17952412146842
87.42528677204228,100.59796806620092
98.5862008275542,104.86198263867959
95.72488937818684,105.1584820718109
93.35575618420305,97.72783949585879
92.0415182667351,100.99334674575037
93.57974232748926,107.14517075226692
91.57664301411255,101.0542443087689
91.88856440749095,104.95680750672938
96.62586147834703,100.59884777149854
86.33528893191067,102.58010697162157
91.66412473184022,104.7874884854714
90.9687174442452,98.68830232496784
95.85477272344536,103.40233921088094
93.31628467974497,107.56029410268773
86.31827993226095,103.99663177315402
91.68123237525882,104.4694463731965
97.85003701040768,104.68855675143566
94.01540853772266,106.89069065592709
93.08185462163992,108.8998347292035
91.15231430264949,103.65942619195627
88.42599742777894,102.3102740387173
87.13279349724041,104.2365407075293
92.8989944928661,105.6171417469729
92.53415598248513,105.56868760962577
93.8267245706217,105.96948059371044
92.10368001760632,105.67355606466849
88.96993893635678,102.71931015610598
89.66429597761626,107.47828324051349
92.80887806377518,110.37734956595328
89.27586144459792,99.63315471834493
95.1786759909447,105.54591053425642
98.27457468737927,101.13097785164982
89.9525325968319,105.5251163241752
87.39958938945315,106.26598010190646
96.62072825162025,103.75798954245703
93.17998566787324,110.18091994767579
88.40670115885578,101.6386160874314
91.8054643030177,113.7148749856262
95.9895445458494,102.96489751009163
97.88695392761107,107.32353634594483
103.66401005647162,101.81711544192508
98.16513513374231,106.57569957352288
93.93497093427656,104.46642238111055
96.63025748775922,106.69869659344606
90.79909172109822,98.2483593089013
90.32450255733602,109.80231831720356
90.86453081106127,106.72181619888693
86.85468987395535,108.0003953530831
92.3251471028456,102.18774116007738
93.33954942535631,99.04263289966536
90.13854996237097,104.05961207774685
91.35704530921723,106.83267577447792
94.06748748656914,108.03857287549268
90.51738656322964,108.1214869145896
103.51735814966216,108.65937795103777
90.35198520754565,96.62322734733613
93.11929935405064,103.94331112011325
88.74872942399422,108.25889740804857
88.63555634110901,101.80392851904573
85.89036397419969,104.56993565295043
85.51762837333823,106.5605045581441
91.75443515715575,108.23771859565079
91.61678446570647,102.88670938951795
102.63213319673329,106.23288861967426
92.35439411153662,110.20886279355184
92.46176645256314,103.13061455476166
92.64008641807672,102.92546635876283
96.0163866173672,105.66198008748657
97.61375544389283,107.46862055120327
89.38849542270417,108.00835519732283
97.72707318683038,98.67790135105263
91.28584517200478,105.20677962668388
95.40515230701742,101.99961569240013
90.2962147421637,109.38879169504
88.69252718493293,103.70667011708727
93.40103966612459,109.97884507634721
91.46851803337178,109.86306042555127
86.53490445096946,100.59080793423901
100.69216294842752,104.84636102193898
88.62647366900224,107.98485104195771
94.6644128001955,104.10137116398191
91.91535829871485,105.37109119175265
93.69544125124325,104.8171993665358
94.19256256786224,100.56553819617858
94.48573820271976,111.78532120247364
96.28087842050391,106.53915960386989
93.15311217848813,104.37345465653819
99.51077899803857,110.19523811107314
96.23822576472956,108.85667070725103
94.06089434739219,111.60112940327383
95.8942637810655,105.62672544333634
94.24345957732093,110.38615135326894
97.60580119183626,110.1824862790675
89.48962437096748,105.85839657754444
94.01888617754504,109.93825929420711
95.92643956645253,107.91225785181845
93.32778563001723,100.88542059462354
93.72836776091484,98.3711711864075
92.94599648355556,106.04381605056602
91.34202013795331,96.27076252095145
97.12918058134402,103.44573538155379
90.14393202895029,103.5067331234718
91.466633333365,102.44998757185148
90.45451138514966,107.43798107830104
94.00209333416566,101.0563637705371
92.60344532893058,101.24631664039484
99.10476885385367,111.1472557947919
92.42504257537004,104.64875023662353
94.21352263501427,101.77443504382789
88.91073710745881,100.64124839123667
93.55667791976778,101.52483190550169
96.29059812962902,106.73612540398534
87.22656310365029,99.63571317530601
97.39215572517874,94.7550385886733
91.98710064168989,100.5555070973493
93.71722703115609,105.9668101858062
95.4759134755891,105.1949729848475
95.1798883907915,101.68270320308245
95.34004682051575,101.49605882556759
96.9379607423166,104.54109709862524
91.15772384831612,104.20861234487056
96.91470410585387,97.29502800719698
93.28846152784836,98.6869019017065
94.09429980041264,107.99928833877546
88.13775130723162,99.46570863499335
97.20879169906736,101.72643355909703
92.9947009683785,106.24096888490848
86.81404818933102,106.65848921326678
97.84360495982915,102.77849676872866
91.51087338572103,109.50873692728086
103.37306642147475,104.00135025291745
93.06517831372105,115.11934094248456
92.3234055464728,105.06741547404634
95.59797125438084,101.85824586766218
101.57731348796163,101.51551746013949
91.19255099175365,109.50267034966245
89.81513458213834,103.905201980826
96.16149735576283,99.38566394817822
87.78926580544419,103.12495916837042
91.56645721972545,100.57645047204645
87.65913947041085,110.7906576037371
87.85141098777012,106.58082067344513
90.17937896392965,111.75151069598897
78.58404592082782,104.37583026456743
94.71189566729467,104.2605559842699
89.5479061965243,106.60640754247314
93.57489527753488,103.43937825468124
91.96599820010904,112.66546870313218
91.78399149821318,98.88514645861831
95.60922229343774,103.53573281119695
92.96313381189026,106.96583863475539
93.64588155397988,103.25042497895018
99.05184636456322,106.3187466306414
87.96499656509252,101.70744622770857
94.06822543185189,103.26139888578248
92.16640742806375,107.52834611534682
95.87896799659609,99.56728935132065
95.08023032968559,104.91647752435561
94.88687826450536,109.84789470880722
95.45770269219884,105.17212718080765
90.30597446860213,107.53994661157198
85.36510914288125,106.14329447976752
92.68170742353915,105.80374166772822
97.04615628344581,110.6284621024882
90.23402539137898,105.18216449115684
100.76127685364537,112.08369630574401
93.96687464776558,107.24054613975011
88.9569026466686,101.08471358565185
83.47461383201416,98.20156529408656
101.41591968078154,106.5537460440371
100.62703067799859,107.76399178264448
99.57836517739283,102.66402154790538
87.45944775789619,103.61929939186201
93.92045653773573,105.22862562759502
89.57382127195963,110.49693764368442
102.61486468524726,105.56957116008272
94.13768648035456,107.19293096152435
88.0205850835778,103.9737559492956
100.91537334659914,100.65909690508153
98.02649049494971,103.75626894139454
95.54426322633859,100.64395747315646
95.68485075464983,102.69733223464566
94.8989586547428,103.4750035970413
91.7955181393495,107.86558069274537
89.54953050702889,105.74872503254932
97.46652483018036,99.54278208081145
94.59985989941873,106.46046227615727
100.18423947775412,102.64494799074406
85.40318218575477,98.53319009137475
87.7796250243877,104.90711951352216
94.23091079673495,97.53005737868409
96.78142972967662,105.54943004318801
92.10131627362844,102.86344021425394
99.68065090719453,102.15381503921218
91.27819384181397,101.72574032458006
86.75347707042174,102.02805038969501
96.09995353381532,107.11640148198391
87.53245772851835,105.7994661610607
95.8519745929342,101.8407060680347
98.83498004896963,106.10884483173345
91.62369122781229,106.74223569349023
99.6807906898719,100.24496374199309
98.89761586218401,104.44394171835177
97.41871532846376,106.9255064494963
91.42210206222344,103.0139517584915
85.9362250676408,104.58197879704603
87.77772393297444,102.02281721486415
88.62630777908689,106.21489945455542
87.60126634065907,103.52835669226941
88.22406447552702,104.33498087591937
92.04531050355187,106.11756499309026
85.67292643477903,105.92723722571564
91.69045610149954,107.87721246293303
89.25153606221149,103.68582955651169
89.73532194703947,108.66925132295748
95.1231386562783,118.34152117675664
93.75882286377275,103.92899512442251
91.88465215819711,101.79787369868055
84.26193289390854,101.35568820297341
96.91424489199808,102.90819101225715
95.64183793733045,105.93778797224596
97.66800205810881,109.68422600395648
88.7817149382069,104.26847715982595
85.22639791228967,99.05854135989426
89.53250989624982,106.64301361299519
96.7690485182825,103.06834207924817
87.9195895970829,110.35053411400526
92.51663548112336,102.83212913339187
85.18766269845106,105.55915589425611
92.10293998955557,105.02064964770005
94.31966578225375,104.72563418202814
90.4361290643304,101.87353119671425
94.40885258270481,107.88153885857217
86.79898292702057,98.55231704581243
93.38631227014538,105.73690586468497
87.90906676221663,97.16622790370513
86.69007893207387,99.230324926676
94.32330708613128,103.0037613079943
91.07788154186501,108.85126474529375
91.31790020240307,105.47731205249298
92.08305532634708,109.79640048963898
92.98027209582187,99.02388560428636
94.50293664963738,101.4714959365932
90.69874319672681,108.16634544208509
97.57932480049811,99.22410579560085
91.81857107048548,104.50138822452045
94.2776601190338,106.31476302801529
86.18678886295946,105.28989103478482
93.15962031476447,97.75331836055014
97.81623241868655,104.94822146948798
91.33241565098342,99.59910306212157
95.85631519084818,108.20466673444149
96.2425787693631,97.22457465094342
94.459818048906,108.39578985280072
87.84829141597288,109.26515009249451
97.24195390086895,100.41675075900174
90.9046940035728,106.26621060171762
99.15483535002986,101.30093004277404
89.7402488805289,101.74444480461219
94.77109456743034,102.83100734511066
89.79284587101242,102.2379938381722
99.07060258441828,100.05960150382812
92.58368797548984,105.84241314200959
89.5907129906512,102.09941933442028
100.1920681806382,106.2191327785707
86.37540663896206,108.14177261655198
99.22759750512427,112.89236478038092
95.38159354325941,107.71364094906829
92.57605638873457,100.2875003930705
87.37933532574732,103.69532725540638
96.93600577865027,103.1608460454829
90.54141119832157,102.21749144288943
94.38046486892804,110.39652694556493
86.84601847099758,101.57394706578465
102.01479115151024,106.20503717016513
99.03694855648345,104.90454839726674
95.5319292582911,105.6711719130554
90.23242828458453,100.26543711139207
91.89794263181514,107.04851685365584
96.28328033655875,107.36757495545642
93.58904222308139,97.3856566775545
92.13961703091998,101.73341983611775
85.59327310488942,106.55787856359662
98.81611615725136,103.1925567374638
92.0645472230956,102.3108521330877
99.31756564068452,107.85301317308647
93.3275429833411,101.41358042607258
93.34683098281027,102.27277047139869
94.32094980251995,99.97602948284934
90.40862084606711,99.97871904280048
99.74577250675594,105.05745492217125
91.88448672862417,108.86694887286396
91.78861734935245,106.99090234233549
91.19447304409472,102.98218594027387
96.96340580655134,104.208814719776
94.84554801905198,103.5172116381682
95.65281717564702,99.67560574803306
97.6822596287574,104.97221985585405
88.19618290343732,103.8325494538312
92.80004894627679,102.8494429298718
84.78498614761511,102.27861916814564
91.4280203285399,106.2660680856199
87.37067010911795,106.31026138984826
89.61709993011355,102.2403295968313
93.02207449686411,103.52668037291963
90.64754421782807,106.97467935865517
95.33451608506448,104.73456142063999
94.5439954190572,100.53054395952235
92.99518214746617,102.06508314443099
91.6288964389294,98.23043285409972
90.20072083978152,101.73742119990669
89.8219281540758,105.03501254828166
98.19834774675977,104.50379706665993
77.98639856878934,108.09899837977643
86.16001684394737,107.16996227244736
87.83412423407664,113.44163550464259
90.96033665515712,93.46136198897804
96.74619568767703,108.64472997560436
94.02819055604999,99.80774161906982
94.9522556508702,102.09244463825742
94.8006600718559,101.74519445527872
88.81265809534185,98.88648702297563
91.44394373556449,103.98651891406756
94.30457140380096,98.8386340339803
95.67917412042469,98.17571271191551
89.89118415329897,106.31934621555256
91.06270341647779,108.22251086376795
90.05087534002668,104.83885114873195
87.7202082934795,102.40492112985251
88.73162139427849,99.8982715696101
89.17970423228006,103.36624818948992
92.08231200737127,101.88219266505251
92.19006170575054,106.46989011447232
93.64148738830066,99.38412360844234
93.13181053395539,108.83939691589369
91.59681875537733,107.27100399440022
94.37140797317579,113.9268163467481
87.97817187191934,106.0055193176889
95.77586094107542,106.29362119060023
97.83121797237405,101.5445961754682
100.30686429452346,102.59509066798643
90.31908299775361,107.06391472424208
105.41560503795108,102.77457783355287
87.63102815509131,102.39574956260483
93.01862103807123,114.10634529134468
93.59380869934535,103.07153840593024
99.22121956202497,111.05792398778601
94.45548835499197,98.83262536423953
96.02256410688685,104.01162257954887
86.5231580933701,106.34926113400665
88.63707757553874,99.47917324512291
95.27683202541084,111.9367888013754
97.62593594690459,104.77255093630058
88.00127730561132,104.14828379598734
93.03649190597638,99.81030424310906
98.64540935771042,104.32847820792928
86.29688078003701,105.55444624594932
92.51776321951077,103.18671515172377
100.8193102806024,101.37390214699147
94.58411580448065,107.68478426135975
87.1321394206914,107.5805912424685
93.13263799617994,104.68387361660825
91.57498628918917,108.36790566226536
92.81846975573072,106.41078492234134
87.67187055260322,107.47743955458317
92.55842817908804,110.81104627949384
99.55675525135199,110.16540038206978
90.57857669797676,109.52961126397221
95.51778260483586,106.50216884103206
83.77392917523814,105.13537167248438
88.22186058519966,105.45949146924804
95.42042447257543,105.69194477676848
94.4810648091819,100.01984432501037
87.34726895059488,103.37763250037747
87.81989863738724,105.44998925924205
87.31297569809622,105.36237687383314
94.3222595820268,107.024350782329
93.18944538722731,101.58908821082134
88.36671938459483,102.79331354001171
91.58652904388306,108.54738379975241
92.22160202284095,100.03787628607648
93.4583098448044,101.88772354373874
93.90775644569248,102.73112614587313
90.01429072012843,103.98295902621197
95.2373432382152,105.31389034771537
97.01743956120441,107.08835647294683
96.62045211654666,101.78809124605132
93.31014859478582,104.33443290531795
88.93848988797001,108.22027877254737
93.45616782327204,104.81372112661191
93.10729260534143,97.51690402460697
94.88952751038345,110.36675099663134
94.42956439939626,103.59779166027623
92.90366953243478,102.78860013134643
91.97230115947761,107.30985106930949
93.30430407607189,106.92383397104761
89.61785523805646,106.44747269745791
91.70094954875756,112.97606146298122
94.92242845369992,104.93024247300777
87.56054220531055,100.73385665190435
92.31940317759084,104.69596128230927
94.02800670219067,102.8197953381487
88.44186768913065,109.2510524621026
94.41874883356537,97.81444450923769
95.13341984390814,100.7384834122814
88.95947617854726,102.47185269403168
89.79105081067512,107.37937527271527
93.39438670014303,101.27208370952717
94.66468867295816,97.63538225467198
90.40116433879084,105.01831880794967
97.87339964945927,110.71497430199337
96.02965901298592,101.63561716351629
101.0904468379128,99.63395154080436
94.68128799121219,107.38488235736796
92.30110604715077,101.57209845782413
89.28723215529305,96.98011633293412
88.62223127826502,105.41913929118178
101.1310246214775,106.36132107030512
87.70248253949343,101.1758555675451
100.71480808219567,102.58764978781245
90.79077150664625,108.56524454202523
92.81996793783453,106.80168361899361
87.06065204657519,108.87302923230644
90.69377135013848,108.1102571541714
89.84390550041415,101.67974029296339
94.49281359238739,107.52125636234058
94.78680381263176,110.99548572317691
94.13493167982793,106.78970354788193
87.57025334983022,99.05400392322848
85.7517835471896,111.44440425513292
101.14656521872264,103.66893886883243
86.07830849767116,100.74047724898605
86.99608869377896,102.56210446610889
92.04075185387927,106.17319996211131
92.93607379604586,104.20306427326037
91.2737165381687,104.63491106915409
99.72612145853294,99.47391935696288
97.49379758487673,105.0863826178955
95.26387317878311,105.48824854219203
88.84556721084367,110.99154372536975
90.81111574070535,100.68569692450347
96.341477664586,99.60355456189394
97.7802658397858,105.9578150942031
92.11183457775275,104.11626139861619
85.22952964468328,107.4221203560696
94.60576416504628,98.34869918808704
92.45317036629989,100.07731385140951
95.62268271170647,108.57591274135287
92.92231098221555,102.22157287530509
97.8555210683459,102.1903999155692
93.91430653991989,105.02684713557332
94.43299846844019,109.28702503710244
86.1309559827705,105.82056619383047
94.0693970342652,100.84191664465229
96.5180630615435,109.67575018478084
94.43112514983555,105.13743523413781
95.24361066547425,102.17285814904801
90.46407769766127,110.13033301123926
90.5527429724787,109.10202796771422
97.01606995661676,103.91948218246469
94.16131177488977,104.28528457473982
90.50277122954132,105.35551223416428
92.5757925168936,107.51168519258256
97.83872984947922,104.07626905549178
97.46220966971607,107.95330983761747
94.6648502131107,100.61388429721814
92.59592064961346,102.37790413716031
92.76873357383869,101.81484747103654
96.67873176411901,103.62708835101529
91.62403664614727,104.70461368335694
93.41990441588355,106.42238804189185
89.13765797163235,107.91519396102508
97.31699237932733,102.64497827259655
90.26758372759689,105.74289850774723
94.20587594943132,102.24909753663106
91.33342121088526,102.80067064698837
98.27901887503224,101.6209919449229
93.77244667482327,108.65415991513014
87.92229159276361,108.94410192753064
99.05824725898634,108.82014808302728
92.00650803187949,100.95154639968484
90.48862458256694,106.07312391135831
95.14377059098787,101.20940988407608
93.00408029370134,101.93455631276264
91.27158640163326,103.52935771621931
91.29749149857771,99.70926148351958
93.17173863951203,98.59736493880038
92.84278367712135,105.89924109117561
91.6445701362331,105.18943304883726
96.4937136810427,103.32514318106892
84.92891122771927,109.82712147626559
87.04613016805236,100.1324587899629
92.78205995956645,102.41591332582908
89.1714499129979,105.154362693293
90.15822977559118,106.98456736855987
91.65189369754049,105.7232620649318
89.56652076099519,106.48231857786587
98.13524420051068,103.90578500817651
89.80745228797302,113.09037113489846
89.81940588339675,105.42438730680979
88.77938790199273,104.97433631535239
92.22217014369804,103.36505221747491
83.5756646580461,100.42123085578547
96.76163167430249,98.35200633148935
91.9531106436718,105.20500487327092
83.71162567681789,103.35076900876487
94.00780140362454,101.22325274725121
89.49228219335154,107.45023578994684
88.62539818572563,109.74842500876333
85.80817863396763,111.46312019921609
88.66558531047114,101.73658762774207
87.15003298525784,99.6546029670373
94.44518343999077,106.3200055990757
91.96425679943654,98.70993788466042
94.71911347175251,108.27442542277161
92.7901519953899,104.29401234381389
93.82513243321493,102.45411072951484
98.03581674724508,104.32409246548352
92.75330223771554,99.3413905842672
96.7006047380574,103.52916607364381
91.98370439428075,103.63566726163266
92.03771414010154,107.9452278152407
94.22083215280679,103.28520164758822
92.22766188655066,109.48911705763905
95.23084843703552,106.57881844227161
95.5842239130354,107.43918630360695
90.47646969061918,104.37668095460975
90.99786013078588,109.12041499160804
94.20629118113044,105.2358850031798
95.92611823297486,106.5715462169799
92.87566410343535,108.17553322817339
86.10874781742395,105.97406862999266
85.8469019025873,102.15449859932878
94.78667523934516,103.10928526094717
93.9579526778475,113.7070759127861
87.02127452710671,101.01375358963709
94.59663170887019,110.2823715317012
98.43770744519917,104.38670930277132
90.82920889763083,105.389954056875
90.60460851189032,104.34667718157475
89.79411369174156,111.51127134562482
91.27365068865943,104.30126311939131
93.28035739435805,104.6758834831977
94.23894357896302,104.17429184900517
93.85999152016392,96.43085695139808
89.88482590020193,99.83761876942
90.89720597872882,102.63697153255578
90.64373035178589,101.62428409425705
94.31788059551835,111.83177393677366
95.32641362614596,106.59845699449768
89.4941465266263,96.60467211884102
94.85337273631505,100.46417742368502
89.5798460966971,108.13636470688255
93.30249280753779,102.91401694787184
99.88892795954554,104.79052497875254
93.26716735104011,106.12286520288538
91.11414096403209,109.9770939835348
92.4044712686107,107.6221628200603
92.20798890439067,107.43210353224177
94.36670754712834,109.91232250438973
88.45876832324095,101.31987051319727
93.0760931899235,112.52305081806864
94.11229040571888,103.96166839309947
94.80403673412746,109.64170614945778
93.67582204937337,107.2880133445309
93.52743503213357,104.08311098135066
94.19792021785872,99.42135136744457
91.2632333649981,111.6855136962774
92.72710909283373,113.81648710737898
96.70055203537005,100.57328093547082
105.67222098218166,100.80879548683811
98.25266868113195,99.06874319596004
98.28076590104737,107.44501466480476
87.26832682470443,99.67883424425274
98.3505982794046,111.76366353127077
86.16618156748275,103.05158814403664
93.46685966970404,98.07357746426771
92.31222247088459,110.1334608819651
96.68000702922158,105.81854153421261
93.18153446374225,108.6112404757364
89.20706853887117,111.68932634844617
100.00372058636947,104.98194673248834
91.88740921133225,101.74665980181793
91.96201849804854,105.31503248403185
91.07022658023122,103.94907455404902
95.33625427172217,99.79697117682404
90.73539480120664,105.45467299981728
92.61258534015676,107.0336408897947
88.24747723932974,107.66584586985591
93.3264528433952,108.32764774947383
92.75726965034417,99.56198835585393
84.4675178882358,102.81779669247092
91.84893751137496,103.98486553793109
96.89536998260768,98.25730532710355
84.09454425691285,103.25266735090135
85.84868990124411,108.54275435315468
100.73549070100272,100.59840545110411
95.32477058703344,104.80375816065542
90.01439218599266,102.03207904938586
95.66660091319748,111.96710501111268
91.35382037654547,102.04714660359647
86.368692617034,99.58601698914539
97.28061547645729,101.9882733350709
92.60439346090277,107.81457569926951
92.03047864126961,111.32770212452708
93.1769329442076,99.50692197726735
92.10174816547867,97.00364432759429
93.5255583559615,108.49114960211598
90.4507036279061,100.95436660692161
92.10283516193465,110.31500342579565
86.07140426714993,108.24453731137784
90.23276531390131,104.57401306097375
89.72954791938324,104.59272297436087
89.91047016479001,111.15469170517876
90.57124772918736,106.24628813237977
92.38514039435077,110.12097286612256
86.3186306272314,112.60018485654732
93.88939171416204,104.62471603386895
94.00686191969426,104.98886975893885
91.70637103417563,104.57487867848256
94.26483406019572,106.26593630527539
95.34234702591549,99.52449753901953
88.0101987799469,110.46135637263221
90.1586367141339,103.18655723964916
95.73792381008246,102.01531728996628
90.41917119505877,105.27462661656166
92.15623992550289,103.07577734914386
95.23554040213958,101.25170777484378
91.105567901564,105.54310320015848
94.40218775063293,104.72122735986248
95.40937436805677,106.01669418972011
85.90572597368279,97.78098548376438
96.22294291829482,113.37599849192969
94.82205826140142,103.40224718519754
98.51954814853315,106.69598743921956
95.68819070733112,103.99476542472728
94.47177980746748,107.96916497021017
96.69764681013211,108.13849761233823
88.65406774360675,103.22679397326806
87.45984562121645,107.24356515903096
86.81588769799444,104.23748371867731
93.97379138539435,106.2957360569913
95.12299961137501,95.70376532740464
94.96734531258326,92.05188025696432
92.34431515165883,106.52480588904604
95.35355426985424,107.33401531856984
93.89775934841518,108.27057828067068
95.80733515935982,97.48498759632481
92.8440184263474,107.98227792704996
93.38468267850487,103.79275260259253
89.54073067366481,99.26502858633617
87.74828187809521,101.29754513139086
86.99310389024048,104.99928607185204
92.38688743555502,100.3186340702483
96.92868837626168,102.27987812074187
93.2062382261646,100.03973429257296
102.34947340709192,102.0474006580088
85.31035524066779,105.06025270002763
96.0212326419226,108.36696757139484
88.3075629239187,111.20895656779344
84.93389160493157,104.68232731868841
97.64103148986933,104.21271129579438
87.4105458275723,104.51496657086797
104.1648454052983,102.08182609425342
90.4908266236218,102.52927388036935
95.29522890311007,96.89696642636814
93.9658825436121,100.93486841410656
90.7931053457376,107.15700806291314
90.7574957241866,107.97382703954445
94.33420431036988,99.30591053037716
89.74238785047304,106.51446594910206
91.51560602447464,105.01954018137498
90.84516836404713,108.43689530591321
94.86862602197367,104.37622224297661
98.66694609260122,99.22708141776683
92.90990445408393,106.7126972732982
90.58786430747871,100.19763798781314
92.29546874685643,111.81819678880936
90.41356862703927,104.48408030788634
87.4422679507626,106.98310447023132
89.1334453340247,102.48583827498024
91.9506704444502,108.13216838390855
94.7448103451885,96.82040388208559
93.67939496974638,103.47943397454831
95.79934109155894,102.30744511896249
96.66498413364837,99.17283745990434
87.31230377407346,93.16057605044833
89.92402314479813,104.07432102600467
92.66847256421929,106.20520083037792
89.1251139560529,105.55471177238967
93.72310801721257,107.69611986568931
91.91525022629604,107.32485062922629
92.43442745406091,111.16290321855332
90.6343753224418,104.47622465890551
90.70518366840525,106.67793483563098
94.9734839835122,98.03772316106253
98.85360315767075,107.56641265774861
92.7973634227359,103.73351202201577
89.36087526568127,94.05245888181003
98.87995356707063,98.0638779618384
96.65348592232094,102.95291780895352
94.63409511136828,110.17416393078338
92.61173082827055,105.56165227829355
91.342867411329,106.24779103298606
90.8397717589329,104.14997664384451
97.47315647777675,106.1656066040108
93.32695654088187,108.85962213854899
94.91561429471658,104.17769520313364
91.80070809200801,104.71988748947734
91.110017844404,103.6497091295257
97.76303100523639,104.12064153414313
91.01927807166606,113.62092881741572
95.3279180516598,104.25150122804727
93.68147014418683,101.78920984465469
95.46030907863339,100.30632919263155
87.19862760400548,106.24330985604539
98.51515117642234,106.48635915509627
95.60576315861037,103.12594884770579
88.03331114919641,103.9614451121137
92.311166299181,99.8248374256847
94.00671818885985,102.27895732110333
94.82164592678332,106.53434661530606
93.2497338147696,102.75282471354652
93.0922539161105,104.67816277792429
95.47588206841895,108.94373128032186
92.55956680719572,104.43145761841758
92.35871078971722,101.26342125233761
92.30790041286146,100.48050756523531
96.30992737765234,112.70019249992313
95.53867340018552,112.35595769747476
87.83903557073958,111.21638445583523
96.31812561514245,109.89622424692374
91.4568153815469,98.80320343286027
90.34922919657036,100.29406592773903
91.26436364748969,108.1684705166815
99.32811323232312,107.17458644237226
96.5737683618665,108.27231830457934
99.37791961734277,105.4670443069888
96.03745060240998,108.41191143444759
95.81540392096434,102.95140776711496
96.93780426531465,108.00797235375762
93.67287806859449,99.85645689095179
85.91326136054515,110.73024451195315
86.68744124889494,105.18298953669476
92.2194424613128,102.51794011375803
89.21697760030195,105.85223815450776
92.5649342764042,108.92249933313265
92.2670244684176,101.5502152929778
87.16201916688733,110.44771118889749
97.04598045452212,109.49334513560974
90.77341500230452,103.09544161727663
91.17828665532114,103.17393726706746
91.75363934557984,102.952707576561
90.13494335696696,107.4557512495714
95.22822012055707,105.46665394018393
92.16336052395258,99.15940891058821
93.19597289525832,105.73823578124087
93.72897592804877,107.68675604751319
89.83492235864823,98.99106115389377
99.98813343385578,103.84097768790936
87.98119176699633,98.74358755935626
93.79973544526699,108.65936617351875
98.23269160409698,107.47171363472884
95.35871597318341,109.85259044755296
90.35874344613286,102.9515034087522
98.19245251999378,103.54140156397574
93.3616185588103,100.25607976408294
96.5907602029163,104.31269522008044
94.19275232135432,102.09836846943557
101.48220963683954,106.10242651325744
90.46305012674361,104.30672677251151
94.31699655441035,99.30302914746952
99.18399488663317,106.01910893082724
93.77103786984185,99.43402289434523
93.81550863737475,103.5861450520595
88.68683139017386,106.64864800708708
96.54445984944225,104.79744253578171
99.50132345809554,101.01750595793213
95.67447743464048,99.09535712437153
90.44102549678601,101.90419465876727
98.00855631155599,108.01170175396375
85.77641482785842,108.31672576245363
85.28879215386053,106.20769693063507
92.9894752548118,107.2858635063005
93.93694941915777,107.3644476866442
92.37412366228695,102.71828344596085
86.57240046842658,99.77491729501367
90.05529209402383,106.02665942118509
91.87647871841246,99.03757077348628
92.15028642713632,107.54040516546705
88.80079968076417,116.94248924526804
91.83330465237819,102.85497313006645
97.87951720184489,105.84885919055053
94.95111881181786,104.180950706572
92.94303785665532,104.05174757188452
95.81581837407315,100.56529429050873
94.9551628447235,105.30486389411367
86.81403881115124,104.9996982952031
92.1576614839057,102.69891214704286
90.47188950507713,109.54728431045773
93.45668151870593,97.69733540192696
92.07303219019765,103.84717194507218
95.25549656452392,102.94735001211859
95.64508318448449,100.46819032184914
92.36808703491491,108.19398261712725
90.62283841028258,103.36145420370997
94.00719811487171,96.78802922095231
92.0229749101709,110.58368979964767
90.81152388015312,98.54890200268333
89.04826621830365,102.27478620457457
94.99886088230281,104.9974186143438
97.37148744270368,103.34679559083189
90.29762741274678,101.21353897374009
89.65883948017829,105.55935722806356
92.84437199672976,104.19287124087052
96.69343821258569,103.36381568440292
95.96251961864532,105.32409905585766
95.17106767403695,101.13551169589385
97.51008416274274,108.2044917421074
88.66438053532022,106.02015286347542
92.49787399349921,100.91735064160014
91.23199681063116,102.48208837193158
95.62923824440034,105.02196395660027
86.23077278191639,101.5675381127692
93.76468091551031,98.9315044486143
88.10268922969543,101.8072898973041
91.44372432321893,105.3894679706917
91.76472056150983,106.74599189157709
99.41001554415384,105.0443011033516
92.67568582325563,98.92771042405944
85.08803854109503,103.21045277116431
101.7319486346084,108.75036040191041
101.53953707338238,101.44358596575228
93.28003313992387,106.73183733422115
91.76817239907717,106.95444148398121
95.89454922274425,98.81523709835858
91.97236399409933,109.17878524698396
89.58034148531183,111.51268059686069
98.57722848179893,105.91258248116284
92.04174265537483,108.74952109455654
92.08049042298413,108.06287054178966
96.76549497224603,109.4178480067851
98.9583349609173,105.52942843076518
89.80014930191388,107.62067752084091
89.7635298328211,101.7104415666291
98.56381211132626,104.665580605183
91.71254175586246,103.10136181003456
92.07832609843678,101.68279338246542
92.8144328581989,108.62632128260391
94.98309896112083,103.55272802163425
91.33712037692243,104.73443684458982
87.21349618727653,105.56572775841897
97.5940309120952,97.8524657239801
90.69330016103794,100.25307716728258
87.90629393715606,103.8103960250861
83.13452107259391,104.08349109680763
99.87943348466207,98.77346220200417
96.24477627362522,110.38474697767086
94.50760691030672,104.01573157038965
88.82505076010442,105.58617304916967
92.77055306663651,103.72734675709914
94.46363436576625,107.49335741481138
94.47851920766982,113.46878446439598
92.31768996739027,104.23662990009568
92.83698662296787,103.26811938902073
96.54836510738026,96.70752373268633
96.45784311640647,106.15849101065767
88.8201072173752,105.97302525936163
91.8752473860419,96.83213469516168
97.72288000536071,102.62242987619862
92.34344033697512,106.38039300977488
94.31599272136032,103.90218139955044
96.35858375695273,96.87625224155424
93.85636594887946,107.46597068036978
90.31845444231291,107.76925496635774
91.60337003386465,105.10091000015775
94.56374661479299,101.77639004386918
88.87244545263019,106.31377667080629
84.18123690881778,105.43973947180883
96.87383419355517,106.94346696105217
96.33431361468647,103.20988107593256
96.06841609181843,103.29465314921929
93.2457154316128,105.6560846223807
90.75631001907131,102.49566102301134
98.56912698967518,108.63907998360119
91.38925856103468,101.39598012712133
91.91048090260851,108.33714668696604
89.12592545742982,100.28506323523911
93.91443716189583,93.39774411768349
94.09333414420824,100.73085514700018
86.87067780476087,104.39889962398439
90.81555434792183,106.24463984846685
98.54435515003655,102.41443863127998
96.22899520767481,107.59639006258773
90.58699141667903,101.42080613902074
89.08168714005241,104.38657628890115
93.1217303893839,103.7152100911026
92.49649265830797,99.86519472661146
89.4232983517068,103.97480662127926
89.34111669105305,106.27720565685449
88.2783639754435,109.87577918815805
86.85544441302466,98.75979746503769
96.9438522476262,112.27065382459689
92.403080567061,104.77292134090308
87.22999977644386,111.64337698416709
92.97261562663518,111.61367410583658
90.99313584305563,104.84225429086572
89.82073121606231,103.06362394524182
86.66914624646505,108.39692235533288
89.24608728322241,102.42843047382644
90.27484251857979,103.98674625479427
93.92548047187682,103.61958303389125
93.35969647495716,100.75107725354485
93.33452398581711,102.49402831733155
82.62764938028005,105.22720688136377
93.71482009316705,107.76527134599586
95.8106572373515,93.29069861774872
94.42105343415135,100.61980242852094
97.61776369097392,104.62273715281331
90.69251166211666,106.87405741285977
88.59078647480055,106.18519166249759
96.05462533605399,105.11580821517235
90.10471474297262,101.25284213675985
93.71889969137636,105.713198203125
94.00874176629414,97.60274431727032
88.36492202145274,100.60799205521508
92.12249248181426,101.5231349366635
92.7944798895816,106.24662693685616
84.16220266429795,105.07948638968277
90.90293610828147,101.86708529565355
90.51447331964486,104.83790290420727
91.20037093178559,105.05324028531327
95.83743169334694,105.85878484015329
93.34408344419069,103.9408583900508
95.88070937331597,104.55797630517559
89.50799375790116,104.54689640579542
94.85911069422407,105.29662175911291
97.0271581596285,112.94267661899637
94.63956497340078,108.87254164785267
89.0378346032951,109.5282774045472
90.75039951235676,106.11613231844677
95.11519565671668,109.78856024243856
90.01266135082166,109.33203384858871
91.29815836571773,109.59063080789434
93.91945133695646,107.42134585832882
83.97879131805381,104.99388731872217
100.81198077923918,109.9080287402382
90.01129622555803,106.44971633454998
91.86733525298303,107.13230837340349
87.26525183184287,111.43090360143933
88.51212379929244,98.78402397756297
90.9322284316817,100.2923294719357
92.14709251105285,105.76954511744881
87.36125118984472,108.68559590358566
97.57055233809486,100.81641406486709
95.31871011509664,111.40797540484274
90.2017545951154,104.84456528448239
84.78260135491205,111.072266793592
92.88152651808296,103.77133995428042
90.48867088960047,101.87212179754175
84.81295774474471,103.2517677303624
93.13975399859127,103.37525373089136
95.06981698028709,108.59450345502748
98.10420958544114,110.84836518540811
94.72989813301548,111.4621181224187
94.3346791152346,106.15434442472808
94.62831262739796,108.13764055930594
98.28471973840131,103.65671963161091
91.17697656562308,102.72890291442998
96.93007692695,100.75860478716676
93.27689400268117,102.40531363073963
101.56983069134083,99.74495529903749
93.68141568706368,109.86152739487372
89.82635042665514,101.62259326216123
88.35438280129884,101.37098439866494
89.958648046057,104.33416483124314
99.4405017676132,103.8052055733769
94.7461103484781,103.54672394152364
85.63699857934886,101.7844748249933
96.50600468182284,98.23062907191573
93.61468935505835,108.32202050057624
90.79474428979334,99.1550198640238
91.8114837788566,105.18823922067699
98.37152767557538,106.19151504240499
93.57172683162119,103.39925667662601
89.90362628381362,103.69567306033628
93.67960125095725,104.16153969366881
93.89575399364625,101.9014604856136
88.69756144219197,97.8803181402628
91.3806853452833,107.46655990340086
91.66456610050841,100.57883261076343
90.11073623784687,101.76908239663847
89.4354877951992,103.1201288002562
101.0602577734007,102.84296588239718
96.29421239955485,107.1993974744707
98.68196636321282,97.07620687452344
91.03552587111383,105.85759749612693
98.48854338371407,100.65009401743838
93.76727483596352,114.2312212657027
94.44908491967963,112.1312799272153
95.8338604647225,101.63215053418489
87.59194218739326,99.84917656578956
96.55381600941047,104.112574605867
97.81569909798141,102.00834213129053
95.49952005304698,106.43162377612043
87.57350085084552,109.10059981328172
100.34673702905152,106.63792258142584
93.10747927319993,101.48748652416587
96.10452900098174,103.18284695627862
96.30701899642001,101.81790746620311
92.97785160194766,109.55859723275617
90.59425408776045,103.14285319628685
89.94367391066186,105.69829360864168
92.90605786772969,98.36933196068829
91.88439231892545,99.41513097937172
88.7805565320087,101.93382004822456
93.12760866253257,103.129818199698
96.21610961769613,107.83416460658162
90.04711107066885,102.87335060419237
97.50017915203733,107.79635053715317
82.98897770621389,108.16178578959804
87.67685792942385,103.81955820199981
94.26912094763857,110.71396229746631
95.02249490481992,101.7514692974326
96.32262190906872,107.51041395142667
95.8613357442527,111.04429058731968
92.18159172526387,104.88677178955923
90.29676727839882,105.56124354429019
90.55307545533977,101.53408976726803
88.03124295487788,108.64450965420592
90.65702522887965,106.84407246173387
95.87223510810023,103.86816686993637
90.58744363253939,101.68794125513216
95.1265690386895,109.55953251551648
96.68212763975592,110.66795134458135
97.55842217741048,106.00831395201848
92.33788498903726,103.68672255055851
90.0207652367364,99.49790226447577
94.08837351723874,100.35879626895694
89.83793558277615,99.36212742542553
92.35453002806229,105.44335226232597
97.98699453905296,113.05626497250158
88.99246385058221,108.30457145560354
93.04369396589526,103.9196110376073
94.74560970716706,107.93841585581045
93.72864444749432,108.8575591054825
90.53250986800539,108.48262939255719
93.59575235932392,101.39481280815032
101.02095271817068,112.84604319352036
87.7168272045185,102.95808834956271
90.2380674100779,101.8266052137769
93.82215401738007,103.3364076235412
89.87508221640329,102.98443740335955
94.95451132359199,98.23080414142392
94.56339664661293,106.41581874000582
91.3978719220993,100.95935613719445
99.82882078139237,106.37239283504276
88.29480916190735,110.065206589281
97.59572353460165,103.76578098712906
93.69653492938093,104.02596015230473
89.544226704015,104.73474147814224
90.546116963428,103.24333642319823
91.61787292764956,109.59110889568029
99.21040434888708,102.8153085141072
97.29588558317383,107.94339108792678
96.27840821115316,106.63380058059627
100.25418334041868,107.83971434186608
96.46431634452354,106.13535653614156
85.11459278743881,102.27938399046863
88.72038646313999,106.85117751132607
90.30818598389669,106.84475305260023
91.18165567799902,109.16406926735385
95.60669350017368,98.03845507562143
93.58109568169866,105.10294446427405
90.43626115920637,102.10262337045802
93.58102381223947,106.68098416435667
91.90790716867177,96.9088295699351
94.97916144015204,101.58956144208207
91.57298700116588,104.91162038906808
92.75579396666552,91.27569852326228
91.50281284264922,98.48871173858622
99.31533372907445,101.42295943143759
92.21838294312474,108.28368910927765
94.00553150898975,102.66104005912484
93.76010821568973,103.54472543311897
91.06140421522838,95.126078186928
92.87531377278694,100.54222519846195
95.5354438251905,110.84577454198123
88.48475488495646,102.52357481505042
98.47972174746066,101.75247464954857
96.48323472272344,99.39952589400278
91.49715248054017,101.93765789379566
96.55507709151777,109.97504407712667
93.47603272271256,106.135050702531
94.89169773429941,106.17705195375648
95.90823051693647,102.32040783900376
94.00338374721697,99.95851726851075
97.4109276417709,103.35045207186911
95.09493529788716,104.55711646080898
85.4872273556975,102.11020852289677
94.20597692424965,105.07717604423698
92.90658132441463,104.3896853964368
91.44330746568977,98.169291030051
90.74821429188032,106.12567499594968
93.29090227217445,107.4499156235138
88.61153702921555,110.02991830254673
97.66591816603803,107.96853065204368
91.85817827839416,108.65865492800482
93.11628479264591,105.06147443739054
94.49823819059048,104.56310981076352
89.72690830849834,106.18170787354916
88.04700159466228,106.39450776307142
83.68018339332619,104.20528322558181
98.07377369998447,102.7911144356092
93.55380658806497,106.55752284392486
91.24364632617528,104.19043292754449
95.36634240710141,102.33884355223165
89.43002452024523,109.22317114029228
97.18073426511177,105.77143465515061
94.64662872120547,108.9714263124784
93.39706545397624,106.40583908926686
93.63836155014319,105.02203602739147
99.66468357381945,106.90261989747053
92.09910746332989,107.40709239320935
95.38008129304677,100.23704110141227
100.14750459314632,99.95113111088227
96.70203147624295,109.09155763952661
95.41784994648697,105.27966678686337
83.32534643043347,109.2822093281369
97.55471590236705,93.73090468132948
95.23672743608223,107.28849144094573
95.49181509251186,106.72054646088198
89.37744488260077,99.57910509354292
96.84702616377979,111.35849397987855
91.8719675431718,105.07720462208297
98.22724866188074,107.3980929842202
99.36266203014159,109.27017635063567
88.52655219615116,101.48458994807335
88.91436321650929,105.73205929515134
97.52411155179595,99.66480511623743
97.11667930222991,102.80715394261338
91.4070106771999,107.69094757078679
90.92671748906237,109.62840634846324
96.69583239624924,105.17270918815659
99.21737488722147,106.60010035432698
95.08540051934631,106.07406924108112
94.65690240825909,105.20683059717149
94.84610475251482,109.70284848334016
85.30235804691299,108.91935494141924
92.87892548605082,107.04676148867468
92.92494880346581,108.04395435807783
94.4562765694131,104.13879141227878
98.71122293554554,103.55669739061878
98.5584127590165,108.64089648770836
89.64322149059338,108.24354062550653
89.7559142237114,104.71172919430693
99.48515181212736,105.62437452549386
97.0389290019819,109.5401581105381
93.21512918050692,102.53249248884877
89.99513136847789,103.78200275388932
95.56968102199396,104.27775402144144
96.89078345029777,102.99248275792036
88.91515129175971,105.82130793889569
89.7054463336584,109.96716551830892
91.25429758209852,105.20449628466727
91.44989122352791,108.66568149301837
96.60672378963352,100.19754506470981
94.39825256463025,103.85558564582458
92.67299789294053,103.93514168750039
95.53341931164104,106.95794845475226
95.51370964468094,106.66635592698283
94.96175464769803,103.13284496236824
86.5512023287801,107.74742117378032
95.89362687396202,103.08459823738157
96.72575460598661,108.39393578374741
99.81072368361296,103.98585765897604
90.01316617711687,106.11823478685021
91.76010279897663,105.63602982251096
90.32172533900045,111.05075378229132
91.11478517692616,106.02029981894404
91.62881241516322,102.69818220093124
94.0553621556462,102.43813085928308
96.77633206262657,105.17592695150917
91.55947645893126,103.4816283550045
94.20315575879265,102.72492192239164
90.60969190453277,100.55731277693613
93.33091690435481,109.54374291861043
89.58415043353988,112.24983484443815
86.82564884251099,106.10430620458911
96.12074517120314,105.78417224754973
92.48751609249247,102.58893512350544
97.23033560873598,109.61752556228367
89.71030284354829,103.46196749669208
95.05375483652585,103.33163081149718
90.40319745347398,105.78086541463652
92.14190057729121,108.79193290287299
92.39998699350288,102.10667020947419
93.6670514637875,104.95589096710637
91.00420113780008,106.56974575924465
97.00777452691936,107.76194968054733
89.07657198122033,99.02338375886391
96.19746231009634,108.12148739494054
90.0392916334744,101.47540957030274
89.44698542062756,101.62710432962905
94.35015396211863,106.09132851346638
93.71579018473794,107.55444536267537
89.69712592951595,103.00950286328725
88.44815393763758,102.92995823838396
90.36154469902522,100.2332457503026
94.30332768611642,109.69436979318843
97.99792094187369,103.821755242557
88.30351710138864,107.31334391441303
87.54762087815685,99.14492746991472
83.76264310533985,104.92955337026713
89.3824308590712,104.56627599479326
95.37695681474112,106.3215786542308
87.7181930026175,101.6669002297014
95.81380634774825,102.0558928376426
91.82182178055082,98.483897164085
91.00239962760351,100.02228010450852
94.56274631538713,104.39072140373742
90.05469219280583,104.80952851357159
97.42557886023472,100.65504879155448
89.86021284250684,104.22722411925609
97.31772664765867,107.32802770973159
92.44279115117766,102.77292660041385
92.99528362734647,110.55024379230811
98.93942457419662,107.78231914945886
93.12866742834805,104.20995472672304
91.46301158720313,102.73908087179248
92.01288399212959,99.91381567629243
89.91106162226444,117.35569616629589
96.19693267355844,105.88024333561572
91.17658986035774,104.81142605761627
93.21419177794755,101.87092606874475
95.26667903100092,108.4675055666448
92.18148555962922,111.69221243798515
87.524746582703,100.52713806354889
88.87112429256752,113.29079196799835
92.29209181671062,104.97159223948226
100.4312426166588,109.31277995509345
91.86694583240187,106.52857257523694
92.4696348142113,105.68970056512723
94.50949128509465,101.51572561761125
94.97099115516484,100.95866782701432
95.93353566648712,103.09871948776663
91.53134262815291,105.84218873034284
94.33878356972791,104.79014390201965
90.14266865505812,107.13872743590719
98.49789084575572,102.5656785644764
88.89812887764639,99.07825544821965
92.03733082875222,101.46523042424384
86.00957427132667,107.34307217162849
89.65997936520368,105.90893182191279
97.63523165738357,100.86443864667561
96.92832772611608,106.38573092572837
100.48365447397447,100.01463017185333
96.17316218121938,107.64719888734362
93.96133391612233,110.49355673905282
89.22957366779613,110.07063456564487
88.83913274586646,99.48013967411039
89.8784039697452,105.84639062680986
92.6420790016844,104.46545199227502
93.66214603354224,103.64397877385775
92.39027792616429,106.82788428885279
90.26257425543203,99.69413172132582
91.98337064134763,104.91382069444242
89.10751519386913,100.64991293435752
95.93882469962924,106.77968255275964
94.7091834278955,108.71630874970542
93.10244437873682,104.690694277382
91.20325598947271,112.18814698401299
92.60437102924006,109.46125375449958
95.54558141353196,104.33553244704115
87.08821675869069,97.23685826813774
92.31718375489363,102.40538155724565
95.67409196339811,101.6307865751503
94.46605282234816,107.9821424085519
89.65945280930114,106.73119367298492
88.52544447551115,105.28494315876503
94.9426210280411,105.72416080884229
91.04410287364294,107.36670289368935
95.15302464433657,100.60917458478492
92.4913480577691,106.72117286408584
93.08431924132026,97.45986807845942
90.77465942375254,102.1570883512193
96.41192233659848,105.16673512147706
95.69943530975571,99.05692072660482
90.90625282405179,103.03025470505519
93.08604822522136,106.37570034713971
91.78101740704767,110.71729300297478
95.66150897506176,103.76644317788075
98.4045646741268,102.29016821009616
90.30409416284085,105.87832553866166
91.07428014765233,95.06724139718102
97.51262423495474,102.20289212469174
88.93489897924763,104.53059451369312
94.52032293210037,112.11679801617888
92.17128788967834,111.63941347923084
98.17310301979985,98.61187900884427
91.11350171966058,102.89438082646753
90.7927961903676,98.9610863473304
93.31883120074053,102.33994228368702
95.08216175390652,106.26980291110772
91.14412884693455,103.10863306687003
97.30141209730432,104.98793893422446
92.76761898173235,108.28730862138652
95.89585355348987,103.5119292561432
92.46323544438826,104.41505308660673
95.1951290811937,102.7786690173708
92.20934363849355,103.11162484920449
88.90379572208911,108.73593597421193
91.64685521845897,102.06735598406027
98.55017090393889,105.93535890143006
91.20996355741815,109.80489255860432
94.90324909067948,105.2641269190839
92.50252270503147,103.0625085098893
92.25510526993888,97.7836238206172
95.53090221557018,103.82069378144861
94.85183639339017,101.31218297561679
90.78764967006678,107.56024855118119
97.66676321659047,101.81041978739154
93.34911514472903,106.34162356609946
91.80142164561842,100.7876630201778
92.62179184589387,103.45653857328442
90.54482866260336,108.48548325427986
89.38757904674218,99.13639431936214
101.91564962130019,102.80491380174391
94.69449883656087,105.68489554157806
93.37929171663615,109.924826343498
88.05483946777888,107.77168139500937
95.46223557222166,106.43359920723412
89.94220633788902,104.05601697450352
94.64094820821249,112.35710561275614
94.87324406391913,111.68116047302355
90.443446238008,112.67915767496858
98.51399017648534,108.97718630743825
92.80092316578705,107.1063699477113
91.14471474984404,105.12724398407211
98.60014975692515,101.29843641259437
95.26002237401174,102.65854774734429
94.78680338798694,98.91418243821158
93.2111444659608,107.232634780263
92.65822726631514,100.20287737798327
93.40909607465942,106.2396383771142
94.61887082126266,113.28131649332522
91.51749816423713,101.7944463079494
93.52743984897639,101.68049892999986
93.8759933749253,107.30756443673667
87.64645700385618,106.27984323544057
89.68961678497571,105.77928151673791
93.01539275950326,108.68575475590943
87.30334316936616,104.27939788864326
93.17853609997904,105.69641660439541
83.53645613456251,104.0040256627874
91.35133387852274,106.3584826507035
98.09152162013699,113.75969604770087
100.26561308885408,110.6956261755332
97.13648128381459,104.37916192581376
93.42958009641062,102.63860340880198
96.71861656622029,105.56997773010076
93.03770904590908,101.39487976633471
92.95300973567949,105.19718328540434
88.53345909634945,113.78048002817164
91.95026009790817,101.49324493581759
99.10986776669071,102.21660162114566
94.03091680549085,106.09656462701223
91.83049703468143,101.7277700972895
94.8632537277854,109.45894753655337
87.19096683048384,108.80242364898194
92.81296202789048,99.45525034494786
91.56866360423071,104.95210306406908
98.32671263630368,105.74845672994914
93.99181443415833,101.64834488328455
86.99106924766528,98.18213938136985
97.06432979161241,110.77994493178235
102.52046532842071,108.36416998674208
86.82142711998289,102.97741855631114
87.18220840402483,106.71960153196794
92.70648285099743,111.50002676764092
88.17381723867422,106.55613673527908
93.63599315058937,108.08886599365323
89.46180055184934,105.46307676304433
88.50903801967534,102.49398151974664
91.80643547798755,104.27283324946042
85.00259922167416,108.82837056451356
91.9046767865473,102.79582122383991
89.35341468748761,101.35986684238789
95.0900000014522,103.55963480894057
96.16259419247938,109.33232150842116
93.78886525137568,103.90711754530301
97.48788510049422,101.28601316983134
96.87356834190805,106.16124738121567
94.7304414480606,96.52880525944684
93.46746538136695,105.4679433521732
97.83636272603195,100.36797408082018
104.0346483028549,110.44473884772191
98.41308271654144,106.20341841290025
91.43452739162616,107.16323055121303
98.01696312500978,103.17122489914541
91.18922113678646,101.52704011181689
89.95107624486248,106.20238777794125
95.88595877731464,105.94347684522842
93.8755066146801,105.37008314664348
96.93899453718274,117.3050300183904
93.84367415168482,107.93321504771626
91.89683383752143,105.76673040891176
100.02197308902521,106.3708863810448
93.4761640261009,104.95882457256023
102.20841859995195,106.81230856699767
91.55144080543667,102.53273953425024
97.40079492137988,101.52233913543455
93.9860650300949,103.18280671315229
91.65580975723202,103.45201305598486
99.32691310050464,99.75783211803446
99.91164690219428,103.15297382225927
94.76076239115967,95.38840563020663
91.48636224586481,102.86203337041205
93.627868362935,101.45566838784417
95.0768584535597,102.4048176541153
90.3810796887895,104.49880323029558
96.21057391998309,107.03907101169968
97.04847330244915,104.06991949301721
94.69837981484686,107.28202564870426
93.51887515864888,103.16379476234401
96.68141696952695,103.96947647603355
94.03467576861645,105.66828715399656
100.30274343953688,105.07219529411697
96.76576927210849,100.50668900775888
91.16488210572395,102.71369432230136
95.6300501328697,98.89290830181152
90.93073477859758,106.89158708211622
90.55840898045352,103.9703403389857
94.711686018292,107.2432452670736
88.95564193470791,102.90291943947655
93.24402603397446,100.87338901723935
98.27796129749278,107.17516704142062
87.50793267737103,105.42709256019226
99.61836543730674,105.48811861684146
94.34160388281731,108.32528055616834
97.08027923514935,106.10295420100623
94.24368142736208,112.46414154676562
94.62309314519963,99.6994299895623
97.95699211985678,99.27504039885991
96.74364417978843,104.54910618440647
86.26310178597355,97.5748311824881
91.08407818529435,109.55063650599588
96.66786924302593,99.88611460755793
94.95371836764077,105.43573633042404
90.25125801531138,103.30672035173265
93.17802320541905,103.44530861387157
90.70970162750929,103.87942064332151
94.76529065156157,102.84834177066288
90.75382940996846,102.87259340912392
98.60267082962207,103.1266816419346
98.62469740034092,103.90508149989668
86.25399524821518,99.56603987950334
96.89888788326692,101.87442627244523
91.1617427012501,106.57927385202409
93.07041166662552,108.93718143659437
88.56267389653445,101.54225836660538
94.90170356394076,107.51099420274818
95.85176887137041,103.0871265269826
89.26362971198616,105.73778399631634
95.3018402170405,104.40932915247552
103.75722508945759,105.63092586628903
97.79968306699024,104.0134996348723
94.67195300963105,106.54767740323511
94.16523439222416,107.17041166211263
92.79242781572911,110.99410982607446
89.51890741819264,111.82041095321073
100.39858007118112,110.85787355783046
96.68219407220022,115.25225471832042
86.42384587985873,97.84062070063787
90.40772185694034,104.0370745458526
93.01459482521814,101.31270263978945
91.43188269378412,108.55209697907995
96.14656131271353,99.62117094265771
94.40010238742721,110.40048744179266
92.52237609504355,104.03845822586321
100.30894947412884,97.8756082883852
94.29768210060858,106.4206151977171
96.67125518382429,101.79889014482211
90.20469391432425,108.15613843268052
88.79138551515308,105.10376266628452
92.31820646443812,103.98848369297508
89.23187266446612,108.43261208694454
92.9399170030913,102.02000295616078
91.08276104760643,105.17097297441627
95.67597573492176,104.39804839710521
87.8561644630758,98.98169296961146
92.87389280767668,109.0530124154897
81.50710941559021,98.0333548306609
95.27886857122147,105.6392607749248
99.10943994290275,100.99247664268839
98.20712601409754,107.12936686681157
96.62803159047067,103.56811145416964
91.67655130684768,106.24595475393642
90.69375002651735,100.72809745654598
94.13684643191793,108.0398714140056
85.93888415549783,100.28770725153367
91.2254565921431,102.34342338163844
97.88535116944485,104.17033287159279
93.00698770373911,109.27479612076657
91.97106136745576,109.5516197769328
96.57504311350547,107.22927760346894
92.86153670989587,104.552253134277
96.7554654845502,98.11427555849738
93.23841523616764,104.67920676290774
91.26123732322833,107.29864332539904
92.5122668922677,102.72415731017836
94.3197024909565,105.57135997758631
93.4509638578696,105.41914038282893
91.79331780855861,110.3849761819043
97.69196575886812,104.79349814683037
87.0767398009764,104.64938948447683
93.90617200526877,102.81706755622278
91.78792625381101,108.75255425603834
98.71301172476913,104.16493796493134
93.38070033923917,104.26687790568677
94.28466689968201,105.44635745038264
93.97613582981843,108.68942846391593
91.98750192531496,102.39376684727092
86.94751176926142,110.37746317464267
96.1120331184123,102.3223376757021
90.6018912550081,107.0467605609768
91.18446657791672,110.48745889160956
90.66760894429999,101.28060799109959
98.25178448084806,103.87478595807322
97.40011185754861,106.64211078055159
88.82880166280792,102.11796026833596
89.75328566745154,108.21435318886498
92.25487206377709,102.96527594672924
92.58402509458033,103.82933699490697
94.57685606000594,106.73461346749782
92.89737969867491,102.07157547683829
94.30874035240892,104.77452033250368
90.90200378203323,109.43099960545847
99.07709547114845,103.57814354813176
93.15696046980219,112.6270464408763
96.72601356893075,95.96260872287043
97.1089592753772,106.15923718665331
89.77036666546203,103.71285380385908
96.15786248027203,100.25325689776258
90.38689121828128,108.73823610592494
94.2689531347511,103.84292104920009
87.34944400742121,103.14686159350319
89.59038057374066,111.88129736186704
89.62353352150912,101.55444155238432
90.47694931206763,111.4816489436328
88.87207218418746,108.06978671255452
89.83598205595467,104.55584234538908
97.68785529303122,108.48575679322961
94.72090111336769,101.12605270732436
94.02014040809581,101.63238899259935
90.46739765301109,101.90941096669546
93.11568343093013,110.62467790041264
90.39315823078837,104.29701202876716
90.94498810372173,106.32664854467353
95.215639835152,102.281085593571
92.58598589865134,104.61793213774645
88.41769446891546,107.50107636567658
89.7577276034969,103.59624535559776
93.22858964085039,105.81159353491526
88.87317061035135,108.28916326424404
90.08470427353066,105.08771449047288
90.39857266016138,107.36251100017742
89.42377751574678,104.34880540807843
98.24790091828265,100.89958925191772
92.72201945061072,110.00017076055772
93.33668459380499,108.59100821119316
99.88501830588535,105.19466469698476
95.56300494371138,106.03408831637232
88.0712960865104,98.92538955834891
94.60206622660488,106.43690522682887
89.70846428189998,97.47378686539601
87.28796243289615,98.8231124505846
91.52331255519174,115.33112046130151
94.48092347403768,102.94036855017507
96.61985742851392,106.18146375869165
92.65279965022643,105.82800382556759
97.80152062950962,109.60517998633054
91.47795745998354,106.91938786614055
96.79060375503113,105.36962031177042
91.96898739712952,99.60704188120943
91.023831061387,115.1893137967719
98.54373455534204,105.08834324602773
96.11304221116363,105.26854379776131
92.06736915202971,107.73623191163283
98.58601146531264,102.89749122438599
93.1083992198502,113.17754529014124
92.66820509095068,101.14859641139552
94.06636591621948,108.15223223863363
91.24854608437978,104.84410224523761
90.67110951926463,104.29046199867332
93.02705926299608,110.005575072097
98.85495773089366,105.59254001084766
90.44202338387102,104.17111875004179
94.93194087544659,103.78079087402924
96.52647642007571,103.0036755269095
98.42174086630662,101.72321451945534
90.00350234964337,102.44396047408107
93.63731518173232,99.72284425990082
93.11933308216682,99.8208283370209
94.80959276711077,106.55696446815497
90.57361378821123,104.35747192565657
92.88461304229764,113.90696490223637
91.90796031503442,102.7139867649187
89.2439985464443,106.87279538681742
99.49145489854648,106.2546697491692
90.49052136717884,103.17155231829723
95.66058382661993,105.40090679881835
86.64474069605613,104.53155239131699
96.89247748485255,101.78102163770838
98.38072531617962,99.48055446913756
98.86059783503498,99.7092991753785
88.7675095014614,103.30055487682326
100.07996304030738,105.75489555454803
92.18093785145932,101.53810793983203
91.06956251299887,103.25419963506835
90.12906948902578,107.45122494226861
97.06467249578198,107.74838609294791
88.02059343782445,101.39007577325835
93.06784398398462,104.51518152859092
92.46267337943456,107.32736115551236
91.51639219790196,102.42272494365395
92.73167785525884,109.71435035316637
89.40928388562816,98.33101793804349
94.72834245378345,103.2530786344671
96.42514871547878,104.16389507872731
95.15302695540204,104.36149394347542
92.67617868788174,105.42790838996729
97.13567795357984,96.10073160984767
95.0516567643405,98.47294568617095
97.24934504023433,107.28273491484975
94.13329658173743,94.0970973979321
91.20654577390093,109.69879799242842
96.16861922168589,105.56653475761297
89.09084110521246,101.21806848908159
96.03018921936923,101.4897417848207
97.45896972982911,100.07224880575676
98.50312311826175,104.18445888314812
92.70162459878728,104.55228194459177
92.1621444769466,105.53375959648854
93.61232925534073,104.21104961003267
96.96443621230053,99.48282055633923
88.34911210148213,108.17276949271464
91.88358443088171,104.74679448832708
88.17494731891362,104.69281586078444
88.64359540953441,105.19667169958119
89.65227923058355,96.27868654082354
92.15636287079343,104.73353884424785
96.7117071401753,102.43006517663983
90.28167933899422,105.75325885890693
85.57337287307864,102.61100540500009
95.80480223257452,106.6148696153588
92.27562767928521,106.46317814371123
93.50819596622797,106.26223187877211
87.74690929122443,106.56372122773224
88.87022262478254,105.15386830533058
92.27689473717895,102.37156374927513
89.26364114218633,102.49236142784592
93.9388859780329,109.12948710774992
94.77254385602053,107.44169116222471
93.55982126790717,109.76970697498169
95.67836608588179,101.7217319691556
91.46431344690585,102.23516148952443
91.02067962936702,101.22009338559086
93.7028908787652,103.44800343405193
93.76218849746095,102.74912189431407
96.88537768440861,102.69779523279954
96.69873217509016,105.2434198272074
88.30633264232333,105.0398932433557
95.72331706180164,103.3793350781301
93.0488938233599,107.95768202214282
90.43909426917921,107.25202954371007
95.3413979708108,105.83032353650894
90.47798270462327,105.12175513437502
95.233008654161,104.34598108371351
96.63065043319833,103.78932877361963
89.64625499696187,108.99371970455687
91.54095198148902,110.2929233518533
97.77105573185789,104.00229948196144
93.70187513545046,97.67716554765465
93.8344283435731,105.71451889131346
89.78270301248553,107.13803073915801
89.68476675034664,111.76577503616451
95.52241327101811,105.08046754632814
90.03765123634955,105.5248201081164
93.02856208076524,98.62254954351762
87.74999817756066,103.94133957768352
93.83326446143899,104.00143278245203
86.20957818717018,111.0159508514447
90.55460283162274,97.4726513059431
89.17557693238645,104.46234139084395
94.95029513972997,103.81855130056493
91.71053659100491,112.84443877961078
101.84835653877289,104.88041493497117
88.22068820145292,101.9244241342892
93.67830818336542,103.51485739760517
90.14528740127355,109.97914351187706
91.73494981252155,107.36747077238847
83.53653109424354,107.36908111218095
98.27571133656744,104.0986105200378
98.01565440940844,101.49823469422482
90.9348522287745,108.09298333549688
93.70669219040565,105.19807225139834
92.34160960565364,103.36188304720875
91.76180453564646,105.52248997489973
96.35961672509939,107.27470364507417
95.55274795329396,104.91987922423537
97.39264506990432,111.02371803971943
90.19669438703912,106.44971844077786
89.20116395166411,104.0881715669804
90.2189302699507,107.26528270917196
86.09376476581522,105.9719628322898
91.25790020289327,99.88192638209446
98.02709012236878,107.18173335349148
91.48460652788582,100.31298266317485
87.13073583006282,103.09614259965701
86.30846969560827,105.24991336166488
92.58298850303802,103.92794905747374
99.69905747292127,103.96019420276981
92.06686237696543,96.35990819849133
84.58598823718233,103.92296189197202
92.20830682959065,108.24839977669404
95.09075337157805,102.70009919330029
92.96693623760889,106.32631661026748
90.11212035682505,104.11675084614322
93.70371419502335,99.5846279111629
93.14640204211257,100.24077506699754
89.5284272145299,113.47189935847601
89.07640281450585,103.58580867811747
89.45537796405247,111.4378821948073
90.46735717243868,102.47104509304103
92.06449669491127,105.3831184372843
93.59271815856165,101.78194286910704
101.6702545586641,105.08765225046031
90.73801149528794,110.72565170494737
98.11050989026926,98.51919058080453
95.68949283727088,110.73046774576781
94.60125106849966,105.93341617699713
95.60588971517488,110.81903401232798
96.37466484529152,107.5188465789003
93.39577267321233,101.44785691214094
90.15109812483414,103.39093406441842
94.19766016243273,104.27021904180333
86.79460548514739,102.33780195970937
93.01702828274863,101.82129184904129
93.55408229061972,105.29935528541412
88.79028325604507,97.89685791240308
89.03042228610931,107.7305871551554
96.98384573009109,106.71233739758345
89.69623869474644,110.40937506184203
94.36512039102765,98.86872725042498
94.6155125702278,114.93939422561233
93.10281830053955,110.97459988051214
94.98656744805736,98.31610521653906
94.58389037405576,107.197301153181
91.95819664882424,105.76267587095545
90.59213383957636,104.63394561133322
92.31579114773312,111.10141280834517
93.47082067027425,100.6643803199258
90.32427726864333,101.06773875831036
91.00816170961825,105.78716884134897
96.65828669677393,103.66966544504824
92.42328532397556,101.67717296847131
