x,y
69.83176964572459,67.3746494344602
75.50354794422417,76.33529919227483
69.17708716259571,67.01648754515513
75.51688372961405,88.7518176752873
70.18030357344342,82.97718271189729
72.81419937893281,73.34302551622167
70.56522391521042,76.5861395133243
66.7907559642874,76.91098688368292
73.12633087405185,82.2551969754971
74.35200940086217,81.52137113599919
79.86746600770725,74.08159366189025
74.45035387484684,90.72080783510074
71.64801396328726,81.15185446152252
68.30526288447246,86.84883271670935
70.47488362289283,81.1519344316424
68.74973892849071,70.49121511316044
69.54036667071281,70.12180080801883
61.344249247947374,86.8477955938696
66.29539019532258,91.80809448911833
76.4215843499476,89.31628695187854
78.09733785911334,68.74536967655294
77.5489994591407,75.76387366333145
71.15857391625231,84.70646118745157
78.75897811673627,81.24320036940902
69.98913205459148,88.25821664466517
79.51061049706269,89.91266742859179
69.39750884571107,87.80987205627481
70.81156774965615,71.82392919928056
60.14414086287867,94.87997555828579
69.67154754032718,74.28692343546695
71.44456545603877,85.39435359923698
76.82195594366465,86.45092806299445
77.41484651869352,78.02123558597552
84.96486176832721,84.37365575050376
65.95078737180516,76.2356193927647
69.65250605617594,77.77167971598229
73.07185633885187,76.66718375675323
75.9192461582192,83.65539637131002
67.07994149723199,92.98318869743443
66.27683635516014,73.03090620242027
66.7781131739275,75.01117653551503
71.81912692225238,76.57985670681191
83.20559107546526,85.67647906808726
61.45514740377069,69.41716023074103
69.80386168928719,82.82844040745063
63.49737545517629,84.21662269839908
57.55985046446182,75.31472837035587
74.95891026714435,84.28239410413279
74.21884534257939,80.4568424714307
68.1210371952896,84.20781875597817
57.547355107686286,80.0491172602652
66.95289555469729,72.11571765920901
80.15410681341677,87.97509590806487
77.27601061515395,79.33096589133139
73.63029654325716,81.39566187374686
68.01105557231786,77.97627780038029
69.58032562894853,83.89052102488233
74.5309252659044,102.63296803300757
73.33240379487484,78.94091249344615
64.36467903941151,73.60334284901116
63.55308736871783,82.17816744475299
70.15832600364892,84.23254105962424
64.99837342638766,90.54944134622964
68.41260469309567,86.61643082291963
87.7039131975295,68.56123065990056
74.52979881556186,79.2144167584545
75.87924550641718,91.32508006526358
73.7284870715633,80.1189040959163
70.40841640200152,85.97096607755459
76.76676422178933,101.3619387514558
58.407501742141804,82.65543829427433
68.9753937496846,75.48426011148945
73.59735115583615,85.81412943566268
68.38935092813422,90.15886291508167
66.2329893144822,86.16082920059196
69.5595223089014,88.15906342224216
69.73172333811124,91.33957485092098
63.712576683963604,89.38004225334684
68.56960650379425,85.76036893281872
78.12164998947941,87.98520958833629
73.75911816746094,88.92625708734697
57.10488600845395,78.25291494071817
72.48399681531953,68.39143813863248
77.13686027573954,84.92760162248409
69.53411693691112,80.77146507466513
67.9512768064186,78.65941442327376
71.72638734651018,106.44615900451983
65.71804678949378,90.61866194169423
67.60968085456035,87.89024591259128
73.19895546507244,85.75234690773877
65.00499899149068,88.85083764534816
67.82347287991945,85.89384221597386
61.85192314630412,79.28542847286064
67.94244588881104,86.34872161309944
74.63354803443322,88.07750324645828
72.99209819695889,90.82457812091825
77.89325484748665,100.76521752866888
58.791608296009244,83.17563939143174
64.8037189152061,89.0643127650586
63.17068205206232,85.85732965488569
50.8443481101381,85.61498276979768
67.36233215001756,90.2609215770354
77.37265984110162,72.65036460475513
78.92207813908038,86.36607896686577
50.57726478076463,85.40746062128362
74.23844166517415,87.84169074787829
76.61432762891431,91.7130323363132
50.91175423439523,85.0051451561311
75.96614440536791,88.83543906258919
54.15782069333275,97.67625391287919
65.85316574393968,95.21688117227231
58.055442532901054,87.60345846828467
71.6237730980625,84.21566604236115
67.6559758699698,81.15114916598583
65.52269793304826,92.89971792977617
59.61121786397022,105.32258146769924
55.936976600943524,96.36947836715427
71.9724087337073,105.34097589940978
67.39062219893394,88.30328575110333
55.66321391969002,96.77583025550429
79.02332843404061,85.38380051169324
61.498126603436404,86.31722017822774
67.52653220314694,96.54298059055559
71.22165896404955,96.71126965186419
65.28318194325108,92.7467881692086
66.12456758447864,97.57319446493797
50.623059793394404,87.44025255165016
70.86963696085269,84.26630552162426
65.26813931771385,87.52067245595785
40.43164254693801,81.35813803449928
64.96191062039325,89.16301445832717
60.73204911791479,92.46927626516162
68.75919789914333,85.83622870259295
52.907456329745216,101.62130285992289
58.234145642399824,75.83655148720838
56.05016613965042,87.11080213395499
65.84834266008107,80.696256516187
50.92163834611564,95.75480395639532
54.57076900443964,91.34485305138176
72.90840193259447,91.56422392463618
62.62515647076133,93.42291343067856
58.92157669711791,81.02327838771674
64.35081846082255,84.71768757903818
64.79046665507309,86.32758761890031
67.31326028912667,88.42426341461909
54.176811473182,94.36228911100822
52.65521628509432,91.35707525692277
64.64517035465289,89.23189104171132
64.51482381698133,97.81332460165568
52.055966748749846,83.03112064846752
53.42111329005963,80.91850320541559
69.09088746514612,101.4089363618061
57.11342875702957,92.94255789740576
66.32206427329541,92.88246698700422
52.64628412261838,93.8381735673533
59.24102074667966,81.58978627416789
66.18371285949384,87.37513835906348
67.93014139292654,81.89225878153405
44.93272567556142,98.05377399383002
59.520282006206074,94.81418137878414
57.330551046357165,77.46530701496613
49.401588210694484,90.45792355359647
51.32310373882228,83.6600447429918
56.887356894397605,92.9737042082199
63.60565847580567,103.83013740980964
53.85127134036671,105.28209767546011
67.7438076414503,92.83851316458782
55.87666758685419,78.64004439952268
65.00704070907572,86.5820658066724
59.633357015813765,95.3314644645507
56.85823590341798,86.94060891011374
59.356184926652006,91.16612002133762
51.842968313804164,87.98596099364936
45.03612315002428,80.58214096762376
60.80056734222527,87.66374460134377
41.17834791226639,89.28730314035946
58.02178825977352,87.57768067047351
60.52462111780179,97.03877360291371
39.98817284674661,89.82444657979256
66.24440746623452,90.89366961712797
57.69284857712064,95.6088446040913
58.39382704297004,92.99818785115052
51.86486664293781,93.78175194515411
60.036271993798934,105.03146135031653
57.77476096286386,92.91391691844167
46.94796668977492,88.31045670109233
50.1009601768159,91.93626850926637
51.50358035532175,93.88580436555564
46.94813909965252,88.32248554106768
61.54754195850205,84.69346945045896
55.38411967830111,90.29551486266051
45.494917256797535,98.0449193057093
58.517172244351976,87.14034174154109
44.87667432563998,94.09131574990722
55.55198103788591,87.63661383899657
51.54176716894204,79.99579823719
48.155738640171705,82.2122562112595
37.927356220116096,82.07046612919957
47.840039452811894,98.79048900997968
55.12950630059949,89.1226147290399
51.08999408501492,96.40616383419179
46.75117193425455,85.28514963115016
48.04194968185525,96.4894146233212
55.72001723299141,100.61185323945242
45.555683632903396,91.7577499033334
55.91622615796648,92.25161895421047
42.098573617812,93.01226548571752
39.59484495859919,83.00497180994583
49.18427749553631,94.68338766272753
45.12457042600826,91.20904545215355
59.720897216721795,94.54742521191795
40.538442284833295,92.37741032102927
51.870691391266305,93.90319173843959
47.98963518507692,86.08782114108098
64.5216551775844,93.10430847574953
46.398635768688074,98.3040145725955
48.0500272964438,90.99311512463198
43.8177803832417,87.03280010939663
48.58378747269565,83.36785105211729
49.958011602521054,94.04880640609342
46.89418832872253,91.79764706682433
55.42212649283127,91.50574646080192
40.72783518020153,86.60647298108601
51.28793663550209,97.46636407964893
42.438909613213845,88.14447344629137
54.83531042942194,89.37043726979495
44.407358194359816,78.0883923906027
61.30164792081333,94.22801868315422
46.93822926098707,99.36825393622236
48.02636580023047,89.13293006946571
43.65437970015216,97.16263822573654
38.448330132377755,93.3071128093397
53.04406784857909,86.15094307352649
39.096462632682005,75.44973069989643
41.69815245974649,91.66226193011128
51.55517165210864,90.24170379704216
37.21549645303476,101.98938980469298
67.9736398046184,89.4456065834505
40.59262317814327,97.00936751377945
44.664926993187876,92.74443285608487
40.33102758434415,91.96257231972453
44.68282456845422,87.55526157183927
42.0844150165682,86.03184275923726
37.653945890825504,89.30365527121941
39.532681327571964,84.90091900988448
47.763196085285244,90.2354786798597
48.40845821867402,90.70913024537684
57.285303677302636,97.67043337062577
47.51371643742633,72.45905353163299
49.09474337127366,81.38055317171678
35.61969723537566,85.43361884507539
38.63598471337616,87.71288630050894
40.18043162667887,100.54139364978752
50.011109443985966,85.87675918906234
51.939391809874785,86.65072532224566
43.33138163275894,95.06960536953419
36.77002142529867,84.56052153469469
50.805998386834,89.1669148601781
49.868015241145464,89.67091340383926
51.47921481433142,88.49358092696811
45.99551635436756,74.11095235216004
49.16303876160455,89.28978248711557
39.060911990163405,88.5285610352897
52.39236733274604,81.18808541038304
39.17148675366573,101.5450848793922
46.36945953353642,77.79555631852645
43.85950979900266,81.73865753876905
44.485454293587075,80.75513062904369
52.13314830196559,89.91213598065056
43.0508875600418,92.50439027987439
46.52874398948765,89.03195202379904
49.69154798205886,86.49688879814592
38.24891770481753,90.34229824222629
47.410667701768546,99.73071303413727
47.16235098198185,92.59026017783333
46.52067338657586,102.63191250138186
39.73983772811593,92.90795141383705
52.08920456614726,97.41507201029724
46.71343426843819,81.21755270349782
30.275475006977537,81.06969532638738
42.499225515795544,75.1262693105028
40.32675743063003,84.47923940909266
50.18261456676188,85.09292544102293
52.32458481796221,80.2705377695369
44.40349516641421,86.8968209403076
33.50957538118408,75.78289863123159
50.355308297500684,85.1505623298014
44.568025448878416,93.53715935262218
45.33978669612961,83.56500562386853
37.795174583443455,93.27510809926866
43.62745160442434,88.43367224036537
33.6021071932487,84.923799820778
37.33168181338531,88.74836739493847
36.42155444610027,96.2686777236932
47.3583142716758,107.94547192247359
39.27145989448243,85.32795765548616
39.3100702756893,94.97719526227833
28.592984805872888,94.73126806093657
41.62059969381684,99.23800808580216
39.81525150923722,84.53507133420405
28.631748084895868,89.08928431730659
45.14788674451994,77.94268812486935
40.28007178231311,87.64737911402406
39.60355662376513,87.38552125388243
28.813980393819627,78.18527242293398
34.97818430350773,89.6827153389435
51.433874752034825,87.06830584556833
27.76784811938269,84.10339223485092
42.08840971467487,81.9762458424932
47.64790463316831,91.78042607438678
48.22496033758241,99.860312613046
30.286248846927737,82.48222047724477
34.848828751750304,76.84258594464431
42.5385654140938,88.95548975443994
41.1154334803898,89.14941352888343
41.41904105078993,99.68500892070635
39.27514682940315,78.16431456875358
51.123444296442635,85.69359341249974
34.1595333770664,90.60951743413554
36.66798786218354,78.49798537476153
22.885613310604263,80.15986164062186
33.95433251944897,87.74942831131268
45.63259883037354,90.70009965249804
37.38953105320549,88.91474849149814
35.44710883768603,85.625292459373
37.527835933864,82.13238555916244
45.252276336156164,85.53152749916792
40.309218770417985,84.56447203199447
36.10951329040893,76.90667585177752
23.640114830161792,84.85222086821588
24.800848669434544,84.61130257170221
35.59787823217785,84.67976019842163
14.123598950750171,91.17610404764912
49.69733027687594,90.87476097211889
40.07550432508171,93.52867617402877
30.219791569969978,84.76597331435153
34.75693772181632,88.76585599034988
36.41229482911497,82.52641578627758
36.05816672822134,97.03397992695253
44.40958255506597,88.12429737052223
44.15921286665799,79.22877386230402
41.02416774858458,78.65011400016917
42.01768542573096,77.67706536728026
36.079422392615335,95.86717677372212
47.06909286302266,81.76229763172081
44.78289845208471,87.2190463388681
41.91735395643495,94.21880107118793
36.47071456609991,83.50876317064606
25.214090454359006,83.12422210847359
25.75898030376694,89.07366479580782
18.806124447653943,84.99842844981305
40.838304656402414,97.99960852339535
39.90462006133666,86.20074066304241
49.029944791046205,83.31244832149478
22.534229934693343,81.32030567561812
40.032091746241015,79.84681978479833
32.64492637222211,70.6542135466195
38.31682829044205,80.65503117254416
22.548217618722425,78.6164590022934
29.140010593176473,87.02331815342959
28.093498353381218,90.8389819715054
40.18234077432827,86.73814443078673
26.83469381495088,81.42026484900549
25.84252249056031,82.36465666054944
30.121131872413017,84.76105104472695
29.400479666447694,79.49960337621353
29.85047065472237,76.76587229530318
45.31564796979801,92.18485455506242
20.410775530392716,73.60906553058165
30.13342726851572,86.45468333876758
31.67985392234306,69.90732842151105
32.165956255503566,83.94885660315538
25.977497874735697,89.43258807963389
16.32901806578434,81.85973731913262
42.95778912386581,84.66217971086911
22.585818920146835,79.05348993070882
23.750483023015356,81.25141571942461
41.034819524205666,59.65911906340958
37.37218197389642,82.56728763592851
32.234572304106926,88.69821640250524
25.166698867163,87.78074020680883
28.126049567368142,85.14576692244309
38.979556550451406,77.2509829961227
38.30499908109934,74.86824643680902
27.534507081727266,76.27016679198601
22.77525182499531,80.01532984015226
37.22068660718663,84.06782191977089
14.860279237882747,69.5067212817826
23.477700555376796,68.68938487082777
27.844303190742085,75.69296804359172
32.83202860216214,70.34365167474745
15.479930660469691,78.80440095265
29.38846001083827,79.07689818820843
33.27209116429814,83.45445628523609
28.500877911112426,67.44575093144614
36.63876880265626,77.31801451602543
20.403059058951804,72.96111048390016
30.69991282265697,81.97820599057874
39.9579410812552,79.34605932245935
22.902956749920726,73.25013104775896
32.69171037493565,64.6865187896037
32.87016366728152,81.97805483697809
24.26210199240706,75.79699074587968
35.47623762026228,82.36270999304669
38.90146222979413,97.81029234199109
44.372871434304486,83.25126944181252
37.26519453563017,73.00800614173046
28.58309455204668,69.26532520574152
29.086533423495236,79.4667453707803
36.82953738244203,71.22943549447419
30.42469982690522,76.10278496301719
27.194405590734515,76.92873898737348
27.075130020612832,72.11165544428978
29.91594685873101,86.89619620675259
40.840419938032184,68.53955022926178
30.2423866029261,77.76254933936603
28.299398949021363,67.38925632766659
23.0102648803833,71.27044833930655
31.08196497670503,86.77874065569297
12.351885618322509,81.78464650842758
27.996739318187373,79.15323744269732
52.09199257203869,70.45952426707518
27.845200640761938,74.29484983830727
36.082114974581316,75.97760399408587
19.154238399606704,64.04336635005161
25.52832796882742,67.64307443640081
27.426698205466856,73.15853229691858
33.661256058906126,56.66571029572083
34.913770074313405,81.69410479163855
19.55031417959956,74.42570392781002
20.787299619001487,69.6314995680314
33.90790320447239,84.09678232226779
41.23893862310763,64.54263787584095
10.454424972354726,79.93324914478943
24.720457070531943,82.91921425345103
28.878126528982644,63.14439453843574
32.14114183614311,62.99389650763086
28.431069292848417,67.54883525924517
27.14206334792941,78.30318910012093
39.85143143543017,77.64090292850146
16.95821919302631,67.38145981040354
21.772482900423487,76.25814752002714
29.87982082940261,73.4246271775602
25.418462171237284,64.29069892702249
41.05051853667519,73.73671338154006
33.02502376160859,80.25912009705705
32.376238495784875,75.3895309652624
26.742751485154237,67.74375937581338
30.345016841871477,63.41819066616363
33.13693223480756,69.97644218141826
29.782517646068637,69.46345556334856
36.435041995954144,64.94260097938282
32.173730164600656,68.69596843791135
28.988237136153533,63.257550768577815
16.403648291648338,61.101986301571486
27.617892927702894,73.23700115291581
35.79952205217656,61.92793232377069
22.530343508809107,68.44828736902112
26.41670799909654,57.66731262495076
12.608891762176865,77.03936788788417
18.334368051159277,70.54440290383403
15.848254607884309,66.78700341915385
29.255931775413526,75.11462057880237
22.12199324975623,61.89698315231023
27.253175113032324,70.76735443702778
29.801363191691454,74.38795134282526
12.743571831812062,72.512326620442
32.83842506488366,76.21253943182856
35.916810726330844,71.93062359617574
18.062951067728253,70.95464750100638
17.60112009471347,61.003289954764156
30.248778993354765,63.03576282422605
34.43330058488852,75.46499525709156
33.05706802600822,68.98217425962433
25.17831059357362,61.086499601011326
30.402095909010686,57.18003802707499
40.58291384495683,63.21904662397916
27.965464042461402,78.38048848495197
33.81659201529882,65.95194291648043
28.628993662318997,57.76283920570776
18.578554436746998,72.09948349744528
25.950286745259753,67.54080593691832
20.03172860463203,56.814947942303526
18.32178466119261,62.26974640294098
11.545107238817653,65.27704103958206
32.879819653328425,67.92261147634245
43.476721972261956,63.79529828513802
38.9952487684721,68.63177550150216
27.88528418922551,70.6011203421345
30.03146431944927,68.42090775943605
24.880676573278105,71.17592984204393
30.491462818315306,62.2209940222204
41.96104531616076,60.12556700769895
17.565893867127457,72.56102425730201
31.24852787892283,60.57783715884518
30.409763082384274,52.192133836917215
20.91778287580476,67.44215024840682
27.78847430171321,76.17386592755352
37.57583510857802,77.87892160338095
33.120907241612386,76.9451646772464
31.022275754234887,64.56310098863678
30.107943354693,65.96072755167944
29.651965478757482,47.16285655627257
37.90583933178775,75.71983159134605
37.794326675523905,58.88183304185616
24.006726487248184,54.63342038248937
23.737646105082284,61.18153649432785
24.266103965082635,62.84958947956419
29.235461266546952,67.19248594703868
38.11043060734139,64.71504541618269
22.501145324983305,60.623990218132846
34.34218036758844,62.18307700046844
28.753179731048316,51.8662943459867
22.754295009073378,70.22865927201856
22.30368877967368,61.09559167942483
24.940871796098314,68.32882469892633
21.606223688049393,63.84083417191489
33.56618039942733,73.15122787385151
30.427659771182576,70.5230860839784
21.992012948335127,56.40194241482057
27.35378732286235,67.95399295798077
29.301683484490134,73.08039872106491
34.913456044629754,60.025746214981424
27.69148045911592,53.04374533906203
27.829953463354386,54.470119631938175
23.79819770121085,69.39330148419447
36.47626928594722,64.92925292445716
20.448785262134646,63.21823196028629
24.407691373667884,55.459830097889665
41.08134719111154,71.72234381665136
43.13784988705793,48.306768215384274
32.34539591438929,65.86033018071323
31.17777250351561,66.41042547086163
34.49506620295953,47.86146892354317
30.846394177975323,61.05847753059396
38.74013044731216,58.708149115555294
27.822022204852217,64.64093835265344
23.276390997293433,55.16150045871948
32.760064096936105,50.205378117042066
29.068118109825686,69.08515880174878
30.734348618510328,43.20729095054952
37.51465361313251,62.758231434906875
28.02381593668415,46.69599125268746
42.50099354494333,61.179093998147295
43.471668461992884,76.6852905190904
34.701610002814505,48.62231205616716
43.049219031577806,46.01778327350496
22.852528798449022,51.097698414937135
37.30419115250165,56.840321145305566
28.761975749589144,63.26765892818075
35.05443181406822,57.954194177600634
43.21660634657708,53.59279153054878
48.032074809347804,52.05521570214323
31.275919049445204,65.66687622475797
30.39287120929124,63.72985684024043
27.532019608632062,47.89842399822873
34.76933161905312,57.64220675469536
35.34280783307644,46.30558202033646
32.94629036423443,63.06041763072659
26.52328970671003,63.722897358973846
35.76999609104132,60.492692479739745
35.16542204793685,44.93104799151161
39.51248734638942,68.58559423200099
42.596836042540204,63.19931549661392
29.62334592003014,53.007407595425306
42.03935314237398,65.4415935799826
39.93550904160423,49.98582023997477
30.22519218959062,51.36508047400495
24.61444741178401,50.91088412209882
38.08356559553805,51.83652720239134
33.42874396780871,52.0816412369069
39.20696642275435,45.10663354370125
35.603324412012064,50.870423668618876
41.27301763479212,45.4617250589328
36.33542955374137,57.089714319154105
32.315644503345965,61.58375710881921
32.37896345869392,61.294796726194264
25.500517331117948,57.07406276395622
33.62539154767807,53.15476147701396
32.03704407557974,61.302246979530864
31.63600027337948,45.99716542185582
46.45862741668337,61.138132828770004
49.58353173551181,49.110205989579825
29.019578548318478,62.63135479056712
28.122919865450285,56.142423975100414
37.78925970523368,48.91674972590217
40.62451828928205,44.77239432976502
33.738109417195446,53.575212155608426
44.61856184354621,56.39094710731476
42.83134265251358,61.86789406152029
35.41169482663759,57.920990516425356
24.02575156061586,43.339641047280416
34.52355170057769,53.637231655257146
45.65580845119311,52.441030249604424
40.193009185700745,50.141158838207936
26.586134688680822,70.17512453735836
38.671102638276906,49.82135242129951
47.11668703313195,57.94398796964632
35.21668797630726,62.361644459941104
36.74164877031162,39.71608722854906
38.56092368042658,48.736823412661536
42.94425405272438,55.69016877701381
38.141314031329436,50.24014826034402
28.241608157344828,41.5414297399263
38.171681001864975,39.358494225014205
45.65835806283251,51.6915358012164
34.79933273731358,60.23324662683852
43.564800573395004,51.03595223528577
40.22684157057745,56.095264653853604
46.90239226133288,54.15444550884926
24.76171564450358,56.75859994574765
39.07187286417156,59.67031320356735
44.29585210505814,49.778114455469264
38.968938490882714,47.206605250781564
46.175062996604844,46.61251360442091
37.405608192241445,55.067585982718626
41.919102719116935,55.846166050364815
40.73466983382445,51.442414626825865
30.771875873901752,57.98750390423385
39.869340780194506,53.4719422661254
39.34160167174366,44.664560618473956
31.50617673702097,41.406972862723535
44.88444765252378,52.60941170407156
32.09765403503781,46.00763961661963
29.28678861670872,53.62636926785707
48.68596314120908,48.77955503502472
45.84012014446192,54.72788513045596
39.96450428413027,51.13736585973962
47.49574816153593,51.70771616602228
50.975781137889086,51.65956249792386
45.43383524237914,42.20961632907006
45.66650132780022,50.07876448389825
55.00726767175027,52.59663240956025
40.93328877901048,58.99860713657396
37.95466713277273,37.44724516530292
46.13780677510579,43.26391847583379
46.57153127424649,62.136746325005845
31.368243838488453,46.83324258617738
44.56408512083533,42.23522445583382
35.68439554455489,51.27930414904988
42.40585808291016,56.17560181400484
41.32018305177432,50.630534187086354
34.51468590596268,57.25373738083112
56.718389396943984,40.88504651203037
41.90024319151583,55.62018988103567
46.27091486466492,48.9956698727684
47.669626613734664,50.997909713396076
40.66235513152425,42.69300460901396
45.49910609576284,51.26233412099079
45.400694698051105,58.89231625955255
29.879592301378228,52.25237825651542
40.5667312048224,49.10917066111215
43.113829558424754,56.99141914120785
46.691730636850544,52.10276524340997
38.896988245501085,39.53462904794547
52.59432305604932,52.46378782585712
49.95662555980601,53.909603701880194
59.25903111568454,52.09569613478963
39.24420649900274,47.78327556422606
45.565933218829535,35.724143788077406
54.72467666647748,52.560310848863665
57.99581149902045,67.450524929737
58.47739647120688,57.36904074846978
44.97936442634946,54.5593768684278
41.85076402996823,56.57650239504652
40.520674481877194,48.852691877416255
55.216004424915724,32.097187084891786
37.1094635550301,51.65892470791953
43.94275478838413,50.8810257282619
43.80456547209423,47.288617433795785
51.90768207839285,56.49197066728081
59.46469189534473,39.306362630478276
45.084398944384105,46.246901229497475
36.24178233828735,45.004005140462645
50.4940922511649,49.483400356369316
53.49957115243584,38.978200734415374
53.06727076694216,54.80567903281225
35.49278849379618,49.14229872437687
40.061618300839996,43.987185724329045
45.971423743699475,40.00716334589741
54.39814844697361,55.34015743021922
48.15758788323216,56.625204095062855
36.3699570561365,64.34638584241583
41.431260940515244,29.87496061881363
46.981847866186534,45.24993778497625
50.44743107902866,47.898163629995835
53.980351598804084,47.54003418005515
63.53086881006657,49.377705122777336
52.324169744906165,53.49002963919049
62.683307875505925,49.01769810477139
51.21470869268768,37.430926805321356
60.23197956913092,61.733231281253374
41.267343083206015,49.57409870089313
54.46613179033333,49.9986270783324
53.85405944005695,55.0032281082064
41.548807073721285,51.83364834677324
48.772412027594065,48.83505822139051
45.07118779638982,41.246119219476036
56.49651678163681,52.18481532414263
64.59389152653742,40.02864850018331
47.553685703793214,41.88786376922766
41.08275125926617,47.63019612551961
55.462112864104995,44.99260364244984
50.56682567183649,47.86183807891941
62.539445451270915,43.559587983075716
48.664532243655906,45.2997370091401
43.07141907197588,48.79648060052511
46.966664803854414,60.817069912621506
60.254333730666566,46.87209111214366
35.53425505491654,55.4766768669962
57.412921227302576,59.837337612817265
62.67754863925484,58.46642484314853
45.61225285450473,56.664962737591864
50.16438150077533,53.43007590328368
43.7719061630344,52.54127133277239
61.169562841284275,37.35683452340177
44.10299713507746,39.36638550280642
59.72512493628706,51.45612866426393
50.83449241124169,46.916084326709395
52.63761428457022,43.882718766244736
59.35253442947672,51.70895661911261
54.49717471129597,43.69686502314774
67.32712967386327,53.88828665598187
65.14528867653797,43.62035376699732
49.80670879802018,56.33308476046853
58.35701485053836,53.98858450573612
50.07811294742951,41.518196963165614
37.708633997926825,50.29594881951045
51.31904877851251,44.67274017361375
61.31409189641792,44.66038380247013
52.27197870178512,61.24827348512599
72.90541914249235,51.70007053952983
31.644132772860694,43.67411233467593
62.28616399073979,49.98075397242731
58.3528027588725,57.07140935935831
62.17378611222271,39.574835412481086
62.88909186738767,45.29858275722084
61.98815144132783,47.966969853625294
55.87653061596595,60.293805769780384
49.508047381260354,39.28475053587461
60.39759314897806,47.27865982799756
52.67142730308292,52.02130900866888
59.099371207658336,32.814830260500884
67.52507357782353,56.56749284838062
49.74912664138219,55.608242932056825
67.07432930632564,53.015687788407945
56.96376528239174,53.51660975706128
43.5934517903254,51.919150572699536
82.11650219454191,47.260022986491954
66.04315578485912,45.118668051253174
51.41117770329217,55.96766505322221
60.665154433884894,49.00515391252836
51.48827856798483,44.52181187335806
53.25216449299159,45.9911212997699
54.503495817119266,51.58967260704033
58.4738217906641,48.057484012961346
69.25160649719315,48.332197335974236
62.89889960326353,36.7605305280437
53.501963555164224,58.462262398212445
61.54127784053573,42.56222224821617
51.173844828310976,54.3739579884797
68.01814685559778,47.600931797043465
63.44729814556886,48.59187008242878
61.734891264185684,44.44000282504125
83.47387592453167,37.16612737543347
59.19649940808952,41.742088398366896
63.44342170556935,39.26441650452532
52.56870397008858,53.464926984495115
64.55909516018734,36.565302040981656
55.583377727551905,52.53437081204886
67.53769461695072,47.406083328974056
56.49363474020875,54.699701644930315
55.82764656183702,46.59006079213205
75.2171609070969,53.98170753257056
62.40899256941921,49.12046079050631
68.41991348907769,50.95811739874007
55.79022174576679,50.584615619228174
59.26037015740462,46.376476089996174
67.24033244670257,38.630439423504725
63.16002003938217,56.34926932098322
58.63887113538864,45.246433626674374
65.94800476311312,50.40503039746211
65.20359345953788,59.633397370582685
68.9870694390542,54.43064534325105
72.7723464416856,52.95618352497204
55.238689958256735,42.69670640172734
80.56653695108044,60.236940969810874
58.626159161000906,57.47843303988713
52.36022475120569,52.952234960304445
65.22061546434733,58.37074785109592
64.1066146721577,47.574482850490895
67.07555147152897,60.133662917808806
57.0794171179634,50.5712977051229
67.45292796977415,40.0062747378761
64.62276886569867,49.12661692282281
57.49688229150869,56.960425736861524
65.9329768569087,50.861280670609084
68.46457104879651,53.57162758719603
55.805020809474314,48.38429251668609
62.98048085147857,45.85395854156869
59.551958704466294,47.92202444972347
67.01482088539028,52.020158872668304
63.14115195617336,39.67444427861382
75.69735819758772,49.157643229346576
57.02057812516534,54.7945303615377
72.7299382649944,57.36396109946774
71.4884909001431,65.29585239648347
71.41099540785952,57.64850840165767
42.8103846388679,50.72201601443899
71.0096690757747,47.5922551197367
59.999287947975915,43.739502525516954
61.79608875850878,50.95921049833685
64.47789234417131,54.954127255224954
62.623261054002974,52.576435853464275
75.59857285171869,60.62991997035417
80.34703001125867,61.01072126846341
58.244047491777664,55.25102005898068
78.17573154640044,49.44426550472487
62.79426633077379,58.203284685324164
58.73974982641319,52.707508996677866
65.54410641753601,52.00259464655752
64.91525210303897,64.63975135676597
66.00410710524457,53.89758398543426
62.610025767473594,63.902391585669484
67.83713332340956,43.83902750002599
68.11891530195999,54.26349569619316
69.01012128801136,53.05967294071998
60.60537545801465,52.83793532908335
50.1378077076201,57.68718283887861
63.877106636454236,71.69897044825015
65.15721623112867,57.54583130676907
64.24622124785586,46.398479335915496
66.02137814967855,49.87357318452031
66.50546289631677,68.45798343546022
65.12320443003375,58.062734233424095
68.3332693599544,51.699520577841255
62.24194286550523,56.51354851685369
68.12676058699512,52.33624152175334
68.33961699677032,51.90336710575418
64.29264946049028,54.5680603913784
74.13920797098426,52.29415596980606
61.72440722161586,65.67431031727143
57.95369995594013,48.14046625903895
62.37694758925774,54.6679416251971
63.372388725059544,47.395796933472724
67.71359919802484,56.363119402031906
64.04184080204872,52.05083566299277
75.0851626987671,54.115942219248765
68.57314568094137,63.42109179577971
74.35341275708775,48.05949644701405
64.64796834301151,53.02248755417238
71.18783713400191,56.76753379895752
73.88683391745006,59.28386485402416
74.06109235585004,42.04140466032551
68.9733578675785,58.691258352796055
74.61064368214039,57.02538147966013
62.63047175365067,53.176850841253724
71.32049211916018,53.330749778110224
70.5233250858146,50.90599330007223
79.52387644494758,60.73418285895317
56.84469729595993,51.34281566729055
72.12675673027974,57.92103555101378
66.34048561447437,49.29738817987503
79.39818479586539,66.77064476669032
74.42927971207669,54.73049928752159
72.92128777074471,71.02900266938529
55.78084682429845,59.85907606230916
73.80289935030953,46.142488374062495
70.8820185091314,61.742446885174836
75.39395225239033,52.548511452642444
75.33907312931125,69.3284798695027
91.0463599653784,55.55976481963488
61.67628158831142,53.68405710487933
68.66666539048907,57.76809024973714
75.85449443874246,64.58823140421724
81.55198743454928,58.41401039407074
63.38870502514265,50.67958912275772
72.54083219314354,62.16887770880582
59.90729403437935,62.41765170072002
64.53689997140638,55.38240842749859
79.57171989738515,69.46364986873698
68.9664259288162,66.84094910484671
74.08667809071649,52.978494183035366
78.56515933705371,70.1581532676182
72.6599602212652,53.56669652280163
86.78660735571435,52.60600179072637
73.87302829930557,52.79533345074033
74.7717057944877,55.17066647758948
88.00832235416587,62.738454099759636
58.15562759063469,59.933541158914906
72.24594851179972,65.09392506223892
74.62826643187272,62.843716798659905
68.87778406568073,63.6888471003611
65.80046364648766,71.79259413304563
71.42195586711624,63.375656431514365
77.65533475288848,64.42351732644109
75.12509145849957,52.52376458999641
68.89161330527776,62.1271410806935
68.04916568091915,51.67343237788506
83.60804204291807,69.31674590573115
77.01624747638442,63.09987949061974
78.54785731412319,71.95748771697129
88.10801713629132,68.53968591573697
75.42620188860963,65.7533740383057
67.85509311855972,61.441766012550765
75.22984953048126,70.03060506836889
72.14171477896775,60.49623223510693
73.99381840682965,61.40457377699535
80.56886674895337,69.49144415756665
76.7706087944807,58.07610332617903
67.86999493923801,64.18383134718215
78.81447215998259,64.98441836182471
73.50284981552535,71.2116941948506
66.39421004357493,73.93381101438489
80.98197150342818,58.175842301316486
80.83082559280814,58.77587099760233
75.69561271812478,56.356078069033515
66.67727077857995,66.76636997904647
71.00134703938471,59.60029393424183
73.13021859816816,74.45497291941157
76.43522882610681,54.42833953798909
72.45664412899319,59.47866411436515
72.26993524924508,65.92460484502773
75.77153697139148,62.071446389120425
80.10556698164204,64.10868961072903
63.380007070928585,86.60247204326816
79.08786986264761,65.642530786209
84.23408834351407,69.09985432905636
73.41297671927241,70.46157017890847
58.1400310391045,63.236689778437416
87.17703371059541,64.73399785032201
84.30767342615151,72.0971609987974
66.87429847907009,59.46864183003994
71.52479963222706,71.39349229138006
72.37376867466351,77.19460885205308
68.80635605245375,71.12495997607978
75.44837420179141,65.3374733058011
75.33814574511993,54.907259169313164
64.00426273725284,75.54457127588557
78.13717368666856,77.94882646172341
78.23083895023746,70.85973777277319
66.45969119439597,76.35987515762453
73.96710698031883,67.54476898277736
72.78554751236038,63.84625000621988
72.51168218914808,69.16701875052381
61.543394214454906,69.15010993313933
70.46188973587087,73.18736749120278
81.63208276345667,72.96339556337357
73.96372271472278,65.12066825516577
81.56043230447749,78.90125036045443
77.97182367749573,66.03920482865773
76.20445316455516,64.76612711421876
69.0644825670846,73.21621892007191
68.01188963980461,56.75293230326636
88.43410969284588,76.81692264193615
82.92548406246792,72.236009239134
73.95357502859801,74.59351006194628
67.09782957503765,64.74529741570724
81.76350629561948,79.7300359739486
79.5226291713352,63.02762291498023
75.63983774111334,66.36436572383754
78.37451888587638,80.74946615478441
84.88552961284687,57.826067934021864
74.81219648307498,80.7965857934295
87.18214267467619,78.19034785336626
78.9784673251983,67.2889437446696
76.32903397999364,72.67099572910193
77.02128767776122,69.6389050577469
61.806462197738384,75.10073145148851
68.42144850925096,76.51664351474126
70.73659529950382,78.5938493763382
78.01985157220788,56.194661513577685
85.21269231820916,80.35391748885728
68.06728614493099,93.39159517658712
71.17996995978099,77.81354683104085
72.48573386543718,73.57848388470592
75.14528595580147,71.58137665620272
72.22938182170718,71.40524054172069
81.32374398165449,73.05500128917019
74.76262081715093,77.86226735978681
59.71940954828259,69.33716745004475
80.93028009507115,71.67272888941685
73.92393943158694,80.72127540242971
81.5376216945912,83.59767966815116
72.30531262440424,78.37499847129892
68.00227652942222,65.85390893839013
62.73115967480997,69.983065818409
80.25572880388734,85.84320240632304
67.39729886295673,75.35453856034967
72.76871086904882,85.05036804620816
79.32617948430963,69.67991460063179
87.52802346575109,85.1381371419023
69.38123705353298,71.24774055203929
71.37395476598913,79.62340257329433
81.44996484514395,77.97201162465156
84.06097124771301,75.51957379052192
81.10013873292277,75.85865283151551
70.97307277506437,74.9339591552987
69.18720217218196,66.91494131152558
69.49013086986793,74.85964481092812
93.66735269767841,34.13240459234994
86.43373620131725,40.15131362689519
95.6483395871085,44.125415295371475
83.96816308355811,44.41469255600936
90.72426063262017,35.08890189942217
88.9759249390623,35.34973588669675
86.52742095634102,39.731872655195765
86.45220109447705,32.558368613573265
89.07430289235037,41.17397870907756
90.60566097652675,38.88574542454676
93.32605721129924,38.149177378
97.13840415916417,29.734725885860954
96.61449173453263,37.40478439214338
81.56718706984363,43.29010449120455
89.12266464439354,36.82920219422554
88.71049404540587,43.01982669433416
92.80819724301284,34.518872902427105
91.82704069534411,38.51050187062787
83.82925366670688,42.56155251146766
85.1424424699569,40.86135293047952
84.22136735250771,27.721295505293273
86.83918105991187,35.609307811556334
99.48129323487656,43.834830383831644
92.73606083360366,37.91125966223664
94.09505409464894,43.78279467326134
90.91081380159707,41.9637614105761
84.97463036329344,41.33705643320326
92.92740609978695,32.546224938511706
89.73049526125638,34.66232588797477
85.92552752827552,33.194552470064146
92.03298927842837,49.16097619207272
87.92683520371794,39.48360301382724
97.85129484029403,31.18340902218555
94.65832716990852,42.0068601345586
98.74458046089337,32.822471830101215
96.12986263818289,45.66610365607012
80.19634273883497,46.23365578340326
90.39041463912965,36.26343264451106
90.97249197550344,33.51058584775884
87.467533060905,34.082538796419804
89.20917626816173,35.20227213030598
95.58366223606467,45.33892639335477
82.66908376476076,30.083496897580623
91.62563959032312,36.40955005350291
91.13809615114627,42.089738035109335
94.94562196567526,39.3072086074881
96.7080638119267,41.8288022676517
88.45404778053317,41.788646695477624
96.32932174420107,39.41199907806001
94.30881206216335,36.47921729288695
88.78164545058043,31.01775524575978
91.06801889913979,32.160993371640245
90.94981053254132,38.41033498160226
78.0939731566339,33.52381400170222
80.70614754485166,32.804248188924085
91.03274310195094,42.059261780147914
88.93033462075839,34.89807676965911
98.81756108053722,44.82179068982662
94.03703497262084,46.55323944336953
96.87921787080272,37.9168340012442
89.94177781064118,38.19450952181644
94.52716372132959,39.31420821482599
93.15724453929593,40.3097030865344
93.67943182774191,40.35849376006014
86.66365369739833,35.09108148467345
82.41168373398997,42.460326023422766
93.86175930920048,41.95100555516652
79.0877013718637,47.384433852324804
89.92260093472373,39.303372671114765
87.42974188235489,41.03015831346264
91.90802135016685,32.05745787363383
81.34060942021381,27.927412422905725
84.54165583597725,36.83155839380015
91.93566450195755,43.86381850970399
84.181098217704,52.390778907896646
89.67059894447306,48.327065323796056
96.86966557780995,37.533840607251825
82.00169377892904,35.993957998374185
81.9210373087856,38.61650866198196
93.37716791383932,38.34813141415258
97.46965028587714,39.14793388239056
94.0117406473245,41.620556395083426
88.14944971677942,30.14726161773188
92.762999031806,39.208310660073224
91.65463057787872,46.30276047122756
85.8927492231814,42.575123258603114
88.17818254003544,39.87944631221121
81.69603191580696,43.19289046164445
92.92234889243382,34.5575710834636
97.47604303044449,33.72886971927799
89.20933058655872,36.645036459889226
95.72199238151772,41.60181528349637
95.33132385843649,37.72750537383568
88.25674084914246,46.05752174704236
88.45596361003943,37.32268247826108
86.35669853474434,41.51325879172927
95.12091594829212,36.75751356915487
98.40677232959362,37.969440464708704
101.45762295008866,33.454141196409154
99.55509630879419,37.74907353122478
88.73167220607496,40.93238786036275
86.08729658259047,39.01704444170821
99.05068649370031,42.51605920722027
91.33858242871521,38.345738501917225
90.96375774072732,46.79989284066659
95.13707971686432,50.17464862465567
82.94686370473323,45.388198300569385
81.31740231487073,37.342499339055024
89.63263063318502,35.679576521807434
94.10636008783607,45.771905729493106
91.63117807288887,35.870220147234164
91.50321174958138,30.41579840373
92.33066267728644,36.12959051558631
85.45255990544874,44.07445908091951
91.26960389711381,32.164951638152594
89.09091703714056,37.88373111914852
95.75104648110126,37.93309434650757
93.78970054442719,33.68930124565089
87.57309360312583,32.259635472534264
81.21563658975208,33.278440300119705
85.69234229459676,33.894522569384186
86.94526107369369,47.8466652180916
90.21897750158867,31.947138862739084
79.94829806397884,43.90139431126671
87.76462196231078,32.15998314028138
85.11926708957839,33.581604378760844
90.6766312281855,42.88582824436098
96.7359664670517,36.65639737800844
99.30805655854252,51.46651019260109
88.36424964178505,37.012916756916205
91.64607349446214,43.65015208563536
86.7346253448327,46.96366545885936
97.37387974878139,29.566674259168302
86.26165463060947,35.28681251165074
82.52720824015155,36.3144390111327
85.68576616995256,30.333876104824952
91.96807528054897,35.728481230389384
88.1221843331916,37.47680663435392
86.58650881206258,44.62474064689908
92.15227820198083,40.111078696908024
93.92140028161056,49.34951879410486
90.32882653830912,40.11137242460816
90.20243202498341,38.277824544938085
94.51842266348696,42.216173856537814
83.72400027320562,40.356496040085695
90.64207070480181,46.493886923860664
97.23761194938577,33.79667890801938
91.60018356180858,38.69670790852221
95.89016353463634,31.066962990170225
92.25466363880777,44.08282524982547
89.51498126421619,35.749268526910114
87.11982381796186,40.03533203922769
88.75876630828499,44.94134443069529
96.21970935405443,41.008599863981644
90.50793780781704,35.72971033004559
94.40263531958038,36.139885810575564
90.33071198500392,47.557897591632916
87.56277000247016,38.72274131054327
95.13235652001418,45.50952217176089
91.94926231467149,30.00693104297899
88.13633108207142,41.436075722814195
85.649180557072,41.85542306459875
86.85005008242445,34.83708190530897
92.55155976596434,36.975714735792835
94.01764150693003,37.38346724531379
83.12799729243362,33.7951496573698
95.20658215644474,36.36189403080909
83.58023507142548,38.76001522338292
86.05066262160791,34.51606062801765
91.95128751695923,33.286595801012524
81.73370978262449,37.048317626914404
88.15687229964391,40.000679593558296
94.86337089587771,34.85440872604186
95.32931839159647,38.6812327625122
87.48227123597773,29.855822135892062
87.20726789496136,39.74646758908441
89.59940667190332,36.67134166081868
91.63912467867995,37.892331367024184
90.21187490560203,32.85753651140403
83.23684173275059,44.27272959017928
82.85496844594435,46.44625582885547
89.5877254770202,27.439737696594328
94.30463696657141,37.481731309973284
95.13625972386198,39.129483226401476
84.75481214165481,31.317310557626072
89.8802545541817,41.56877836640105
92.23820875952507,36.2070978082653
78.64155243983785,41.14457664816164
92.87845474440796,40.7491965485247
80.56329190436257,36.43137771697147
90.96823636747199,38.528527910243874
92.42918874828727,33.12534371054748
78.08425550284207,40.74768435301297
86.93845305343298,38.672552982976605
91.45145205309552,44.78788120047892
91.73013689859235,45.35026033056186
94.01530152056576,33.98202046150603
88.0237974367801,34.51195938005
88.94066954514051,37.54800519832161
95.35375606843056,39.15060555310192
91.08692571113245,36.6402709475157
93.18768649071716,35.70585792931145
96.80440391597648,34.90385361484231
83.71897256434768,34.4379496243037
102.70881809278063,34.46732074052739
83.0849139419495,45.360328422106875
90.62529165306911,39.239709851680104
89.13244696715458,30.944374509095237
84.93006971704878,45.54005483268017
87.17140037637861,36.6627897961216
88.7926086639649,39.74609568903695
97.5947257554358,39.43480734404906
94.83211728196744,34.36135014967478
100.39377763481515,42.15667651478185
101.07485235909107,33.0143432211032
85.32907800124724,52.38082254118503
101.62074932224607,32.209303871896225
92.23694788144662,40.156205688093095
96.9235130851703,35.43853348586748
91.93015430180822,29.746062456582422
96.22149252639923,30.304422222669885
96.86470625737823,35.80757333912262
87.21485391516254,38.51986701656737
88.36903233135013,34.45156431483717
87.5372643343301,42.88471489916513
94.59837331127639,41.711500836605744
102.45759293605774,36.59560851520887
90.23611232217274,27.90862177593418
95.74134495878484,42.895876221382196
93.12867029606517,42.55649377863789
88.82215481236226,39.04455246686948
90.89952686843604,44.30718456490279
88.07417376729023,31.88000565296387
88.77668100926029,32.908254327935246
94.31881302719029,37.86824162956768
79.21395918944454,39.6582793332992
90.35470839111423,27.503173188252777
89.03848545767217,43.390713843583995
100.7678581095681,38.62914354273884
89.51321819140334,34.05589768288144
85.68778526409326,36.84216626581738
83.37607590823654,32.92488458176491
97.03847027308272,33.358276446195234
89.60444702002492,38.88581962128163
84.32434648637698,30.45579877726369
94.14519651726766,44.052709628838336
78.1137747888522,37.44206701316839
91.64913111166841,43.957004115209294
87.63361324791883,41.953829482359716
87.11818317731756,31.024247857619258
80.43499391584903,35.32898368643264
94.38045119651571,43.07367512504685
90.35245615714258,34.605166952105904
85.51436448351141,40.2114957037483
90.28729288806977,39.10744981637023
82.63767164802935,32.81436771653164
93.07967631056569,28.292901670283484
94.32403215933705,28.92530922898602
91.44136572274458,53.41215687877339
88.68237645135056,39.608363546811724
88.05389440595503,31.5279360143874
88.96024219100559,39.959960387005
89.63045718425529,44.019672321698984
90.3620722201335,36.42041615672662
85.9604247875508,36.59590309823556
89.4408376094609,27.85964893104081
94.03624217066532,35.4589643449221
85.55319060272069,32.814122328403336
85.49532701425598,38.116261741738164
89.83635621667796,37.25763073593511
84.18238476519312,43.44558574240805
91.37456183789278,49.99877893049619
88.44653446920283,42.74873204172664
84.30558056699823,48.75014353451597
92.4951513038688,43.12860245880046
91.16205690875844,38.277060089279715
88.242293505977,33.280577940573
82.91360192522184,31.792348070548144
84.7416858451374,40.851020493944354
87.7460880682708,38.08749638188266
85.01258779307702,44.33733594722432
86.79027888663886,47.953548883792706
90.89355239247642,38.67968335713348
94.64065649872798,38.669420436807776
87.82188151269013,44.59582526069907
87.3495389510379,39.001012995734534
85.08162123944395,32.09411746106917
100.71787691041884,34.15330931336732
89.3964915331104,35.401693715513005
97.1829935999222,32.56734354992595
89.07542625423788,38.1726066714251
79.63648916034234,37.248534557412555
93.22289998643873,34.038001960201925
91.48388968085492,31.225340440147203
84.15654923986564,38.20360111092927
94.92854120024653,47.41038889039236
89.948547483288,32.446632877828726
93.52666741974144,32.32751524490768
86.1809379255445,29.508460251546392
86.87690366598622,38.48923895508359
93.50918464559616,31.470620223328222
87.64798625699947,50.82753609861503
90.14873619042814,35.302460765412285
87.59639793625837,26.89055009438889
89.64304323678081,42.448108044600886
80.71373296483127,42.96600985245987
90.19155942078545,31.856052676085444
83.05006805210185,42.723972158369506
84.73458601657528,31.190617445262614
87.33766150770606,36.41668420958313
85.70843964375283,39.991477890019894
87.61601116319777,37.66148250732687
82.89975205913915,41.420727452953585
89.92059005347544,34.26738382318287
91.25339882458421,35.67102133151212
99.40114176498548,30.26991669827116
83.98790499722692,32.78565285534584
90.38367878505146,46.827138014376715
87.01720077484435,32.45552728600725
94.5673062896735,47.730252967879025
84.62010258723262,31.799256037467845
95.73093175843579,38.78368785506466
86.40667798254351,39.01085121935352
88.43673691779826,42.959112773022746
88.6950119945357,38.711727066373264
87.8522471089934,39.608176018431806
86.3780479734048,39.17904824378919
92.64160718895425,39.3996515140583
92.01790525596925,38.48911265536092
88.86445539395103,42.08468648733257
87.8477207541102,41.29402618832941
100.41564002043643,41.37021823784568
90.6245039663537,42.69730967718522
83.34676680454349,39.98367695045486
91.31150383056521,38.83667616100804
101.3924364066854,25.983125379392206
93.78533863552218,35.3687918322866
95.3040829636694,36.11136625662692
91.27810755950851,45.16238263835749
93.40563634969912,36.711669774925525
92.5341286800245,40.85327699277304
100.39711765224618,31.54147091992863
89.34936805990147,48.29142802648944
88.23718809496658,29.013994549133457
101.93991233614209,34.884335215214776
83.83330777906896,44.56592601636008
83.27061995886447,31.81992347784392
92.1643767680829,35.755451294103956
94.24942623924048,41.322893723829026
85.71657148907575,34.417228492421806
93.9760762441196,30.773858081972907
89.36311773969432,40.65838093573238
84.06450039797507,33.689765395082944
98.13364901966996,39.655201071910305
89.16643733887503,32.905658327077845
87.96900774394209,33.2523340434397
95.48178229119516,38.641682461397295
87.09303911393178,30.739047969372304
87.87516382394469,30.197322721569947
87.87605608990788,41.22366038875972
100.64351692509905,41.235630778728904
93.73603437795128,40.27270917057328
91.25832223081456,41.258356543837166
91.57279375226545,37.62057353220921
97.84506653993773,38.28656683384302
94.0762038477572,40.99433224489709
99.69257052745316,39.25635467134041
91.53338065471344,32.9519663409602
94.22742425908505,36.192676495881095
91.7126213233297,42.446657560841
93.2541087402978,35.6922799079901
80.14416326008566,37.67487274297826
86.53389316215818,36.39686413253519
89.08985928157449,41.597583158373155
92.6918044628913,32.232461267547734
82.42978074115723,43.15848267588522
94.21270618168656,37.456539127558685
91.30015049977627,40.73906484886163
96.14613082416254,38.96959735821191
86.47887515835247,40.92031443564167
97.27283648327753,35.38591264417558
92.33820778020747,40.63606619414897
87.93101480157269,41.86720052080934
94.1346345575897,51.73373697271251
94.11848824937618,42.6394931176852
86.45972654028046,33.023797716420944
92.40824953167414,30.553668662137262
90.83380428823185,49.3947376397547
92.1529876031387,41.0205344509632
100.62073518034978,49.224342406246436
81.234921517705,40.39561434067014
89.63494708128971,36.908390452895354
85.05447517574021,43.903019563752885
97.61408202775401,35.16768247405756
82.8932466267974,43.6435296146818
87.29398150858943,46.79134107260604
86.55462086826708,42.2291202722519
80.3058545495891,40.14035080193956
96.66447011163028,45.17477864143319
88.04593476939765,41.336260692860506
83.0628445446497,42.90159977844398
83.39380435844991,33.17623337655262
96.50945280179783,38.78154578564221
95.77079378107345,41.98493018585018
87.34613283065785,33.44539730671692
88.41798039951053,38.445504090716064
87.40831528865408,38.41819347318185
82.83543878799682,44.2130178152854
86.23017442302842,39.817772398915466
91.86878721255236,35.46566153528441
85.77062864856005,44.24429660836408
89.68814118559737,34.40678605792716
95.00368713557037,42.06207325668236
94.01104397341015,37.887673410944856
90.27219267928054,38.933234037139115
89.58611095426613,42.44829003938615
84.58578569315884,40.22297589019304
88.11760607504516,36.23019598489303
95.36873724583202,38.00070131110351
90.71514120509887,41.065490059962926
95.27867960257284,36.67038257648308
93.1084698354683,33.130669539889496
79.34679010880409,43.674692038143455
89.27240406898234,48.0208242386299
89.60767621108623,44.63282052705729
94.19405406651214,44.15386114833212
88.35123294941805,35.6462677114621
87.08099891550931,38.59455944649624
85.53016960925795,47.1897641170235
93.26854743255107,36.848191661824465
86.9121094293755,43.2335294614214
85.39412242697374,36.02983137343943
87.89551106959779,45.962391840323406
85.48225081911022,38.56739846539251
92.78882623505908,35.51997160612752
100.26011353384911,40.07221818803335
89.02019648452944,37.635560390904836
82.74842757532818,42.917723676101744
89.75422813434845,41.41636624071069
89.60108261866947,38.197882616982625
82.66769596959026,39.112794534288625
88.02897682643385,40.9736215739712
94.59573577787849,38.162356679109855
87.96478813524976,37.68168631550614
94.74384520082324,38.34854729012649
94.93871587406001,34.29482302342977
92.63303417134824,40.764624668681726
91.64649583367216,36.94738904946239
89.21182956099567,48.82721016246667
85.81366647349218,34.951433081149965
83.32181327207437,44.98707237539561
90.58738259050348,41.005433444468366
90.14734704955022,38.16920333539043
88.44705704647853,45.38495434318286
96.97066207420177,36.6305699802826
91.52582699277512,32.7516670342463
91.19311719635539,43.87825329005684
86.65836732366898,45.53456010423355
94.25515494451648,35.158113323189184
84.81778091734083,36.65563412044152
83.95320151169719,41.758759921935926
91.60834615446039,37.08135439460039
85.76367886464409,42.55072649552664
98.27026188347838,39.04917432661902
87.48435598290746,35.93922172056242
86.92644663050811,47.06171267085233
90.53483371756994,36.07383156949866
93.66349581397677,39.05935032385145
87.44355590122647,26.890842210875398
81.66466458899514,39.884745562835136
89.95873278775126,42.74787688026252
83.58227012526172,42.32867492821529
98.71670641588346,38.77569091340899
84.91823601985944,43.09447434009712
87.07170118560266,35.107692776664585
90.4128279866211,32.39975398417692
85.7370375345827,48.241620991653754
90.1238354189913,41.985511231981995
86.96642226540794,35.493744084853155
88.75638758851996,34.57124905747192
87.67518594364282,39.59221864000964
92.37804206329983,37.511193523523566
101.64732290822994,41.82659345699404
87.71920541337246,42.3221593685587
92.81028315055123,42.561819412966024
95.32147527748462,28.94021455242048
87.0763900956495,41.79260148536654
84.22686216943944,41.32378550996164
94.38670503015844,39.46399685077396
87.28416505693761,35.26858973212439
87.00957230695383,40.31549337113014
100.97391705982494,33.073604414872925
95.85432326959265,48.413816393241845
89.58081279161033,50.98228092336832
89.97088756887761,34.63838158309266
89.83179444130279,41.1373969307323
96.02850785143445,25.575759264653577
89.27206745417766,41.05949853005747
82.6741153913307,35.23174016792449
87.76230549751908,39.75265415698245
91.38083290447133,38.625529149307255
91.92254323473394,41.68967895491362
94.36867322672045,23.602769622174662
88.97937213891632,22.023617779910737
78.63829015197118,39.55226442132786
88.0916616425698,40.343676903010376
90.16171751017008,32.17766786741059
91.62064641312138,35.58209874926772
81.49543845559063,41.85522446465725
90.26022710679968,39.87835326840261
90.42299335295321,39.4449575474017
97.78863260378075,32.44963482741107
94.15723219722074,35.876577956056686
89.1304012990903,46.265438092744745
95.3962472798739,42.40784383313066
95.11394709234645,44.09379019082377
89.08610859622586,33.45458272294818
87.59843028312493,36.79333639236466
97.70918411934213,47.00802631801041
93.54345073838628,41.83922898827645
96.16804827903331,35.20532759328559
89.32770209457607,45.088454318313914
84.08257646519426,39.514462249439255
81.81532751454012,29.295087096835037
92.8639746088054,40.66140426103572
92.41325587649078,38.79119100914898
82.677625374082,30.840548062412516
91.32149054103475,33.95422762403214
94.65251830056872,39.301870454799044
89.89006876044411,37.69923071289687
77.66413263189774,31.998055613353216
91.3091823272305,39.08094211579203
87.73524393416004,28.308307690749324
95.59177760887195,45.59277221609083
92.83291755543227,40.18157802282715
91.01179538710777,42.05889025076996
82.23388352110116,38.356810568528225
89.2475361369086,39.234772422093485
84.11873222154018,37.4421556311254
90.78355530908046,43.80650473889479
95.57708501715518,38.447531292820926
92.0995070966443,36.06077965130051
90.15196416331793,40.87786779123124
92.40256266500818,41.00770064093328
94.5689819219949,32.81677293830698
79.2147509269875,35.50238296125349
92.26299498763964,46.12409785216246
83.23213203482537,37.14875401681143
90.26689327990822,39.849968251047144
98.08950022623452,35.115374948080046
86.88415586882243,40.288608612047106
89.79008305126835,37.70224757031394
95.33725334785535,42.423077241531225
90.07812036828973,35.226476889994125
91.9292681300125,38.693220574584
97.51945639138953,41.69425652817244
86.45968066786808,38.22840689063367
93.83845811940019,33.27256923747631
87.29247740480432,38.826262706838385
85.30660637721273,31.76190158276002
84.99277149896292,38.29208570889245
87.96318583353788,35.45955319505387
89.51025828700767,34.717802445505775
90.42605364807717,40.81081487433684
94.9976024069095,33.22441266337651
87.2051324663373,46.54036446728921
87.4781272529721,37.491718465289885
82.06712196432946,39.29220721153049
87.42470066056609,37.54428186750348
89.01539209858143,40.61663947599362
89.80398122675753,31.818541327303528
89.79618683175097,37.74813975842059
88.51405421260401,33.969066229345714
88.93800807104063,41.575450272838815
91.12590547194215,32.25819907799749
95.63170336167468,45.31791856347661
83.10511560864387,43.28040192090883
89.03315419587994,33.42816950120924
93.10400700779874,38.93581259193716
94.41541527626131,46.865344177172815
96.13215699212043,34.62059915889849
93.24163385512117,42.383543047397
84.93534496328864,38.808905021905346
87.624969531686,32.294398575322774
91.51483883285441,41.46170472040371
82.90950166448114,37.79297274955351
88.21273425880001,46.809366229540004
84.27406696341048,40.40092277254701
94.06612819853638,38.387858341193194
85.1811499269716,42.613068919797904
89.7852674628951,42.95318911680074
86.7217400644902,39.43269997684886
90.26950586610897,35.425738748751854
90.76546248444077,43.37196257013237
95.65808052277548,40.63428370118835
96.10472895365648,32.8253906018065
89.80901336841148,34.49214872334572
95.0947976227883,33.75162415476947
93.22437063125362,36.03650800720103
95.41141783924483,48.6679220783619
88.51177310836025,41.31599953038679
88.61056942711406,39.79952335838504
92.17146021518799,37.18598838517951
92.95794672760617,44.22352164895001
99.17324046911514,38.79487132643852
97.33419856421172,26.97679328302035
94.0014268383968,38.70249806045945
94.02837803826107,45.73566591470869
86.31827465444069,28.399893299548634
93.39110811605651,41.654055028644635
86.74339994668088,42.46971128136868
94.11017342885003,34.13786191287945
90.9882145588013,48.58103384026546
84.47947844025931,37.222453718137196
89.23230724345026,34.350429030057306
97.6821932917676,35.218737407600855
97.7816614074206,40.44955297517817
91.14700604742633,41.20495503669857
89.56573225050151,43.822241262988285
84.42601410668942,45.35578007747776
85.17133242736344,37.11587651546562
86.24304248630102,41.93494856231067
85.46435039070828,40.30395575741466
87.20468803826078,40.35251200008056
89.19666425312691,31.350070967730762
91.8594938674274,34.78725421457788
88.5329103461527,37.41180568110873
81.22223936191284,34.45186335228104
87.66886059380481,33.10230101385125
96.90656292172656,40.97790796187185
89.71004910770446,41.36858209705017
83.99985730922151,32.70172647232952
81.38607100661916,33.79559635458142
94.85473848338803,34.62949964111286
89.8529247755633,38.92317466112482
86.7604403091138,38.33678008889279
88.00916935299207,33.11279345356601
93.07383091753171,35.387413646126234
88.62062778202306,42.80379635791917
80.069975340103,34.26153665666032
91.49987865895841,32.71562764808668
86.92983549710348,42.772357090464155
89.40205859531505,37.056749843444514
86.93605593316265,38.337285767978855
98.52984208770728,39.13764813588125
85.49834751554025,34.35084777813313
88.71717384539915,25.774323587975296
93.81768568959836,44.27432197595448
89.30051895266955,38.064905814006835
90.80724278319688,43.53927224964024
86.98458587544965,36.72490887793313
95.80667627575569,38.10278006430698
92.94435932685013,41.27422781360805
83.22739688590828,46.16388977591187
93.96340217308537,34.5232901751887
89.33822979708363,45.97514644912404
92.90985694509848,47.05644084217883
92.05018781321908,36.23599319180688
84.17942924149898,29.837038053719645
83.7277062268022,38.56477545097525
94.26072130774931,41.21968516377699
94.7709480350714,30.981892852916886
97.48461653902669,37.358959413716725
80.51330522808638,33.236476419731595
92.44992755438874,48.897361071101024
85.68448268139515,38.65750058334149
90.49730415840037,41.52061285838464
95.6825905265717,46.658344904493475
90.30495631845733,35.243999795259654
90.63441212329754,38.91839549068903
87.9712547828201,32.69861894103407
91.22180661026697,34.77086653567635
89.82032914400197,51.06466576095751
83.48886403247938,28.796090710314132
89.36802392283917,40.379564239429556
87.64744189335418,42.38118248222355
87.39617058137058,38.630611338003945
84.46646019384083,30.52749224934697
98.0965190404197,31.29848569107335
86.08133107282478,39.05946834264475
88.58546160921517,35.472166946975044
89.60343898046088,34.72230132327878
94.84916396514498,43.57769544510955
104.28426047177611,34.10677581022215
81.53304614290353,29.89631245747995
91.74394677990536,42.336617138416415
76.2850030925698,35.3965731206757
90.51157199158735,40.05134508867767
90.94987195514842,33.767448051992226
89.82335238671709,39.74731504018984
92.8647041685777,43.564970808431895
86.92599847578485,42.92745808341344
85.49275961906366,33.53821260150172
82.10369320131964,39.741924293619704
90.74656696730925,35.96975433538217
90.41429313344926,41.22373573150956
89.54895849713886,43.516375201328685
93.24530226417758,39.82884292304413
98.2624010095094,37.223026700042496
93.38247812575302,34.062868814043476
89.84821583780234,42.201363762631026
92.18185895012189,35.5290973469652
83.95704143720548,42.949125950355196
91.69127901331197,41.33417366184597
91.75489914101911,35.79141996322366
89.30302468811972,42.97613507627994
91.1068972705441,46.11324730585229
99.74806808961989,39.30587883314804
92.52536900102079,47.41158963739166
91.72350339472632,39.01212522014782
86.10339278782236,38.5113348777821
84.58689045982928,49.08204280804168
86.9384133780798,50.65133538909326
90.51632945053606,40.59765741625573
92.96757805813046,37.67390513316779
92.15192706029855,40.41768979436178
87.90225069554903,33.57483738366971
90.54004557501246,35.686096257244294
98.23991347829016,42.86379223904824
92.94524537493791,36.12736175241308
89.29007221864859,39.07545536078966
86.29985193224314,42.55761693961379
88.23313310126295,30.998003009120247
91.91248765381819,39.54503485993921
85.50831842403599,30.178256911608017
85.15111560280154,32.95388740304465
94.30400008023081,32.5591286209165
86.00592349335903,35.65004631032251
93.03217156786499,38.831029105156084
91.92150660143474,31.389360946117993
95.22281389862388,34.43317532692946
93.58990278386325,40.748018939643266
92.30486121125783,41.52180825456045
87.58880611043803,41.20604937755492
92.64875650032579,37.40109203410788
89.69736807468666,28.577049335357977
97.88257935098007,42.752871583933484
90.04711061189967,39.130309143976206
93.2888775814071,45.965905200624405
86.72727432133784,37.593216284843756
99.75860351885746,37.01540093997216
87.8661813997182,37.50877439539361
91.45268391892135,32.757008738912404
90.84294038997324,39.137373831832704
93.87239209342856,46.01006288019393
92.76467609007392,44.73253898255388
90.74145172492804,30.841727283488147
95.81328119377898,35.76616783325182
91.52264099908125,45.90308675414398
91.83099351058269,31.304180881479304
90.32322020253652,35.25943370658596
84.48759799700807,37.72075430270654
87.34821385890905,40.12323993550881
92.19361561043857,42.11167567070694
91.45214822185028,37.94680410152302
90.9212174737349,44.36244520480175
94.78018974909288,34.959882745300575
90.70707689844956,37.81782015735479
89.48811162168232,30.44565683706142
93.59186506894156,35.41474568677135
86.6726938704969,32.3327871655608
87.57191239030264,47.1131596124828
104.32120140066692,42.349910954058075
89.17111278243121,36.60327836425287
86.48385121961982,34.800816340524314
90.72481852081978,39.92277497921745
89.73169643465972,41.9366774796613
87.85886135946703,31.695231332665887
89.92225968201588,43.82845112944468
83.87304708105768,40.1051254601571
96.3642004074157,40.25004391731348
96.48743684445193,53.20407441284625
93.62095166176434,39.33877140374936
84.28262710843538,41.324742300931455
94.72785361858408,44.69776593071911
83.7500039907739,44.376205549870626
85.9877032774395,44.7897024686565
87.05410411408972,29.67999262212844
89.21337352289366,46.00612549844548
94.49844738798248,41.47847036047113
98.29155303933499,37.74074179490338
93.32253380187794,41.655898802967634
96.92343641413513,45.543431011952705
88.32199741867421,31.110556141962004
91.03504209923153,36.7305274968268
86.60562184850447,39.74726630557127
93.891400792487,43.6765796742104
88.46005077863717,39.006694404073194
92.65969145714952,40.42863171835339
91.35471812054446,37.28785483682964
96.1390675945972,41.738594893306484
93.86662428576992,37.98200617052381
95.45044820720146,37.57244102732407
89.31887599108026,33.205449635934926
86.73778984842345,51.09795425818356
92.32133463610282,34.916594481707506
89.44673705579491,34.60748281640723
85.02889443510844,41.5628416356457
87.88606919462282,30.164832624376082
90.34755337558002,41.25282224094565
93.14132126739159,33.7418096970759
84.08239825531643,37.15027785461402
90.9477374829908,41.25307356535358
96.59958455685171,35.03487926130022
85.30394102013355,43.24302371752046
92.79031985641016,31.32621883310405
84.38256381078482,29.620972983786274
80.7435850881676,31.95998224081868
85.57634247324658,39.1795079218475
90.62207021352191,35.47341024021314
90.65077117157135,45.80006038318474
84.00102331289291,40.74929369532713
85.66858625038253,29.85613503139214
87.7089358010873,36.88049813259332
96.25598390400668,33.406169734210785
79.44685966569297,39.51628121818973
84.04908834912331,45.81299061341659
90.77255487777298,45.48852316857441
83.50526656256092,34.77613641488326
93.2197750114426,39.49153249019107
94.63802305599226,34.66518786991397
98.51008825796043,36.60190508127906
93.3583833638154,43.847390051846965
87.34096719075241,37.93110961425951
93.5392503682908,32.700926491928456
87.09447702934047,39.786117737904256
92.28763392983365,44.43981858607846
88.15517155979956,39.40950723978471
87.4933011725169,32.558771164667405
92.5340976745036,43.14161143229054
98.63121677512233,43.42913266333431
83.77859320838638,38.119040653562685
87.7454828006693,44.01827301066173
92.27448649403932,31.934654428398712
76.6157613493718,36.93653717541626
80.66390372559482,36.795268418697155
97.6330419511858,41.626983530086946
92.88851868307064,39.80877133487817
91.64242249763869,36.320745409904674
99.21068477669535,32.06177511993381
85.046232302774,39.81961177495883
91.45924400092989,39.26709487062758
94.60678492257861,40.01063398263049
91.56903527984704,46.08881194997316
92.61034890280001,46.91815854394433
88.49399412619391,37.07756678002529
91.26995184325624,39.50710373822074
92.7698922022339,35.07048240557228
92.91917049647887,33.3963651404194
85.28711924536412,38.814553310717756
87.60918616572636,37.27966645155749
88.61039542502489,31.090279665569586
96.05539901651663,37.16035330449423
84.41646940081803,44.649206221085684
88.66269195267509,33.52669378801603
91.63766105384279,37.01148124903596
89.97228730200918,47.39300071503743
89.84488717398226,29.101152791240814
93.55833275576143,47.079950988630465
91.936348333087,35.633030951693826
92.89491561241842,42.36423760190644
92.61210917169403,36.564294825780294
95.99742667893983,39.58497964333178
96.84884829902526,42.91702837928552
89.70114629247509,47.78869477567255
88.41128986970624,30.31067100884018
90.37683206314385,34.82914972754688
82.88551241596925,40.25926303373086
81.40610889274001,44.751337769435665
91.31306948058429,36.71979600977802
89.03746708195436,40.93361104718861
86.83136410401916,39.32797668220922
90.74517525694498,41.18365653950055
98.91727894258594,34.96147853988534
98.90448811279344,40.104973646366076
92.83014969198163,31.543852580142193
93.70799385123725,42.51870858512045
90.80855752151744,36.85322664227856
90.91838881910442,43.098193802798434
85.66902667089104,37.990601646022746
86.61985698528723,39.262785390650805
85.30578718330142,42.33949788259344
89.15228527954692,38.3136788942896
86.59168850257193,41.82118877020336
86.91913584934832,42.34504317144136
92.49342651227231,39.469117581885975
85.57763597347844,42.93263385571489
91.54732045317064,34.91568684969468
94.56190551322423,44.446643112152415
92.53957114387605,32.448233151584475
88.860199687275,35.88277862935664
89.54218149407527,38.59836364944081
91.54352303000492,42.189441470599604
88.95691962430608,37.37925382842927
98.41169844264714,35.09737771706721
91.74259188505683,32.243142772373105
90.70943414728173,32.18996167642501
93.12821197797817,39.65022809960375
86.5292341174359,25.393643288598255
86.76568244813988,35.70434420952428
81.11572337278423,39.6811339395611
94.30459969452143,39.87160963688003
90.05690557241431,44.336060272317546
92.60718419140132,39.267695289602614
89.28718948114111,46.37573948285558
90.84771666494456,39.944387126481814
91.28217894031198,32.8750514850654
91.23939055461246,42.183471381543335
96.54106000627664,35.224796942150235
94.11747487717625,34.017158135155405
88.50025375252199,34.59574381604343
88.50913841637596,45.2511151176603
85.60162024862575,42.011095795571755
87.1264474821194,34.10419988205408
85.58351604565117,35.72962030824511
79.64219969011594,43.50643320891288
96.57346510288323,40.86791265688785
95.54568868595032,39.740606926726926
90.42290287990768,41.239448131722796
87.26015597319525,24.671991153715048
92.18446074090919,50.59896979331222
86.17526868733991,28.20845816132279
84.19306554201185,40.786977220062866
94.23171523647616,50.87982441584653
90.413136373912,33.30058329234532
94.95231338346524,35.903180779467114
90.54896750699714,38.55173900925454
85.64233214484278,48.30898884155225
88.00553171226278,40.91483406192864
98.15862269308239,37.99026937916865
92.48273664830258,42.77737588028811
85.4191311635945,30.428039586250293
93.87365017044208,38.8956199477388
88.42165679819512,34.23634129193371
89.5928613361056,43.72510037760044
89.20750701718008,32.33097056890912
86.77139152528439,33.80033972711391
83.45301579483377,30.328752027263427
89.55212692805719,33.6985163914662
89.08680442694029,41.876900531051355
95.27955401385243,37.08120282959553
83.15383830517563,40.19745511353821
81.17024522811806,31.993835622585003
94.10567265923127,41.33837207723791
84.29541666275657,44.85545544953073
94.07209666392822,37.896683398142414
89.05776062746797,37.851549514538995
96.21481424827351,50.03485531967863
87.0691584733431,36.56150829523059
84.49756880428414,37.43129485828856
89.35984906946838,41.44498550181861
83.12267505815107,37.051682027021734
92.87913844064292,35.87147939743749
87.2711088264434,34.18276747905011
85.39286944372884,33.29545140220462
88.36390276411585,39.311951862720946
99.7621790988222,34.63459765612213
83.35743248396537,32.56421897702056
85.99375302454163,41.915273675369946
96.76981297128573,33.98123130312119
96.08324758391687,44.498567152872546
84.74455086920887,38.715957061915255
84.16745626529394,46.20198570839766
91.47662019063945,43.16507213522123
86.79019111928665,37.09776209536336
91.95988605228887,37.42364956629807
80.76350700896523,40.58606559866193
91.41258714814221,26.488172551195518
94.05281119851132,43.98721632964604
91.95638124678976,41.22814915164831
80.06489107786832,37.242459465731635
96.0787602451142,33.799269444113555
84.76473348916318,36.775463245289814
88.53085776000108,40.72679677429271
94.10657659901374,37.61155582411081
94.27849537284558,39.43584558140884
86.05847141915869,47.45963803481002
87.38445144857178,37.88607863826737
91.3501019022825,35.429081418978605
84.86658077589037,39.97984242930201
98.58516971037326,36.834651486362226
89.71288006363862,39.37308493217712
86.36391057032333,48.72796957794078
82.99516506943246,34.31550102402062
96.59463930394703,37.04806411536038
92.94231958115189,30.79521221407915
85.2484167625488,40.651503263178306
92.56663585395505,42.39095659733412
79.2640703879487,37.79556092255254
87.81228210617238,42.97167352433868
92.228284615941,42.117141464540644
95.29008604061391,37.67517974494332
92.82238385564885,38.30453830175917
97.22821977119256,41.05966088702467
83.1178745645502,47.50999801774473
86.29551589053364,40.54525537247014
91.05498466977836,42.3170258647707
87.80743523958515,38.80256411890929
83.95394676077215,31.046626499261276
93.81560425511609,43.48739669427039
82.21012685418333,33.23906462248111
86.02601916245897,39.7758702042411
91.80820919733777,40.75209598982795
86.52060619263936,37.459428533771565
83.16515394719359,31.471624530949985
88.69853976187098,33.441017117860135
91.02321554812687,44.397392855182716
90.16945043731567,35.24763930569418
84.49618430172663,39.490940077144025
93.47850849044045,34.19559089599105
87.29374292808797,35.82370430886484
92.63839603168786,40.428552155393405
82.86967044210641,41.470572392558736
96.89251286030118,42.195613174566645
93.35121485929257,44.07776620840385
91.89577840875222,36.19835144341042
85.96461316250596,34.150536942926536
90.95481434136985,38.73586088754178
95.37886091137503,44.80794429387857
87.71746220299869,31.305772432241508
91.68238687702215,42.871576538185245
86.74503223982093,32.187426810495154
92.47698835595038,34.05119662264181
90.930135625894,36.06232738153508
82.99366492017232,33.036082166645066
88.2218153115398,40.99901954213657
90.77781673428075,41.985182204963955
98.78311904974973,47.63744822089626
90.8519120156589,35.37635935254434
94.29486334567271,41.70197109124586
98.26227853677074,38.433018522929615
85.76070512718303,37.26065718640116
90.86630618988336,38.192625382273896
83.79451646041557,44.977496784819664
85.87080639357367,40.311372511795405
93.08586980749041,34.32120477189861
99.9192701708198,46.43946883028047
88.94578011187988,39.07173363389859
94.80230593444323,38.88805716482993
83.37262714707413,32.075139454040674
86.36367609720303,36.34896553014405
93.94602620483143,39.14756521740766
86.90244136862421,41.486639614369686
84.7278266006511,39.238874670341694
78.21635267582457,33.89833908814231
85.13961380034274,41.06191178396247
84.15902228261415,31.835920466113578
96.31981452160313,37.35190818331388
86.3350109692264,27.205147950536407
87.72084648292439,36.46918591316372
90.95318908995415,41.58552865961612
94.99212653953953,29.868336718704334
86.81946646376983,40.07048334335635
96.11800780532685,35.291422832850635
82.59427460293863,36.70527882186467
93.8985804626965,40.58338404879207
88.85277430411551,32.36479416840053
87.15195587169102,34.978514437807874
98.83290100782366,41.50188347322516
91.15895788800916,40.138562243969226
88.21783357485312,39.83763132334038
85.4886030642483,36.28959772560282
92.31198166184048,42.216746855916924
85.15539903073181,39.60699832376491
96.66158816459777,35.84307316987197
94.67963990970054,39.83003780039606
86.37211397569054,40.937470658227184
87.8550641033736,33.48418709332274
84.94234119967888,36.77918712717997
88.38200792809332,45.270626360805494
96.79864837239987,36.44935851962129
96.3892390313296,39.81157036426765
102.06528710083282,35.542620051419135
89.96213482406787,42.94250977914835
88.19623847942526,38.952330631036205
89.35757111582359,36.08930544706224
98.00701125819093,34.19891947942519
91.35664356013696,35.01853010876414
84.62872910045024,39.46918856969378
83.77705398912579,33.59481139263441
92.86501684483582,39.48452735644133
82.29002873990858,42.21371459493654
91.47167072772676,38.84057586075441
92.24357805765777,31.368427422343338
92.58954489371116,43.616602000004896
86.300784761363,33.66424541047506
85.69099884185546,40.28357530922398
90.02330906364271,36.61049000775383
85.85203150230403,33.86528801285968
89.53343674279165,40.92048735211463
87.077589064645,29.42237067440778
83.36920981169627,36.20408787129266
86.84392906193531,46.18249490562367
90.5295315807077,43.79597603975253
85.45804880921521,35.554255680816304
102.06190446460494,30.545416118376508
92.69838224522539,40.917988280234596
86.7436788775998,42.84896326950543
86.80791862101852,37.51730829305319
91.98703101669479,42.87067379376736
81.93665559644083,38.0161755911832
88.4974952614256,38.21924163344792
91.87269096311549,41.67744452896892
94.0951118091407,37.549320466566066
87.02360826465619,36.94313929417915
98.83530432586811,39.013032775621205
90.30854807375849,38.930897982225254
91.39462289265659,38.47540528517667
83.99866659521821,30.65392193395811
93.9718426090481,48.55202848027844
89.91391882237123,38.99100341234076
86.9640076122983,30.02526025263845
93.65341060805768,39.90617424663304
96.7043591024059,43.232221536214226
91.46097883519646,34.93493383391014
87.32444813530856,34.52701609296858
90.16679752665131,39.82251048552442
78.10414933460086,37.821635951472196
97.60893387633797,30.185914237120482
91.51967997860591,35.27149446900523
88.33492826230538,38.855566048109054
88.07372613621287,33.477367291055984
85.48017059290815,46.99123400093121
87.48691097308804,34.274723260361455
93.88071622491456,33.15634662485301
87.48356240025684,33.90829158442401
81.59382993447477,35.83102631687368
95.78788046869165,40.068501413875445
93.72133832923762,37.089541508764306
94.38626641333182,42.18107340850392
90.82166261445225,39.717526731987235
90.04513987317249,39.38150818345509
92.21423596233495,45.84678170476187
102.99838953197231,43.90572738216772
90.77086408377099,36.80552617204824
91.06699030941236,41.536592936042865
82.98135861166523,39.42208467885829
82.17801853928745,35.41394983705957
92.4218205557704,39.79681690059315
79.59394981776266,46.061639960597
89.58238420244463,28.038406830497024
88.15924902267324,43.53578253031692
90.5743471801845,39.24291198732096
81.16117120279394,36.84912884022848
89.9679438617701,26.538920817187716
85.12853850307967,36.48814804359198
88.31303332818817,39.74139877935964
93.02295354993096,34.100118217503805
87.2451447800046,36.16659763283779
92.46918100560431,33.82610914904589
94.18854897880222,35.01905351118047
92.71709174367842,31.135724815216538
91.13084936628958,39.97816384023451
83.91364334185275,47.79779649128336
95.85216964641953,35.903138236529244
83.10846094299126,33.513445756459845
78.17455347614388,29.323362448901307
91.68346676832395,37.79042021126784
91.51412044500165,44.72800495111399
88.94612195118422,41.61313712993824
95.49446367830384,38.055131054998256
87.28284766184775,38.75806606333233
96.86111612458159,35.79374056901236
97.7001277055068,43.974518500570326
86.37703890950422,41.68094761465837
87.52735238273183,38.946021236042334
82.48702133725651,44.74748963042031
97.93590809524548,35.53971135695794
87.98510721017504,44.69801013818718
95.55863167436844,42.40980365608531
91.28078485478837,39.02316620040824
90.40299262752227,43.38659967221024
83.5419172174766,42.47944104131352
88.66158314684593,36.10051604938993
86.22403456884733,45.98661216227064
93.5607043703325,29.484365317247708
91.33005783629218,31.23267127054332
75.03034194871752,34.23720486197196
87.95016166586747,35.97758911485019
89.88781482136802,41.71347395443358
85.76552521249434,39.49613111796924
85.832196589806,24.917816157622028
89.97544608667464,35.56842023118374
90.51758174553463,34.77392948864764
93.7327420578666,43.05373562717512
88.55327792628232,30.15650984958369
92.63058489725582,30.612718035330346
88.27308855988893,42.713053277437034
88.00483031869037,37.82580302358141
92.919868754418,34.93871082385579
85.2887399800711,43.45440617051766
90.87630587708578,35.97404225585184
94.70373750908611,36.18361260531707
94.22174758912281,33.80549162786729
92.42945370621031,36.25412460688217
94.7854752924216,35.571111525550506
89.02279953739674,39.76841567512689
78.57468053949103,39.56806902530258
100.66973904735859,34.86528978745632
83.54016960632602,39.167975459390966
87.79247011355393,29.409599695879095
94.8421714460346,44.15862632380196
91.24587358081374,42.34134589686068
83.9790017011985,44.82176875897025
91.3910249959193,42.627295200989884
86.40814257806987,41.228101805467226
88.84300436675841,43.57037708043667
80.99110564816262,36.815405417238864
83.64592216597674,35.333653057644106
78.86170234390255,36.95943331847651
92.87192384767702,33.41619765805736
98.75844534321382,42.95904510814093
96.5290450673653,47.753564073762234
85.57759625330387,37.85680266149639
93.51534352892052,36.53224767303092
90.58184027753042,45.38522148769453
89.98765914504004,37.85995180234272
88.07969478917552,40.59549313853326
87.84700746872682,39.72785982356934
91.89901769837572,42.876083369118945
86.36676764979946,40.156436319248485
89.71749182350366,35.287515505374444
72.47526684393976,103.14094979107419
83.78510008720629,124.8106855697771
88.46076901623314,115.61331135107447
66.88159963965549,117.38501409702663
81.41959076570494,119.84287435329699
81.22870504635137,121.44815171554353
72.31920933044884,110.10582204580994
89.55377411027791,122.12023132180515
89.1094692111142,114.69200615717408
77.66886153718738,114.57708611424505
72.43782698127076,113.73895942287307
71.58925545337165,105.32458024787498
84.15570845563056,121.25583181323866
70.8302652678155,125.99558535713625
76.2149504846296,115.55528105708103
85.62860275752001,111.30219332245511
73.61459120334365,119.55385674295766
86.3661300626252,121.86540211123322
78.46724054837043,114.52502808896007
73.99454713697725,111.72228743878239
83.9943349905905,119.63826578608108
68.16254643365615,117.11132334157394
72.66080473500003,126.70612255830744
76.0883005197159,116.60145070380344
77.65677549331592,112.84796683877636
103.23022512422074,118.5776598326974
80.12801109011951,121.84169628502985
83.64973253087132,121.71115306388411
82.72086709542548,115.15670042635027
87.03939811824159,112.24580347370859
94.77459159078312,110.31086962908448
82.41208340158533,118.33781927007219
89.52563838720465,108.34538666883664
79.50889597622759,117.7804299155935
81.69485751576153,126.56523863980816
77.08555891335295,122.01673366399548
74.08264469366924,111.34090802368716
79.68634549674479,124.67991148065045
75.51982287934739,119.96599594030988
86.95423038986124,124.30352569132364
81.6285022925153,124.22861589365225
81.7370548874085,101.4203469475701
74.57718744192215,124.7891207330857
82.49605454258518,110.95077287347858
81.92695657980417,112.10676007443446
76.56578590348909,115.4573557708717
73.57566743347344,130.2338391895637
85.5135675834231,110.88737924433961
80.10726541956251,121.61409172200447
85.49345489128731,121.33562778890013
96.24385388626868,117.65626658615508
82.06010987734757,114.22786608836267
80.5799355740143,116.46211554807896
72.72213098045579,123.59017787264865
69.17153770212123,122.5738295161832
75.88126957548667,115.8963542511987
87.36679360884985,120.262040774593
83.4614973547358,122.58305775971422
87.52218558973044,133.3087853749691
78.64689194674514,109.16426535160412
77.69257570533745,113.13658323282391
75.58984128423417,115.15503750045156
76.2999892410913,118.77555339184784
66.05710508608715,115.27808924347818
80.28667462765173,122.27344365021384
77.87285632825075,110.97777498176814
78.14260490439572,121.12036366207914
66.7016665503157,121.01082136098097
85.34632474004391,117.09018009705211
80.83483953463683,111.9206055645836
77.98118112364033,116.21484611307292
73.64848300845188,126.5301420135178
83.01377509054954,125.15549033537351
77.89567753114196,118.73060637156966
76.51867858581885,111.2104851134487
75.50430621639192,116.7673436521508
67.55764159970892,125.96298982014711
84.72764344684114,127.15152351591897
94.25366459748145,109.65460833589108
80.92668283425594,124.6550221450099
72.88558316717072,116.98716910580923
90.16965735721455,114.36662631491562
60.78291365261808,114.15385498355903
70.60905709058142,108.97331456875828
84.96818043727461,115.82659868840953
84.2111566708015,108.06132700807038
95.4562853382539,110.54299976383955
79.07647756072409,121.46629750685817
75.87058498770591,114.98452155724058
70.334610468701,119.52553898551609
83.39938575908158,115.39260120649274
82.00121215514093,119.28748438506528
76.25308185487764,115.6348785691962
67.10955441539838,120.63785885549575
74.30093283069336,109.41827728876522
81.88886540483055,125.8399741500332
69.02816284061106,120.65994674536438
84.13401235792558,111.03059058698372
69.3857857042374,123.09055740575268
79.40402659330277,124.44759428904624
81.52161052182709,122.57053431414299
74.04535930533741,121.74680148453992
71.1685121342886,116.09115816315732
79.87320976099713,110.96820624830896
78.4191924398352,112.07099343508895
86.88430638830631,117.16455497041927
77.0671413301438,111.89484833653987
80.36025165098636,119.33894728789893
75.45650455863893,119.49462297724794
73.83791606493045,119.75286258062017
86.38023948361572,124.58700636878969
87.28192816605373,105.13656117483286
81.40048553166444,118.55947721759615
89.97490446312875,110.9327036139064
83.13557170418372,111.18592274569147
81.50441155106907,116.4765783876717
69.2648529478181,124.97008368990815
86.08421924287208,112.72642788624154
78.0461794075236,130.8358190217999
79.42190036440941,121.82171111701942
84.2766301909886,106.56478742488117
78.83170756390206,126.18397915823105
78.39221026351726,124.10777925074751
69.17288308751485,119.24970774039718
79.27306956698428,128.89650733258352
76.15727259568021,106.69386215810513
88.30221915047777,115.58025527144504
67.32740739390047,127.88431548599864
87.66502010064407,125.3005671586111
64.90404653798217,117.16894243942741
78.96855955349118,117.21619376977873
83.7921521560057,123.10524646941846
77.33758775357411,106.72111493991082
88.76256830780513,114.5319295084856
75.27112493640448,109.609534880837
93.44004510074365,115.92568923974194
72.94682710188886,126.53990953003111
69.72552368123763,112.76418878555367
74.23646367182093,123.14196353674464
83.29835241035157,112.66792419725459
82.85813910601208,120.94266422188461
83.09240233209212,122.73207845586121
82.90835294833296,110.63858098542056
85.09144026766238,116.24474167011462
80.23652085721695,115.25891299392444
83.41753941991485,125.54243426726956
82.28726697940212,117.75459513539728
83.87821103704043,107.98558701632705
78.36632773819383,113.72806859271783
77.86120478453697,126.26119012457531
79.18806953929982,112.59190405169639
88.6588591415829,118.75843692082378
73.84503211206483,125.25798417288661
78.43495167512901,113.43454043287147
67.82749330812736,112.24575131664578
80.91259662584429,115.35130086063565
90.59950395833211,119.51722600380779
67.88809287392797,124.46219185358768
89.98894426343543,113.72852591801662
93.64792975996845,125.4172225230732
79.60833726874958,106.7309661069311
79.04588450854273,125.25037638480869
84.48708213828681,128.8595530512814
77.14725789672744,119.86639585747402
81.34463702357446,133.17787941820117
77.04575495916077,116.71415503213076
80.9223544444536,106.84663043951743
76.89112888662727,124.86921888358306
92.76025500321482,114.27654879690505
87.4451042432511,122.22303177127357
89.13639073404703,122.50345832038812
70.78948209972218,119.77689629094353
75.4751203484678,119.88903794661053
85.60414457146625,115.52099194635393
79.62900924558235,118.56087347703003
94.73590152340196,128.3446850074289
74.36676314089382,123.4733271685323
88.18968650562589,118.85998141476378
88.93363244198537,121.916028164094
78.7420806036083,125.28799021779683
81.25632395957186,116.04310364289046
74.69782439969943,128.23481774920594
84.04932390502368,109.81283190484663
75.2462777462341,108.6320870697374
79.72813163547104,118.65783966988084
72.26603499892899,106.88826607188102
84.18829167282694,117.88115146810262
81.98968331111512,126.17420851854597
88.98179091549406,116.53817135140463
76.303358064795,120.46015172485612
89.12692702741097,108.61671555234786
70.30182552008668,111.20825912049973
75.14654679001364,106.81699062061193
79.04706783163054,116.7877932447259
76.64319225363242,115.79440873974153
73.94776818805687,122.46746098015214
75.75497410486687,109.46947138671297
84.2114534423343,114.67987735959768
71.00586868621816,113.34478903671065
65.28744593971938,100.54919469357507
75.75808300111798,121.77847233565811
76.35427766650346,133.86111586878283
79.68046636533344,118.80443229664473
87.88684769754916,132.5624855226249
67.14418448337409,115.78266305426878
73.45418341851294,120.68487189420578
82.1398689695082,113.53072221283388
70.42517054971945,117.11089368234884
82.71720891241833,126.25061135400661
85.40930345001279,126.74916880856878
65.42294554931675,122.17022833632078
81.04354056069194,113.23552647525682
80.96201169185139,118.76111736875016
85.67000048737243,115.67011359025872
81.80627507946339,124.1338230243706
86.34560885393186,117.64001526786045
73.4190330265082,124.64556432363631
71.50331871746641,106.27951620607564
83.64860333923036,110.68701621621452
80.17929865972299,122.26288997606991
67.29551408998147,126.2276676908756
82.95337106156884,115.83086222523181
74.63048059652513,109.69705464613403
85.65495632270607,124.29034443537186
68.91736554936286,106.52727356648671
68.30055748283286,123.82882508074361
79.33546855933976,116.53724954322283
88.7301276246682,117.279710003007
68.81776857186068,108.9086227102962
84.43030705885084,121.12584377399045
80.21208458172275,129.15106258907738
85.10417827671897,116.78857784393588
84.50170365848592,121.8641964138818
80.24150419699437,119.05747291621819
91.8961022646576,125.09383738785922
83.72411994218199,126.25550994085465
81.3108127655454,117.03262560360626
72.84297051997379,119.6957408959557
84.6699088920771,112.7276668742533
84.75706873285401,120.33384715011464
70.80252512676662,128.4757550164984
88.98087838410383,128.02144280783918
82.7296937077257,112.25944394039654
74.91859099587704,128.15124730210698
87.51043308453173,117.17038808771834
67.8581145583489,114.51689470225409
77.62781918715103,111.9905758527824
77.67455276871601,130.85628788589415
83.27307500753139,110.99294520175945
73.64661863750194,114.64547765590218
76.5456961501437,119.45772122455914
80.66433735661184,122.34400597845418
87.49122919015241,116.50741741072386
74.79794236577371,107.5709675765987
76.79548155923854,117.66201736231274
78.25306510571598,107.46658132123484
73.4331519883521,119.25460430653823
74.52160446920641,116.33209273639243
75.38862702785013,115.78267282941104
75.8767574617119,106.68993949189897
79.04626159686312,115.43441437630136
78.74987179730128,112.14189602457296
81.56380853966347,104.44332945517527
79.3476895776921,113.10792562122809
95.1806345376635,109.44507608763634
76.98073639496972,114.54131846101984
78.31579649949337,116.02482369401648
75.83913638053184,119.61167737015747
78.10149790388554,127.52281845028831
62.01960058656496,116.90731767858959
76.95406493003543,120.27117436174049
80.21411733508832,122.5758942367627
73.56116203433841,109.07030945791519
79.04455620615032,121.49266785299574
83.42156277740307,106.3267531421394
79.98115486798514,119.8822066470212
80.16835339274985,107.68948023835777
78.42440800555876,107.00175425196208
81.31736947105688,115.2324566242241
78.38644631986205,121.08414616015547
73.53215449027351,119.7058802919579
78.59871361929102,111.03428552040948
81.17577658369774,104.29163821482659
87.90233523231218,109.37171777453959
77.79077007509662,121.968194881999
74.32782101154595,117.08360308112856
84.97738087906974,120.67468921013878
87.26215030901578,112.55091874686755
81.04506995241269,119.57053078349556
84.17849684839977,108.53017700928235
87.99166361748733,113.67930273376989
83.00947022769736,121.59335109811775
94.75468794777055,100.24606887041502
73.91504871218717,130.03977257938462
79.0707394373539,115.74050831621109
75.9045393143061,108.27630077356689
79.00786392902778,117.64466423862203
80.76864273917589,120.62664721938347
82.24938879804641,130.98038482841375
74.97094510672986,112.920766244065
85.7159593426175,125.28194163438144
81.4180955356774,125.02452520208045
81.27458847292596,117.76609101481996
86.2801932970205,104.6271198857584
71.3140214121275,121.01240033485682
74.16051154093213,127.18478078073963
79.11337524689239,128.66242324762516
77.42100230049117,119.41633512799913
74.12113546759254,117.03023634963496
78.0169192270252,119.77687528876059
79.81661298512873,112.09110210668196
66.85533419592852,125.72512749951571
83.91045326857686,125.5856583348629
93.95588668681361,116.74459419664124
73.09154198361009,108.12755584681807
78.15758023121697,112.95606644196054
75.54801485886081,128.9024100355701
93.76839140722677,118.68428418510621
82.49834604524405,127.19684032201532
84.2475244605541,120.31901752904439
86.04998967121108,118.86122766828831
93.19220632520148,120.52123786718474
61.32840876612674,114.30310694142904
86.40551432903037,124.76492581127353
74.76447775373008,116.422001295959
83.70634723236817,124.00620664577804
93.72385740145143,127.9842761102229
74.88733763329961,110.8931279701261
81.21548012767155,115.03898179428148
75.76940898598467,122.90597760407103
94.46046676977635,117.79733970722192
80.36301349566787,111.78777259808129
65.44049462355606,122.79256577577556
85.81022659874141,112.00533768951672
94.06046555668384,128.69613715306727
65.91147169861533,114.68628465354023
82.54013147620736,117.91096782465183
76.64133646102098,118.5535736433281
94.59668999170233,122.33622229491179
83.4028161720132,114.68559944428732
63.20727633196556,110.75438281898579
81.75190805926104,124.79919707862594
58.63704476277299,118.74183560563127
85.43148631602627,112.61183741916311
88.6869043040414,123.34015110691132
89.91080523283321,120.0578166215033
95.14244925630959,115.33702803731533
82.49605979170886,129.42619234279894
81.6618693492342,123.44004944670102
68.1756545716927,123.09199574872203
76.08850722020378,116.36058894749273
74.61393584926438,112.19129814935565
81.98723447065592,110.93305837594457
89.90658661424509,113.88369974734076
77.99850132239803,107.10810508659567
87.064135677847,107.55943266981458
86.67707964273181,122.93089662732832
86.4099688522666,126.61261343513645
78.28494820434356,111.17878948712844
78.41284598690842,116.03977300572471
82.76119989344477,110.31608231302555
76.26503951623668,121.62123924672585
77.86036171665882,113.37050414046102
77.34266294305618,112.92203267562643
83.59174127235178,122.24167453378833
72.48367895731744,118.17143762965824
83.89997164259259,113.99138639246371
77.32679495761472,121.15527948952833
72.04664276686178,120.32658298949052
65.73626063046981,121.18771069370834
76.3748970396054,116.32824778130512
83.42257701448186,121.12606942617599
77.05996599760707,124.13973643731443
82.36656463430985,122.2282789483594
78.9876120672957,116.28943987720953
74.08269402796272,117.56328848695719
71.73345580245939,121.0754613327106
79.29453203314125,114.77035405385361
67.12518345695794,122.50250450198862
85.03492063405298,120.87632354114619
84.39725656391717,110.90818134714328
85.12191995708527,112.4440465458419
79.04966087737739,119.71197230332297
88.07100815332723,118.84966658157218
82.59638178241232,118.18561770530516
81.74800589563978,114.5944001683717
82.75578327783978,128.77594750262455
77.8376437963294,123.41747052814767
87.78062967576213,119.21498116789738
72.17444828784237,112.10009268641221
93.62173408381649,122.22232572612344
80.57307385249553,127.36358668333777
79.98227691195254,127.87132499931985
80.84796406530289,123.17778369085852
72.8706825782193,118.13967451513962
77.38045373182678,123.87075567170449
76.47757532251735,117.74095407930034
84.22127824990123,118.71929475692848
81.46348126716335,119.9939027078063
84.18961737449628,121.33872943580995
82.7265251186525,120.28276619720049
72.86504728796953,110.09525438914838
71.70997874257043,115.65073376206776
87.15950724001185,107.4954872999227
75.31974648823245,127.41317917180882
79.96077648132407,116.3404138424773
76.458102206061,120.1514726079148
81.94822800786527,125.5957540024214
77.58857789158607,112.08978017041778
83.04723309498672,121.05851442505991
76.2651756965021,129.89641631953617
83.59033843424682,113.81778815373556
81.64394725170341,125.89851949862242
86.8521908970435,130.7789825096249
73.08669812644652,108.69187490362276
94.21143022321615,132.18848969805774
76.3701427989614,116.92617390313966
75.44032619895164,121.57231858670977
70.84249079757613,127.76388276588293
77.81914693647322,116.32614166909127
70.54837245505621,113.80724986875403
78.37108155913114,115.27130049373953
87.19896855512488,122.86802214860721
66.77814509045267,110.82560043770782
75.7614314931864,118.49941610823673
82.1819446051171,121.35723913041645
82.68582228560146,117.95101667770116
65.20764511475146,100.60422166573116
76.9298741242242,124.13411274296287
80.75011724793545,115.88989870264713
73.46306537560889,116.18424007336301
85.54858205135336,110.91938851530914
81.9078755206151,119.35524839897263
80.27156121022801,114.22332200983448
84.18649901301058,116.6666286981412
78.52418901149112,118.87466132306584
81.28162234388223,114.52441081847365
78.26730778976143,123.55815571061767
91.22626461787138,118.91783211776996
77.6280469582144,114.27044400812862
66.65158064360098,124.50256380742233
67.50860961520037,124.72472060463264
78.51831096203675,117.32585284479153
75.00693392229755,118.77811797350645
85.4566915552894,121.0795880393308
94.30085626776687,111.79790568969872
80.11841561590563,119.20437821741618
64.86681915411147,129.71356826354798
89.65009472240135,109.44832252952789
74.49133557867009,130.36215757488958
76.34700141180045,113.7505953217065
79.66267445947767,107.02058611410646
81.98746271833632,109.79809139910368
82.17289898541686,106.42404911792603
92.62243589086181,115.1948118572807
79.8465626288827,113.92224154447074
89.16843929022404,120.0769032771551
85.82023272788719,114.80734783688436
70.590401799985,116.14114719013598
79.84877919804015,114.34594686527842
88.22110960356552,122.6641194846721
73.69789225012897,116.35611195854469
85.73380118659657,113.08705489721758
92.63769103464637,113.12067069020522
90.58411876434717,122.28850281547702
78.51256086021903,119.39540075014858
82.43115857208565,107.91913803440258
88.06131015630827,124.98848901766671
82.67700228311239,128.5759751825175
83.71320523615739,111.52891573311086
84.94181072265634,101.86805048495265
69.08834358716004,126.22266641495179
82.26095141909352,125.03522515649891
80.18539638481894,117.84283522219589
84.36283294196284,113.00093529860519
77.25380579857689,112.03772689592464
84.08741794502679,120.35273751205801
83.18295197136264,110.1607571665701
78.32553992918146,126.95296840116913
86.10751160255597,110.13421360651375
74.93854153577583,107.91717591463566
80.3035317686709,119.37054779167946
75.03027336355214,126.6346731831416
74.56786155539868,115.2144983947909
79.87226860351957,125.66415977233227
82.10017273787703,119.34678911769525
88.02179118219576,114.11319400140765
83.49283430926569,116.62481276900978
79.69832325826394,122.29422127385587
82.52581932661336,120.08909218554537
86.39967876407154,115.11175306302908
73.7117627632043,125.77630553924806
73.41861737918506,115.19478631119578
73.35032854342371,110.93297274362257
84.45672214177102,119.24147619187261
83.9854425110518,113.09692881871663
78.10866847036732,111.2877152060117
83.86204861822866,127.66985424389861
68.9109129165677,107.0143804068018
88.11014680635033,121.14159990276653
82.41618947272292,105.24342667225297
83.95245362822577,112.14873012800773
97.16973830124275,119.0228279724889
77.32760194433419,104.04746892056811
79.22482188731959,112.7672130874065
83.57825415818745,123.97898998021836
84.17142732288983,128.6609176509034
69.11689646774053,112.50496042134151
84.52161280875218,114.61485839178944
81.12764751181273,121.84992878818687
82.60355674995385,121.56267205021857
70.13397951902921,118.9639574569533
87.25706509134467,110.40090891642421
84.9404676741764,116.04873151149357
69.39130745815712,119.96175556693463
82.28261946700643,119.57337196794134
82.01016042492691,125.61174546219276
74.52032280599789,112.18906179526033
74.256773580252,118.27182078235244
79.72362098782236,135.83726142922725
79.88203883975658,107.04379445546317
78.13499252839424,121.37793775097217
74.22229998456389,122.49659736130074
77.19941905724916,114.23478049519213
85.16447886468971,123.83487753073942
64.20288978981901,122.84938681176521
79.95369579377547,105.70801462569891
76.33763111935217,115.16046112676968
92.14282304644543,118.90350389787606
82.56066367270117,122.0359947749261
81.3453977910035,120.05514089306307
94.03748916483502,125.14751473264427
70.94061660707249,117.3125787565381
73.91709816543116,116.06486910674391
75.98061648584451,116.61335500749801
75.95856334975804,106.4549679168643
74.69062472753897,96.22834742974607
86.25726285488636,123.62206790741092
88.340595768769,117.89721709188888
73.41958130325821,127.40335475106349
90.14798540115255,126.6064329488368
90.47685886066533,114.36567386891801
74.91640645422494,124.96276522818982
77.04250947556835,115.48227085189372
74.79689598855977,118.74990515778593
71.61336293410774,121.85887314627192
75.06153862606521,117.68084492239058
77.99396437850801,117.96931047904735
84.36635131981981,114.10366533150855
80.9211285962947,118.19273747541469
87.13681566668745,114.22640061846847
72.28953908294334,110.63474457673702
85.42912109212257,120.19395908571838
73.48192551358234,124.27766895340014
82.02994647641412,131.80643055064468
79.80620159505081,113.76863050601952
71.66889162534734,122.36006431022379
77.52212070273863,110.01093325737189
78.234030564099,101.62084075712593
83.15439581048183,117.47712127116108
60.64627414525962,112.80917231283067
90.08549366368771,125.74292758322636
71.44197254032349,102.89862225354618
75.32005881041147,117.00934017294172
68.92827857732672,123.73068545473798
65.80501927400343,117.8651189922084
88.22228454537625,115.38762100615783
86.41858759239516,115.53703885954408
87.04065906432463,119.12027799990368
81.96189832196319,113.08672355368105
86.70779659099136,117.49109206856487
85.14484759573702,123.11123470589708
76.68371338068884,116.94540538053903
74.67250035957585,104.39868339091369
83.67051649015175,122.96644301298137
69.68375430857516,127.21940413685894
67.99108168972538,118.10504268899095
85.67579495282776,103.8989655021293
89.82503631201222,120.6619666978285
66.49046925744699,113.46682118815366
78.66885112251826,128.41955729276415
89.78700488017503,116.03054875675953
74.03184848482003,125.9636247480612
90.79110469565168,110.51168238440754
81.04247520734884,120.25481692856542
73.30192084125547,112.74054408216078
85.75946330662683,122.17835782604908
85.58542558127435,109.34239168525616
89.07706209046984,113.49092500646634
81.34199566154747,118.03438106574333
72.56664570301865,121.37839306778216
73.67352655173,109.85602598587566
89.43128518496843,125.4333812040805
95.83113872356972,124.10235162257459
76.84507103769589,103.49662442741214
83.72404062044272,111.79285637383029
74.62115533235152,121.94620408419097
80.04847330824025,122.59065461804805
92.14167425888714,111.46010942403919
72.54212745261145,110.56630706175443
84.54028787127545,132.62562337015908
69.74545633005314,109.34186324484835
76.16939578847247,115.43467672132081
74.95444735326643,111.85715048574741
78.04527260862183,100.0637237043934
81.64835864607436,128.27918463352145
77.5961806740594,120.8016586010728
76.99641438590581,127.04832236666908
84.73882750916823,120.91657628009102
68.55507779938654,109.62992962423795
78.65017949810297,111.86152965230097
86.146671580498,126.17188166298789
94.81646779227941,119.6287245319659
91.36305099897547,117.00804319183854
75.68508152078272,113.63666084045576
88.57115410971356,130.29439089068075
72.28938689173184,128.60222563553467
78.19025811374647,128.94386336574055
68.84677298978754,115.59028872817785
81.31246607818281,115.76744500246856
78.90588060998014,119.40161810771272
87.15092588695727,124.09475435672931
76.93825348301526,117.26652325521385
74.94925269659119,109.05124289168717
80.28428739026266,117.62307056836853
78.24890879303003,119.12579677150161
74.46932461481435,124.2646901783572
77.94907449113978,115.78761323544659
88.13282111529566,117.82622823657262
84.41927299571383,119.78809363599137
98.6928817727825,117.91734502146645
76.88445815795563,106.9869278079898
83.45710956482677,126.62348920083667
79.13872766915823,128.33299440491513
76.00715972546588,115.9956262179423
79.87269705744801,125.66749087053458
84.79358312538149,102.29363420353536
82.38514202888426,114.01171099938766
75.82166389372003,120.89505737837607
84.83365190898947,112.70666905445157
91.18006326482558,121.64599194508247
92.49435705682517,122.60711895927729
86.73474045080657,114.73286383903714
65.70892843519313,117.32889304489949
74.0303116998771,127.95867986460419
72.21728932300748,98.55663197313419
84.36256991363216,119.15794352576545
80.69716264878802,123.99532030707284
78.75156358833964,126.14186371550021
77.53121806700503,112.39123792440776
88.45636612331192,118.64911594260663
70.73335501420075,112.48644457638649
72.85334250334736,124.08328010659994
85.47562119342402,129.93198926617023
79.98318343445968,110.14110962131335
79.46863067440681,128.71493420394938
79.28314535787749,104.95528371919464
78.71515802262324,118.64904763068682
74.44966854307005,117.16700504272136
95.98835768623923,133.2877282856987
76.51536297380524,122.77253346549327
85.73736824008522,128.78015224367684
78.94971120670559,113.62849084093105
88.96111123757883,122.24534780367627
70.28748130328768,125.08343972700983
75.25503142430347,128.24114589576746
77.48581091496717,125.86709565321985
75.68196292009873,112.09733581132194
73.49648302275266,130.5505361157279
84.37988266242678,117.3795812778293
81.03956574805419,118.1313755587253
72.56809722693373,119.70108776778967
73.4923906679313,109.60060167564588
81.50905617441522,122.67985273196021
83.92578936509909,116.7521168410075
82.32811891295542,117.48501614913243
89.96910934021672,105.34261133622783
77.98353649844714,116.96170409450919
79.83526365080502,116.67034748927982
80.87918121836317,130.46259143935183
85.76470994612191,127.85545360619477
83.677177925716,113.97493731692913
87.3959434931948,111.93227172754091
88.45804006711823,114.01216155398087
79.88602196511968,115.62448097802483
60.85935005163444,120.08986724747915
80.69483038494732,115.91726685821114
87.07368119081352,126.30602352616658
80.29535078393471,109.46073330293093
84.06900853219014,130.12693950277068
90.3032737772298,116.0735241642586
80.13411635524437,134.76874160054
81.9221071327239,125.56113269647636
80.54475112009112,128.58229099985155
80.73720202419703,122.90014563624516
73.90786957900485,117.00889486082815
77.66914446341912,108.77929408670092
80.49597101606885,112.9175501568405
77.09527648009554,123.19188426856721
71.76677348459377,129.86567896360083
86.69012838979907,130.272776805077
88.480412849793,116.80315363637612
88.2535149486193,116.29122904736185
77.88273464147208,122.76117317721184
84.17239811089142,104.57382065782669
72.89777637084818,117.12783798049466
81.13190602241079,121.3278998090881
83.60773484127752,106.42741065346499
92.47756352350389,112.84218212952372
94.2618997122252,112.65803789632338
88.69220121552807,121.55610856062644
74.29680268241286,118.90390219652164
80.69645234465455,121.6789822218061
87.69985741976376,119.93252987346455
83.61512718527356,113.18505763289664
70.80863052121663,112.87569586892285
81.03480571030548,115.14250173527145
83.92026036256917,114.19149213076011
95.129419914298,119.25070818913645
76.00664749205248,129.14494616664666
83.54770522327335,128.5868739343706
74.5196858932783,123.9438534201021
78.80130913668619,131.59276348107258
87.97645409860444,118.35871816022542
74.77280036644014,130.11352196548333
74.9516352819543,111.080509446969
83.7354643618459,112.59233187422436
74.23539580364452,111.99493323031689
75.32589422545547,101.99279043747123
77.50747649359245,127.89352195252143
76.56706202355224,116.92082021861263
77.63634929493104,116.66237388667578
78.15692297727792,126.45905954838722
71.7088270249754,115.72344000121164
85.60896919978924,121.06085964004131
81.13707382387294,105.6361471353187
85.72678722264807,115.07142255109197
83.97333446953212,113.33740219207799
77.69869711172682,114.41301325290146
77.48079046760206,119.67739709102935
88.41525671547849,118.62752931955725
76.64865324758459,123.25752165356727
74.2496950149422,108.84562451263938
79.93699900079793,119.57925013308773
75.98221817441545,124.2050113099169
85.62541427310049,116.511304333426
68.9764849141638,123.3555756405001
80.52648047732744,118.17036500520238
91.21349532744846,125.12323788279141
92.04148734916222,118.77265937667147
71.51741805623989,126.75050596053275
80.57335863751497,123.17586490281451
75.01658645566198,127.64438830483697
85.797671685292,120.95883555695853
87.19832098549517,121.02176702498626
68.43824669110249,123.55040693224112
72.96293038466858,115.0035832398326
79.73797839859954,104.07984618735392
90.08616820161305,117.35151214613248
75.99637280707893,126.14289053639956
63.618134848440626,111.55771215454854
83.00661180125951,123.8779821915966
87.83345188795293,115.38599578614132
90.48837633956865,117.84597832842215
74.56183658482077,124.47210974839243
72.08689305101132,112.56108965458283
87.2174367767177,104.60557773129348
62.62642141338623,112.60599117481229
79.2298436790802,114.27878521671903
71.45672319944164,124.03373113590305
81.00018301670069,122.24864500296816
80.15296982738958,107.02715575678604
82.4977535608678,143.11543604759223
78.1477097510553,108.89163308773529
79.85630061877889,112.8460804102152
81.75564240543075,112.56488491014596
94.24809502380664,120.21125233013353
74.99610358060278,110.55979709192333
69.41008183056807,106.52592373341919
81.86671134513935,109.98202294114685
81.93035193943192,123.64505754186432
84.62250462940038,121.07092845162431
78.93451466066502,128.90754529237498
70.22747688195834,123.68634005148789
79.5615070156263,130.51893283682278
77.4856236759555,118.60897086694442
74.04625622721676,104.79483968785796
84.80927986873071,113.33901489525043
75.35508096986784,113.5768308097582
77.61936881625475,104.98734598598514
71.05129285325712,126.5217106866842
83.04094212735409,119.53907078309696
85.82668997001105,115.94363441815035
101.13553256131082,114.051894812284
76.87052416806411,128.94654384184088
76.84559003426841,120.90773861662747
81.63996306827512,118.77671109027527
82.9116575485416,128.88945356723045
79.43921183863074,115.49401987581625
94.4631119037279,114.1590253256119
85.86898070816667,120.50533647921095
79.76181146683038,115.1553072930585
74.8231267412368,127.87929752722722
64.48363809776885,114.39040162942167
91.24166852884579,105.29776910947231
92.39866623090298,112.16865847810973
81.989811127448,104.47952165609615
77.71098322603764,115.12938886565496
86.59697957438678,124.12748060544554
82.92332144829261,112.81655615091209
75.17211631603526,113.77616952208716
77.79270438133975,130.97638248540233
81.99556060343384,108.42459368159061
76.0155647716262,117.94231619875895
77.6987141764347,109.59634948080874
86.40517968141613,110.30326885526156
96.2268240272719,120.54000840543773
79.3461529015328,104.76344282370765
77.32723902632785,123.74058611842167
75.91943229613221,112.40563707313756
84.5066029480279,116.80989119825576
78.92019577939494,121.276114224718
80.71300206143101,112.48829043928316
87.55344344428701,118.68546214440252
80.99497477177802,123.05736500363503
75.07427112280523,110.91695939785306
88.23150511949625,121.32596206674523
75.00441560007181,124.98234299849338
69.86425282034975,122.87672953748634
69.4896006576126,122.37523542123702
86.72002837757711,122.0163883350205
71.50908701987859,118.17635578985532
78.82841809772732,114.9584942074958
81.1814102012805,125.49619723360985
81.83350477291337,109.27690451858595
75.62249610466355,124.24753737548077
73.82963792088435,118.84839364625643
67.95422161840816,132.38530684965366
71.03339909411432,121.12511021945917
88.09783051241544,118.13969159060487
87.22473075741858,120.22872239965601
81.53617169472345,109.66470375367355
75.86943083117025,122.30257158873601
77.19998372376709,114.96461393580509
76.14928597134691,127.87773930273893
72.75957174889268,119.93905437325694
75.56052614643501,116.56835271657032
72.7935518630855,122.02747294543273
91.53062811178184,124.75744975458092
86.38921554444715,104.39273672227462
76.67169066646007,120.72199452707272
89.480611045388,127.01320444619607
81.86339835800378,108.87257180552895
74.21412561329979,112.32394830345888
87.09541761230845,125.40502668358988
85.76953785882075,122.19884117136127
90.98168424426268,114.20830578099262
95.14322536982232,115.70716132549902
70.6029232481737,115.9415255113725
84.65081159769258,122.69964463989925
78.07083394422824,123.377696012022
72.33224187887105,124.40059809296918
88.36932649148173,128.6246306570091
77.5506358422172,117.9647646198653
78.6664017437819,112.3192078039342
79.35286832400944,126.39760023482238
86.3497200790959,120.62256830175306
66.45448330813467,120.89402747446215
79.83438086619026,130.32954543118382
77.44585424573881,117.59354457820378
65.99091001403075,113.35831730937241
99.88015128708915,112.2453990017883
85.23190971923454,102.80656245793011
85.89575120663432,110.17358180796799
72.66339970017036,127.15624153992383
73.89670762205246,111.79494649622777
90.04505348139013,120.48877169756868
65.88464757567587,120.45502575807488
84.14393126585114,110.20930112452052
73.02732385274022,118.97622933722232
88.03371110544653,135.45361418920675
92.70101044055804,117.69307227908048
79.56060356519704,119.6558485912023
90.12732310987946,117.7705073239663
73.27688564217465,116.93825225719739
77.35282917948385,114.02832041206575
82.16340188593732,108.5857869878109
89.51764741717928,123.4646897392779
88.68138342148892,117.94968318740953
81.55619665413776,102.17500197651177
65.79761078036802,102.76653851980728
75.96824110562146,114.79249148336523
81.8428742672715,113.53685035140592
81.67092252443497,135.08262300437326
76.54213383833904,121.20176594133632
84.56612507624573,121.468812993194
84.97067823682482,109.86513333205164
83.48302147039294,110.4673634010342
81.2108397362455,127.13580515611287
72.18413989367934,123.10190468897603
79.1421841964098,119.89935151588294
74.16877695489583,124.19781544260248
77.16535257322553,121.05400353640935
71.0462631199512,120.83217884913553
81.56731682529775,122.67090311420621
82.5795469195015,114.95527251612559
67.6649558788375,116.06792221079834
79.31048098908767,128.66058797575215
73.09286356979334,128.66630063001955
77.73032191813498,125.49474282249342
80.79605284390315,113.33900227465732
79.35321908813536,130.20295124956954
69.31731550222075,130.24217195672114
77.68986830560699,112.78914129484492
81.84657509003314,122.46090063775091
81.92082523153144,116.3495789811338
80.58679848410043,116.0431919725702
85.24578496288365,110.85118670439114
82.24201464445582,119.2937131310736
71.5869142118575,117.63102260830595
79.00189749277828,130.18739122217943
73.72049423858515,123.56184429248607
78.36274991674661,114.77334353240664
76.38161665832367,114.16407585199079
72.93441339162992,119.37871230546205
80.12090817476556,120.95557447281247
83.65927693206818,118.16134933438323
96.0794088771426,125.96027824982012
81.32864917119791,121.45170582204749
78.22896213522787,107.83160020947076
75.53523812973853,116.81465518829458
82.36524785091419,124.5862050460629
75.31709224224244,130.07385498233248
75.06550138251666,123.24459615287259
74.42374855530905,115.97706824184604
78.69368132498526,114.81780161374478
66.56075350830648,111.8425651609593
72.57567036255139,115.1198252896657
88.2234197012127,122.15678009129971
73.62613393718689,120.0812597366687
80.20042384465789,108.11150493547616
81.19341739911924,125.60403279525438
80.68323639404976,119.25597340551707
94.11743724669296,123.55274892182862
76.35021004480433,129.50628795153185
70.78546345101364,120.77996710231969
76.1709497759626,114.19471412943439
70.15010765881863,115.25617960974026
75.62840747553246,118.13029394970427
84.18173373509876,112.84576901551623
79.11189293837477,115.89604766694367
87.45473591821671,117.0407144696717
75.85242064657682,110.51949511156829
91.33172488489716,124.05678463834775
68.15104937938233,120.92660586265698
81.20690819638851,119.002619981619
77.97153803997007,128.97521786331671
79.0081245542047,111.11809917552608
79.72000090451789,122.77956088704136
81.40714732153367,120.19400327333176
91.34532826178396,132.86190043604705
84.94234314616021,115.70904836207137
75.38934364650245,112.80675527078583
77.00476099272507,113.41015053325823
73.48007273101577,112.65072043120675
82.44805700884542,121.255842978052
83.65961437726085,126.802164820286
75.99456589322419,116.3175921596306
73.31632551823762,111.23982412421998
80.4501886743677,117.65854583055967
78.39369513452704,117.10958875298148
80.81158485539564,116.53547117502748
78.70941137062525,104.61208479300139
90.89413091843264,126.66315093728687
77.47680855371155,114.97822233056515
80.99935961016543,120.60898336286448
74.81489210706457,113.47655268012063
84.91740659392372,119.60186451784861
74.76104608510364,114.82076959555035
91.48387196272218,119.51812122740156
85.41184473068778,119.68880828877866
78.46235156973047,112.54411878907844
75.13812924128588,127.19597517633491
70.18397451976557,125.25307678309557
67.30942734768516,120.86454707016941
71.02165260087044,131.37629537718868
82.29281713775653,122.97644819273394
78.66293801490959,116.73215841531588
74.41460191930311,130.8866989542373
84.62742858571104,125.91085013900947
77.28469303771601,119.42013476637808
80.30806457089355,122.51566362673609
80.88414119663109,118.12602850399915
78.35850391770825,129.89795912357997
84.78278139906705,126.61490986021474
76.94309936895496,124.6086897869549
80.67266296556818,127.96305064246498
78.65594562740569,120.21229649580005
85.21040946153117,115.33878342986792
73.81168402663278,110.4321313830549
92.20950564094176,115.95688466312473
78.11066597905241,111.27619536559094
78.91918210810192,127.87961060158196
70.44213981791867,120.34692826371545
89.55686786582866,125.4415260078443
76.97730552898932,124.0412826301608
78.63649872808676,117.39573816163187
86.94226581179136,131.40321662426072
75.58170339804059,108.92444816082165
80.50464792547193,125.46763988117097
73.73675518604723,115.51474022132125
73.96954103944012,123.66067055402999
85.9390746852319,125.46052830688689
82.84319173785512,133.66760463487896
86.28429268426582,117.46708633817666
74.03090989495954,114.0068289544568
90.93140317039752,113.42712864167643
76.19579999376136,118.0700285673169
80.14088032114037,114.27809242050962
77.91303296843225,111.3347424164058
87.15277400637919,119.097059863635
79.31245461226575,107.97296790602356
74.76267390554692,122.06252889529085
65.07148501324822,131.49933294380955
93.78663720057986,119.45410289607565
78.95172256087993,127.25111317676446
76.02443778508793,112.80314907655186
82.00594740355793,104.67782040162957
77.54832089992053,123.2807361679809
62.17182207376767,102.69122121965393
85.04453260510984,119.18923301242755
72.14736136305754,125.02104599345284
72.54220895081247,107.01182974689755
72.34880131171793,119.47070732182458
82.4356898081455,120.04557843942042
77.38891112270078,118.68625192404407
70.71588420555601,112.81925293829599
83.64479200763905,109.60447091472427
72.33649320152938,119.69202355732101
72.58366855558235,119.40784530875557
87.77464723267863,112.77364829737517
87.11699417697258,117.35114928065089
81.47438704518386,129.27903378902988
82.25224623360386,113.8060734074552
73.94140789199827,117.2429628140688
82.36617645253826,114.07822425519882
75.44702905658637,127.26639077719523
86.03722534519505,116.6006084522
85.26009031694575,122.36953337117782
70.54227156607325,107.61144343219253
73.41077055237716,112.69820676557124
77.82159831353702,113.05148346445257
84.56183653478206,121.56561404164127
79.68543645280715,115.5791016052273
70.75858037783351,111.21665073395197
83.90089057830765,126.6671949737073
78.19921342692383,118.61507812484675
75.97604727511465,123.716516846146
80.15444058738161,120.62770863079004
77.25984669261155,130.18280588614786
88.33431695932828,113.08616065449732
77.72164885786164,119.35607014803199
87.19668528175383,135.83287809918835
86.23727416994429,130.17701514294555
84.63466380266651,117.04816704525119
72.31816832042928,122.24871963914515
79.71806586728054,109.76888771950308
74.67544724933546,124.61318155963401
92.63474372367084,121.19600818926531
79.45931699174683,106.39048384517743
84.64720855893879,108.97157957593332
76.79767889406267,122.46417654460916
90.39843165285092,112.31350003906189
75.01102131653171,110.38511074211291
77.03341333165491,119.07863622835464
77.54892990841373,115.15703569350475
80.2917241718642,126.88131376858908
67.94657023734729,125.09708971294799
77.09242404627363,125.45255566361224
81.51715606214863,125.21325360288041
84.29438762081611,129.8400115803765
73.97985928918547,122.37345965663964
74.94042804268915,113.8169423749834
78.44577575578442,122.9078953508864
69.17404402815431,106.96618816321511
76.32788172938345,115.8184190683953
79.7721239675574,115.63288902564378
80.41070749959586,105.91984663612602
74.31053822793962,126.48585463307379
77.05582888477879,109.20993778557492
72.48216933004068,107.91870832789184
76.21903773451436,110.6130232085751
82.57362462950381,122.18274080514203
97.65184586022082,123.70141197336584
77.74061486127738,117.58752803342624
85.59678929898814,127.69955083482542
76.83263742886074,124.74491531915548
67.68132101006508,109.26081584514638
73.97657804615442,119.10321355138252
74.25419155382909,127.34339969685215
75.69196425177549,124.7763661313201
75.39045586216136,124.40729403200598
82.43422108726239,117.20757739017047
75.44070373522058,110.18813557413026
68.48526703823165,112.6171341624361
74.27013795848384,125.32695707622055
77.2763132816658,114.5063172572299
87.99714488640352,111.72470349574988
74.47078939743622,111.80360912970825
80.53518016676647,118.53339345207117
72.68954347572009,115.35257958003346
72.30745364109875,115.34854222193476
65.43112572335671,109.44769852785468
86.67733908653355,108.8898751892958
79.83997196832011,115.37477967836425
69.6595694338653,112.55016423624703
79.47550575114658,110.31300051949603
67.73784246511642,122.4855523855545
77.84476477263986,122.60561904993618
85.46605713720807,113.54528207717053
76.07394779017937,124.27363089206125
82.89015137762671,130.23238811385983
74.79790946887786,121.69019208017676
86.7858750140797,119.95993661686909
58.79672598221728,119.61802596568837
74.93203088628843,115.02916658299029
89.91773187592284,118.30394157776142
87.86461563646915,132.10993753776953
81.64271881784754,112.01963411768074
74.6023285771234,114.64835601077505
77.72218530057745,122.25744129318035
82.97163219986017,110.9806795137746
71.44289101718678,122.58284165715706
75.36458393930198,119.13173289127256
85.53981263181102,121.3141479752723
77.39470126197342,132.71818894323386
87.43682587347755,111.35729898148666
72.92489327465552,133.76232217112025
65.13196067803324,115.73514055221554
84.43583573852229,120.04719693803865
95.6771237065397,133.02552439538897
89.58586565405388,111.4973632894067
86.62639269699463,122.08896524688326
83.81276118789934,109.78222937904145
95.27099496077625,119.2303906411491
83.6598417895231,122.19219007302469
64.83132705327297,118.45868328136454
78.0051319070428,124.91297824757778
76.43546807460544,128.2390486599058
89.01817505046618,115.16725290339092
82.6930408061517,110.56678780000009
82.92585167191353,126.66956835041529
71.95643029399643,99.50675499658435
96.228947675158,111.02342741813061
80.18845112949698,111.86602489985476
76.74539158093546,123.17157331068799
91.35879604803671,108.39681706524397
73.55868246932006,115.62090491475439
80.50760805930537,114.65890827852635
82.74680286262969,128.54059146757447
80.1584421052779,124.088406547979
69.52118883427873,107.75832935647846
72.83913931947933,108.37173450193566
84.41462215323995,112.29033199964611
83.38321170084947,108.19009026202548
73.38403441684467,123.46817813135611
92.48881509951953,113.92360261226864
78.49850833905637,120.25306805683638
75.04893404175479,120.37755203831249
87.46333379992998,130.468857523737
84.55585841095947,127.46493745804689
71.57652779326375,112.79402775502192
91.13767700725546,111.63938825555952
72.1105929777016,120.74485386469443
73.0870093452319,119.26061926796753
73.79293404959756,110.83209073432383
79.12810373742073,121.21492192321594
87.42056113280391,117.59514566541404
70.38202586761297,102.32855456016773
74.37522437319551,122.24038818552827
76.13584893118673,127.2234250340441
85.08001586055428,118.53866657262553
74.79654062368199,123.7079499365573
87.0390173626797,122.47595282909666
88.88747750436895,124.85008710458199
84.73802765727096,120.27008284254885
82.11313028500665,105.37524992831422
78.8848224917718,109.31721929267484
81.85522950308908,114.1182911663389
90.19172868408961,122.92606194847352
81.46459823215898,104.90898773083737
78.39227474023487,120.171218861711
72.6754033314333,125.9141357830018
79.64582178133132,117.69139823276168
79.38094020474486,118.27963664893066
86.8708028667468,123.58943368570512
77.95455366110443,105.6687372867201
83.33880086737332,119.91857800811556
79.94937948439505,127.5386707519646
80.26985794497347,106.45972623574397
89.91145681754686,127.68177156928567
79.3702853826815,116.12966462795413
99.00526799306488,121.5689335683352
74.46094911157006,120.6042343738879
73.4045296726574,121.88085283798807
78.6294568117628,115.53246465980823
77.4835051004027,117.68386438166381
61.41119343996753,121.12306897003008
87.55170488079743,114.57347806621222
95.49059306605862,115.45218200824674
92.30960690861018,123.31527037491529
93.66380925145899,110.40409944889511
86.40490862719375,123.40358971936236
85.52856075509374,111.3897025863268
81.05181654377994,121.55392372016817
91.4105577384374,124.74776495388046
91.29294116552148,114.5076714769251
72.35014959656611,108.62876567999191
69.0725693586227,117.24788211193038
76.084190496128,117.20288302559548
75.94218557612602,109.72494688640987
81.86648065963479,113.1593125544088
27.56013272080713,94.78405405804506
30.880484509412213,92.19365819599156
24.922305559272598,93.87027921992458
31.229495095152604,89.1774779716429
26.33627549060249,94.4045097391773
27.98946040112923,90.42500455589217
27.294733478724513,88.97687097858856
26.084020041011307,93.43679528868635
33.102194591142066,95.6321279396871
23.144044938391655,97.38901842343445
32.36930094059755,92.07301443853511
30.585555482264585,94.15765851786959
31.667436487389487,90.30172943401305
29.41855227581098,91.25634417093765
34.00270194299279,91.38873271886708
27.151396700882596,90.6349743948475
28.4645943238445,92.49014342066681
25.791461654783053,94.34448521044118
22.944224211218245,90.74453195174418
24.271541981227735,95.02436035097085
30.73379622731522,92.47476572961868
30.347931246503897,97.09624468393551
26.27615317950462,94.67759365574429
25.644560514343105,92.96725451043667
29.198764318547436,95.07160843072994
22.574581714981974,89.47745889986123
30.092258687814834,95.1621076362397
32.206896069119004,93.15089602147115
27.9082643485855,93.73919882254187
26.72780654372724,89.23087724318421
29.380650720276883,92.69644200012193
28.684318026697756,92.10801509716549
27.00714572566912,92.29199550701217
31.924572616475658,88.45417679225856
26.915300928009785,93.98787600668523
27.233545519301195,93.89515710524836
25.33762358612114,94.43326653517457
27.85960790573679,91.2245405604526
33.7768230659533,91.62418444247042
27.13150704077211,91.96120162063148
35.596608989515325,90.8253332221475
28.300478695519715,93.87136018724637
25.89592795072856,96.74134300211011
25.743904901057057,95.61555036662244
25.686873162483405,94.74497686903987
27.581975326477664,93.99819765025646
26.515828696261913,89.88122504999426
29.65516120348332,98.62949809805693
28.590028852240554,90.16589682741
31.323246702438396,91.52453579073926
22.30542528030503,93.98057481991265
29.391490413124526,88.9181875733779
25.252547824113577,94.13665042238223
29.599100985747665,97.54115187721706
28.816185296537807,92.95598245138412
28.18381873058102,91.27025857140008
27.057531915060604,88.11841845129842
26.6513829448965,93.09763561621092
28.78111469990317,97.01881344343701
25.508955334538513,95.50748684267496
26.86700654773928,97.15048147154958
27.325165328544248,89.79159713589941
26.108170186860104,93.61368215535167
29.487842686443688,96.50773198588155
24.156599969471472,96.0706913583488
27.35546593656404,97.16698798387449
28.380528245135906,91.99195046413348
32.1946712223815,95.88557863603889
31.029064867930508,94.0590442637466
22.838949833214738,90.7754069269112
29.99953944940127,91.25953099124244
28.027751162112338,96.59069231898411
31.87726624674178,89.23397064201558
27.02979280006918,94.83697789425298
29.50175791107982,92.75827316983161
25.349034508377343,92.73645262083511
22.376582776422985,89.96226829197123
30.75598831930321,89.35757097744546
28.7821044422466,95.85931488796844
25.06486446708608,94.12372759822418
29.09198649095195,95.06313214916396
31.771887694639474,90.96916478443791
30.16045728115245,97.02804487542605
27.802055754695804,91.12294425947648
31.39002283868297,88.3591764035779
30.19159356864271,92.30190368591276
24.462465444671363,97.95560116583866
30.99276136877259,95.17544727333983
28.918321348111085,92.66102969595532
25.284782653072728,90.5529222481076
28.6262375501742,91.24322462614427
25.82776486076936,97.42194967782285
28.653294900545646,92.12153950712617
32.73438334875908,91.91869231980667
33.890794721881086,91.16367166529645
31.55671349474413,95.03982131311363
25.129114621412096,92.96462141356699
30.987061636705544,96.45842754520501
28.240308950975223,92.64562329109881
33.55056959415869,94.77243032094687
29.82699224703041,92.82269782435549
31.98161975370907,92.82451882901847
29.659047193297063,90.27913182810516
25.966131550065448,96.24444933801298
27.09655585236486,90.30754763813812
25.591084478569357,92.90258795756975
25.04011714569949,92.49212628161602
28.107580005106794,90.57213039595032
27.272473846143544,95.0397172095834
27.37652589344777,90.2736454666503
29.12824397350439,93.84027001972355
30.384335417202802,94.07947659607528
28.65119117411739,93.84500567560762
30.449219550623337,93.42194834680122
29.302137203340283,89.83542335141165
23.64015714593214,95.69061817650953
29.87006452698002,89.61881409447287
28.930160303577498,98.12571676926588
31.555446580128695,93.14330355443406
25.777635815293905,92.29917055460152
29.564059380374918,95.79137412048819
29.138612930253228,88.71616642113625
30.40888173898977,94.36067305363308
27.046143325986456,88.59964777204952
25.422862245906977,95.00693952138374
28.906470193268657,93.28077581418461
28.855175963559113,95.47663398976654
28.228623148184628,97.00060782482034
27.72246126947649,90.10974639588107
27.65554008082646,90.0209348966618
29.106761718385233,89.34069039408352
24.7874445924813,92.59539100253167
31.02777070153072,90.81308720748922
26.95791532637454,89.4355819464735
24.864167788071782,94.96493310635469
26.71903634914933,96.06620552040503
25.83307725854829,91.30709902268322
23.072393804198924,88.51736017219469
30.801995485981198,93.00890070913393
26.036577330505978,97.7265774794577
28.92146293720355,93.62931470694501
23.890728462353263,93.34721474996694
29.15115192275102,90.97902174103642
29.04384664166597,97.55227645547676
32.042443316354586,92.47491719786724
27.47259815203672,94.27388774386401
31.81025888105323,91.42225152766265
28.42727349797132,89.01593838994397
32.05079423030861,94.96521697436825
30.590879759030766,97.08149512445495
28.67075282907621,94.00453209802669
33.85917155236182,90.32926139036563
27.770555552151638,90.6667898788695
28.021112355083336,90.88357546260032
33.43291409297552,93.34295478057699
28.71917503186123,87.95370689963602
32.62574166772294,91.48061233243962
29.456694577155346,92.99322711674314
29.8427352069451,91.6462175451297
22.64057513376403,90.93453147902414
25.341129938134138,94.9727271059616
25.28571148868388,95.10800142713643
25.42916725649918,97.270587834584
28.728594078368015,90.6220633444428
33.15294791712543,91.04302558185877
22.735981369827492,88.47392008922523
24.932485278385606,91.65976664489828
23.166592688237742,93.31221755748118
30.83507366113381,93.71685509474172
27.006560990542805,93.97295399157454
27.916060641402115,89.04640159578008
28.023963653291368,94.35758156555136
29.28880046112198,94.53216356920386
22.436405941394042,91.5686862455495
28.4547537927511,89.56069162040532
27.28692637096033,93.5350329400219
29.121623260599023,96.19545902573304
29.113163049086218,92.52518966807975
29.79211324639776,90.16007510379308
34.31334590087301,96.23284866847982
29.737729329902272,91.6649255750163
28.51843023211179,90.37726668325018
22.66114692383818,99.0129711825131
24.32486114111041,95.78182101192141
33.34906274365226,94.4276292616125
28.651862855473528,95.16241719451581
25.35024418459988,92.34940045151507
29.01342713142639,90.47656069744122
20.93582981637949,92.44748865288443
27.01548531834412,90.99764901894018
24.6827452336526,94.63706491096794
25.86811142301971,95.41840069553125
26.100373631664382,96.72884487344199
27.379083799124707,93.24850403450253
26.505462951102245,89.16462423542168
28.760953608949553,97.07030673443094
32.14501233617441,93.45859379189534
31.574416186724257,93.45835534417827
25.636052275581555,88.88251939052726
25.926103859101808,91.8060473002991
27.60294949262,89.97355268010274
22.41751636465597,94.28843354484754
27.619630374906233,94.18380183890417
26.807318264537443,99.58922426370742
24.888603047205187,87.77398852011999
27.261556834191758,95.88281291813547
32.04257849282313,97.65348939407221
30.88822230810269,93.91250583241383
23.375214619116825,92.25221001527747
26.06270886014173,87.64935000731498
25.93946489719599,88.59985448301111
27.713999111871015,91.21739640358784
28.913163301526883,91.60873719127882
27.71531468748418,89.25931210031939
27.561634967216254,93.2011651551239
29.829841823225152,95.27363169078252
31.056799107019746,90.2171458728479
29.222379108857684,91.05602775461251
19.75733937360689,94.44374269765645
30.41469226061898,89.58470117456022
29.42334631287156,89.9129248771736
23.39184228847893,94.57196730175424
22.145830391207706,98.78144959993459
34.10977107688769,89.466007873652
27.943754080187656,97.78816756506619
31.583773100833106,93.60312892497741
26.204839469160326,88.45060358026684
27.068517540647928,89.9847584557538
25.799896329953047,89.78978908458748
25.53192472930713,96.34322373112849
27.88300975048419,90.51566089407909
32.337587199525245,89.66181984156138
32.14074742473705,92.01710478819588
27.91865783539048,89.58435907229895
30.016270898987358,89.95423286850513
31.17756063463327,92.43313705412213
23.463870790696728,93.87093078437012
30.913952647441,93.1105862906619
27.820818589394175,90.4561143953937
30.11263240731931,93.35950217117102
26.725346588726257,90.15744082683436
29.021952943693016,90.521805760537
24.234824580652674,92.29933821452418
26.483620735168117,95.12132287546193
29.30295158988122,92.44271147942763
25.979547208916646,92.33225966109933
27.344268055780226,97.50265605912472
25.81710473875327,89.42004212711895
26.862479734233123,95.32179859474121
28.126414208084334,92.89186739369788
26.959848984852382,94.5843081012813
28.192116080725796,89.68456378115037
29.173053807568365,94.69495169371484
24.665438969749317,95.51201726439783
26.51136150503329,88.51643324995256
30.52406365298872,95.43918022460423
30.43377066658219,92.18548357915911
25.73878854582129,93.45016727897936
31.795483463951335,93.06152807432672
29.82563930475348,91.93054820837799
30.840672846424184,94.01903962506734
25.85929459482316,92.30534930067186
32.20778248425656,98.97625331879478
25.729623749083732,92.87285711649918
25.16057201060281,88.9646315913182
31.49132068318512,95.79175440864273
25.150939775269762,98.53037962313313
31.046521556829333,87.19820954615625
31.02054717188247,92.76109710702238
29.11002852035044,96.20960859187005
27.30442541841773,91.45207154167595
31.418048934074086,91.75798567058052
24.898520382345044,92.92967853050666
27.903755540219347,92.82477100598972
23.64644685750588,88.9881670563521
26.435983356969018,96.51877538554777
25.98327192833192,90.43717113833317
26.36182849651963,94.85930574652389
28.989348494774397,89.88454582940068
31.513776190064473,91.03621612738976
23.979711066441574,91.16800225754262
30.321586350358192,92.75284147950252
27.52117360035766,98.61641841833998
30.50414203859945,92.78440799408114
25.279171286760185,90.49731447904121
27.202001309170836,90.5170961025183
28.05369444397355,88.325894747266
31.96665761285083,96.48239331128886
31.843611101422532,89.20772138476411
30.910616467887653,90.26413234823572
29.048077762706242,88.63341997478965
32.61797541079973,88.54294885585658
26.819209315252458,89.3687781763305
23.93974249033416,92.79940432515747
29.06904388299093,94.0785344522232
26.405021751883222,92.46507051936878
26.819235919663235,95.4631918434319
25.112284147228117,92.91104612036526
26.097557276107146,91.99871965786927
26.781830482608335,93.43456942549459
23.99493930715965,92.53773146785802
28.35016983465642,92.47445284166145
28.6456565204981,95.27387915843181
31.520529316073226,96.64299029174997
26.664268902840554,93.14318445555502
28.31324299704778,91.31860686878977
28.617574841747384,95.04265454463959
27.31497848400372,98.2704264923059
26.37617485873787,90.20995300053794
29.768328497146022,92.44476478472782
30.370842855411873,93.4069065190585
24.453844246207666,89.92009213736982
28.939968938137277,95.04192099703735
26.83809829576572,95.4183364774274
29.173583117608285,93.88838818838487
26.019086167664653,95.99897109591186
28.962584049690925,93.52163335565261
28.61032460228221,96.83063230689952
31.771085612749527,97.6546743732106
30.394825466730644,93.43014841850862
27.055923012542504,91.58607308177164
27.028545035563692,90.17257616834912
27.9732457076711,92.51945041797265
25.2093027292713,95.90989753233458
24.138374889548928,94.82792372123146
28.09930760426023,92.77130188331138
28.350616808866537,92.66725362022466
26.10641369226383,91.125750921397
29.06546961956706,96.25775160372217
27.38412525169454,91.82082928916893
29.140060544344834,92.26057448677493
26.092210970563222,90.60648609278716
31.869341782974267,95.91202941186559
27.403234842412274,96.99514239991949
31.23985645237214,98.7821005775555
28.57114039276197,90.79033090950101
31.04177060361755,90.24397363468668
31.161845600034326,94.87756887162126
24.88433682091158,92.63700945611802
23.157964366523483,92.83616490022125
30.329099810662612,92.92175807187748
32.02332885352081,93.93243115880942
27.630357778542248,90.71008696386687
25.71666598505616,95.80413376056569
28.957442544520095,99.18425159902708
30.3337738689773,93.86813630955298
27.70546403754643,95.25041190955457
27.198338733157364,95.00419013795276
29.759443990374486,96.07621707871644
28.717236881246734,96.55911070741955
32.356455233834524,91.94273567488328
28.929696692545946,94.9632626951519
27.387978656875532,92.90808911912487
25.650468969897396,90.46193250304671
28.59732738073567,89.30294006303662
28.349793848164584,92.5623519004499
26.63698128989929,95.185313760675
24.43767241413817,95.67720210107628
32.86919840109888,91.84949500205497
32.16400520640912,89.06446334761723
27.798446694578583,91.57036709854098
27.043979187824984,95.03309595955155
31.282279888601508,89.51836317709996
26.22271985091103,96.33295941963323
28.40053815392492,95.14147320640099
28.57098538519971,93.34920119959277
21.87946936566454,96.6874326967364
27.004187914418576,90.14676370655467
21.04286328483484,92.78143341689932
23.95495686895114,98.61504794719428
27.901733191892973,93.20150114295171
29.6744560364581,94.24693472487249
31.197309467816403,98.48089471229564
27.04968723978816,89.61347509464021
32.98507746265631,93.27943701206028
25.638347631554613,92.20225726517133
27.062150962991037,89.84429690025375
28.58213421243709,95.82889114070333
26.269470865228552,92.91364460539575
26.052413819572173,89.93464506724037
29.54405070183484,89.76354137726811
27.695373706581776,95.08808319675725
26.233537266544207,90.7197740233095
24.2486326425285,91.94527604511907
27.706603546223633,100.0190058633132
31.713243399932693,96.32088312081518
26.45195596767771,91.01154282308566
24.875304105426316,95.04153937390814
29.39119111622556,93.86032324708934
28.29259967839789,89.91227692842082
24.756516991096245,94.78189202295935
34.11281793332343,89.14404683854019
30.396287774272,89.38551443487549
26.94353222264013,91.63002012725701
26.863386735435355,96.83193083062719
28.973670147591456,92.11891833647746
29.976809110739786,91.17308022742756
32.90319601141943,93.66221076330613
34.098686982665555,88.66620422276924
26.798509637028655,97.66003916803088
29.982872488395678,90.77099333848193
26.558796461306194,96.99356542489903
28.495459235001647,89.87601375575161
33.14233040487159,93.30514530107186
27.366395073219667,90.17617483054671
31.102267961697038,95.2491582905042
27.905994703868476,91.30036508987898
25.414586658641664,95.08060813544148
31.55991917680011,91.5795142910903
26.854535781722728,88.86588409747937
24.15124131042387,94.62226572488844
24.771402429023055,89.9588818070157
24.82133660618714,91.75602251944763
29.827523623206027,92.6056858603225
26.143520669123635,94.55476605567573
23.479299229115842,94.12834336180798
31.81549947215421,93.42046628554604
28.215292248932084,92.28087887974614
23.622995523574097,94.37135486441785
25.633903507025313,93.0216203305242
24.417840349323914,95.6758971065483
26.32225940974094,94.58256540622632
31.94150197652469,93.9308616138586
28.605580718426804,92.2406505448914
24.67428865444219,90.6315934312691
29.076528467117928,90.95347352681272
31.56443116252146,92.20892537340086
22.571257392883517,94.59740314632316
22.92367734251645,95.25984125858008
26.981718530269756,89.02117995682661
25.233454419561095,93.92650664496145
30.19558864157946,93.04966466367807
30.499803343071928,92.80714393693897
23.75506111973496,93.15802065033922
30.447722100690605,92.69813225913606
33.09421096519152,95.56843736163033
26.457751861662032,88.82891062868389
28.61128044943415,93.48439228396394
30.865517959807807,91.54431685831375
32.436161085627404,91.45359303011831
30.94938180552436,93.33543171158342
29.637573153449967,95.40484704503594
29.13839977835233,94.0133881891557
26.299070591473985,93.16970323060316
28.013628125879627,92.61589546115671
31.650994741761075,96.04685526470925
28.200298893110514,94.66861556218304
29.549058605327602,87.82037242442172
32.62526379220296,90.46407165081477
27.247241919630362,93.35066709506214
26.54144308965586,91.52900572972663
27.52292858056385,94.4709813306493
28.807431714608615,98.9578562239086
24.8514556049327,97.64235517817002
22.06225886752599,96.61020986097064
28.36610591014324,96.05441112785701
26.17802062825412,88.95044858763231
30.92480662977524,95.741264210369
30.07554529670627,89.00997035267292
22.852532889284774,92.00590311779824
29.96108255044779,95.51966331940679
31.489884786912857,90.18395458699631
26.828255909088696,89.96203047460351
24.18318025782772,92.83461866269131
33.83058026559572,92.87087359044583
31.127217533613937,93.82495388010943
27.385637985796397,95.83486887570301
26.505986454754314,89.7762784428424
28.52559118222672,89.54577739299114
31.349565311935557,90.68769894270874
19.775557098680245,90.26913684829952
30.691440311437688,88.70173789298312
28.069260016302398,93.86289479995966
26.045436312999165,92.35760750709305
31.760522989355714,89.36343985348972
27.9277290067478,89.7573700003446
27.22690804065995,95.08058849954327
30.19822886626173,89.33787530804088
30.701682602716883,91.72443016199605
27.365216187383552,95.91009176360987
31.014235684810497,89.88879979087726
30.728146571011088,94.8759900097718
25.626087379519188,94.74729010635058
24.363458486347344,93.4429948451143
23.999773338456475,99.58257148947266
26.503982208145636,91.60084654445596
27.188326844857226,93.78051651716115
28.853395629720115,92.04253196413681
34.392391274811104,93.42364848906797
27.946860624797335,96.69724643489602
25.04182182181487,90.41997913554164
27.622206107508195,91.8275426984864
29.529988683600415,97.71191523089138
25.731947170821876,90.24807531010198
28.186337200125056,91.97923772013321
30.770510911276435,92.44209564134006
27.104446942922706,89.88867996407458
27.098016085384423,88.94692108305095
31.91549152436888,93.15807325193897
32.06988480906853,94.5702630081604
29.00840027953675,90.1502321951939
25.432358253023228,88.86464600306887
27.501731565617888,90.79318906396558
24.52954256789964,93.88959849034792
32.39206962199915,95.24387114331822
29.781904221003682,91.65051299904673
25.616125788509784,88.84028335242543
30.07904336922922,90.496263596275
24.91981374401783,96.88188820538443
31.395766240524086,97.20287988765052
29.07273701324236,100.74372189482646
27.55331881598669,100.57824249740689
30.51396274614392,96.35564349058438
24.950846042556307,96.14778994016781
29.66211273892811,90.93304282683343
31.827802523428886,94.36646649387585
24.919844066630894,89.68306953153655
28.186141930912044,93.92464797468823
29.854654108922574,91.43472880899992
29.321964302601863,93.5230965778324
27.296152690157104,91.72964514958782
27.557570186313107,93.50943150521105
24.520613405464516,91.13382836971817
26.246215203553678,92.91898865203419
24.985442502509187,98.78289933810915
26.17172499662774,93.7732365737772
29.344788514639557,96.20259433227758
25.801590177451168,94.05605404584392
24.09125950691196,88.88114595644258
25.030510737415717,89.37392335103367
27.81351803173388,97.6351299310748
29.342743551622902,97.19683043566496
24.540834375628528,94.25530833338068
26.717686079587303,90.89310288208486
27.955069670119382,89.7554364384861
28.629663018802425,94.54391088068549
26.032011798331098,90.5806505834165
27.163332159847833,96.8732013717902
30.76118469014288,92.2848705649343
28.166048477921183,93.59950456915361
24.647529048990314,87.52953360968284
33.32340302774616,91.97048866865461
29.432894284323705,89.06563789732438
25.909667683892025,92.41962179536387
25.419967610212087,92.78050232601295
27.62787393698661,95.06949641249598
30.672872625798313,92.28194872303494
29.769015995412143,94.87665664991971
26.698667491248234,88.73517483195414
25.121901084069545,92.80441109297134
29.53178458909533,93.6320225608249
25.39994408461278,89.71683775140284
29.942278694083466,95.38147774080782
24.948255453218437,91.23946094585786
31.648801385746776,89.32297526087567
28.253403598345194,93.43270152832658
27.118317520441515,91.50996535215648
26.003163299709588,91.47252183018695
31.255894533244728,88.27734357990262
27.919517639596297,87.4009644178934
25.225621259599492,91.17425218288344
29.158388703408495,93.87196367657528
27.21989251643124,88.9753322646174
32.14404845872608,90.61181676824089
31.070057512613694,89.96777684856053
28.35254490322012,88.67518204569961
31.40345316168755,94.62486074306699
28.69386843903951,95.05273836117829
29.94834215258281,91.57572186425365
29.097984541638557,91.26035243650303
28.366851816819327,96.18661279511014
28.171475887414186,92.54965875591255
28.251859098780294,90.35998405015299
27.40594863947175,90.98176016321189
27.393147534835656,94.18297234253967
26.793231651663046,92.40502480086442
25.703316905703534,91.52456184162895
22.59587067717752,88.42137723520749
26.97654341343875,89.06921452107663
30.13047394030157,94.16007608860455
30.30670915233145,90.7644951951831
25.173004847628242,96.27682901679626
27.17964723827496,91.89745565492025
24.622518355161425,95.7299178684796
29.780855282920637,87.0389137055871
34.33511734146372,92.28300256411426
23.179211443158586,92.25121548610446
24.76447011970199,99.08671144497436
28.60476558878982,95.18833025121468
30.018781941061867,93.63096751430882
28.535840281226584,89.06523961721237
30.02547335143345,92.62038041184859
24.552477143210364,96.21649174121904
29.02816188952821,94.23314901083867
31.6549198163465,98.67461552257947
31.989029315140662,89.51442202697584
37.51776026312007,89.85062892549517
28.672669001531307,82.2339316246088
30.738609064092326,87.95567675719934
27.231835286455137,95.95226258947915
26.912299501433534,89.17105939307886
27.70278791061266,93.12756085255621
27.176050556654815,94.60338493960809
28.882219359319873,94.71894204857338
30.589452544488243,94.16855378174499
29.522511416737753,91.22327933378173
29.409181864412666,94.7118550461913
30.15320671486842,94.6703305147775
33.04293064881135,89.57984350166454
24.353225430382746,92.11010115573556
25.8310096285294,93.55874759363716
29.6321055549821,90.15155723845113
31.462288630639716,93.4005530695764
26.183860805878567,92.09610878092926
32.97082960501658,95.79184727403782
27.16826760972893,96.21054887326493
24.337672701905703,92.92134936579949
28.594488101144186,89.30196509727033
25.02327967136103,93.63188524774452
31.60740772084569,94.76309843057597
27.262900084602844,90.42950047068565
30.054975948828258,89.9230185781328
25.19606015258414,91.23730362808456
29.923047602666458,91.69915921680635
27.598125401826877,91.60976520048781
33.73631012072812,100.18240804199249
32.31415491988218,89.59006583009851
29.373717746205532,90.99349914866866
29.17466008017297,96.28908362623888
27.6123327697843,93.92905910569449
29.415407161453295,92.86052149087526
25.365533415745887,95.13656342219645
26.35929309442573,91.18017818128608
30.595337443300313,91.44862022326066
27.27299923979951,90.19631789934195
31.55053425956067,93.3202901339982
24.802326223233703,93.10168548340489
29.761995210628616,93.86475550753963
26.980969250504636,92.75012136370717
28.661170990072932,97.45647669244404
27.691321264075576,92.53312319483776
28.030548532783882,88.05882230874356
28.750999319636712,97.42255823179369
28.956958873713116,92.4434305582149
26.945067958923218,92.8568563403033
26.35563648369088,97.66184333301634
33.070228139902795,91.71076878541245
26.38174397060882,93.28452634127186
30.097208185871672,89.4442410634658
27.711087909278113,93.34699821127577
27.297137890977115,93.62280601449027
30.400916836670504,95.10567736450005
23.898676790834173,95.13845941585794
32.67208150936646,99.54818769967467
28.656853925867836,94.56092410407753
29.410900630940827,93.81853856065776
31.21960778872235,92.8454086951642
26.706534927903455,90.48872139228533
30.877494448635073,92.93024659009195
24.23161846719057,93.09306333580417
25.14864873588303,93.66846870038611
28.570078065054798,89.78404088907651
30.022476217028117,95.38943173359975
26.879861484818807,90.22016505518505
25.942812836697787,87.74853411270324
29.66566427614293,92.6263214982005
25.973159154817765,93.16348612081107
28.456780523283477,85.84776390904274
24.403948110926727,93.44148936672102
25.822613276469472,93.24059274976136
31.222133657670014,94.16931945999981
28.809183935940037,92.53938266924793
22.87169192654151,91.44141279123124
29.57327048995302,91.525283029734
25.906992726899883,91.5099986110446
28.480521735567866,93.517289545145
30.50473619125657,99.16472143216085
27.265218096077255,88.4252784819509
28.622961808679918,95.54870224700977
26.794931276271868,95.68777251206266
30.04105862590078,96.51130671763978
27.148569686856828,88.70747907956972
26.216446488495237,92.90206317828815
26.006601819642064,95.78778078593703
30.21317002470484,94.80270140224701
24.74474629596775,95.4508536116507
27.995700769722685,92.33073441252576
26.52451063511494,96.22786525142331
33.02681707244185,93.36083470009886
24.885954788047194,92.68985565754053
24.680547765478437,90.21246690054979
32.12857936604934,91.11080582594509
29.97595369555733,90.33248751221046
29.733520413368574,97.62290897374366
23.625268032060568,90.56096243257191
28.462801803179744,89.5256021290245
28.656216469816243,97.47249888335203
34.375248176019866,95.22905529324079
29.3170843024708,97.61561954169235
25.92987101516409,91.50309589147967
31.25613355770635,92.3295153339777
28.88241868274517,92.10138767861856
23.843074759060382,96.76950818542123
26.833353421176003,95.21275005538278
27.99710971780991,91.22521523845191
30.568375261019916,87.28092751438393
27.51542578076719,89.95158893279381
29.464438790261926,91.52314246606507
31.957139269876997,92.67566990034051
29.077184157888894,96.95705934357251
24.730133274428454,90.77180423147738
30.154523480707738,92.07170561579122
28.029303548872033,90.5889587732426
28.27350417998008,93.42963675822548
28.1190650099883,94.24808777280217
29.49947370785831,95.05212178340102
23.073919187112125,93.99590179059183
27.9533857465339,88.1806569158532
25.91672901161414,90.60900003965125
29.000200273481646,96.22744594897486
26.936127868902428,92.39385048742786
30.228916691369026,89.075575820198
29.53595293397224,92.8153529907417
27.61304167249734,89.36428483594852
30.494508693353023,96.74779026857234
27.741409132335303,93.67076102374754
27.30387225194761,92.3107840945525
27.075303069658425,91.7729642032191
27.70112325695736,97.2058448520772
25.661589198987144,89.41975384795256
26.95593695390189,90.59123476056227
26.246369904319177,88.45750811404541
32.766314308383336,95.66423259328
28.505525877797265,91.66395558818273
22.839432739265213,93.35709350745826
29.32036070558823,98.86341049940592
29.497145268859537,87.89378127616484
26.99874118769524,90.5165569638734
28.48832414736393,98.89491005301167
28.135768911100477,88.60193983521762
26.065980912619665,93.98358607590897
28.522837635628356,87.16883754429941
30.178227450651374,93.62362057100438
33.4583980578081,95.19594926104952
33.750804030153624,92.64671645514078
27.253935701568267,94.23165575202869
28.293173807939098,91.48806505567727
30.744529235595255,92.44177057270755
26.29567212595769,94.67542100654299
30.092665777939683,89.23546024814443
28.4050137222746,90.98247503799115
29.343211359002325,96.52014219002119
31.203454881893684,92.88039298639562
31.31240177634007,89.55543120873239
31.927994879729273,92.60197482728444
29.3435703288406,94.78074689317039
28.372709930366888,89.83443915492012
24.415689744222764,93.47609805414737
25.078865427063917,93.26711810929967
24.670319904448753,90.67891242653779
31.619284602296588,90.24793142739034
26.225999063761673,88.1700950600838
28.854896804539614,94.07280877808563
29.85898992559347,88.72257609789668
25.929348245282096,96.33583535506207
28.254141788359007,95.17176798549283
26.77894222900145,93.46756739769259
23.668353608024518,97.40642200967302
27.407818956367993,88.01657027075993
22.708179904852603,97.9459533245203
28.266694519658913,95.66072618970203
29.92297967590201,94.25127895044645
26.91892588970512,89.32899257744897
30.65055514332116,90.92695557239655
26.629053158858493,87.28517478425174
26.701474300233446,97.82718543610318
24.534213917453563,85.74679120281063
29.34480511554644,89.55797066677638
29.525112503994798,90.08747045111613
28.21926177370874,94.84517332916947
26.543153514547527,95.45417123078373
30.753285793114078,94.91259740334775
20.471843393656712,88.78750026249335
28.557119595385608,93.33570215407299
31.812303821219707,90.73875308947473
28.950166023972464,91.37946377516803
33.64509981357667,95.43556768149335
27.731585260044703,92.05574539173465
27.52539370252306,89.8618518397264
30.602314825736148,92.68526785858016
29.201442221386625,92.47737821711529
29.10739354691541,90.6101790903844
30.486150627393904,95.87670011551818
25.39462785859292,91.18129958032975
24.535989984682377,92.2455958087819
25.900265059733638,95.54505045561183
25.83746600691446,95.73686614951741
29.68840021029299,93.14444517115514
32.514485421703135,96.81854084634301
22.71022929074763,88.86861228131886
30.161039076839085,89.80916704470614
30.161628429414492,88.58273068805738
27.493969754905134,95.53272603900011
31.994544628467153,95.81423092966152
30.34711329559071,91.94300596660248
24.433677683119758,92.16876027262636
28.096640815002953,92.47341103236106
32.48731980732386,93.47590326784812
28.081307905298104,92.7880632255856
28.077071295132576,91.53930810117133
22.87835161504672,93.92729769189386
30.101354739829915,90.99882114609409
30.86633266574961,94.87829944439808
28.48541070795718,90.17704581942584
25.545090472066537,92.9070094356281
27.8824337641764,93.59910069299774
24.807802585820465,98.03812205926926
34.66404497105647,91.90162549448011
24.057902324839198,91.86375777370999
31.32698571454117,95.19449042734281
28.422489316242906,92.72590236163873
27.07218836330676,90.55727974003462
27.627856225388353,88.19441255177476
30.084002507224724,99.95227697879808
29.28074264273647,91.21601386606334
24.56836432613317,98.0651202151667
26.396720775983166,89.39372453341157
26.185415129935116,86.32790426472494
27.373483259405532,89.77467568726996
24.956566770849896,93.62934886105111
27.625371581531883,94.7478770144025
31.962128899744055,95.21612984946226
25.81157366197785,93.54598425255438
26.23956125803236,93.548462601924
26.315086158091926,92.56249631097397
31.579037387362025,94.96342477679123
29.432103024011766,97.23491635064914
32.83720062547138,96.79901991534183
23.871772673278517,91.73871759850373
28.109783961095307,89.9360147122377
26.37026028483849,95.27552778684449
28.640706949426427,94.14224085409643
29.21493417973696,93.3656592552286
25.484135105989463,92.00325971803994
27.16877476275195,93.2528499568038
26.035527054333386,95.43978542051488
27.59273808013034,90.82279011225856
31.082171194529177,89.83659035581573
33.049375798837836,89.24378038142665
25.27415759081525,92.52483470679715
31.079862308712045,90.1380758340593
38.14831756245627,91.74853734681248
21.887621769881456,89.9261268811304
31.304529469894725,91.14818849527661
28.270059964233464,91.64392216596151
28.894179838663824,94.2554892383741
27.42518990581139,94.96997840010583
30.336844370599145,92.06573937505514
30.01004814783484,92.48639790390689
24.248873921900156,92.00994719328615
26.660206071776425,91.65532113044391
28.668555901491334,96.77163842361497
24.385288408555255,97.91408483845174
24.762954962777535,94.84655400059651
30.596056418806853,91.60233115061155
27.855722828174954,89.38005225927778
29.22492171021948,95.8053558495591
29.517940031685562,93.64985393212095
28.14643048012274,89.86104604309283
28.245053483877903,93.49684515270333
25.473681261862254,89.16505728205696
26.845183021469794,92.73524661118698
27.82144787753849,92.67074660846808
28.593190735075606,89.5576576714236
24.641585532492154,92.43008131587861
31.199849764276212,99.51546240771972
27.925868707924103,92.30755188113842
35.513195599960014,91.13110709428126
26.882881748352006,95.78691850715146
27.28502513404307,91.05086238892459
34.96845455163921,98.93009849484933
29.242066744120105,95.04220885153012
25.400035973114562,96.06621696851727
27.760875780706602,99.17969028657154
25.410731642346057,93.99593980028072
27.202985456762416,92.84200289920727
30.205363173496153,87.062806370197
26.031355618452604,93.01641452679726
31.000202057634212,96.42118732346965
32.3654792691889,92.27482024387511
25.75593402999393,89.16746898961794
25.810348805825154,94.22978257464248
28.229818611092163,99.08855274624844
27.866474096343175,93.48961532850437
29.02909580546703,90.79360881478057
31.503934928532765,92.49033760170316
28.086741221548017,93.62488928405827
23.21015925994933,97.97683299596103
25.690297021175308,93.58274083178438
29.682381900977365,90.98262011741399
26.171987545522274,86.97471126908967
32.53058563832937,90.19240272552595
29.71777330900202,92.08535749463766
26.46856433880137,93.47923173067548
30.06314160511962,93.45113153616732
30.36445419848739,95.4298911958144
24.32571089244396,90.20043737201773
30.014215910961028,90.48008659060305
31.692852336860287,90.95222825811886
28.167193846019437,93.95956142181728
26.977780997567915,95.02825715124996
26.402611906057857,97.5888600169552
28.721648552659957,92.87169163654322
25.014750892491424,92.5462963044152
33.32452764499994,91.6200462802899
24.49339538520387,96.28013155971253
24.53403473832156,90.43055176953864
26.86616611987502,91.43240281087117
27.686767684028002,93.78637317670237
28.667481424939414,86.9953946073671
31.747113040230143,94.44982736993013
27.413320600809204,90.93419760099158
32.928385943433746,90.6568701522618
25.878728690759978,95.10193098963137
27.346103539022334,91.82132015527877
23.40359957535677,96.77163496810854
30.38021586089024,90.75276982448239
23.425895406852785,89.97309548588618
30.51723751651368,96.89239720761071
31.20749703682834,91.80856025383359
27.406201290956744,89.94775104169275
28.613829253125406,95.14661886405588
30.180521893731502,96.40355548926519
26.031756392107113,92.98605065512268
28.70057377488631,90.36040492583263
28.036724587253385,97.49399992738472
26.836950625569422,89.83666178188015
32.05187272990267,97.02678000368465
27.273269472682813,95.42743329876211
30.789403666833458,92.91798567864615
30.356601855524907,96.66897412439717
31.443315498822514,88.1919159195977
32.40159059060066,94.05501926663021
27.531892935825887,92.83568491545
32.55906928476877,90.80066994181422
28.08936902197575,98.4958487187555
24.221854464289176,93.02871140603804
31.099853762296142,92.12351838510648
28.9047139110872,90.88783303822794
25.824391138964252,97.52543678198349
22.77212076724161,92.86708063483793
26.896354471274982,95.07431023572505
27.56285829845515,95.22962139195289
29.693945055742407,91.86116335812883
33.2462887273894,97.1150886492709
29.79979357810162,91.24417587595472
29.232867318165155,93.08648660170941
28.648905872474085,93.84386154990837
29.318019181921336,96.29357518135397
30.93150327307844,91.42512415682947
32.009929089126416,89.68454262258429
24.70078746196032,94.07861194906452
29.02471379264775,93.24098096147446
27.056581522003704,94.13692676866837
22.456742117883955,98.71872228101564
27.836398329505627,96.32473686556325
27.11997540776236,94.43901086001053
28.69488322497388,93.98869425751467
27.229346475021863,92.7599209125765
26.341959227944646,89.72764978293117
28.028707501640447,91.46168828754813
26.915227620157697,92.7283530679368
23.9480658464837,95.2635069201485
27.22081003897587,94.63099219145673
29.438662420196724,94.76256570370062
31.855187300317688,97.21936502480709
28.674774362117756,97.41561325996584
34.70977265734618,95.84454878127819
23.603519216463948,94.28166911267577
26.894251121938954,91.42538521484494
26.24740781019006,91.80248926373166
28.51528198851932,94.88011974266088
30.272141500003546,97.88833217573793
27.61852057958235,90.7073710234526
30.362646939902294,94.07395334393223
32.79485461460741,91.26578413212908
25.888363155171877,90.42424058675127
31.883996412131594,91.4689459009218
30.9573983733177,95.24039460359863
30.29061500083931,91.47058970511878
27.29497963556981,93.19727617469157
21.175342737411945,86.64061377528766
32.28351750591751,86.89298179051573
25.02347596192448,94.7944687902756
28.2111999749232,90.24824617215135
26.630136355388945,96.8747843866401
29.473267145123376,92.95043721896849
25.910573776851454,90.7541774173765
28.610720935037293,91.11514725655537
23.21595094228855,88.56927143436194
31.509668853725668,93.1199349641748
28.502190114568812,96.72883709699249
28.210702556839667,90.58494026524448
26.242306176448952,91.4628464597419
27.806373628086856,88.49545083672128
32.002640511655116,96.23871634688292
25.768410177396493,94.71544115167902
31.756997293423577,91.1629324926895
23.8377214651479,93.06254683181018
26.374402231122318,88.2025860911439
35.13801657793892,92.08784455547308
29.54176765451725,85.00037958329666
33.11811803981692,95.71692801257961
27.91585613381976,96.12214373559038
24.829899927608665,94.79320347657713
31.252471898496616,92.92679062917861
30.51905723867484,89.80090146704481
30.93642729038288,94.00736356251679
26.0564115336807,95.85094577745895
32.5265559473568,91.17477008862636
27.83016785569268,96.38516438178004
31.722075568394146,93.80654917375195
31.688879894134963,92.00840478610945
29.371707452469852,89.32887312337762
26.292399948199918,90.93949004521119
26.0037111157101,91.8226322778546
29.575962493131357,99.58861463676224
32.452255737166034,86.76654272942712
28.588153077448677,88.95352651584281
26.934738293387653,89.96211627252362
25.94391097603626,86.61969597626799
24.685094446812357,94.32512978993869
28.875991455048446,92.23343022568842
29.324914016892247,89.88574308386214
24.395623828940554,89.37401177203827
27.040821602192644,97.07507259549466
26.96316552973417,94.01572890602228
22.419280510876675,94.36098336286406
29.84053003208362,92.80792058840494
23.316884769045714,98.31923317871525
31.127787118639244,95.59622470515299
26.756603289519433,95.48969272268594
29.149781102436794,96.49439795640905
33.84855221086646,94.19700294973866
28.153113695689175,95.69732638300052
27.346638336364276,89.51379141780899
24.673323976088902,97.20094916198364
29.56898899306508,93.36749481106254
28.883748085209405,94.88877933411996
26.290620188140732,99.30633670920916
28.265646575248727,93.59113827318224
24.49443644167849,94.66941981388277
26.24604514960561,92.4190679289359
28.759583418808244,86.50471508744393
29.562080219541667,92.24743299840826
30.726638976777437,91.51687604558379
28.535855013245595,90.02638134348358
27.463105230874522,95.66998753503529
31.90762239554979,98.97637220337663
26.930529946759684,97.30071636350222
32.84726642142341,94.82570590956925
27.35783021403479,90.13473407371457
25.834442258033718,91.68975323241159
26.624807740160225,90.78294755472373
26.042734872779622,94.27692241649429
31.880609713880943,88.41598103173833
28.941699963660927,97.19389286449577
28.676248766565184,89.65673710656954
27.072733982860186,93.19236749873421
28.00172901753044,93.5187580887276
31.94673415153849,85.40273364921555
33.18013853878783,93.39958956826668
25.28922620294966,97.2228275852742
26.45118987792789,94.50592217825834
26.87045452499043,88.95601925483969
27.971928393892245,93.3823932294238
23.93859988355043,89.35622781630612
30.96103408946866,91.83052309183995
25.215874222814,96.318896330978
29.793898211268402,91.62039604009107
30.94080237085169,93.43948878992026
30.122846085393014,94.53225526355862
29.32242974770562,93.13768481931515
26.069378754063383,94.11586966538285
27.995787264053163,93.06445041852628
28.525661071864146,91.89786506210352
27.027128008970287,98.13618375680905
33.14327964502708,96.12290272132996
28.588947815670423,94.43853371941502
25.402236880252406,91.60664344490368
27.656883524123565,92.61574382946822
24.872151130580708,93.8896274511647
27.57662757568498,94.17029819079048
30.329393878864444,94.394419405311
27.37414592942307,91.92741700818472
30.575868280187954,95.3207861753078
25.971028399435408,96.83747893637745
26.857483939912672,91.85373174612583
27.401166529525028,87.53231171528131
22.82183693018298,89.53505928679726
25.716538921801984,91.12340903990174
28.247610696783692,93.15465914948813
28.10465464383706,92.42225023208687
29.277277087685942,90.11895791359413
29.03052193812994,94.50111642685582
27.539694331219117,96.19223938398795
26.757101935301094,93.41306393034294
29.29455006899104,93.66795827601463
31.607101599204867,89.21732723896156
26.937399325042005,96.37224150665041
26.067394526996768,96.20316161927667
29.54663854744878,92.69547889644362
26.44299293344587,94.00665643685103
24.943240761121743,90.26934173491405
25.188815190540048,91.402398356638
29.406877386669915,93.58552125858313
22.777919432086332,95.11146671681959
28.646727025229385,96.65783185224245
26.42138407813327,97.30761243578775
28.167148245815234,91.19134084723446
31.515215741316656,93.87492845212434
23.089484786074962,91.52383853164109
28.67328402129647,93.94898755507485
32.05392097019938,93.13087477043162
27.01160997355615,94.27437169511929
30.91431273212576,87.83802155607445
29.502939265346885,91.08539850832783
28.163042651929278,94.89001551262754
23.156279934132897,89.85363477146944
35.12301853187628,90.920949901343
28.30971539963723,95.769602219722
27.89164069941323,93.93213707279148
30.347372672238876,95.84266351677655
31.666930174215945,93.20518379778412
29.848374548989213,94.47943107089664
29.64959187005298,91.02616917434848
24.42191651519193,94.11753630604218
30.83443801268958,99.41316098824562
28.62583869294293,90.99749197939242
24.48371623462293,95.55180189320629
26.77957108082219,95.40807951177412
25.993889020899086,93.87123564350597
26.89288686481304,91.42466142747703
23.721007833366336,90.13357203402317
25.987738657485735,96.07073570358043
26.56708567384387,90.65378686831482
30.46764357805454,91.00691982551784
30.212784261316983,98.28868148239067
30.44918860993373,93.47940419180378
30.152728413968795,91.66548246425404
27.95283950317459,94.87206392908729
26.741554876817037,93.86368768517684
26.33549389672048,91.68087360050352
31.1093250487282,91.0196527657485
28.112055944718467,88.60894454118652
28.374094328288002,93.70664377169388
31.433967583596036,92.2393863889817
28.710976810089665,94.71223317836233
29.934752659572347,88.89006349714319
28.512865456067527,96.34566986407332
24.473624877812718,96.20728470535234
23.65539948389887,92.81131403706968
30.203884475428502,94.52182743340724
30.270333383157134,96.82682748746224
33.06505686524862,94.0638217345371
23.73316083145552,93.14510888587748
30.731366058001385,100.079576304195
25.82293910361645,95.58620036372987
32.22787395903309,91.7932280739964
27.927217608772633,94.48237988209438
28.200580894886425,90.6712392524024
22.70261727835646,89.83615788483385
29.44987354771073,92.41511353697999
24.91703632453398,96.26046745381731
31.760735049586724,92.78946390325646
27.985211128172217,95.88695650846383
23.779674959143485,93.44747498785483
22.112620150637,89.49302922840808
28.89779122197788,94.42157645795055
23.325025378754898,94.51798250456348
28.387459006347694,90.9088790454218
33.28985685528196,93.50312580903656
24.64781411568343,93.76985814305722
33.85467340461987,92.58691511169604
26.569229484995603,94.9999856182084
29.10214416674433,92.32229175431102
27.33046627347642,92.79317505830127
26.79807701103265,92.67506875614804
31.148919479671704,96.01924265748707
32.54859241692196,98.1883516105022
33.03516831746633,96.56382146263236
26.905740309055364,93.58430159984718
29.439653904533365,90.38057730478192
30.54504927554866,86.99508816909729
32.72277280110717,91.20168984883021
30.767827843661266,90.30129909975642
26.92061824025999,89.61752243173555
23.2067791268592,94.11473103257697
27.95006957524689,94.52062088319698
31.21592823685035,95.07326585220618
31.766617444900632,93.48824823091974
29.866400535170836,97.57073375920436
27.85046914797643,95.66866098968408
22.01662745799409,95.60240117285373
28.99465996184222,93.60353584483157
27.272673652298522,95.38285404552794
27.24557828814339,99.14050805763746
25.766367716322566,95.74678539251587
26.19206237688001,89.26250311157003
23.518269109945624,92.63883642251031
27.340761764246615,98.62103161606224
26.48054104695067,90.21552135515778
29.5840492030294,92.38238992846654
34.2326636073728,92.69999519233322
26.42828328318127,95.40226994898596
31.24039719538925,93.69494234023792
23.278238633326247,90.4932356801347
29.50076348521481,95.26850149706642
26.404364141947426,89.76628346205325
24.923683430953417,93.87932974204278
26.055375440446518,95.50948755504288
32.10959443226736,97.2742449351577
