x,y
28.58206675188944,63.60716388725494
32.13956053002983,69.96343298788841
29.41597586956023,61.404069665700874
28.52056127544261,56.46237098015039
31.943274862593558,63.54406537874136
26.99930298434259,58.05968159291591
34.48603834993768,66.231241990659
29.707914360302713,58.858635468974676
31.61448574002292,72.85260875895901
29.23878685704279,68.33023015948397
41.035405903728375,57.692005261193884
35.62062803212153,66.4908082307366
37.055744580701806,59.90957254261175
27.79854302555841,64.3117201110136
35.57799061245391,65.30434158379512
37.526969881615265,62.70761827924363
25.352247616545846,60.785731012053034
32.94873453875095,59.44934315749027
37.144041178849776,66.88668239994537
30.016523275591947,62.46313484328167
28.469935004291862,63.07929669796677
34.46792195229135,69.1693243269924
29.549738326957865,60.24494666250301
25.452686709095765,61.8816291543702
30.744773647005914,61.15647465751768
27.070212510512455,57.485835360447766
27.16141021602062,61.34216477270182
28.52394628390046,58.845994991644865
32.90664329350977,56.60386571215393
31.9903418833145,62.11007928812909
35.56066639549768,65.4361980545133
31.15636632063649,64.5252438187458
35.26769177854973,61.53097436005242
29.383874276701388,65.57910313554203
30.816439533871417,62.23313765586019
36.3582491533299,64.77915401661237
29.751066544881347,60.02974970789189
28.459005446445357,57.193299579283796
27.319777168570198,61.90657317632896
30.68847213423129,56.96456204579216
27.771340215183347,56.68880300965333
29.32957052965988,60.77783268185171
25.434532451536896,68.08997323197477
30.23442534199838,60.735976645622124
34.88767892834256,56.592923602134654
31.67900650576183,69.68567603699199
25.428813237871392,59.10980399274434
26.304989924412105,60.73542541961728
28.34060766216474,61.57627298213265
44.71478097515725,61.17334837109354
25.192708213803556,63.55165618496761
26.415337784858384,66.05248438405745
33.211362268991614,61.676985844629755
38.20023314172657,55.782340717820304
36.163322898824475,63.41640377266061
35.44201214001595,59.13300623018379
32.478320828626295,58.310462266345176
23.12743700464363,65.6439696145793
33.61885989805152,50.95908969256087
27.306546762815394,59.01297255641485
23.625320899429926,55.586113787724535
32.38938581741968,56.76762752075549
32.72321973807168,65.48578367454186
33.17351583757792,62.99426625498473
28.124069089551718,59.47565139203004
29.276220828287492,59.277240272208324
28.397958567018904,57.862725212666334
28.43196647469133,62.077795142222584
22.1380372362078,56.407762582680405
27.76803082198716,57.88057999125065
26.43756786044948,50.30662773323594
30.140270628239474,56.654585888530306
30.051277724247903,58.616306799929234
28.55946177577735,62.76409943794984
29.24490348043061,54.31731192154053
24.152842720356986,57.82893452988739
37.08492564362359,54.219853592855664
28.714150783714754,58.507416670002755
28.738880858751973,62.51081954117329
39.78827935062784,56.11914600236319
28.716246658147735,56.26674164904197
33.897034253763366,71.29006163417425
19.121361059706956,61.277390465184
32.911234024612,51.140342768273015
31.471349388963052,57.31506585505148
35.89013488567146,56.28156022204524
34.59581590979145,54.39311822254584
31.922044065706295,53.04522290655
30.969933081311527,51.39094750126897
30.601087535994896,64.06028623803884
34.25160687773518,60.969485159565984
33.845299631292484,48.69267428339337
31.728463599007068,55.971589282965056
33.595368583301514,58.76562883770139
30.790349183693667,54.665895495886964
35.89988002715235,52.378742254625934
25.910297225187506,55.11601813654092
23.347970718253897,54.06908572256611
30.501015375014237,54.812996019503565
32.57120122917037,53.15191547542495
29.719901709724233,52.81661579211067
32.34780798307427,57.10375791509978
31.650515540498237,57.814935826860584
35.189696404027806,52.84879551974181
31.848813713634353,43.84689721463316
32.38040789369401,48.62781052717441
37.166760396737445,56.26462201921813
20.850271144204903,42.935308645318614
36.8389564464379,55.739399463980405
28.583467926464664,55.93478423667264
35.25964933799603,61.77350259998369
36.73843136510321,43.07355113570652
29.77342428871134,46.37830660434633
30.569216731932052,52.94273204594045
27.883751749372983,68.00649686730591
31.036709790282593,51.9180186880474
32.549962860782294,51.82677088984378
35.99637648106593,47.00813623497014
36.976848093687636,49.18546300369996
29.45222677013937,48.656891645611864
27.724656927115763,53.76199623939359
36.15803727303602,59.70811120397973
33.479052192973235,55.86944686559251
30.301537070467326,58.73594011215865
35.67385591732574,49.26789468069078
38.177597779619504,48.57851895338774
38.68395887418079,48.306946798783216
29.638094229384738,52.48181871558313
27.618083441659756,58.28621185096868
37.42012240072536,58.65748002070153
36.31229270673441,47.47587856756297
32.449701385651764,54.67574142271546
34.790807129478864,49.65794898710371
32.44153174866855,46.61658278859917
38.21109474892858,49.941833866250974
36.727118003972876,53.49831825186748
34.49569764488343,51.75517659901535
24.94942628274702,45.91800776828924
24.052096031375093,47.038480516867985
35.39183322554472,54.03847367431252
31.157585531688817,54.714239217502374
31.822628446008537,48.028811918537464
32.002687025756465,48.707414607514785
26.223163158639363,54.98549151262919
39.3801183621035,52.39179323899558
32.012656319177005,42.69689703429797
29.964580251136592,44.904270883058054
30.045466246628525,53.56117940764881
39.32005632931664,50.043643468770675
31.723623063716524,49.56223703732926
27.469195447429,49.59221606064189
33.19291556786487,52.12765333933292
35.45847260818588,52.7283976847771
37.806556776585275,48.24837269242525
29.380167546881236,50.86485461920737
33.60589523686326,59.6952951863793
29.26913485444117,46.105449006024564
38.15048799678952,41.434242411933795
36.49349796635401,51.21883669154569
27.49660291913792,47.85816135764152
33.56088815823169,45.91924893744479
38.772614096778696,49.80036197338121
26.18765922361461,46.169953199362894
33.974808581119134,53.04095329641473
38.89702254807951,43.683706218512924
35.31183008557772,46.14092894547267
34.243977048026515,42.543980889704905
36.77668892725737,51.37143520272613
34.05173092822625,46.826543506334914
36.02490776425826,42.80787197301835
32.204146171039184,45.58123223563876
23.63166955769492,47.42861223069265
42.46179599102092,40.37619107689591
37.55577583407651,38.81091050140003
38.475021870927215,52.65141812652609
41.206342238835745,47.64213260405441
37.24403295444766,50.414396448314726
37.76380826162588,47.551039072984665
38.217951564859504,47.51364798472105
40.23308696608528,44.66977568473003
38.846957010323216,37.50569304671053
42.14727334140792,45.873751991191504
39.40159631328641,46.95635618901046
36.45183509848071,39.573306433571545
38.96395368869891,46.659730179413785
34.74776319505425,49.740948111815754
41.73323195854488,37.88074001242183
36.710303095169394,41.57021267265726
45.718443030312876,45.88503356650864
36.9275284827848,44.27934194171766
38.58339756804026,38.3945675754407
42.069530640394944,37.61225249398957
33.98636796655256,39.97585987936816
38.03807768522747,48.46485322327352
39.00056592842591,47.41073940466996
35.86997271775836,37.870856121905504
35.35205541743678,45.5203795566955
40.70315556166357,47.76011678838997
41.90129273352355,41.69169033130775
39.938116537999285,39.14885137801415
34.684883941001004,43.381770048878224
42.22711394265503,47.822473684986015
36.790029094064835,38.071207537490615
40.57811629007443,44.709830975549046
33.58013836216193,43.5515210608438
44.40410328175307,35.46326222379924
42.2409193196238,46.503429609045185
39.4721320065981,46.33366782914293
33.1517912863956,49.845041142972775
39.83859567838942,51.6847666691691
46.481255171174624,47.33587080313554
43.89184032311944,41.65247742727545
39.41784425255535,36.76535959486044
38.91275483739995,45.508541533850995
42.633504002729794,47.071654404592046
40.496367010940254,48.55409240876582
46.89888096981723,45.31379889590398
41.990466011254654,46.79946239461621
43.65512659622089,42.079033725811605
46.742057229035595,44.80066937129089
36.625780512815794,34.27408534718895
43.47819560347735,45.26238410965109
45.183769336951386,46.537459325048836
42.58922857069913,40.195158949316955
45.213089066932724,40.49483187522151
44.37596894831399,36.21929235982611
46.74016104595573,42.00415736626816
49.14688572928922,39.036298208567544
42.78412549927777,33.25274876567425
39.97752331464337,46.97577376643021
40.87081475150587,52.22467658884572
42.1616523132857,39.7550570412221
46.86340858073969,40.762184245917425
39.866618895132596,46.84266035454104
46.02608580151841,48.91105834506817
46.57613578686058,35.490160018625744
39.02072188987014,40.590706594355986
41.064020790858976,37.54475424314601
48.173223080301504,47.5894805493945
41.918697533225384,44.373942734531944
46.42508134895677,33.71040670596819
45.05864785841305,46.23287004313606
35.44638975792944,44.15883883497205
51.605650397496454,35.45794030381372
44.04973061526741,33.47373064673085
46.81866213919532,41.27528601791561
47.08751113315705,36.67211185350948
49.13031651393143,41.43495562057828
43.54259155160428,32.03294082402203
46.77793785444769,42.827848062980124
41.47446319109781,41.34563005178795
44.512715968537506,36.696418800320664
38.0465187814289,40.12953014400227
43.07575913980851,41.13862282557081
44.264171494764746,40.671016137867326
41.97982526789037,42.211396523115795
44.40131864781376,35.69487118255117
45.86606826123287,35.24821622120438
47.8013256851857,40.146414704411896
44.72515097309258,34.859071569344415
55.12095096522657,36.60012632688151
47.91472297272958,36.68520199274467
50.936863342811016,40.76446183506786
38.58707441343296,34.34095361213271
43.62063147119271,31.170034883009595
47.39677682282484,34.349712334931134
45.90783009854874,32.69655812225461
54.65100977352277,43.217332074504334
51.882103893980066,41.98504207413996
49.75277614652896,43.163778375401215
45.72711010356862,36.28641459979643
50.16695485089694,34.72346717137879
53.24271358022006,43.22257479312222
48.71007995337779,33.19181057752207
42.816576631235606,42.142571583752115
49.94529565017433,43.55215936826096
50.601805841133896,31.832521042901465
51.18825850297434,31.015003131379455
51.13978207309053,43.477529584117434
48.996075325559794,36.54821505442447
52.088742952090946,32.90196407110514
54.72921389206679,35.624664611141526
56.62075270634996,36.726871029492905
54.34568983475278,38.597539332656915
53.671018760030876,38.283172218227065
51.79809753974329,37.44300979813148
45.5352095150649,35.89590370932661
55.37491785995367,42.702199681799186
51.792094627767604,36.62646555560149
52.97981245972303,37.79860148736691
43.99459839415688,35.89371150509683
56.7295563945778,37.356394542799435
55.67209988751296,38.95304776848747
48.84972411536867,36.199284312089695
50.694474965216905,36.99751370920935
53.47863976183816,30.90736366330951
52.65618903768274,34.995815696343314
53.85925887395273,29.01262717557517
54.338491840316806,38.451107881844905
58.45128912586226,35.58462534090143
58.7601550955057,32.18212650180556
46.57765379762516,26.47124417283635
47.215825939844656,41.10289849032019
57.55216016707408,39.41304684925275
54.86843818770278,27.166513591956047
52.71571059281652,33.02742147073544
52.24839879448786,42.75602378674976
56.92513005233248,43.70022264303651
65.78867447425802,30.492670360743716
55.113778873868135,42.524282100288154
57.33632180176004,25.70000427070937
52.689900926175,37.85227169227648
56.0411121876086,33.63139395256791
56.0511027053087,30.46354290950038
59.71824724807638,38.185351688190146
59.130847916191875,38.248732278685154
62.110401974838624,39.27942518575198
51.80317254612932,38.09319682345956
54.77726832880264,37.7761050494257
54.02009309957883,36.12969711228915
57.81070642680459,39.65095677554285
57.44723209658333,30.61652582967175
59.315358575734,36.00637019151306
55.781691419512356,40.94202454437655
61.76342490475847,33.4524785994813
59.58407958712477,39.37015079308888
60.87018037782842,44.91619999100672
60.495396385633136,35.35365707904564
56.91791258248692,34.759067106475
58.47153740672715,33.1823312010771
57.3726774914927,31.407038005404754
51.654319704455,31.76292118757809
58.2807275200935,33.41164662204336
55.1900188219004,34.41693529180822
56.30031937736435,27.800272947999375
60.28442006358871,37.42357284722735
59.044509137744,38.04553570531293
54.98187424143842,31.84583552963282
62.61005106976631,40.340617666942315
52.692370076770786,27.420174201767736
60.043831934813724,33.44452317330379
58.76711516338816,35.57758677679547
62.1386123549251,30.92678241848005
61.05475379231555,36.54899958893489
56.561104195569776,36.56678059125157
63.565760246989335,32.411621512512625
68.4060841200729,41.84566068935044
60.39315075687596,32.10515361955234
66.99521387495497,30.979120413992078
66.47451365308135,31.457278795766772
65.4374419769951,35.553948736942786
60.684675355787185,34.323331803721075
60.98303888430735,41.33991154209255
66.67653250306692,31.63144988138519
64.11338507240939,29.958907126854662
60.83234571306996,27.601771101900535
70.10504681468153,37.39196325173621
63.66526168683892,33.712218501784925
63.07361773357911,32.81436711801631
70.7502832348102,38.0713245432077
63.80713424767987,41.589769122824286
62.7142786054118,37.71888720700957
59.130001163242554,39.58791143022919
62.45906845948465,35.34670354172128
64.41895353258354,28.372610028018656
65.90305750831972,29.32369111692103
68.50552824306577,31.530802423825783
59.69036790328353,32.99076601353728
69.44230803849607,36.0695054662665
64.32534361402047,39.45309736839388
61.01638956378918,43.783138274760276
60.74837940161094,32.405246475865695
60.380967296006666,33.62815048520643
63.594438875661766,36.877749413908305
66.38022935729077,33.24497247811301
59.95771549925193,31.984610462178736
59.84290999599064,34.005345830656076
65.65122662390408,33.637957923030804
66.24454097506101,27.56638054857362
61.22889072826014,29.16199752306379
65.8550328242875,40.763850998155014
65.85453556990726,34.90005632990952
67.53534229284288,31.606452718824826
69.3397940736471,28.99163016112395
64.59114064031196,38.21615649832745
62.11306929316037,35.389558907686485
60.857322742137704,43.05902019174271
65.46398707909451,37.628758191444334
65.5014521435853,37.06110067446642
69.63081350496076,34.33575307132266
62.22844722336937,38.14367520816251
67.18099199185828,36.570791991496584
63.950084538479075,25.91783650316708
68.32886347856176,33.49808192955745
64.3227951069874,33.162785065020856
68.81492214242758,35.806937044766045
64.82760404623214,33.98580780902408
65.54572206300645,35.90559868962697
64.53651732000448,31.352941100739002
72.22717549641433,36.463258152150885
70.35070712981513,41.89703676397521
71.52908264774528,32.35111366109749
68.47624406405104,41.1409314140278
75.72361609946864,33.99012624862595
65.40198200098294,33.52987432926779
69.9049746871899,34.8821765315827
78.23608278149473,42.475126878821655
61.88531833732028,32.29285638341146
66.92440949552606,37.63855193992123
71.15333490246259,26.98735499365587
68.06142644999052,37.96239404692135
72.03837217080232,39.520307121011825
73.28230264869315,36.60751111978042
73.12609600227529,41.83898742722023
68.04403958684048,43.27231055287966
68.16111052802722,38.047394408563136
79.21068196357496,30.079304729067136
69.70502282296826,32.524019476224616
66.91670379828396,28.787376348367346
62.28627382624409,33.10241080439067
69.0581973782539,44.69807935915236
72.18475969265904,34.371447979045875
68.43057888117923,38.460243834481616
78.82794289531287,33.01045494858497
64.46272098980748,42.74415439643653
68.8232232254205,40.14910188518194
70.1994039269506,34.40225990518759
76.0326186373743,38.39328002166539
77.28489037740904,49.41738289143248
71.72142905042257,30.423921599174612
70.38222658788588,33.81255492246279
75.3895356497591,39.79156598204291
71.59593509069852,33.76544903043971
63.6899178644876,35.612152905991486
69.3707377555845,41.66966867884754
80.04182999813607,28.33185144261683
75.24309683204923,27.913527813174387
77.5424866387707,38.24087209506993
74.05900782537176,33.008599028110176
68.04989847851114,36.597617797193344
72.47870349968318,37.89303765038195
79.03209625433036,26.79183132558463
68.21861470521422,38.64145952297626
65.35343150626117,37.018356592665654
73.29216045404134,35.34438889202644
79.7780600594834,35.898321732551295
73.52953242377896,40.11448109256167
71.95323609909127,37.97069312907668
74.9749721818074,42.768822362554275
72.59729194045973,38.36571276880839
66.99900664189161,47.682762891614196
74.00990331174631,34.49887592556946
70.37603746961864,42.156305051424084
76.1042323669189,37.67655325328582
69.25598362797287,39.172080858698166
69.32768394553624,40.477102101382556
80.85943144144821,35.69612273208028
70.73574183008986,32.303545106417054
73.4102033812592,34.09276124743585
79.69645832975004,32.92775991438103
72.91282904103485,32.63764193131207
72.36555117301765,30.41643512411904
74.3004870943391,32.33679751622614
75.51010935898735,33.9783680473734
80.55403455207758,37.66260457124891
80.7722039121763,31.974829785168954
67.86846153843379,35.94891654967949
69.55626754334145,42.46616816842028
75.7110245725633,34.5744297085145
82.31603106254249,36.19573252829607
72.57100067332667,41.57489768726573
65.35691909054118,46.37434737354796
81.66682118943787,27.979442850413044
75.5052598064054,42.06477321635849
77.8615325508863,40.004933266433376
70.18885575182395,29.67936817442606
76.06933018589666,44.51105906389188
68.28216236283427,35.32676913067293
75.68231960086668,41.39891464227973
82.60540645448634,32.6136894755105
74.14952944710832,44.04567793290009
78.4871678411324,37.842834766904865
84.49877393529093,40.785340146044504
68.68684563351817,40.09681221581973
74.02013193569167,31.519929743703493
74.02689294540251,33.684882132780295
71.82510237393248,38.74191127626929
80.57984352073227,38.05422879924729
78.05332828604669,46.37955802219147
77.77218015115517,43.4530497433118
74.89791483920656,48.89985608853152
81.91252759473517,39.47121071794368
75.79857452471293,41.77710419808095
81.09375802614066,35.093557845764416
76.90875134860845,41.68849049134922
75.32902726236323,41.76308994670747
73.15898639871182,40.2079888199315
74.54835187335662,31.56658809632306
76.57806796026549,43.90672208696747
79.22938074005141,41.00431341540434
80.10177887277888,34.431984357333334
77.04540846032046,45.04553454192606
72.03949074960045,41.80051523242022
74.25865622384023,39.89314120888721
77.2682047244409,38.72472312312514
75.10050175374829,39.14713985781905
82.52141840667181,42.88777087643524
80.50205717301618,42.452697782288396
78.40193916438034,35.849312694327594
79.48881996939112,41.79878040321864
75.98590547079618,36.12935035843541
72.34709660781442,43.18841621145002
70.73454538626268,43.6867390975235
82.29682884033971,40.10183734456214
73.80156195957197,38.39329666459548
82.878618118456,35.22824389835462
76.81287662569564,44.01922904471235
77.58995369893975,43.6232671148702
71.21589533678753,50.15417454841205
82.97390596416749,50.21837629372599
72.93091824770715,43.21170815916219
78.94675238050364,38.374009953234484
75.38849267380175,46.11691723827076
74.38329706784741,46.869573223948265
79.8790633991014,33.2119044493455
84.83240789098116,43.27515789601507
81.34627855054597,38.2941866361987
72.4666256731449,35.035764132857736
77.02669169109407,40.629181369780305
73.85225071190773,43.83193372510907
76.16625372049467,43.65084506686161
74.82687903588011,28.470516297493262
82.61320986015784,45.02298633505882
77.61502966899774,44.02358001973333
82.24623128731768,43.360806295399506
80.0689042792986,42.72010099096768
83.944508239421,45.153170950358486
75.44246648288231,49.716759805221066
78.04252720868756,39.19441400071116
73.57222950651757,38.065230546779325
80.32620414459831,41.89618642083075
70.77952608300808,44.89396647688556
72.90875005126117,40.89747765847774
66.58164939477372,48.520664595985565
71.04820804163894,45.713862915202924
74.80637056810228,42.577704111721054
74.90051137717779,47.523950316709175
74.2092817387727,37.45474598763658
74.96980146944051,41.66327654638622
76.98857070628033,44.95570221575416
75.29476118071926,42.5589667581533
80.96335356060824,44.94898289431459
77.87661514355352,48.329924884258
76.44085982620388,48.593213977810954
72.07987602564748,45.125462394320834
73.29338264197696,42.35072643786329
82.28147238706902,46.667349343092084
80.5793273518105,42.864446497175884
74.50907690089427,50.19116368982205
81.09588782431763,47.682571692749036
79.78856939113629,45.34307860472854
75.67567524239062,53.552949923149626
83.6683721393085,46.201028633345
80.31010589842383,49.26802244311252
78.05238963825923,43.15699741454979
78.08073796355238,47.20113693500121
75.45992487644385,51.35444488411904
78.23219308231566,47.67875271380429
80.27068432426343,47.573116145668855
77.12125440947919,46.78473097295388
80.4988816335435,41.03319913671856
78.51914881995745,41.27321513795498
79.31171816246263,44.82249392007955
80.97756241584908,47.11520525145196
74.38744995131573,47.66114917215132
73.21764288759114,44.080145312816015
77.81336418905238,52.5958282792693
82.23299261115417,51.025450896647435
74.03820311838292,48.44195830658089
78.84435100324723,47.39609025271498
71.4134208698002,49.40635876796841
71.41041924991654,51.504636171497914
72.02199923722077,47.36823268309439
82.0893483100768,47.402264469983315
79.86752322432025,41.81180331986266
84.91283143450093,47.3539671392208
78.22129212517251,47.718631117488144
78.72879228946286,51.218549497503226
76.90658464378907,54.875921067376865
85.93855011338638,49.57320338188803
73.60753537193075,53.22020872594696
77.14629543276546,51.964364840483974
80.56143127589193,44.71522650529747
79.6662432914885,53.56967816939293
75.94952581208797,52.90312701085713
77.7432009682706,49.2823159666808
76.76074301197531,56.386101784760726
83.17494382315653,54.81847953017846
78.75926532731859,48.1231463977193
71.5307990991187,50.78949518512758
74.54966178079552,48.98838219899968
82.13530083866051,47.77767362620795
76.03587815635844,51.651276624163536
73.24536488803423,52.61999094646566
81.34974714719918,51.5048237081686
72.96837734812014,54.72696853225262
71.05236688578711,52.051038987876176
74.91165159923547,55.22663329635838
77.20049143988707,48.07032015277853
75.89000153985118,50.070422522091306
77.92406897521327,54.60733749472287
72.93837180213808,53.98020020611182
67.32164175237293,54.39669367937949
78.3056692509093,46.60254030394365
70.77290713196022,52.56156288970896
72.52063759497184,55.7064815018688
79.01179145497068,48.154133348421055
72.44604525789184,49.25048195096075
76.94018550004893,53.15972064475667
64.22319403330462,51.59106654689187
75.43599061230474,57.507904533538635
64.43606494991931,52.8867407430314
75.54187380324245,54.01970392776405
81.60362754294655,56.16388468010522
74.13695636324888,55.15504523097505
70.61214977871789,56.98892102218487
75.91689761359842,46.44194511321665
72.43173170071717,56.46005263806221
71.23929081946984,53.12603273932786
76.21534513605248,53.89834166998969
82.00560101819809,58.12772416651853
68.39889896436358,57.1102541631237
73.46658948000227,66.92815290101598
73.85299845993701,61.55166864049755
75.69403832201812,53.31618913486426
75.11502416328511,49.642201670487594
70.84973310928841,57.47647420263642
77.3109999095497,57.16666685315331
81.30710761373115,61.059367285017764
70.24026761359526,59.09127082383724
69.11629705617248,60.80038270579438
74.28674497570627,51.61270317421573
78.58096918226738,58.93245352739073
74.21529369557018,51.499229437012346
79.54525497417046,57.022789139980524
76.22740450087407,50.691070926909674
71.99404442671391,63.964577928938915
71.9377066848628,49.3077856214301
66.02861327236246,54.68254663099847
74.3158388241968,58.6090995407823
73.29464594410777,57.52779764730421
78.86746658827855,59.95481012921657
71.23748009626809,59.15237259310835
70.17984517706135,54.39540054650186
65.71425150784364,52.25078103907696
70.66292734311207,68.59415472091987
76.92327534423966,60.506310185430294
72.40298227518181,58.769825693184
64.21403510339879,65.25638772753484
71.1968239019001,63.30146242259516
73.5113476711608,60.266903226282444
69.31265092322928,57.59509563776565
68.16625511012471,53.921545236268564
72.43092594432434,58.65101327083371
70.157363190238,63.01751831350575
76.52039153690183,61.962418245796776
68.62184706675717,51.757388917306024
67.64568310410534,46.51172150729079
73.92890895307822,65.02286051218444
75.09027764393782,58.77348179286298
64.05840290694294,57.15186334196467
66.19410462353322,57.492582075547084
78.69546475537501,54.42071503901448
72.68081681929507,65.0627311623961
71.05500507027274,66.94347769833426
68.70111962001849,54.34196547424598
79.22424561504499,50.7356339329068
69.80023807299354,55.95265179227514
74.26666171617862,61.59795423688021
70.66249806569122,56.78396582886299
69.86926946005272,56.86234278767755
72.90145733508457,63.4554517944555
71.58415299689821,61.10181829277874
72.60165936507693,56.010330002749456
67.87266026790356,61.047982854444946
66.8968401806198,62.39710851172798
74.33092617348726,57.273589844510546
68.32088138880451,65.36671773579434
68.24209422814943,61.75855930984504
67.91920698482605,62.70308599998059
66.61562254286157,68.288738664166
72.42548424015217,60.259568702961054
66.93176524335253,59.40689940671215
69.36594296325976,70.00096741672446
71.29264003041789,63.30054866235905
63.059928571003574,62.9076097211435
62.79503143502797,56.09084020688986
67.52175759927972,65.18055364764669
71.9945396054342,59.06899627800357
69.68678822826138,63.72260283965087
66.90940710364704,61.53067012173163
65.02853017359446,62.94264025810324
66.62817031493073,61.35522377789583
64.34977325657117,51.47673461425193
65.68587806185093,62.01550106432588
71.95482116702111,62.62798263467367
67.39502090038762,57.87751218223069
62.45363153288183,59.52765819055405
64.2628536701898,58.833228966344166
61.6945412128251,60.53640467008087
70.43991558900399,62.07213988655378
66.52509751224208,72.06386712393422
66.09967183923234,62.19378185775681
72.87124301680542,67.20218586412892
68.63987066895857,66.0292307454105
68.40338538357499,64.77730506801136
67.25220100966197,63.718107742878196
64.90102861689313,62.7632289744025
66.07229484157533,70.06355430721142
64.71312102664619,66.83261629011284
58.34563823247833,75.63179601445322
71.29050807921246,59.2443095557937
58.34604316415796,65.95766892448012
69.48921886141528,62.049196632915276
71.11518778018561,63.223371953064984
64.81980584983779,65.71355398849938
63.34588463149989,68.18252526653372
61.78005271568325,61.83177816496658
59.097755623377026,60.4556919545883
71.45466142305091,63.49798803361736
65.69453689684877,64.79347749370883
56.83521637216049,72.50237802413376
60.54990051102412,59.145238683118606
55.56644609867138,64.9190958874242
60.61668686341522,66.77551354866972
61.163808440430095,66.1205491410671
70.3974406479907,66.34151968034556
60.74539600343085,70.87664920869321
65.32504829740388,61.673733021312096
62.635682655587246,64.04064127292159
55.58588547619908,68.6412035470938
63.061810031289134,64.25478786356967
63.62101995767957,65.164405833534
62.64410511955935,68.5731789236075
66.20016257616952,68.00278614208098
64.49482207192132,65.63908581848641
61.24264490414286,66.32759994653779
70.35333816320556,62.971952270180296
68.0051259372387,68.37088856392243
64.69600840267903,76.37110036219751
58.48540756803377,68.31835172698193
65.8157237797493,66.38695659206599
61.482597962070066,70.96453657027287
55.87880804157017,68.59727445630824
61.03350014920975,71.29268910502975
56.09795882544152,65.60299614949416
56.21369393706513,73.22516674744232
57.233953286735165,68.72392168344597
64.31392699643358,71.95723176932998
61.39074918717219,66.71316646455763
59.944458197795335,68.0945641173509
57.11249175794663,61.38375761919035
58.333540491482836,66.34745325362078
63.70986830717455,65.05726365468587
56.730454912433416,76.27219752034596
64.82155965153409,63.542653482453694
55.64057783996575,69.1173692433705
55.87061223106639,66.87778077401569
54.38423320238369,63.0895702111721
60.88221548634727,67.39561246362607
52.19473982144603,67.44781326334069
66.63721117079004,64.46846375986527
50.01771146679849,66.99007349686308
61.573236780816615,77.986025159219
57.928449965098444,65.67739144159154
59.94906026903605,69.29821990162188
55.43035482005487,64.51777649846343
52.01123205418366,66.34769109939549
55.5199027667798,69.73218418557445
60.46320366771202,66.09987368138913
56.93244379679929,75.83069316043826
59.765276988249674,68.66900211649823
54.44000467186512,66.1590119876567
58.50071512878413,77.39265926213712
56.1586116063034,68.54182522474491
50.11819275973646,69.2130182761665
48.028786063606574,65.44906474760104
57.34426467974341,73.67806199613868
53.37055610813629,71.65605542790891
54.991736739844974,79.35215687705967
59.53825112988582,69.2423715851297
51.39722703669623,71.04444445257607
55.94004726354008,65.4505493583885
55.39295606781661,64.32440565603248
55.81656732018512,71.97225546872593
54.0441623949624,68.53246366795493
58.01166879880292,73.25003353604788
52.66027983744124,67.30355187253909
53.030991638004764,70.59495488819681
53.860254667741145,68.5203629298176
52.03334402892988,75.60512014154452
58.981464111740664,67.67825948503635
52.21816360614666,70.04429838045515
55.577009777755855,65.78743367548948
56.473503980314845,67.49275650724974
53.65288249651473,66.18896174039315
53.14664265706399,69.20126001618749
57.6133237074419,73.3301378021908
54.311304480789474,70.2458104515401
56.741822332490386,73.47784516452721
53.62212816535501,70.44477757081891
53.76703697758615,63.20592972703952
49.502776119270166,73.54607636380447
42.020054546273826,75.29095601917504
50.94157058784485,77.83154570516587
55.477622893374566,76.60022739794293
49.39772784510231,77.64605232939145
51.29718637704872,65.18133415337014
43.81810019744619,64.64959062827363
48.47836283070897,77.62895018090698
50.37457603081292,67.55958547983398
50.83058640187818,74.22596964252611
51.479423278841395,75.81706163716578
58.11571832512212,68.46164959368035
51.264236212203045,64.51023824118894
51.75437073669558,66.52396831179648
53.972262393616695,76.77448537842126
52.367657983832586,70.30880078034933
52.78375779100971,77.45802787468153
55.792948449516686,69.9362427636222
44.28009656642864,76.56122799764951
51.74779217441313,79.86854800652682
53.554125107598225,69.81655114831561
51.507811024138825,70.95422298417724
48.04740688476816,68.35902509005867
46.406444426433545,71.8033324219702
43.60429226321755,70.05367562919366
47.7385251939811,74.35387648005648
52.136425426182875,62.87201499764376
41.980098833801605,78.2567945701944
39.45843976735787,68.44827920042933
46.947551389270494,66.55949173264892
48.289569357822145,64.4666634727074
47.3845706029394,78.26380320537177
43.61482751469037,58.52743529414413
42.987862604441034,71.66064909927223
51.87224199900058,80.16810571393255
48.34231545420182,72.59562712618414
53.53651597227951,71.75391468273968
47.59594155199962,77.30610810671253
52.976004091611536,78.93716206505374
46.8785459135902,66.93178171269774
40.16936142930325,74.60169282613231
47.25724908850256,67.97226947783447
44.006860982560084,77.41785439604902
43.40159759064251,72.77311540941818
45.13309202770842,76.28502272489868
43.22345160664601,73.15377801430255
40.10738833000176,69.47144775080763
40.66432975580282,68.20767287329772
43.87864771333838,73.5829904361699
40.49146566989087,76.76062292946851
40.18414188065346,68.74579187869904
45.78168318232854,71.45973706643086
45.77579064421234,70.58132628516466
44.22141322405859,64.18557879274601
45.79906578269104,66.39967441514543
49.41253944674703,73.91700438522905
40.006327153515095,68.12826189925296
35.257745591932334,65.56015871466525
44.66677957932651,68.90384973407271
44.47639798068249,77.86565816468865
50.583898530341635,66.52605780068419
42.201990931022124,71.3764373753339
46.13933832329407,65.80158571447886
39.40704600697587,78.32683524668936
39.42957429481772,70.85658673204009
42.57249174515764,67.44152636912517
39.756235604836874,68.02959310583651
50.97843585100577,64.15093016678019
41.4123276551405,68.9579538837857
45.087691056916555,77.63501373765895
43.84340719794416,68.76384519095251
39.11320471181326,76.71763399817891
36.74305562903699,68.29952774401782
34.14599946411081,72.15186262867057
41.617300872667684,80.23123232214996
46.45544031685001,71.63797557391061
38.99972736897216,73.61498706778377
42.104838361426154,64.76988533568745
48.35875467649076,67.91279423101871
41.92540080920168,70.49653518740631
38.420253294651694,69.07488699433134
33.08728531343503,75.08499129192502
46.18548215308007,72.49411580125562
36.14174414777145,69.58920905322482
47.84030754104406,73.41923006478537
47.73459928210915,69.95811854708028
43.17822326708506,77.32776910115595
43.58935163760098,74.90293160486802
45.77902744088355,65.99147671632299
40.4101639633444,71.8839758984973
39.75253165148942,80.67351508365543
40.56739899352634,71.64652720911182
37.63595125401062,71.53563712752825
36.22481975623932,72.8716150980664
38.00094971371166,75.64387503851727
32.94372479522912,62.98938309008559
35.08407920943905,68.97811988359855
42.53609286180869,74.61931510536218
34.81586886697006,73.21985534749184
40.48329631832822,74.18376264546549
43.880914487037145,71.59978599613845
33.43830023335396,79.191396702183
36.99126001816728,74.75619408507137
37.41780935301088,73.21150384130098
40.32481103394108,66.53232779838837
36.86854818368678,71.96402779528711
41.13814545183172,71.870497724681
29.333689600962394,72.02028589090587
34.493679713232304,71.51488858058329
36.476990792353355,60.695264354645765
35.02261184666868,64.71339902101458
44.533552262671535,72.14908158149544
37.82394992931898,78.3517433841152
34.92790974203264,66.24257155927378
37.528591099643464,67.35877175132893
35.50237754936272,63.47862976869301
28.186943618751428,72.9594302976419
35.898245203980345,66.35209462423278
36.58666725473604,71.89869064591181
38.588934179459265,65.47971823781721
37.77118384151795,67.55519233301214
35.23322519003699,70.57330544458293
31.34003156243076,69.04728153366942
32.63347855279812,67.72773936157226
31.71213277491843,65.52309032428008
38.704106917828206,67.28227125016514
35.07148120967849,69.08451539495982
32.223678951551264,67.37538161669177
33.628908024340674,72.70999365735646
42.178052759291745,67.97563088246977
35.28051674406257,74.43373695015448
28.934789880962036,69.04608376021271
31.52057982102813,63.6382904980421
37.19961425161257,65.54637777346989
37.702926626495326,75.01968349840281
31.767045669078335,71.21593501015542
31.540627212086072,66.77574195440206
37.612376050920055,74.15764335168626
32.62454485105975,70.20937758283748
39.021962262350435,70.37216889068834
31.61570821929836,62.725735196520574
30.702240768108854,73.28639487163636
40.292298408975064,69.05534212422856
34.94348400053279,65.28063584743992
37.704630627520324,67.5769165837918
33.28046948804224,66.5060721086231
38.408107809959056,74.95212834294229
40.692562408847635,69.8172826970962
35.222151030388154,65.16390452801107
37.162014371478044,65.45880074372462
37.23113928952733,66.37548465178058
26.944326281714183,63.80628673669435
32.09395007170727,70.6311696336897
31.122126946687782,77.0645889814484
26.955204895034083,71.45861074190822
29.125280194793252,67.84643075401695
31.519394831765922,65.54080351490751
33.72136966706885,67.43709952284318
32.2605516295386,67.66233824594646
32.26976514261475,68.94419063192697
28.549039785573772,70.53014547890402
31.238046648194427,70.9722111860853
33.37539000749981,69.19016435972674
28.441536341887677,72.3311484420862
28.240247662945606,69.1226789438095
31.29876134027934,61.19947445165766
31.74148337579213,58.321055438292426
34.96340013218809,64.55654556234656
29.855473625048003,66.81705309997942
35.609201091502925,70.81311768584506
35.16520238252319,71.80907368512273
28.527621252397953,58.936259155499165
24.166950856581195,62.98381246879371
34.78980904042946,70.29989004808589
36.98061071770868,62.727592987089466
26.24839848982581,65.2885277044895
31.773185736389788,64.08867019835618
27.83558480113436,72.34008196517128
21.083983081774825,60.366990816851185
32.859796492005195,60.598510392651974
43.94986889995906,56.432372060159665
26.74169539522162,66.39588893577078
36.68486570519493,65.98026504776183
29.390047001244074,60.84193055398345
25.219648510483786,60.8763693477335
29.5879766427978,63.86403575873608
36.92372225704284,61.907264646021574
32.97234310754482,61.9730714621858
40.91862125704729,55.486449017584164
39.53166067946256,65.05862026727989
36.59918155504688,64.88823134399496
37.17859481132196,69.7300058594213
36.22760333766845,61.29301950659713
34.42470238959886,66.11651821231315
35.50036996030768,61.81646373223293
35.25770284288919,66.29668327950216
37.985300130976775,74.42207311292185
35.12033513547602,69.52411604888752
41.36163644628721,68.35318677191299
32.87527829286679,63.74254965040186
38.19425397564962,69.94211603461258
38.0422983111957,63.77092079091324
38.043130875931546,69.34698739641512
42.33978872365688,64.95067757560693
37.13479357716601,59.92002804502943
38.42959988928361,64.19362229967034
39.32943267313785,69.18147416572882
34.31186184712317,66.83925380121563
33.10483477514915,70.53706011872755
42.18730786071408,72.99290384355864
39.75289070072701,69.79773360332796
30.60418945976137,57.43793545379535
32.73635372116468,69.21918165488421
36.3336403800267,65.18239825837482
41.297607809534306,63.19443217026822
36.99593563289209,64.37627026151867
34.810684327474775,70.08679802489124
42.1747329736076,64.3654022039467
43.696201877269445,67.20783451136698
40.592562729764055,66.79696285016536
38.348358414151946,63.88507849836258
40.62776764412987,61.88950793009171
41.60305641837465,62.3580649303388
36.925970667607736,67.46053940809696
42.77054250676176,68.89682015430662
39.52593034102241,62.69157708488863
37.0311342006642,66.71071715031454
36.0196946883145,72.14942155426516
43.362970225850376,63.954950548781724
40.67694007326915,62.8717592109791
36.73274356654371,68.97422404211251
40.5820297685533,65.43345697182778
37.24268715487861,63.418948465617696
33.874053327793995,65.94806288545199
34.50190588053128,64.85457180226017
41.99003214632691,70.01662244753932
41.02298698952438,65.0016155935759
33.256260389707506,68.13654017034581
41.84043179981494,60.634510803570755
40.78560431067058,68.26164093595396
38.784596746052316,67.27411801611947
38.10165219945424,64.29494052140991
36.77407246228037,69.62957586723333
35.28483324119261,61.39558054092869
41.33434855316833,63.64175646711036
40.03365210755306,72.72018009826093
38.13547971111635,62.441423628630254
34.9931871648859,66.14250911690762
40.63812074044706,69.80858706906778
33.611003813721425,68.26729411926293
32.74930322787057,66.50214848348543
39.57274070124913,67.58241174867966
35.92310045970333,62.276874491253196
32.87053347649824,65.54097990440206
38.61213426708086,60.85227406226899
36.9295386247014,64.44410387704741
38.8113713172139,63.93591081967217
33.114599815460444,67.11581702151983
36.82340374476799,64.8790940342058
36.10913128953963,67.4872375624304
39.32569092028653,66.97051779671496
29.475293921816984,60.69132022457777
34.53816466747114,61.78599021443905
40.266223451207445,71.80203490668526
44.130850998155616,62.97955796403804
34.765113962591336,62.24644603889689
39.977122180199075,69.07929458083954
34.87103802323946,65.49805198820839
36.813107308417855,66.20499824098167
37.070343412446434,66.48149898023655
31.58991895312488,62.753327890003284
36.514229478714725,70.2853931514837
40.082809587447514,74.6043789589807
34.56603451478523,66.58458221830404
41.040683781043874,66.72592623142458
41.11047023950997,69.98333610424173
43.40013699349576,64.49450181621486
31.671708388506786,67.75868912424774
35.25997676306513,73.00585559258288
38.41040576688864,66.60123815812476
39.536228814295065,68.99040167677137
36.565000533950865,62.74840823187805
36.28643788830063,72.7931114482015
42.82885950962327,59.076193797345596
38.607587689422644,66.22434046851446
35.78890053437319,66.17075888187931
34.33930705142265,71.28930879909745
43.89164835663881,64.7912124876327
40.5018743451152,65.84632265804004
35.940185998956565,64.06627983623059
31.694154922193178,59.40918238420031
38.808773029537655,65.73117651975703
37.375846196334976,67.62925881622158
35.862220756988684,65.98530927315183
34.33007618787457,63.484405011406956
42.47416019466073,69.77442050300155
36.13778575633406,64.70627561657527
36.446695355531816,69.87823119465078
33.800374322125485,65.53875257532769
42.956383896107525,69.77597717300405
38.92080380253868,67.18063354850402
42.290369760538375,70.56395425965326
36.1841575105392,61.65601488858986
35.64153687614989,68.08801191663287
32.86576098234103,56.688007288428466
31.611691861602644,65.22128900312335
43.62121659149619,68.54428209673831
41.31788293883817,69.73816286665107
40.33717827048444,69.69853820075289
40.69893439436519,67.81377834438001
35.17958705028243,70.20324004831427
37.971919613560175,64.08975464682696
42.61657643832779,67.04251243085906
39.04147758888174,69.71012145017035
33.104926781818506,67.15580137459575
40.308792859944326,62.97507630358696
37.470153816014175,66.81968449494414
37.12680128138269,60.62976484361735
36.26759694891423,67.60671841814438
40.07374451798889,61.622617781393856
40.47318832414893,66.9043905444548
39.212373383932835,68.33621295377124
33.23225386080104,61.02678303616068
32.82317317262387,66.7931437023381
39.5378427799189,68.54041039077298
39.560488594180306,68.43498053119839
39.46131878014222,60.53431716856268
39.278785006602845,63.82038701760679
36.909781407302034,60.505972304353115
37.46663452512298,65.18146934181644
43.037280614018215,64.06830926410694
40.731963488073895,67.0914140594269
42.98862131047096,59.73571880479993
38.74858286362662,64.14589468461416
41.35260723747199,60.47196912285337
39.578538505021385,61.16376767699571
37.19397453944232,64.5793963401086
40.366657502432524,66.9577077044486
37.257903561441196,62.66335852375124
40.54948589007464,57.75279155983254
37.776216242795634,70.65848333953608
34.973443557498975,72.8139493489013
39.252828257557226,71.67718439633528
42.43498187797629,68.72296993550478
31.298218518615574,63.318376322987795
40.46264002342994,61.83011811128631
41.300412406295784,66.50767895483254
35.549489863809356,75.06735400250149
30.157415210558025,65.46165657648307
38.1896325092888,72.66473338302384
39.36355112055121,68.7976573960473
35.27788104173886,69.14745728466298
41.152581474338334,70.613093574785
38.98374722790687,64.68551063768746
42.65667934734564,64.58075391611543
32.09506891350453,63.07214827615092
39.537237965149345,64.28130237051171
30.19567980894261,60.8140973454168
37.12620078324632,76.15933638486862
39.35248758732352,67.26817373203613
38.94743864509157,68.67378065591485
38.43538234520772,70.99908566268347
42.689878391780276,65.20614502265032
40.647320881875125,62.94916096340964
37.183441601740306,61.07814338297563
35.571264530260954,69.56597439635267
46.10929006755583,66.83392319323845
42.873025088862555,68.99912575797536
38.18294905513161,67.1549810383289
43.9984332588239,68.54624004183216
37.98086555503415,68.236295298541
35.92337199535444,70.28712683242178
36.51105663436686,64.52284852490861
46.57554321037865,62.59960840479215
40.79487901531352,65.59385515391553
38.681794737210254,62.78556082313865
43.398015353720936,62.19575480933203
35.99914498302752,71.27853971822272
38.716140863658794,67.80388908765222
33.761224691823024,70.16274291664233
35.34792604706138,66.94780414360186
32.062255946586255,63.651320422385226
40.008114887892845,63.63608270929939
40.28152135601106,64.60157578009962
40.50532644265646,68.68366951855892
36.801043556891265,63.59908483646302
37.18653330900003,62.63407032236203
40.73908391178562,70.57954714366973
38.606898227627376,68.53058016714238
31.014823988409013,63.292035745650374
43.04224847635844,62.802852189072084
38.745836656542714,63.08203685507739
42.47479780813489,60.28061822891204
40.61329440254463,66.26521060755803
38.75910953387386,72.23437845941237
45.907975540751835,60.92669930650312
44.41166223717891,70.78944642927934
38.86700160981877,66.16785085903366
44.00174403287717,64.62607570251973
37.41987306616439,61.80934484469531
42.713329402731944,69.51742816603712
39.90844408395468,63.61003321746688
33.75936203358127,58.204934098630396
38.31285715559518,69.54626956424762
40.79412328288679,67.48692661229705
40.437538354963124,67.60613255587741
38.54100336931241,73.85431293777116
40.3079867583653,65.82644780788237
37.75000376308223,75.57519613810479
32.357628582964246,66.3585310655293
35.22746463029952,66.16365125200045
36.24334432881288,65.87106166880149
37.70119736773566,63.60763121163821
37.967758833529466,70.16203995760132
39.17682436919574,61.679931167631445
34.266461582154506,67.33659133733312
45.874735271304786,58.00442484480667
38.24856507165135,66.97411146002533
29.716280603342554,69.69657881349548
42.824468426840994,68.16744676626627
33.60236918224435,67.60893976720612
38.603549580915,63.86615648026455
37.156752593828124,69.41365272697944
45.51778694149856,63.793394748215064
42.54003164186238,66.10781083257478
33.388416911090275,64.35193401787987
35.265707130341305,58.75491855719114
39.187250504783535,65.82337923399102
44.25044823893463,67.09139675710361
37.06622853886297,70.3116400952425
29.518808905262457,62.63274217383188
37.93089665034313,67.35356589338488
43.30043805464997,67.78599902899725
41.95476746310445,65.14400406035827
36.43739467326669,73.38668653768772
40.50907537341734,70.93073431547899
30.76742664149039,66.10042137468473
37.05911611351274,69.16489832050256
37.17582573590627,66.4217681026843
37.89837995234766,71.12258026672407
39.26811263714309,72.24125340770229
39.810021062153304,69.038873622019
32.60714644005821,64.34630239232146
40.53664216891132,67.91028574302368
39.491345947366014,63.483553799789036
39.65144057942447,68.65190134301986
33.5331140034956,62.38069835661748
40.69095678826139,65.73102046062783
38.776800341938106,69.30104485624216
37.086475526522406,66.53814177374717
37.87252125533427,70.83217053695076
38.17295456993911,67.0931124644657
35.57843233174946,60.136373716556676
37.46758996364674,67.54475937568108
42.813770126303886,60.47100895332285
36.80892827646756,64.83707288750232
39.31542959709441,69.69604759575495
42.36014801999606,66.40949013157164
33.684735143370624,60.535024213083744
37.819130419877276,68.7140880621936
43.3718140023207,64.67357506803671
38.84232690107284,68.61192600403196
36.15020386447879,64.95227353667325
35.886623724127915,67.07166590933646
38.67798417785787,73.60610856675203
39.480803013125886,66.73961679435936
37.492444433191416,64.14469580070785
35.57094545663031,68.61233708378171
34.985383466451616,65.87811592096888
41.60116446169387,66.99393895030728
41.306564743741895,64.0038283823939
36.21210227105896,64.40022838494151
44.390676400521826,65.37515093266254
40.752856471778905,66.22689320941996
38.401082137295205,68.03560890121226
36.924432235965085,64.26550293142398
31.533694272985343,67.77203733585472
37.2900108247693,61.824974506680206
44.350690792621315,66.67725572844742
43.38674027353219,68.60495593674338
37.43390419543514,69.01128105393101
37.40428075265704,67.20174439496722
34.83368613591892,65.82871466397592
36.13636245211759,62.295072120659405
34.422725652156345,59.86341781568688
38.518956577221076,67.64243217377351
37.04463330310115,60.99120873325986
42.188321584384106,66.35828561111354
36.081573685938956,60.878008477412614
39.9769820931194,68.10975473232055
36.96466567481934,69.64163431611698
37.85657776860191,63.26927183370224
39.65231707455276,68.42067719046544
37.240572729706585,69.70776387427479
36.811037312245084,61.461335883584574
42.57320443663624,62.11685556461128
37.876344266235414,65.0451887490773
36.68285632732438,64.22498280737956
41.92501762243661,72.06463429922051
39.04576684718843,65.87784394919476
37.318878467975,68.38456326384195
33.50156785720485,67.27719494491296
41.766151081037705,67.16121636091474
38.13316050088935,64.05529491563271
36.15074125451817,65.7272089768015
37.13880142015902,66.71857389703548
42.12058760846382,63.51246098662693
36.20152653909648,61.18864700016012
35.33302946810919,69.62563594811799
41.16751170389214,71.76300177752057
34.48902274603539,72.638489956482
40.85282219792494,61.69406148699659
35.35173221396111,61.38320124178837
47.11913436418253,67.5194400126859
39.780823415032714,59.39651698656605
38.75306049620112,64.05191730144983
40.811855457847166,61.941379277736175
40.98853772612168,63.3780766920367
38.57155252599353,68.6067458779381
38.202360900928745,66.89418824286085
34.894451610707236,68.97292281924004
39.11433443337517,66.12113474692705
36.9735205583292,63.2519906812952
35.792975075465385,64.35532875748636
41.67074941481159,69.52845888933399
35.0082325896701,67.47545340508671
39.594583796795945,66.01228851037791
39.612759835720865,63.92110536191281
36.82965127637307,64.43015441976894
44.14630184606472,68.42289781605581
37.10161070944096,67.78688082844036
41.81391572032717,67.59487643257972
33.97551793489406,66.01825092717611
40.13309491163837,69.28809004176996
39.01185015039774,65.60752546249321
35.91782700058414,68.67337143530047
32.886837667639796,71.6537255121583
39.267996588917526,67.01992035347212
36.16206458307206,61.01189962009033
45.38923263116357,62.40276543791253
41.475506466930035,73.40269998029572
35.83136671870201,66.98615139412188
39.372362812174046,74.42608168892343
43.43556302482491,67.11693896665099
36.11433656487435,74.2044059911387
39.87865786561709,62.415361116426396
32.639130074507676,70.5775773638473
36.22882583517919,62.685521467835116
36.3830079560562,67.96907617658665
39.13321632897856,65.75922933391618
36.758901728208194,72.75401770133313
37.1938526840033,70.8874154939274
40.40788421911577,71.34152170220705
38.744471085782216,69.5060051188744
35.07009029440933,64.60974595278572
38.13493533729419,64.65255271601984
32.01085842011766,67.32895351382169
37.597972423293264,72.42006742139372
40.26468703505542,65.20384158705954
39.017850612899984,69.54346448845956
40.22490802659614,63.25398972690833
35.392605902237705,62.17527970830283
40.31894117856681,65.80597828143974
35.00492089043868,66.51805803137495
42.215244520491126,67.67228307895641
41.82090737417569,69.51588583982912
38.0980741627849,63.272216928584
40.903577969629275,69.05699292021164
40.55890219490449,69.04205139730334
42.05806538868483,69.34977353690309
42.109237586043015,72.74173885157599
33.80916765302544,64.33243438597081
36.98045286765838,65.35487903491607
38.9626958520881,65.557624991224
34.50825033852019,66.61259090600191
41.3266994246009,72.51635143496287
34.778086674814304,66.29523397817198
45.154125097879906,74.5620469977129
40.004256602904064,63.4303457685046
41.77904574235331,64.32113844692617
40.8885198917004,66.92230967922585
34.96645701794721,64.3242961471482
34.15998100388915,67.25160119274722
32.283271546967754,58.492848822467735
36.176482774379295,63.4100523046423
37.42813318699373,62.978578345831814
34.51095560244889,64.845884969762
40.003307637125864,66.18119370779257
35.18195669152326,67.74859759454093
41.073170862734095,65.75485548552462
38.19174197908537,69.09933462152901
35.7115668854391,68.53651331569876
39.11640038801181,64.82656316594554
38.557509732089244,68.05450663258516
36.490302177294616,67.24370222854232
41.503891607241016,65.75349090043213
38.02939152111897,62.83978927881318
38.88051602773743,67.38734303027466
36.80904168928901,65.76040191645033
33.67024972966461,65.61712909595832
38.62494281334099,63.12021418302367
35.625199853131264,61.45478706087279
35.39649807978426,63.984972499426675
36.11634717949325,64.2912540181059
46.236690702695704,64.2219468386943
36.909399805897856,68.49552346276396
42.41545152721264,69.93581628221725
33.80030246496761,61.07409009418903
34.65958599056156,58.53007079057822
43.8121426919967,65.89983617703261
40.304142381457275,61.117768271882525
41.30369158246991,66.81647061246223
42.28442614394061,59.60995574659105
44.86755948082191,62.19586505205067
41.80396536607625,68.82644057534516
44.56049775110009,63.5652516686887
38.96288705299647,64.1047288567857
38.24484062103635,67.57548883559792
38.78124089524592,64.85352003349193
36.230230230278224,64.88372816744032
40.3099646320261,67.8764157466646
38.91004937451716,69.59255489492158
40.80114579169955,64.46875579464619
38.38302404942414,64.72170414826083
41.5590414724534,64.75283044413216
38.79371602037799,65.99679101115979
38.08802856798375,66.44352998648998
37.567594519978314,66.31030990294842
36.71520405142734,59.98581556958466
38.882899353226506,64.11170766518579
34.60229812866828,68.62627687524812
42.889580853031305,67.96023726056836
39.73332882426482,65.62406986939006
33.29608273389594,63.993497409248086
41.26575325456803,64.11940292099891
40.81151905966989,62.14827352691773
41.23008870985257,65.96310742405728
37.65312807796486,67.73227095078036
41.122406074648595,62.893439616733
34.389453725469096,66.13034470137097
41.54476505554422,71.15817445812127
34.2121799881279,68.93244365741579
46.842320879388126,70.51400962011837
40.022831089142684,62.145548443744886
41.08243684714609,70.83250033241652
36.64655778605731,65.21620666738937
39.6869796540582,59.88245940271636
32.492540806844396,68.45607896642346
35.12396345024926,65.4452982026898
34.494425303740506,62.49163307702192
34.66018760759619,66.20852653260694
39.37506592772383,65.0081998809657
40.92228624892193,63.347334919094926
32.801927429486355,58.69702090882012
44.69633056048773,61.445033212816924
38.085218658571314,67.45558192580603
36.217565553467104,67.22623902879437
39.3494848420042,65.573896600019
40.84205261276326,64.10929663886233
40.74086346320163,74.17289608226663
39.27845753556439,62.92728821206655
34.834051367622564,64.83176281977494
36.56033190490292,65.79673582324945
42.07576352158815,71.80761995636786
37.71252494892948,63.32558120981597
38.26811947376989,68.10605415688157
36.50561006403235,63.47701284927651
35.02608778703089,67.08697493981326
42.58693198959889,63.324737218983365
38.646721309744926,63.13533443489806
39.62615346876739,68.71934480494994
41.3797411162265,63.443954698370234
35.448765422963056,58.99687206228835
39.10925498480897,62.40196179918872
37.48272980323912,65.22220601928323
39.914711806469434,65.09818563630486
35.72192366488235,66.50953504250423
36.09783350028259,63.98361251829767
36.56969392038,63.98601438047393
37.88673841508665,63.557391329243146
31.030502228052555,73.48868839314478
38.72727873414066,68.69134138882384
30.11105242001362,68.83266324725122
35.1389778480644,73.19977889619953
32.478141907588444,62.14918012190849
35.71891592571435,77.5530648601724
41.52863263030818,64.05726771248996
36.804587968318025,66.49160568613168
36.556171883753535,63.65150255051468
40.130105504124934,68.1181847938415
39.71421810556779,68.55824966660485
38.49711000329997,65.35598655453735
43.63230512418674,65.24354644586009
37.90262755321877,71.45035026871281
36.07091795861569,63.22297361035829
32.50717886031034,63.06557507062079
43.731629398866964,60.86042577960667
36.92754070009522,68.41520137764262
35.67614599441701,70.6478331256874
29.806272671957604,66.5040286287945
40.30305319872388,62.68232471253521
41.69618661467173,60.375040898004514
40.806000445057656,65.65764202169636
43.14949401500153,65.26522105733775
39.62145610317326,64.8866224159495
41.34337203500307,64.69982820821578
34.14064260487199,71.07117269814057
36.914237371704466,62.76640404390397
37.15367915553465,70.97060696854223
40.65932586875178,67.09019459532624
40.2949676997844,74.33861690912532
34.63519222389248,69.20242890775144
32.89768241027976,68.01317634432515
36.81533566195992,70.19474547158468
33.27082687597295,65.77900222400184
38.78075314480233,67.38233932017893
37.860166630668516,67.08748024855156
35.94110468778641,69.2069566210513
35.33750036411391,66.50752300287819
40.27020138305241,68.86096811725253
39.51907469963224,61.24458567359884
38.434768239836345,62.88711118466522
35.99321803297656,69.48451410755088
38.54317694356147,67.27861838444142
45.712853197752366,59.50321260838006
34.170750123563806,66.29765986793775
40.824608702734224,73.27241642623012
40.53214440492572,69.22231307916731
38.7791842526492,64.96043240132775
35.203808750226294,67.87168670684773
38.34464077857434,65.77129706484901
32.97650312309441,66.492793886778
39.244478658579006,69.31802919884574
32.84655529791075,67.3654105675054
36.76633440579039,63.03692808957311
40.41297173202714,68.15770830154672
40.87292566907539,65.56420660342953
42.75850272967324,72.87652287217077
31.750618269241933,63.6896695315464
41.405991401140994,66.88662068081076
41.813682466055155,70.7478495618745
38.363629365772525,66.09648353140939
37.983636998517554,69.77584105617625
39.20860094400375,63.77817660291307
38.98577608176781,63.72380412512175
37.50627227951194,65.3281544504389
40.49186766457987,61.42634124671431
37.967241556884424,64.30606987546693
40.64387922985138,62.99130280820805
36.730611731331145,62.82982492680586
33.031941795136156,68.48673833273452
39.705948361491245,64.86222544233347
39.37883193407693,60.734308309836955
39.33373015694571,65.54772244143697
38.79311405896553,60.55809084837253
33.13279039094201,62.907958065349554
42.08905142670917,63.815645370319544
35.782874934316546,67.07967077189589
41.29856428341796,65.35135891702586
40.59155292926475,69.77805504659929
39.68810002014286,70.15896751083356
40.887206562939326,66.66271321051092
38.65244507360653,64.79978784846496
34.705806630124314,70.66636818729826
37.87514523684872,63.70984633467333
37.34292016126772,64.80609911321451
41.85189359460489,59.94847741195581
38.78859674530229,66.11194500487822
40.654210158346324,69.63913651211375
39.49372286993641,61.90895813523938
41.93329039618384,69.35917612841943
34.91124961251285,70.73455238749415
40.13001865968061,66.67629722602094
38.250282170330294,66.19998355076699
37.34977988388832,66.66451203260316
43.57785574905728,68.46343238794928
38.73149809095786,58.74852075291367
34.58151404560236,69.13511396754018
39.696268684488814,66.67571398494866
35.92245187081617,66.43882338602175
34.98246557268072,72.52179741590514
38.46869727204022,73.70691739338743
35.86567043399302,68.8296507616767
42.99575996479965,67.74864299201137
37.89601698262491,59.986087470652365
41.280964428056926,69.24270896494974
33.01542944755622,63.33380881249667
32.75989027534747,68.04903092237122
35.72586986507995,64.47391204141714
37.93824961824319,69.43627192798907
31.993836901573395,65.54929193842283
36.0608737287713,61.49560482084578
37.41660417697193,65.03483988497173
43.150614971959655,61.02842666801891
39.53939285875258,61.18837471127469
34.45814144577661,66.45713496937095
36.53784343064173,60.96118223337858
38.731645106087164,58.19560485763585
35.32224703858278,65.13768615431923
38.01111786496446,64.92248069418643
35.513501096310264,66.37574552047045
39.36078543154594,66.90233519297215
34.93371541007547,68.69586526146713
42.18543336864714,66.90467426667999
44.305139846124774,67.11182207730961
40.36977557756242,58.99364816242312
40.87507917191637,65.55450919314784
42.15881324820856,68.17719958194526
37.05858145619345,64.24824047344565
33.64993226843461,64.90357940550733
33.178117977382435,62.06924434584947
37.130427638444054,67.3313552558011
34.92095354587328,66.76701833741375
30.020825227518728,61.92825919647985
30.732048144671346,63.611994235054674
35.63070185900793,64.72766190498068
32.89205066177527,63.733773581695836
39.51927969612223,68.76390217362483
40.55298335865672,67.3753783844109
42.3635692048631,69.83698251580378
45.15199167597667,70.65434901205192
34.254355614148224,58.52716669684504
32.943659030205936,69.10236196591549
40.322018491504124,67.52939655915996
40.40141152010344,66.49496084276963
34.883090517670574,65.11305296643556
36.08973572836897,65.53349250591711
42.52279702250454,70.86436433594207
42.35619242973965,65.91378882073985
40.791299198758814,68.13524639400018
39.68937332356314,68.48576906914352
33.9682374033075,64.60590725481266
32.43911773278559,65.1886481001229
37.77267515301791,64.64083887439203
37.74136832151612,63.736467167720434
38.96802898329115,68.36788023741133
42.545474612334814,68.45211846735265
34.17612959231797,66.48886746251794
37.1948306398718,67.12254336667012
40.52609725500998,68.9932289496673
36.93223899311768,68.55960249227839
36.56397203894367,66.14256090897273
40.123032524869856,69.50798160514135
41.1297586566139,66.02249588876893
36.50722318296599,59.676724992878086
37.21058205676516,65.27141801542096
40.866840849343205,69.93847887373481
41.80370066569909,64.77683016032793
32.69927524572525,64.30022863993864
31.519436824749036,58.65469178979998
39.80166035008883,65.73107033510054
35.7224220505273,66.75922007612941
33.739948221753195,63.89429176318169
40.46443218995713,65.40182568988315
38.05212271641946,66.49348423411978
39.674968911695466,66.63306676168399
38.45970563091317,67.66318990938699
43.070289048015056,68.88258798407524
37.212033622351,66.11677924228066
31.76094067331484,70.37361953999502
40.027701742188334,68.04681364024457
41.06574133284365,64.0167630329693
39.27379337616087,71.63956636712463
41.69206142691796,66.15248255576458
41.74833211762527,64.79238555240792
39.55161043225606,67.4049449109621
39.415406554474096,68.79203973627399
35.800166871738185,66.01545523033958
39.83594776859226,68.45200561713362
36.30867653507283,62.30068173794177
39.22335905381756,62.129614040805876
38.464293325246615,70.99627994315223
42.59945092898366,69.95248126377075
38.67417357498322,65.020388081599
40.727516906458696,65.6896170395631
32.00201217999504,62.66034524373264
40.488035582393096,64.71919074966773
32.761215206258555,62.68017745037306
37.9197995554402,68.92730563738345
34.58737184173369,66.8046640997531
34.63096485927586,67.67466057145413
35.40608404409406,68.53291675823097
39.871525040045185,65.7163529477717
38.88626997450926,69.25632207681903
39.81320403634255,61.76235705249759
41.99400330859756,65.63755069072386
42.42469382685281,57.573661487332004
41.75153167412511,62.534825893478676
40.59945442757089,68.91826250727001
34.35530030721829,69.30476926692519
40.12871243132113,70.01528347162883
43.18274878260482,57.76802921914051
36.332036358084856,67.24853118534932
40.43583899141136,67.32257062110756
38.912297753078164,61.65902171722921
39.58501521887416,62.603986691439566
36.522632737328685,65.27974504006568
37.533377611169975,65.70953656090228
39.43935638862745,64.36062431619835
43.7446075198235,63.493554474457206
34.403806968418024,67.55829226475889
33.41215351835814,63.40481170085042
38.53413612343612,67.50845828429783
38.83388077417722,60.291367519969995
37.07130439807744,66.53644859994395
44.436557986017654,75.99083517679468
33.14791958307804,68.58612011095886
39.19031586226376,65.2174256043913
40.06209196744612,73.58813562361657
41.337329555476174,60.461745357725675
42.17802251325146,67.89393227762392
36.53481832727466,64.72280100529541
35.50283666775575,70.10553930367861
39.72788764263696,59.31698211067157
40.57407033598656,60.73937090531804
39.641148472247615,56.33226442065349
36.38642339064554,66.10104917301958
39.79616327901763,63.92971751813987
42.48052837118907,71.15968638198645
38.013362543873185,63.698561636564385
37.23295147826669,64.45066563907127
35.83287896960491,63.1973970105564
32.39969313340684,68.93300840094633
38.87637369878516,70.86102141650876
45.811856648030925,66.5127859096024
41.209447335118284,68.68558650858552
37.81435982774961,65.9296755875945
36.750066831238456,72.5720495289871
37.46563458706438,67.47488914222075
34.784692632313536,66.04362489948414
35.682783999451026,64.60584176928805
36.0458368946032,71.03309124449503
34.96199369311188,67.91375473027279
42.42868196623362,67.6479411563701
38.8369225884334,65.64889450756591
41.27809673939638,64.18891209150249
45.14264884087206,61.86363166843134
36.631264703707856,72.9777417866713
35.71692211958369,63.07184972707555
35.3571061232764,58.843325485223126
37.559633466599955,71.7892418811739
41.575391022086144,63.53906489787272
37.237807075625504,66.55956972095754
31.27730753341328,64.63340112741255
38.76358426856036,73.37909083291144
39.51080139004503,71.14361618421367
44.86661269275613,65.05674973010794
33.406714138433806,63.63283125389311
37.83866878054299,68.58969282411134
30.136237078246126,66.37764679910775
41.77736776372056,64.62831497588179
38.65696572286991,76.31000573484972
40.31406156507144,67.84391038558181
41.39226387390223,64.63247624832243
41.624580878148286,73.95355052460617
42.234054824005746,68.83549206619543
42.33170713744321,64.18478697989357
43.824718392675216,69.44498027154049
33.96207680574401,65.90851848345586
39.176355516332876,65.84345304411575
41.51141729831529,64.91198571997235
35.96432624120887,70.14783846682647
37.595163850799345,63.94637233426868
41.35558483413257,64.11722789462961
33.04448563949265,61.039858664206946
40.12741832625122,64.30751730496283
38.07137164353034,62.02537975660654
36.189269344610516,70.42724667321885
39.84031537766686,70.61932883714152
35.87548186583282,65.04373947924131
33.55331401098974,62.193990794827684
36.19686095281617,66.85563418601396
39.993554263079936,64.87430548588765
31.863388109108094,66.07994450515832
33.63182528303047,69.23849972000612
41.1756244239458,62.816917979932676
33.580949363089466,62.75522608607794
32.71557485982115,70.7040170897001
37.66920793135881,64.3548648681615
36.29733333535707,61.24276898413865
36.147922327825334,71.818446450788
33.11809646674673,69.88315100214568
32.70125301849687,61.29669044275495
41.37954915539985,63.069156162203754
35.624900402444446,69.11589536576881
35.20123200151917,67.14813643421361
35.69390297202481,67.05236486110866
39.099910282917115,64.57559164877023
41.528479537927396,63.897599355936805
41.85705804687089,68.04137093283985
35.71009394872227,64.600594303664
40.97956119410016,63.958212705471446
34.28534585052589,63.69486684452573
40.56629077876531,63.676159835266894
41.395143261737225,65.74637224181825
36.59756473831614,62.216614459401
44.89040968806006,64.196475200583
41.93692204046593,67.4889801715808
38.77290063621683,61.9978780604943
32.18622759309673,66.6681684026491
38.1744358552664,63.22085424178235
36.85248695337703,64.46835749469446
39.699352548970026,61.417645534901595
33.46986879757202,67.88083170614195
39.861669993890025,62.9130569287943
37.00514273205278,67.81696492714237
41.66706696127977,59.835062089054546
36.9405765803636,57.917937182913256
35.04583631099328,65.96567377277098
37.03229248115287,62.74170818863408
36.171034041492256,65.21121256676335
37.03327844215894,74.882476633658
35.99351827623613,66.22535002770938
34.074522298092674,72.00898745505815
42.9381158063294,64.30721468483554
29.262763451631095,73.91133012431952
41.36610533645622,71.18312392145528
34.54495291264327,67.33063564591305
39.41478751865088,63.132406479532705
42.31844454261121,61.2628625632949
37.250412003706586,68.60020871264477
34.902733840769905,65.27371898290836
33.29234050184438,68.35264531567405
33.230506644636634,72.11908308884705
39.11785064533755,66.99259233702821
35.05780283598347,65.40103201810278
42.637181148099835,69.0586127383194
36.46753943620475,65.57801624541457
34.00683841732773,65.38319632941484
39.036078247345884,71.09351059635418
42.86639678162429,60.44266193319255
40.02355729659954,64.7367592159122
41.168746945939816,60.47416077262789
39.97440634605914,64.12140309325315
39.42480356190364,67.8996210081726
40.74602132614062,62.338095804233895
40.22372692012848,69.29892695288092
40.442844196582904,66.16190773706805
42.202068340009475,65.63488022604633
43.09082871717519,68.84852271848119
42.03094760983586,65.41604249647797
33.808450881385255,60.333550216615826
36.52717236836653,65.52571550622334
39.25103147002333,63.174484547034844
40.46672248414093,73.9659656312137
38.10913066986242,61.6696880611454
37.66408335282392,64.34940165195276
41.842225491971405,65.2508376848721
43.9690439928781,69.86525041327705
35.61602206242618,65.68194147337985
35.27104628157224,69.40132736317135
41.854385843184346,65.29304375778172
37.43913576592319,70.3197141922114
43.215199127831006,67.14909489080586
40.942680825367816,62.69445244667984
40.605000152729204,69.43244017734438
38.199369938862475,60.74891785424101
41.18264419155056,65.62160930675597
35.12774730966388,65.47141462100157
41.11576350192358,67.71461537919656
37.37259336143362,64.2424072322351
36.06102633290431,69.50577170264987
41.72123630933355,66.09244071873815
42.25475097174245,72.36482744150325
38.073190202712105,59.334060857307506
38.149021025372775,65.85434018098445
45.71890070462506,68.52729495123977
41.80520803671584,64.99714526095984
36.46993713742167,62.16844852222444
37.69849135484227,59.807608773887935
38.06425671980796,65.25054618851985
42.58283351184657,70.69741408447027
41.152027500049634,71.75814239265362
42.41321967991753,68.22613930934044
39.93260145655215,67.43514850680201
41.88277887331405,69.21354759880447
39.60010019036629,62.74587852641574
37.095659801311385,63.17603783221196
36.270940600293784,65.33605935328376
39.88300372360922,65.310863620658
36.29208362337579,71.42433031528672
39.816443544708775,64.49889394664066
41.606049902755515,70.16157574039045
43.013674284393375,60.72394722997452
42.00804702307989,68.21214337587031
37.67285096925357,59.91475957328933
43.25188775615168,62.924548169721724
32.909766620224126,67.2833392621313
43.34730303909498,69.99967152868426
42.925619137161036,71.15654453882007
42.789073795081926,68.46173742745512
37.7296732756614,68.81591877337203
37.72053812462151,70.51509566353249
34.145899421841506,60.99367550599462
39.84471365888625,59.94662223413932
44.80091837155589,66.02505583035692
45.40073975347391,66.91448820061406
43.180740367885065,65.74117509067682
37.39801277050327,61.83234041061321
43.31888675258446,76.98302503890119
38.98067054105331,65.31859072371864
39.39456956484933,57.73696786835021
35.47661824009172,63.97188531258356
42.20556899223122,63.28665010546252
32.512782046468196,60.855470878043214
35.30526505981451,73.59329228974421
39.197198988036845,69.67065735285566
43.308669712651124,65.62349486302986
34.58460475766134,61.76555757248214
43.07933375831132,58.202489894784954
39.50988197115602,63.023837071596
36.42156225670108,66.79346034213496
36.2649433699188,62.7025201452001
38.44245156404358,64.70140891477286
32.96497486085721,63.01402435650211
46.03772341023837,69.87754637966108
32.553974721265945,71.90904308355064
41.48348287379336,64.38471512855556
37.541184734160765,68.16055877930748
35.18191568157817,64.71181741534994
39.44013350146559,66.90345491840947
43.71226764634977,66.55493064292659
40.90288789169009,62.240542130084044
37.75827888967356,63.28883834682027
47.25614749196233,71.37401295591772
42.19249722215282,64.68714606587254
42.975661741291916,66.62309489206632
31.062716799507122,67.87950887445177
44.65150615815642,66.0842213086695
32.6546472929456,69.61821684764301
35.19017848032631,68.01799557650311
33.48107057504446,69.44624956909533
39.20374367180163,65.13744177766063
37.01603571429788,63.96687380670701
35.60808940679362,65.61011330827891
38.70350858335391,68.85107143490701
47.212818819612096,63.904239692201685
36.81414466140507,64.32916971817724
43.46213298310852,67.67822303945673
45.612555040125876,63.73810987705209
40.88265765566801,62.92902766865511
35.503280825584184,65.84924254818759
38.56644008584736,70.11790156233195
40.93963563691223,59.999258497739305
43.22984098432842,61.49284072285006
39.158719090473575,58.53333324532827
40.67066611337632,65.87146515267231
42.68544943313017,66.8528044913655
40.70540533916568,68.14718898679386
38.287790259085156,64.89612130457644
39.72596780258983,69.93683491729641
43.711822660208355,62.82449428669179
45.99940298425468,64.17640090085513
44.44325458752619,71.15492373545825
39.6237305150529,71.40004021712137
40.193230875821925,64.02882167927851
39.978027566662234,69.80580973017935
40.090785003139196,60.468682212535704
39.69876897593169,65.0405327468053
36.20554167439062,66.30387666688753
39.6742817659845,66.23580126193451
45.29723481998606,64.43097163601276
37.15931918963413,63.14637675961676
33.945865816869215,65.23957414352732
39.15767155408135,63.59806150104998
44.05369511472338,59.8254584509522
43.83357723840736,67.64374122227183
42.25014042799165,69.30486878256029
39.253788400705595,65.06139520765467
30.387065272201454,66.06846543816667
41.06894310370541,56.93446544377008
38.46850202610326,63.56335890624476
31.089140048692204,69.87338685781947
36.62180428998937,64.81463553634467
37.126337286808344,68.48544501244558
36.8272847838831,68.43534106812515
40.061553700139925,57.195092955174616
38.53301201171571,67.17048148884986
35.98581094674835,61.4071525841132
36.5061360910094,65.73916054277682
35.827642619814185,66.38036001802674
38.75919639446236,66.96840428450099
36.407413592308366,73.5037965302547
42.915584161862625,64.61211171975621
33.31269603040092,68.32029897032395
37.63992985587578,68.51972971086948
39.07016311161822,65.88548968017385
40.425817729505944,63.58558728741097
42.55331813618807,64.96552899806204
39.682471055380226,59.74590257233238
37.674523541871636,71.0290319998279
43.84057944768337,64.46228776735599
37.216622931081034,66.25567514229348
36.03583450366659,60.2747798573449
38.71482247046742,65.94993154888337
36.049485543309686,65.43730216289904
36.22056438717256,66.34231881659387
33.73246184860502,67.60272670378443
41.03206236535885,67.66835640220533
39.75110425436659,60.35772806040907
31.87148402925559,64.11999542986756
34.73975724305253,69.6385704420824
30.42468734364079,65.6524948711185
34.2427578966291,62.73469186740538
43.08678461847651,64.51897369566966
35.650122095751215,63.63228850749213
42.87297228924007,67.44275899772381
39.62403420402152,65.56902298189544
42.44188146113271,69.53550480696555
46.330398164771985,70.35505465802734
39.87417930690042,62.263138996376824
32.53657136408603,70.13793483519584
31.125095251255267,66.86800696414761
32.70316798628123,68.5917163602104
39.48301353861045,62.24828245545473
41.79067971384048,67.12483481394416
44.29952314196075,67.4861422106008
37.22675295959821,67.48390947231677
33.10735058758902,63.908819857060436
33.84811549530061,64.10129324102644
39.87501461737848,66.77541494213128
38.69039734213912,65.38430565889416
42.5849363170477,68.20277914584837
38.87804470463661,72.32721803068422
40.96259061744557,67.33399510027253
43.05319339490598,62.98861388437166
39.75921503794228,68.18993430604665
40.13676661568599,65.15601061038653
45.35991978341708,60.818787116101205
38.78284328696698,66.35817538935858
35.004421464459035,71.99813367729071
36.49830872925767,64.17024262152817
39.07177404624033,66.64622007411045
40.40187371114467,68.92567273221752
31.88014984725094,68.3997126753202
42.557793833985365,68.44950591788643
42.107262558062835,70.56157325222807
36.54740974368686,69.68072557023937
40.41080363322717,67.61462921437048
37.42367029600259,71.2888138065088
40.15598955127098,65.77106048145507
38.748902784268296,62.05657113961839
31.5483391535819,66.21351699058314
38.91400487315823,69.3823245676153
41.36470515385897,65.41658984932977
35.622951074354845,67.77095490424635
43.15528995031852,63.970316563603035
43.08380345381309,65.88584426491505
37.90180173436311,73.53509628479542
40.678327385091805,71.22535561490457
38.860381440073084,67.85136289396537
43.36463368973733,65.88709991901507
36.88502509546437,65.43264134048297
38.185788728046056,63.02188781109256
36.32651131261251,66.66056870821326
30.214739804744653,68.68897495197852
40.751463336089394,69.12106428824049
42.395523639048605,59.710622614833675
36.60501271485181,68.29038147898358
35.475625280612135,65.24213894393739
36.89137174958201,67.14465480419729
36.354140683594245,67.84937372380811
39.34371852508585,65.83103279691797
42.431445224798175,67.3787886439716
33.26737166050115,65.64374483681064
40.415256323928716,64.61742800165065
40.857453083282195,65.81984116640648
43.95985970899354,69.22245317041154
37.073155341826975,70.45852813128994
38.063288718537834,65.77183108920607
36.205112188660706,66.1049325911678
42.86109318543428,66.29307516043697
38.33497201889303,64.53397554074202
32.19227674797872,69.31222528939439
43.70684198232129,56.313922492793914
35.459072780247006,63.24809521102168
36.237292826624596,73.17713845020334
38.43885407088035,68.97371781844161
33.56047032844667,69.71697413191866
40.38594481594592,65.70501705621855
39.29522680278512,64.34251065181853
35.68312936299005,59.433089500319284
41.999573540086864,62.91464056395746
42.370211030474984,68.79825408130743
36.27892861976247,70.54323167247063
31.29376759793998,73.77977523883014
37.18673933339485,68.44385137007559
31.24556839877126,64.24597363712651
38.54206927184912,62.20356043336063
42.39374126876956,68.1328206529817
31.790172110310667,65.6516679491819
38.22687572376292,62.80066772588077
36.7109003250735,64.5215375120695
30.910495132337278,63.7889525484173
38.52853951897474,64.37927721031747
40.64968891238617,66.1570005214054
34.85824446027681,60.35583500147962
38.69156451318686,65.58681967861459
41.37640444018462,68.73659074372488
41.149027934200035,66.98182212878311
38.561858534950254,61.597732540938146
38.51416154719349,69.60149312112158
28.23659467405224,68.6617001221766
41.233144863429715,61.67095082287967
45.70874728826847,63.536109745766105
38.58094590683663,59.971570595429014
38.365792583001785,65.37676186801113
38.92002783826839,68.11050945623015
40.72615486879189,68.79372326365834
36.66579371954159,67.31004325740169
43.87267391078705,62.380235933114285
37.28305988336279,72.59517943481085
29.97058552594661,62.85935663574332
43.31889290326588,68.4636810053933
35.27351402678089,60.929548224049
38.35729550283341,63.80990699513573
40.97078332749224,64.40244179775151
37.55634503750962,73.77536002798345
40.5429762700608,65.00319408411514
40.02946460219581,64.98403400703778
37.718490180730335,69.14757833422472
34.31905338649483,63.71240312654845
38.9225283464527,64.14739253835957
39.38664264368352,63.70939780890149
39.08086044299262,72.91039046238174
44.789274722403604,75.55191368232859
38.85851197416933,66.72942659533732
39.47008452193507,65.27936917132475
38.63484283563461,69.63580516182222
34.759200605217416,64.576818963204
42.330500639990575,56.49616159591379
35.972175123398095,70.65718849333341
42.69830985689044,67.94212100377607
39.61690484462305,74.83475296502547
42.60357217875037,68.71776117617685
41.08772657246462,59.24171158795194
34.29127928392678,58.51126673097148
36.053457082869755,74.62061974098307
37.47090704259167,71.35326011151687
29.69646425641467,64.09212394199965
38.61671461678708,63.4311228151535
35.28614495350328,68.84598535248024
43.718123618706265,64.96083266111938
32.429900992667854,67.33388765004197
38.23918031614558,58.44138412756587
39.71346988828377,63.99625459464965
37.00224473811635,65.66830432406722
38.328428573532165,71.4960569731785
40.19169181099269,71.70482089225973
40.1772445446863,65.85964070332727
39.108032553937704,57.18580703400579
43.08657146883688,68.6449743932967
36.12707292965765,63.30422732280072
42.76866577711362,62.26411725446228
36.14239670637996,73.73506483971971
43.627467543429375,62.22370012255126
35.79647972955543,67.36233784210786
41.05220007331666,66.82435393937526
29.84800012716736,63.53394209396186
36.033124728812794,63.789331096721824
41.19541637333293,63.66799347137356
41.453495723228286,64.8191916926609
37.07447561231257,62.71829384503648
32.838171131088224,63.717473684441956
35.15360312481698,62.5706003726323
40.12723191256181,71.5185340966297
39.33313277027638,71.5660855038721
32.33271910443262,61.29280600231065
43.37349497342474,62.2225620501906
42.116241665354615,57.28178652429088
43.68105747246994,69.0720097594622
41.37825995007456,65.33684485211202
39.72356965947397,64.9762107750062
43.16697362457774,73.04307893960828
38.92437525219684,66.04669368729115
35.50156975179426,62.89968599913551
39.987089604812915,64.17777366389086
39.320207578954104,74.44472190689174
41.73973615616369,60.65703025057685
41.39779594408588,62.249417500052495
36.073433668587484,56.85048210704408
35.302958800631416,67.03478574063021
41.24950476492022,66.36141138780371
39.66516344506818,67.2914656666508
36.55269491231217,63.863241249699676
34.583327870720865,66.28297927325397
43.16258670981132,61.252267302628056
38.47785868061856,68.19172737792586
36.51753397741799,67.49859617786991
43.17423669064135,68.70882509916568
41.136241060001254,65.6951440928989
39.79749562521533,69.7474869698264
39.5083332490562,62.453998441365734
36.87732677351703,61.21484911158868
46.81385036834727,68.06950203885307
37.52197573027352,64.20597387325306
34.96856331486508,58.8730388638747
42.19144278915312,65.69542453577202
39.690523407917176,64.33784362693267
43.77829980790569,65.60480419428418
39.763778186413845,68.65745137540677
33.953791766775225,67.3109112353364
38.38712649550899,68.0851719937943
43.56734817938415,60.368376727901015
37.02384737999302,69.78974388051112
40.943775873818346,63.26716164994637
39.08361898062427,66.94461206853164
39.6417686568407,71.2305978274195
40.4936824875904,67.24787119648987
32.391953977486814,67.64411555176112
82.28699321580329,23.960647523398798
70.30418168880618,11.266514583297282
82.28033917726854,5.935015410759865
63.88184559389386,15.388919357599496
71.74941398195215,15.997575944511084
69.73830174029564,15.295706327651367
78.4731501234456,15.352528103409922
76.14136667525553,4.893673577639969
75.22361630444396,16.220301959656997
67.5627298350382,10.51073225320248
63.64162212500448,14.776326660432698
85.29812071897139,11.135153957612285
75.46389082550421,21.931890754762428
78.84484236463516,8.63112006476179
76.77130700685812,7.6829748170961
65.85406960316027,12.82457296351875
80.5535705535821,21.45611378895489
74.63432297647127,2.03008315700151
80.8674980419063,18.15554317480307
73.98632003586657,18.745567203060354
71.79895477472238,22.467965137842786
70.69846731988427,6.0632878193153354
71.38885852923995,13.580985103457527
68.28468764085396,8.099179023989265
75.40613581311132,15.777576773964324
71.808980792615,15.66242018863225
78.09768368576894,6.37060045011707
79.66829426483531,10.85761693978617
82.72138998822126,9.126055614364297
82.60378982873728,12.108533841651612
74.67728121523051,11.394558510642465
77.83434122474445,8.301072627196284
78.65043086951931,4.217783164436613
75.47551684489034,12.808314503591193
80.01308967446941,28.408437223540226
73.4463049573129,15.010853867922426
77.99604255309619,10.93429461562468
68.55254773264122,20.84606717649606
83.41005898442599,11.857729949213859
86.39185860492644,7.611972615017489
77.19840489650352,13.08513220219831
64.9350245298189,12.068820212694401
73.61575076042591,14.875581601945703
77.45227287076351,12.876953323178657
77.57759482725073,7.343635996323889
88.0960116741334,9.547892841044142
70.54836665066706,19.466640467131455
74.52082246565803,13.525651373307834
77.1384533054276,7.300065959229645
79.48940001095878,11.32280349880833
74.52409627273376,13.219067013908784
82.14277945617133,20.864358018677418
69.76695292778122,0.8838063216365555
75.83477100389013,15.624771211517832
79.5841723684667,7.35595312539781
75.63192957565795,7.214899578088904
74.33958777107158,27.40484841755081
71.39846116969667,19.671264235758834
81.95050856231026,14.595925884310542
81.38180352938528,6.445077000033374
74.90271065264689,1.383951659512599
71.53574151129108,17.516855973784292
83.21611476862378,18.666153436780682
77.46026350543245,12.266678782920557
68.27595946081001,8.325732358370654
73.32349414454828,13.117669736423125
70.00665092401283,12.236520603438786
77.64179874689542,19.14759098963142
82.57094425415409,12.810840090731313
77.86067366165622,9.15500653796547
72.16604730363433,18.674928470949983
69.59702850536765,14.34931637598628
76.16701975121678,9.593376307904094
81.02160617423499,3.4089080558926756
71.55624323635223,9.983458936705208
75.34458714139554,7.323075841460188
77.46436657232103,7.623656287933433
67.8124152126691,7.673737486042514
75.04536461276902,4.941059398558943
82.16884991855706,9.326160601447231
68.63517898136715,13.241836967193837
73.27606588856824,14.343590958688383
74.71511932803314,17.572584137949754
83.21413663626757,16.359990844834417
78.847583052395,10.76036162253725
79.47944125168162,13.00342773016353
70.72864689819995,14.161636773469064
75.82617565150082,14.29424067548171
75.45605707266375,5.679140250814305
72.77592877192899,9.697925783470016
86.28011337020283,17.427628945588317
77.47277221523575,9.80675738194757
77.38779464772864,13.78634288328586
75.54452154222196,17.137893433463233
76.9577285126552,12.350053155697312
78.56725820901715,8.509553347410819
73.19117831933976,19.235254405722294
68.9217840395229,11.892910387323695
74.20500389986252,8.16856801470082
78.40904701713181,10.23826854165203
80.78444153556674,1.6705932061904694
72.63407389026086,16.420627970459158
79.91596027003953,20.581035418454515
79.08598577524151,13.634515219816157
78.97698345390914,15.218920452388408
67.98401436586927,15.822010661086873
87.60064795858086,21.172269457072236
76.41019777182275,20.182737846752282
78.37762732266108,12.511523534952342
80.27664488360207,13.168962509593747
73.54597338735502,16.37101382961416
86.71935730547597,6.57541863387991
71.36605841457947,14.629879353133985
75.43905123288835,15.485440029526481
88.41544814928261,7.125863052650389
74.36573794973039,16.804713555607215
81.43023616698693,15.22808871828146
78.22072431764812,4.736275492235576
78.8824835281168,19.43169926676355
69.54632967472051,20.29292857907104
76.30977038027567,16.654009233394554
81.06370921608064,12.533419280000874
76.17434100966508,14.078219420821888
73.31748570026528,17.277032713916395
79.08362310923147,18.10755618711259
93.80459316228475,10.626708408544726
65.89158095111495,19.114882702266094
70.07002601841765,2.7226545705592358
81.50896409646602,11.349223430043494
73.66586421338489,19.178957993062642
76.73334930993627,14.597059412119753
69.40065015975915,11.540085786618013
77.50999149379399,8.453206783215752
70.80405604892904,20.567508777640214
76.69657487949725,11.578067967348126
69.02457859639132,19.94693510139092
81.4206542109977,9.831885307440892
73.85087012312816,12.657603960067005
74.60305458179042,9.628310592944509
70.28214343669873,13.534518537162073
71.3184366612468,18.067077405600806
85.04568753197849,13.493985939143156
65.6559566590753,13.342971033348068
73.03999737505556,18.876905392622565
71.61336445546684,13.508139488325162
85.4659961492776,11.816393681212617
78.39530214138009,18.25737486071624
70.94321537236253,12.309312586851192
75.87084151994486,2.2820739062069073
78.40350545463949,9.876822627846852
72.99031893236065,20.119659806220167
72.57322266984511,20.26918284742742
70.97768614103796,20.673081995883905
70.6801091773263,15.30001295993349
88.34545979586628,14.838499812790051
75.72624081267162,1.5460328530178238
68.87705370851691,14.255538025852296
71.62468077583442,14.553623943944983
79.44243572952544,26.739143543586767
67.51116154753949,18.44828572862412
70.73280085502276,18.286834083756574
80.03751498530424,12.268519404034668
79.00403507075248,16.60545277599481
66.7536451700535,2.5847981084280356
74.91076432254525,20.598184540501048
69.24538857995634,16.110949033997006
79.96859523516464,13.50867415741906
79.42818751014218,9.786053904108595
78.26571855457549,8.430368006953874
70.24990466256698,12.790927796279561
78.21241176272665,10.751601619827639
70.25318878950816,22.355211227395667
68.63859540525483,19.843048478945725
65.76593976485898,14.11893524421728
66.86237318619044,13.937070077601067
81.01508446124365,5.3277063028476
74.2849551717121,7.754996910268085
83.63484566093578,4.559442901712886
70.67168790942893,13.443304296891371
84.926899434398,18.885577701220328
72.0809275374867,13.90165827664697
70.44831351650566,30.828835865343994
78.10714547237778,15.698417151218411
73.7471929687468,11.73144135433923
73.98772718508118,23.049978597949973
72.79707377947253,17.651725449352377
79.66647650736486,16.830505084833014
81.35486862651088,22.839383161014553
77.12700997452674,7.691273990858762
74.72491720928906,17.547871067180548
81.01206760660506,12.976682210534747
74.45612037046958,18.486003688236543
82.67028633781196,26.394285830971718
83.6367401332338,22.85964057220982
75.54997959557794,9.784627512936837
73.33887655219375,12.795763935721062
77.77478869562226,13.038388283546645
79.80829538291583,19.11921459779892
82.57757947320083,13.020090282910258
71.63091205836042,5.1268458111232995
69.51846914207698,10.932401835333184
70.50310688806819,8.513542632294508
74.1499231825984,7.1142230670917455
65.0064438125666,13.045448044821285
77.65433235192054,12.935996759776042
69.96377514180398,13.496962601674998
77.12998418194135,13.311226900913798
77.8764834129371,14.21947673594698
75.91634194542407,20.099614113409704
68.77935847951116,15.289067781655206
80.91792832319081,28.026806146916975
77.25978245468039,15.381652891089335
76.21823258594408,13.933878680162312
69.72954718333027,20.319054725272327
72.86000680916912,13.657374433544447
83.30183425976647,19.529668657419222
80.02830622654554,7.959823642179619
69.81870329878437,10.915261837680585
77.7561787393549,6.841437825799829
82.89001814183968,11.220109036746333
73.7419968808109,6.823689436657613
84.55381122936784,4.706145992881556
73.13805326461846,21.939971373532284
64.20893783171796,8.544165056697985
77.76285349199574,17.24914836979318
83.25271226459151,15.399750596251359
78.02017273582554,19.88796185046165
74.97128405310312,20.592497501261334
76.50659413089438,8.97192333661894
73.39488379204164,15.706693592389957
77.63428971312327,13.42040929843684
76.0771914658749,14.000811376500351
85.85625290949524,17.11667586752007
71.40445609993563,19.338124884693453
76.46344004746047,13.701806451429523
71.83340400589586,7.069447787662321
82.35459821667632,12.820146623279932
76.47517104513588,18.25734205488272
73.98472540104027,20.12051804851522
77.82370616568735,3.4816796377309522
72.16373308635514,10.031077405038873
79.20703917330411,8.774557519588283
74.41119916095164,10.036274758725348
68.11613382456936,8.193339285626505
75.99664212569702,19.83788815830428
82.95437442362598,14.605915505354115
71.13828851794848,16.152649403112356
68.73216883792526,13.55591352825062
78.24472704741885,20.94891789421102
66.94604355314821,12.91804597488596
84.49328805608727,8.465238775605414
78.49502914817282,20.299024329922236
66.36810538516309,17.439308828222636
70.07351504961005,20.251660052210564
74.83048792975696,13.437214497289633
84.00857013517816,5.467002368662882
84.1277127785259,13.229710230365603
76.8425014597505,18.210342105216586
74.63518112780416,1.7550966768759206
80.94671238079205,9.22331723501853
72.24455032057284,8.634075294964004
71.55984962555816,26.27338636535421
85.87318050851893,8.310218060355346
71.36274115922065,16.31184493995396
76.7533961540635,12.05837313815517
72.19179266655176,8.222166249152517
77.60895076108855,14.805229291718677
75.84833699079962,14.117922807265497
80.15716952979248,16.290493051901407
79.37671063752164,4.221973478739317
78.89828318001247,20.872804876276824
80.1331687207393,11.661322446086913
68.63407130545846,21.81370129904157
85.03200348690245,13.108410766077336
87.95413433700202,17.60343451929555
72.15722972192027,16.069775530195116
79.81463156063653,15.558121078344117
78.10441527971611,6.905658251418407
78.852494527051,13.563204016002777
72.34652758586685,18.035143878708624
78.50609179519557,16.915622976196634
71.95476260514636,12.5475312195737
77.53622157209594,14.136930232023944
75.80873774845479,14.691471457883802
77.86028146345102,7.125911834794551
78.92468081286566,26.03628858912179
71.38815298844565,8.299105974338303
74.79946900845174,18.06456450493475
77.14494966783063,5.333552408292276
79.04912267507822,23.07409254879338
73.98620862507461,15.697691487844786
79.8290502201312,3.1494030775020256
73.41292570644465,19.643398202988156
66.71098661609109,12.358118842267178
75.36568418208509,10.332460133788986
80.53020847655878,21.589098769732814
62.83965667787212,7.219897673297266
79.2183452438139,15.509478425268206
71.05210685443137,10.76302989845143
76.39813425331036,12.847882059956259
70.8250536319735,14.046570044071078
75.10946210908932,16.873254801020664
76.12361601804973,22.909521765598647
71.44886514811104,14.04945754122767
82.13288661168907,15.198142927471508
74.77762617435631,5.236674416240888
68.69450867599454,7.526050518582979
73.51542573999755,12.294768290011984
78.19859300663411,15.689065940920235
80.49445308306271,17.127702549838943
73.44104521221311,16.641630113547514
78.0868829943176,14.940270816721815
75.78285758243545,7.633981533411594
77.48924566722918,9.02876888856282
74.01726240652957,12.22661981458059
74.2574883497541,12.941555133167777
67.75183876801319,10.799840953805642
82.26276785492479,10.443833721756347
81.84085368174048,20.45189723717507
74.41247979956665,17.70399084908236
75.46978956131225,19.147059964903043
82.46756323406929,21.171064692876424
68.4922057118321,9.240387329924062
73.97390207075956,8.276660104256951
80.38275331718991,12.82667618008031
68.63792223911679,20.219447552906317
81.60020976825218,11.82035649293798
78.61786070843546,22.39671052928572
76.18246565087948,18.91700267263247
77.18837916259469,11.33204621621022
75.08886833646072,9.00043064945896
76.5973724066916,18.41237071132476
72.5207850222089,24.496547098758867
82.30746271411569,15.950182157606402
81.06627528675911,16.41467542584371
80.49670884695142,18.825242416625525
77.95710725706482,12.22597618580757
73.0143830004055,19.18862915639051
78.01995817839186,14.418683326651971
73.80325268388326,13.206784518494198
71.02546820288097,20.353928784206335
80.41698703231424,23.30358988776153
75.06412723252875,11.032671192791383
77.42719093302522,5.530958092459823
78.45433593818532,25.025615778069017
81.95927212715794,11.192940057182746
77.29164775027535,16.250941667209197
81.35102166074842,12.558486066778558
84.29267382923003,17.259906546116664
70.77659584100043,15.036834610055353
75.75623739375055,22.434292244217517
74.01706463203416,12.622118128069046
71.21190289389071,6.3249054426794205
70.55847828744513,11.863454471449991
79.14484270009513,7.6298355157800986
75.62293126072291,15.922904619513524
79.6448699494289,17.856971509358154
83.23862943858589,14.742825055865577
71.14380076735128,2.342089205720825
79.63581026193124,19.0093014522113
77.46640724952051,9.776224434863147
73.44930780689869,15.082484595798867
75.82307347513289,20.741652424841245
67.31403780704662,11.152906215788567
79.16188572344532,13.630454910387078
76.90202007519011,10.343254878790438
79.06726842533831,14.102057161899564
86.09889279864933,17.94492225248316
74.29105059456484,18.46927619695125
64.95022721674948,19.62811253292838
78.47877700304106,13.167083945081918
79.4250064898161,17.908152941678413
84.17496623765743,21.870277584277137
79.79614711326212,17.21561765930969
70.36400625660629,24.919340436852877
69.74965791517582,5.885944016447349
76.11260156840054,16.294185344328213
85.74912186573178,13.209715339520363
70.55171025716999,13.037845440653456
83.78121074161089,17.93174183455902
75.1037596171923,14.458924583716183
73.42684865992683,11.32215307292887
77.08619400272376,12.072910333554146
73.31524557598672,11.324008951020454
67.8686248844345,16.982506331006203
76.57154671696168,15.24296796382904
73.35115741643695,5.755241764721061
70.3317705251346,19.59966073849904
82.8305417045913,19.2722290777777
66.37978746693085,16.385820737628304
64.50247956031991,13.919899198716308
73.99319890610388,14.20637104576265
78.724995821861,14.045824569225184
75.98299606585852,6.695687051273293
72.58476734891399,19.56549863755159
77.49971887137025,10.864378621298371
77.08937379167706,20.22499760925824
71.01937188049443,6.578668536667383
80.05364308310973,14.009569198149336
77.00151005272635,11.65809124541445
77.92268294753718,16.87037136077301
69.20922828279416,14.379714463020314
75.52542080454027,24.326261740783593
72.27634010810938,14.801175155900282
82.83517116994034,15.604102336593806
67.29715543187197,14.068824933104365
74.28980612443563,12.258573779370538
81.53375523006287,12.46131330112826
74.84305643391272,11.529363582527655
76.13375618946424,13.513084600359972
82.52116261271628,15.839425318357547
78.30845674466164,22.483711196895285
66.49125055204068,22.942253827789163
71.72623324611327,9.70218113653836
70.41236389711212,9.04949528623995
72.58433253013128,8.551542771091416
77.44150843317041,12.438720838783881
78.95530616364924,11.391713499733441
78.86368362622171,9.694961557365726
86.75220439629422,10.09992824366501
83.63110733172454,11.833747732445538
72.1218056058936,18.019473805337825
77.02927368618255,8.042192742893377
80.42302159911527,5.990328953534318
77.24114054311352,25.573208193694857
78.8130576421031,13.215875625999354
77.33933731086717,16.859634799883047
75.20996120806934,9.702674194018496
85.26484235936582,23.047467882665472
82.08668107933796,10.77689110896814
74.88674455368486,17.6240195376801
76.92740802567819,9.525747663441528
80.83868863617587,18.730516933913275
82.59302672446215,5.111050824332203
80.13226944665176,9.22150065153814
72.26218214148808,1.2568745349967738
73.7318687647102,7.7861260680969195
66.15705671157733,15.900011921909218
79.47651255379826,9.578981991969542
75.34790066129459,13.192476465583017
78.01577591035448,11.223657947770423
79.05401162602307,17.20000846521752
74.92766771018816,17.450909277985964
76.8138041797594,12.581679324543467
68.21569071730036,9.835485964336542
74.02119791113634,12.1045106921874
73.93835242133157,12.775964239200388
86.06212915369142,3.3533782852434797
78.29899255254432,14.03424100374818
69.29670583221173,20.138354325105986
77.54861465125735,13.015495311398972
81.44073804006455,10.90712362346438
75.93940657502782,11.525075305705016
82.87137526211441,11.656149690820593
80.70843310220435,16.78648204641934
76.03295784601839,11.773309939748344
72.19955535628235,17.839031986876144
77.14834719612729,14.857711693964331
74.29493926778427,21.701580056194324
76.39373287934262,16.82650525668344
67.35655428616289,11.099541471260622
69.77905035974791,12.351049358334228
72.686981015114,14.653260519502906
76.48155806011762,12.219268369326846
79.76638413279146,12.089757920430682
70.57137403987765,13.281690153382161
81.16081134850032,11.248217577710454
75.84820853969825,3.4258653622188895
84.01666098690507,4.783984354809222
69.08755656914882,12.773155562833926
73.17865919462504,11.92674824796908
80.70037515266118,6.300307708379438
70.9090244988831,19.53044662415177
70.79269719708307,3.112558465716921
78.51539167097343,16.96121564576177
75.82454586583883,8.654594834842964
65.91635464705952,6.53378534783028
67.59187574746078,18.297411114495127
74.86200769548101,10.275730348047706
76.99031577767062,15.037357172725397
63.829552379210895,20.77865132883181
76.22661828250324,15.136754284506615
76.56770702908516,5.232264148391293
73.1178064898969,5.219001150535043
81.76088294315137,6.9894080669494905
81.32909454313481,13.362744617481818
77.35031827351443,11.09417836381386
74.27195444871336,20.040143386829964
79.3961979758387,11.193010513214071
68.30929305758815,13.368614656679252
72.09792845306919,19.84873123925126
75.07307489897971,15.549627918085562
76.54547134350419,12.208547784966967
77.50240879085113,13.982707411783151
75.96616575559231,19.533496612046626
71.7384361579842,13.721834234156894
85.74193815350138,19.088936430073254
74.10856591376586,13.25041806959194
70.30691001178468,7.896995385214909
70.72083002774554,12.853379353088567
75.94844913106336,17.34518090878165
75.39798897864324,17.58502607972776
73.00903347491528,24.59328043398236
75.2167383813652,14.594305347070698
75.61929542704938,9.408599928909869
80.8987497778657,13.245432277361143
75.54037845309458,13.266016247043394
71.30983376208988,11.973990525970471
74.99718261996914,19.054603006989126
78.64963406602124,10.089723450076004
75.09343569806232,14.936481459849453
78.08280880846807,22.840508273655548
64.65699706217202,7.406278446295005
75.32868388917456,9.673444525508618
64.73007244559658,8.60328971060162
70.53239605992393,11.803964559508781
67.86076892776886,15.571030486430264
78.13303171231144,16.93019140800532
77.36267261470681,16.90200239327801
75.95329915809397,9.416279405413057
71.60460859904428,12.569942018870869
75.00709429548316,18.140924784921072
72.57403528290105,12.976213102562511
77.1911844617192,15.706006592993948
72.66561618933567,14.743300179015268
72.5866467899103,9.993947269830258
74.50131156400857,15.916116047083237
74.45606785925884,20.728599120930582
81.7339252243174,7.958664726771609
77.73664163762423,13.925794039001119
75.00091179985061,7.101287266854207
80.21871056533426,6.515201725519809
69.2900152601181,17.581565885952685
80.09011632802186,2.578938749181612
76.75793517680363,17.005848523377487
71.58138100809482,7.862575021561646
80.09141184041805,17.104620984184834
80.06033433803513,11.538365383635165
82.0322784262735,10.25854973299175
71.24857437659556,15.449158732235688
76.09126399673454,14.138379277907083
61.842987240149014,15.346644770891428
71.80256854329384,16.35994599785801
67.9365954102983,24.16774602422052
78.11879853121165,7.39119214470589
75.12224171789504,19.125458660082057
77.35032218951275,13.553435038674637
76.40835404501166,15.856102234481689
78.04796550170691,11.489471137329305
74.43694226955984,15.169899876253705
72.40312515892774,12.714392329409876
83.82249250941501,19.887251561225533
67.85628145747646,15.526982409327685
77.35760222688872,17.85201030726784
75.1948214067658,14.917345879267996
82.00624383839424,13.667984664205083
71.71247470165335,1.586638299506836
67.6187353192922,7.399845091698564
72.92836807159595,9.402663635567185
69.04159685013235,19.81479666274671
83.56003179850464,10.941491046763286
74.6807841679026,10.157210892142924
75.99337989491922,13.756553001856812
74.06238152650063,19.494101377316323
77.36087648787148,15.488064222607436
76.57446124835896,16.44501490995448
72.8419513786397,10.190647098254438
79.77269652345097,14.202015181552989
71.80030817284336,15.401965640708369
74.97175801866251,24.95519175480017
73.40314348374402,9.20489119309863
71.56647714524672,6.650323466594914
78.38196654944224,15.81433750311591
78.6274043343886,20.879099350932975
76.34344310136024,11.859152097097454
78.17930694345286,5.98542136298807
82.62860277551368,20.43564974005165
73.40819894998083,17.19137051725635
72.36753709042934,6.12414814743052
81.43212799374224,9.243408774225893
78.09360385072436,11.583147864935935
74.67607213393086,14.958936093812163
81.70149627642122,9.556585440121168
75.0688793764916,11.905223105998864
81.09185763736686,17.42491565914832
73.7795486180448,20.8960737348251
76.4396557184981,17.89731966653309
77.92018674463746,4.516317532981379
82.07151037330487,19.151503329600846
78.33526794391399,13.68291103993065
72.00097776527267,20.648020433321282
74.86747477058653,17.443402634088358
73.44057993848865,21.396879815533193
65.77892699182362,0.3545550569567837
70.54831749286417,13.832756674149678
70.05954384265335,25.902796253468907
85.87852426338851,13.485918544299693
76.87584322177568,14.709732695864192
75.3154068550869,11.376780774653767
81.96912888894751,14.255541684875757
76.17825488466039,13.86620012362638
75.72756103597993,16.008121048314514
79.64217651477021,17.674368039343918
80.27136045845147,12.340728101681673
80.20331158734105,20.553318340907055
85.74410311221702,16.720541334773802
78.40691551813869,19.12241130415775
78.44027774317249,3.897557691976541
75.01151357571858,3.587911540187637
84.38478286346665,12.203555684527172
73.08408923503215,10.216112982667745
76.96409760867483,22.763884912594868
74.32152497254596,17.483473446101712
76.09301209101653,20.47803752052259
77.42682871611238,13.579115095627872
82.16099253378378,15.87956380398735
68.2645582882445,9.196116429666489
75.62946474132438,15.932980843351013
66.74010126141913,20.28418636189972
67.43931402318127,15.31824777749205
83.01828906866089,15.162913647300616
85.83042744952087,13.945277539798624
82.42288139990708,13.274692839839801
69.18372332616497,12.731190276861764
71.44144567092039,6.716969424726267
72.71062021874528,13.071342061860593
75.68071492015935,14.642800409622286
79.3007834751353,9.276159746809526
77.1515600802784,13.032912409743819
75.37995638877362,13.646269702984828
78.58392325226984,14.707478011896931
82.10668293281704,22.333420096197322
75.9770406668538,19.119955765874444
78.94846138220004,24.649605601148757
71.32932034480248,10.7720256917137
74.73440893763585,13.16770128671704
73.40977452409784,16.762965672049926
78.4634627500405,10.727378141655333
75.43577995903645,10.428235513966007
77.09626042651952,1.9212651152888114
80.41941539067545,9.95859445029728
76.08904848626786,23.31791983106082
77.02502379521742,6.999961875137305
77.6066754527477,7.069581103698229
77.77332400286929,23.45217684434586
76.65732005849311,10.476622893795312
80.43016944251114,18.17284624908302
77.41891998702937,14.235567835325078
70.63390510441577,14.9519696360119
78.55745899256338,21.40870216552531
77.15678411148026,23.31556880864142
67.65149311063988,17.732752639544906
75.10647953502954,17.142376738853528
72.90729069614278,21.341031335485617
79.23701680651256,18.844142889885763
76.29172213833122,8.851540476803656
76.26286963658934,12.907049468295746
67.17226689973016,21.980712757617653
75.68776002995695,16.90602596340203
74.95697561668084,21.346138578872342
75.73790163941838,9.332270296610218
77.51400236659339,8.25257050773993
83.17904163417622,11.074855940068542
69.02142326355857,11.587467014867347
72.42973834486519,15.647911772815988
75.6800743419447,18.322527157184364
74.23512671569054,10.720207969071769
77.97267002480042,19.97704871889375
73.39503722291421,19.499470143824382
73.65581869253998,21.321685976514612
74.73610195590365,17.560439830478327
84.29459737818347,7.930381480113828
77.83411797263359,21.323327737544187
67.7372806194623,12.569907905412215
79.953793640675,18.24315009070429
80.42496458717187,14.494002785081134
76.83680787950725,9.7727121120362
78.32586780958444,20.6598383970482
72.79654191189577,13.982709198472804
78.65136635906346,3.32158664567679
79.11518426750031,15.516337343208843
66.91741583714581,15.448193189808306
73.57172965512284,11.08092887110547
82.75331981392095,7.578665226604149
81.09003465167433,21.809005534129163
83.15359433805179,16.667912977682818
73.89452285288274,14.939764767471177
82.79299490661276,16.82192422993138
76.19198621758645,17.850310697499022
90.0322385740229,15.857044306529719
85.45575578722375,15.565181863425204
74.75195986914403,10.171618048078532
66.6466138975026,8.81005570867772
73.94121543405147,16.9069134738184
80.01818481278504,8.48949674317035
77.19196483388694,24.621668002934605
71.17830465030272,16.0528667854619
64.58731369575062,10.195347157399128
79.4262398349115,17.447761625461247
84.97487067546402,12.640465574846235
80.15437778248845,11.548641476052039
63.92384135899678,9.782411712642158
68.7679801953868,15.97502506546577
80.1324789846266,10.602307839394037
73.81059381689124,22.840101446597984
78.32837808479779,15.860794440597784
80.32155778271942,17.042221878417052
81.72249621320039,10.738071790294446
72.55759947380682,7.44963362390681
76.60939600033029,14.163500991481953
70.65729830836125,17.787906608746873
69.42852689262482,11.258824537130662
82.78440054034597,6.993770426116189
83.2649467604052,13.264547864090622
81.34088855806252,8.75586968490799
71.36657492959205,17.196929109430105
77.83783178445452,3.1164423087477235
77.13512050386285,18.905848953656246
79.90337187446694,11.595160557271527
79.09619750390145,17.39169530056498
71.38501291053511,13.670537704372649
73.73981760100335,19.7604897180987
72.64882769472563,11.734475752359728
80.17553546328232,24.624494303753874
71.76050596576935,14.871709264870661
82.79463861717039,11.837890880327032
75.44615909103118,9.580655302488687
73.8858182877146,13.59648247671953
77.7433618920308,13.214036400331409
67.86186156327175,6.713307737507601
64.94888389428498,6.850127820987687
72.30151000642381,20.987160101977643
78.07263958050555,25.73924056164517
77.42478409753461,16.51461892602088
85.66223666987182,14.29066893385808
75.12610499982505,13.816234198025652
79.37058024590556,22.1002431653037
77.77131021661135,22.956788071585514
75.31687341833494,25.871311123514147
80.53869156566154,9.32774409479073
79.49989282952504,14.600833188581625
71.32266843314395,16.81105608850268
70.24839600829061,22.107811399603563
80.2735748666716,14.072516912047881
67.92646506402329,11.64898132702708
75.60383073703488,22.92196340520031
82.52936229797729,9.857199527070131
72.59360763755473,14.722010143360329
78.93729831701744,13.640389728890513
78.4070234061671,4.540988391292213
69.30674052345887,15.460690397795839
70.65616677822591,6.49582248984061
76.06778763297936,15.597836845654564
71.71504116091714,9.529523473230883
69.86893963292363,20.147226520517044
86.33850075507988,12.731401108390015
73.32091578971014,19.58763866379178
73.96980280960108,7.47783160577515
71.20827645191491,14.662637820605651
84.87806446270024,13.911240295945724
73.5763758597973,10.678274832284757
73.13508345721353,8.702513451869379
82.51820996308373,9.787665825422273
69.55289394688245,16.627210762977555
81.49752845527755,10.733804317961129
72.8159367879538,14.499631247659254
82.8178020715598,7.071944478964607
79.6376229701899,4.977333388285423
72.37393184020065,0.7688532195784461
71.27473570254078,13.65104983225333
74.03073264968857,21.58223712794957
78.71453352812487,18.74501983398951
79.01902790747313,18.53721314664059
90.30723059382672,9.490828784776195
72.96489445558898,15.185151952617387
69.66583412113137,11.258873906441288
88.22386258207634,16.979913326349223
81.35323204420968,15.021721846326464
83.77173285040375,14.99623776719296
74.1759466932101,13.194341378465717
74.31235807660147,17.08126867937269
66.54790058072523,14.575750349210473
72.95293790662632,4.915834659638557
83.61916023556437,13.91259405088001
80.05227010886155,19.633581021051967
74.98481775344742,15.439608595971128
87.71254697766018,25.589611606005718
74.42193691633038,3.8666769911750585
73.50186208755468,18.163599896192736
80.9024105268388,8.282048623574877
72.93975734927044,17.67008300268906
66.66624768175012,11.0575841227487
75.48685775621395,8.231214167837074
69.80499136092817,15.858851979264818
80.44937576204043,11.377726725933297
81.58689428721266,15.731361979553546
73.17700042848125,14.30027012907218
69.43818506002637,13.072531525588394
71.04860906641325,23.31720617347873
74.96826753703387,12.832581278251896
69.54393981830971,9.427618878361887
73.73851836450292,17.388928543680937
78.86746158104782,12.45548584012161
81.58266778217309,20.930544738034065
74.13493862421066,13.838873053560178
67.06934017113188,20.730628060176507
88.92516670562141,18.149686896334615
74.50954494896098,12.098771992843911
71.03802880022138,9.65020763395082
67.5573721505171,14.835419092393677
84.47917969766468,18.55967784916204
83.65975457234104,15.388473649415472
71.28107750973678,18.154631159124097
73.7312573481065,10.97103051055745
71.21522972421917,19.37134712347214
72.23188163205937,21.969732136122957
79.14029474010849,14.998474861688377
67.5851196878659,21.474508726124768
80.02320275453258,8.902536695666825
75.12444392692029,21.826819000948834
82.86242657140527,8.276276262470107
68.84307361769186,14.646434789245143
78.87814422905865,5.218604085476725
77.19210804129743,12.154916326512302
82.24500017212452,23.903236684577365
73.31744739680578,11.497300531485404
78.34265347692069,17.65630015094006
74.17170258187807,7.214055229384418
72.43518377817828,6.526047653185525
76.51017732917512,11.286796368016036
78.26531874431313,12.877174225658763
72.44116721786627,13.54312018893083
81.54695705092364,32.11318474412391
76.33234375186913,14.095830460934637
69.95179264174062,11.251492689906504
72.12212093255651,13.438225329270796
74.74054536446559,9.613067003918198
88.60135795608656,22.660528281196022
78.19326292968694,13.932494743103268
82.48648029788261,10.12480398395045
71.03613244962044,7.943602219425213
77.39406954320663,16.13051771460787
75.14569990313004,13.60089733006325
71.8574493841249,12.797383198206331
77.22120047192352,8.336846849321454
79.35816028786246,8.030397128144429
72.86291919826957,16.412362872617333
76.40254332449477,18.15930822571031
74.89418129148349,13.27784890595773
80.11601837694444,19.91860400992144
72.55376988093096,21.66793567542212
76.85122834307937,13.310469402170423
71.55653115089808,10.71313037860392
70.40927792367015,20.95725682945787
77.71225944235884,5.646062230865548
83.5468140365397,10.26124766512325
80.7403235381361,15.43129259396185
82.37526425128273,17.080154700372205
74.95889783025677,21.617240020302436
68.82732883568164,7.058678851064905
77.34676579408413,17.833030578940924
83.66863921838637,14.734099990098121
78.44453626369287,17.748300303060194
66.44225097006647,22.349780127903244
77.44280825473388,8.549817246429829
81.78592558135311,21.140466291864307
84.61902322580893,12.906811165694664
71.8741605576963,18.918207904636688
76.03119091720204,16.188650588752324
71.94153211321834,11.89728199786545
74.2950755890212,13.858271512751596
73.54784724674569,17.976197348951857
83.47990100677853,6.007058170011883
73.19665570394211,17.518978910305005
75.49729004242346,3.8996981404989697
73.39288139226117,15.83358334015137
77.61348479521322,4.262837519825473
75.1004841914136,8.489292629974244
76.92529241310395,15.305402569391752
68.22541370165919,14.687321610681886
79.4534927434728,21.484171819613927
73.63036117692756,16.042099788159874
86.2219948862261,20.47240399300323
76.96616232471202,10.711031195570865
72.81101766453406,21.17116458415089
81.08522263797926,14.093663325906522
77.3348961485934,17.63664215397439
73.69723675181481,11.181014933164573
73.22867835803306,15.228510320247292
67.77105184642141,13.57740854947941
67.25452432825603,5.2502651733343
73.23235685900777,8.260137393722424
72.39426294093283,19.96746435540756
74.88401178566467,12.03376991605605
73.1032889320934,9.89379224833814
75.9938612046605,4.032722815654726
87.06423051574076,12.057781007235459
76.58459440463324,14.75705504173707
81.88801974896357,14.286857281571526
72.7668492649716,12.626953328375176
72.21151724324169,16.921528982936355
81.64518610255097,17.2320999148618
72.62049755348306,12.27662589504926
69.43081952201148,14.865671892972255
75.93667393080366,10.001575270591323
71.58705673890063,14.213610863914406
74.86244848993925,10.397579158549988
76.077745293571,15.439437539651788
74.77900896633814,23.683441279473847
78.20285950605798,14.250326000101033
77.91730049324599,14.084435684948726
67.71428953857394,13.636629770467966
78.52318313642343,18.23541401927322
78.00059076829636,9.809293754930348
78.80323841714899,19.009650231327633
77.04701757318293,11.034705480317752
84.66456388477064,13.04929743130986
73.89019312762315,13.004778681519479
85.16705448935228,16.07420689528583
78.93948646060687,7.5542980600813525
72.80668223788597,16.145272671509503
84.24965876151981,23.710489504563665
73.32249957762834,20.020840434112763
72.86134712170185,11.027751332910267
73.4203283048398,16.99036205318096
76.62526000790122,24.90788559681646
81.84504992693117,18.66490615639803
80.39341920839931,17.144644369897527
77.12931989427624,13.223230595184077
83.73217559451332,19.1660221372114
78.81352533731915,15.068574668978533
78.63096485324067,9.084438345685175
72.63189865308385,20.537466312918962
73.98667719966079,7.67413515760351
75.4664938617624,10.91987630167238
75.63114454358855,1.558593896626574
75.81436142234891,7.103211801723569
77.04711699693962,19.173829841715104
71.88837095926259,10.148446442033096
75.25219655177906,8.241815019907929
76.38578813778054,20.14067620774051
69.28891268716244,9.639535368968204
82.5979792878768,17.417541106439835
83.83085891777728,12.823886092046672
73.9178533164279,14.105231705482128
78.37113729148626,9.443285923267757
83.18382137662326,17.074210982611447
75.8987426163098,9.196930279965478
77.18092870228352,16.195983681974944
74.07071918505845,16.43025462578278
84.38948933364414,6.807594457892789
75.169829338191,15.44104378688317
77.79558213012179,14.193480536181097
72.17458289444545,10.748472242002734
77.42785163156218,18.913416893229897
68.37377505118593,20.513147043053383
80.59425157444586,19.914443440322344
66.84863371379592,23.190238266295026
81.5412774808074,12.218830241937752
68.82493533160333,10.446391484442456
80.42831274175683,10.349871072006898
79.21361927086643,10.875179779281357
73.46518183082543,11.758176675768842
74.8787447221608,2.773166652938798
75.69097351792625,11.296469174123434
77.86432702212866,17.279933280162734
66.66971213143788,13.145516988134544
84.11588335054896,17.870507089514973
64.53558659151747,6.120962317550884
72.50627769379471,11.529898953882746
69.37191939152814,22.23528329947425
69.41904756331394,18.011917272605405
75.77044886204636,15.674695254178197
70.08312688480945,13.95302023006781
69.89797217099482,11.877091999087115
78.56189609920511,21.16736931182249
80.81390868341931,15.47402680591207
79.83143553498118,17.699862405767522
62.447562222013566,15.560291474617046
78.89792871408643,7.70035309481943
66.2175526220691,15.552869212359761
81.13119500736117,14.840375708101135
81.16659136912203,10.806528191590711
79.12477890885646,12.400715014947195
73.9084619094327,18.583489641839712
69.7234842358808,9.302563631287143
79.62774575835857,16.24231763918562
76.53886293826335,14.246507437719515
71.61011633355766,20.099907146017145
75.76020445894852,25.169607140359375
74.77185470907918,13.392974724875652
71.91807572433987,7.323008978751889
78.16031925094636,19.784129506601225
79.96212095603322,14.541567359256316
79.32149576576347,2.858033603774313
72.2452710456955,14.928122189059886
72.03060344424865,19.63097247121294
79.86950123420515,4.059697520034877
66.08916753186395,18.528698451565567
67.70085025839427,7.549098361722722
73.61859034039577,11.280082571088194
74.05829175757634,21.027554342410127
84.07441199487678,16.706073395888932
76.13163666412512,25.748758650173514
69.981081591355,27.712952238946425
76.00850185368168,10.782825787063679
73.31737999968321,7.158675407773179
75.36514378142316,21.891917898228904
74.60793501884746,15.877749118353655
70.47557083020234,14.457094497600693
79.29734131831745,14.905478490842416
78.47254726434502,15.271540163358372
71.5176342265667,12.865696861729242
70.99396733933267,17.581895769484756
81.3342112425459,24.88975027289208
67.98467251337864,12.24022723750915
77.74652187272996,23.128111614196282
71.16950587740057,7.709395256134077
74.42474551455226,7.998346220629547
69.38727404802735,11.143442420190391
74.59448416716727,5.389048267312949
68.32271513645954,25.31767514762831
80.03484070472878,12.223964617605441
76.9059008657268,18.07339610612994
75.0695085691025,10.071348687315483
80.50721553906517,16.94066985027451
77.28847282002869,11.595981375043763
76.32078511327424,14.539061228837467
74.0062648636011,16.86531173865208
72.95150286058204,16.30498697718273
80.61298472323135,17.349459317313777
88.58505590343125,24.05030631541127
70.98892167989924,15.212849387481985
79.80647952824982,13.0756793053934
80.85412781085509,10.229867008048378
66.28593570080828,13.465946246476054
73.22556257169484,8.17989148833012
75.96960940011827,8.440680008520218
67.67756461962932,7.414342752998303
68.30961400948556,11.99722536611662
72.91889018918262,12.92089027492073
74.22024001952194,14.765583890622336
80.64770810129242,16.06570000783556
80.90905160489227,15.116434692588165
77.84738700248184,11.380322373708132
81.67113192596507,18.350949202479445
74.57197458303918,21.015965554717454
77.83413238412902,19.01143298453845
75.10774887625124,14.984471572716084
83.08657524438092,14.348377500314713
72.98264916933392,31.134824981465528
78.46102975055527,18.216073135394442
70.6422070098647,11.609502785910411
66.77575538517476,14.53662198369856
83.28939238870667,11.528341092516264
75.01089944346954,15.349660789728322
80.1253436339971,12.309511994602582
80.69363672061884,19.195745790490484
69.89863649674382,7.586428622666546
74.25083659618412,19.645727571297414
75.50828701571854,18.0563946847273
74.93792831509481,19.756704190298716
77.9292934352416,16.830478600866712
77.76264853004716,11.873676732519552
67.82519877931175,8.38892183394445
74.61319253351536,13.04227829146718
78.0754799602433,15.65775931824724
72.83969653595878,10.93229122256052
77.96642208843647,14.130009219668144
78.19772230007536,18.16637010865157
69.76789267705298,20.47967388996905
75.55358008033328,19.847652232853626
76.90906517830413,9.57052912549623
73.78692107598208,23.3767448717062
73.74931066578736,12.279094901266102
71.75576215863772,16.942398989166108
79.03769294733334,12.117737240906035
69.69038740928448,17.497984511347838
74.11053826712366,10.345313630882282
84.04986220309117,21.040900528339577
69.82664715841408,20.55098012140573
82.322823005428,12.724099786279528
75.55279650357954,11.249286251608424
73.82862141994511,12.428472827873525
69.8854173419287,6.338102931413601
71.0156435025694,12.696538726220533
72.5971960555933,19.22863638495403
88.19694732384669,15.070685570014634
70.77349718857707,7.947791887331134
70.45118268656188,16.64131213554761
79.14553226336756,13.785851704092032
73.51720545367455,6.822538025035437
72.90250767955911,13.066345587697263
73.21902730953565,18.37296854974489
78.13436149864485,12.298625888533978
71.70860639135041,6.347483525064662
74.4326385240397,14.983060960475562
78.88305585974203,12.594859448608704
68.60786672210625,7.3667616167177785
83.19574957556175,16.10155939375872
73.34031567050181,17.45829738226075
80.50823659018246,17.8345435435647
86.98986223650836,9.823547817210383
76.71464703825897,11.825504710188376
81.66306367180248,6.558224073770848
67.73377883050547,19.742484176550953
78.14165252387872,11.871693902193282
64.76815106699624,9.872888536535879
70.9785763304228,11.234687687649675
68.228614679771,15.776523486940027
71.11055808471939,17.49715976821665
76.93187250758776,14.75423300609755
67.00051606476569,15.44159822821888
74.28709232279765,17.252712327886563
72.49559910327349,11.440838938161018
68.55410240015236,4.516592553171057
68.10283240053737,10.18032554789053
79.21967805850281,21.56268920135152
81.50497710382055,13.789234883656887
83.36399285145923,9.909800179718783
73.30205724815575,13.571537223740934
79.72556990337756,8.617375158910946
77.0949605839267,17.36889282245863
72.08096320554803,15.958280936522113
76.58767575533554,7.372933538404546
75.89557608656627,8.588045331442945
69.53847007664476,13.548390147361207
68.83080834712266,14.874331237266059
71.98204372415941,20.122469367087056
84.50105880672763,19.89859181849124
77.00270504065128,7.797270729521084
71.68402392825118,13.1215792479356
74.313661696539,15.516290387062407
82.73406731105592,18.149445794238794
70.76497570307365,7.297293581956033
73.10734782337227,14.508284118864085
82.5249280693024,5.260526134450618
75.01238838168047,12.734622062514589
70.09237578133182,16.527794074512144
73.59356955656409,19.81613452987729
70.57797776342724,9.873271760869454
66.41021988801884,24.39692894230211
80.41763079721454,6.97895749570908
70.51883784834416,16.11091294399032
69.42767320991734,13.90262532389261
78.84366974527457,20.95862460509447
86.57641630762673,8.50728297692873
81.12132839526078,17.730698538174224
87.04752343390234,12.830890106805018
69.55550167611814,9.367910971671765
80.71548984391957,16.08422529682676
70.7489837925325,14.082212267598354
80.59607608945316,16.33553737590897
77.11736536145108,15.480016812232503
74.48704292811775,9.13054589410677
74.54150654481813,8.83376186286139
79.52371890352393,18.67829997410172
75.76973831080497,9.843362531408472
70.23569660406037,6.105830965030652
73.59529815445185,15.433509368362978
80.7990648619944,19.759399031812823
70.55176050487228,3.0157300564777465
73.4453886657761,14.860730428797245
69.2627212192113,10.37456494117844
85.14855868659782,9.16788587266209
77.8982973313508,12.8994817318061
70.13021556986963,21.570730269937286
81.33742805965994,7.158967045737139
75.56691285193118,12.124795993681118
83.47550423958837,16.86577190724733
72.73638163907357,18.008846375537942
77.85604972975324,20.261446093282913
72.83204641307476,15.376615556557676
77.26467499281725,21.252627092555432
64.8731899161502,14.442809229932136
76.83105009396581,13.87411317271078
78.2902850417948,19.03287012718583
76.92915018053381,21.172813856414606
71.73557340799603,7.44036937422905
76.6282942375901,17.02360037574981
72.53077197095455,10.403931335473374
78.71350366658554,18.418427555841536
78.59088313421654,8.862796145381257
79.18402608907594,13.371297894628947
73.89812171750329,5.4039749999138795
75.26614716827069,13.904115398240164
66.66323993221067,22.88669022716328
78.47889766107713,11.973733441335797
79.83203048049516,15.749343108195683
69.18563478497659,15.745462859713909
77.3366808386333,17.79349849997369
70.00945875328894,7.518053609031843
73.87509877825717,10.498221760357689
73.64244652879357,13.634854263424772
71.34402661108767,15.089045147371662
79.30918003677854,13.687418743520137
74.50672519495102,15.527900745998819
78.37421112180593,16.16429826407354
74.61293363636551,20.859215814249385
80.46047026857171,15.23446604332622
76.17138770293792,12.122734680331869
77.40622288313286,7.037056242736155
78.59313644821799,14.603167478899612
71.1761934701566,14.966962054100733
78.89574628015774,18.942211076747945
75.76677142639433,13.692359079236978
79.86154914353118,6.6218208472401034
83.76571588365015,14.427487852321647
73.72260523203772,12.472151590869506
70.02393096005899,8.9983291669653
71.43649307830334,10.807901727078104
75.45982215816568,10.482459076418921
73.30868851665676,6.365705928094191
82.65721619069046,11.273073934682257
74.83270377379702,14.326717221136553
65.4936513684177,17.31304198848351
74.4010266848433,3.756298451653068
83.03690697984315,13.03130297341271
84.03979153328807,16.600297426131156
69.69283759529426,17.014280319150707
71.9674071548548,19.593551841977394
74.61036983904474,17.783519086732248
24.31353060422979,96.793834245237
42.376648697266006,92.32463676623415
28.44654858993533,92.07006648132553
31.779447701624797,99.91481787856429
21.91304864110718,97.10002232616216
30.448034683166423,96.60906718816913
37.262259646405276,89.97813149576008
34.72883638132728,97.69668773767589
23.67970785257604,92.56682484000673
25.601658016264636,106.49274122287213
25.632268602404544,82.22916108031131
24.28330293199851,94.91221970896055
34.400488243724446,92.93985740934673
31.046319184664974,99.7878680022815
27.605675665011976,81.83985729290023
31.739236084075813,94.06826280420168
25.41089960860225,98.12844714188321
27.37167651038639,82.88542931364195
19.90950881121658,95.21262008046254
25.11812976902084,93.81527369337685
31.591283852514263,88.35137540917242
22.461935237086024,95.38162367228044
27.76111514936093,85.9398317176534
21.60658125275029,88.89175825653442
26.45465828783478,93.94610541972756
20.93406840018988,103.93540470818871
24.629946376975234,95.96833874165159
28.23867658956924,80.48815996930821
25.527126447078523,94.68720000981119
37.286262609242684,100.196713608037
19.607799362077497,88.41815998428777
25.92907291682324,97.61536213129371
27.39929218923488,91.19828140135283
22.287813003788855,99.90299316779077
24.725069984633393,85.12490617434477
23.501716967490896,95.72528212082332
21.633603897261754,89.52733831689953
29.26424662295697,89.54361786262359
34.171303706450985,72.54108732725113
34.07586832507023,91.28828489219026
18.489235090697107,83.93815668178141
21.221082904018427,102.1593801324266
20.723400703275455,87.61600526615143
25.969645013024806,104.65139602272743
26.727463737730556,90.42824086962132
29.987217317399427,82.79102253287253
25.587839924889114,92.52413825407095
27.690600451100224,97.87305013673567
29.139537981529298,84.72582214310059
31.966992556250823,88.76735480537583
22.869179780664588,77.75873869028628
28.530837731126777,97.41863484867423
22.627634362436325,101.43015398039992
23.639776701900786,98.44840255224834
26.354757607372278,82.94951975342312
8.66991387914635,90.76265991639627
37.88166727519146,103.89492770456876
23.798027839484,99.97566993564051
16.70917357564002,97.45348108724262
30.93587135261372,101.92957050036769
27.615234476819225,96.34596874245369
27.69225174820657,96.46353058561536
33.45844322173492,95.84453127086518
24.60378453824413,88.08362184898229
34.06048812459658,90.60425520800253
27.95819070741517,87.80371461425635
31.63842515306191,92.44307945743887
20.08631892574894,103.66187543553325
32.60601415313272,93.18606796510718
34.3453499477323,94.83201974887676
31.733637159096133,81.06185787695948
27.714925299938926,84.2052069227583
39.163642932424956,92.96896479243527
25.585542387806683,97.08588002437473
27.937064564669797,97.96015758675932
29.41707023123697,82.63628844153399
36.59882434227886,80.10263904075595
16.792646574699194,90.29341446241892
36.104762557411,99.1869779304243
34.73918717576619,94.38100388830733
26.652450649642823,91.49705089685114
12.335657654317616,89.13739543346844
20.900574129124216,89.33204347291888
25.101804323941323,78.70374139557559
18.78794601049166,102.2114116349945
28.23548028236365,102.41688145285488
37.041068866376186,88.92308939218846
17.215094330097067,94.9369367822573
35.67490178445,93.0576277513719
20.544202043148047,91.59701753639986
17.66076340387218,89.11675527950501
9.1771407629514,92.97756618221099
29.040471385102958,95.18024939628877
23.80239408582884,102.04942881435622
41.10384242922666,99.88094087408064
23.834442294325214,97.53715813732538
38.05446532320344,90.64642334261832
23.944179020592767,90.81336481145325
27.094730783276226,83.57005186751506
31.29463891377382,92.18855225812482
26.138335404167826,93.0170521107541
30.30923996562833,95.32828684929504
20.360544407854277,102.11849931134803
21.144500367759143,91.83719605240947
30.945597561007553,92.38248811446596
25.721542185453565,89.25102863670256
26.25738795253896,99.38908999780593
35.9812325759045,88.39126133578672
29.02929478443878,88.74713983706413
14.982793390327664,95.8664377693379
23.83067728695007,95.58749713960867
36.18203176977881,96.83923447935186
29.98135020677197,105.8299262530473
23.46325114719738,96.22843745516033
32.91874742014135,89.10473933679972
26.983044588376323,107.02560619617326
28.397162123923792,90.17968606354344
40.926915718191196,89.9273647020116
27.013966145257204,93.65621373309256
24.321797769466162,97.71154865298767
18.818845305457813,83.70751964788687
17.30392876580702,84.3499037249134
20.538583602719548,85.36214361129471
24.33582467150718,88.65392870570723
18.862435134775815,95.94754078910566
21.639018927544676,94.98835175264087
27.45334674629207,89.2274862609594
25.60239491685585,102.8270852318624
28.029796519251207,96.74591244304416
22.057919835617305,97.32936391489058
24.440670584405733,82.31395399571754
35.13853607735266,92.36756006485128
27.270788164431334,96.04941724824843
30.89778362649446,87.096840653031
31.46732975405776,88.38899385959918
28.460098979869258,90.71882244370472
27.046113651066992,87.10262626210924
32.80685834209774,99.4744857886274
26.577381627995774,91.06057256033843
30.797363529878083,78.34063849129531
26.69503608304537,99.65344731666832
26.365034889439137,99.24268295287658
23.152808240493712,88.1277916616915
37.50642362584736,96.42716464219885
32.84832287698567,105.34728392198897
25.185202343349648,97.97785707331593
26.33726321353697,94.764614910835
22.870019627429308,89.37326387810042
26.869122270717767,91.22798972573153
17.147444125213532,98.69977462627003
28.992258746233542,102.71285384286313
24.41354058701457,88.15391645396352
23.977306164156904,103.54652625625938
29.841575055413653,103.07701936891887
25.505128747247575,91.27076104325462
30.1725159049306,93.90765702867077
37.94207004467482,84.62773714403451
18.35647871049877,97.05329342288566
29.51989338077257,96.26843307762454
24.987971000714385,99.88913132355775
29.359131685289615,93.71584882152999
21.659832614275174,93.68111567743972
19.83391356375271,91.8117356904803
29.854736605324472,93.86924736482848
33.76732698671948,89.57291579011448
37.520753228736886,89.0075144201951
22.14071543369243,98.55584596895989
29.122257915535556,84.91938631794335
29.13483421349096,96.58945112091556
31.938967791979955,83.27191879582523
27.28092577560335,93.84063374702575
27.05306816755087,89.6695293271309
30.625758918574654,80.05344964227668
24.50634043901884,100.21506181936628
26.775515314718408,90.26643015708711
27.41717167503206,87.80038037831326
30.706400610075907,96.41128145066912
17.60132847109478,91.5958279330248
31.97850427421376,109.4032950472477
30.082351397211003,91.22033145631059
32.07228772891947,96.46174701947244
37.66618534175835,90.81665624227452
33.49663389468061,103.73601137080551
29.481424024677068,93.56251861732395
36.58232106909411,90.7759253680147
30.00169315951678,95.33094981436143
30.327865656076675,84.18192022397957
23.34548784513929,75.82809185963801
18.950367934631643,88.85270069096121
35.098836029098884,96.18454962748741
31.387018857004364,80.81478478853529
34.37325772597072,94.08115488065863
31.412519311146237,94.59112015221268
28.09972595706993,100.4439035774932
25.1680288552976,86.04936530047515
21.70032887117206,97.6541037565564
14.01969235104664,78.47968808102628
30.44596323320855,82.2927992668387
19.496444096196743,79.18665647043629
18.157317860380942,93.22243141502918
20.782497458410738,83.57818171682224
38.34295268051927,85.89105818783928
37.49980323495622,100.98265828193448
26.930847373685015,90.58068094281944
22.407835915274532,90.13391725695924
21.625961587347877,93.91286843322536
35.249310541839435,80.72345196932278
26.302967192748497,89.00080299759183
33.59819643087701,93.56039234104263
26.861932313810023,97.98352849530613
33.459878010153446,97.74673744071255
27.904250391174717,85.74636564382863
25.04477524571156,92.46712316511636
26.831601028304,93.35101455473728
36.36962740170311,83.46682141223826
27.204594098064874,97.07608628832755
29.225707400486293,84.39251541844247
22.777250222427984,97.35231705263672
34.213345940163876,88.69560590452673
30.42687372592694,79.62007736253746
26.56190488507328,99.46167636832199
24.569846550616546,97.97027487171341
25.236031962234815,90.27696785074187
29.661275513903878,86.87746241395018
22.478778449467985,90.2470178004993
22.37766483581472,85.27956874158595
30.603408402942403,97.57709676555359
28.391210184486425,94.17085087760881
12.803508056454111,105.87724547871314
23.651343003091213,101.0087130043187
24.612506415684102,81.14419991808809
28.316888341563022,98.3361280149491
31.614832767902854,92.7499910789132
17.27856367029816,87.87992569584937
19.694783455424655,102.17588649059225
26.282674996644335,86.29590354765729
34.5389049219467,85.71619601660701
15.723543007034682,98.94318880254566
11.285206180950151,93.64804425863154
32.76029477812873,81.57970384091921
27.791195283559027,105.76326308710766
34.80090260003033,90.7910746597336
35.32278206501536,82.41576800418434
23.605967250994134,100.26881039541493
36.55800104385845,97.93158594827293
15.15061084603671,90.05498978773335
28.944454120846135,88.6600913104558
23.03829397248485,95.2524053937378
14.752429129425733,92.7224494723426
29.464841024130592,87.89896426489912
31.576060441204923,81.02480212274816
24.243310933361425,95.83492524538961
23.984324136939403,85.0774055986643
29.54330490006707,88.43595097160382
26.38019547315004,98.25184695071589
41.586742926087126,88.84194318054814
21.189819534484776,78.29136446811269
27.094911032248575,89.19705130372297
33.13221698353404,89.70288271282716
26.913323996358326,88.27667820285083
22.61511215337851,97.61294232173374
29.237740641032225,88.76690925138341
41.97630317359325,87.7055743479819
35.91162744304218,103.08619921763668
26.96138157445574,92.73078524728784
36.50630670672528,87.40700374209732
39.45603789675093,93.39326374750932
22.979729690556685,87.38660674208721
42.378802220024944,91.72129700460327
29.822995890944444,91.02746632371421
25.049159609458695,91.05742083604387
31.940874321015414,89.82343855506721
29.466757148126973,94.14030107114932
36.576004082160054,96.21114381731006
27.729275060846454,95.81074407368007
26.146016374352158,89.6563424300702
25.879932521143672,97.67330177237768
23.68250326242761,97.04044069446014
27.142072472816924,94.7854653549348
28.664054514436053,90.60818294322694
22.261810216020386,97.62789207478778
25.92987780145669,85.33249396400122
25.17419325896656,85.12287822348316
14.885122821654742,98.19785109088845
30.763601158827427,99.31826864387187
21.03351952014981,96.94169310949636
24.54045768211243,93.63252562349427
34.22900581315941,96.8561643019226
23.689386404447283,85.07704792173753
32.191566498473364,89.72872304367861
29.052043274539102,91.49111971051298
28.711081064533087,90.82627540932288
27.176396295736588,92.91429881260723
17.014286817968255,94.28196157725543
26.423747373343147,81.94741219152785
22.19334898921275,92.18369859172392
19.579522149845836,74.58013476225159
34.347436784450295,99.5273605050977
31.727374339076867,93.73613619541226
28.1305945191486,79.64499409271009
29.380984200288704,92.50044422340198
26.806779879428337,93.9744067995545
35.33774471428242,98.09850884053294
31.416719558517336,83.82242475602015
21.266755133867765,94.1474130684956
28.753629573812372,96.47239113698029
35.698074192526605,95.72051394953402
26.4981194070402,103.08814581676481
29.825154337083717,78.89327025188234
32.4563860175708,91.23162142665679
21.41234950465698,91.47995809923752
26.553486892160066,91.16528941393987
29.770477415430477,87.47015008401164
15.939127176625584,89.7451098695413
27.905095896393977,103.69362468981605
22.932058630485088,89.5982602304945
29.373316608853983,100.55125589841204
25.56203970661642,88.90769109183869
32.18117754868898,94.22423838132313
25.125314375364432,81.61637179041412
30.70252111213076,102.94793961323269
29.952160307515975,94.4721992125575
20.982879206418158,96.36548577917068
28.327630803159476,94.0060646072963
21.856390681687696,92.70488085394256
28.204927781535417,91.97050786717283
23.085599345408987,89.8293330700164
38.68743785376386,94.32411496580185
20.37889327387237,100.553439929326
22.943940111322785,92.84054156559137
25.534946893790107,90.94548171196243
25.537199611637813,92.27630473236884
14.943346600523459,89.12167864928956
32.88589482787851,90.33389955112492
27.842967866311746,90.62025326333813
29.301678372579442,101.48366682089224
21.087928951505752,87.40269729308514
23.416349529503798,95.48583744244172
21.848314109005052,90.99006032463711
33.64609406699603,99.13543932610834
27.682450853373798,87.5843374989946
23.926847524244266,93.09772603304359
16.287056191416994,99.7245907855224
29.222429283589246,91.79917959816342
22.138805713987367,91.41497181806216
38.46327972755971,99.3763776602353
23.079255159465113,87.07335961932611
29.419477373080348,101.75303583165936
20.092589673969083,102.39262227651406
27.86834195670358,91.79541224697579
32.60815973522717,93.4181703305418
34.08542658716278,91.68447442169533
34.28012749768442,98.96047188901093
21.942492304915028,94.11047412362394
14.09617626930815,95.58940024148767
28.97881452814996,84.22385878452702
23.39893040444302,89.97519814080543
32.937854150901416,89.53814488249506
23.979667566412346,91.30790909257998
28.22407713646353,95.2935332072652
19.330971992767317,95.54039464228454
29.489170070571586,100.39365688126628
32.73058306100229,82.42476802136042
23.73186879110541,85.28354910652313
24.895567922651555,97.62137017011902
23.43564774902937,94.02740408946798
29.486721010381817,79.90591737483763
15.34511151098257,92.22759954704273
20.043135485340844,83.60489205924422
38.106747473313135,88.64975799299219
38.91938314521281,93.27833047606703
17.880766525415225,90.98141161717074
33.076860069696984,91.29067518047236
24.119651592699583,92.19487405538857
32.64753229379194,104.48735574143913
26.790869842095482,93.30292196279694
24.959063008150256,95.39480128474835
24.91270016957078,89.42000958686155
33.82504065655783,83.05043958381204
19.49187740779407,85.09811646636145
20.73383225371912,90.8765262414562
20.560206563477642,86.80969969240371
30.584649353123517,87.63699369287669
36.94112239656961,91.38104330359293
25.341155840056608,89.03899833959179
26.73396231169839,90.09834043795493
27.52669728959404,91.70641269358515
29.44072317899268,100.46317457135336
35.501124887756816,98.62620211978984
23.889255024945072,86.01965867940463
24.41420355797858,93.0411784421534
35.98998409058493,95.0431643562211
26.34483212401577,89.0785980461174
28.712946604096658,97.83741344965533
18.146313567704098,93.04126193323974
24.929039168460818,88.76557448554657
32.34326950945909,92.70664728562956
28.487108589282037,90.80366680053399
16.870436318508844,93.07940050592958
20.52221282957529,96.31922756320444
16.23967443669514,89.2171596192969
27.45126943028769,99.14255982479119
18.031372551758146,101.98678392241538
20.423459390873592,89.71730798453001
35.560744285104505,89.12837239913483
41.07945035763956,91.69478319976572
14.644612067533503,96.67029099011839
28.486515070644096,97.22697117011435
30.984931422291506,80.75874494208942
27.715269170702012,90.65998659466675
23.818330841266025,85.15808559533193
28.505425414154026,84.89996589907406
33.12518312131164,81.969691112155
33.28229644025519,97.32715819935953
27.418483128497805,96.09775212113335
32.013950693415076,93.512025841349
23.514124947893304,95.6154321761604
28.63845276828793,93.16763501783593
33.0380933252077,90.80943608637723
34.31585535696683,94.63533939072717
19.8502949306926,92.54949613154628
31.634176841181024,96.08962229384848
33.880635739270964,89.08846364917368
23.8894568030678,83.14204416317627
32.551654271218176,77.3808186301753
20.934344512480806,98.5666125736505
22.282993740804486,85.33264788469765
23.188567701669243,88.6521158670824
31.168802156017794,91.56652835981032
32.812618076519115,93.38080355600789
33.455826209949436,98.53164003422917
30.138443355123506,94.29038905383219
30.01111253800353,96.65234549951181
19.27841465829315,97.22652327063572
27.618574756972436,98.14146099904505
21.07490901057951,103.22381746378008
33.82597961226533,95.40675061881909
37.91460598329993,95.27374718405983
32.125264762553165,96.08242108850474
25.684615320627493,92.42725405217149
25.955982544884897,84.39350129563982
33.40171929777965,97.05355727613517
37.19044212402798,95.47801984063032
28.206067097976305,97.46540779279375
39.7731588810881,91.74981846119636
19.89181626834962,89.16693124870045
33.88582589352312,92.91378425773081
33.683933110931456,89.7565236281002
20.7624767786916,95.30813420363344
23.097812666959186,106.69421644566214
18.44358651864908,84.06562123812563
23.08618732145034,92.95936752693736
25.999864798248336,83.90363060665051
33.51360329622786,88.69553196003565
38.832959475800976,98.43396338694627
24.457887637551966,100.03977228229483
28.604929531700893,89.57272596704391
40.05750783213705,102.67744487405929
27.14405030589325,87.47570717332037
27.8966738537661,92.49332571718735
15.59896274217844,87.88860747471696
21.362913159229258,81.49208917854476
33.674234750467896,103.04385144978139
29.793784151271446,98.28632908056696
35.44561546922635,87.74218784760487
26.880167662786526,95.91859238008563
34.147159153315165,99.07087972147944
36.10905122998164,98.02584086001006
18.15172798784813,95.59690471539032
26.248697849708282,84.48846986355336
24.09327545721266,98.63598240827898
36.885152291649014,78.37736063973385
33.10369163177795,95.46284513967062
26.832621961153844,82.40952489984896
31.3570446651276,88.39827871201989
24.3719710188639,87.54034338432501
34.89903184147082,90.21135320257495
32.85450007092772,91.04082203557755
39.361500787575,99.23536625358372
18.11784564284155,93.63061029473343
29.496900502030844,91.64706216172166
34.06096996277721,96.3298977250168
23.05201236659893,92.18853838370414
34.36128593804399,88.27385564296999
37.480986395063645,86.44554035318649
32.49582626426362,88.32633844300236
35.741104187377616,83.84549462340587
30.703254219663613,94.70578158719549
32.61074327759203,96.82893205295909
25.636160898484892,90.92897469800099
23.588473631917644,91.27698391829637
38.04308403219201,92.76271276477857
28.80189919922683,93.46868886806459
23.713854006258696,86.39249870623463
27.088634184661874,106.84920345780438
29.47269140568976,92.33286991564809
17.89547067707226,95.48975600474597
24.564214368920723,92.91167931960302
14.657492613856066,82.73652894526087
19.127798939504522,82.33323036809405
26.98763164866651,95.40500421179387
18.71303724851783,95.82470250814978
31.47490726473818,93.59181298978643
32.67794387362482,91.40977302852085
25.095430337197413,91.2773482474749
19.104556380728354,96.24877037070436
38.392592660493484,101.77295202878089
14.955380230983769,92.02587146096006
37.4407543046843,96.12500378004391
43.74911333807558,84.94591360533344
29.820535369903887,94.89015843068731
35.14974497819207,99.25111738874503
27.28254113343617,88.16585926750403
36.08469006034498,99.12591781124237
21.330428939859456,104.30054258473245
27.32662584059594,98.20253228049941
29.204362523394693,86.33424909303244
31.98804031627734,98.8800113799591
28.665656648748005,88.83416453728051
25.24387461149109,91.2090754965931
32.72473481432512,93.81038842966633
26.599896256006613,87.57593580274454
24.202294193405763,93.0233420912324
36.99138124072727,85.0368848654358
23.027050595984033,92.25397703993855
37.21516873031884,95.39082276927375
31.76085244780541,98.0576798594652
27.338035966262968,84.7523999904143
24.16530799167649,93.12561531380342
23.83464607251378,89.88052921238052
29.545852282735975,92.92992106946897
26.930478062993718,103.22779338790168
39.747149020775126,101.37219385713767
36.52711859072104,83.38862217073732
33.96992358169325,88.23622660149567
25.51115169681429,90.97560233357702
31.835487491420825,95.14142300642192
31.252896940906705,90.44647113169766
35.05555581344782,93.76127835659031
18.937914904131066,90.10182262709544
24.379327875166833,101.07343406629957
20.65603849406982,101.7181583823907
22.685348965791512,89.62605943666375
17.685630639079513,94.25466034728088
28.09941837152198,95.27714786273768
19.062068628391593,93.97663361787782
35.626114960873956,86.78645658382706
32.10752140827718,96.92171331690173
21.923692468990684,96.33515355412185
26.534984500990547,88.34588824578022
20.486776646982833,99.0033172043568
27.119635194035872,74.18817304981049
28.219867607850468,87.5143374877531
31.074093665981557,102.53475263254919
34.48911465563535,80.57905546969229
23.911318003569434,93.74405606749148
26.47762784069963,90.54216518114362
22.712753587600837,88.83260824070409
22.507445420925983,92.3575161293809
29.377060115909366,93.14795684506633
26.367160486071604,92.88611604774638
29.13195905482477,88.49661658894273
25.103191753741044,98.5076951984235
20.48289435032522,87.15551989731459
30.181212062554746,97.06445334236919
36.453270450762375,95.7178870872582
29.224404773436547,88.86681915545067
24.912090945505817,105.13869241962001
18.969412990841334,96.53803991947419
23.9826696202594,85.4892507389263
24.669536114422943,104.40703952754819
27.438646221836272,91.73700338376842
21.406331604846052,89.3457729716605
34.02933828472969,100.06449797669882
26.864285723145496,88.8281112532683
31.597765616435556,92.09694182843039
35.525787827486255,86.55318545489565
31.667336684362116,97.30977204586706
24.988174288054182,91.3155287676522
21.614469730144314,93.5999277975484
19.257373653353785,99.78914073447977
27.6198900540554,96.33500384309481
28.329256729975764,95.49110198690344
26.627032520826983,93.48631060525045
17.790103385424207,101.18235352244261
14.934560290262082,87.27611813277505
30.87277976500979,92.27508036853492
30.208060078531595,96.66993291772614
27.02423692555491,92.71621623428206
15.131465047423607,102.72154493431988
32.467795470680414,79.1915238850855
26.481136191492936,90.14158325458209
26.036731342771397,100.32410866113709
33.957293334225724,96.41069616122616
30.16157422992843,86.54148107053759
32.46332097107962,91.06527534021475
24.54001455476037,90.62294280519482
29.382124244814577,89.79317152992547
30.41858036342144,94.89667726589157
39.16925913289503,83.87770017955383
37.931264390452554,91.00367345957352
33.82670712853404,89.6369963560278
29.923315462670313,91.28557183241452
26.268191667025796,100.5561511139898
21.343361116641596,88.3970165897424
33.26968074372136,89.04166291966587
34.419216179371695,99.64578423867198
28.692538094827643,94.51996606993663
27.237784491361356,91.30804948364135
20.956971312086335,108.32555808054124
36.748663220249306,92.45202428995555
28.052272896587976,91.61639268728287
32.29784865027997,87.711345271927
38.43956372130437,91.90049648545495
29.648493013834205,92.14198974376201
15.72603230811632,87.1906675341053
23.776421818610626,79.19118441453374
32.42451576008351,90.30665661484608
30.270280396981,84.92705316843421
25.560162296425435,85.74307604626652
22.027623882043343,96.61275489633543
23.62237804304828,92.3021730673649
28.46772570482744,93.85744786695928
37.978490633954465,96.72795246020914
26.15070059196755,86.13769229796489
24.58232738685532,93.81776494634948
18.577780133606538,101.74068350592265
21.893668808447792,95.03975857245872
22.44577766398396,96.60027912514003
24.72354226741154,92.85774986350351
21.2473516908018,87.0153795306263
21.039759633857084,88.51348171201299
28.750265352342602,101.76976767731247
16.92455713595748,91.337261105351
33.38436213422737,89.50428471370242
26.37379191369787,96.39864534148894
31.14237088179442,85.8892418478365
24.871441370973944,97.65666194120229
36.28831259822021,91.53143534146184
27.29552639718296,83.90753418133525
39.31412196732354,95.92834530593593
21.117993750300403,97.07544452675089
30.264192139936767,86.42975141307362
26.94366221240063,95.00940807935584
24.037681190178162,91.5896921120776
24.92850996767967,90.52285231125761
35.01465199618056,90.43008864783343
35.495467318437136,85.89221871035107
38.718293847423375,83.07514537657018
21.291759697314248,85.19093004517907
23.758182712033967,93.74601914736482
40.28221340334087,86.81723000425653
37.78915488231627,91.04436385757273
15.685865611879626,90.21015689112807
31.446775165479835,94.40880146290127
30.317721028716406,87.0512167692792
34.56465683606446,85.87127060450119
23.389495379784115,98.12923331176162
27.26723410080045,100.31759789666604
28.746279591384795,95.09042367016475
14.223236104237174,90.45020277182607
31.48528933392347,95.0948887114255
29.26083564958003,92.89232159958105
24.188016131767753,89.5026963776335
23.99848684912348,87.86713674905535
25.852282246326695,91.62943250814835
32.34017641445849,91.24215529560868
33.62050212666102,97.21442362122255
26.375280586818587,83.72976492910429
34.59048974116595,93.7282289836441
22.971383300952024,84.42999537091298
23.148009115886982,93.66346592465626
30.242046451464166,89.24593245805771
22.04560698699179,88.40825386081688
20.28154131173549,82.78841717119091
15.326444805457555,97.27459889911574
18.25119642148416,88.05012105527663
35.07104076778713,101.15603016826242
30.56862815941262,100.61586992742275
39.37200902340112,94.8742139031632
25.826084710567123,91.31925402985546
25.50030807929696,93.75698599890187
20.706387502425436,98.16124376509183
19.127769225160762,76.89363527692862
33.852566959423804,90.34818411987519
20.41151707201034,100.47881266191861
28.234549520428182,94.20177496418158
20.766132161225663,99.87984437996131
28.607442297049317,99.82402526698249
28.789233234872214,104.7276165017049
30.8723443172078,95.44381308474308
24.459497408914626,91.87688398749586
29.770065517886138,93.86078235313242
25.153636141043425,88.05164506150123
22.912606343603727,96.25652892442072
27.55618039930284,97.57042539106786
21.957524017528293,89.16237299026699
21.589995907467916,103.87200928049907
24.883282242369546,88.28320268451559
26.55889830953371,93.69660988800955
26.307632358213645,95.59341448583756
24.820678106482273,90.31359197024388
32.717422415634694,94.61174072212442
28.021255073496764,92.39212821622282
23.21108683403274,87.2314298908367
24.618883094707076,92.69513160385732
32.13338722332306,93.95630565720147
25.93477899366378,85.95706872820617
19.52266855543151,88.87930390010565
32.879720643429664,95.1239693738641
39.642340881588396,81.82738677722287
25.712643630444838,97.11938891111582
22.631588900518533,95.88220784842642
20.57344533651375,87.97068015806359
21.08320236404035,100.86408268910928
24.491730225051203,94.06441385120358
33.63437875133415,95.73205779714014
30.523648557253413,103.266577473655
25.66830336428043,96.46112964494215
33.68102358150282,90.7924698220294
35.07235950327916,97.1194643593817
26.802527611768173,93.86835848905064
19.742442696971295,95.6162700963743
28.5211350962356,95.28744806303015
26.937382938815322,92.63160432734344
28.12853567772367,103.28087847203011
24.5417882688778,85.59434711485049
25.556991671594783,86.87917821837254
23.175263266425347,95.90539503683657
25.548435649492838,90.57860325671933
25.42033965922072,95.54371925320032
17.51691139216613,82.86676404925808
29.58810810594194,88.557804682419
15.302783105444673,95.79733455219885
22.51564343905526,93.54395886597246
24.53815601907866,82.1104731822736
26.647640754484424,81.25249807046796
23.35798398301496,88.99700536260902
21.11081343331989,100.16315953824332
20.924139556324512,94.57811079055347
31.16002344147367,98.50775168074992
24.196223193590246,85.8243166878957
24.768298617770796,82.9039313619444
10.652444233498024,96.99008963420503
23.834010292537407,88.01848611989072
27.745532265064153,85.42725016363053
33.16120153311179,92.67497489996387
35.014144317025796,92.09821628677273
32.7260522479105,89.44754850230726
33.552952569974074,94.32275513010829
25.173726570758213,83.43266907470385
40.108859189456965,97.33331533602316
25.29592478242079,94.43292352058022
23.581718669455928,91.72088158403533
28.90416960980334,92.53687277224064
25.166444826468755,95.53762077707869
30.623839069552858,103.16056615185394
33.708140186868555,95.17080955226562
11.572556839012421,89.74504630910937
28.85715087343221,79.33781390622309
30.915647786046755,100.455475268679
21.011009890805738,76.4873935249205
22.75793550725728,105.11381693464446
27.349848002861318,96.00822374933665
32.69705756951056,95.53033870786821
36.221892977716465,89.17571620827322
26.18899383343976,92.53271356540023
13.523829930333237,93.81116837341605
32.522827462999764,82.51095835663907
30.495309506477845,89.29417384122483
27.730221664363587,92.96103127053624
18.9560324074565,96.97694319828675
27.514887645970596,88.90704583186832
27.23253081530142,90.56665010137613
26.420700481835915,94.4317268487327
26.35261681597141,92.89066779237342
33.85093041487805,89.22619920685116
21.744904367063537,99.58068802872927
19.185249233618947,98.7356327531378
32.69540576097771,101.55873683030043
24.170554498550516,85.79428305627322
26.72163777106402,89.7954672969809
21.593794810681445,106.93021056249236
23.826974079817944,91.34315271932657
32.73395331573153,86.76958544175719
25.040352188746088,95.74142435176044
27.94569853667938,86.52060780492833
37.637363509067725,92.50419386211685
24.984869697261672,88.3384897151
25.809556159163712,95.16808801434456
29.60961437564513,93.1055902604506
23.456390793643067,87.74350480469525
33.41447293062523,84.25790707162797
21.973001174027093,104.14041545981064
36.53733121812136,98.40505630375046
20.66461201446261,92.57878364095114
30.48316063270341,98.91045240562231
35.18644938702505,92.71159639328637
26.043228878216542,103.82522952752747
9.41932386711607,94.87273260893413
13.967888033012285,87.24886780897594
32.516437621983414,88.5784318616715
29.545472252470038,103.60359114153815
32.20941620327688,99.6129454358414
31.565270765921838,92.07887119986563
18.524344759411576,96.07792267785827
22.8327478061133,88.53511148137284
27.195313065751897,94.58447995512095
36.296197194356964,85.58249497008967
25.803564267543248,85.22302816653044
16.21692240178543,95.81952999060054
30.680163551262815,91.88160975482998
25.090620284325468,88.93603787203827
29.65551634405428,89.86303752679893
19.747640900958267,99.53330444294237
28.528686266052148,98.61509329548824
40.42668692553104,96.46349655959925
22.17592380928415,88.25712633871015
34.76450591908873,90.14275454294086
20.397561535152928,82.19450876087538
33.108359200819834,105.83796898960146
27.300668128073085,89.69081679386731
27.053498660718443,94.60768833417369
35.414605298059236,101.8155836675395
26.08697859667118,84.55513369112701
19.076681891018865,74.22470832873367
26.248757947906483,88.1643756578512
35.58726896516323,92.95384059836123
26.492632953952057,92.41167871359967
23.70389944275893,90.56959403250698
31.590997936057175,81.29134238159808
31.771597631312382,90.48914707918439
33.09999416978782,92.8421856135684
26.46844696142409,86.23572415292078
32.099033572430244,102.50918783508617
33.84200553876026,83.87518071636197
37.2784398459504,101.83589534835515
25.63565732801366,97.95250244246851
29.015035380861473,98.02332261949545
30.812858380168223,90.92870841992666
26.780742091082583,83.85705016651245
13.076458752452842,94.7283772025371
36.297127340628684,93.54059276162278
27.85952356478575,99.20609742315571
28.057461679260175,89.75756887802987
22.24638417348224,83.75190823276644
30.527967827619367,87.84019073411127
20.3682601606779,90.71199621701717
31.91853696858585,83.2096252253292
26.11777892881691,78.88741411350671
25.969855935743333,101.69996010266104
33.231832907581584,88.0307164953692
28.540734643752533,96.81132070049641
27.029368644662927,84.6210738602852
24.57360372070065,96.31491350740595
24.720613213861732,91.89478898211243
20.54523505667447,90.20080450828021
30.108386138232575,87.34694155089323
28.103034223677625,95.30830054595174
24.031800034066787,90.44442506268008
21.990566910605843,107.05263387315743
35.24735496604816,91.20255983100101
28.55187633705619,100.33318486916286
29.16071346995939,94.42432756857997
32.5393505295672,95.49432754555022
26.071567198134858,80.06215704225163
36.034306278293414,86.05775041409481
24.89375862904704,89.27774324878014
41.15021255035216,95.50211957659351
36.031283718062774,98.59790249825454
29.3340224345722,93.33774471793747
25.98788565825454,88.59399771085315
36.321136096412566,89.0915560145778
28.87697568646766,87.44221655142242
28.775312873829662,95.13701783749768
23.945747045037283,95.31611790887563
20.749019695572223,93.60508348426278
20.725476452791998,89.79938283379529
25.02855052507154,95.00475771710235
32.77944881806824,101.1408670757921
22.82074972883838,86.00757387392314
29.5182346611313,85.26670088233604
38.046650171541245,88.59113582571332
19.03476254296588,86.14930248361001
35.058415228142934,99.921297774915
24.76943314942804,91.3866637272309
36.815405220708676,106.23964343979512
28.66527832254798,100.30874334500545
26.9066818459225,81.48131456251967
30.671739484708667,93.8737216911008
29.968456253652143,88.08460224913506
36.743084923193045,95.49559405646605
32.87701553277927,94.11253003074692
27.596315421675833,94.18670420669622
23.996146749494482,90.58651566918276
30.819786167547903,88.97043674599952
17.01686258869148,85.35348476830626
36.70258138942858,101.84985444513983
28.348731573450447,89.72437194365077
26.558445125514677,94.7292409280604
30.4960156174723,99.20897379933277
29.5905456735428,80.04481089221825
23.139895838021502,95.66553672697587
12.640830299852245,100.34808376066854
33.36331012426154,93.19546147012696
20.80458896816434,99.50108494359318
28.604601228218996,96.95087303451172
15.893254396721238,86.96572335401441
16.454787060696255,79.75706328554939
27.63432389192534,91.88251749424664
22.484289384144457,88.2127267956459
26.648424993780573,90.33867823004249
25.697871102401912,77.59542769776543
27.00870664137431,95.0596143663772
22.985216549499437,91.21893610103423
27.86169080336238,96.68710597594094
24.957623550980678,95.27174615089324
32.175187776396015,81.78267227798408
35.6688715201426,102.07195474211497
18.09889906608853,93.79586170605768
11.954497937126929,90.57796134963043
24.663151341464392,98.8695830552312
33.5713880801115,92.43856197362896
34.189196138500805,82.0180549202728
24.73824968033467,93.80820514012584
22.502643768452806,92.93441022165277
35.12255086234445,87.78832166977956
24.539789957480878,85.29341225964623
14.302503934034311,92.71063185511859
32.90234352404421,95.59201187525251
20.4489879892827,90.06660021617198
27.249263365639788,89.4137490419024
25.257164939345127,99.33078248981546
28.120426972848534,90.37892950125979
22.432508839660755,92.05608683449017
26.2385770579157,102.99609262972169
14.131112615430274,96.7839098238042
29.425037478520206,82.79382122564785
36.50682658860308,80.27349193041367
30.724228382376108,87.25334380703224
29.49231055055724,95.46814328033484
31.41170714008661,90.14207536323642
20.752607641215405,97.61789899075339
24.931223836714278,104.40774902828964
26.15475430110342,89.03298332259646
31.153723139118913,92.25326986168612
25.446304061560202,97.06620358635587
20.802890655981372,95.10561079084445
16.114962184273956,98.35550673604864
35.535267468242864,94.6410832564758
26.080990267554377,98.7334986513097
21.20680321442517,96.03191337450804
21.71239359766835,91.49117141311113
18.022070213416978,99.63151547754723
31.052835938521405,93.51506518103241
28.208955479470497,88.94761603371576
19.739836989405525,105.64697034076868
26.269902383722986,91.13342623155555
30.997743274907865,88.70765757966461
23.922223077272022,89.26463977872537
31.709365871871718,86.05533218042928
22.218760189690915,95.02447918314671
25.582198062454452,95.41830390455472
19.179254709621333,103.96732876688351
17.488732375712154,100.07425865342101
26.38399963165511,88.56788262521218
36.840663687358216,92.97948889980563
30.255929801676203,93.46282023092196
16.248079554671328,97.24622373145748
23.81754814397226,95.29646828233476
21.677126648503084,93.46387277636725
26.776605785986156,93.23783844008142
30.362235138600685,85.80119075409858
22.3632371907511,107.70210420583652
20.89957650470774,95.56389997855882
23.13934711831382,93.21071836104034
40.44672531139932,96.35591605250903
21.742918030232794,101.31932012102561
20.86846250213549,98.06683288457663
23.364368559418157,91.29042132448993
22.52359425054712,92.5289448487244
24.962354334327664,99.21902773126091
26.86008396166695,91.1449747583981
21.342216687482782,105.1606015738223
26.594919321083996,87.09254932212725
29.479869544490427,91.7951493939176
31.849308603880452,100.80410462059922
24.69573627655249,80.28794034342502
24.468301112669355,92.25205947972289
30.45640551389739,101.83600937919886
31.633989331367033,93.33499862157251
39.68478181217906,89.65768090560239
34.27669419340555,103.57847708907605
29.63292889097909,89.13391504227788
24.312646147421308,95.28358018112313
36.91813812214996,98.72348615417938
30.85360621309928,95.29549836432756
31.021208220908807,88.74558575710579
33.20236877240863,96.61398365450712
27.08009925956994,96.81680810343866
31.97815083662669,97.41102088452219
23.00096481538711,90.11038193642729
24.537240597289415,101.10750221145733
22.000850127411887,93.68281378610632
25.29910627838557,86.44199247742412
28.41575685522817,93.68307114199412
21.454641316592074,92.5493065863322
27.75688245930521,92.7378787884702
9.769637797275497,95.30642514611677
29.792748308860602,84.52524027117822
31.057504737353437,89.8996380413453
21.42944841091524,97.05680773250913
32.92927243745521,84.35616157618274
41.98355668730434,80.98478162666763
27.918439141079695,91.53301878764313
29.450439141122896,91.91026943893966
17.529844976790436,98.53073343309683
30.34741331726985,101.12589720455584
29.872008084866664,90.0026301478366
22.538553380281407,94.73909630967638
26.060591699018786,98.35060386690274
22.779342997109254,93.30176911367572
24.64103632116094,96.0270943716653
22.820847434795038,92.87582732284315
25.44423487524081,88.21429089132042
35.87552759374256,105.59428988820862
25.714483189175006,95.1858907605568
24.962887279318764,86.27123521272519
22.71614621817138,86.01396243924634
30.84674837300286,86.76635258604243
28.59655270033748,89.70500178847236
33.95075048731088,92.19549091748135
33.65011611869236,94.75048799188255
22.702752947829417,90.7965850440194
18.654714955252167,94.62400174594192
21.904370586353235,93.97828609914362
24.294458239527643,98.52845325095778
41.13839879386903,90.615395793962
31.051520711152417,88.39935507887563
25.59684407314042,88.07626421493336
23.6562417073333,92.16570376120458
23.04114781641575,93.22568318510395
23.359233700755148,88.83580366164308
31.798339840826383,91.99348279838453
22.680340507954494,91.30653741189973
30.393504406149358,81.19584569101877
34.20631334970446,112.73075617767711
32.004891742419126,82.45995962717176
35.459455481967716,88.96663800036973
25.587775151691293,89.84983310947857
27.2680344042715,87.38337011628298
31.734224245634476,84.74039761858013
16.790756057499394,92.92492831682542
24.237268031737788,97.6612319651498
39.30537784420051,97.24295446858638
41.02894250460997,89.94883991688626
24.242815777188362,98.0474100464345
30.127642817641913,90.25049061348531
23.237738904657647,91.38679660893891
28.69948134577701,98.49278648500444
24.46690596874305,100.34516369099597
42.66333488094698,85.96860190106327
29.25439958905718,92.93443735102099
24.900183831966167,92.16722985657788
19.992741180208096,97.46471187736695
31.792374605152965,81.64167472241752
16.33562068970037,86.32039515665473
29.50624978215099,89.42932622916206
34.15439928227409,82.77438943155124
20.624077799606955,92.0830205426837
23.202668769955118,101.04976394849666
40.80585803914809,86.18913668029728
22.528485611869137,104.83578612190684
39.18818633892805,92.71630943330753
27.465243294030692,96.52707365783917
32.61600410664394,92.24871369255061
21.381562394567375,91.77352387531377
27.417507715598525,95.16923744927139
30.111027838236485,89.56187462823377
18.35991384531455,91.12843907733522
26.63115253110312,100.32784921757718
20.80771253868033,99.9980838097812
21.40559523885172,95.75555607474601
25.421771505341624,100.02495056351609
27.15083754299765,93.98069273851844
38.715698686290075,102.16446194275534
37.18635494255588,88.72635761742993
20.89777477206746,85.75119866284697
25.21844139810975,100.86166729556449
14.61020411590271,88.82359237800422
21.860664010715766,91.35841830098927
28.456877121126237,99.05206421796379
34.34922200292502,85.04159540763162
32.14964151886296,81.01760053489535
30.768737264523963,106.99377794450633
24.820246780262078,99.49155794233647
27.599830776423815,83.2321985292384
27.04022446431362,90.81891093311961
41.98330000744771,93.5329672526361
22.704418905123532,85.48395864480098
30.049370245715355,96.19416833321884
26.156148686213182,93.18677890003782
20.21626872661576,92.91949064570775
33.94891452219814,100.32617834345676
31.760141779379815,93.34013629858174
31.122954850238894,92.44708314436943
29.51207081816658,91.0156394148318
36.98175366573152,89.396736590818
22.96291998113157,92.9197211576011
30.00333820169129,91.24606844969584
22.61929640568817,98.10053794799707
22.79480147973552,99.287435686371
30.197925587608268,91.50298116710387
23.821744294708235,97.26161303671041
38.36731971393807,93.6456004690978
19.629886041663994,92.10957498522109
17.770552860141805,76.83685834663635
36.0265041337053,95.77904574480111
25.03739768182467,94.11150607837246
34.53157809648374,94.15055208814383
34.32302383991991,86.46469485913703
30.686885844998347,96.71323464010283
26.435000629567313,90.44383596093503
21.771949222581288,93.82332834687462
27.92576637027044,97.27809661309728
24.660823552209415,94.99996302290027
21.446082467231744,94.4231263723305
23.069334981510035,101.9499827886273
22.968884959867612,89.27931048498425
25.54750349703551,93.7567675214713
13.30043618601132,85.0920846879698
17.874764416109613,96.76480589059258
34.51846614751808,93.82656498809905
29.08285340435585,91.72631253932788
28.25024236176535,96.76581742123813
15.949510574453212,96.27355718006096
26.039532239978655,92.80157551443374
27.177226232294856,96.16036218579006
22.93103661361111,87.3186205493336
22.126751250346597,99.38362287533162
32.927071499488015,103.44550521190554
21.691822301634115,91.02459305244078
21.932994635849482,89.61292608137805
32.69468850764845,100.16549389678296
23.37280707467851,89.56988532715692
25.2033640263742,85.40178151963906
13.596099956664315,95.17345569301693
25.18431507318291,105.06743311295044
37.84496042161672,95.49553441321666
27.62317425870916,88.67724270226077
23.89470598956118,84.51965781946907
31.421945419043453,93.23860176788467
40.541600999675694,93.0397086279902
7.084281330366871,99.05344732532464
24.139905956619153,99.1714164059597
29.182201132566874,88.14338199924849
34.58354419852676,72.4351663946879
25.1931132192843,98.64611460567295
21.325577800912146,93.70258335448693
29.38010281509453,90.05834423092618
27.173639351770113,89.69647066279808
29.038560421353466,85.86375592828153
18.484962117890134,93.32611205609967
34.76425487621436,95.00884788020025
18.58855731175414,101.32818146263763
28.370482915758643,96.7834873004358
24.30397791006171,101.42237384940199
27.96046942179446,88.9885914718096
26.976186444628887,88.73304964191315
30.732637261044623,91.80438001672913
26.781284217300257,87.23735692590917
24.573871472861654,78.33518314744697
27.601977962537827,98.0284757111769
27.215228548518272,98.4043118767096
42.43692927141101,90.33624676897216
29.590100853091535,84.35388178531758
22.919347480890103,100.7941938512663
32.35095251648597,80.72191184437256
28.11881319030475,97.92063485406914
30.01104247914345,83.84387067603339
29.54792135622842,93.97345856347152
32.03749298638883,104.65680713976191
33.09297918144133,92.2524068834681
25.875429728134545,92.48154700358425
28.484705643313067,103.06355147534083
21.005002535174427,99.93305888385414
26.342878356739742,85.82794633125845
25.894495502101627,92.73156107486518
27.125672642748338,77.62133563175277
23.081220911979393,85.9129247648333
30.90185323028772,91.7727418320027
29.769379294157243,94.8712510679436
24.404896966519605,93.23548912060053
38.089332265709885,97.16001160606837
32.464237270966336,94.57913911715931
40.15667337331807,90.11952027160487
29.292244124512695,85.85999682438403
22.56024391848367,91.47089877649711
35.411847104841044,92.77841172424242
29.16081121857555,88.34435207156677
34.35359349340617,96.78186310730757
34.183898874050804,94.54394513995675
23.88906132910164,93.93890782382748
23.764734998082453,82.76868167910196
25.13870555592466,90.47095014949653
25.30210137047795,101.04153138555279
23.143627375440285,87.67042010481266
26.166857252578613,98.7417853188217
38.519321401696914,78.3606319888609
31.948727830446053,91.4667957027433
28.215860018987573,89.07158276381394
21.303829852706606,90.12687297165046
25.189207681067124,83.70068178636113
20.20806671862675,87.17814980781417
36.83062084584587,93.9395453357135
28.589430172997897,106.61847417286582
21.09368723292259,93.35699580355863
29.80750386085376,95.78139302262817
27.1046494544907,84.5347375806714
18.079725226714302,96.6967662999542
17.471549624248198,79.03140918867712
31.963694425506713,89.40742151148933
79.21145886806613,79.67971143274423
79.83804590029958,76.97798108948133
80.10719013187216,89.26642027492613
77.52499783618784,86.75445430553172
84.43556205478014,86.70052737769035
82.24566964448576,80.72444927657884
91.21612082460723,87.88632855526511
77.30203998337781,89.03052766378376
81.7779743606693,78.85064683706423
83.9356384140317,75.86208000661165
80.11027143520917,85.11283571612977
82.39525182613498,82.99703630387413
83.93895886043384,87.63382554041891
77.15289852310276,87.95136765026679
83.63930779057546,79.12200170939519
79.04195439758915,86.760196552564
83.65647742280971,78.6163317747769
82.71393179082729,91.7583280741504
78.25651013647386,87.37845970372472
84.85081896313953,86.6583911885856
83.27734659305574,87.579783230807
78.14858768002878,90.72050238730006
75.88180959824255,84.93893153852554
75.44002079959017,85.89609150005752
75.67689737669998,91.49896944016612
73.27087051990094,83.55594545272247
84.63090657054755,84.02674886779329
82.99283525544719,85.65007306896132
81.43173267704746,79.70890143539785
85.36376102723366,84.7439480297156
81.71548739945538,81.51574870081748
89.51545351734998,83.98575144330155
83.6262461883973,81.48464730340957
79.67332993153121,81.11983392768407
89.3137820186095,82.2238294295492
82.22385461038405,88.58503250268433
77.03240539110533,84.93459641296707
85.26819460628974,83.76766331387408
76.27379612422888,85.53622730600219
81.48317389207719,89.51868645100105
85.81071821134914,89.21233221140926
78.42154820261786,86.03022342689489
72.70274851567477,86.64834553344063
77.60440863703538,83.67153067402744
78.55609725313006,84.70405719169327
80.45464269784162,83.4797313183291
84.05983322012771,85.26129519135026
82.44709155397871,88.99812578654348
77.79653569863252,85.7321670895253
76.34891552592994,81.15748976141326
81.9094918576182,94.28512136639051
79.08368252194158,84.78834284415437
78.27573195848218,84.42364314139854
72.33042028437633,89.28491450555889
84.6376201028885,84.69440708884858
87.41743522354713,87.63743856540864
80.5856364179143,86.55208372211186
76.35477901092864,83.48074541133339
80.55816143132316,78.5087764753227
78.050923372356,84.99197838103935
76.87887060193262,90.60682637966683
80.53518908870544,86.4269412609166
87.46303027238385,79.31942994827453
82.47130517207322,90.07954819895066
85.3616906359527,77.70884217339685
79.43111596800998,93.30024272220483
81.34813687539098,83.6995105956624
75.6760778775327,91.89359755552621
79.64989542611616,90.50161988736969
77.44251287265928,86.04319968841685
86.54372132255575,89.23145808348157
78.29110973909064,86.32062287920698
87.25624275707138,84.0881406852376
85.84979109520555,88.23122810016739
84.70410227701223,87.29735297555561
85.68906141803505,90.37788957127636
82.47382179653658,90.57888428592277
80.42520881253279,86.83498550052066
81.36835263134701,88.71937657882431
71.03101491499267,84.91512483970111
81.08810643496733,86.80459753779678
89.51840073214353,84.29064886408105
82.20498859874421,85.68204638936415
82.62113641048053,86.3845458284342
79.74765973059345,91.85472479286824
77.92779129503946,92.97978818683532
76.46766299801182,81.66858809374986
79.17385249698803,88.7339071374681
80.94950095535422,83.09813693261573
85.85841135167206,87.49642839380351
82.96301432166828,86.08088067761558
78.4623576260375,91.18971370941821
85.08238448461294,80.78725355429431
79.07531374656793,87.73000468177837
86.30923121760672,79.52034514139812
78.60342291630614,94.97727871771501
79.76065891247362,86.48864337791173
78.47507663944924,85.99459905585414
70.79247533278206,87.46122000450109
74.36882843363504,84.7693582013768
82.1794988521935,80.4657289155303
86.46198294149788,86.89653619434014
87.1522483481777,88.06144614285743
86.91479454872567,84.32404178471619
86.07895197181149,84.40021579666808
80.26922336833769,88.7696110584975
84.01456833072096,86.3777750068452
81.51347519286195,83.74348435700898
82.27035132260136,81.96246743328547
79.77081973557273,91.40005654598367
84.73047143776093,86.66754074312269
78.19033231828116,84.03603927197362
83.46645050062743,87.10451321833771
84.24482889682658,96.04116593221727
84.62680316491742,93.00738737980173
76.85259387808102,89.31858137166958
73.51635242030035,85.94657228645882
81.1451345180657,78.42079015635632
82.90636925802936,91.76528840568085
79.55938331472944,92.18279555611852
83.2448804365541,88.52219300514395
79.28226216363667,86.04743668468218
78.90372244796313,85.11616371060491
81.08500934469413,90.95226598189967
80.89951430699394,88.06194260102455
77.86367967038309,85.75707567715908
81.35870121375565,80.11443389337073
84.41066761904226,91.9587071273321
89.77741187290061,83.36849127013822
79.71853339954892,86.02041575888055
78.23135272933449,89.1668787349909
85.03474834201806,84.93432395689905
86.11999951896858,90.88288713450433
74.54159836820634,84.89829509985123
82.182381158977,83.46437891576285
85.32609305437278,77.50251674469285
84.92046976548184,81.2547113610223
83.75905019329642,89.99149465514407
81.44579112594766,85.48899009163146
74.86681960604511,88.77929556817578
87.78840553214876,80.09604217867738
81.19346756517803,74.40715450785898
76.40821487635297,80.7249916012315
83.28502971800452,85.8416197995642
84.39401229481106,78.42056651760589
85.71213371402791,91.19763366672686
80.23423321306639,86.77941608554518
80.52852205011106,87.87096327179341
85.1492031713157,83.00230688311007
85.53739285814207,88.60889430587366
79.43966095223999,82.57434977898984
85.40878969681692,91.87941536547812
75.08108500020784,77.73191793140236
82.33123219189991,82.71968971476254
84.91058783890904,86.08077380545129
77.89366073172204,80.77261250132793
79.34945063163157,91.25437511094239
81.19802948658155,84.29525227476252
71.85203400713701,93.12561637407299
87.1007691028589,84.64853592842954
80.60474878259231,82.16938901270801
75.70075812025974,90.97872650230552
86.22396543116125,91.88346322073797
87.71652120459942,86.6571230874637
78.91619409197695,87.06538838657762
80.40440518830047,86.98174575574532
90.22413308984112,82.0603334789971
83.32277213388615,83.75439814067086
80.08642107281842,94.07222277844173
78.43481251390148,89.61527888239856
83.77589541154073,83.24865402773314
80.99318015167441,89.23081486496628
81.23310519183492,79.27801553679339
79.37493334084526,83.79606091353341
76.60346036332835,91.0711138154263
88.28663797971515,89.39352417438693
80.03834451514653,85.12970860452454
78.36867685410232,90.05361510223842
84.30479102526868,81.43549575965066
79.49988386686435,86.66905955524301
85.01874199999381,81.02680039975756
78.13979537181055,90.74027343462342
78.36613950942011,84.70904534154498
93.44863292188612,86.60437003889606
76.46236317310833,84.15049844848167
81.1712684077734,87.53322111085903
84.02855972998226,83.11658310418703
80.95582113388596,88.5456771474924
85.83501855084894,83.20134776859572
83.3805794016339,85.74633437217585
82.30914366193855,89.00825805714838
82.62952131500693,82.99592758501093
83.88623690625863,86.06958074582947
84.56284294632464,87.92176798559535
78.84090615125704,88.09533086122053
77.69181761097965,88.1218640678091
82.19422767587447,84.29717031879868
84.23888735103816,79.82875032114259
75.79989379233602,78.61229685424867
83.27940929697256,86.86024371536513
83.1269853358194,86.23705951545287
90.20384309071684,81.73585044840662
86.75050120975173,92.46420585392848
81.50427272214185,82.36040069724169
78.86572565666674,84.38509332828943
82.97329711735166,91.3926613037811
86.35465737417256,90.39755268873243
70.0308148683657,84.59684650628827
80.04418077708063,87.95889334102634
89.59206928128953,86.98304285529159
77.55871377626265,86.12423294749509
82.93004488324056,94.39826617047642
80.94552557885739,95.85027696292285
82.66087532654659,83.41368671407145
85.42186324662163,82.0577230350324
78.61090038390633,79.76599084263823
82.5033150936731,88.27811819901888
80.50357995834223,82.63328163093544
78.04000605447537,77.8739728009123
78.44894900982246,88.71754033532685
80.73391493322082,85.11107149177673
80.33000799032907,86.92085470411286
82.4272138395918,85.26711502564531
76.70293086959855,93.71937795878179
79.13322052805293,86.74748031620656
80.30662792855358,82.67955918244374
81.15523914412067,84.08623484286859
80.784468261806,85.19044512743287
80.48050206443745,87.00581299723741
80.18300695355244,80.31370334027365
84.47166080226526,82.29375456623949
80.97969627963847,84.85348757304232
92.63485175204251,77.74472359895216
83.84201326451445,82.19273046161071
85.2136458854962,90.21629700158961
80.30337161026469,83.96740665158073
86.89476748969089,78.57474536953218
78.07051821694856,92.68221129549983
84.18686236964508,85.03238701000026
83.50272850210507,85.65047082523058
81.33938379420553,85.15414878946682
75.82313766217443,92.30218878219804
81.01276330394015,84.81450096141246
85.59626391558544,80.71918405473804
79.55912222498391,91.97615471849198
76.91380462845585,87.40036722494013
82.71262575648186,88.27155915455877
85.92944665372133,86.20344218380568
78.56283995445922,86.50891216418246
81.35780185798055,89.31642993649088
80.29628538121165,86.0156437193404
78.77581380229297,90.730048812457
81.31757321663493,79.40959159049491
80.57175386597288,79.11011990715839
94.69325899064143,90.86144139235383
78.73142409004237,83.39670320121313
87.18950644932727,80.23354160472503
85.44281613646257,84.9655025313816
82.35370500260838,83.07719922499201
73.37204525848043,83.95542485296576
84.75665193395328,77.9163370677368
74.72399461792199,85.27239954182521
78.31780365723385,92.88220838017459
79.09664828772212,85.09764601425252
83.9346023720036,84.27620266860453
79.0268637100798,92.57186402856338
82.73969053464734,86.83270574947356
82.0296214043451,89.30401714053123
82.45051720768339,80.99197149091785
78.44412254209031,85.05995833007144
79.47582046547672,86.52736938647534
80.31256975518446,83.6635642581049
84.38100835802707,83.98348601729599
76.80626771456633,90.10018906774056
75.43223096381004,88.22301133572364
80.52037506845717,81.45782081597143
78.41545786948133,84.18085673693747
80.35396017672959,85.64381968716579
88.28135113634288,90.47714186952801
85.54669241805504,91.42098755174774
86.66019597082517,89.91614856472441
79.28582637296711,84.00213758409147
77.9337566526789,88.95254161742604
87.09622867770123,85.06803222284995
74.88777637082644,80.0798374465031
81.90840148918451,75.98625666719711
92.45212841211824,89.0926486240663
95.1668040138389,86.95705380630191
82.77592402016789,86.22621775576971
86.57715025003178,82.51066005928664
74.28417709450395,83.18132826462767
76.02373045541769,82.4080966903652
73.97060129265827,80.29984007945644
77.30407892005734,84.02031576540276
79.55104084740758,83.47030096126515
73.85429891402518,89.21978397565532
83.93478784928739,92.00098048913854
85.48223670105585,84.75536734534603
84.27666915715238,84.62004207660415
77.67558987016471,88.37877552113841
86.81026899019548,88.0690653425054
88.46389334130943,83.04521012988538
77.01904639214025,84.81850458708583
79.92755090990154,90.69892471842839
81.82123926017819,82.85385636458847
90.25139492444438,89.50030913545899
76.83982321440021,85.57408405550203
76.19036150337664,86.03331072971922
82.03646839955293,89.8488919320745
81.57220208517963,82.64946352699582
84.82035504147103,89.11113002921196
88.41253287447198,88.49583979535639
83.64422775985184,79.3550412982954
81.05921482003738,90.64528584901922
87.49831195098506,86.8361288656164
84.31330181864621,84.91458108902772
87.83332639386003,88.5231190152516
81.16089494472787,88.72983858584166
82.03994466133963,84.98619397728449
80.55204584111328,81.01831754892864
81.9493034441294,77.01722158200587
74.64798315407019,84.98050343619776
76.23079172523086,91.80660714258062
87.24856996622903,84.74056881682269
85.60756432294222,88.98292683654837
82.75226718063305,82.27866665488304
88.24411057117754,84.42749142681915
88.04212274626978,86.38246211859092
67.59311581928063,83.4606737945214
82.89450529574601,85.97483026169631
79.92691301837716,82.78299599389501
84.3261964383686,90.59911268926919
76.50793547447074,87.93578649159137
81.82090894425947,86.63464367484255
83.2616360973636,76.45111173856019
83.52188388802035,92.03340676870403
76.6824698791594,84.49892687637617
75.94745130336054,75.30716627172373
80.04090567832819,94.05033743095281
79.12758715238238,76.87071561718837
80.12714183032531,84.90830503263027
83.89202699460233,86.20641119724868
80.41598373493112,93.9436880592776
83.00558221365917,78.56616025829851
85.74206730496273,85.26612824328377
82.6198525181112,89.09925701966542
78.613274129963,80.92261903190273
80.97351039666025,88.08392659908799
82.49534757356611,91.08985364814666
83.85838081779391,82.03635855918394
84.03432472021451,84.77548932284792
83.91988606742106,87.88242382745611
81.79917783314527,85.14137575648049
89.18781469714664,85.02125249258414
81.68768055447796,89.63889965943764
85.57731251302165,92.42253838671766
84.2635231361318,87.50751794492753
76.41552293866582,87.18020191028133
79.89122821788546,88.80518098581649
79.8586158408169,86.83200448337068
72.93239294380552,93.03620738442528
84.79011160439963,87.97013401592044
78.31180425903918,91.57949802603335
79.62803574135056,81.01233838668179
82.66486133251476,87.45834833767815
80.0068861118733,85.82388392880556
85.96193828745997,81.72096802095255
80.62728293045228,85.01292149274879
81.92142807732041,88.73564422970126
79.28586823568364,84.59619409920236
88.53583545056208,88.45068470977262
80.83416601308124,87.35062065873558
89.90234850943818,88.44393625729481
85.08044524881419,84.5447490645769
83.00595215902332,91.4200747722951
82.0445569636261,76.53152296222599
84.41819994449872,95.17833211048416
81.29763753344038,84.54574065492044
79.60818730511632,90.0636618980061
76.50503269544559,93.27068464752983
84.91562485903201,86.58864916477049
82.35436541318118,84.1174178598856
77.9550923119073,84.87747714813503
81.68331997245245,80.38029515733426
81.46445403293077,79.07317692115957
85.93255981296001,89.20800419420961
78.28326935484957,87.70772260329299
85.24751723841776,83.33006250632269
83.0329242301145,83.59278798740216
77.82878203974512,89.22439970504215
84.28762073020735,81.6386894220702
81.23300694214532,84.00345272419263
80.44554978544404,91.61949219669042
79.79053487985908,86.13081225826967
78.39004737786865,86.08239294178486
80.05346135896916,80.40340333865399
82.6457600093299,87.8376803531225
83.95022600937656,86.30977501193064
82.81736053503988,87.08606131614121
79.7151855462337,84.01110721510813
78.14661317167226,83.38237422449686
90.01279880508164,90.91211734209686
80.60056874629035,90.01299512887454
78.9074068179019,88.09548150241123
73.28605887324743,88.07628621871494
74.17617072797188,82.11704669548008
75.7567474143,87.00052759231691
80.52639266720664,77.54300883658848
77.13896929348553,90.12815180757703
75.79005744167198,86.93187484717038
82.1560404482333,90.1785779469102
75.38870960396213,81.08352819184569
78.2302893338967,85.22879888057226
89.1251989648328,78.62587751907107
88.66243576800939,81.22725310345417
76.87010644716698,84.47127608571161
82.59000003902815,80.23359777716071
78.63723709430745,83.36488740789429
79.78254659401081,90.46625781783817
80.65060687997283,82.69071401411368
84.96160242571183,79.28919812360105
86.6734496016512,80.8709000930475
85.45338183927231,85.8695101506413
82.56781243093916,84.09729550198927
85.1507656396108,81.22386806386656
77.82678922161679,87.01212399413238
77.82377649094175,77.70901784977758
88.76664418168674,86.71686593392533
76.24030205074428,79.87174875456691
84.82958951834385,88.69042771995707
78.26757080660902,84.81666999061733
78.50794540832455,84.01186556215761
83.76065580389897,91.17754162318006
81.56596875004816,86.56152824751607
82.85689313268571,95.04607721942132
83.79503821729864,79.71421496617842
81.37480159952577,84.09282379032443
76.9322578904544,73.78608238767421
79.6219999487584,85.83117109536335
88.36593857433394,82.82647412352634
79.59376506668569,79.80123635878033
78.49414794419432,91.94687251179947
78.35051343741661,82.31150330889318
85.81114556240931,86.29333597370967
87.19876959196593,87.37314183671498
87.65271541114649,85.2719912749606
80.26241148253877,87.49558296586562
79.48098116937979,77.30489303664753
82.44034758899575,85.27304364062856
80.15983045126154,91.38471305796496
74.82511507065922,83.44307786285627
82.65122613430653,84.41551963540957
77.75712464387014,87.77450351789027
76.7151443605736,84.97195359043542
82.74427674104304,89.32448202221153
79.6632949039209,89.65260991392893
81.95929220360637,84.87336384586169
79.02362177295514,86.12787582475437
79.45829953574766,88.50636003726149
83.25669090788693,86.39374792755446
78.01036863778259,82.80269064850636
80.06685065622408,81.78043677554889
83.51688301324235,84.89386306769838
86.53494626382613,86.39700662106237
78.67087297195063,92.45066421701888
80.60455992641545,88.60976168250467
85.99683522463776,86.39663175040477
86.8795636097483,85.91826452800623
83.52555049709369,90.68496037788847
78.57047130765893,87.15127112504264
79.47207861909575,86.9335996148115
84.40420754995961,85.25047912069665
75.94514993745335,83.26126674335526
89.47639240134254,89.55028915740613
80.45914925293172,76.441365752222
82.16367407759144,86.5656263151158
81.28181138814634,87.50308526222054
74.15411389532164,82.39251579878189
86.75919980909475,88.109703223385
75.31813905671389,84.5187305088124
85.13840559816211,79.94185778779716
71.52801447220627,93.29616175556824
79.24687656614226,85.0442237601295
82.9141247647176,79.1363400338859
82.46947421882159,80.02778848056022
82.69826609314339,90.29624353992749
80.1130544546729,82.41954696317744
82.08166116104827,89.9661304954237
79.37479801571277,82.14920256038803
78.59787169226855,88.29851791413405
81.42272497846184,88.04035513393015
79.32684981604464,85.70620241852215
87.52929322306863,82.91874875224266
74.99081739507682,87.96706889647409
86.43074598992106,79.70182948513389
86.60020965751556,76.4016937058614
82.90407227122222,80.89764714559419
75.84361561868057,83.16900157382848
81.97490461170499,84.5976337766161
85.59795315368862,88.4098360184965
74.19472143889391,84.36391458702886
84.29367178001303,82.8595383345186
80.02002955782334,86.6683487529623
83.45688741564153,86.20436169025645
85.36366209098301,86.424107716742
81.03153883296689,82.08190921925674
79.91151869969686,83.51392752441086
75.50591796677675,86.98797445993297
79.6803715082322,92.85296413650883
83.09856371332107,86.11554965205029
80.86330272391089,86.34759901059593
82.54671796857083,85.83910668182547
82.35659509716977,85.54810994478582
78.78198947122692,81.40291377036623
77.89769462253456,82.15822604598912
78.82542769614086,87.5024402097197
87.55082202796882,89.55379039143706
79.76891995279506,82.05867320953384
82.53353772934457,87.00567265274005
73.0832770923323,89.25370186050209
76.56536034842215,95.73265307828694
88.96603659812176,81.25295517851252
78.17914143010826,84.8991254408408
82.31170231672128,83.60741975904348
80.80287527172189,84.66646483344253
85.68516421574323,90.5871195363666
82.02857167018149,88.95980512683256
86.80261484801103,86.62738714074594
85.58095279731498,89.21143280363864
79.59181487402411,90.69531889663851
80.44794526714158,82.41728222459497
82.03778905898828,91.21604745491099
84.57121678509274,91.53441959776033
69.64329107324086,94.41498663172914
76.38528469018382,82.13279452301637
77.69285196423861,86.56860618036663
80.49899149156164,91.78458479275595
89.04552283045359,88.95131764640875
74.3382417657443,85.43538982760772
83.30576415568189,78.13145291268818
77.73859732260027,81.88714052438328
90.96938874754844,90.6388086769749
78.88470619107473,86.46715662763783
80.27632925971939,88.1895222793762
86.2004536507798,87.90374342196631
82.86239952645643,82.13198145604657
84.7831811431776,85.39100677517074
82.4085221279443,84.98670962086793
78.59127240284303,83.58076780578412
80.34418701437788,90.55297054331463
76.01691275695782,80.25550423373875
82.24261116498556,86.10862036407552
83.05396751117668,79.2678088650814
80.54341171931061,85.41002165710383
86.23842135368615,89.73022409881287
77.19492019689984,85.01308483549802
80.67939137486263,94.83474671539825
76.06669403911837,85.26194363810923
82.29344248576442,81.3229719047446
83.051770573342,88.36163524955033
82.44128687790528,90.87100250766264
81.10563702387496,82.17084171318282
82.93329584830744,84.47166882742823
84.25718815307332,85.38144181389589
80.63287746440051,85.62305640058204
81.37496099399387,85.0731173219545
78.17401227693126,85.6367728453443
83.97024047428216,85.77130118324396
79.43225546063647,87.24458144069148
84.09835833949776,89.66136475507982
89.89803361523083,84.82337329401031
82.40211449248899,82.79621318752349
82.69212407179366,89.31740267323342
85.4456120432307,87.25014343318064
77.11155589620311,89.62770817205893
70.57937925934367,83.48488127715017
81.38972631297511,85.21803348268298
79.38711868326374,80.0520857517578
85.67587202458225,91.49497332275173
84.1702538034237,83.65994872310223
79.49775595011995,76.24470519538922
80.5084462163927,84.8760541348844
77.50901756994772,88.82855703836148
84.78597130560708,85.85288903588797
72.41480264951028,84.60589823951513
86.95169938003276,85.35182304468852
76.48781925277338,84.998586033865
81.01447147756983,85.26780721146112
81.75229520109725,80.94600291882327
76.5078896995356,83.54600639692801
80.58414190385344,83.87388313121929
78.61273127492137,86.6420546656097
83.83614389334502,93.32861649722447
85.51678192247377,88.66716256400869
83.87335395063117,82.66115585260279
77.83618728144188,85.77412694568012
79.32469280960922,87.28049695445385
83.32024299761845,89.10476161508791
81.40335762685251,77.88038639029305
85.20777648581495,82.37117972082864
87.05298197026266,87.98668331749887
78.73468832821688,84.49172377981951
77.65428497317775,86.15819832642391
81.45959686580562,89.53482400777594
77.96092006265869,88.99391699024844
80.96374549167922,95.2425134708667
87.8939718988502,81.92080903744929
78.18028562938497,78.76749340161777
81.69296179207393,81.54164937111871
81.9431141848595,89.73227852533118
83.9095460843642,83.72780746826282
77.53888602159108,89.43058475552455
85.10595553995886,92.55607617268471
88.74179050876536,88.46986860471942
78.6148019946259,87.55293614300791
81.32460807990401,91.41352745177984
80.86351342233718,84.64222382365256
83.8341458224921,87.44995379915058
85.94487757255114,87.0596444507529
82.65149439031855,79.9605544593965
84.67782285837703,85.29711582004448
77.55383156205413,84.10701942722939
88.38998577693978,88.07971320076467
80.9581083234884,85.64470486727164
85.57936531554192,82.16859376708787
85.37304776419307,92.12842874671782
89.21008852178348,87.17239902238525
78.67548906454607,85.5884677463643
88.63542703669535,80.69994413296159
78.69191773095467,90.59694504703064
80.90946978679058,82.47500358330194
79.10541263953414,84.82063976150282
83.5788866177193,88.05528952243885
79.83289885250366,83.57380783243254
82.75806112583115,81.02844582395574
83.0596615321236,80.09715884911218
82.30328196881885,88.0311457605916
82.11803843641816,93.95872893102589
83.51368733408559,88.72183563864738
77.81768792833876,83.9250961400223
81.44961298274826,84.51332812973318
80.33263905076336,83.6772880981581
81.74829397569628,84.9849659905422
92.15591786674912,90.77465076018703
81.73749477584656,90.92295241733703
83.02443179823626,81.84523463573002
81.13067426225936,91.52431124677842
78.65209982536693,83.47751762808342
81.36861019060954,87.97529397504701
86.45008345310704,82.3842602379392
86.69235722784877,88.0094649757348
78.53574565554923,87.59801245223574
85.84411730493991,82.42463251498904
81.34371258096392,86.27378990130404
80.86620047399458,79.19958704836995
78.50449752224426,86.53705935179185
81.42835562173886,89.32285823359612
75.06999335993531,92.13817529733994
81.15131013498417,84.32413824038221
75.81289214733025,94.68612796668081
85.81635658172179,87.06864972894222
78.44927815711165,90.60722436390827
86.48516855892603,86.03501341142369
74.8018325354104,83.92090640804021
82.90326929343844,88.37242701683671
75.83434697735885,86.13107739626184
86.67044435588107,84.1239623844408
79.9686493320282,83.58884027605623
82.42419405672355,86.623080667562
76.72096960643606,83.1873679128325
81.68719837402163,84.65800834441298
76.67762616728403,80.1513213445817
80.57224466381405,90.98217364322483
79.53743450180491,82.8798907579018
83.22841028674907,90.61053229638912
78.71090709933405,86.29897895076196
87.00715257323935,85.7563333233013
81.51136414711802,90.50937085792683
80.81773438544022,77.92293437306606
82.55695888965425,83.0473851216654
86.77722159244477,86.38802457885438
83.82701423583987,85.6024070288779
79.37673590624894,90.78308727050545
88.32791456700691,85.83906634861485
80.2797739182811,80.52606636782038
78.54232825576887,86.55967852110926
80.35753210158333,86.82372730494791
77.98486085833042,89.04567201886269
78.38382266286463,85.5722553403991
82.0409648470156,82.82443089325906
74.23994879944787,89.428800533655
85.40434523726502,86.49271812352532
78.15476720535793,86.64788831537382
86.49438376207064,89.59159522658132
89.16585062256766,91.2061193804541
85.0395849234947,82.69365971311065
83.18372522963332,95.21069255542847
76.75203330920469,81.50996839598137
88.57730033880837,90.46950759922233
79.71868713876388,79.00289785287235
76.59724288744023,89.23659148882167
85.91379617953133,79.99044276019775
84.33836571766983,85.72058879027595
77.18168227444576,85.36668759980486
85.00889878579716,95.67373937491305
81.93245343407837,88.2737999545522
79.28327159631937,88.57446800512835
78.79078949987911,82.03350569555825
78.88587828252516,84.54463755146814
87.18788826729252,90.46858650310789
78.1800771985176,81.12175828694726
87.53655227896395,84.38843124430369
78.42242668933379,91.8258620440217
78.24525362522418,89.314215134459
76.09782843869813,85.85953939936475
84.78441916950656,83.47757548384206
86.59997368252968,85.26331256706064
83.92772324533628,87.09303488896913
83.98608958859433,86.05399668213073
84.37601861385015,85.07396363068491
76.06965642111797,79.69035117027097
83.98204457723004,88.77332459821922
78.41748776026684,81.77465226036233
81.05776939758056,87.66848177730755
80.06607397447573,84.42651001353907
82.99466376590725,89.6493427560161
85.58200657071575,89.98433982636332
83.27719997539475,81.12713239393682
87.79541861872391,91.63227814811552
89.3614978658316,89.42801027463828
76.35599619006202,87.8515047512855
78.92775719384565,93.2115345510011
84.65721581718002,86.36190501346388
80.61345139885391,86.89843497678154
80.66435376844636,86.80610276326736
76.70610630063302,88.03116460599585
83.71563749238297,83.91859453113457
70.46491752415764,87.39260110764576
90.32464141934048,86.56533650093748
90.9897387700089,93.48212119826289
82.0493716001079,84.42326370785418
76.97865632150634,86.27035566497992
84.63572799786594,87.09575014916743
77.72218381320762,84.49335063026562
91.85299907815147,84.5339594670435
77.71689541979262,80.90564312722599
83.50204885439675,93.33164382338606
78.55414216663435,86.4171995976143
78.8327174320441,82.67531696639607
84.98496736571602,89.03759170612781
86.46118438965155,81.32684784737017
82.28657429826801,86.25053310187702
82.26813857477242,86.26160824483715
78.0037433780142,84.28057368473817
76.95821438749064,95.13742350788512
84.67474639618315,90.49223547850681
76.24926135508893,77.43239452199758
83.10564896708182,95.45932851651409
81.64577239129058,85.31427869334252
80.5221997480288,77.24084937907983
80.80833016031822,78.16552436570606
74.37441897720623,80.48722478071257
81.65659988513785,76.3994632621418
82.11728158957173,81.88209513593681
80.14924292847894,92.63214701450816
78.9613708744092,89.17286371314101
77.66907031989717,81.59228700227526
75.80723199401851,80.74956058280242
72.2925172921419,86.55186274309729
78.25694943536922,89.67007475934668
76.63608466353548,90.53055482851038
87.36713747786537,84.10765918998288
75.82232312496424,98.22724008394891
69.04348235297236,86.59943699455093
80.25162847225697,79.80343596626574
88.73566828411484,92.37545634590184
77.86813951609643,92.8898374742784
86.65824462679922,83.73283160245845
89.03521125522252,84.13271361819129
81.84068655404228,91.05100202902237
89.35173492598808,85.84249562625938
80.23938584213545,84.91672605152336
76.58126699041344,87.04834465454863
79.64029460421048,90.8733742813052
89.96458938354068,86.05137788062956
80.72336281220183,91.15930519356705
80.30505999703058,83.48249146137033
78.86960999931374,82.14440224390165
73.6344571076076,91.03046319037722
78.64201905824854,84.67308889281858
82.47566226041957,91.36069208923692
75.73641312611232,82.22871765275785
91.38201925587953,84.66465146809473
84.9795118474833,95.27752447631102
85.11202888267978,89.10428453345892
81.74571531041097,91.8790659759757
75.68073357332925,84.7103926101488
77.29797993517008,93.71508908444025
80.78042100111861,88.04675012078097
79.86893803808233,93.39402834266912
83.92398003768967,82.8468283809071
83.4320853257772,89.16337878920947
88.76326697641217,91.23997342423924
82.4647979605414,91.20415879727966
80.0580944910439,89.40142046440761
84.81194684980865,84.79384351246924
78.56273540308051,90.2017185848822
82.44240888379086,94.90814162473475
84.32623064724358,94.21508763930983
76.54928838527739,83.42140997939345
80.58334258601246,87.10187838249166
85.0375247990351,75.69087228074179
86.83064187848986,90.63894116181106
76.8197761449367,83.51834424742775
81.97379278533178,85.09965064586048
81.03696350346826,85.7417251523392
83.42617974461422,84.74994034775862
82.02012784384775,84.19011146578208
79.51817369527029,88.06976106257612
84.59692688446914,81.09507942778811
88.38924898121593,84.98387384834498
79.29413012975398,91.19983388782504
77.91377158942788,88.67932197846116
87.25487303902345,88.70405466751315
77.87317312829968,88.06564882138997
82.16840976233075,84.27892929033688
83.57432508276841,86.44265660715863
77.36562578741749,84.99978183735021
87.17856690018283,88.78852199765981
82.57321222004583,79.31468630609068
75.25794065966868,77.69513145118056
82.58292944195605,93.35263616136703
80.11130079300523,85.75780010711888
82.50144211520946,95.08932522258019
80.5146400196443,90.09348922288602
82.88601074287614,89.75064857799599
80.6424514401456,81.52642254575653
84.71033878500782,82.39338838319362
87.78512419186806,83.47104635656851
80.53713614947482,85.66092125101925
93.09810139997442,86.58707713612168
88.22620862236518,88.70077707932523
85.4350150412441,89.36847269327615
77.8067262315582,80.80982197562034
85.80410834226582,86.64037666055786
81.69483398548944,90.12929406866729
80.88340793096422,93.95441391683184
80.42634113333943,80.32953435995877
84.1038177086709,86.38620522290469
90.58424573547292,88.34873118793318
82.90998183368491,83.13807008973687
83.11992829798085,86.66714841442077
84.29552391524037,78.32664221712281
73.38499633744674,87.10662898247254
83.23488575273511,89.20799026146035
81.98772854524593,89.8775995798101
85.74017964309388,82.24132070098678
89.0146555719581,93.43804271161906
73.13277009316572,84.60492832239562
79.22960585862356,82.91609452842292
87.44071684746011,89.80864993605827
78.20925369315577,84.86345861287846
79.53058382527558,93.47486020953494
81.70663787782094,81.17314122336322
78.13878882559722,84.2230554176698
78.3034640085639,96.08650517176208
85.19535974819341,94.09138938265679
76.73887611046598,88.43016653352348
82.87919407590931,81.17367731627392
84.07912148194727,75.9527888780346
81.6371498715341,91.30288886729123
86.04164649628542,85.10512326289769
83.38999437495808,89.23019354412638
78.68608379824907,86.13956099421122
78.73038930322426,82.94828703554677
79.9519849400459,86.46089077524972
73.36963747791744,81.41804184397039
92.73262441133463,85.25387165079299
86.84286970740709,89.46818433857136
81.87370841571925,78.11188759816878
78.18411529887747,83.74992071595773
79.7056413136573,87.11295255758809
85.63375933267197,90.71364668723585
86.05355603774139,83.53697622444804
85.27407266138228,85.72142736024533
83.53055842425204,87.16366174643025
77.38546741938548,92.40873574416824
75.10130648996599,91.34498984944807
82.92738294135621,89.34535762269971
84.2222945188141,89.02031662436391
77.25191274699361,85.2957866050856
82.694506487593,85.66490001757494
80.75494648301252,84.66215734101363
89.26902333966197,90.64591403051051
82.57559132960948,88.66179461463837
78.71527360570975,85.1502752040283
81.88443482753483,86.60265718737438
81.79616107203329,81.29918564578577
79.14042700999227,81.57682952670663
82.9583485800056,83.85867409780693
87.63943532996281,84.59379151222646
82.96031674344378,86.9003971957515
78.10844916106751,94.43306548123957
87.41650270667215,89.84319260238419
80.62304594114248,88.74753316919283
77.0417249392885,85.67736892741611
76.61124088252899,90.93168870405113
83.21420058399177,82.84217497648322
83.00300625909178,82.47720830750897
77.09556372208334,81.62661464812881
82.033446004303,88.0397140557029
80.75069500949402,79.00485381300138
76.9408832554713,85.67045032405605
75.39678032003492,91.00361800860465
89.11584964602046,90.984925932103
82.54115958336723,76.48439840749998
76.74697516135335,89.37055283572984
89.75316996148823,85.50231306916537
72.93308804638312,87.89500561213616
81.57812359015178,85.68693201080018
79.47364166843765,82.42183730075699
84.41945049690987,89.8885288870506
79.72809386418598,78.07145486485292
77.08243999742517,91.14944665063108
78.95470265674867,91.15407446948366
80.07899710424479,83.42676033222021
80.57572257504843,85.52623010856325
81.30744028581667,85.44301263438454
77.71545181734683,90.19285494427487
80.058045475899,91.41448718673875
82.47573192146355,86.89092710029873
77.83378917843221,80.74764327907201
78.25678715527039,84.2797743772872
78.98797676591761,76.21897337727124
80.76011760820396,86.30623778278743
80.32659905937984,88.22266820120677
80.90339514307007,87.98501467751214
82.54588354167348,83.92993172289415
84.3420054239123,77.05225573956402
88.18091833479025,86.6495025428436
82.21102375685851,83.45971247200512
86.34662333265761,85.86829438330977
87.38421084762841,89.33181641379431
79.79547804502181,90.68156321486967
93.84679536880452,83.4201496085501
82.37844626714809,82.75771469016239
86.96724664959582,82.6484321262879
87.15231370412694,86.65052185055714
76.2999602636343,95.54800712744427
84.69884064242433,89.29042088121838
82.64509316534532,78.98855112731064
80.18423919054725,85.32209011596909
77.47026991187276,93.9757235776454
90.76824240488125,81.94038572674474
79.72793261173058,86.61300122505514
83.66364613419617,84.89975783924713
84.90458957629961,85.63101439620928
86.2390227324361,90.4260057816788
79.67553236568573,90.16588112713433
79.76992186628723,87.65860817640934
82.01110719160714,84.14345607679411
76.40128056977876,88.13767317602574
82.72623698963444,91.45190475843243
74.55567098746799,92.48935296397286
75.1584609571067,95.3198300167413
86.05738352381552,86.5969676879447
79.13985722551648,86.32459389569664
80.44775124717695,81.62096560013522
85.78887401741973,81.37563684750792
74.97439783331475,82.97765136539005
79.54819347551737,93.6815195067658
81.86393319464358,90.78867140922571
82.94809320073942,78.17564882805948
84.50465030598941,87.23201769728314
84.93705359339532,88.75593353618338
76.03886481876184,86.06078086764177
88.87404007444806,81.44645847645316
82.1995912797493,82.23595453363814
81.30751027515761,89.0833655545685
80.91782693123739,86.2312628761783
82.36703223204233,88.49816516099195
85.34910786135424,84.4338765561749
83.5519823763619,91.55733012063611
89.50953221707864,86.39172597133873
76.61903775176214,85.02675622723227
80.60500232310082,81.94893444263997
75.24137432283305,77.22117431186707
82.6092421405775,78.79976159235817
84.87468528301699,87.54100653608876
85.954210472831,91.78680736189236
86.31385151354756,86.80552797851857
90.46701102403932,87.20028208944372
76.2600240200706,80.55610687829703
87.29197441511232,84.05611753224986
82.29289956179687,82.66366725419742
83.02954589590017,87.30378809081671
86.35299205831939,85.37249435863109
88.75083801629658,85.29124856571103
81.39179622906497,85.9016259421011
82.13164950221994,86.0352768491243
76.17083233678208,86.81830437832478
85.48881751317687,91.23192179932879
76.37155231011073,75.67648785436216
84.14397689727434,85.17153115687255
81.91506128191001,86.67287087158869
83.57139324267281,88.34924523590324
82.02561592496812,81.80612730422472
80.08196861664779,86.40968763005259
84.86582796062395,78.89884303618037
88.30766325294871,87.3061878178387
81.57993296376192,87.4296950375857
80.85271004339795,79.69139884985137
93.8053822433834,79.47929179646322
81.66868184245115,87.9866450930941
80.33029737258134,81.81032960822644
75.24575242106599,85.85529776832186
75.66458041612489,84.72917208409626
79.35814152721946,87.76534476212632
86.49147553945323,90.45644342600194
76.69114915707175,83.49290721488282
87.78511791276529,84.49190182472555
80.2683880849238,88.0428042096531
81.87696465341904,88.08704727056626
81.01717341273617,86.04375039221922
82.15869756155189,81.65323919787153
80.01109572191291,79.2412976075955
78.99467945530093,82.75417113609649
85.13002968739234,93.48423856579258
80.39454600101881,85.31094885030491
85.40263033793713,90.87047405182557
78.80583171133277,83.97067508167603
81.68019900975315,92.26439549863436
88.98041456871064,86.43043158017319
83.82227348290253,84.41648538652197
85.70189639524918,84.54544736246905
79.2687909278579,83.3020814573
78.0794345119668,81.44271512866504
81.92794695408362,85.52931369725081
76.77148784426385,82.90536079821476
77.36292033071709,86.10178147368327
76.54302645248411,87.28252470335121
76.14859125741427,81.43821414262555
82.87828892416128,81.6017823423934
79.94889201755346,82.71837634272131
85.31937078307796,81.27276468822775
81.38106694315154,85.07229251202425
87.3220538143434,90.57736764928187
89.14871693289054,84.34059213220614
87.55866882262762,94.99317472070439
80.86835541788868,85.2864681944126
80.8258127838843,86.8403917663916
77.7142424282432,92.25686686113299
84.99802975093777,89.60387841109893
81.94367104209323,84.75281098766632
81.77380567170874,82.57748772471344
77.93154263935406,94.1662512821391
77.79045541823528,88.74045404484373
82.87745456753427,83.4617758530558
82.85739306817663,81.74424244550728
83.44874803767743,84.5408140368461
78.26618439540357,89.65988358954888
79.92970376387967,87.35037850727103
81.28652012533881,87.45939967447266
80.04388067963498,86.0066892106417
84.96709806955295,88.13941858293956
72.19088282457398,87.2103620630033
82.77896452368567,86.38967845033818
83.17093219834115,85.24103088972839
86.06320320861778,90.76478800828833
77.88649059364029,86.35109131663236
85.10973811948891,80.74285489470664
76.02603735120141,78.7361232891746
80.9478649533793,96.8106582227212
80.90675118855748,81.75679846614126
87.29725884044869,93.90142780076494
83.88518463910899,82.57073023613968
84.487448972938,93.471643227483
80.320626663313,89.59893885310495
85.3875975867677,83.66061958950709
81.94221782050197,89.17126256903511
86.66965328946873,89.61059652527103
86.95622434410369,85.24584360010435
84.41488777947464,85.77294774509923
76.90466541537961,83.61476012327448
75.04466849020952,81.81986051980472
75.3159539464676,83.44496842035257
78.57079494526586,78.91242468129705
85.26954539723243,88.70089772074431
83.23772663935999,92.52590773912533
78.07408410707318,88.47118028390025
79.14631693716093,83.36455746043133
78.77487646310752,85.8413918570006
80.97595428635258,81.89958877615211
85.95352936028931,86.89643137430397
86.59348577362425,85.43864405808937
81.99705433104751,87.59713131867467
76.79538711160265,79.91163129332347
80.85147795583059,84.23765844648928
89.30293828578431,85.36308960968037
82.05194195710644,78.34153368786943
78.6878808576736,81.5933085850625
82.82880347983615,93.51854848147569
77.7161322372516,83.39893111980592
81.851755063569,92.07189142157674
78.85115289392799,87.05068950453722
80.98146279863475,84.47388297736595
73.98472763737801,81.1321595786786
88.32165110908812,91.1251966305849
81.68758415444161,80.058394408092
87.77833293277673,86.14686554792519
80.63498085208101,85.50013315629604
79.34152516766365,84.70070446036242
88.17537517649433,85.5413986639789
80.77093430687029,86.29931786876777
88.06659651906324,88.14601666100884
80.83401031764211,86.8826551358953
86.21056874846991,88.17726440116729
86.72955651475773,80.21794954914141
85.03679352029951,91.46622051868766
84.1058340438243,87.99828207183512
79.4641177807152,86.15155058308423
76.38608695095051,82.46361921772086
87.16693117303745,84.47697083885076
81.65802556179821,79.10798663261012
81.14767322461076,86.57313959236829
81.32066288012363,87.345712696459
76.74750770660461,88.2430941454213
87.44453166448534,82.43528720881618
79.82300242732133,82.6896043459019
81.73525261888362,82.31689472448306
85.61482296383265,84.58617768932474
84.51934098724296,81.28051885976456
83.6937850570456,80.62404613847056
83.99922167978688,87.8487465672451
85.06213933231034,93.40948449588514
81.41342834964281,85.86798810067475
89.44142096149989,80.84597592710153
83.66841476982164,82.45132046927887
78.1609458222707,89.513752002563
81.81531583354207,87.1328015970009
82.31622508001782,88.42084655249663
83.41339264033441,82.76851614833393
82.9578879833312,88.08542199305269
78.59554512110334,79.99517481171948
80.51845567180766,84.44182486551448
72.9316544680082,88.65136300803037
82.43735723323971,86.49270874641233
83.4706065098432,98.03766061474035
79.7368906754193,89.26240118045372
86.39542593364786,86.05020702299798
79.91047751713214,83.71127153914267
85.49318753676407,81.21168131824481
77.00011991803923,87.83065452057045
81.5838432363751,86.28322081706185
85.82680342920459,82.59393111623812
80.84530075404808,94.9203848647685
81.01794499570995,84.32813336812329
81.21421901341877,84.09587780146305
82.06374934316632,82.57740998148479
73.30025726574748,84.6019864858483
77.66079124099711,79.31844839972115
71.43857974177766,89.57081123416663
82.58891028548369,88.16947690047793
83.12710170193618,87.8895182101336
76.41513512864093,94.03143058549233
77.80615847771746,87.43357741762848
83.74635912562889,89.99466117529302
78.91709214922678,82.62654626364656
80.74306890803001,86.73849500936983
81.74764113126562,88.67829691832141
77.83217375851109,85.06541683855747
84.06707892282077,91.50662236950976
81.31107634374906,87.5755677801428
78.42850007072185,81.38407132305105
79.67781766704702,84.10417224471848
80.9129768243157,87.94736229093137
80.22555522236254,86.78250648933385
84.27335656545905,80.99283830522971
77.95085874767577,85.92149041134303
82.8620683884944,88.80971121948211
80.85846532836102,78.50293684111138
83.45921634172588,85.83964307767035
83.40617441410464,82.93303496294942
79.08275878638644,88.45231042806196
77.22002555208769,85.66491288963798
82.09646448668671,87.74794010545115
89.42504832351779,85.203295158527
76.69500048037597,86.57049436881834
84.12246134571092,87.95448529470698
76.05912566170409,86.8218445902763
87.36145577853834,89.66082667193794
82.1418639808169,84.7139423228643
87.02858630064806,87.96318515812246
79.70444068592482,87.86910149317217
77.80782814423662,87.26878938533595
77.20848963705907,82.2102772896407
86.79914023294646,83.59772273297801
84.99322148830178,91.58833082430532
86.53031402580943,88.098211909949
76.47966989235024,90.39626371882956
83.85101980462653,87.15326414663161
87.15011928398754,88.33323514746243
81.37929022515121,86.54186578223616
88.31586239815203,93.23803543549037
88.33951106474743,89.84643628187428
85.35402339350979,82.48644847238238
78.9236198305597,94.90489335390546
79.7145976755077,85.13617937399793
80.80503201803764,88.73701706412636
89.07504800141535,92.1088388148433
85.40431536978033,91.82477490257351
80.85516410796879,82.25016234731221
87.43138292260717,89.78817740929833
85.70680931066113,87.13912494411714
72.95806857221828,83.39950895324738
82.54456978563746,88.41766116758915
78.82123667493593,83.02840441382219
83.7593424054663,88.69156165978333
85.56911498423898,85.52889402604781
81.25516925337665,80.24832552280559
70.19498640035773,81.56749933774383
76.22555246801203,93.64510213216182
92.3223778169447,89.98700987072138
90.06173870641055,87.72098501828233
91.89507734247354,85.10865361866826
91.0742333899174,88.45795984507801
93.61336331265721,87.51887853276469
96.55545073869085,90.20953114268875
91.92337605576853,85.28298066254945
93.57284259713943,85.30885031939575
96.14135997311196,85.91237739622639
92.28001678118622,87.87938882998412
93.03560730285484,83.89929930589346
92.26291472590373,91.14420851802926
99.47397840611457,88.55342240433534
86.09574671668821,89.99544738901432
93.93511298592644,92.8686214795687
92.32637328898255,89.79279850607193
99.31625056807668,92.22572703745574
96.58116074857645,87.06003293011962
92.23183174345493,90.57009853743229
93.01727142553422,87.85678045731902
92.57976185001226,89.22664522456112
91.3297533452124,87.97165716900577
93.22755845762669,88.83695408024617
96.87585338553914,91.00387645368002
91.8664571683216,92.87599213594748
90.00483645776544,85.282100105867
92.33169210705542,88.20269885556078
92.18731245808492,86.46041158788583
92.50011889028494,86.346770392237
90.82958604698455,89.69108329539816
92.6289856133897,86.17557428615217
92.14748008720741,85.43263739929161
92.8477105213599,92.49340800385065
87.62066350049075,91.75225393935229
97.86348298927601,91.50438043077315
93.17190386490984,87.62775406679656
91.58554550156529,91.07994093017234
95.8976720151865,88.5832604940157
87.82468495756235,86.63240372250884
90.67027616197399,85.95627555215347
88.96685196996538,88.31969016381629
94.87760208933683,90.1022510664063
87.97606549992652,86.84030012341988
92.83671268569705,88.07251862716831
90.5466018144695,91.31346823907826
96.94906671358991,88.18059217941838
89.80343925921736,92.8131166458936
92.33692546686989,84.95315033546031
95.08044660075846,91.22576230086892
98.72334895518527,90.25857836190518
91.03350823892923,89.65953262568257
92.11350165958655,88.78562860360981
92.30779925504741,87.7437696907542
94.3527348139623,90.58466951394345
93.264545750155,90.53136454051656
89.57458134634619,86.61723324548458
96.02356129537213,84.4655533259511
94.66974316156181,88.55649420381764
94.39367437316815,91.88835796145457
88.93252749682455,88.24471107415762
89.64528419367656,82.31658108540087
92.48072167569586,85.94685653453605
91.17404992317313,82.45197761992358
90.5315984383992,89.73612304042982
87.81909906074449,89.31293932921857
90.8417429921134,88.32521322370046
90.51262257662316,85.30317097126544
91.6323416319428,87.67578434830814
93.34220710829987,83.87609394066581
91.7331107082167,83.37408127057803
97.00448206656608,93.1201976037934
87.92762482878969,87.23796710328841
92.18178827925699,86.86985178364067
95.16272338667659,85.22965297149132
95.16376263505497,89.4420415280428
92.54736787026792,89.02286902291944
93.61782286827167,84.26492873257797
91.0843044797872,88.00633229604105
89.85499805697657,88.22478487111117
91.25936719352853,85.51216160062215
94.24071744021809,88.57888176448515
93.0603168600825,88.01933335951385
96.0161731588616,85.71166793526794
90.93906417478942,85.9707600152916
94.3433981562521,87.85720482331408
90.37875704239082,86.35980077543985
91.6715274880611,84.51291144630306
93.1623020431062,87.84198692290803
94.50077311664373,90.09515723253853
92.35834320103909,88.35573040634664
96.73998417614786,85.61109900216577
94.03321918716705,86.0803363057813
91.39928949931819,93.91500374313443
93.9796908188971,89.39175828485027
89.8912290332227,90.78083569673159
93.31550188981568,90.1874498976949
92.72927413991943,92.21664010154117
96.88868530881268,90.13962029764254
93.59135430000812,87.7652059192697
97.59280122064158,83.70108682700598
90.14914523128589,87.84202561335326
94.12878505550576,84.67122369751719
92.74612776459561,90.56172254565747
96.41779944982177,90.71535575318437
92.9799947393171,92.69461436421014
93.78784171089043,91.37022258261436
94.51674542593075,88.57387128990104
92.50117418010215,91.7883145053272
93.00176122217403,87.03419609395026
92.78725829456639,91.9958052695379
87.07356255455011,85.90051336562455
94.3599948992359,85.28052594377962
90.5132650104145,86.82457829710262
87.91604313739286,85.92583552319098
93.15788215845777,90.57790506822505
91.15100489157061,87.62207228187793
95.25956326095276,92.18644056422852
93.62502633609188,86.36069202100374
91.37046153280728,92.96863702517504
91.11936584244278,89.24072603959928
93.91185401053767,87.04941965232369
89.76452384746108,88.53041651092057
91.85736440619472,87.65022995535497
90.40973586066113,88.45031254614997
96.19924142228075,89.21476060159519
91.90484914449765,91.87182018974798
91.02768303769186,88.08496826064821
93.65659730947291,88.74850583439054
93.46814583169422,89.4614839289828
91.94829921611496,86.11888277623322
94.07256498813518,86.29080664673744
95.08774826052137,89.33445528673258
95.75478881430055,86.63820198267855
92.3796886101722,86.41816802089025
91.81693988417409,86.52809723003102
94.11034424136847,86.9408507515173
95.32429111312806,85.71200963375115
93.75561520622135,87.18572176641183
87.47113031882377,86.31960469647906
91.43929269927224,87.37508330224806
94.84133703053986,87.50126602699382
96.09247270660589,85.98836104414333
93.7363106230524,89.14777448772753
87.38079345228458,86.42876285743814
93.07894322130873,90.12348262769315
91.32942721712368,88.59697985131191
95.54877574292924,87.98320499612555
94.9624070744771,86.29971741436039
91.77277830797459,88.54590991666764
97.50691915714307,86.43630036012989
97.85205566584679,83.46281913464327
93.08280809662779,88.44609211157484
96.98947494172684,90.05697659247568
93.78554997649077,93.11635790889788
94.84773510455553,90.1938166535429
96.95705422243407,86.24266718825045
89.72229510449306,93.28767310072067
93.93078442946988,88.94218972816509
91.0973656612079,87.64948586854395
93.64608113732737,88.34325604687102
91.65639429634817,85.19931251079647
92.88999701524237,88.35089437221143
94.92622388189557,83.98738359229408
94.98342436558687,90.92126490956932
90.51070046785149,92.18639240299514
93.34211729364769,89.79194344062999
90.8087823326734,85.95528038630479
93.1728755615002,91.43160753352026
94.01620177992639,87.96683855297155
91.59201120112577,89.67374146217799
98.06849074471772,87.1825296801144
91.16268242387109,94.92420848569668
86.93409880657015,90.74878854590213
97.3420606702332,93.65975475611557
91.88307719384002,87.7273911816878
88.25727068036194,83.32263335388934
93.93658177700404,85.94887255181376
92.2045901004251,86.81758122802505
90.13712348885798,87.06576963692234
91.82232407621355,87.01002721449782
89.98870200479026,86.97916384966571
91.03873154592947,88.03302940846818
89.42591441808277,85.45283187941288
91.17788160744784,90.97986223352638
89.86893021510535,90.22838128579882
91.35960012410924,89.41811403591397
90.81294679005299,93.66026360532247
91.8626603976256,83.20009148192923
89.32271540213617,89.82213402573417
88.60051720760782,86.08068316669888
96.29780154673485,90.52620593611937
92.26385057752236,85.61183218017075
94.68186427861825,89.43804388008792
88.6015775762255,86.75809635895993
93.85092444577428,89.53265888056849
96.30961268775917,88.34985861294287
88.73473913563066,86.33486161245976
94.04622210627676,88.52087582990671
90.79825039269457,93.02288948621499
90.50393010533531,93.21303594652001
93.83787118594937,88.85411395680795
92.32732778301886,87.98053986552594
89.04640731193312,87.91476493710077
93.36358093346716,82.3353901347717
88.46698042653854,88.14819437868933
89.99046984066742,92.69588287708774
89.70428367895913,87.72888257365341
93.02680475420297,89.71694662790848
91.97497723337281,92.43776771033097
92.70103961632032,87.47046723709511
95.32765465813026,91.63960536478517
94.95590443140631,85.51827720287267
91.1068166811229,87.29998636298423
92.62949278693722,89.46372584203303
92.69317614754242,91.83838672889237
90.5781483418435,87.60911582920893
98.31738150301993,92.45439666000604
94.26571704504626,89.55281799208855
94.66492317573754,89.14019942382926
96.78354626598149,86.7717377180143
91.50774650417542,85.82119545793827
94.1483458777042,90.3891962489751
90.66335750882081,88.29081395033438
89.94377784053569,87.15733215894075
89.17375809868324,85.17602397283578
92.12592061113644,91.84889174372778
90.30470509887907,90.90922426092573
90.20264068467714,89.88491148530854
92.78589239738771,89.82790417283009
96.84601438604768,87.56942071516933
91.84528809493601,85.0251980394308
94.91480670321248,90.65376932347502
95.62445562411865,89.33312290366499
88.72781760230411,91.61347831149092
91.80298460770966,84.80773247427476
91.4773475358851,86.22953019107464
92.13123781950367,87.65081871776465
94.2374253495886,90.61875748841263
94.33382374314061,85.59489712993593
95.89882852345269,90.54052190119478
90.85605343616264,88.67148664656739
96.45447999366917,94.72852396104521
93.03948423541068,91.08820823684707
93.48038886848468,90.33143601287271
95.90691557932526,91.53185772087048
88.09532946909673,90.43106949765263
89.26202854667044,89.93235048348112
92.67827443376251,89.45928096650916
90.9621255920275,86.0897781047323
96.79735182184592,89.68116396654489
90.34713353231969,89.7053843869473
91.19104038408072,85.31634256992896
94.90106851691348,87.91892211794635
88.9151295133661,90.74437750853947
90.38035026282708,89.5520243818757
92.3467341895584,87.01163609274342
89.57913294226996,85.21417422595192
95.31330933693866,87.9661284969866
94.50710369267226,80.6043987786529
95.66522610929407,89.9799248501014
88.2076432291035,88.84908818006168
87.26245100398762,89.54626054394065
90.24123660482368,88.09496424510826
93.72430369261215,89.41010675398697
94.96527343367237,83.74380262433549
94.91121619758242,91.90681764766538
91.00910487741147,90.25403344652014
95.79084834783667,88.16917075357628
94.77911846612476,91.6723163423319
92.49905498141705,88.47016622561947
91.50431304090206,85.46295710659658
91.17984127776512,88.2055163734178
92.50347635224388,91.5410233224241
89.86651457401611,87.84026507863761
94.07337835330073,84.80851203179145
95.44496784461066,86.43712403321372
90.17486449264352,88.23757428618526
97.83601663885524,87.07448919987931
91.34725419519324,88.04793952626393
94.71806525344951,89.16573049308673
92.91269342365021,88.10797284420131
93.08419183963171,85.7310746980655
93.94349317496784,85.61320746912043
89.88829376311475,86.59429932400768
92.17132866683872,88.30523787262096
91.77486836495333,86.38543582964842
98.56892921487828,86.11720332629584
84.95632993955643,89.64350899664427
97.26607704756077,86.88905735613287
92.5086508810243,87.18926393811229
89.7287442593306,90.25499775500559
92.53556280682652,86.44237144998675
93.16581670047375,88.47912616238996
88.95216298042148,86.48296170025789
91.49786903658617,87.23861557243595
93.44680184021426,87.25919853009145
91.94980623972594,88.2985123470906
92.03630254370096,87.27442967364024
94.96161903951135,88.23546644191642
95.97546014256709,86.16061604080657
89.93385677388011,86.38581799331598
96.41600627155273,92.66841368140209
90.66555158228228,82.06629661409545
92.15110775416208,88.93362333045965
92.37898478146052,88.64462338893874
87.15753125131647,85.58857476419345
90.42179509964858,93.14214321776193
93.39785251485903,84.52553891653658
88.72782893582102,88.73293501199824
90.00666898300416,89.7033006728638
92.94433061197222,92.18507729348255
93.46131055845288,83.7271605360218
93.65918335801383,87.52391296974419
93.9910531841458,87.23333530295433
90.62950532497214,82.40501151594233
91.8967371421109,87.76070247727708
95.75927140438614,92.70604427453495
95.19466274983981,90.92825901766378
95.91552862406974,89.07973108352074
93.2010942658885,88.7135140325596
90.31558918671065,90.76709806207076
90.45274190104718,88.72122583985909
90.04869118785683,89.37941428775913
92.17905867864066,89.99267054656843
91.89038688760118,86.63784371363779
98.12960545850311,92.11867202566326
89.8390860032578,84.49358075757159
93.97569835693533,90.75948839248095
97.17673932228567,87.4009529130145
95.43667364502532,89.29413141480795
91.51400617889665,87.3354532277899
95.6214187467022,87.84177544277311
95.81894592554592,87.39706099632696
92.35229838485392,90.25344143997756
94.82650600099538,90.76455015354449
90.80372024575973,90.77855100914718
95.15224720219419,87.82045261109576
91.07301016149808,89.29589733373645
92.44843304748154,87.90169573565942
91.42335071929658,88.23701653391358
94.3236760972763,86.78886153958493
91.52506680609115,88.97034822411963
90.93222262530531,88.03478770817071
86.67495298272357,89.93343766336366
91.60719614503228,91.66662409355493
95.48154866204293,97.22303450613549
93.36809421400139,88.85046038705732
94.12742765342226,84.58991883289568
92.82786920308203,88.48029975939224
95.76916368350373,86.69266276492672
92.89550917800011,86.0849507843658
94.72908672253725,92.09421512848077
89.5063726650846,87.06892026833822
94.42172474298586,86.8024160178045
94.90117882936717,87.10547707757061
94.77704352929224,85.06152415512204
94.17121909344964,89.3636872205601
96.93184188138422,86.2415920916729
99.78161587468875,85.07994238429553
90.76950085824465,91.36839695583585
89.51465042083822,86.56072377042098
93.42165752488108,86.95307192655629
91.64321183541276,91.28537958699566
94.78830923732549,89.15001452822953
93.03886258676106,90.417970327631
90.15116777016257,87.19426696774131
90.91012872006576,92.79181749447444
90.08204013738953,87.0374767349461
93.81459053742562,83.70216667022582
99.6954627009378,88.83644002465115
93.31286082080318,85.44021266714394
94.20256010169787,88.2383666814689
94.420126332797,94.64420969543657
96.93843947368833,85.93001065520446
93.51531114209422,86.8162226627614
92.61339126585213,90.08461426395252
90.67238309382412,88.22691813094362
94.93489337391867,85.992154289014
96.81458061389928,89.91032421553564
96.28371490781754,88.32744686090561
96.64523951313562,85.83431473349836
93.44324115696318,90.40490831385468
92.18826943309591,92.95999483740782
93.28279477942549,91.68463347333035
92.81984281921643,83.85600491027441
94.95426264922945,81.68609964942905
98.76115537439418,85.85348066487485
94.23646435547184,86.9856476486044
92.36378301347469,90.13717472828823
93.06379989515067,89.5659253882388
94.7350033087515,92.2494707930394
92.65224215333657,88.8497607085584
90.89449309493477,88.35209755209212
90.55483566471472,89.34431580816688
92.30777549364628,83.41996597603921
91.42304796191834,87.17339868867403
94.02342437912566,84.62686671125876
91.3668210912011,86.51261567465478
92.6330673952697,88.10118400280216
89.2434860176018,89.38222286508996
91.57258959744537,89.76881722642634
92.00893846645843,88.32045018832125
97.02299450641884,92.61692411263535
87.20336893823071,90.16830770053129
94.15992119004851,92.2402516862824
97.78837038569714,89.57740552187506
94.06640654468545,85.4644737400293
97.07947199766605,92.90631221442659
97.89355358766217,89.7422338273812
91.52512675778418,90.69817017261983
97.387800182102,88.32353027472593
92.58242714073786,90.44842939116259
93.67858463158964,88.70769419122311
94.19031644587969,87.69462311749557
93.32771803111437,87.53401218048472
92.1486635065459,94.44225559303632
96.81543621796635,88.57824787374582
90.02180307642004,88.0727130611313
91.25643285599119,85.97083655127697
92.16094243580122,88.07175681075843
90.29799488230124,90.26367192001186
90.31344285333869,91.10392254724628
95.1167896114065,86.50733461672239
95.82567321863489,89.3760665402296
95.1663472880523,88.09408399725731
91.466791154926,92.01406744320727
90.9996798622711,85.17190635417502
95.72686739873376,90.81986622861423
91.85004504855543,90.60465070036449
91.98103222462196,89.24511806846597
89.29151241332443,89.98530934559375
90.34038861179333,84.21839365398898
94.56683049363151,87.50529523196775
95.76914848709166,90.49976789740043
92.54720481153441,89.07397626967044
94.23955502410315,87.2100958711393
94.05343375994262,88.4039485305261
91.89029173668261,92.95297687894163
94.36162176633364,91.80385584417988
94.1115442376635,86.16830774126585
95.67174003760435,90.03661713707943
92.82087572208391,88.79521937209961
97.1367193718829,91.60990779382352
94.43387057168331,86.92875722214421
88.55116008995847,88.22578317926403
94.11461357453588,83.62497995519655
90.58627572132148,84.6753490417292
91.81426678416675,89.55586399294174
94.8697837001762,88.38478887463138
89.52456786663336,92.05643359015708
95.22812509430824,94.50006527055615
92.15965669263326,87.78000999170156
98.48736494061652,89.91564759782293
93.75369589643994,89.79700477283517
92.66601911627484,90.8537606642543
91.56443935809855,86.1366639807372
93.60481806210275,88.289063103877
95.19711762237948,92.05433589184645
94.07178500506066,88.58349900725024
89.45625114692587,89.06773907683846
92.38068825172387,85.54214168483296
91.89522876137379,90.15813983600452
90.87900520216449,88.18559338083388
90.29011705509349,88.51016177593473
90.3083209643952,89.93799059307388
94.4189294140445,89.02864958454884
89.44512485831345,91.46508056237435
95.11278277309775,93.41744292137793
96.91538400170599,91.9257173931536
92.6658053343172,89.28180586674955
91.06042769354731,85.53649642231277
92.7762598915044,90.47404125105909
91.75671592743356,87.90588144745591
93.95071996024852,87.36805346592384
96.55829948674929,93.08195224572552
93.77829457353896,90.94967485579349
94.26091910964094,89.86558558511874
95.63186637652963,88.24828835905306
96.2755376826992,87.30123557224721
89.13843906136589,88.64946189934923
88.81711871869891,85.41887496945195
93.44462247711472,88.79708389950817
92.27539165998309,88.1988937997579
92.84509695723524,93.68016423072649
89.17238249762428,90.64335453151189
90.48170678141373,88.43665762955796
95.02429848393108,87.72807837885681
87.30475458811279,93.79293841853854
95.76580034836063,92.47920792837432
93.42869567903314,86.15991839425523
94.34208104782816,87.3379207117699
97.2961568766793,89.80059014345619
94.94227725374473,87.80907675868697
95.46020232441809,92.40731944485256
91.23008647636195,88.2753207648433
92.481480606743,88.1104849694081
93.65816950053343,84.91077758139109
91.31543654458669,88.51102490296667
90.88268128007438,86.65769911802809
94.8003824414887,90.1898278917555
94.44497581465409,88.84574983162068
96.42378507023167,88.53348677649574
95.60603374611478,90.03889652548347
92.46230792035055,84.75138655119288
96.91672460298793,84.56567370142918
95.9498348419452,92.21819074677802
94.41448525706878,91.583485924891
92.15498858923661,88.88018130317474
92.50206944146161,87.32174631192501
93.72493320796276,88.72518258110561
92.34065922447527,92.98573598518037
91.3176698987779,91.10897568107922
95.05115130581252,87.00381456326886
94.80322165102827,92.58696193149787
93.59950351096981,88.56320194426578
97.50839262842196,93.0304045358806
94.23310028478689,88.8224067827715
91.82505618661553,86.01302858570935
90.79616261622293,86.41802829449236
88.67752105855448,88.24887020781838
93.06477269187664,89.68436850935282
94.93832392787323,89.96866786235337
88.47062685516454,91.0063377967941
94.7180961966972,88.3494332899446
87.17193587704736,86.98020336567514
94.0150309784933,84.27009362382523
97.8727728256927,86.74098364418388
95.17925489586156,86.0118450655498
92.36539321735603,90.69211380293889
91.69113649796483,90.8408947215115
96.596062886789,83.56227798322844
92.10946805203838,93.45570595208343
96.59451574602068,89.65166313371944
87.04464410657776,88.67475714260242
94.17059588712245,90.70728269969301
95.50402190874436,87.72864905402847
94.39854468554417,85.81706997397664
90.63782659337666,87.34796502086839
98.03739219247271,90.88571498938751
92.14644751130713,87.58934733322349
91.15209906438065,88.77893594303198
91.3634870473246,90.58410186727099
94.9796295815189,88.50903485694518
94.0992766384455,86.81742496992749
95.77701409427397,87.44345736169673
91.21131612493815,90.86645628397591
92.82491417644857,89.62435005482078
91.17721217127958,92.10510022802552
92.64336504544147,91.20155713626319
91.79611379044972,87.23689598830087
98.35407205425709,88.2314716642306
96.6025869617291,90.92539233689578
90.6541037965197,90.71927511467165
94.01762217845626,88.12813815957995
90.52528327330748,87.52897193665896
92.66738084756292,89.68786033391135
94.80438154731708,92.23127218980935
90.04623097894729,89.77418135090139
87.66254410005017,91.74658044349991
93.89058735688045,86.90894261379228
91.71733734313052,84.9050143197516
96.83003353594694,85.32213790653444
92.53952139977388,89.91100486222304
96.08105320615697,89.21701107951637
94.88948379286568,84.69591393530355
93.92987151614999,86.57242993653504
92.67232636540184,91.17093308778823
93.6035126571142,89.48723403171255
95.26082316189297,87.4575974876652
94.0747206487468,83.99807757126895
88.05068246302758,87.81666714694454
91.57949130173579,86.43400294443418
91.98524873807415,87.65508966144415
94.40662191025456,92.61166199663829
99.5967823522548,87.07077160547371
91.29429386298447,87.06755125094834
91.3638902294008,85.4891534865686
89.28017971316699,91.7860047040963
92.01769562066156,88.48295595504727
93.3175481562843,88.83341556542167
92.47340782333917,91.08266414895088
89.26654454549069,87.80544760989596
90.95620805287142,88.2880798401919
92.74892684877761,86.91850052954837
93.67422281058533,95.65579017557968
94.31218884161723,84.39547243018677
88.71896301183952,87.89970679755169
91.72946081346109,88.07015816140886
95.05451054108306,88.32494065008653
94.0320924108116,86.97367048183996
93.66227446556374,86.37152646069603
97.27976906236198,87.12462812829662
93.2937523252052,88.4961401403672
89.83112219937065,84.9822931916201
93.46467564475815,91.04870832522826
91.94601939202794,88.46548574239156
92.21725596099886,88.60962635543345
95.11739986943343,89.74035744972252
92.12788531693114,88.02618002840764
93.13434724595706,94.3397553357644
92.87632261634826,86.55757476505406
93.66625341029146,87.64624687751235
94.87012852458487,87.37166001255312
95.60354498314557,90.09996164836988
94.57827682784716,86.31793035514289
96.78896141916934,91.61661126374271
94.35860096416242,88.35688631626323
95.19191426726913,89.44133019139616
92.97222481794311,88.4424501098814
96.97535885247181,89.51073861814127
95.33802124850992,89.03724789167333
97.72439337386697,85.52451770804399
95.53792667714687,88.10199916815648
90.06213563430117,89.11673096998105
92.50663783406,88.3502037648334
89.92788897095191,89.51171439197145
87.85287160455673,90.20140088153518
94.47573436561443,89.54903141544018
95.38735650667813,87.08537409547132
89.80490462307093,86.70900368774132
95.00464222877393,88.16667353196996
92.34669959782308,84.94963075813759
97.33454686250049,86.24463004278236
93.17738817698894,87.25978192800207
94.44379510689063,88.05324332280536
93.56596949685806,85.08876708034855
97.82347952429387,87.37578157151687
96.95331625435688,86.92750059338707
95.00148543868035,87.78528884540808
97.11939218221664,88.35028603467819
94.1160234998331,83.36539742664102
99.58640844551356,91.4696042943745
95.45282079457323,82.74146021899845
92.964494077753,86.813878666717
96.67600943622746,84.11293131928115
95.06582137280972,86.0276003233999
96.1697266726651,90.94365115767954
90.1827782078961,85.20241247514001
96.38996936283894,89.0915684566815
89.755095926745,88.34738689456965
93.15862758571546,87.0939341258974
96.02905535905906,87.841700017011
96.0086465324079,82.0887992091066
92.11599560491386,81.96420761241127
91.33648454987974,85.72452710546418
90.4311042611611,83.73973105840004
93.22794817361341,85.11132164162397
93.00430971538789,86.51834497577698
93.07267132133862,88.31105505797711
91.19506258779155,88.27571426492298
89.98707498825443,90.29653663885982
90.97070986343084,88.74787706083244
91.87228926011458,83.14449645114475
93.56557997586077,92.27793313820112
94.11917812231222,93.05307614604853
93.86814197883592,87.57397078322218
93.95704877124078,90.62953147174832
91.12263763613616,91.43152679418964
91.75648795208397,85.19421502199651
91.0867616744405,85.87052070634805
92.2841646357742,80.50984365986079
92.23055679362072,89.60716661441474
91.60903796624642,90.4264157687368
90.22155141445133,86.95070511310367
89.0125325653149,89.51317949849914
89.37497468307714,87.49370338544011
93.32023386505432,87.49795341185093
95.39126748122276,80.82968730759794
93.13273386791958,85.74537103628062
98.16269911415795,82.42051401058633
90.46429201548221,95.78032370652039
92.71432274828177,87.97256488352346
95.24622508425075,88.69601220178107
96.83431390692311,87.01513799935766
92.68127507228567,91.23972066674436
96.05673343820904,90.08932183088238
96.29644930568433,90.4546246024728
92.16941310181272,87.7563952468698
91.44584016569696,88.96199122604584
91.32861631699174,90.62204625729463
98.7605929027119,89.21601145362695
92.77350121161375,90.24295121647418
93.0189182769107,89.05766915514123
92.63318093968054,88.34236781678736
92.65451992932246,88.76878359123903
90.94817736365194,90.37821543520087
98.78179572866335,95.24486405541147
91.19084228167857,83.10754437934702
89.4287212001142,89.09395056008339
94.33258842264947,91.94449915494806
92.47916995977279,88.18270585168254
91.80328942528348,88.26000110873154
92.22150879809348,92.60910959484303
98.34264590178121,91.16399533083325
91.22376039008233,89.03708413303055
90.3127981773957,85.72657921807476
94.5255635287198,91.24994303675226
89.30049559391188,85.73594202881542
92.17828417886332,86.92367030012846
92.82840174169542,87.35995269307617
93.69498680403345,90.99101955798011
93.23489861063754,88.18269675808014
96.41555421512392,90.83940187371888
91.69399910678919,86.2645835524135
91.3474722925871,86.98045068998219
93.28068904542761,88.69678320914015
92.34021784343943,87.4181604670565
91.5414119210833,90.15420786619185
91.9953241860831,90.79789382507656
94.05121604801175,87.70366092716257
91.44645879771682,87.55304817573476
93.63600859117625,88.74652780422213
91.51233408794367,91.05815353306556
93.94227946249632,87.16569378462682
91.8017180447366,93.58722000888325
92.68354041952206,80.94410790515538
94.71943543487407,88.46296043682118
91.0896386488258,89.65227194448997
90.89534598890378,94.25780719162042
95.15857479036089,88.36589562316288
101.80907257207647,89.79361580203042
94.92434173621429,88.29458762592527
100.20341690902772,90.31085109193708
92.99917477509804,91.0566891028965
88.65092129187956,88.08165468356239
94.80429198560425,87.85662065546279
92.65980136958909,90.4679443523703
94.7479881757424,88.6837191652439
90.75868121618942,85.38256283271069
94.78827529581964,89.90830374766372
93.57038088515762,89.36564239236377
95.28464249105633,89.41767710928461
90.94875605367238,85.57643619317656
92.84950752386725,89.16928482133797
92.94666913320769,88.11290609330759
99.59772972711575,89.13615948006309
93.18372556890587,89.79784126687117
94.81770369493549,88.04104811443203
93.21025958992405,91.62019681491888
90.54282439601963,90.11549040300822
91.23142991069496,90.1705780820899
95.74718343973475,87.5003374895426
91.1703619873331,90.2435053588427
94.06713335403848,92.13943680022095
90.86399265338224,89.97056754795217
93.39042010408869,87.27035955148588
97.72681613718989,90.97126051047721
94.34140563696741,80.41728491975601
93.50002138370779,85.67293028795903
88.50998212423488,86.63002843316772
95.81226048335321,87.4612167542805
89.74708943848171,91.68954869057022
88.79076578932838,87.50363465627123
90.07623940311342,89.34126479174684
89.32342408393244,88.80076533780571
93.92043427555176,86.01465708938214
92.58288295219496,91.13733199705783
94.87726994407733,87.32040440588528
90.40218668083554,85.66152577967536
91.44217836407941,87.28193250118427
89.21198178500369,90.74437788769055
94.16949059450923,86.82692484946067
91.79871043968717,90.06207984448133
97.39915514891298,85.03329297083145
90.76852523464824,89.21685206571748
92.98959749505983,86.94388789828139
96.18718435031879,88.61756596780431
96.00837493413711,86.51173384633162
92.64017095263156,87.9453901417263
93.48242663967508,84.17536718602743
92.5205321145416,86.8059411214289
91.62735568496261,90.67006592613731
88.23321847784892,96.26036753738482
90.49022800078718,88.05851236764047
94.7843681825799,86.78333879474602
92.6896404285523,82.77655367702697
92.26489456429853,87.8981439948999
95.27942905965361,86.8601126489257
92.06198255604544,90.56337093942791
95.30600759803134,90.66493997013846
94.13864693097662,89.28798050965781
94.34420859791317,84.01129666444535
95.36749615301984,83.23292201507624
95.93719206164897,95.24192016608495
97.02645671360845,90.10892374093393
86.9204848248952,88.81977683684738
91.01934874659909,85.32779668978516
92.85504429978789,88.86558494823015
92.26547970895564,85.20814823336768
91.43399835557183,89.30660867690693
92.4364179202064,86.86595992170385
93.12544743540877,89.42297091759592
92.50253773480102,88.6858518942687
90.59135138912923,88.44297402798003
89.43170175680795,85.61327354016261
96.21703236580232,85.55402981682423
95.51054717131476,87.65766489137211
89.10856560692886,85.62888511628326
86.20650281474957,89.59816367974759
96.96596272136145,86.11835772446751
94.59353838919323,85.83177043747679
92.58513802357163,90.37712927671008
91.54958992137739,86.77854088672528
89.58167478154621,87.5753935514696
91.9271044088136,87.16925045273298
94.40195641544666,90.77675158853701
88.06076315525414,86.90812026863524
87.9866869794011,85.50965534612195
95.09370149575905,86.99826507173506
94.7478846536329,88.90905357140853
94.90617647975212,89.42336422858946
93.07936634878565,87.7904549212371
90.79996137474357,87.35241905016579
94.4060967262822,87.94517133096468
91.70548192319916,86.41421185427087
91.18171828204103,90.51464971488559
92.72417119930596,89.98317220817029
94.57413941681608,88.83036252081163
94.57573162379079,90.06129572990136
89.94576737458931,84.7000315660022
94.43862811564478,88.33683486723946
92.79231279257505,86.01476778570132
91.61238666788996,93.69544700023434
94.27065600730786,87.99003340727637
91.92877517792252,91.27864903287814
91.45953133602492,88.75555380883685
93.57718032712597,89.91034032639952
97.0913212134131,89.79655195567788
91.67650547957712,85.95130432775642
90.40610636493602,90.83758220485986
90.5734721127675,82.53363479311338
90.29609103013576,90.85017794571694
93.28617155286851,90.49925377421745
90.58084949527475,89.31758827140017
93.57502399519177,86.29168481983525
87.62208993111663,85.53362331563139
92.85744987717706,85.90752478033528
96.04985743019856,87.82500029473798
93.703033104482,90.04282553254093
94.1598357590339,91.37349790084453
93.52486506162568,94.99763939968192
87.56054844542057,88.23451355359492
91.68975179825351,86.45994191891886
93.2686903739382,86.28394292341127
92.89700680142381,80.56055837911535
88.60605817096342,86.07458208232332
94.2351398670196,89.12583094478181
94.97252163960641,89.48018718989731
95.36460922127523,90.37144859992439
92.52297232380674,82.58470713632207
92.97788547458899,88.19160334043048
92.37828582770084,91.01660731536542
93.39370500755311,88.33628398791107
90.21402970278858,89.86413090768555
99.10098334804103,85.08466743173507
94.06677412579714,95.94205472862242
96.10018668904992,93.21324569934406
92.92199860307566,89.15739132882976
91.25906123075741,88.19426867328409
92.24953300244437,84.5707320785734
99.24898565889707,88.22986713982122
90.75070279951743,92.49470055030795
92.0107925813666,89.2595275728548
92.36139101199424,85.77398782381798
92.44109461392985,88.88302605176949
92.50245095436664,88.66135419877226
93.51062374432232,86.92118910071758
90.29087681844013,90.24030080526589
94.72373522850607,87.8680649270675
88.57959807513511,89.02001382310175
88.42610105501387,82.5264026436291
92.49117995382366,87.35237512659712
90.51872603812426,88.9688329471525
94.5444931663167,92.64497113973879
90.60476839411838,90.78610603964722
91.37541502151551,90.9810479392356
92.55570839624559,91.72398374272439
91.56701447568706,84.51428376355916
92.72272857476862,88.95331257107067
87.74544962511263,85.79319076742597
97.57971544116498,88.97752076335716
91.43276866771242,90.5485321440273
93.72606199501901,86.9381639631648
91.58510306862222,88.46686472195469
96.01163490787098,89.04965470319394
95.71365419067962,93.72427462849879
92.29747506362412,93.70671483830458
91.83497238508053,87.51822181097546
97.51323750402405,89.14689393461914
92.54644677476564,88.97156553874204
93.69723281591264,87.74102301827631
89.15044263966365,88.4573451514469
91.70808707630727,86.58177434108022
94.76371878553532,90.50201981205775
89.83740697946708,87.60687483673104
94.59883680374502,87.15729667921171
96.50094289089756,86.98087821719055
89.60018922205523,91.49486426163337
93.44864304635153,89.36168030447085
92.54295478940412,89.77613920730084
90.05796940371319,93.2823227389695
89.296161214348,89.79842121808952
88.81996702412548,90.24071108729191
92.26412006648114,88.29051752166583
92.23409189565312,88.85288458448198
96.58772619103733,88.43289127520946
90.76266740708569,93.25739160077428
94.53663195625941,86.24893383143528
95.32203532277062,87.58602587272364
92.41983688454,88.89377916760623
94.43860499263378,86.23715479257908
89.14025337493887,86.7403503143094
93.01889091671511,87.06696774267151
86.38496804897497,90.96146284585598
89.84160340502288,90.4099272054331
91.71572735495471,87.07453406596514
96.55302896443733,87.39756154277084
88.65671957442513,90.182913293403
95.14428466059776,87.12026862152625
94.17077736336992,90.25585135383646
93.37221814082022,85.38648382159039
92.10075485401937,87.13471049618212
89.78921196050558,93.12786538139794
93.43212017744919,84.84821854972613
88.00433982697524,86.10934706952177
89.47603056136191,87.82033390363242
88.19682537453278,89.02052426419213
91.14807748773427,89.79830752386059
95.84325869407998,89.07565939061138
91.24109667391096,90.36493116694291
96.25754655377061,84.9102115093593
92.60464055117122,87.17655294302227
95.8951865146945,83.07146511143132
91.90761916024164,90.32150986455115
86.1342003714108,88.78452798927627
92.2487365288013,86.69451766951094
90.82220375239058,86.7770567667704
96.40930953810992,88.74549395010128
90.64411998434204,85.45381921607219
90.74772424062114,88.5363846402379
95.97032681451725,88.10753342963704
89.17615188692531,89.20165362193464
93.75051401954413,88.08127315172152
92.63311407425176,89.44724351000316
92.80046983281251,88.15075148082381
94.50211750105167,89.31656967945058
93.75396847035094,84.98162986540747
91.72440761303343,87.27725234013587
94.66982684828297,92.88465954233773
91.68966161150492,86.85037424745298
94.6060376191422,90.69945261292949
90.49155616141967,90.41522846161355
92.34574793791475,85.61380238592083
96.75233269803147,88.53869139453242
93.00341373331106,85.55265300738118
89.89855083052146,88.98322801228696
92.95542227334498,86.1986973627037
97.61123035539627,89.17863110096584
91.12799246484212,85.3116576122915
91.93116294662335,86.02222161625157
94.17047639439178,85.09766308540569
94.04549650485957,88.24190522790032
90.34890311677727,84.18821394528388
92.82544629259982,86.8234127080615
91.33748671360323,91.24895369165024
90.2846563196736,89.17117166826753
92.01968077039966,86.64105446144886
94.43562816825721,89.03785025292777
97.78487050210535,86.63022650271544
90.9430656985383,90.35999252187221
96.2936815396399,90.56623238094012
97.87190088341258,89.72206391868266
90.70217755258628,85.73924553674324
92.02574706183101,91.68952513158614
93.17871299298442,86.12413223042866
93.3266704138216,82.56992703715598
90.31842450773107,87.27236832000311
94.40542369270848,86.50560345658708
93.7171358389581,84.89609779403176
94.17037669096854,89.28990705069798
94.28741701307285,87.22862007954129
96.96372800545889,90.30462631671323
93.81963916548304,96.99799903449528
90.99250665444765,86.10305259590395
91.81601142516135,95.34222532872857
89.37159044896568,90.92878001428983
88.57889982712068,90.89864743472434
94.5699571556974,88.79819447019128
93.32251742874008,90.33026768046587
93.08613567985279,88.00849653964524
97.05653433642608,87.16583438068463
92.44803942529137,91.7365354694663
97.68512550312758,89.89771673503127
90.89829958308192,87.3133316210007
97.38620998034632,85.82096277868385
90.92837677055417,89.0062444423752
91.06703348217576,85.1993748660579
91.37705940014655,86.73233725535134
91.88562037104181,89.81393369604068
93.25770581907783,87.59376926694736
96.1249234641721,87.93509602552743
96.27618385352206,92.56433678010275
92.27590955118094,89.85070602183968
96.43965121527562,89.11827794513064
89.13772011214222,93.77497971835324
85.97333016411544,87.21870822928271
95.13748483655688,87.00131600759818
93.66802591398289,82.78649304390439
91.9689268128599,91.82179209697382
91.08908104999887,86.26269573387042
92.4124775632431,91.73529590704722
93.23815168103066,86.74068338233481
92.82600627981356,85.1893988682589
89.85545737855585,92.63510612527952
90.67204425931679,88.37833429613978
92.87078377631596,84.47211151903622
95.14217619470976,90.02180041964752
94.4078895399755,87.99050924513948
93.05502670940695,84.63620988119703
92.23860328299914,89.73689132955693
95.22781653725349,87.6472769161392
90.13144705877775,86.2295658391434
93.74500351357518,89.67622503939401
92.75172418735558,90.11455616348307
92.60434215850591,88.96158000358204
91.65672112285442,86.81244297851931
87.29461831250703,88.92031906814012
91.40212143642566,88.14044784165272
90.20445266791793,92.99270942893205
92.01946272501115,83.62428264495527
97.628017228492,89.36789562948329
94.40456234701652,83.89445265189734
92.45387262305127,85.76587971628663
93.58076138268974,88.86501670965536
93.50677893690066,86.50275951394856
91.68054439850462,87.26636477476134
89.05773765976497,90.01430216685773
94.83742234914925,88.24642466892199
91.50347743603962,87.88837205238833
89.4158572385634,90.4294117882114
96.76576314437573,90.50406836857805
93.6196947762861,85.56941204565064
91.0658381727759,83.42996193225797
89.62279088819092,91.90926324927143
92.28173117598111,88.68602887774013
95.71225628422334,86.67774229030344
91.88978138859531,88.41234920147167
88.47204696801612,88.44353521854919
95.84275888422394,85.92664882611345
94.71333286323399,86.46581636730741
94.67125210107429,90.70356377101025
92.6921227029791,88.2528647904534
86.99025705286364,89.88341137657807
95.11623407508138,86.75412938477533
94.68182237776932,86.23139145801053
91.18650268482014,87.95233166480003
92.74225540846933,91.73336469446211
92.49765666994413,84.54391796307654
89.78005107682274,91.08619541534691
91.91551534008224,87.49974406757157
95.42382566423161,96.08567525966107
94.6594702443951,84.26496849053763
95.05215514937491,84.23262402900113
91.09981113269784,91.26672193692026
94.3821073037737,86.56073662852859
93.1545297784106,90.74971763675313
94.93291611889019,89.35372794034727
93.38789467465236,83.34456367128475
88.87420515461207,89.54355146873239
93.9951632810726,85.71843265612556
90.97750896149923,92.05672781013128
96.58887734260053,83.87294244150516
91.56877187516685,85.8852674102945
98.92386123822395,88.593858974414
95.22327857757638,89.36840841888815
91.25798172884188,91.44804901420615
96.35830665255303,88.37350116902198
92.05385103021581,92.96487250165103
94.8145397304717,91.34441798126456
98.40664642360099,90.14506438324689
94.59718610099806,91.47781261599091
92.96859219912896,90.73527395140692
89.2476704602815,88.95847863297088
92.96481172527399,86.968331168763
94.09872431696563,88.6917517934391
95.44586806029879,92.13529648610654
94.0056815520458,86.41940027861033
91.47405140296115,89.80601043970839
94.49628233800574,90.04243691149536
94.68819727637084,94.8564211252792
91.03726597539662,90.3142451515069
94.79073446463838,86.86112829036858
88.33363250475415,88.00862632996271
95.6840533606063,88.08975711279884
95.06375193967042,88.75973075902381
90.79965109525217,84.01309225955852
93.81809168565424,91.36185208964974
90.79693932060889,91.4344788899825
94.31345792821246,88.40159700830529
94.84543241250958,86.88737750941772
92.3390291801645,87.14499541573676
94.31911171164188,93.03397143904998
95.23709391529805,89.26848316844716
95.93885807136084,88.24829885619644
96.23483382485529,88.3699351623344
93.86160301102024,90.52465188703543
94.41459832306047,88.95605345075667
89.7279684037442,87.58513286468205
91.1425070245103,87.81475803346645
95.69558727339228,88.73047329763698
91.79636727142868,88.6665311517805
91.03181831878402,91.57298504474781
94.48821036395998,84.12027340598335
95.7118826224044,82.61904176629898
96.15919298358568,89.81610939870322
92.62093287271121,83.99063905390341
88.93972614021678,83.86525286748196
96.40187209036087,89.58612519324599
94.45037223355159,95.92927193352631
96.01507844550687,89.17774665789992
90.1893840347571,88.90268748300402
86.76282534722417,85.5412179239227
95.12849703606814,87.00495574964481
90.1279372720588,92.08897319416691
91.43203619052048,88.1729773313924
95.04494391784084,86.87706095890505
94.99456303251519,86.1937688375351
92.39095340015578,88.81841787151915
94.55589457784124,85.59073108344688
92.97563769117934,86.75115696834546
94.37081192507394,86.8645708416711
94.42656063390129,90.43051574188135
92.26384839817646,89.55092065842307
93.35119350815799,90.5495588280043
91.44544522986595,88.93188436666058
90.52911890496793,88.40367865148525
91.09207303499146,90.42648284345778
90.85352960616864,83.64831167232619
91.01983372317392,90.77112607050351
92.51387603462203,86.87943502691695
93.37905915528951,90.4566741702054
90.81349216238435,91.26113379683821
95.72720785244556,90.44814307297784
91.4146320477421,87.6593765031576
95.75371908915248,87.48275798557025
95.36823695734317,86.28733941215506
92.16547362886247,88.20901317553799
92.43001919013962,87.4107392824127
92.11407734878972,93.85184976663747
94.4777969293292,89.23470247499075
97.5341294935027,87.70337850697858
91.16087798398219,85.3795585706727
97.11883259807495,92.75627003878728
90.05094783068235,87.24374499538682
91.01514032857887,85.62684680175867
96.35946383757745,87.62351717855742
89.05444167579017,85.85908809570996
91.5270742499681,86.81712417226137
89.36990439071646,87.4600931057092
94.60281731849145,84.2463156977758
88.14695955503686,85.90398087557426
97.76500400350457,88.09356615777708
90.34055145532811,89.04359220251742
85.84772924981515,88.48699836805798
90.29620363102725,83.45608616845698
93.08159307304055,88.11076930508395
91.62904160128531,92.51519093992661
89.53000159158258,86.96478813300266
96.9258496901685,85.940912823405
90.98959830840941,94.28209450524571
93.32745081236423,88.28956110570924
92.63234896757749,87.79016488003225
98.90928968187899,87.75708305712597
99.08573006678495,87.19146174837533
93.9618978545931,94.23735053729618
97.78786110004438,91.58501810033539
92.0392266164172,90.28568066998993
89.58731349831027,89.24571911950362
91.84582470891787,91.13713106970718
93.6700874519903,89.6419572763149
93.33344128577787,91.07788075341203
88.31949899158444,85.03878940471499
90.49097450723727,93.01683602712275
94.57186125659868,85.90313838917552
92.41496482366954,92.38028150799313
91.13184997301282,87.34941171351748
94.32861979808632,90.03655556841161
92.3002372220846,84.73051262496288
93.73863156561903,90.44180721459648
94.65029246953074,89.40749480740541
87.53513071644363,92.3881818531602
94.181201647842,89.16502144849699
92.0564699106947,93.77626000668067
93.87943639809828,88.06270267488055
93.2388992301831,91.85513598560722
93.06997498288351,82.43115002147215
89.60813313707418,87.34079971491074
87.61258147924157,90.44564610395942
92.14634397620574,85.64407132735337
89.7377709981445,87.83588105401314
95.92674241518304,91.7488943862188
90.13298627123243,89.43939316667192
95.7887423831633,89.67303629846074
89.6782521754506,87.41040417864158
93.11857872757236,86.70450042088372
90.42979685135063,85.25587771094102
90.02415625061383,88.86710665728792
92.84218773903201,90.24584839452648
88.45487437787197,89.23701205664467
91.85932079856074,84.85118207706404
94.77811157344723,94.70221109313331
97.34502853847006,90.85244843059647
94.4124670983395,86.30904899836516
94.12505306058021,88.51910878092367
90.36614986219854,85.69204387125019
92.36580570025458,86.92874142996726
90.47576234394103,90.97519660749947
92.71502849143786,92.44355915796423
95.19822977610234,84.83903429330219
93.07084993104758,89.41564367071553
89.92735241235708,92.47554385263143
90.41230513825388,88.2073755076483
