x,y
139.54417526278436,-50.87516373355079
137.19314178057346,-44.52073779604502
146.0745418136405,-47.692138846282575
144.83892831625496,-40.221127383794524
132.60337395917128,-39.68962591648499
141.0194561951171,-51.15696776886216
136.3513885656839,-40.852056258364875
136.55991215714718,-40.00138444953029
142.51777120974168,-43.00928122645039
146.36584217906795,-53.7222788208831
143.79682636126142,-47.09855863363809
146.16955423156836,-49.5513465487841
134.97015008100476,-49.298228458194515
131.3824893123154,-29.48147514579455
132.3038117215739,-46.26595738335465
141.51576196872657,-30.655237729787434
136.8538269232674,-27.54562102398031
141.4422142975383,-45.4995129590598
138.08158824464766,-47.08679953456672
139.58016554448173,-35.72042026939056
134.8126058690244,-38.22212413378411
131.1551065607564,-36.981236013879624
135.15226917587475,-49.840119981802545
125.51203221537412,-30.405537465068438
131.0888655137789,-41.272674784833846
124.93575043589725,-36.86495189386658
128.97750900660253,-39.56056493426312
126.74168633507585,-49.488840984452764
133.57050054438918,-39.56614946462499
133.1272441985885,-32.791707137317104
138.93178313770514,-26.758059753673525
121.47787789508719,-31.048662829811715
137.8095926363621,-20.1987394714048
130.44464184118723,-28.5077733425933
117.9049422697934,-34.98082167501876
128.99090704400277,-37.14157344640136
121.47365109360081,-30.173629295803664
121.9348802994872,-12.75336360233176
119.49489627037025,-15.15168180790876
121.39359661932244,-24.600998266469535
111.56149878130898,-30.279068410788913
133.5368896276357,-21.161330022916363
121.62757320883843,-31.678180718046544
127.11186470140531,-17.5799295782979
113.19321175176412,-27.840889446055247
115.78705423302027,-19.26944193094319
123.60950777108484,-21.342600518372222
118.30343579789307,-23.28666683424537
126.89366329136395,-6.247414147508895
125.23302178190234,-16.029016941770536
119.91433961260257,-30.940257037123075
124.10550142381561,-16.91573126934159
113.25580873800571,-27.14395814364469
116.89852853676585,-21.260227102574024
113.21655422378315,-17.228245519036964
101.82752850090336,-23.105871475828415
118.6554758615054,-28.12599447104371
114.95982192857437,-6.098396815775487
119.84109387367523,-6.732483927986815
116.87734549059275,-18.26830076625366
97.14613241592778,-13.479093396157873
111.35035257520606,-16.721203709453167
111.68353090452013,-6.42119051969186
104.22085239764552,-12.282321934702484
117.62466944235132,-24.087064198506848
105.67965877486228,-19.55189323567945
122.11533283820053,-23.103937829878067
111.72173733294082,-17.474202285254204
110.23610265912193,-10.897656789119168
117.06718768602484,-9.39553745825437
107.02443516174921,-6.372218830126874
107.18221110982793,0.7160413453222514
107.26028176412899,-19.860198013649516
97.26212833873068,-10.421016224179553
95.6610327845836,-11.364674640590946
99.20804118388453,-11.268001530153814
99.96976382380177,-13.764373630532926
98.22721499224325,-14.961501489992152
95.04387634543237,-3.74911968666819
112.04156418259397,-7.219104449697657
98.15311853354453,-9.26462935907016
109.9847974924458,-9.289928183036286
94.14656284991071,-2.432025865324113
92.8022719846966,-8.18139635540456
104.26302377336161,-9.422130851227958
112.96823270687398,-6.880839244052842
94.80533108989916,-5.833603442930831
108.71091289484565,-3.8166634239696164
98.0902286180694,-2.145851216517692
89.62400962532068,-3.551482237483441
112.28058298426097,-1.7408129393786531
106.29417448523614,12.848972930152652
100.41782778618827,-13.630021368611624
102.5452547586043,-7.141742328985925
104.65573023749242,8.565597715423639
101.45725106794154,4.200115986389639
111.16088019874928,0.742491935504118
90.0436218111011,-3.2692584358285544
94.5960502828397,-10.17940010526686
106.36542128080886,-1.1892099947656487
100.67393111319905,-9.705763804516856
97.80919685305373,8.3621408597265
97.95390902289954,-1.229894160066702
92.95083385393978,-4.952301174480953
87.65673528423484,-6.50894527052103
90.80878984697843,-11.558430752647926
99.19883711462637,2.744169973176652
92.600003210957,0.3026523959823681
92.06391594924285,-5.256026058803058
85.71514383554302,7.282008417630865
103.22268383129398,1.9902384148732948
93.43169796625953,16.418940501245082
93.81127738122797,0.7860656705272197
88.43418700393937,3.8472228347427295
95.35674646910127,-3.5061942591637205
98.27396344879313,-1.6958480435994172
95.25869671870906,4.984005175424912
97.0266752580128,-0.438132558468161
85.5457336712455,5.801699830280407
89.90106467546484,2.9339174181173666
97.23687304731976,-6.433608307029596
97.38101319654925,-0.2544177210036418
90.46793298463021,-0.7808516808535222
82.34748267195701,8.820176721365307
82.89282643607567,5.37020112474643
79.98564667111465,8.059483496448298
77.55033339345954,1.4731800428666446
91.52426993077025,10.820397352785387
85.16541001356742,1.836868454589677
77.97143785489034,5.52062032276903
100.49172721517489,14.414658957030161
87.56824323546691,5.690874137617998
88.29378314463544,12.325744544323946
91.30185989256782,10.989152870423556
80.6726001496201,-1.3495622675908816
74.21026762625343,2.9466025037273287
82.18718179791709,14.099371503679386
92.65069123218173,1.8350680660434113
86.06449406473891,1.5607951787728966
79.098755441973,23.180409979026585
84.34898395887359,22.210246067291997
79.88675275525571,15.576348293565358
80.98996335681785,9.604148491601203
89.15319877001033,10.158564422715234
89.00350646491574,14.513198570534833
90.17261977404598,12.753999380569283
74.58962796607352,11.051979295309884
81.29792826307576,6.031927362395011
74.15076729053422,22.84920366573253
84.64771076033738,5.823725733762625
90.3912305641841,20.853061272632424
72.82523642696759,22.508335171791312
85.01390016264476,18.699887480086247
84.37077016794083,12.185920319884117
78.70028334836131,13.321725251556144
76.92131738969226,13.836474683026985
82.92532831726412,8.42707516561324
78.76946214467986,3.7936138949707363
83.99209630229005,25.826459815442014
76.85322055753504,11.907185681283096
74.00481032782086,18.376895582400817
73.95428609726552,22.849735960275297
78.89805023881124,21.680205249478863
75.64258620354333,13.212095042948208
83.73391952130636,10.683129124079045
85.61610631882229,9.278791766610915
82.32520633283843,18.488577624311556
75.7920880314488,11.308726887615553
79.7362828702067,10.000267523865208
68.98742079977444,26.438078227576586
77.23426353998653,16.391035337919412
79.29368016504709,6.335187278494621
75.9397105918879,24.110362359217323
67.74006863814407,19.127130137289654
71.20321166563727,22.40545406686335
75.31069050633928,22.329084498640583
71.99290059707207,14.889628108584837
77.4467051262547,20.311622991694676
71.57509723733122,11.29486896809329
66.80921169509068,26.895627094167722
74.12215060101157,30.114980188613526
76.56322054498008,9.887420353557456
77.2314673636928,28.81610995944003
73.79610476009532,14.828423029389636
71.51306400829564,22.58774933032602
65.3395560164696,30.436272407806896
61.77468547030627,14.463854756846967
66.0941955519333,20.227068110192686
68.34957786727045,28.44978998486075
62.38810830184317,25.093008366027192
72.18232902351473,25.043601681341933
76.27677770817131,20.579778747296256
67.78714854858752,24.91100618785525
73.07449763150031,24.517110082935314
66.0012847765726,15.224771704969124
77.80999430762547,29.775754998849607
80.60919521298185,17.428176015424707
77.17590745688709,14.540320265006978
76.7046654434846,26.217132227985392
68.79891664586142,16.22485692818577
63.6047634631756,28.246616700015995
64.37622307811341,30.098301114345556
68.58025864554762,36.31768725345014
67.44217354561653,35.68985235835437
71.48063636846004,21.10588783985131
60.5193016374215,22.88450474261152
58.78702470009369,26.198829629948555
79.7792285163746,22.7917424015126
73.2772604766972,33.47270086818285
64.31886127346242,29.44634167045755
65.49258759899541,26.243095393791226
64.72286656460234,30.60869829108757
61.82697243412411,24.52081788432984
61.974536989542344,30.347246414136762
68.9936911785058,25.465932987528873
73.45063057857321,23.640717548726546
76.35628903176593,29.402991286483935
72.92962991215043,30.02581726762687
69.96357669423129,25.334195577351792
63.890793171510474,34.498999609412834
73.8488731129382,33.00443841219416
67.59433132620352,28.053461092854203
63.47663181443305,33.76192560494626
62.851242037075764,26.720742667460062
71.31819944100188,22.61602775999395
59.9020901710467,35.2591032518796
66.974849269774,31.42485021153613
71.4675134964612,31.646854882284433
65.71910811385663,21.615393984927984
51.53345008699025,30.76937465156843
56.95044906567022,32.27896021081666
72.07529915613745,26.703795801979844
67.21283816000465,36.41169269477377
65.319958282416,16.85589969600594
63.15218853130539,29.942870309539796
64.4469495900982,35.91105943419328
69.1967494992015,37.99115821987486
61.89443546765214,31.16632635778332
59.88758708171194,26.268876849516825
59.42237718774819,28.19253671098955
66.90218326551266,29.758296499967813
49.56874542264334,31.47657084729697
69.15339326746117,37.39162502634958
64.92989630366759,25.47052963461359
63.25722637466389,13.046300096858626
64.65642703232349,26.208684693412312
64.66097439891747,31.723364023191102
60.25077594333975,41.33331050276509
60.17908399924857,31.526150907815868
63.774430173724774,30.53806454985869
59.92929910489954,34.282897085566375
65.93980796688815,27.316401712354207
55.664961994146374,29.485275107228876
64.21084644323294,38.89438732144077
56.2123708175547,48.20582470766546
55.987670573632876,34.79871893578746
68.93535123308202,28.589838782093846
68.0243057134513,28.187034412439303
57.36611675074756,30.84978247077466
51.83143210152865,40.23466163498951
63.69074372117485,29.430929364481873
61.2909661140139,33.63147631349993
63.92127185485866,21.428651030777157
60.59516448880824,30.213710359228944
51.378874615439315,32.45687586287152
54.209407182720845,40.562433537352746
58.937661284553315,31.531005820750977
60.882417596451205,32.45402815287459
62.935952218451085,35.761513079446964
56.67598250548965,35.515180921538615
58.64872592120754,35.183410979706466
63.87932254091921,32.01565505172433
56.44529338789999,35.64348565715722
55.48938124076565,39.678268066812564
62.66771994531548,29.028999031757383
56.54282459983894,28.45015810873287
64.62012064371828,40.78978088676943
53.03496685087682,36.23958668018319
47.83903431677658,44.102100008837496
55.72770536127564,42.25246333981461
56.34738260101563,39.15490946323153
51.385585079518975,43.334559657635644
54.74601640141261,38.562843770125895
54.481003411802305,42.58043933023573
49.46514494288331,47.127882131448814
56.24189846419444,37.096122614624704
54.888832630557644,29.02219963806376
57.145808487014364,26.56087541919633
49.79352612532564,43.86211211438176
49.206912132949405,41.5166345006191
58.36471885154713,37.66813415424169
62.856018491950586,41.280572445249064
62.57179060394551,42.78315098573831
61.82117728259786,40.589485224609085
54.0454120352405,35.57177972685703
66.58760110141941,37.44926389590797
61.370436995872836,41.77862349726303
45.25148368774481,43.164065187524024
73.89751371381703,30.483977762074105
58.36921398622849,35.46317062395079
35.934348193948594,42.3980255951743
56.87012264430169,41.974087888561165
51.79762945143984,34.6691765300278
46.50516282656264,44.24353886410288
53.4162162005395,33.03082300222532
51.63973430796109,47.339891275202504
42.866459850903794,48.623367567272105
53.33008106844639,38.36565913402102
53.375152517476174,41.53774957560836
59.530040473459835,40.51874822520842
50.75615643500345,50.46010136290781
50.322456837035666,49.37904401480856
45.37877190513474,41.317312756601964
50.37573425479512,50.210785818295065
52.760674598193276,37.818959353953574
39.088994390746535,40.186434430033486
57.49502951906737,49.018788822173754
44.36269518229482,42.951519625176665
54.8682353906264,32.16937066154519
41.73794921052633,27.668289663225693
61.94230834390271,42.314824528408856
55.37678578287679,39.58204167090629
51.99435707544505,49.21307839277504
56.486800796413846,38.61935210584075
51.13658899880731,38.49129256863013
52.98118928858477,53.1638357446206
56.94630849897239,43.29353595000756
60.54309066529509,40.403650401510575
40.484749181395735,51.673375481421246
55.62677086256632,49.63589539297042
52.081330244591385,44.05637445856072
40.310864533699615,45.579689653153565
49.601286686972024,50.86818861525963
44.67033132915078,36.84674974956291
48.517428614060066,47.84370599289256
45.50822336000087,39.67765052319308
53.70996007431057,51.683327524051435
40.37739491315858,49.380685253460534
52.375508366530305,39.326484790749134
55.75572353239993,43.819627293675694
46.874256229535014,45.06697796424335
47.50392417762278,42.83238650461635
49.01504652160866,51.007944450298595
55.06463701964272,46.249550753973196
44.13895493268827,40.79269408937964
42.48589266656363,35.58610549482404
49.800755343015446,53.469883253308076
37.19822860328413,43.50988796521221
56.57912879549977,42.91923581301091
33.49752201707716,43.22365244814045
57.38530637098323,43.935029902290495
47.76828386186146,49.131019643382906
55.6430780299363,55.16956457889632
48.141038426353234,43.09729156290034
63.015151959470074,42.026861226351
53.760367070153684,57.68994739061823
57.198011908277365,42.623711446730404
53.06890611833744,45.769507325549185
48.41711363591312,36.73883509694003
59.699852993108756,43.32962206151552
58.36453410039504,55.201207478320946
45.83881320442673,57.45449007396917
56.16219408563254,42.965727967313654
46.84342485786486,53.3146101683301
52.96331639145164,53.33433672627846
51.04671798399139,37.486175101663484
51.262922910384766,41.64990776117326
48.81017228289181,53.79205663411743
57.06344356503313,43.15102768228548
46.65166152263529,50.56411090168302
40.90931984598204,50.611109005282884
46.62053814965107,39.74018426186266
45.965421616813884,46.17425763153861
50.71956883022534,43.60565050454668
43.257151554112525,49.31098128563961
49.50024164684684,46.14194607350479
49.01278048028126,56.1107422679744
52.26484872587017,58.17266679690996
47.35434214491021,38.992486695520874
53.857740866659555,52.20216394904427
50.058152473598035,42.770297212662136
47.15377937248319,57.570203058679915
52.1708499528622,40.26273496028695
58.8223956645838,44.45309266009511
54.64372158172623,50.23670955671131
61.32752256544952,49.78920900309825
54.88891237177574,42.13434671498389
50.73773983418159,41.91738977020281
39.97128963151442,40.443762694930676
54.95308814983031,48.326570197975336
45.91041211853271,42.07439801946902
39.715759429615964,49.07245062025686
43.791272285966,58.12014376101567
57.197735258295054,52.37148173056346
56.160391577280606,50.014791931620564
44.79714268321953,54.833235421182316
45.31122094983109,54.57647446400537
37.62241195693095,48.62878207207314
51.43671917977978,56.02300910813804
52.02836148500788,60.343044830585015
49.572253202436734,35.37241812578336
52.14899594755253,46.8335578569807
36.07245619313218,42.74529117385588
52.851536674016224,61.33810354673213
38.5426323266868,45.86257155218327
53.37389894534044,43.89227417444522
44.199896113145094,55.555646330888294
42.05801423252312,43.698771406012916
56.65137889861815,51.49317705042987
49.27048617136277,52.96166972562337
47.92313521416765,47.962128467081314
56.41574625204294,51.04125818128404
54.8720565844485,58.23396703529851
39.60629167030805,57.79596522355942
44.351556057357136,55.418807448071455
52.52993054421174,48.665879559078576
56.947785542391976,44.55757588502771
51.36831538866312,52.02270377672496
38.06765783600191,62.5426525389003
51.09303475854857,46.6590770436365
60.499167276104906,46.2102120154116
42.60951922507347,50.76453462579648
54.5120635398638,52.65025842617117
46.04473087072183,52.6513574458042
53.73725366009998,64.27300042998735
52.1114447008964,52.4337705480373
44.67873121482976,56.715677543533985
52.77596135105709,50.7072698192052
41.338175451182614,42.26474004496026
47.83250379703807,46.74579421283653
46.35445688075287,53.136181556393915
49.379963725918515,44.468051733789565
40.5712642087595,48.92185283255908
40.31403451039306,51.908122587023115
49.511511564654064,47.9474057985902
40.79558865852761,43.70425876425113
39.08086633176187,47.2798334846409
55.10596474955308,52.983814948276844
51.5921512092973,57.55660708889998
40.162100014045485,55.63939854646154
45.06688963052831,61.88350524065124
42.864479770961886,57.434713899720734
55.61191032044303,57.43059650992732
44.56579472302384,48.930597321278455
46.70666239525617,50.31765636883462
48.126656556036004,54.408488747558344
35.05124622886134,45.952807763752844
41.20319852859675,51.224124450723664
44.975029267359766,50.222549146797334
45.14285664890313,51.86065804226675
37.215405873173815,45.40862561120226
44.590450908532326,56.64243578143076
51.0057233981231,52.201881505214864
52.86398367532904,41.49979346260915
47.96449857279216,55.724362584328254
51.754021467341566,54.32760088940277
44.16389178505968,55.53904816479178
50.440326795803635,55.49490280404495
40.921391906820496,54.22328866528738
50.57406723397696,54.60258766792904
38.27686137017422,61.00768146379521
48.152876867894165,61.03433952967651
55.947394840862174,53.255351233960454
52.1139560206473,51.30672492518106
50.83685920433746,46.81255478725274
50.50920023835236,52.6481070213196
49.53677755962313,50.37554534607543
46.258834130942425,54.81675150681321
45.45022187232492,54.221243000788434
44.40475205417292,57.38892177344524
27.734759292149604,57.967149259435246
38.88487735018583,51.47015619990599
36.42880455685595,54.742383835322904
51.165509009641205,64.4453183859177
54.16975978915218,53.803873687307856
45.14249006343926,61.847025843954896
42.41800374312619,48.71889710647805
45.889020898476836,50.91481198573164
59.207092875338034,63.677970657318234
37.862386373242366,52.75923137839226
42.21896495994539,69.9338607131035
34.0185429246487,58.40600261696818
51.72895919618276,56.0484173659838
53.572439266426485,44.82875444543002
39.45331806970393,67.80493501472463
43.095837835843234,59.3834371142661
36.69709452301683,48.32045152684596
55.42364546645689,58.10095643531692
33.3785461544574,58.007990276019605
54.41724200869173,54.422453239166934
33.35362764067211,48.78392346518275
45.18919094892858,61.47201385571879
45.8602540682602,53.750971800450586
52.17138147309211,53.61918993541526
41.33994756326961,54.04902010307036
40.126814560043194,62.727853174307455
29.684910694175393,62.07038498599321
41.89396695645765,53.000628760857616
46.58388316279585,53.42012681325701
38.09473948490112,50.272409821813675
50.917247496665865,72.01667372381003
33.83337671066308,52.946128373345665
58.79855288766568,59.04652552624788
57.72446806672639,53.18463067220267
39.87005743579707,59.96635097552805
39.12837215316045,59.41434939364652
33.77754567407799,57.53464858963426
48.00311590963166,53.629615196912695
52.71851818944359,50.17905660650656
41.160622920552356,62.09433283328434
31.90303424966065,61.98564457282123
44.03394435596778,54.212315322972884
42.39702880811409,57.86306151849458
52.231115155898394,58.99000602983542
47.142009146877996,56.42632704780735
43.842135427672055,53.41570977758026
34.038630479931506,60.92286961108162
42.18578375530742,65.72245501360045
39.32206177723036,60.35221318141371
52.90441335563617,60.60830069882817
47.535392782686024,67.89480504779294
44.939473922363376,55.32486281920603
47.73545522300468,64.12543572593532
37.4179452912921,59.37058887389318
42.34361571413711,64.19506257826377
38.87396551586218,66.9858282268077
45.26384774560378,62.47492182955693
51.4697191379488,63.3784196834405
48.284172851302685,65.26770746484408
44.79598149705153,60.078411173307074
44.060440442752714,63.06896446903987
45.47657081670007,54.578884532142816
35.41160782372519,59.3948408467351
43.044084397928984,54.2585782731886
39.92153837709128,69.3921100991189
38.51573157031622,61.28679809063194
46.623448119403015,60.49038058710613
43.08163663928134,63.407349497942874
50.67122596861475,60.98772933573297
45.79273940282357,50.6724501362541
49.45046934796883,56.45934405191603
56.8147701653433,56.37272599433214
48.776896896938744,65.35837098834845
40.79577440245772,52.265480369149785
46.95145026005644,50.165073165912176
38.37867525542187,53.94720264124033
48.28377405907072,58.16610473130595
40.284293752914586,58.47300821556512
44.05755941008137,59.589260254879285
47.40089680750779,61.07011724038048
48.65448681205088,66.8122793660804
51.333621949617424,58.40243268462463
53.446213962534515,49.409475445966336
44.89544424406703,58.686899369861294
49.458688255380416,71.89960604988524
31.671229083123883,65.47866174953263
43.60584695561138,50.75854459220203
42.30558090314383,61.37216287047935
52.68571695083125,65.46614873365209
50.349537759098425,55.766434840928454
46.20581387163262,61.00202295984445
48.35215741062417,61.39930238978967
38.7646697882911,54.16880221413986
49.17901714144554,61.881132997510974
41.31157910635308,53.97539615006383
47.6498900750877,61.79081875462369
46.12078137849497,66.98639159051592
41.64181864097079,58.68060080962507
39.25429620988873,65.38599380519399
46.25932855393405,58.13355649147427
36.49787420674356,53.213595792390116
49.191237937579274,56.6630697732669
45.25522020564679,61.714738119212385
47.69558094439272,63.815431828064874
40.10389200890177,67.58178068260564
30.19034855943059,60.73996962290837
54.677761366287015,68.79343379706597
42.09197322899251,58.87300901931721
42.278018401855036,66.93831902892214
39.78167824074552,74.0158679612109
54.13146449696126,67.75357459149186
52.5785614915,73.8744037619462
55.400283413343544,59.73233865640441
44.220125174291326,64.3058387332528
53.1601775004095,67.83976195574155
50.62059002031265,73.07075241765197
49.7375018382257,62.64591996323659
46.2694450574022,66.36859285214364
50.13829206086003,62.072723500757235
53.95986308672654,81.95445911229528
55.758114684089335,61.27766054054936
44.020013030587606,74.50833002661072
36.46755163192029,68.86837182460242
44.443537399886836,61.72675290519522
47.45900057108453,61.010225689588765
54.152615184164894,51.53464229208035
48.040111755681984,66.59195962349996
64.06407648393504,64.84405215605696
53.399349660349976,73.35425041560175
48.95569656194662,67.86220408599107
31.008436123155086,57.28848594968725
30.575261794090718,73.11196479358793
49.23174163012252,61.441788206819524
51.9205412335714,66.00310477356797
34.39993894895501,69.41591313303313
52.463593140047166,66.75433490972668
52.774500460660306,78.41199957365313
44.09785090482267,64.35131719176499
62.09611509537939,64.19466959121962
46.1956778479969,81.5587882865587
47.66393848336231,59.1383072317233
50.37325013724287,51.173680667772985
43.738041181208125,61.67652997998684
39.31273329998632,74.75606051498171
49.09454949051827,60.22402074356044
58.818903102187704,70.76463407710197
47.07053520702612,66.41405151548626
44.44478271329166,62.01056433166137
50.777489828622535,68.69707568765482
47.137827660851904,74.09188494661484
50.712799972531,74.48042599148384
46.62658496996193,73.55246257420504
55.61591611465806,71.07095574434564
43.97657502240709,70.59505479038654
47.338208086775545,77.97425000613588
49.49054236082085,71.80710199092749
47.87706247616468,62.35532118891204
43.65231984850574,76.9146257110014
56.70742239574664,62.170269987418614
36.93490584495258,70.64429851450664
41.35559411266554,66.95416566412194
41.706002907937865,70.98507739756236
51.880078381936485,71.14236696251643
42.19464247499948,61.01716503110356
46.3413357744176,64.92251385999478
35.59385732249453,66.51675989382746
37.01783803473934,69.54532461863423
51.50450539679638,56.9643409090425
42.28555474006706,67.96397102535381
56.62223150064433,66.56533999021923
51.9103994955348,63.8282833182292
43.32858587597012,60.10961924654815
53.19091775163186,70.89467889130015
42.998995170726815,60.84785743616023
50.111154953323314,69.77913160127201
45.847787377796244,64.3262550769448
40.82366963537497,71.23224889597186
54.75682895152633,65.496268211163
58.72445476923137,77.58887108436734
41.91302971242585,57.77808983544786
41.14732747427658,68.48629348470695
50.491153360238755,81.62799636660048
48.88845423944988,72.42244273927167
58.52346104497737,74.35703350603623
48.13296729070377,76.6571497182472
50.016549359515274,60.45120638454367
60.513428972466286,79.65841573745179
50.586977491656846,78.36675193085256
43.80218171805281,69.01547437526051
50.84417345668436,73.9249547470297
42.8817123219348,63.20031267750671
55.042656162818254,77.16345589216772
60.63326377201111,69.06599061214008
52.32647944352975,75.21265206378939
45.258097282653026,81.14015614334573
45.58531253947311,76.35866322008519
45.85197596380375,70.57143327322181
49.53622039224385,70.54381244072886
51.88850509583386,75.89173089263566
55.97210657054452,75.23926332612713
47.232285302449284,90.26996528620673
54.431035950781194,69.95914170933628
42.662799595542,73.99494095827554
58.44152936868059,66.93292518403833
53.927475281596124,64.6683947975735
51.39768119897111,85.75047522764895
52.58972799963558,78.60917317167308
48.79023374915634,67.40959608578032
51.59984101715348,78.10482965107147
53.51399674020857,82.65395462730892
53.81884539465595,80.5991906212819
56.75853309163205,73.01453014552473
59.43802150423711,72.50055683008716
56.55180572634677,77.86682429740655
46.765182694140485,76.96273544715599
65.61091476758857,83.77887588339466
51.92901363612868,69.16928414926105
61.16976908646806,75.04581630963409
48.03132561627019,72.65358281771833
46.31004995881236,63.31622214307137
46.979332055850925,73.01173367331884
63.511039639425576,71.16691358059646
57.886215517196646,72.00463344497653
57.22424264695364,88.95663141514888
54.284759158391346,75.80240925146282
50.26517483261122,71.29565056152884
66.94014430381237,68.4679379936586
65.64587515771802,75.39207729963694
52.66387607673119,79.11629115961834
59.119131929563785,74.68171369269186
50.198837879799996,71.55030616145274
56.7335074578725,74.45174672954344
56.570522593580364,79.71793239397685
53.10416894167718,79.76889714231199
64.36797202577799,72.54476093228567
42.40111184780034,87.63231059982772
52.936595149105386,82.76439994402185
55.409678389963716,88.80867858650623
59.49336149153314,76.50110470027911
60.05041172576248,79.58097099585399
55.734102749188324,77.50505412068519
66.88033972011618,81.02054251361413
59.80964067879165,67.68443645641932
56.06413599532285,83.35625079355871
67.68208469389,84.91141709686532
51.79797235334257,81.80566819906399
61.49834427061058,78.02545446401307
57.88873300095602,70.4705448334599
53.65722278506153,79.39634288030445
51.77472161555648,82.08215617109069
56.11117493948341,75.91614321549665
64.3879227316621,83.51345748780089
56.28936502543366,88.29386768068
57.84944197622384,71.34988605662403
45.54858845680516,80.41385386290153
45.08352867364276,81.93863631551304
63.6336325706275,85.18900522135007
64.72656039130244,80.23114443729493
51.05352877751447,65.96687042684346
63.122590680595074,81.53126031036072
59.903395727214935,78.87481257300277
56.48042412801003,67.10828534202822
65.44955773422691,95.39053077946646
52.447937704039575,78.7226640742324
58.56955709388248,78.74815300045843
59.98418207319797,89.90268450305868
52.448771205696886,83.39121378274885
64.43394324275606,79.08388921081911
55.04472840652419,72.88656727700376
50.13768757369884,75.58195946499232
64.06656080551889,79.89575527203375
55.30499533000895,78.24554948509324
52.35846214853337,85.86623369394823
46.872295010856874,81.04251108172878
66.43196543727366,77.17543145515066
54.14458751322971,79.49605913283162
57.07433490235744,84.91558952960024
60.976483207322794,85.4151748815887
60.18040271545347,85.17035859958763
65.88619893082578,83.60311802539101
66.40738540815181,88.59618986654351
65.95955804578853,83.00728354951293
68.22311139272628,86.0508699465606
56.252381170668905,81.02634401117857
68.66686403903712,88.46636668986612
57.635410272878346,89.08760411241823
60.300813669094836,99.03690406800548
64.0341160069592,86.94523017288304
59.471573045345146,83.31543012563684
60.76894116293548,73.6816339640594
67.62384539485538,78.3362842373969
69.47389777194941,83.17601470410038
63.309994137553026,84.68897310423863
56.55897341172788,81.48248509459495
64.79648141218993,88.21852951837697
55.78180383658568,76.77111659570734
74.39442319788179,88.09039697258056
66.05008631340786,76.66616610525296
53.93680639953884,93.10706931497633
68.22239862591654,78.80050425542797
63.642955629139934,79.49738830427889
66.59096858514131,81.16922792522975
63.445494800966074,86.45405434936292
63.34558446186984,83.82585718982605
70.31920833892443,83.5116701635117
58.441727536655954,80.48858256694304
63.76312344984356,94.90042239169952
64.50450995716217,96.13581022890526
58.47118961838547,81.46943575049472
64.07705835130892,81.83595660444786
68.21733337431495,82.51112320630283
61.623398231804195,97.3999948643335
79.36871256680186,83.48074068061261
61.05762302938576,78.51774332905327
64.2137459558081,89.28711486977107
66.63586288133294,94.50648158307442
63.945235733587886,89.16162783066642
67.47086567297572,75.41533770067971
63.41233093225806,84.62473911658451
68.21294979265512,90.51530861859429
55.29425477229537,83.40537986840087
70.14986978682917,99.8377938359038
66.16279105039057,99.69117152091651
71.54288507289615,88.0192356408758
72.6587836088027,94.9445438291536
68.69514343064452,80.70899974004085
57.944345023526644,85.35049309504265
64.75454902180462,85.35785700720137
67.45895477808666,95.84267485887531
68.53238383600551,94.05085228447209
82.27500000438094,83.25650886827154
71.80300045603302,94.8661196473644
76.09255179875741,96.41525086652223
74.36112945336323,96.07198242913283
62.98058691086783,83.39010002941417
77.9191927614249,93.78171706331754
83.9767039844789,90.10319170845571
75.61748788849371,79.69633943196521
63.60440577409682,102.69418892765545
68.1413605635811,94.38069083904658
83.15040049772131,92.61458030460004
68.12322754421653,97.14378125908345
82.96835244478667,93.13314153789169
69.59342040615932,96.4973231442072
83.80291989908471,92.71123397885724
66.87812360402083,92.78732667147871
80.24504957420221,96.6848602149736
67.37989596908486,96.70090823551641
70.98359447515563,102.59086143596276
80.31039996529199,94.34113818096384
85.95499496885121,93.34166040649953
68.77189177542199,96.89695660956838
72.45476396707262,93.02664386746008
68.2531628663674,94.70735551852867
77.63930949570229,91.58901498246713
87.8451946262008,95.10304693284607
84.72351341298622,100.68970368783104
81.96059057669896,98.683455647826
73.22003552487192,104.73149177447134
80.16818425787952,96.78650664190144
68.59451675796612,97.12172760489108
81.83484339965642,94.30163142091656
67.79561911344241,105.8519040781405
91.1013051690872,95.95637597500026
84.83923989798058,98.38687965632816
62.65400709837312,95.06845473244235
73.24513491089868,106.17783621467062
76.9707749383163,104.83044934970897
68.30896440416811,88.43384708503379
75.4318358548435,102.73437671401231
88.42240975110441,99.57620809308045
76.77158642499447,99.8876433978059
65.07252429339668,101.64312622207181
85.09162402170968,91.00112111266527
76.50980028168942,103.38058743686133
69.59939639473382,101.39164166605293
81.3685046516626,100.29707552394257
76.40643317392657,100.76684056900523
73.41800788764883,95.58284599111279
87.75345149800626,103.36478614403347
91.07597745848669,100.8458631834365
73.78139182582942,97.53067747814079
78.1825346515376,114.79215427034318
82.68352218789207,86.9938852546283
78.34593409311238,99.15707015289851
95.25353763659334,98.34595856955434
84.60753156583225,109.21246966110999
80.05009020787227,102.47134617442548
81.12980321817679,90.39243562868847
93.50845056113127,111.15486099565129
79.91005322244287,97.01215772642857
86.41101578382285,107.66782245841557
71.96112281580966,98.31780245068278
83.16200476456122,109.9603004377025
83.88601948000581,109.71660067799431
83.3399247328341,110.38312895894727
92.03830221853786,124.74919264193517
91.9509316460057,106.75925380269705
80.79803708366427,121.7371975209104
95.3868064524284,109.52586925555241
86.9911380788496,118.52702976944416
87.66760970653509,116.88337141145028
88.423987276574,116.56240713103081
86.68032231533043,117.25363807369602
99.16027595747748,117.96062906367149
101.50507637825162,111.67613553141723
98.27569298013032,113.0239045152571
97.45519888759353,118.72685209471959
83.8649833092229,118.70398014623017
87.077696465457,115.48869387332545
94.87456275017077,114.08671010690537
86.03706785338002,105.21654255905047
94.0833522324148,113.87446330127594
96.66221725912436,103.69207776727069
84.96022147092872,114.77465205299748
91.0537379467511,114.9024862839564
88.26267475511808,115.21381365505785
89.6570210403121,113.09378102071186
94.13097579117387,113.98822418358455
81.98573121943404,107.07678008155091
81.4410260535217,116.38053104694983
100.01921754546532,111.91864017615308
88.760716978431,109.92886525454504
92.3624877569706,121.70459632831846
89.974195026156,107.58273002475627
95.53637844796458,118.6636882092279
99.15284444756199,110.03489299001055
107.68742048964208,108.07793680892804
94.96215687309609,114.21662547696327
101.09171130604938,121.57695363342793
101.50660233821851,120.73509556355714
92.4615332766017,116.91290304580073
86.71656310036434,122.88940516613718
95.17585547775127,112.79790307895898
102.11681941936564,118.52040220069568
96.47323182299682,122.94718257491148
106.93203708375964,114.52588021951183
93.35909357835072,119.12912988575415
95.464113429817,129.8540818139092
95.66912618663609,109.00726486972685
100.47696443516195,133.80052085167304
97.60759296293959,109.30188842613158
93.42911721014485,121.55781018832387
95.25023019093585,117.90351225779477
103.7015439165033,113.56301559447303
113.72704809067613,124.4595653078841
100.10836669898309,133.58241968694853
100.35343492653162,127.54587190607931
104.4689359703943,125.41784660010848
112.61613441357645,125.81571959304739
105.26335910148067,125.9724909624398
110.21896623536813,130.48947772450848
99.90441423563362,125.1361938914264
113.80007790782639,131.22363104652797
117.38812898598047,117.59944509005837
111.23336047496743,125.77885895134953
105.12359925420209,120.85882512988654
97.35344929253611,124.89034309643094
112.4955013002708,128.26195076264364
112.16748583681918,127.78359528719078
106.0987909234817,129.0272293137627
111.17745772459007,124.21575637724328
107.41823019239966,127.66771168852499
119.66244226944002,114.14175219660399
97.65631812613806,120.39975495788427
107.2941128130351,128.0685526120892
112.22875731460097,137.60040512151917
115.11815550045037,135.20465228168538
99.62778989363918,120.76349686728933
108.2573174684208,132.2103991780118
105.04804713307355,122.56059672487416
113.55870540188238,139.5356807060567
108.86022899704892,133.56400265959778
116.17742353554718,136.06298223319246
120.37404360843726,136.68678085050976
107.70563414871327,136.39174653580872
121.79568084427099,143.5281264380241
110.09609114559584,147.17845182507065
116.6481460531179,130.602649122298
119.38873253171585,143.1734420163188
123.07330519165916,134.98298114657157
134.10061577487545,132.2779507181176
114.06419143703447,145.10790942576412
125.72990125893052,145.8667655411586
126.30694338492036,145.54921813939376
119.55461594143863,131.86943879002072
114.11149285946415,141.21295310708354
115.23751485874179,154.15089749430496
117.62741069679306,142.65692916339188
118.92386991488569,137.6245107874412
123.58096005527587,157.26673280420698
126.932129361037,151.10037359327995
112.22391512346222,136.22190971114006
130.06575189630718,136.30403964556922
122.67678060406581,143.13635145340658
117.84189201486902,144.8220339292288
124.0304103248512,143.9289278410835
135.84367060659113,151.3028260580503
120.25655191846843,158.38200734856446
130.05348537841616,143.80983545458326
133.31619438216677,143.20035705485589
133.2846899436097,156.1931877901657
132.23219902282293,148.12547009350155
124.5151456356139,148.59482524903126
127.64590523002624,143.11809488868974
127.5832385566457,152.22986175594835
132.9577040121058,140.721179819108
130.01905108609654,157.14951306717293
130.03796576909448,153.517667126333
125.8941865256486,149.27536484858135
117.89845472336837,163.95119868398538
126.55108199467563,149.63475644523785
134.05667392852916,156.30356043513166
139.84636551455642,169.30191883963835
131.75227540694257,160.8114045558014
136.83240677941012,150.59791146535534
125.45953189979754,160.4165177882402
155.51861327521362,146.11293535221307
137.22080721998867,161.73305032114263
138.1431932756563,164.97903833877282
139.68477507765948,153.61841935995918
137.1072338694149,158.44559568472158
143.6844920694248,150.19655871126673
131.4823861807093,157.55842379210554
140.8593660941795,158.5481679248221
146.29235381289132,163.15697763529334
136.01586889677918,162.9328145166084
137.3289582876024,149.81401968939048
138.61294875385343,168.64465948679285
133.80695849689857,159.6539102835752
7.208786289546326,95.45322277155209
6.187733256727161,101.25463542297118
3.685939827473967,97.51853722272661
3.991613580279404,96.39899607817719
5.948687389242443,97.46615710835772
-0.1142120107297453,91.14916637026367
6.133586200332032,91.20412053497427
1.8575463939270649,100.15598054560422
4.3350424271833035,97.01516977379148
3.302842041447084,97.22998232533743
11.021803039683082,94.69688293950043
7.594739316858462,95.52391280604651
0.6219251173214957,98.79763606509339
0.46402269109221006,97.72672516599069
3.6539280110178503,95.08052888046956
6.078140436413176,99.51654066875444
7.516883164807086,100.1167683649324
-2.3076535419050153,94.97909036091735
4.482920270752915,96.39743631181969
0.2807863062353606,97.40961106548755
4.35283897109356,95.98131195864647
1.25324391951732,92.26393323006826
3.1956736751484804,92.76269394566015
-1.3162727093160997,102.41327138896811
4.810087186898132,88.87115260561824
2.7960671932056163,95.95831670340777
12.115354855952003,96.14584619609853
-2.4086771247144387,93.53610411197008
9.041382155233055,89.00479842953438
2.876239296389978,97.26088136978854
3.300716926523325,98.16031368325451
7.49361437660885,96.6496489301694
9.555227711790934,92.03058033958406
-4.140613689145477,92.19860956083012
5.3883474647967935,87.24759942822655
6.777835213446524,96.2417122259284
4.142768071494832,99.35172191916485
0.42854226136720897,91.59530672091428
7.076251330904086,94.32830531858389
5.833282336139241,98.04774021202087
3.8859217774967085,96.04959661301157
3.5560305154153777,95.41587355655737
3.3171069098284205,96.8051923298919
3.865869094332512,99.63215130701084
3.412096366111593,93.20676459930806
1.2334283128117947,93.48179324626557
3.852967450002973,98.19236271849772
5.158587988254984,87.82937005426139
7.368568049282178,95.2470918975482
5.839868144102248,92.35625977425254
2.2254716340026857,90.83960789209537
4.350547381579372,99.42057641287654
5.861412613587447,92.41535352065664
9.344327873286701,94.82653882115183
5.568607696354896,96.91630142731125
2.2496469044502434,91.29460974063014
6.050667503937273,98.07193626829401
3.238396130691182,96.98355729467288
12.247308790626938,93.28118485892278
3.066853756081454,90.09526455188953
4.907776848936068,92.83126403809261
8.605389674609373,91.40738963591922
12.0356446867398,93.11566853269804
5.073889422638199,97.97985345845173
8.099793805207252,95.24646282502458
4.805288075887676,93.88736076760586
6.15043530892535,92.09317643887611
6.8923177825021265,98.1501555340024
7.432894044455381,98.0925626209923
3.392753976237072,95.50362051539517
6.306834979908268,90.38892478226394
4.237005599426567,94.5997867132417
4.631983738592735,92.05437402595776
4.347836245906208,98.13490217586393
5.203799553121409,93.5005066277273
0.9467375908775697,95.02104051053854
12.243444174936297,92.95698789217144
4.427004035516066,94.97500767155444
5.619824845917764,95.76336450144822
12.103910379608449,90.84297087125323
1.0406808425943916,95.01980493187192
10.070596131843976,88.59579171805443
0.5429680263309153,95.56495843888797
2.3036282106587462,95.35826738257748
7.526214595290616,91.69917174464358
9.286755851442631,94.55152370068551
5.498204802740147,95.48571227783613
8.157766273475252,97.69961183967638
8.45656388848232,93.86653856538383
4.874627979149225,93.03789149799309
6.161291109585154,97.32504910417131
5.782580373220681,91.05401114808711
4.983627130416511,98.69657090322781
5.370417446879837,93.8299004177411
6.435770603382061,95.38463226166361
4.48558410284074,96.22439737355789
6.4033325812910515,94.36319838914933
5.631326642349566,90.30111573668758
6.763186960996309,92.56870423575575
7.004332984708846,100.25745983401325
6.010580834338092,96.9321440128593
13.956958603542505,90.75203751514887
4.776385275020543,94.0852014975374
3.161634913417319,95.72731991652326
4.562686966945978,94.34893523838326
0.1263482755458556,95.13341312482764
-3.2472261618061857,98.70697614112213
8.051810165083854,91.8774423526596
10.285415624359494,94.22425292889538
3.340364316807607,97.7811795015148
4.124713598780271,98.33296051343632
6.358512825138214,96.92032577191809
0.3235144309445248,97.71294984982482
-1.3647224325496055,95.80553732046063
10.083243855682579,93.44072371643928
2.345690462159749,97.38744802297671
7.050914703387839,93.2123945312566
10.215489144029911,94.38468781155497
8.082678443875619,100.38540710846094
7.861631147140622,97.1345086673069
0.20935159703472372,96.54062512435671
5.663222974193163,98.11520803383976
5.320279914681434,96.39989899506102
2.3608417003586717,96.43209566743124
7.611810987160066,91.63450623027454
7.031761852637413,94.2052855941091
5.636706013184172,93.46893764525676
7.811457848944037,93.2900127998254
1.751284033889776,86.42985629223253
4.606631444223442,97.09579411844382
4.818298474337113,92.92613178057059
5.797298772088876,96.56716021826031
11.15904044948262,94.32157505518762
1.6055399109417947,97.09868715827052
0.445331524172615,91.5320829434351
4.677766249706457,90.23554968637532
1.956571224830138,92.98692501178638
8.208609313580979,96.39244277693538
3.5581735266178915,95.35589136628887
3.4217562980116303,91.8717219683154
2.904532458948156,93.34697609729231
4.323455357418295,96.47719629081449
3.8130349187002777,92.39237463874221
2.4478047813913255,97.9352690307577
7.49213222726494,94.5055080027354
2.775053900982186,95.17413540570715
7.568829970459175,100.41672830566678
1.851795968123806,94.3457552995679
4.729155297457005,93.7174194103171
5.088212090324746,92.02126660160704
11.309584099566715,94.03878542849493
11.021964147023947,97.60610634760154
8.044166364126768,98.08296748619206
12.763244300348163,90.45607668068827
6.892346346796655,92.35216250282322
6.483792982869967,96.2455169595469
7.0168090345290155,90.56124537985912
3.0209775277181836,94.69300116701851
3.65218162012759,90.9820819863849
3.7680347185594627,95.0572265125635
8.545356435253458,92.25064971499359
3.068383319553197,93.0814057355038
7.107400925290659,89.47416070165467
6.414572049216203,94.67937318325939
10.586934825522167,95.17619551710193
8.812420717235874,99.64658477904143
9.995002535183648,96.76513883367114
6.275919790085042,94.39081819544285
6.25843313990894,100.22023136281635
2.91298995180782,97.63629941055763
6.066028328163508,96.97231264073972
7.896069432736875,91.57232106222452
8.117627413713885,92.95555120913889
8.914204074400265,94.92558541328054
3.967329744665812,91.43540657207417
3.1622408181388804,94.1272622387103
3.2845580456542445,95.6782018530136
11.612119477215263,93.55196788011907
6.904806524037027,91.37346640851032
1.1812404449849483,94.44846505058176
4.749573392871969,97.73794788024364
5.2310275448376276,95.86113995930732
7.977007718321802,94.91048440260718
1.0024354764478005,93.5022851699561
3.8348236517972025,97.83412403139783
2.832186283820062,91.00406578655775
8.618833058152301,91.38609779567547
1.8655593169675733,96.53743462536345
2.116341433765306,95.28821679129464
7.214183431926175,90.34625322424336
5.181112705116984,96.57763460442821
4.508497981969359,97.27809230123277
5.387439165519689,96.6425150854857
5.892197224454455,93.81401939735873
2.3869658337884503,93.58909542632252
8.584117627510107,98.40514697733191
5.084047862401515,88.2590079654387
2.692165536628407,91.8596397515571
10.86829041251886,95.2683209359221
13.160802624423471,96.34416532047324
-0.4323056669851262,91.41441988218905
3.8205704063068775,95.69197347118309
0.7662976177294025,90.97051806252446
5.331964494561294,95.49731408026952
8.65702788329047,92.10720742750986
1.8411965734801035,92.81482724689816
3.036245433675803,95.95180087707304
7.1404486723266105,96.04530778834359
5.452181330095115,96.10262559174832
2.4865600485321004,98.20459421644225
5.229733375569172,92.21180404765282
-0.4223754402606179,96.30167655577664
5.178058618550172,93.83738426976848
7.131249124726101,100.38998772339846
-1.3090158525364544,93.10217739272568
5.933699989909352,95.63843295759395
3.556053364661144,96.71720939226915
4.927911577207448,92.51683930499566
2.2413622316956228,93.18595049925827
6.214910968339394,92.86235574140021
4.864872604773381,94.17247199049406
6.978954425068918,97.45204945557919
3.168414922656314,92.3869465925236
4.782650219011273,97.51075908329669
9.197431882314241,90.07052390119276
7.076894201446179,97.22689818643991
4.072918657998225,91.67741036354153
1.5146246107578856,97.92384335661643
3.6843729036933177,92.11583896863054
5.605695823451057,90.94457808362505
4.305450605036153,98.06074557816183
7.46356152172803,94.7923404174554
5.863793218781897,95.24302306332326
8.650592469018079,98.93270604344076
3.5263843037110267,98.43621394278038
7.059017738487854,90.91490354031194
5.290945373427244,100.30899125547995
6.211342012972425,95.57518822193181
11.606060793239411,93.36588399480918
4.76227573190898,92.91331887532795
4.95574684086101,93.22035563900133
7.587046195590913,93.8713018413485
5.845147783995385,90.99774106006733
4.544539189851442,95.16678315082167
4.804318400311627,96.7512474882563
1.318410985950488,95.79969939779299
4.4935810324837675,96.3697579261675
8.801461276584952,96.03290317676503
3.1652859087650382,93.61056863445314
2.6805450530043693,92.29082673242739
0.6302388987812204,98.36269900583719
0.7938715556406111,97.78045186758025
5.081931068166138,94.3235371897546
3.8845077314158014,91.87356524087872
3.476724906889274,93.11659974548304
5.471944665545767,92.98851559400245
6.411420145107539,101.83839255387524
0.552313398178133,91.49191471385286
6.407224966511038,92.33685580455926
2.3113208637577687,102.27333472424644
6.948249682230417,101.8605565916473
7.754518766215741,93.28004174259056
2.645389168129383,101.7649810608488
6.630414250242043,92.92177346045186
4.58708526435762,92.49117116041862
5.577723980708303,93.66503085444727
0.8727261211003707,93.03873857932925
8.997715901994857,94.15696928509918
1.0029065294386728,96.1926588862142
2.2828102591863173,91.69830301496276
6.675001683117654,91.47764753903975
-1.1130509099839205,97.57697515312387
4.3575633307872135,97.09939147786834
9.040672739404497,91.3777644168389
2.1805843727364875,97.94030554470581
10.268199683307671,93.76644905881432
5.610000817044008,99.94979965809158
-1.026785521516068,101.0265374526677
6.74106004478716,94.78811020724937
11.21134459045954,94.34330612183186
3.591717268124633,88.29636741481116
6.998249191286093,95.44580022079747
2.293631800131915,97.94901032605704
8.235749736027085,96.92587487118394
7.129349274368822,92.72611479435932
6.425966300416467,99.82885260330471
8.868695627634008,87.8423799328846
-0.7181399115863414,98.53104786960107
4.278769423034941,93.1762058011506
1.7060013847369229,91.28806628699255
9.016705606144798,97.71326592725988
2.0384769163169363,98.3977080679718
5.32243510180654,89.05893081518222
3.833129989127892,102.22687167394349
3.992825821275897,97.5595783649646
1.6506550257775103,94.4673423304845
3.5948606135302494,96.85037280527926
3.639749103523709,92.92213444323372
7.8430842154052325,96.87412726307122
2.4751416480414155,97.90466482225467
3.9090358273161776,93.58539173100708
6.460239663519759,86.20385935611239
6.9326408341522265,102.88786860048617
10.23378370563726,97.679918974704
3.6603990846629824,97.67654817739188
6.303791303712421,88.83153902595011
6.5687765582645525,91.53369077774046
10.043073816342904,99.48183973484768
4.314112039095686,98.31444879731136
5.563008079131287,95.66648154920533
6.785868594924668,96.01554920600134
4.825030787630891,91.25534424054905
6.150335487468714,99.64375919140915
5.207936575984135,96.40192978413705
5.217578799861689,90.33123231697637
2.5855567227775076,91.68374986331841
6.344018608661135,97.32354871450377
7.487497531003677,90.94274746292322
7.951689535616742,94.28247803524197
7.561879454644865,94.7067992759261
3.325590842802387,93.46187543834317
1.8025535631287544,97.65883164925631
6.6333926701234125,97.32602954180805
1.9101544633487473,93.7838873306688
4.793244777406053,97.3048418519798
8.502279711741043,92.30474099062832
2.184423717319006,93.92367579057597
4.070864404220963,94.96306842161228
3.265615699693872,92.55955099591236
5.012950250599075,99.07121470912173
13.791093942175763,93.96505558950228
5.634129427484723,93.09937357071405
7.239929181404155,90.76025673524796
5.788011691996664,101.77018956086496
8.164960024400187,94.07309277577293
3.941873201322829,94.5030304480383
3.541792651297195,92.39030563215935
4.517170535930671,90.71223223848104
4.060185387717075,92.4204169864412
6.302066843947404,97.52736554310668
0.9510451070412493,98.86131208490606
2.5979294108235793,94.1707336594043
4.333515004570207,95.77629646293572
0.8671110538505573,91.70451456456031
3.769420940096677,93.58594948600084
2.6321213539667214,91.47809918151881
5.373387865207316,94.13252073450846
2.9747496745047206,92.78495405768726
4.961537762303328,89.38559245813539
7.9153170501988175,97.50490395888009
5.672706476988542,93.6685821078928
4.700623126970737,94.46137734188115
-1.2580699310713426,91.958768986892
4.7763994028674395,94.39831649496736
4.424599426908669,96.00916611813395
4.557738860016789,94.46175700983983
2.1975038187460467,92.98780983475548
6.583653295715163,99.8064763319392
5.940483142700724,96.13479000933027
6.886385176377975,97.55149799281622
8.122632182592229,94.71417521368636
4.137183800647285,94.59195234750432
10.581615674966756,95.74543059933623
2.5640688224001766,94.63584985663104
5.933756053615969,98.3565599827004
14.25361742287595,94.01006243522198
5.7546787178139445,95.01178478001054
5.53481485701001,88.34170381614132
1.1692549536334695,95.02909521357762
6.6535192809019685,98.74793830190353
4.355184304025037,92.02550127731189
3.3332146697653897,94.43122429897572
2.5078616451128077,97.22000821734984
5.0400495497096856,91.38413145203747
8.012115867347191,98.28343637531883
3.941956393731813,95.12094725940294
6.655348585006379,91.61819066774649
2.6196014637177267,92.56705860132557
1.8672545336120598,98.35778241087769
3.8871401378062322,93.11875314567776
6.038327908588621,92.64715574228849
6.0341432550418075,94.1007363943394
5.356349923592838,99.613632068412
5.178718568329592,97.7712889940412
6.65124058277492,100.879076560527
4.657068981537227,98.23202193819118
5.934270173741219,97.58251508793775
5.109775110791086,97.58014009386562
2.1107897071634945,96.5872048329561
4.701609084565428,98.13224547413276
5.079414185902345,94.1255587625793
3.38915520490582,93.30140451979247
8.71843643241738,95.05561176567491
5.5200575048211995,94.53827484091875
5.80836642594456,97.79061315502194
5.153729968010951,93.535727724549
2.69934779135069,95.7620538263965
1.8751585826663342,89.89111973033263
4.180708952271653,93.82361447763684
9.169432019891701,94.07868003474013
3.5921217403702483,92.90476173563945
4.162168210027756,98.66396314421112
0.9387738070189462,97.22948278558162
3.6950045914633938,96.31558840802874
8.273370148304918,94.52893645559074
6.621164832232804,97.50772815768339
1.7549159175571312,97.21529249823543
0.3907590010134152,97.98020683955686
4.26199646986204,92.06056599662696
7.014662795519485,91.81464570381462
1.0059559964075184,97.81891932140866
6.136909527249651,92.38639701575377
-1.3184691647255722,93.80348273186952
3.872813708576305,93.35518209061573
2.2828708526661434,95.72152840265738
3.188330458921113,92.7567116541575
3.1736184551413666,87.53424886417226
4.5599356587564746,96.0875453477363
6.634701782666292,92.19258746910398
4.386001996632498,95.10680287577719
2.536816475062306,101.78930420260464
3.3234492042746346,100.99233069767789
2.3619978708231795,96.06930508793116
5.634485222191743,91.85366291371693
7.578493523954654,90.79560614632385
3.6314866513363127,93.66319830813866
7.855832969085284,96.12659564118074
-0.5845486497566617,95.4879011109846
46.89134017710293,74.99385611915395
45.83031198799471,84.73395421314582
43.45061044818233,75.39729485792027
46.149652239774895,82.84714801674853
47.167377109984024,83.8377238438629
48.77482337616947,83.68155323839568
51.75864023115799,86.80314253827784
49.9510522559599,79.52028390134528
55.79148843692403,76.29948629713347
47.83995988129535,77.55662920019172
52.73264542043858,68.5261496129182
48.9529230061018,77.0876258597621
49.38935382465121,79.29990735499669
55.26537604749092,79.13784777772838
57.928561691549966,75.96789164851859
43.5565192340176,80.5431481634094
55.51640569092523,79.97391753483721
57.57868465382733,80.57470453756198
47.31844875939395,84.5765729916739
53.165238529487794,81.20965690134004
51.38006373989295,84.93410619047938
44.0362281578994,79.24229573792276
55.13407952702671,82.79869646572986
52.19274206188013,76.2586509460049
49.76538167332007,79.62195527962587
43.76661755201197,81.48476203839371
49.83659948872291,81.67815084223066
49.69419683424647,73.3420065165446
53.08250672527038,68.73574951133462
43.12716032186827,82.80486728653831
45.66878879112329,73.34445722954305
42.241009771445015,80.89009476563733
51.38119909388555,70.76802788099572
49.37661835899326,85.4823285146114
59.43111589548542,79.77283913901701
41.756096327494205,79.83848797939244
50.28271593590668,77.39933951901754
55.324009930711746,71.85218405690674
53.936197491716214,75.05665933029026
54.91827813925198,79.09074674548674
54.50923424373495,74.18226493467385
50.57386478383756,82.45226497254612
45.042846911889015,85.14768528116247
40.799250595594955,80.5212315161706
53.20099389978527,71.68346407651777
49.06236687513679,78.28021441935091
54.792975662460506,78.37047321317814
51.75359363094144,82.3768349077532
47.98333374406664,76.65722629373138
52.92060945275181,76.0140468652989
57.01920379431236,83.05755041096398
52.89928835170246,80.85379950602093
54.427256650610914,77.06474529947995
51.17482984294924,70.99598997213913
53.0898835688489,75.85224013330837
46.59465695539308,84.2591009338524
49.728353809441884,85.34366864132834
48.37010784723596,84.4022502689025
54.31501006566363,71.60166755838465
51.53074716665529,78.50492768835382
52.947649245649345,74.08082767642708
47.05912438747727,87.3346596928488
47.324778162967576,77.2618033327285
41.18738012941144,68.5439490316053
52.55439569721101,75.17001376188637
49.134444016148834,80.18814092596814
43.510738625176614,89.17466318226931
57.33112985897286,74.81681136258348
52.596264966302606,84.95826179721138
48.21338683737718,84.03035884514873
50.709097399085294,81.78100956491917
53.17648078278387,85.1968956153832
52.29694893978034,77.4535142925022
45.648791801170134,80.13485821595103
52.40879653629991,75.49892954173768
41.37314586183305,76.38448053768481
46.89072217722915,77.12584008390724
45.033500763034326,78.08487873079729
52.964052024145566,79.75101007084648
58.712364047626956,76.67412321604952
52.59682855420199,77.19914250775435
49.059398084719426,88.6719952612413
52.116615815296186,82.39521683421229
49.85011706998085,82.64173739735153
42.83760914276603,69.46566719960225
49.705395998521695,85.09204655170768
49.9936450723228,77.56979834198496
51.46880338246315,84.40093930051172
60.76414121727248,78.6221426989861
52.58010815918751,76.4541427930431
48.61297374114234,73.13638827736291
53.063876113691556,83.9564509946488
60.35089438270035,77.38258024620926
49.63117285452192,82.37932317579681
50.5745932934433,75.59168873946217
52.49244652517605,67.69846580473786
44.15922440537122,86.60011566126947
60.46742527656552,79.58908999027322
42.00743121310123,82.63411949474624
40.64656377820074,74.90605072295239
50.976718401786485,75.22184160991287
53.31638781659041,80.61753066391022
55.02560599195412,75.5615094833446
53.34235154436097,82.49424958259709
54.098278132939164,73.08899593587351
36.36267675408647,83.75889321233491
52.69227022468697,77.30244796399607
52.37068556666696,77.66403304889788
48.860180502149966,79.97557695783128
50.57945133333924,68.79738975777002
56.07554703891546,73.2320008361568
55.00505474180426,81.78094222324115
48.22572966525765,79.88702470418755
50.193839139968624,69.76958003594996
47.92206061332658,71.55916944464036
59.81604037140404,79.99791748809277
50.17923597940062,72.46217271220743
42.65635076141223,67.30042414006691
47.269873455157814,81.89855243979031
46.30915256726807,69.51927104959489
47.33852577941107,76.40366464742218
52.71034028592271,84.57412875290184
56.6251289826059,78.67164223211103
47.34872450867216,82.80768793911564
50.64725048214723,87.88458209769139
58.047691048657114,83.85640361892246
52.097087475441256,70.7891327740197
52.464186955832325,74.25165128641267
51.33738966572938,81.55631676627732
55.50320870410707,79.80719844977075
49.38102881574653,83.04860406018443
49.471514771283985,73.60447524351086
43.37188581066737,73.70044878926079
45.80315368816441,80.86600346592435
42.54989105903816,79.09166195742701
44.28394006345626,92.0169693736316
55.11978723318357,78.12160623615208
51.052223220548086,76.45255266122427
52.78170332349579,76.63042037775041
51.13055263893218,78.23470373572431
51.34727963829242,69.93760834142535
55.39742151544214,82.5503901575813
54.29859555986705,79.20169417285157
54.690819450001726,81.55060585886059
50.45225730875591,75.88967793884662
49.58467254297017,86.125332248342
51.72045153418201,86.07565770332062
47.37397615779669,80.36410444819833
51.308013289228,75.72588296530034
52.54535595898464,74.96742255537023
57.299734087193045,79.45694396857803
49.58386659890247,72.83569320164337
43.951523771845274,77.54469615060198
47.598586079659995,84.3022160053453
44.29239575361448,78.90229822829059
56.52656751596386,74.96063029631271
57.899229507834875,70.56991075379489
51.95511971830408,79.66383729852927
44.9921595300823,72.1878670188043
54.14560048376532,80.61106660380877
45.483720139165385,73.63757374772915
49.885109201040606,73.53201355356954
40.58887609667702,83.25496531658126
50.91808315427643,80.73098885435894
44.22902535980934,81.04237671336233
50.070141392541956,76.05453529426217
48.95373160559932,83.96632991858249
51.91747672157594,72.41198665089358
52.22880254890955,81.3140224118298
50.103493791650195,89.24138926737814
49.628963649192436,78.41630572511687
55.41129793777033,74.41079377757731
53.47342033389363,81.75297358893604
50.84922926578583,75.06208969373044
50.07189323736096,84.69607228639867
46.99734451868936,80.3663784166116
42.07933275103108,74.45236532050875
57.82899355839444,78.53551498923314
46.90143451536912,86.48002249286988
50.28574353746487,78.88479327537651
52.072054074148994,76.72289783130975
55.853367139403346,78.07834785063075
52.32590423953643,80.92079177311709
50.2232258181514,77.64793186841378
55.79910022754493,75.90189912886017
49.232432176687134,77.31752636279626
51.52774878113413,82.91020191266675
52.99877481523883,76.5369356653091
49.71333203091122,80.35494667203957
53.87396137196561,74.3525330681911
50.35512994097565,77.56833617549852
51.43794920307615,83.71175855543339
54.685597465870124,82.0155172390131
51.271457334716516,80.68764158844601
52.091249138055936,77.35625184254597
56.5023947329987,84.2983221831082
57.48536448502083,69.33651601447704
55.4908846007737,81.74050741609928
42.280749828055406,78.81445330956329
54.46677642438398,77.82840781305798
40.14715623290623,89.84067991894145
47.78285445060225,81.93094513623547
45.473603922535055,77.47757426198315
54.51465844015074,79.62256927878792
51.573182249894884,78.51786941196809
45.13003715327162,76.32829647477364
42.79019652562992,72.23062982059092
47.03326451714229,79.49515335386445
53.48407853262739,73.25855104993596
44.79292135554375,80.16835989047615
48.596367278298,75.87459314959673
48.536375217649145,75.74651394002868
52.926741488853374,73.05503749690523
53.07997645791266,75.58925795642052
55.2511398725089,75.48312664013021
59.68236828898271,76.75041816349605
51.11899947761677,78.30917636231106
52.883893167474234,81.64198789605717
57.41958747355294,78.39579524986321
55.43731335096267,83.75635270592431
48.49324072630739,76.10973840384315
49.65224478969556,72.39835832444217
47.189148755232324,82.5641525636069
46.13681205592394,76.43427969468814
47.62717042561573,80.24068508474133
53.69771233844672,78.89650749663318
50.706999988900655,81.72841075858787
59.67463359842725,72.78627325515828
52.57471430919942,72.43982206214508
55.040492814831765,76.6478655220871
55.80150728257531,74.2329042709695
49.289906010972686,83.59295955767907
51.092301911806025,76.93236036250003
53.123304625185284,81.12720901931935
47.788919623821684,71.82104915131602
50.09680035979398,74.94396547003998
44.22346813826589,81.50278155082799
44.58133823379273,75.76455494148775
48.09519435967297,75.65995238873224
52.41033547054156,80.46818510757522
53.581771851169165,76.05768496909508
49.064687860893066,73.51186687550216
49.228260514407175,76.8135593893026
48.7185507238169,83.99266123182325
51.830813180370804,76.08196204478325
47.917911645377316,80.10222781575558
47.75453619168889,75.58272893828993
48.24233845720865,79.59890746913219
50.88122835614353,74.05749546004617
49.06971220465591,73.34428252153104
55.54567062313093,85.58751441321185
59.76485514697332,76.98226954091112
55.11377711652247,75.35268663900409
55.34105216494724,80.39675596651526
57.37131808517535,69.74690084047249
49.01480053781951,81.24408699443943
56.952088016983495,79.40109321545265
39.08148758293893,67.35043536322581
55.8210188110048,77.70373620198946
57.22336973314049,73.85123830436065
49.63145217270072,73.86312508760923
47.435797970520355,77.17696800072156
50.270311547322606,74.91218358467775
56.78900257336859,73.55426908764065
53.016515010137624,75.43649360709729
43.58518865210394,74.77728225411329
46.898735043755146,81.72988695041391
39.25605065081312,72.43999759636188
50.47528003718035,75.00629194853947
56.87098204325461,77.60560169332742
46.35816220978486,74.96913187713034
46.79956990871242,78.80939943169592
52.2281933287004,85.86304607926023
51.83291176018684,81.00086185196504
50.9443351873218,71.81295267705126
54.82579021408027,76.84344803629736
56.15070199923607,79.58806454744872
46.597510077818214,88.06109132585254
53.91959641954675,78.83723517302428
49.00604424016923,77.52199631020646
47.37124593595565,83.4293183199402
44.12301180215141,82.39471294906822
49.11425556574,78.23040828203523
46.52876280035282,80.44888414261608
43.68268402395267,82.51615850045968
40.42008781404096,88.38867007002513
45.96728914774346,82.17309376372944
47.040394343785465,75.14558029890759
52.99456751336123,84.76405987286762
46.968884426679516,84.91641915833249
52.72198905638822,74.69229334025546
45.8248357531838,78.06775146060075
48.508864423294966,75.06831370327242
59.46271002044874,79.58294301926364
60.39227357774721,73.18642573807266
52.03245623438853,84.29984143620183
50.97101327916378,84.4181243406644
56.09432377108007,85.4921763488894
54.35914810777301,79.87587904782609
52.10303190400778,80.99272915102837
52.36775107620725,75.31078839785673
45.54032077752846,77.30351197848978
52.864542961410535,76.45423935724428
50.18514147451856,67.66764744040177
51.52447531268172,83.99576485476457
48.4139371087853,77.08373782431454
52.394558160647264,77.35164145571238
57.507821713989046,87.33009311589046
50.728901794986434,80.41980624769526
53.13380168211605,81.56528334445419
49.70718336962907,77.20802723577808
57.71062459233812,84.08849827053092
53.02326904703657,79.26410852256865
44.512021378534996,78.80021804981696
43.61708064959544,84.16098153583107
50.922089179144066,80.88929659060376
59.6178188992039,85.22537021004753
43.34700488932491,74.04909468301005
54.5784533879935,86.05314674311178
48.301751318432494,80.57133917867608
47.77988021383491,72.0250557921371
51.06410703747144,76.9609121320676
54.365331539149295,76.71431388753172
52.17655559864239,79.64311071001065
53.21523646423201,82.82340339723702
57.103571025113816,76.11341040839997
48.85733358570424,81.6936661255825
47.27764055960134,68.72627209104111
48.57299254574982,73.4808141476986
52.49485915666163,84.49695036731077
46.746201878131515,76.66638339391108
46.556509173179116,77.1378799958503
47.534691670605035,80.22441152419339
49.962620055909554,73.67320189861381
53.387850291823916,81.24835501601385
41.729765136837734,89.66797074602972
59.80545999351148,76.24344634805905
53.34573785538506,84.19779291152969
51.314645203077205,83.79273537522567
52.44466513857866,77.81587843866878
48.0413967148753,75.58037970512225
51.2764595681558,85.36389753275222
57.328083371486215,81.37593801201453
50.97056291747934,80.61112943411963
51.6743531087259,86.56122412735246
50.95658633789289,84.85335973251813
58.086767511680975,79.91984293659235
55.373605654062374,75.1037274681761
61.55598449579153,71.33358744937402
53.27224722150405,84.84408362659882
50.726866496342886,83.44498659595514
57.89068994696703,83.21695724311981
47.369225556817554,88.6430161755098
57.783078507750076,86.58283667535024
42.904051365310835,79.98526473273404
53.58041161491096,83.2601204575951
53.75081072728461,80.59900292447101
52.24770112999675,85.09513093929726
44.17065407477054,83.76879294858547
45.07457914102935,81.99717924061245
45.65552480103416,80.10547059610595
48.6847352790855,79.50095707570127
54.00993190120038,78.13688689513313
51.84039965153039,80.85766392167778
46.332037983839314,74.33087779426225
44.21310795263847,76.77137818438675
58.01411037599446,75.13578831754194
56.52850423063035,72.28565479430057
62.219193841088995,72.3089434109377
53.093890969827186,87.58562429093901
43.98009075791531,75.70228451647624
42.057179999464125,80.24568086814399
59.68901706508918,74.5655864113921
54.96674330936743,80.96842550169835
53.02221608625466,80.02050408596563
50.64213217838675,75.79691375629244
48.223096732183144,79.80581500140336
58.02703013120987,67.03678992585994
52.775956264990796,80.53426479524161
53.82102426857318,78.82658428263842
53.33763125505704,80.41693776736498
52.97852752789921,75.34867275629216
41.93539375732458,69.63127118137018
45.76101785900269,70.78613790433742
51.178434109169324,76.95769573577154
49.410618431665725,72.19042933118077
50.9715643362378,77.13298319372753
55.75379127086008,74.51177550933988
37.039170226376925,72.57756926778961
51.83047413332289,77.65666238689094
47.475736058566774,79.13370034865632
60.120750624191,83.97905437320415
58.22682576660328,76.97427797034669
52.24594551983667,78.87685006211373
45.40834821061489,82.1378517136046
53.53523179594517,79.57591176038332
59.39452147448344,72.70890030452242
50.326872753874284,87.27014989490966
46.1204006505478,84.76875568946416
49.14151853018618,75.07120496092595
48.05115818893752,84.6632198413006
51.97271716804508,78.4136816374174
54.34602901269439,79.89319898267664
51.76847546560216,81.45385110399036
49.347948835706816,83.13255256451023
55.21449103489122,87.59807902856033
47.93535578653011,77.3106225203315
58.370516955046355,78.65665265621077
52.82960739678032,74.7757902016089
52.017885172121645,76.60846624145262
44.63935671125682,70.16722449859456
48.70189142333531,83.06907426249859
47.82961271190322,79.78996598670346
51.91800962623603,81.33768551923406
48.10902650889683,78.92855343427465
41.21675939537026,83.53847352863404
49.795282384973966,75.16527909939508
48.7791989729276,78.43819392384376
47.99063824944758,73.96235220939359
47.70117412113442,80.25226936010738
46.17322092288077,82.03000779532594
58.2098597199588,85.75673217130273
47.93297594748259,77.17329141163252
55.444874525944634,78.00818455279175
42.48508023354962,78.85386123714187
49.792778396692654,81.06477536634732
55.12307099831475,81.98326385113906
53.38593647763189,84.35026770563574
6.403281066392,89.94763904498141
11.217739898078857,90.42560967560678
4.5715099061831115,82.50414835955834
3.072730350282642,88.63671678365803
10.64354389322225,88.42414296525172
8.276878824966076,90.18254654523004
5.241544742714569,93.54087383246203
4.307411675576267,84.48487051054987
6.676792969498615,81.93769419673325
4.7007600733152195,89.20660317201929
11.775152125521618,85.31237089853343
11.604915123790542,88.27771121911891
4.496173154235225,81.2310209285962
1.8842366609759056,83.5635572762462
8.163842365759512,86.57714654499459
14.242806474168274,83.57274592811176
12.662440746264682,85.38786822665777
9.232303442779404,90.42471201985018
8.351765163867839,89.28848002445832
10.341885929784807,87.46260911438026
2.2351840899940836,86.31879111964233
5.838397047672664,86.84557002820917
11.27669035030483,89.58185322168025
4.651584957354233,89.02641133512931
6.770452190408365,89.44209734856607
9.340909217061558,87.55160754187962
10.847416466313556,81.96648178633625
8.00514712283094,85.09171162678507
6.809217604081081,85.54270803553152
7.043753893158023,86.17299946970773
5.155722124321806,79.77925505189774
8.811353155661951,87.22462985604125
3.077132456437713,89.37855455458686
9.986638002134224,85.89248289460508
7.032507885771233,88.54854234837639
11.343213880477801,94.33185705372779
9.28777519114071,86.41754068494161
7.875926661113574,90.48562777202383
7.772471915467534,88.40907662504978
11.354338117477933,84.97546003548618
1.6742568648341285,78.99826644005961
9.332747803502581,83.51303707547315
7.914726544763242,90.61686694983545
10.427735104996392,87.57770536574378
8.964790287292772,87.43084693239516
6.269637700912271,88.61240606674237
8.893692161746356,94.55008203847733
11.683860608715616,89.11930087082364
7.575424195845209,82.87262347918458
14.568812180394797,88.92875422513691
10.292268736960288,83.8264863051882
6.919420358854652,88.02413254165216
11.875842847303918,85.70499767972366
8.176087899987907,88.20340583932315
12.575176875600855,86.7776971487159
3.5160401800439294,82.62957690329513
10.946450049441403,91.14892591920861
11.833602318399109,89.41490032010456
5.889444533586195,92.65201164099572
6.026399048627859,86.34844416458427
7.006682793155712,86.75628188413292
9.391629144362351,83.8068517491777
11.111805298704736,87.51000039734978
7.29384133392532,88.49747946981694
7.199214763629728,87.13146550503049
8.024899033248923,85.6731916109171
11.009734566266271,85.5925013165143
10.449346190596668,86.89117111368073
11.155310841578464,84.69524297561225
11.48796772637288,90.5279627722294
7.137123673283603,87.13568820215795
5.315162491102772,85.92706122392805
2.744436926584937,83.07072134844326
12.679038015306803,84.70082965508807
1.6949439839959064,82.31784663055623
9.534069472353584,84.5436320285764
5.855424926126258,81.9773781108663
7.58971593979715,89.31117488736628
5.81555109572008,84.88160924498446
9.869192185212796,86.19423556938679
5.266135332104591,88.32487578390744
2.6991201735349737,87.23777078845004
8.200067073209775,91.2226093540555
10.824560867674695,83.31169887836109
6.56036999367139,88.7163078752886
4.104524215799489,91.44991848259025
4.013064493165109,89.93351141196496
10.778885421483746,87.43683164911772
14.867750072340554,86.04619215119281
5.405513572507049,89.74024817918794
8.62587641360369,86.80863089058545
7.424686935417244,85.14075243455603
13.606610547444241,92.20465846105627
8.402578882491758,87.70380475999734
11.397637381911405,89.38971148354884
4.488297657552183,87.03667404764037
6.760905053300849,88.52329772082108
10.051901157489592,87.14477776745562
3.0200359073045533,86.84619799081271
10.574272609991308,85.08688532002905
7.309040708930726,82.81051636860947
9.298664719419852,85.7039624027399
9.7219134225828,84.74044347095715
3.7364383451411074,92.27850357548334
12.689027531488211,91.09355030170995
8.757067786703656,89.7273407822062
14.710652805313643,88.25089852273757
8.458984835345081,89.28968997185727
6.319293454482827,87.67285596056175
7.268025750047323,85.04497397273198
8.4720204193001,88.49179161249769
6.92951655788691,90.93318974349165
9.123556136088649,89.86568088011343
9.539492581816093,89.38885679904641
11.182809132736494,87.76316388818029
7.241163038344882,87.97746495762557
8.198275590798781,84.30851687222192
11.215491328917597,90.46829066105177
2.5032465102847876,85.08364791675295
7.234374296268345,83.17556693348054
15.13892441377196,85.38072827277075
11.73508574075042,87.99121815230819
10.940254407888276,85.36631180686457
8.243736609150334,92.80455770789783
11.832793999438394,88.9055077682348
9.24620353099115,84.53467317473363
9.799759217826015,90.02732475393255
9.379864296308572,91.2384263104008
9.399724555118066,87.32988498925879
11.745381569161509,86.93610911382504
12.27901277476182,85.30726677309335
11.896809186406049,90.39777163402248
3.6011222860538163,86.02595942602277
10.294554129248638,89.24830393508853
7.860983415013637,90.94817178122697
13.326144652670923,89.14770126577622
2.1408302512257382,86.1060152036504
5.365808793049742,90.34984343679922
5.85201263043201,88.0615397685111
4.380870552807205,87.06631515719292
12.879790160013266,82.46988751778179
12.606003005752054,88.55588596560933
3.419349742399465,88.37083766771323
7.228333262661222,89.89398529671296
12.644404662899298,90.73366810382039
7.256308863296359,85.06416337672478
11.48232820561978,86.08798736802517
7.9621729620009365,89.17005342211051
14.04221437975729,83.83449071204456
6.77984241334641,84.03684956842851
13.533408752719467,89.42406678686181
7.693038509543815,88.07239121833233
10.36029065102799,87.99139856859017
8.981894616021716,86.315826393474
5.919743424739844,87.90051160046703
11.036001460138467,87.73797614106022
7.611034716907026,85.64584328586484
6.034478307638925,86.59297248590283
10.830241286924235,89.1227164332698
4.931797188627588,90.27314279475308
7.296938611092039,86.50528972001639
5.888046570724219,91.73107897641327
11.787162864331595,87.91277194644611
10.856156611738882,80.67284952611703
6.027074899207621,83.30043430120077
9.656500772258022,88.07953299086519
10.322836566304147,87.17654130768813
7.242654499885121,84.33673235373276
6.045372172489381,89.09168002511376
7.651859994677176,85.80333863410439
8.410786649207392,89.01880791808118
9.901398346083216,85.94823834312409
3.887558083289198,85.60303298133242
9.265721621860154,88.90884108241832
-0.10051711742963576,85.79860135717509
5.5046844009745595,87.16237426556987
11.461668496188581,86.8600632711981
4.622933598627493,85.41483073271864
7.771707947984759,88.60546541152358
10.758398682242031,86.82831877895866
5.514052879297692,86.69858143067651
8.222552196890199,80.03968918974013
3.6125387135953977,89.51005678568902
9.057319790166,83.3328963337765
7.049105763954673,86.49281778300752
14.338906609186003,88.98571775765663
5.315533170974296,86.46856366459318
8.468478146031696,83.35397791066266
7.123419780750781,89.67633098930713
8.948783480669778,89.79348010459337
10.789505178085859,85.39510886770363
15.971385919300506,88.93853690174814
14.276131206091925,84.04751901564336
9.450754831279317,91.21083446385329
11.1824152282341,87.35175081547494
3.831999611022204,86.90290313195952
9.723523760428481,84.44426173545178
-0.6745860057050415,90.42116045119674
10.713663388935391,92.59245416447457
10.281162007737871,92.33611957638871
9.163735973970558,88.07106681096732
5.686397703436596,90.96596500232263
10.006418446355251,88.59186188618402
7.9688739077353725,89.29935502828516
6.375471691523721,87.98356029376022
7.364253784436505,81.53015427222533
8.609416537882572,83.37023559046321
14.043184754655861,88.72720245886502
5.963120178550428,85.7362803559622
6.270435808038316,82.04909823303755
6.028355776525352,87.20595854636265
8.050135035310419,90.74300906673115
8.186225983937796,86.84689261596486
13.083182508894984,88.36062627827798
6.974985182028663,87.50090238348724
5.57465252862572,91.74914265726274
13.261227798819533,85.26998697532561
4.2439213347087765,88.30261985558077
5.703875048989289,88.18419006357993
10.556923296937208,89.44349635060988
6.931673624168456,93.15350455351948
5.209708504778732,86.40489915184567
9.062372603950896,86.39156390542563
5.733085507600496,84.99754940612844
6.444861459829996,88.94654747425889
6.9868566864303085,89.53545793604573
4.879766075878685,88.30307366603616
8.757880236252449,81.43228135732284
6.2054604435721,90.60813800402968
3.651846243347471,90.92616143842605
4.16010186181482,87.96970970389971
2.421185532295498,87.50815593497951
6.068088265874636,85.60123598040784
4.925843939637667,83.28343636750611
7.016164771082078,89.08957536047467
8.321961044798787,90.80712379046201
8.927689526696168,91.10109330814186
9.596222833242042,86.83353952550691
8.63501983734948,80.89935271852113
5.207596495977338,90.43225301213172
10.766299648361894,91.24369992436215
13.017734753800227,87.11718414989674
7.386764993540654,87.97070309216356
4.5751353783120585,85.44217485586091
11.566834889413071,85.61400166470723
13.73059574000862,86.7472518262078
6.736800203247734,94.35430737315123
9.624798905715187,85.75904119792563
8.606503291180177,88.49906920040802
8.060044122554093,85.77620593128572
12.853070956374438,83.31043255690182
10.279231770279745,83.85787475194748
9.289823760068753,87.78531691056875
6.716858867949443,88.92527118715384
10.170803911924551,88.70609228308894
10.623237143828685,84.94328034237182
9.315586137349657,86.84979373549523
8.9451820384349,86.22632073766162
8.482147667668375,89.10521288872633
11.655136946299429,88.23870444661566
10.559886454441619,86.50994400164385
8.127072140792325,80.25282323845865
7.151654856021237,84.72732168893383
6.981042214625591,84.05774995119776
8.152946706003874,87.34848893223136
4.554840056018815,85.84671299073779
8.989210379413615,82.70507982194846
8.899783212310737,84.7679232130236
2.215287831953387,87.62633388740139
13.63534623206964,88.34961251887484
9.441002383234824,91.25649585125957
4.672139255305266,87.79817076052223
6.338779382782578,85.87012510053891
5.469847710977402,89.06598965976272
11.870708796063086,84.23285437167216
9.62808078071488,89.15247934930534
7.849146831172115,85.562935573016
6.748978392252367,95.25701251207802
4.494482881788365,86.07512162061688
4.848245760027693,92.64696964852641
9.659186484259719,85.5431561593317
10.28599019508387,83.46442589550296
8.65447283235073,82.33171997505715
14.515435248699704,88.80771197086413
9.690303370901137,90.32246169172143
11.40762010883236,85.21769251794737
10.751901166903718,87.62317826616025
5.523773318867237,91.46800849081971
10.087861107300727,90.46705802125881
12.079390992511385,90.45695011788709
7.142674746742843,85.0635340509186
7.317344204884897,89.6048276367779
2.762554098661883,89.7751547571664
7.72878516582572,84.60382131248994
6.806678158954034,88.56172214638971
10.796838729322555,85.13506262058574
9.854241358805398,87.22565701559779
8.800442978140248,85.53808754077771
6.02604515629084,83.89855520247409
13.295481324909389,84.77214330953667
7.740741101389215,87.10970287236654
7.282139592836919,84.24562448048333
6.628053868824696,87.79563384088435
3.752047596631453,86.61800934380085
3.518549877563329,89.16966001793674
3.4126807758156277,87.01819873590672
7.718716081874648,86.86161810921577
11.907525202426195,87.12610084542362
7.862843973076446,94.56323667442487
10.26680492057159,89.08675821028896
4.0887814731399015,89.97567966424046
5.609693040362548,87.36468197537248
8.202852966024535,89.15185019402632
8.70072156270711,87.73318555571615
9.110269182614505,82.71113499009516
5.393613470996289,91.78012540949878
8.78909158627659,84.62847656725802
8.231851105312737,90.70095536489768
10.622775474183712,93.93336101218772
5.003348840586083,88.41765978526385
9.270353835758206,89.10563879969338
5.292095105904501,86.24635054842182
8.729363071562329,79.44741318156296
7.0135587156377115,91.34039216418962
5.770448299901288,89.63978444004512
6.950105184529106,83.38394807968261
11.689588293493852,88.5709238876489
10.963226516490392,88.62829936456096
6.905667917892904,84.79106001028559
4.121338174908033,87.40679704769835
4.825506880190709,89.6913576638341
10.05610664223381,86.64636737476053
10.380142760430623,89.10337253330708
7.356851461120775,82.64372488271997
8.945053423736276,84.76427289155501
9.772150354066422,86.7724075852999
11.124490948909258,92.7151232958891
6.932828564835911,87.11961873735552
8.801186081856706,87.0137049257133
5.8274802532632535,85.69532132495125
3.685888680950147,91.35205528896267
9.340388745987383,88.15806778720302
6.134891841500515,88.37700686257311
9.439591723295209,89.3268429309861
11.704717505172392,90.74361575908969
6.912502128971411,85.8832507967847
11.72006923547925,85.66413481999324
8.679808611690827,88.8712173016162
7.99565870864415,88.36049995900485
9.070151119388477,82.78055107700307
7.649947461468754,87.33204134268802
10.42377155812208,89.41971535044918
10.594791721590724,84.4925067027452
9.766148230269177,86.691284154115
9.397614016323628,90.03734987645241
7.153656546753073,90.33201452066757
12.947272236451159,85.95340350287017
7.901601788787431,81.50122106832427
8.113520100123395,82.28333671238165
7.196785906467838,82.84350159536152
8.624231267566806,86.49908565143656
6.948932422990075,85.55502348668148
4.199812297265831,87.27427652901368
5.237369209308367,84.96346166954588
7.9098657004564625,84.59200012746834
6.338639326503722,81.99170357839273
8.973576499354781,91.48739128268296
10.958103226762306,88.0142362115474
5.675662353823439,89.48158351188145
0.585791328927427,86.41002219113467
7.689012256005112,81.43263582955665
8.388418061857621,90.04398991878637
11.351461336596657,88.2276938613204
10.056935158872836,85.76660306851191
8.984647013094555,86.77056898048029
8.87201424757523,91.61610297336803
2.3933176988298346,85.57193448740782
9.986328798324205,91.05555133162686
14.009999453372725,86.91326433076428
3.412121999302718,85.773575959643
8.640700890436852,83.85384137871822
10.467646505932093,87.97288738682497
5.9512795904754,87.07363960721494
10.336264689433142,82.74530801582837
10.803851631282344,84.73592453023706
5.75842110410637,85.56667069396875
3.500782877356353,90.28617176077113
12.52143125648244,86.8787874059934
9.046926187179007,88.39315054858152
6.0906589404223075,87.16328318848558
6.478401608155991,88.32080821013392
12.303511516544216,89.58572043234686
12.612271352477942,86.93851189847463
10.194054884243448,85.56308333275516
11.841071761653897,88.66939261065477
10.198810989121558,86.86949745287738
11.692516078363683,84.13579900789637
7.31000025908157,88.56414991747893
4.064376204606383,88.09396023695301
6.007373244509166,85.44441344651051
9.596440634005607,82.9923017819091
3.8451863282408905,90.14322747721896
11.936543308674377,90.26800218094452
7.400078094500639,87.3502662880614
5.648654112953286,80.48313937008442
11.09834676076132,92.47042846720996
9.225619271781571,92.22456593380845
7.7110494130582525,87.57327020675974
9.536718103877927,88.41238042859327
8.478453313660523,89.01303939879078
9.827959931474952,91.24202956337231
7.612985047404399,85.29602719717947
8.236890477476987,86.22442674874594
8.383241714728781,85.02309548510483
8.531607459176362,90.08328065391723
7.798448038540403,89.09382068636666
6.73901537079435,85.51656755949595
9.400844545932662,89.52989248901754
11.907357005763263,83.18135162807785
5.663287826176676,89.61398937423868
6.480456368826907,87.8459596476211
5.832419755842375,87.28135069470937
6.398250789648258,86.80977574583143
13.941118237208116,83.32504839571695
10.631757605288493,86.03145487317747
8.876627501642767,88.7871192509346
9.847215815078068,83.97732952699928
3.5326335010496663,87.40077900007255
19.58686375579374,80.23887284791415
21.53363791226385,76.63783713710279
15.199375347078114,78.66191975623815
14.426806999477662,83.14408343294185
18.10063632332342,86.63524246612201
18.534875227233883,77.1801888475206
14.41247255382751,83.85988405212112
19.17876431995127,80.57672257173918
9.595982719559052,74.98279983492705
15.489690799007178,83.67087766912185
23.056049264114797,79.88797453725408
17.41206304673843,72.87673356263295
20.115226559268784,76.96244340021671
21.123196818359506,81.37774275435982
16.7562748074054,75.2011351262037
13.043724192880273,77.51188349137226
17.223097877648815,86.34525292276041
23.93031086936282,78.36123916184432
17.605147957975753,77.2954746541188
12.612225591092878,79.93824356416299
12.919635619954263,79.99258393749133
21.59189373371883,80.73583870538289
18.693666304407866,83.81839246130504
19.80260499764702,79.35336210348824
16.682932506167134,77.47087132923355
19.403219610684808,76.42049906253665
15.90651102323703,80.9895102953508
15.786971004328215,74.01426808969622
15.61259429052146,78.89198740595263
10.238910426681674,78.42550659321711
19.578776783690383,84.01707652628218
20.829604080555022,80.93431734680367
12.985166292787646,79.17821269662505
15.147779638704522,77.70493078874684
17.49001654839246,86.4359009500755
22.239632892981504,79.53171252802399
20.68624779827339,83.33806468020714
15.50633624773505,78.00305065728227
15.51113683392269,72.71732705184317
17.941226496823013,79.45397383454468
14.750520975218725,75.08969859449957
16.99613365848814,80.67001478834851
13.399244625550864,84.03987129892427
15.701786778383774,79.3601470629873
14.856291795724369,84.24102664700702
22.33809506669378,78.12973957775559
12.93016391186602,80.45941381482596
14.597044686500247,78.40134014622134
20.568409185685784,79.73219267981953
15.328836961603791,84.35525228372349
18.878364824923523,79.76544479977166
17.68417886465983,79.5804989554821
17.36044995047796,82.6588218166203
21.58711431130702,80.63501541502956
15.8780969577803,76.41574930393695
15.969248071622314,80.92809629764965
20.915328380857773,81.67093364685284
20.043332916386717,82.61072117300674
14.78364846143146,70.26640807758176
19.772482054260376,78.98010125024946
19.0527913388385,79.30112513954035
16.63210755292355,78.24838134249127
17.008489022901156,79.04066191478334
19.252979427510287,79.69904020330131
17.7687601272399,80.02291586712589
24.67894614317541,73.67443180335547
23.09609997794678,81.16904061626306
18.18616886681962,79.26720422410055
9.175928405022644,80.84215130164328
14.422428748479454,81.42306302513293
18.991866161618695,81.12477654998948
22.60719367810787,74.98588699498394
20.98168354194829,86.06926560385774
15.890789007213263,75.02128555720651
20.879452921469554,81.73032586482371
17.68009955402381,78.4487197847879
15.800816479594591,76.6615074428438
20.514217703174776,82.21611376431191
16.40994002911666,80.46788162659098
16.783495184638216,80.26568310079882
19.266148275028012,81.03979345843082
20.30833951699341,84.36314549741492
23.06414791651656,78.92584831378984
18.28364654441965,77.80670312075745
14.53301816470101,81.91275968596288
15.860117377993841,77.62528056070815
21.40746243990463,79.95866450257579
20.332912369631153,77.75687376636132
21.08889693589632,79.00572677464503
17.218497956510724,78.38379529705438
22.36507980762976,74.85587723274838
19.429747532244217,77.0596689130045
18.096319873190986,77.45557294785594
17.827356137665376,79.11247769492338
15.143397068610968,80.13398944711453
21.615184381712023,78.07045584139345
18.999730891727268,80.30080169133146
19.87272373458984,81.49350251861708
15.67114027452152,79.46386034633481
16.873670987667396,81.52390085810391
17.010362635523418,81.87998256415732
15.912202255155323,78.06174577542276
16.061623266768812,79.29938643784047
20.139268931814012,85.12569109615671
20.037790130047103,82.7712964849267
21.34502337139156,81.52230047966292
20.341933765694087,86.1072154853594
15.220549322708813,78.56850986988847
19.055141524403883,74.10889384638949
20.254813301012554,82.82171195333343
16.823709429467222,83.51671232447269
13.021698304649327,84.445844028764
13.053440329252172,81.81753822502984
20.83991126089503,79.39836261058895
21.803995148557238,79.1424018545236
20.75618798123347,83.01422490445582
15.758967902747582,74.05864216335729
18.71730791056502,79.43156904868474
18.653899087607066,77.51609476312393
16.675699188971414,79.2833603498671
14.725897942989358,84.02694604592038
18.219460144384804,81.17590050171002
15.297838623647714,80.16453537998676
18.757742025656192,79.33844259327404
15.577724261885987,77.72000511138374
16.16684632412707,77.64210333062324
16.537263156540337,77.79388964435385
18.270300229909505,72.69598797686498
17.677669237754216,83.13701724313049
15.81656922922529,73.8564896699215
13.796855235930188,82.55581369794247
18.397742629673346,79.78579930715807
16.978919277450707,81.0250155433968
20.932853990683387,82.24338851304235
17.399908820594128,73.62355235432318
20.85573143501411,79.45973025073444
10.904609093648315,83.64454369086064
20.702987284526138,78.48970888695388
20.850261061524105,75.99478007780154
18.483064357796266,80.4462955334504
22.175896338162847,84.13066175514867
23.336719203389247,76.77040276935907
28.39530797856023,80.54527665124289
18.512752598794624,82.04677331128177
15.706879582588371,79.84357203449112
15.437003793490156,81.69532495461627
19.269337246028364,71.37743161537665
14.826643873449441,78.456538937871
20.821877932324735,82.19690778445047
14.417835690908397,78.67998656952011
17.09412166834841,80.39317075696286
20.625801376108544,82.19095229809491
16.283236231395843,79.01390544769939
14.588206189562255,77.13377411776376
16.60964579668468,81.02209216541395
20.819263483077755,81.48016916402851
16.904137178884277,77.20337743100352
22.517428376341567,82.44814908934059
19.317117955546987,76.708865893935
14.231066722761675,86.49537248509549
20.23689150064163,75.9841529805686
22.15430268741141,77.81090648167927
16.64297124655318,80.67056474297576
6.246613143530489,86.44716327812466
14.852488936904273,78.42363715359635
18.033377109151335,81.53115359498689
14.933477270600346,80.09936870904869
22.557387796048136,78.6270472331602
18.24960805709932,79.52563774921093
21.57738500012352,81.0025566814899
21.33301471707565,79.5363609737535
20.253977358350316,79.62614165313317
18.848040997245388,82.04008340980764
16.64148811979888,81.54078196684014
15.938379960296027,76.67470673583753
18.8672521178683,76.32567996709007
15.97963331595481,79.39502472231499
23.77095104707427,78.71659608862589
15.63636429121242,78.19801151896688
19.963513111179694,83.91061520222506
19.103736394889328,73.69808172030348
18.435904657406276,79.91001275384177
17.28861437768277,80.51046562938885
19.542141515269094,77.80216345636512
20.22920579215328,84.85307893400677
20.04510556285456,80.89771781779774
15.255807145361352,83.65005298078948
11.30828394215883,84.50217755009648
15.758689074124739,78.9846706394385
12.824361687132292,74.77416566007687
18.784319347118952,82.08596173793335
17.946345099319792,85.80624149020235
17.25195905678341,80.93332089684043
21.531528427488738,82.32889743595607
18.62715338962385,78.08551177514651
19.703539026384615,84.76969548596142
14.405303061518618,74.50958700225257
22.552200333523043,85.09552928900345
19.805267245859635,81.54942590749401
17.778758143971935,85.02861849596553
20.1484708628181,83.94482586849008
21.02806056059636,83.52689966272777
18.99371491124667,78.34710077318351
18.00200205504024,83.74408814441998
15.990629884293957,80.32781705950337
22.471360416106403,84.01706262760892
16.93926573290912,82.41080373850542
19.578337448104076,79.74216270626717
20.863180936329005,82.99647265429115
18.913416730766684,87.42548139767668
16.982336977652118,81.60325717586943
15.710161434477847,79.41905850053121
18.575405256261472,84.20146992963544
23.994996648006328,74.5812236807219
9.347236826269981,81.8423448881836
21.126959641143632,75.8143620250168
15.098408150319479,82.43732879012103
17.424104615312682,75.8710267760957
19.034909005510677,75.66724184729681
14.836004967854953,84.68502453026977
11.842290455861743,77.23520052055156
20.637771300347612,82.30474539972742
18.835238630566952,78.30491962281472
14.067586119024499,76.4212915612393
20.216279781461864,75.0798730077526
17.355135215725724,80.22173733021246
21.048202050647486,85.6818816984806
22.17236872328862,74.24109028861201
17.487686203545096,77.59670306089637
22.485197599108147,81.4306256443911
15.602399499509788,75.75576170461713
13.95947919342283,78.64702398664349
19.766580027122203,77.88859991979972
24.50592804993194,84.74913901452075
19.599546004933877,74.41854378512656
18.880563666585502,84.74591425410676
12.76320836841872,83.42237611705274
12.853017367617223,80.99029817823923
14.877031100503146,81.98594373105269
19.8987585371736,74.89224439737424
21.360087363381524,81.89659706556388
10.908173928185967,80.22748166794635
17.230097953938422,80.29220037377661
22.77442021819934,79.86945173520076
24.793000492698557,76.22427740820922
13.471065926847526,81.96519391508122
17.9628647046662,81.3421105684193
21.77952307158152,79.62834579152313
18.931019458719835,79.1003741397367
19.169357584446537,80.11614340245809
19.598111473527002,83.01815757574155
20.976473627099296,79.646949098415
15.685673793402218,77.10272709514112
25.027306632789056,82.49211904895814
20.103494300112857,76.62366006328715
12.208889685001505,79.28050441722945
18.684543865475614,75.15720440467884
19.400289692612674,73.92388376071393
22.22598132384874,79.34761525711703
16.694905316246505,79.52659381164258
15.05092642691346,79.52322136230305
20.127110906938807,88.13865154908801
20.325704948772273,82.22771901317384
18.02831729039212,82.6672006182959
17.960057208931104,85.99084912768168
17.492751488388084,81.78576133046239
21.71412778170025,79.17382841854752
18.94338081337673,80.1530945800506
13.699335102777553,83.59434556622068
17.458446189676184,80.4038281423279
16.989596073673646,78.88814980663352
15.59462310582826,78.35437490183432
18.560173313432262,82.02705163098366
18.704752638151188,80.52525885353907
16.364211544528622,75.66240133976873
19.478944978929636,79.13361996410235
18.617117801342268,79.54246762837478
21.249588843339666,75.35390002254334
13.937884190361098,81.17921553376996
17.791447368990276,81.7387092215884
12.436787732359049,81.81568117695915
14.979802854727572,76.17131281200543
9.910722452540968,82.37681584369317
22.144368326297467,76.65788568373416
10.238561628413125,82.94950695827083
19.958834848955302,78.87676444288125
16.8617330378632,74.63097116702872
15.579114754357597,81.89186826433257
15.908543983747464,83.29578891194406
18.20767143018339,81.9033714075542
20.151485809952227,81.4584801159789
15.854246728851582,78.15031619786801
19.657405968017073,74.77152703563362
19.322113205594786,81.97872855569355
18.67172507170673,81.0904186006929
19.252563399675594,81.28771143950173
15.052492857257699,82.73706420762903
21.797868391753994,90.24251712534539
25.146580045434952,83.94447433639954
17.707036127633582,79.23093996933285
19.188912995230943,82.1597494474295
17.05934935348892,77.45213062108743
17.41439441073497,80.08518030987673
19.688206785712516,83.58050325329789
24.040905891662455,81.23633930903011
14.030901341780272,77.76220751802923
19.399870269718402,82.79430244668019
18.498388208874154,75.38657734923154
19.1628751069397,84.53319044366992
16.92595577945011,82.59472820664777
11.926935325457436,83.84590538614235
16.620440026776443,82.11564839484066
18.261178400611588,81.14039791282948
16.228707860434287,81.52397120748876
15.271715766300296,81.36297833797437
17.921248594917127,81.45835335935469
19.231308127285047,71.62642093797346
20.107249840659314,80.08149075941698
18.158081110500618,81.60509436007904
15.40162628137577,73.92319358686723
20.07989056392553,84.31166467685226
15.17465090028348,85.41812106264923
15.45548980378764,80.99168099447175
17.048343874017128,79.14676123674023
15.225982126905171,74.2944522958495
16.98859255081641,80.50399094763637
16.75955827720775,78.64160119926564
12.611577505575031,82.03006708340811
16.968839180575948,81.66525602934752
15.122067065179229,85.37577231622637
15.96279674011681,80.42135192692027
24.197047474665904,79.47657692380517
17.825778662441593,83.27243475786676
12.49293931324489,79.0674982634236
21.045896042063404,80.2392146593969
19.375446703184036,80.8493403660546
19.172808145123533,80.04815306355147
14.851000433213574,84.82727957608792
19.214435105409272,80.40836744858359
19.40979446718092,78.72320393469944
13.933849067136821,79.95357014640425
19.265167546880026,77.01574409157644
27.71274227253661,72.50527506287374
16.80324782918916,85.24704250510253
14.793032510892951,79.69016340676411
24.531552290130882,75.61245414836593
13.912833729806067,80.89013081082302
19.072980469386692,84.94489249222988
21.292802017630407,83.96334365724145
17.015898612283735,83.1560672670682
15.443598750708308,74.77948871678144
21.139927193268516,76.93474272123196
19.94477532557343,79.45617901499506
15.97401313497055,76.21562580149286
19.022050356487956,76.86795740891458
14.85825151960692,77.77953588242312
17.566043051063644,76.76011128099292
17.72316079171572,79.74182545348725
14.193615581800232,85.00117204973137
19.37786872680956,78.70958583206851
14.882696358074892,78.90538769070493
25.364678381237177,81.01006876219954
19.688048407083,76.44615261729327
14.13215171749767,84.39595634836786
16.791268819896683,78.9442553994403
12.8766697723085,83.01705253458805
21.15905914726462,78.68126113229015
15.971704532406427,78.3850473769886
20.174749851974433,78.06201663264719
20.88159760451306,84.79774941390129
19.77945975429019,80.56236890537794
18.032964879891935,74.84364183174986
17.45961748411279,74.38173201893669
24.68485932082042,77.59979862291351
19.27906337389153,75.94532589882235
23.20582548672136,80.3427081462697
22.731146769535044,80.39358228369078
16.532681797314282,77.65232049547055
22.162594485514077,78.44544180840286
11.779579740700232,85.00241573778806
22.798601797262574,87.45106449260993
15.579733160956941,73.26600391483885
15.317533617216132,78.85943221720221
17.275509102769277,76.62680718855003
22.193386902387534,78.76004147389246
11.07689674377717,75.41031644675948
14.749685745342926,79.97288472637908
14.458901706490408,82.68780898053583
20.63332517238793,80.26385148918213
19.480951390687366,77.62661070837781
17.71821707191737,76.16470218986055
7.086079791679035,83.46970794621755
23.14337527853027,76.52035871106456
21.152280435609512,77.45073436488511
14.196085779118189,84.11376270981404
17.773502142481497,82.84171249478558
14.108708136057029,75.39765669635095
21.374299719738385,82.4519489010346
18.323968575706008,73.93986145232473
17.86326874011075,79.8245226123747
17.58308909703566,81.28543059896748
18.728488184749697,81.58205578913363
10.606091363502617,81.51584006552764
10.420616401029347,78.57235573805283
15.594253928361637,82.09639966262391
13.472092267689085,82.01792586394107
24.327742422324036,75.9655999835349
20.31283586364195,76.02580744359312
23.521923257889117,77.57778079069583
22.171640835653406,82.66835055510428
14.05210553780278,81.45782391674422
17.020275325651344,82.4240332995577
18.73866888898022,76.99908189405829
21.20540057165486,80.75820705747863
16.05763682731232,77.43105081034302
18.363055331052873,82.62611563116864
14.501729135695902,84.59937755164326
14.349395818288627,78.42577664780502
21.603502739182176,74.36713690046987
24.60429136217712,81.88840057023906
13.946878870458589,80.64091754612986
19.717957898543297,81.8678953534184
25.74372897606503,79.84589737007323
17.380062969035848,83.83931592077234
14.320428153737684,84.124963254812
15.47279504459423,82.18849005396483
17.046311333464566,76.30278526709165
17.75537371136802,79.64961975187519
80.74156220592505,-24.603395287835003
79.1939720869935,-22.479979195873188
70.09940630077126,-24.20950863003053
73.76738369101409,-25.69677132896141
73.965796666772,-23.065734108891494
73.9201241187151,-23.898868965388928
76.86761456370193,-23.116854207506883
75.52978292896886,-22.405134658465162
75.77576540449186,-24.01069020969665
76.90359770388267,-26.6390207997093
71.35983032522489,-26.48311005438288
77.13172152945346,-27.083128984607
73.56002148769318,-26.22048940454942
73.70747477655226,-23.192847087877727
76.84999942849468,-25.65317302543586
75.08616886068275,-26.120995077281957
73.80843313930163,-29.3488372977035
74.5094794164051,-26.397538474769593
74.0797096458408,-26.95845747729353
72.3155460838378,-24.067861293196394
76.91536272700618,-25.945203100570904
72.93153075444472,-27.216350540726413
77.47445094775944,-24.9505198139799
76.95113438953375,-26.772847885980177
73.75263813629223,-24.622747755807243
72.20351644016922,-27.441158481748026
74.0601739915875,-24.946182337307707
73.30167719684766,-25.678528007494254
74.35697215345276,-25.493063821845304
77.24350567035687,-23.50606108198477
75.23180138093018,-23.97446838244812
79.0665245344152,-19.473758405540114
73.37279655488908,-22.90664172802202
73.39775816797165,-25.66936526923318
74.9653997278008,-28.291693960832454
75.6039358188827,-24.870905150427898
77.21750059594478,-21.975294975962854
74.49095001187507,-28.71903540631368
79.65643103008887,-27.812632649593656
78.45618368350904,-29.188463044598205
71.55754739688508,-27.280347166251403
78.11421382320412,-26.541862081338483
77.67877418031735,-28.442561092913387
74.47049766229546,-25.81482982458201
68.5840427116341,-24.66813268760711
75.31132844111552,-26.003115241983043
71.85856393163509,-25.52958102081453
73.03088531521651,-23.58984560881587
79.30919745171768,-26.93386906490556
79.95918635375416,-21.774322578872813
74.30689421043841,-27.48143731598781
75.29100120907972,-27.296129455690753
73.69964106160268,-22.314972909699605
73.65617016042327,-28.39781731118622
72.64572320675377,-25.646318867335633
71.92191085467871,-25.05397828867559
74.94399952885645,-28.05419876705859
68.60731751634691,-28.566151508648378
73.28691325008758,-26.04793141069379
72.7178734017391,-27.226557415127488
74.88128876522637,-24.331442794868458
74.18388119565988,-22.55787384369514
79.92429690154952,-25.298437536788413
72.17639064504495,-27.522549393595447
75.83653991412463,-26.341626971371507
73.42477616895913,-22.889582763064656
74.79749831133783,-24.850360375158207
75.93214758959448,-26.924685670401747
79.0968396097052,-26.065877170109506
69.40819560164857,-22.816274240305106
76.9649939608588,-29.554990670178974
75.82731780515311,-25.331280131317715
75.70589572590939,-24.808320517263805
71.69056404671392,-28.26673191322784
71.83855510123932,-28.621269085456692
74.2561784580046,-22.962525162225816
74.98858266308739,-30.61225336576707
70.10086684453435,-26.355830060695855
74.68936472554947,-24.181149689028004
75.74334444381039,-26.855491622931357
75.56547386703213,-25.501207195707934
75.19125814711491,-23.804459139157963
78.33486470380855,-23.47194551376183
73.60950757517311,-27.623661567313327
79.61533381861635,-21.678266861008137
77.302577417925,-25.74239966696784
71.19639850282506,-26.799759512303822
73.42368918657462,-22.559011982861726
71.88023139355218,-24.15062907506313
74.13904363701727,-24.3115824590655
71.44608377105136,-24.857326597121627
78.23976481673924,-26.61677384022554
73.64589268426623,-24.376451334104495
73.54494442599112,-22.81437599988576
74.43602137849226,-20.358137679812792
73.31920246067169,-25.221317141758007
78.30262492442343,-25.085174687740295
73.87953647548566,-26.10500595423275
78.14930265779219,-23.916379279317578
71.21713675673361,-23.855165883638627
75.91436855782075,-26.289112429224673
75.67057402382623,-26.292237946966182
74.9496844328045,-29.21854970699246
73.21608153131066,-26.25865540954952
75.18992131107811,-22.74447453976966
76.58765763448464,-23.721187404306036
80.03306357321547,-22.515493871286495
74.17630158374564,-26.996737996836373
70.80218076056798,-26.140114535490518
77.68891316767873,-24.571102239438773
74.28544947523939,-27.102037798218138
75.72636631592053,-24.557205284199284
67.95383199802491,-23.042018914965233
75.94610537363278,-25.771592503354672
76.77669437479523,-28.359097754519482
73.16023160802374,-25.071290993496657
69.5583624620068,-27.699294202010886
75.20044249203745,-23.214204032656017
77.43025836082845,-26.992030669323483
75.68014768020839,-22.909580464101943
76.0829988650219,-23.747532264888402
74.80327602547972,-25.628175947176736
74.27614118725828,-27.841776862237204
77.87343045707115,-24.930164949843455
73.71982817369101,-25.471712126229274
76.01192906986951,-26.290711887612343
72.27193970313243,-23.294417743890747
75.98353778803008,-26.144130869845547
74.09956381393873,-23.875289267380122
79.98940893154573,-27.78311355376506
73.24460730588507,-23.844902668880774
75.47507909836708,-22.966827624384656
73.33407789867563,-24.764195634932967
76.65320381552323,-26.66985398927316
74.45721721222866,-22.40259773972659
71.862422386028,-26.914986966360445
76.06972780382905,-23.798838907577412
75.33265342648194,-25.697945583386815
76.22719676967955,-27.100757819341283
73.71891180527814,-23.401150146291894
73.33586354996625,-23.094916080494368
75.93349262984782,-26.00531199064729
73.13520102831677,-22.825063689258727
72.69657633224031,-24.04501716079537
77.99792048675143,-25.31773364854876
74.3543007734002,-22.156028109165256
76.25658099840852,-24.11997174097839
73.85457854173664,-27.791574091750867
73.28942315431172,-22.469913859774458
75.58345061131172,-23.979955188493648
77.72604302115164,-25.511396093109692
75.75861561676253,-27.31354224211774
81.08480177237068,-27.04107543676846
72.67401794370869,-21.527539769037777
72.27349493529263,-22.451012043889243
75.87213886400794,-26.671151963646846
74.48379277776992,-23.20879678079285
73.67138441320388,-23.893734419693654
76.96056694698633,-26.95225486289672
72.65246414075145,-23.023301774263786
74.86546597542826,-28.018467300092176
75.81244367873178,-28.5929634449249
75.80368019009026,-28.37188338549278
75.24894763638594,-24.939239653212898
76.78290625645887,-26.282270872947272
72.43502124994667,-28.30269370097012
78.14031426587057,-28.401833579421503
76.43915433582798,-24.821175297748365
73.9337996960226,-23.49235153167384
74.29961708123217,-24.386593316664356
75.93565647329714,-30.302755589740286
76.03237761532054,-26.02992973666501
70.29738848017051,-23.930040597849466
76.03237850742217,-21.585986590976425
78.08710740262863,-23.863972956336326
74.4780372042309,-22.514079844213583
72.64782810334361,-23.071289153637878
75.47874602017217,-25.634013806820878
77.55589337953626,-29.564081944094006
79.35234135420504,-26.7487474154421
72.67747272497698,-24.925823590593556
74.46908191621193,-27.11637315584924
73.67270968563845,-24.571672007181423
75.29906998742263,-22.24368976782675
72.775559267678,-24.90480160202869
77.17900006284452,-26.189630128852073
74.61661723232669,-27.82181370432613
76.90670029995952,-25.175155758764983
78.22817917124853,-26.578544009052408
78.62425051283078,-26.993601172428633
73.96218487179185,-22.768614211685204
75.42464714085212,-24.50068632644117
71.63451437200689,-24.480163924416555
72.12716388062697,-25.02023587036879
75.2080519972346,-24.120573493067944
76.2615689368496,-25.74784855184989
76.60609302104223,-24.054211647169627
74.94819993609487,-26.315813688135947
73.41643416903146,-27.364140188223175
74.8926393597409,-26.309033154248045
76.90246752833077,-28.777389245196947
74.61379277230641,-21.50844387032538
71.7457501450994,-23.424374917748267
77.42962848564001,-22.197188358803214
73.240757501629,-26.903915995160375
76.17671538039961,-27.019040421312063
77.89049023165626,-22.147954046983852
77.2209608171644,-25.941980911695822
77.21401519982876,-23.770188351683487
80.3777026067716,-29.85513298371423
70.22072309267189,-28.061670636017368
71.06763186827904,-27.270945894651426
78.5584690579665,-27.75197904795093
77.99359439174253,-23.665324942660686
74.46550677012411,-27.145210644739354
78.24829894990789,-25.750360419256133
74.83468121683251,-25.289517974426445
78.58996804249698,-28.43162879190944
73.91580889286217,-24.610660522865274
71.55466926443069,-24.64175700986188
72.24137557018295,-25.197427832653787
78.53133176874964,-25.24656982414775
77.03659772149697,-24.33727156542748
77.52971173685265,-24.697452434784086
72.85180624655244,-26.001153418611526
74.82875858323268,-22.987073012295454
76.10758121403394,-25.16464978805856
74.67902307369192,-26.572173459874538
77.51996557757676,-24.670798972511527
75.317828642807,-26.983541863664612
74.18271205631466,-24.419126625234455
81.39660166217976,-27.914810779158486
75.34921377259278,-24.993669895814794
72.74461697678692,-25.22967574966546
78.25595068866082,-27.160863800566222
76.75526103409234,-21.73773044347813
72.99642156924125,-25.86942173532336
76.6555075145331,-20.965130050510076
72.55947570409977,-25.29461738798954
70.26016115974858,-26.622412988380958
76.56138649015044,-27.18159959452604
76.98604443258857,-24.99031267338616
78.35285010836864,-28.353273551279585
73.88369943298781,-22.38497854087035
72.57065899953359,-22.775872683078845
75.9611781117458,-22.398479880884285
72.86564218146269,-26.655669373355963
73.3082581662484,-24.914195451504558
71.57065520637855,-23.084059729123087
71.56146535019435,-20.72682621225447
72.9533706196988,-21.953586889024766
73.19645400150102,-26.683902679629657
75.27295833059732,-23.69704147701512
79.75354161000602,-24.48903694474135
74.02259865805401,-25.09221792045993
72.46523316862978,-23.924095659770096
77.41804008495893,-26.259819533415758
71.83006416681967,-24.652792651076037
73.25609520947458,-19.571425036773164
75.04607509787654,-25.36684705194546
75.41412479801008,-21.75633486736252
79.29345289828095,-24.742911296838177
76.13909530282409,-24.108018206420347
75.33893071149292,-24.167620549483335
74.95473894913108,-28.709968751843324
70.96639293318093,-24.125295460882526
77.58046939540993,-28.21452932124466
72.54532703533776,-22.494637162311662
73.68152530045623,-21.411892670342286
74.03591638842268,-26.86227722577208
76.677125353138,-23.674837946561272
76.6973790077134,-26.163260337147044
75.07799505181653,-20.535137223313594
72.35422477854958,-21.375895569683035
74.28441117808309,-23.24689211003752
72.95046808633809,-26.624369653005438
74.15796921314971,-26.33785418941513
80.52422311053463,-23.4081138079876
75.19201690910116,-25.600730942931946
75.05668665746379,-23.017371775662223
73.7499417635285,-24.47302422192493
73.16958069034531,-25.48943952538009
75.03893627903285,-26.452012820042658
77.7068743339967,-24.563694497354135
71.01733612191285,-26.889591323531448
74.36981770490068,-21.573938961372345
73.92569107539917,-23.246501950112084
70.42225621756272,-21.365444476207756
75.08579602018624,-23.474154032214578
73.88320340020361,-24.682420243789505
73.06880322924623,-29.55454538934058
70.4250683631259,-27.696570583759858
76.23656656407277,-26.60237886893964
73.3637812552618,-25.531269039461467
78.7470448365357,-23.27326357708354
75.96771452339121,-25.645413625189363
72.22991956485299,-28.76766321479386
72.26385369530333,-24.991311733893006
76.4349140077832,-20.018629866468746
73.86565257661351,-31.7310548660347
79.77052486255921,-28.08623276475134
72.83628719811234,-25.54605233418172
74.44287306994437,-28.774402771176927
74.61558574609566,-25.064096657260585
76.08452267085129,-27.848176566067245
78.16467436948537,-26.51163677447612
76.74800892159277,-23.027065919222817
77.4020184120737,-27.393442081137678
79.53299297340739,-25.64436753569497
74.19979319675666,-26.441418617846704
74.59196126472902,-28.050700031718975
78.91297792364128,-25.468504439371497
74.32767253149457,-27.525979095948948
74.00305051078767,-24.31748630387677
76.63472472371004,-25.1959985790342
73.11629696381421,-24.799374217371458
72.15280790241569,-25.457896836194003
73.50978885314669,-24.081150537386833
74.43969758734397,-22.532304063711326
70.70968575197084,-26.043372636501793
72.66854022289154,-25.108776178141746
73.8574649136137,-27.376860450858327
73.04651375187025,-27.942435361744145
72.68515409452496,-22.26458636819764
73.49322181045905,-26.103270673890812
74.66343048558308,-26.117571022927034
73.50019192909423,-24.359369901934386
73.60954362009497,-22.77865232109769
72.75662114532825,-21.01763406739681
76.07248274999498,-26.236847318921612
73.13309975239663,-28.700635585493476
77.07871562501475,-24.182729071087596
73.08778759871133,-24.071066481469867
76.48629889227992,-28.50281518242239
75.10601360448985,-25.239734530111217
72.86982123757377,-22.788308960792257
76.78672482481322,-27.21778163583623
75.46758160154754,-24.275842604897214
73.66354625675379,-28.190482433197868
73.18793139110335,-23.57556782730014
72.17602939746715,-25.179814825318836
70.65518780545568,-25.795501263193465
77.30203974355696,-25.446230799027088
73.2722431388675,-23.01063178388532
77.99327891829309,-29.459689853419796
74.63937203361294,-27.35671830972295
72.84129872691653,-25.461729834596103
79.41098672612597,-24.704641740520298
78.43580511152346,-29.287052088420744
76.25867366565626,-25.600475197789788
75.3751056669487,-26.889858879089783
75.7662656166986,-26.59603468025037
73.4277644320341,-26.102598582352265
71.5057655103041,-20.072698495651874
73.45872113071285,-23.182258019953785
74.81981737187374,-24.646688169014347
75.06087594286305,-24.521328950293718
78.6810881203863,-20.763184834319116
75.1380728326384,-27.01753596338085
74.01840283865235,-26.75480138446778
74.34221630012006,-27.232630320818572
75.74882361048668,-23.427984817580782
75.27915644874511,-28.70592682267207
69.80376529301823,-19.941357637134075
78.46724079543839,-27.8102687396758
74.02316215563737,-28.740093313015283
75.40598857522575,-23.877851987123822
77.09178281298637,-24.619724490718404
78.30800570968478,-27.8228287224212
76.17069800643955,-24.70675486561694
71.0931973279849,-24.570219541319606
72.0051536146663,-26.0226853976873
74.97276109994966,-23.743270360900464
72.69813844128448,-26.870694878466274
73.84165541870604,-27.42983023208825
75.99510608866542,-28.59267884964745
71.34531394385493,-24.14030350498659
74.66867796468141,-26.80533959884527
79.94991989074332,-23.64044186133122
75.27755716296181,-26.025689771025668
74.06836766919861,-23.526334618813287
74.3773267314691,-24.124192886813653
73.25690906137177,-27.146298552928055
73.68193669187555,-24.484182022164582
77.10380303062767,-26.390633683399326
73.50316948076872,-20.56672097733626
77.05385809293122,-24.599447614555014
77.02789256153804,-29.865934568087575
74.9115681578821,-26.146261095395968
73.78365153160686,-26.640133433469597
72.26174034585578,-25.35916445828544
73.58601905065457,-28.268772424200282
74.03577451816781,-27.341663138113685
74.69710151336824,-24.64313779939642
78.75873089088623,-21.809827470436048
71.35509465762566,-26.13437436476687
69.82252706897171,-26.506715214432237
73.63424710556103,-25.212498006010044
71.16257363387855,-22.925101079336258
79.77063782679224,-29.163279314860407
72.4898740217067,-25.69028984594481
76.24176284506149,-24.626023515658463
74.35189550591795,-25.790346599948702
73.43729802944546,-25.527732542360305
73.59042884371149,-27.298726587900717
73.73789532033256,-28.28229794672009
72.17195937694996,-26.04947152575969
75.80303502362952,-26.664028984864423
73.30006254452442,-26.10798153601156
73.07235612889988,-28.23647368492487
76.92284766730047,-23.633086642844262
72.14122490166675,-25.56429554952666
77.04379467685186,-26.829847604025304
76.49589579201812,-26.604090788918516
73.10343939486772,-26.86537475134085
75.65515208510176,-23.437438904169106
78.28941345699405,-25.135162894903278
77.95008490512807,-29.160510019126203
71.7934554888656,-25.992630310467902
72.24254554721206,-25.96540412781922
74.49640419745087,-27.189649085085158
72.42857525136445,-23.113570274504838
76.37556936872139,-25.267487595100533
71.86935023298795,-22.918929882739512
72.3978390895015,-25.752117724858472
78.58856061258788,-24.093890126748086
74.70861414098833,-26.622713319671533
77.78886985494299,-28.31206317896134
