x,y
121.13626523571031,2.9132711761254626
127.23939795148866,-7.043534124316811
120.99984088134461,-17.939965947566954
122.26350475470738,-2.8525986375537684
125.89964007929645,-5.785962001579049
125.87990153460636,-15.677077876327452
113.89586423034484,-14.991283174328055
125.44676089061984,-12.318029252971098
129.59221456438237,-5.086654061395207
113.96335818116346,-8.32405467107572
108.1016891993094,-4.101337867499218
124.80964133241847,-11.368712902200796
121.34986399514197,2.7382722106392787
116.00896904886045,-2.852777658764307
123.49961587619411,-4.206228721770392
119.98894672139697,-4.94452116028127
122.1737806697689,-6.761695959839004
120.26061382010137,-10.754250958739163
117.93654794229973,-0.9556640352313566
118.49012972568087,-14.935738739930773
119.94944713985356,7.150210015764403
124.01443924435466,1.471847540233886
121.32700317841999,1.465530920239087
119.34741592214323,-7.189207252744083
111.53664849010168,0.3032058819524308
114.32108445281985,-1.1984122625518303
125.529994125549,2.204238631053149
122.36157329901405,-7.704248866977143
126.40976342228028,-3.941487348632079
112.92956091172246,3.4464003882103027
115.1478871354103,-3.6505476003603845
119.98880937281758,4.577129841119756
117.66644674073453,4.164368771543796
118.86102925529349,0.865452305646419
119.10923257867488,1.906259597113491
113.52380681917842,-9.677717128114386
120.04464995092707,-2.2827944386262304
113.95549796479806,-2.236276016799974
112.95870385827129,9.86597956303643
120.2756005117246,9.33231514107312
129.568115033468,-2.312227825124659
115.46047045309635,2.0055138634693366
113.72015420714722,2.406219104936935
123.47401198438426,-1.8642344456623574
118.30133908171496,6.412420629395155
113.80317879533031,6.62277946499158
113.56861567628981,3.0519914007400777
108.84143834052595,-7.429959011382497
114.05683057337025,4.420455052769951
115.9027959774506,9.018744953755185
114.39672343656639,5.424540940362501
113.1521252553884,4.895061320989207
108.90252235333614,13.267894391721889
109.13052678567819,6.989255404140432
124.71957100214566,8.225498092775112
120.48418540019142,3.2501354924250605
114.11048133675858,3.282054819341594
111.78036338410507,6.175457550653309
113.82847227160397,7.264249380259489
117.62025842409967,1.9989101270521532
111.04715198535548,-6.180246280362704
109.05442873691767,2.229752000821807
114.05377918480313,13.139829614789292
118.21450486544401,0.23503934051913333
119.77805148884434,0.6089887196944179
101.70302571252154,7.282772839001144
114.57812051973053,4.5979031046836525
107.55193843254864,-1.868014221010955
103.42647369274088,2.2234920607340958
107.8222368992973,4.948383207201592
112.369621046329,7.618572919964896
96.562034573655,14.008482548290765
106.06076345196436,0.8514404417754866
106.95888741403265,8.35329431555245
111.26036537616883,7.057610888043608
106.98975874673866,11.039496185944081
120.06750507347107,8.907087047832729
103.22480915108424,13.178890903285135
101.21273698101618,8.779780090549561
104.23208396484733,1.2687178536134214
112.05703872565279,5.821727391957233
110.00349685445742,6.660260022999161
115.19912665190355,-3.0474946588573903
101.45481526630473,5.842314354497133
105.59038879948623,16.765140304702463
107.4884499584559,7.271554935471149
101.19019897472208,11.95055560139369
105.22385886672743,18.295779076873686
107.03607488361966,5.879427771071999
114.3564026885122,13.697380824401943
108.3989649805685,11.029440784225443
106.84722331165757,9.636316372649382
106.95735182773775,6.836567244738117
113.40391078992751,0.34792877829209345
102.29477279876764,6.076268941058994
103.96871493621255,5.949846262065945
104.65302306074341,5.466359652912775
108.6345121211645,10.07042296934244
101.00469314345985,11.268191332793869
100.54694302882073,4.378946576429193
103.68446771880588,4.463796381102513
98.42685530669375,15.514939557926517
102.0786881105839,9.967035829796982
97.89960763488018,5.483360024484802
105.38531487750951,3.0603388952033814
96.65562661884383,10.149397688633211
110.36444984472385,11.09753501291461
107.42365081302944,9.397504221678503
104.30787417503129,11.79398012935311
111.63425704812737,16.58110807816455
88.50436071938347,11.788411564495462
101.26095799058437,16.648197456915277
103.25916815367802,10.915180211212435
98.09663510214328,5.759342430302288
105.94230224701754,17.46460682491007
101.56834410622086,10.348337938283926
96.40362873462121,7.996235100444114
105.49008826766149,12.613268359492794
103.15065494173714,26.28350049400485
98.29419353368668,11.806547811004775
106.46327788077554,7.458268881546304
99.5410944372183,19.16455793986045
105.15518190465224,9.332576321467462
103.36325263374128,3.7606769124623067
100.58884238238996,9.347382716122663
103.16424039716779,10.310429421943272
100.32136810925144,10.401234416342103
94.91779542386871,22.21773321504014
105.57711386227679,11.379763134374912
96.85677946884924,10.31037157651211
100.85953488584153,10.312436851910388
94.47492232496133,12.280908822354542
104.84734154467992,11.14389984513583
101.82979976079045,24.219555849038017
89.75138710323534,16.391091273972638
97.33980146294007,15.933657614486354
93.81966859635193,9.267555315851858
105.8635445856066,13.262756445003344
95.15353590617887,16.25635290960086
102.44566667337774,8.637829158860926
94.83144138264231,23.965094560373423
101.77437397688864,14.578336732913481
104.44673071733945,12.126575313740146
99.98687020398548,11.1282457239742
104.64765515178415,16.727319371280334
93.91487919523509,14.840985138330382
90.86338451645294,15.797392708287694
84.62085290293247,5.859859946124375
93.84226311099071,16.712123500211927
95.94128437872362,14.97796707261319
94.43849537276449,18.69694901379118
96.9815435165663,19.11467837101479
93.26344753598111,16.178890898341486
95.49193117958578,20.331413069641687
99.60123979489498,18.181906929419977
97.54098772017596,14.498882398684803
86.90023347919872,18.078861471684466
89.20126497605955,14.55221029078331
99.95763707270469,16.470012178012013
103.5530881771446,18.665306659206102
93.78757302116813,18.977516486972142
93.19506903938131,13.945388668847203
91.97709625004708,18.089095686853444
96.08499843267182,22.984459677253717
98.08406732840037,19.666843902459384
93.67743943494919,14.358928284276306
93.37322133691666,17.424985940695485
89.25497559531095,18.8648806906034
95.85422681790672,14.571752551862351
99.4591569359666,19.883692656573572
93.36758099142928,23.97268272073653
94.75626303356113,12.043111548584122
95.80048841034194,19.11674246737414
95.66592844834028,9.068430610884725
100.35353358705345,21.87284738391573
98.35512956385128,15.458527696847689
95.67746149464405,16.692520224770572
94.51564394168732,22.545483634580023
99.19259926993949,23.06404055354409
85.65246106366222,31.912568167340318
92.87778006687995,7.2518090527673795
100.80812837860088,10.555022175572613
103.17959946347689,18.40558563551876
84.99974333965197,14.795221261795962
93.56221507820646,18.73477465000621
88.17820418757776,24.810691170132795
93.45733497224342,17.80733578819214
93.37592570631767,18.10825522225805
92.6501187659656,18.81870626325487
95.77569116636982,19.293418567679232
97.33464350611742,22.94661677439474
91.6645966238057,16.95959890092398
87.29815070532223,22.456969917303514
94.63002765955085,26.374686992962175
92.01409694288853,15.622218584799672
94.21370336979652,21.58568959157166
91.51659912018046,18.335453159150624
96.61182061336062,21.106182675088302
87.52016917375109,19.928808098252023
89.71906740368904,21.221668526664097
93.94597903959769,10.55147248133938
87.80389160233759,21.49044201568745
100.0428133857455,28.47527921538493
90.72494430987234,14.823025134468192
88.35485950178342,17.336106546763702
88.82521495929878,18.508388986172253
88.80135655303337,25.267189067035034
95.63561620640222,23.44548437911456
96.6138774778176,29.67166577770231
90.60279277994947,23.741723733651455
98.13000990246277,27.833542570028087
76.01585909321213,30.849900965517378
85.00706408449392,17.254759781990547
95.93417257304593,26.719287390186366
83.36359825487806,25.54966895233912
88.56977746820584,30.573257930850737
86.73391220719114,22.150020299537598
91.45274557345515,19.98190801297199
86.76444780125739,20.240503728525162
94.404104656977,19.74622365569023
86.36984324235824,32.54976741842992
85.48576172752507,17.15848532442035
87.53550945776439,25.257252569792783
93.00469448642033,10.649941365781476
82.78766524265282,20.220971687977517
86.2909319656436,13.893238772360101
82.12900887522292,13.373144247768147
91.14741453525289,18.18436296778211
83.17900009611856,25.733775731442112
89.12655518946043,26.00929445663807
96.75578859456046,20.968894691594038
87.21131280656475,20.434294763006257
92.74031110950152,34.62827641564682
86.94694036120049,26.03187197487179
88.17054557543263,16.88627620476072
82.16465397442018,30.356095585135826
92.84410695452573,26.154595029407133
85.48122788022637,29.620452734084765
82.54304060481401,31.92687734359807
85.33586516840496,32.62475312197024
80.26528834901247,11.087803426612549
83.15651298437008,26.694249198074157
82.50170130001953,28.06535774303775
90.46512002571382,32.63207258441587
82.43528129680091,21.628059072288863
83.44091447999774,25.79907447995872
92.94033671905959,17.160735644095
86.32158030725114,20.568116217729074
76.13482647059375,22.528385718968526
97.77402323189874,17.429824563124242
80.3473746864844,20.28321945528137
86.46470585140783,23.126332453881634
88.32932606672264,26.354588934584598
88.29870421217481,33.07180073455152
86.82982621479232,29.52603694579877
91.73955613098084,28.574110821966652
85.06667214763858,31.69586569970006
75.17579598765911,28.375954358436534
83.59802737529121,10.968929956612108
93.3099272555887,15.710126701502103
83.98558648027523,26.347537515916393
87.07485450725827,22.589096281084252
78.86126263822771,27.288798650847756
90.313917157297,16.454482823286575
82.29081689696494,30.630514183232627
82.00991904233018,36.38388056914073
87.41833351601481,30.609193967482163
87.70928396356516,36.28397730819122
88.95373372652502,26.943963703986373
92.9723028050988,23.993243960167757
78.67509676626506,27.094526811622856
79.59047505028396,18.235704769316463
80.66090271195841,21.882282638158998
80.80705316569743,33.26161833774791
93.16878165618584,20.27274546817094
94.52735647725956,29.025170834757578
85.35002062566262,28.54588970780934
91.77706028772603,22.045530339856402
78.35833962093423,24.024434634207743
86.56828924725824,31.50794641849845
78.58014414399736,38.128340223559626
88.97578110696716,31.45194251097078
67.17424470497079,25.46754415094844
81.1824023481201,32.59732816877925
79.80932560150575,29.185367963987524
93.06530227933827,23.8445199130454
82.48610465383474,32.39559120971633
77.68389986533397,27.62765645586599
82.71828745360433,35.738329323667344
80.25902158616732,29.506673923111446
72.37504769863274,24.654110399776023
78.04704739650509,28.330345534745568
78.70653081197287,39.532185835793875
85.20134626604182,32.577801741888486
78.7220069733723,26.95869666912825
78.56747746912261,34.65001331557698
87.04572800612394,27.08641581118625
82.45366708611017,32.52809058427414
84.34585154409073,30.803745364968112
74.47159451587278,29.467159361689447
74.72260911537902,23.127181286382008
78.98288213300759,30.63408054970594
82.81274735129203,27.898311972039725
78.87006000921107,32.78765347146751
77.23749753700918,17.75937242110499
77.93973838885306,30.479864154999948
86.05685491895424,37.37657286581784
73.23542273089646,24.891268362699186
74.41813503223777,25.13525237596804
83.61624066636523,24.984532345741254
77.6266409815597,32.93545060914738
72.1284943615578,30.547194786935094
80.46487078045766,28.89474582804191
70.80151976604878,25.675417904966697
82.26974507780392,31.851333318589546
88.54236320375088,21.64428405852876
85.90367373995645,36.32235367506971
92.95795685088983,23.71615837676085
71.76963138700172,29.382967513657608
78.6411339363062,18.50018562310769
81.89687893688456,38.15410393075583
84.03325979806513,24.747017702452375
81.61895030974797,33.096572893581346
83.35463973900877,28.384486499249007
77.74320229420543,25.113017942067053
74.43225857632164,40.398500040829205
75.74859472115922,33.12132206564908
92.30834156247307,29.233779114935366
72.9243230648901,34.49449517362249
82.29577769248864,35.095757835238444
84.0857696255948,33.69056614672692
83.04767493550962,27.657513946730578
71.85922801604605,30.562812165400228
79.66574136130549,35.436264445538534
86.72401062424369,28.032677235720147
79.9061262285842,30.5250429765573
80.5108624239422,30.183559310897643
75.13710063044759,36.281933258357064
83.6667698936142,36.11557324573412
77.18692756176858,42.68385785920597
81.4584222084412,27.363444021624066
83.80957668632385,34.26135560471894
80.93839404069163,23.071704996858564
81.09514565669947,25.08090762174243
78.3032171052485,25.728576299876295
93.76424876195526,32.595205432804626
82.35748685052232,29.658709685460142
80.90580112610492,37.08043711529152
83.04055005669653,29.38226646998899
85.15341101002541,28.414507730619444
75.95090992837453,26.752383224966934
91.85091138708493,21.425624697803737
81.0642836526896,24.8072011486424
83.59213176323837,31.108317543274723
88.31691821874755,26.602850223234107
70.82227532647985,37.22918361495159
76.71001686624093,42.012448902803
83.202479108594,25.909925752125925
70.2671876358018,36.944624207295355
81.02472068746046,25.61205519685719
73.79502195609774,34.97961693250932
72.44788843441668,30.646436614286433
81.7038807329486,27.96075120658248
84.4952126383942,37.639355431314705
83.61053807585402,29.38451548408541
75.72721636083654,22.792523108696148
86.01273074505558,35.25409259932562
78.2563879861181,24.43013295389369
82.57204345278626,33.51094337914874
82.78720507052614,25.675938739448366
78.11512078401078,36.588489876688634
88.67387891452607,39.054726896252234
76.37568017923199,34.076056221877096
74.73833137211655,32.984353586988206
79.86858310784243,37.62122484115647
86.12197841854238,40.783630169168525
77.30493647490623,31.43330209389064
81.698931663337,38.513626137495734
83.33536350640072,35.29849961880027
71.58667656266257,31.006099188676544
78.64353076575289,38.60278739179659
72.42946869883023,32.64052022160902
75.46175925813702,30.12348876993208
76.72664560237594,26.328648900086918
70.49415606826378,32.14164412598011
69.81871133446218,28.2651158794344
82.52005188793827,33.95721150284976
69.30278232029916,31.934117081033257
80.52711488271697,35.421111012910345
75.07459186744326,36.6247335329243
77.66243963540873,31.75254491259008
86.83174792320499,37.80228547635305
68.55182103894923,40.78500919817633
78.88013950976483,37.4062604390396
89.03879237001811,33.0918176351941
74.70462965825868,38.082573983968956
70.48517231743016,36.052518811911376
82.65124307909693,41.61102109751827
80.36596792178597,33.51119969023634
79.32076966370641,32.697830765843584
76.39572834055407,26.776237618921876
85.93612117384049,39.686514644100654
77.17073445212218,37.5866766934517
80.91234165315682,52.4938913373138
81.72740812736734,33.21865423394946
77.22193459512116,34.73389345010828
75.9760465817788,28.97335293094436
78.76377960381761,28.06990179582298
67.20567870169914,27.709691747240928
79.42797931963271,39.816679651950125
89.08370499930894,38.282842042523654
71.64613471159704,38.6737158750813
72.78225006598787,40.37634530509249
79.14298312555727,39.530706000539986
73.31190001022497,27.108572660133518
74.33906382605923,35.328574186819786
85.46424648114177,31.38858062774252
79.32838380518128,35.91758321243846
78.99741562610807,36.59912991858546
84.98106792252203,26.8912155787121
82.38998977523713,36.14772622833525
81.6653988295523,41.910138077042895
85.02733569212327,35.42875519226047
79.01559604083826,43.607015240502136
66.36245843094028,42.002593272574394
73.13208945137305,35.63524358523057
76.42472626677413,31.69123448172296
81.77698002782861,30.0514317425668
77.87850391957265,26.5370407449748
73.72313879877353,39.23576970528892
77.14804076067843,28.572456482679744
85.35719035989192,42.22941760813975
70.82118233592523,34.99057246640057
78.87801753951592,32.711562881766305
78.64705317823615,32.60080239351321
73.29008465685693,37.99493930992198
73.51584822126277,43.985046810144254
80.86986560577049,39.28306923933676
81.18109572007967,36.87901594690432
78.31015024446344,35.31670277965984
77.19826865927894,41.28720314363085
74.52642356368912,37.86981250129752
75.97868990480113,33.73023171579766
74.52697629984904,39.213279863098016
72.9618776828519,35.54351825207189
72.13381468344305,35.15955459412322
69.32671401222322,42.23656285623138
77.62448489054425,40.723149457086016
78.69166857410546,26.713075042469487
79.77393371661783,37.86046342199077
78.39912768065633,31.23569482047412
74.60499749649057,42.674710578978164
81.37949136302939,43.90893202394398
71.22793972751091,38.956224812103514
74.3556465800484,37.77395105443486
80.70723765462887,42.32697239039123
74.40059631032987,34.115279280966625
82.73564451593269,32.58483729106827
77.78578062529057,34.540786807294
70.95878939888644,49.434178059406804
79.45629005222845,38.05453909107098
82.69657030992231,34.49510073051359
81.67585136325447,35.58525213503013
79.9984759785774,32.76170368119452
84.20730058003114,38.28559132642149
78.61005234648835,38.73692010057192
77.35143679238332,45.031100218255595
71.89483519026467,33.28294943829705
62.8774121278536,33.36922241713802
78.28339591498799,42.09185946926421
78.77510794564498,29.965717955210046
76.92031164715732,35.71810912210209
77.8138542985587,42.05509555821593
72.76127067585251,41.043441209767245
72.20389168767542,37.45165336486719
80.54234149888885,34.372244272493724
70.11759145591697,40.08192883285757
83.16098871070618,29.73324908675403
82.70651132559499,45.13653403747658
75.20559053812202,39.36536605613408
79.1770651409759,36.09523800228829
71.29342455913651,37.59476960919429
76.7992683965701,40.20538657200313
77.7340013562651,35.982272014933095
84.0206793741783,36.81928723205284
77.5143335961839,34.02362507283091
84.30977401659153,32.61557725253503
69.81596479364566,41.23918710087952
73.40481078562136,30.18288032732061
75.60874651201952,41.167031589055824
82.53285350325507,32.154269250286376
78.60791370437136,27.89766673987137
71.42208618645749,36.839047181588604
78.0786867483208,36.89218376282176
73.27569418331146,38.173273693595284
80.45504906499782,44.380528067132374
72.07142596208342,52.46355197698704
66.85421670983378,49.866077665248866
88.65630546989162,48.06564365216362
81.84684884948389,39.40455608415563
90.44329364677515,31.544734352198006
70.90116230588983,33.393569573148035
72.58159452506008,38.52660602709683
81.20586003765473,33.50262139344889
81.07387143777366,42.998050231727255
84.71419720197537,35.094649109752936
83.43065659905277,39.53648339065625
69.42590163139754,44.90566526308085
74.8874618140396,40.58090378700799
74.62763084654476,29.23422754021061
68.2706491600812,45.34736063726384
75.00760200482506,40.18070498617536
76.31880436091207,41.63696360207472
80.70442628993746,34.65594381062657
80.11395314857543,38.741750163784126
71.75766807290324,33.03478196814682
75.67743884061736,39.09157286900897
78.85761121684146,37.34511456155027
75.06783355279379,44.66647794698036
74.1374018160395,46.661653262472925
68.92376291942895,32.921727717945835
81.12609806062136,39.678019071994875
80.13198910220837,40.968824023760526
83.09268949462599,42.57174109508896
83.4815657469387,40.040995664308994
72.81716624761536,39.494680810850916
76.88919969221033,46.72674294951058
80.49761289864477,45.98814445449212
80.60988148550919,32.19161361044155
80.27745165036357,49.33462264141939
79.91392081210397,37.915784749084914
76.83428135662,34.54100909931649
74.46733966642208,42.422284340962904
89.19820790616664,39.705231598960104
79.08706890475216,48.79637496755021
82.18619306131245,34.712511984067945
82.9766117058052,36.92778015626006
77.78036294674828,40.04965024761748
73.95520866700475,43.325723186531945
68.2796201164343,38.585687457227536
80.24162326420344,38.12585899900681
79.87124401004073,35.22270576277143
66.76948370591231,39.38434522301152
78.2915899062065,47.84584321429374
70.98902005974794,40.38838179656279
87.51107020611657,42.53381823665265
77.03598975929008,36.00041692534178
73.63224625482131,41.14466497991849
80.50465346752708,37.74328285465427
71.59760221667912,49.679909536245745
81.61604805161045,38.46355685903988
73.61149564676687,44.67257859704658
72.39482588995381,51.50325417587166
74.26533104631378,47.41664284838668
76.48391353940868,43.63984990618051
64.67822249676105,46.44816667028842
78.10199571713966,52.116384591401584
81.24459619818707,48.41041693695938
76.53495744100385,46.56681589954834
79.86012308424037,43.239142444906236
65.20107273055783,45.43877447090977
81.30585153394755,30.704977947976044
74.63145485894867,48.950105411769066
72.30811512855772,29.256778025627128
83.4293469907908,43.657180051570464
66.78610453130183,39.48471328193655
81.65785449352832,52.448458223998074
81.68443353582613,46.34662234711953
69.37595150312254,40.34902959149203
77.93997304528419,37.55862203632648
82.76788726363552,39.31356724665098
70.67628245236192,43.17658217502687
77.55082391533126,34.82434314759073
76.15896948207818,39.12530193065307
80.48447364189784,46.67296999922654
71.9021227587315,48.93654508382919
70.15082232653407,40.50997528567565
78.99911446248584,44.20894708436694
85.40876220108893,41.405392820681534
83.63204893109918,49.38471454157537
80.30833293342354,44.767957672765874
89.09959269410604,33.930768752559736
90.50400193904329,35.53714045540657
80.6402381059915,45.837516996814756
73.9574858025293,46.98287199458201
76.66330127428233,41.977703518112335
79.88916508178514,40.328342776712546
72.17830018305976,50.779469494828525
74.13932001215295,42.24830857873657
79.93620805206973,47.00360732503273
85.20067154915435,35.048479828609594
77.21156127991256,41.763278314350266
76.14881260849288,36.83457163748749
75.60904428186045,33.023014550747014
80.94982376705728,45.30056867824066
75.54160649477414,49.97636241399841
76.33784636691722,37.538410881044484
80.10104509523694,40.077816993586225
71.17666779324809,43.97634945425285
83.1330240161885,49.433591319305954
75.49542070582186,52.116812659332005
72.88827889550143,50.63524871817045
72.908172411492,43.55132416407124
78.68673812928569,35.232450840929005
87.02213222906127,45.318317738829116
78.92077172103912,47.77905786922292
72.53715441509695,44.367669374986086
78.80270353929555,46.250473211269366
72.89519928373562,45.11308303440851
79.86538617017679,51.680631407597176
74.10696077318686,53.83040195651993
73.62732306208251,43.87488566111372
84.20713355946495,42.295510756618334
75.9378637693684,48.904437758510475
78.18166755508398,44.044399615228386
69.95349454762581,49.206941268842556
75.67800312709637,37.440277857778355
84.73047015468309,39.71088744400301
78.29715958761128,47.44164377340669
74.60392796242076,44.88802615148296
74.3244474371865,47.08134367604679
75.33165726335423,46.97495923874227
79.52429945105797,42.18999789519874
70.39978162427884,49.79267809600125
87.33057156756516,48.684092878387595
76.7955649831245,42.59396497487512
87.56620438485164,37.65232545572413
74.41481394441237,49.826761539971
84.4156131815477,40.300189243574565
79.6686465557983,43.449601329102144
85.56165854020408,46.52508149079506
79.56242341392131,54.767150614902
70.90111282958058,46.12092164668275
82.99381887870493,47.99057775259382
79.90099953035312,52.2761777827543
82.76523614289232,48.406973480482456
72.48913284462365,47.76515643692422
78.9733082355547,53.18113465918667
84.86413373681977,57.03978103849466
73.25419648541776,53.11172406795708
76.14355674874895,50.71738598459641
79.80542721940851,45.47890920795298
75.62708130732535,43.3071904270352
76.12428893230745,54.280471635155514
83.93771178547945,49.6458886300115
80.24117541456242,46.944428980659325
79.1681156531821,48.26373296509483
77.8036212908984,58.414748610355915
77.40751691781881,50.27920422659861
83.2055308716504,41.116417366593645
75.35988637750201,38.743292548863785
93.5828472035001,48.41506743113185
82.10044648948725,50.25554122346847
84.75631079450442,47.9623161922335
80.03380951911676,56.16755778140953
77.806568893434,43.74496764389812
82.08996631795432,48.91959190223363
78.38410664113334,44.74617327290056
80.0177810404256,49.40531927108961
86.5443115222426,51.71746454702834
78.5877448909063,50.055878766926625
84.35436778915383,48.72260798160455
96.98934122827681,49.4900058335296
81.43710580559987,50.02833374886539
82.93584358485636,48.586925760934164
77.60383009591665,51.82784308938459
72.87963050325648,54.55676503763695
82.39818281649495,49.14451055928173
80.1618337244218,46.83948055109336
85.58322082825885,52.5180293429413
78.85245851779733,43.10517902976258
75.63096480824547,50.24798030442445
78.85573236334353,45.53636100265245
81.40543390320784,53.16909457894439
77.57245186298977,44.627301201941094
83.51441219094774,37.154988083641776
82.5455824895325,52.63175541852096
89.4997402625211,54.464510339714316
71.67328726388604,53.087517551003444
81.23588764948394,45.23044003275113
80.04179581838103,50.5390881578403
87.91570513107843,47.21555888283714
81.41825406317297,48.03922470434637
82.10676869848409,49.85015060749125
91.10896589373831,49.488025121270326
82.73388222056168,57.42446819603215
79.08872010036498,55.75753218757582
81.87317553006484,47.943626099114404
87.31586669439677,57.6569102757135
71.29362626298986,51.31025217074647
84.79365958087672,54.39558100611324
73.16874212589933,43.551646794217106
85.66411897573168,42.94261956447092
84.12556598040983,48.4345656070769
73.78425634437886,50.481768320707786
82.16137277008836,47.161780655632285
85.6903601203973,46.89499323447151
86.50007666043332,55.09924894876523
85.27398504601024,54.80753693815168
79.51403147651288,47.64430523599485
81.97986668665162,43.63146127807881
82.78942016124563,49.20679845166977
82.90575995231738,58.61257784691157
89.43575116611562,52.58559158925685
89.36895011081751,54.213363212079074
88.47596309793445,52.61666588730431
76.38680151879805,40.237038301880744
84.38573272519537,49.00919210506337
88.26868833978622,47.772894190760006
87.16617708608864,45.19757858116246
88.52095503294586,58.77032628496962
90.97969133070646,53.403335638185666
86.99832775485932,54.94598439830473
86.27075093658911,48.71540780528326
81.48194272237363,46.905549498412476
83.59759733657462,57.16813540868972
87.85256992118654,54.39637437493007
79.65996967959155,45.66804997953552
75.16273712113937,50.04010248857035
88.18235697759701,50.215789020413084
79.48013307678193,54.622068213813506
84.3068467304873,46.75723953123008
81.79551535693689,47.25023468763404
82.98367084297767,45.771114999452536
79.48458192897925,43.00163342531266
85.17120995475054,51.73865356691428
79.35794904048392,50.8646492144638
80.47840705713492,55.13812012207001
82.15612335303537,40.62133351392066
73.54411132308064,51.717532947131005
80.84664684194307,54.63373449382955
88.92898358772517,51.06973042798062
95.37617361867746,47.28747378686163
81.0551643047365,59.22486245451261
88.98699711246026,51.09554172982038
90.02268799422194,53.51746862465226
85.73776310463698,47.28967922810661
79.49763625063784,58.838114094045764
83.75614423351949,51.44690883376375
77.39751140429141,52.50291518271096
82.45693957416478,52.73389252384721
89.66662694063423,55.7529540074915
91.13674594945934,60.38951335853525
90.9543882931986,62.15217305990742
86.87972768676197,55.85412871573173
100.50248954461573,52.29892470764458
92.04355057724723,50.756760844510076
97.20300656670352,60.0053011323148
89.13045691272409,51.92357740150685
87.23264517338808,59.302891686793416
81.03956867179998,51.49309511057051
89.8608530935832,53.52290190449226
78.36338211634792,55.2799013912266
82.94772103484755,54.049471086152536
85.54757911745124,64.45764570414242
84.08015125846075,52.38165084510084
99.83007713306074,55.14566433767539
89.01151412973776,51.96610355475174
79.62068902817147,53.75790776136272
89.98475443917731,58.94009170519997
91.00723371660288,48.78821674821842
87.59603465860215,59.80547327522544
85.18913630992259,61.91762783263702
81.26034130778908,56.21682665561534
95.88355551936067,48.470017526265096
91.95995639112977,68.12824090538263
79.55477815382075,54.23195136028323
86.78284212569423,59.500007416022
86.49212671312837,50.50225071224218
86.8846290814825,54.40781595007092
83.41991223751657,62.90625622634763
84.48580978078105,59.50133413488825
77.15769086357528,63.40410630707349
86.81824479904597,52.53865313492726
89.55098723983753,51.73062036140658
86.48088294895234,64.26476035737832
80.39656576766376,53.821595638360556
86.99685078173313,65.15788027910008
88.31994912014481,46.71479208447706
94.63087437581777,53.404406377689874
94.3412429080152,58.456232728889574
82.88086181360369,56.568255615522276
91.38227052713125,65.39469626802347
83.50197190555626,55.45354253696734
87.34349134591119,62.6066267352103
92.19586078037436,47.97796783365508
89.05275373380356,43.610983055395536
76.93044309907515,64.53508557579455
88.88528841124075,61.413072958133185
86.24858244686666,52.27568005356207
93.98576683492138,65.03093223923241
94.65972632691393,47.81027984964872
84.98769269619956,57.81963811058262
85.94911630143945,51.166872437060974
87.06183881068266,53.994813318396965
87.29724380096562,55.02682490996893
93.29256253515459,58.46385141954034
94.59588642784009,61.9194901891388
84.12311163623853,61.14286087869429
91.3310544574366,64.93957737956192
92.95783095515905,67.48574969488865
97.15700444647985,59.29488694788283
94.1321067266407,58.768618240603
88.81775881684605,56.74266952818345
92.10787310163596,52.26563329705802
88.68393300903558,52.558141694371415
87.10977767709001,62.989898704780416
81.62360692778968,57.514272468405736
80.02449845550778,55.97243711380981
86.03544162987873,64.44117540433386
91.44264327635945,60.66429859799453
92.36307043041104,59.14139918524351
86.00759517080166,68.37499668010426
96.36382822456659,53.122414367931384
91.85143981358199,63.06384389757974
91.90612165575476,59.33383234965325
93.38054891653346,60.29983755404852
89.51046709357959,67.34741134148206
91.63134717905302,57.36945286130905
89.43720103759051,56.01241020855887
103.22765010053233,58.30747400501976
91.46482686272977,67.77674091845611
95.3344893937205,64.00342818125455
83.10647858695889,56.3741919387524
88.75218810882436,61.31556436811478
88.16565073578391,57.58919072035594
94.15479203017462,63.908328657016355
83.88905788087594,57.24501423142639
87.45057382386095,51.19180629221304
99.82783269799064,65.63089708875144
103.4743725889483,57.71577048690147
97.10085791596407,63.97672999337842
96.12962944220843,58.82021110039748
88.73473617729208,65.99881167874089
94.06686136839673,59.80874119513628
93.84754888199919,64.35063152808964
99.27480234375233,62.38508298480613
81.99349298324591,57.13571809460541
93.25798665119491,69.31915707642915
93.30653175915084,63.67749360813443
102.42856952805285,62.54668660562511
95.330673941582,59.60279762676319
98.65699754417781,55.26364855005705
93.21539200888155,56.34527668517297
100.3545486918766,60.75392010759059
89.62557101810141,72.56198069911687
95.11963982429188,65.57575116620353
103.02951447816129,62.66219050684727
97.49911979291234,69.43821706584217
105.84178948342716,69.58391392410223
94.73172165884581,71.92127915739911
102.23491627852685,65.73846515385434
101.48636202582644,69.81142865455672
96.7676128841481,68.82295235204421
96.77055338115736,63.9076524584768
100.56048225574862,64.5038252201381
101.64266828554383,63.924902479740496
98.56033954719997,66.2166057661086
109.18393701800909,51.93982019868018
96.61724788095748,70.60535731225394
100.35612647075472,71.22911212862957
103.03205244417022,60.1144216206489
104.5734122656056,66.12369615728525
99.59804849974635,69.16683946163863
105.2362403407493,59.6607645485582
106.70062560561801,75.86337201278707
98.20062150047234,62.686079553927236
92.94750362530179,64.3084555755923
91.87149003109592,62.969251510529546
103.46098277680343,66.01054113203647
99.23869268677853,74.19816342965383
101.77122208135091,71.23594836736218
96.40409008968398,65.2699323332616
98.32378275911842,60.97637439691836
100.05694068922432,69.65859871944878
108.63576222556108,72.8915698821537
91.85644681155588,67.93519339359871
103.70051247756261,59.242903261038705
100.02444620016806,63.90965226053699
97.8780786313731,74.04980263902847
99.55738960994788,66.81678376208485
102.94692135440059,72.13292634715123
100.12068127049385,58.29514582095332
99.79355559176399,65.44362074026957
100.55835456022903,72.03136374511156
98.4520065795584,57.09426195905917
102.79994811108962,72.05375394631804
112.77784792601017,76.091945288191
101.77594397668199,69.91963186775232
106.28628917712614,70.21478170406968
105.05512358296322,81.92680430308617
111.18227682940804,64.5517068808556
104.01533227430149,61.95907985524131
103.78301027795416,70.10578358356146
98.6103806210215,61.46122265631564
99.37251414653353,66.22578399032561
113.9301747932424,66.23008155761515
94.11356819690934,71.59276305805722
104.16430009672999,61.436852907785635
102.43299470699687,77.67560565771447
106.77012339916844,73.46382496439224
108.85799586494738,63.51526407780646
99.3842279569945,63.67308748411302
109.97641899106304,68.30948177232861
108.88388608365483,63.40109475247512
105.03186616317423,68.38954608172388
109.15233649527997,75.3216139420341
102.07331758057582,73.26125455150996
109.79827847328202,72.17959703064268
109.22820417452034,70.17989949028676
102.05012403002324,76.1142967718404
110.35874939842131,71.6264391611935
101.90972653841983,71.1231850539289
104.69078192512461,82.09494816941984
106.56051565499541,63.552376184739096
103.84533046407364,64.052183194675
112.99900395348271,65.32440945386499
104.13214712563529,69.01822169928928
93.32273074970146,70.15649710185762
104.31504375487535,74.97654555257984
104.2568617514371,75.60508162302115
110.84440458754949,76.93629736827509
103.13867822036015,73.9550986043706
105.92091642714732,84.3386966144587
108.52474390858671,74.98304153449328
113.43032417781599,71.87733590283023
104.21684936552694,72.04161235741367
103.10598378593401,70.73594561024116
103.73179702479214,70.95962686775421
111.6331915087522,76.92928827864347
109.02845667853974,75.50025560299554
117.90656323357416,81.85709792973469
104.21180522347646,79.79527429145492
105.85608381955578,72.07041631966793
114.2562966948212,65.0643806975754
111.84228858114719,75.64919162663651
121.24185208373459,77.19027970252368
106.13588389617254,85.35950465362228
105.12664168355874,76.31498501283805
118.99638668563466,73.29602089466246
104.32940461031421,77.80575077347494
111.05421085897196,84.12444751755126
117.03625989195142,77.20295848893305
112.42659976894365,70.2397894239683
110.82322133896173,79.47854574469524
111.3624891356909,84.49236478939298
109.01358265839775,81.56928938133818
107.92208143664533,75.7998359302109
111.89707764751303,73.77486186680518
112.37686630680571,75.47113555628493
109.2026693399596,71.8483619436873
99.50956677142976,81.57644758189907
112.97033724646178,69.94786571523616
120.24630677557427,82.70909348728848
116.63217737495216,84.48349725289529
111.61141484706906,69.17023631879172
111.00311194382242,87.55287943184096
101.15005636654759,87.93819906505783
107.86138209594237,82.74645802392743
124.43725394839532,81.82802671624859
112.8721643319124,85.31423512111148
112.14396612945495,81.92051714616679
125.87842696550865,77.21156049745518
113.95379617249847,74.79384177925722
123.06530187368878,75.59553125162763
115.89291969556895,70.81372019149526
117.89682195667399,71.80076156285848
120.62710122057587,77.95374532025288
124.59861529155965,77.7410387141042
119.44806609376572,82.8128654159609
116.44607559016929,84.67368304024023
125.7212759625443,82.06728615070043
119.0169516142868,83.3045121467174
114.21961134380213,78.68030426492763
110.10839753675361,81.16485705755649
114.28534438684306,76.43720874234462
130.3566099220939,79.10199900128956
129.46436924719788,74.45442026056342
113.57520094547712,78.90698834678157
124.08340120901573,89.95989471552905
114.81230452468586,82.46459740991455
124.61491376990836,90.43452257404162
110.17222384777703,70.81835716056038
118.24398069024126,87.30569980779168
122.55157736492498,70.66199911523847
119.82723998619717,83.05564566992415
121.04713403141248,86.0820591641232
127.58060697494668,84.49125579519209
123.1148625597659,84.37476097549747
122.77317400881132,79.05677837056734
122.57100019461316,78.10469660550511
122.5158177113819,78.07217591460126
117.41291592356897,93.27741641948893
122.2108604257184,83.49068365774642
126.77570290700884,81.75838463203804
124.54235729092608,88.34088055462563
127.74508593908823,97.03469891009986
118.43968442192052,89.04090028689859
126.94042453908115,92.43817620793502
121.93972219422288,86.28780455631767
59.04076663937269,11.970682483694922
61.7034009752633,16.214022482254492
56.70314902539272,10.001883141554652
57.84168517806043,9.854286334517353
60.113498732505164,9.22171656045832
62.70400108840858,7.069171433765671
59.821860638401766,8.7332581292548
56.601735626845006,12.994241978286437
63.624379608191404,21.6721725208294
57.144917500172674,12.233692224142851
61.57871784893597,14.220498656683711
57.89933736189254,14.80972890843813
62.356715251509044,13.804439968120898
53.285606676757546,14.199573987744277
52.121769946878864,11.166326552921618
60.425652359545275,8.440335064961296
53.755185014177734,7.6144977639894815
62.71838327238782,10.42110278302884
61.47964130347565,12.610456096596641
63.380361538515075,20.08878340671936
62.14259292569517,1.5932459183396368
54.42610932103912,9.123843274805022
61.486946811664865,16.41209672852393
56.131115951018174,18.374753540655416
64.14367750084556,18.10932479604685
61.79911581168053,14.600757212874829
55.241575903664824,3.1634729320774477
67.5644635965411,12.552470513465014
50.382546505787445,7.898260934841712
54.59931084209472,12.873525488842901
67.7109340268099,9.558475310595755
53.76849742245223,6.4402350322445505
59.20064766931592,8.85648156326786
61.81580520721878,14.770046839905085
56.269830476069735,3.723083039488831
62.19705984400126,-1.0617049043461027
64.7670985862543,9.83467707725176
65.869721230129,1.0503282372923834
58.9571742463877,17.019689038923016
59.899796752368054,3.581677234795963
59.16255965266562,11.081867607679692
56.69908633459283,9.556604058085924
66.08213775638711,13.342433676763042
58.55003650885358,6.974489069248271
57.6805734063219,10.540930047876506
62.60988061408302,8.809295195042113
59.89930929730971,8.189003755795488
48.20979019522752,11.495561628936326
63.60999230747558,19.592224833493567
62.93452880867219,15.096332423681881
58.77938356314841,2.8630575930763964
59.67063510074822,15.478473164426855
49.76094244023764,9.702784232812471
57.72363544641079,6.041571844376725
57.85506045636302,4.003451142163019
62.75673718096381,16.129893195180397
59.61800884211821,16.21123611369682
58.87138686066976,17.748915206721875
57.80239234247248,14.820010672381237
53.46478080333861,8.281067272904277
62.81175675551591,10.733012928063603
54.973849050873675,16.662450034204216
55.62352109201348,9.086050564382564
65.24549016016596,15.30546246983179
46.165014140989804,7.282916367452964
56.738006746377216,8.284266621037773
59.2161453327278,9.792010265925896
67.05759993154753,7.596646547764701
57.262790388098765,19.722153786293994
57.473173136993466,7.093640855585022
63.64620260366785,5.353305558571795
55.22478527445292,17.02963288326231
52.90698404625843,10.321193128408142
62.58569112673795,5.313423460896819
47.07197503731421,5.4435764999805345
59.881439193729754,15.026118362077916
65.4100651466402,13.223938973149268
60.47029182876436,21.723674049338157
61.92066294267852,15.54835666154224
53.48661090055272,5.3694958773914765
50.06665549569803,9.293274054777752
63.2731782317533,8.694460332789962
48.41923101805138,26.169159271302988
63.126031237150286,3.1244355784940243
58.57132271219708,15.079357642660412
46.56181993416325,4.133744103520591
55.772618710486704,11.897944228765244
57.4053850630496,17.412968433472788
53.985048671618905,2.756796420220697
64.8541856976668,0.876233238525467
53.48041796037607,6.72367138758624
63.878423240198934,11.990054106575341
59.51466133835693,13.74337759130566
60.1762334463845,18.073214243622257
47.443093853529696,8.713626516875813
50.13627208971783,5.527724759624721
62.26687116243352,12.456856379201673
55.51368574262444,9.380218904921737
61.366679202650474,2.011134527408208
56.72876296256038,10.317400118937362
56.84789509921814,8.93269602868077
60.91531581406822,9.729009829671039
56.98418492858517,3.7723266781434948
59.96820059324067,16.691238625086175
60.36108062154797,10.541091247111359
61.499951289000514,8.069926766313952
59.05470207527586,13.452244172737295
62.482610635840565,5.4438646119776495
57.20881333443647,15.607498252949881
57.432391994617234,17.25024951276903
53.34469887124825,16.313372583633267
56.94329986780066,19.47140944958182
56.60058035676836,15.579887078790222
53.651074256728805,13.674471558337594
57.16870581831269,16.594191584834867
54.652729890045386,12.483446909558257
61.007942178954345,13.867560074492076
59.68044724961574,10.84569982773391
50.396512201464255,3.542049393645523
58.82986898995814,16.278692778627306
55.46513071079686,14.684450811334733
68.06592273522236,8.434837394056267
63.959951392775544,14.159960825065191
57.382214100385376,12.921967769938913
60.358246785211016,8.932536818928025
62.39496714111106,13.691674571389337
56.080571413492876,6.534254912388968
55.64999135935466,11.189301387524502
50.89985523252654,16.78367057519496
57.70580849182911,10.638728247092612
69.38876583803146,6.070079373060303
51.491495272701044,21.43011757347741
63.71872120709976,4.093435329051194
62.99817723770709,5.100916169801523
62.80619202562337,8.581838285123334
67.95359145720472,1.9413570514242924
61.537423022918276,9.039745111914247
61.12919294726307,14.236441824343217
63.20980566330597,18.664986022481322
63.262048955762126,15.466190943458155
55.46944416759796,13.885737178292683
64.39570494203825,8.434299749527415
58.66957555623709,18.88324298246009
49.90508109016538,14.869577356452028
58.02350894185311,17.91520529440382
63.7430336344306,8.690184527406467
58.116184972490366,10.501290683603614
56.699289664756826,8.025424386471748
61.98589473268846,14.514834582170389
57.044433439962425,9.382449210641617
63.8038300575248,13.321106915477973
64.10446366071436,3.7950507732858174
59.71537421125041,6.347718959596463
57.31243498932696,16.61721143282553
47.725733511650816,12.640351202548446
59.38250421025441,4.951809559664975
56.41096335285877,11.663193936239594
61.030383933753015,7.493950282320702
63.063941684799644,23.193105456873734
55.81495629684338,11.316416730283075
61.222834289650905,8.962340944428476
59.140639425884025,13.758451270778057
60.03113480056554,10.881200779913172
55.69671368474707,7.798644651597298
56.72058833287528,14.283216926395198
51.47201246856681,15.178974843832911
60.35675263502394,17.870110464700396
61.226914973099056,3.138389359965154
55.77405289405425,6.83008631431408
50.96085567316562,8.108641303684449
55.37079448198789,13.551431600188828
61.68699858398908,11.43685133859161
57.84228510197733,16.535563570343072
54.37508326971715,10.141522290845291
63.17529450955707,14.569203842036224
54.34805167873835,19.913425104375133
58.72117259420462,3.1348413958615966
55.98235966492921,11.77077154700079
57.423661408202534,8.847019010713606
49.6261403994838,6.241213360466325
65.3719398196292,8.228088494709324
60.11963148834321,17.525733070527238
58.75211959054763,8.53318809954164
63.657612064342594,16.690300107023692
60.794277269680265,6.438750679946503
58.7500022045022,14.255220164078608
55.25036835953989,13.356066639601085
60.384682453379156,11.842170888212022
56.04483867757747,13.058663790467197
63.408950743851676,9.095358098296503
53.815238365532075,11.486952594968479
61.728550061996785,7.775355885499531
55.6900299419521,11.439044272131873
61.3564269706188,10.667860421142755
64.43166278813447,4.419949936683314
54.22565529341321,12.907342244650968
60.5921257368505,2.2201540159334066
54.961888715295665,12.431860268834017
60.99607995743287,12.821149175928026
61.39669912680776,11.032759143042565
65.31163374154029,21.254240209350996
57.25911042552868,11.238931974519607
59.60189233661639,19.802940773742655
62.46951932526748,12.644200171046343
55.49096844842472,13.698999924888868
55.812885228395146,3.3207974265898166
60.70379201357886,13.431963858048404
54.78208248941845,1.5408683207789764
58.32787074140559,7.82222375437775
56.82607144537098,0.40165817594057707
58.94867021709176,15.057866656228407
46.503439884194194,8.31000885580713
61.17362242063712,3.353742506170356
64.96549120051883,13.856238693562833
66.99598874369956,8.52731830167901
63.74158399258936,9.08492965169172
66.38316928239897,7.7194901217718375
56.47620819034765,13.185135520035978
56.149877459309664,13.937084799705746
52.75998298398914,14.557310167081765
59.47457225825667,17.22737897584573
55.55777645758768,12.824182326471027
56.43989179838516,17.201510185802952
61.779703339360324,9.970156144831817
60.61499157547669,4.633670377533569
55.544198480655616,-0.6000629372777802
54.596182727145504,8.463872113139963
67.02048973780246,16.368835959684784
61.30432712522674,11.418505819767292
61.1883681469765,6.426846451744218
51.84234519033418,18.28250234765259
57.839590479317245,10.955180488119021
54.19452978375509,3.738355913602234
58.601066435187015,4.757389967043223
57.63110735060042,9.39099271813452
55.42162247812223,9.183328562059126
56.95115358590619,13.834125759459123
62.32577132228877,6.923687784492181
62.88675286335363,10.78335200573895
54.12386737263665,13.913516665491272
64.9221721035389,6.623642971847044
57.19435082168364,8.45329378802325
58.43179129243066,7.713719284920696
59.479891046610916,10.09420121386067
60.764916098240995,15.582617406262404
57.29543058727767,12.363030595785924
56.52111847880649,11.13684675583802
58.66051892011683,11.243486457386284
64.55347479706434,14.711559716088043
60.7637932963347,9.5687879644438
63.26886206173543,18.569456132553544
60.002985484955424,12.694228412468064
55.85072606709166,19.158331591990134
48.93696879939873,5.751434637699794
61.22470127629142,12.5398623577251
60.17364303414071,4.155989616161797
55.0751173628403,9.552175792729154
67.4825927309764,15.16963480569811
56.32575402282397,5.219468410876163
60.59689449614705,3.5227038561574444
55.41639415348109,3.0859946474550464
54.26734140477878,11.998005454718452
63.33176389711045,13.391455164962586
50.84784178537431,4.251584552879926
62.43056619140693,14.094813521535848
51.836498747606086,7.5185236564043985
53.873983846310935,15.514280399919986
55.88090772186273,12.53345163523538
55.75732778348605,8.359928916441353
58.93016011301188,14.058136090176536
53.927093217686874,12.251029677653213
57.48845719124923,7.596025334269841
58.3949842620831,15.71176031305636
67.69579488847013,19.357932638221307
63.13243063900204,9.581190515201166
56.1763651580269,15.03989786927536
52.93384129393734,12.46602845571011
61.21279329577983,12.612106059765622
64.38079871630568,16.19808170484103
58.058893058035665,16.060803476612374
57.46227695644152,12.081065027850896
52.80613398853229,16.040860593831052
57.61465876633547,14.465827303971036
63.38817563615777,9.848533240271484
50.702996585116665,10.260092041598586
63.071879374105634,8.108058875104152
55.746094279679824,10.948639818153607
64.72176342095901,10.743273737414547
59.04011480506742,11.0094507843572
56.491090460494476,7.728520680267064
58.65073242678645,9.848669872790909
55.59689448881111,15.971974978554947
57.96256484105038,11.688106742254618
62.20296853768424,9.198058267202589
48.88747651837526,22.465265296972866
55.110584576861,11.476223583371405
52.348283450082356,6.386760499058964
60.88668317587537,11.700539400559022
53.254038017567765,15.132553449849599
56.26997724027583,6.6812033266253295
53.68926212398036,14.10796529840475
51.025693374551544,1.8280719330648623
57.68704841679274,12.547992609375727
60.48848078580256,5.8430238985100535
50.27502460839504,3.208316968831796
49.13830376445835,9.850087412951115
54.220550284458845,9.595263229585843
55.09817090325191,6.699828807117942
46.052506887642664,13.745869243873802
61.659339994988535,14.098269578323286
54.554090620665846,15.174903425057174
60.309875467355354,4.4078258266727275
53.83566555278042,8.8431827708945
59.512245520866244,15.288031632259287
56.8211908806146,14.87745375135172
50.087979231002734,15.979722307483076
58.14944891662973,6.343049608912983
56.31387205023986,13.506202042349425
51.609940027502056,11.1622166686374
58.091874100739254,6.698633542676974
64.35073042616716,21.129596352661707
56.01561687580088,10.112906676529503
60.509035554302315,3.8951855112874316
65.81297412606294,15.92202100480007
58.458079298917994,13.577577420298358
52.122084111135294,11.411230098511886
51.97527321505357,16.754276009764116
61.90237559917457,12.148561624931041
57.2163867042384,3.2691677051970442
51.39116101576811,4.223890106425462
61.47344967584948,12.841941880786566
54.53472947475896,9.729433757650156
57.38747618466795,9.537771565583883
55.36007268190799,12.108222628769045
53.97588041400487,9.681023672900853
60.46919587623333,15.39506443452656
51.605147453959674,13.646439767167655
58.86880136910238,18.443422558373367
59.85001656315653,15.98861826063299
56.453304618179644,10.993898441148685
64.60759686305619,17.35014878560305
58.992641032172784,13.325661679005794
60.56795325204805,9.555568621547978
62.58049047837733,5.0104310258378435
60.41954819277621,7.791336997406386
55.740796040904904,8.381756640204209
59.74225882134509,12.857757351285047
60.22115377136594,6.112218541334849
58.66119395583177,14.984369335920277
56.438953300280424,10.377266405130996
54.186915234601834,8.403356747093328
61.22115798309275,13.709277797961475
65.09425183135305,15.455696420325623
59.82502206462548,9.82966957949166
60.88119841758383,7.646199492933711
65.03672709284939,14.784358427583875
63.65957028936259,5.731974697258251
60.32168921281286,16.366660888452337
61.874422786579686,5.871700232605726
61.75215858615879,7.171631547055295
54.516434469631136,4.4414372646170035
67.21423678959138,7.297853287372748
58.47937913189086,9.94269560328761
50.76817976698477,12.6858139847023
59.71010833141362,6.734156870873297
58.2580215502667,13.546380825581657
58.957713360128395,9.0116415530697
54.55268905747187,13.806431279220364
55.060887143462985,11.986729995168456
53.96346237206471,3.7085520119144304
54.01611257014817,9.404662468350764
57.95080170686403,15.6009911390841
61.56801037605858,6.798324720910374
63.29870927835156,8.430702332382856
52.29497052267622,11.192490799311342
61.55629152632251,8.829194277987517
61.01141066326867,12.260655493075337
57.84240411783447,12.619509751712897
64.9333047667652,15.667401016515837
67.79086715754832,11.717747114276776
46.03161646298507,16.24866450291219
51.12700419542455,12.712624569039056
56.77773863248965,14.031348531601418
55.60445054560536,12.988274458931295
51.05288573359214,5.813849302833625
56.97571449673422,13.065207572221137
56.23239858128808,14.869459821399802
58.31795541626415,4.420436946978056
48.916244700450605,17.70624860807078
58.13036319628551,5.363405050079079
65.16821321955766,6.755514349088266
55.13856942944911,10.941940591248857
60.879780131145274,5.670054532315628
60.02122168543559,12.896754974112671
58.23314066047517,21.936268913719353
62.88444994991093,9.947643670454243
56.26506830766856,2.0021489949600806
57.27539927522926,13.522647733730823
60.975175220562406,10.992907871978607
58.58262102579003,10.665902428577086
62.94489567544274,11.594347119925065
66.0112357652294,14.896720569923868
53.18569569125049,12.663833250462153
56.585243266294235,3.9856573350210702
56.35782187055337,13.102677484372695
58.40850527836737,3.4762308960260704
64.31406868139435,9.436170595260355
56.14942676081039,16.919964634966007
60.30734414921283,7.87652668399614
53.61822155674956,9.914434022742482
64.615080657556,8.740608640304519
54.91281423075718,3.30858121276953
63.87265554555368,18.143779598685448
54.663580282649114,6.918042644599423
65.76437433270449,9.820961645178855
64.23100025247973,16.4460898690846
53.27115758631433,17.206731275499884
57.118808744195505,17.898989359807384
57.40216105435781,8.515042094955005
67.16284231465428,7.198428237860705
51.583078523815736,22.493281904580243
66.2901257100925,14.197855978648391
42.79487326491292,12.146674710315134
52.726652332698144,7.896249660327927
54.112784299540024,15.755522758156804
60.863694687278965,11.323949617806356
54.462067783209136,13.988156548554546
64.7477830210434,15.361930593127557
59.63918594909992,20.925923505165073
58.652220605130616,-0.25027353178922773
58.5274349127246,3.043663363624314
52.570040413450585,11.826751352522978
57.90356029628169,9.908697695247286
58.8502389584115,13.422502439795371
60.061356592993285,6.937626170874994
59.82766736007793,16.946312020379338
52.71344281194816,14.787402099167592
55.323612293260666,5.055475916261768
60.48947479072551,15.118197845077916
51.673535189336434,18.68822157342163
62.46808644648099,14.023669288101136
58.93071700561881,14.921392522503492
61.596620293578844,13.737698869021399
54.075383042155096,10.28773395885967
53.58729733704573,12.666763237574703
62.99643696936172,0.7763457997138161
58.39732538862883,9.401047135310906
57.45573193581642,13.219195373081254
60.44013167573345,16.016246698932065
60.414076706321715,6.363933187979127
56.58567481701077,13.145022357871142
64.73345421961953,15.761262269720872
58.34248204701237,8.593141685688522
50.9630823275681,12.99333821514708
57.33241088744775,7.838041483347251
59.70291276871766,14.260054480777976
57.221152379199786,16.020535888140287
54.811939545536546,7.1588778362160514
63.193435578699166,13.951947099596781
56.51306985995516,11.904465042860974
52.69006349706015,6.851328204619653
54.05262922603347,14.614551582913254
52.93129780949619,11.512074871007744
52.11076080438988,15.59784422378027
59.87306283820745,11.011934227291851
59.76303349467406,16.11785433462051
61.50256811407226,11.900672366858107
54.65142399730104,12.707419958686643
56.33770114594604,8.5060427140857
56.80722352329045,9.884451519021443
53.34307713370487,-1.5173635318976686
56.07422311911343,13.748848770274474
61.15526174502719,8.884784332364738
50.654404087227505,13.777315633214695
64.06238442421477,17.035747781047284
60.32834130696258,16.15022410728599
61.17388976001013,17.263772314788405
54.98751052640566,14.489167600503134
71.53197554121044,15.776998879044127
55.20525005652569,10.83069750355901
63.85847951439922,11.064669463662417
58.41588723828176,16.58682563464377
58.621233298437495,19.828861878969015
52.97537535200206,13.381925295175614
60.00525106829682,9.306186023481237
63.49851461084452,10.01240701073748
63.73578216288461,14.25319090697911
59.80009721541618,10.062721067253404
63.87960185391191,18.201898534957255
65.0877258090952,16.198224338322508
63.54593061630917,18.924678421086348
50.90673415630218,10.426241332336629
57.75667461541752,13.721173895650974
63.772711272682,10.157128718296887
48.088662764957206,14.770549592762384
63.74023404940277,15.615588283573816
53.31792882492418,14.760426803576706
65.35489921320256,11.913350611891532
62.47763819511298,8.399208309373842
54.487292747416696,10.320209544702427
58.97283828930484,20.84022720851057
54.52450938592291,13.107194001124894
54.523050906554886,2.358323123437648
53.3215246229271,12.407583832452227
62.931108929994885,8.810557506363596
55.77507473587132,7.65753670977444
57.25505244237998,9.357080618717143
58.48666954663127,8.589554406388437
53.84955601557051,8.083675745923824
60.01623945164385,10.226560792705625
57.934371912932015,7.8868941508298995
57.89251893681417,-6.986285398390063
55.71984115854318,19.046035235066554
55.68556544195786,16.031574974375694
66.64543144204947,9.92379379805203
60.75656423583837,8.9635075977488
54.910281002656646,10.646000485993554
49.117796011411784,17.120378859533744
54.404602310584046,8.829183137401571
64.39352900276097,18.065411615410326
51.488017725922504,8.443756402177154
62.77300861702213,2.079194326053626
54.632577879127055,11.739197634934037
52.465378337599574,21.305427655853173
58.58323110942215,9.548823697521199
61.89495714106907,3.7136317924858
67.05491316501067,8.612396193490952
51.37050274927018,8.833783118148176
56.58025930550206,2.800721380291476
59.76765823528921,8.300594540075624
61.566002496406014,5.718173049157233
69.83544935679208,17.667777056244976
47.060979433196984,14.902883702098805
57.74276085981063,9.219324673422873
66.97170753304056,4.297343624834458
61.409146729631836,7.857551212811101
56.337248451807945,3.694693624562265
53.714693665159956,7.277306100867727
54.89873232435533,9.453492199923781
54.79120310738186,13.609236066142092
58.00832477073364,9.014404092149066
56.1684479501825,10.10853487994792
56.75239752207392,12.591767472923813
55.81774157306117,7.621624671561609
63.41743317141232,9.138122693180225
62.074481814243825,8.698184214035916
68.90121881005757,15.074768004116027
61.706702659158694,5.444875672146064
60.67040003999222,13.134057848586272
62.50546867984587,15.473435493264919
62.2044622226119,10.303553203786944
53.141983336382836,14.57752183976519
61.36454694167608,9.591566719466545
60.11098537602781,11.548979503073701
59.70814504650879,10.037149717782018
65.10377893249638,8.795532110796662
54.8652720981036,12.986633895607604
59.691237298341626,16.716183164189566
61.965365125706775,12.81398670864332
62.41545219891345,8.51088016895807
53.17548087983692,15.127054461231047
62.99528184679252,11.17818832898545
62.51806161569883,11.983683854435524
65.6017728232232,12.95726710511507
59.194483176787124,8.713197297444626
54.720320740872474,16.180345730226232
63.9344817071484,14.651946958752045
55.82462692684925,22.370157019401475
51.60238389125273,12.345686385871293
52.85741836525638,8.79534231133156
50.16817993393276,13.568010306963032
60.22585743005375,14.07212018319482
58.53057875810892,1.1914118131723228
55.1292571364756,10.985185220132319
62.72443186582702,14.592144825988136
59.595781231234575,11.513718855510728
58.36392335511608,10.011168795991896
62.097382386057745,9.829848088451017
57.4613254740532,7.151882405478883
51.08630191955026,14.127991580033015
56.809577400833604,7.203069958363071
52.8943859957253,10.255731992055052
63.184228175971114,15.042882792693938
57.67481094055081,8.855184033851446
54.174458967729215,14.115500995112946
57.16264954901478,11.934575374065155
49.763555947818034,10.469829656419362
57.49421316543678,11.115745317271248
58.42099162468567,9.204514881469665
55.82750962320898,15.741953867950645
53.7514967557708,11.592991952583601
59.11893325505235,11.69466499032183
62.68658802761489,8.203527504237542
64.28624824811358,10.009882969440072
55.89921577433568,16.612999744356827
55.77016128036867,6.219025553429388
56.62955090746418,8.747061591626844
58.82068125856467,4.173970095923444
60.13113049093938,5.514539472449823
45.69027267167908,7.9492099223896915
58.1396097345798,13.30213972787923
53.60130214161489,5.864461874939954
55.16707575267989,13.558394138803035
62.01476486246828,8.626883306025466
55.9697222771592,9.46589983265384
59.00971602160246,9.631589830694589
65.00503374426472,9.008851507235711
57.132840633195016,6.509655873559676
60.71066568226424,15.56254757041005
63.934003590737746,6.056587060887792
61.765323915770416,11.295425958671444
56.43201841867046,17.433423310496334
56.290634080264844,6.30954796176043
60.05565194613665,8.518263570898036
57.38875352054022,15.024555745128549
61.41093345279091,5.394119094996157
64.28082686725999,11.136971505401705
64.67170312344021,16.184950694472853
54.17086078899358,11.569637337083993
63.21843056127921,14.608762459711585
57.02077401615109,16.603538891159918
62.29656069839472,12.43665002166956
65.78167064788425,10.878157819868067
55.355025226786886,12.168007226016847
61.801074879419836,14.654112171028613
61.98028368441545,7.437439140803304
60.92655820350202,11.027313953747836
59.16972533402996,9.771060947166974
45.07881741982061,12.323924517226732
58.8366450925159,24.241714411315193
64.56654936902403,9.702917363994029
56.64698020307862,8.398290816976061
55.039412427403164,13.787311537911684
54.53495996665649,13.451009151956622
57.47513134556379,8.931777720614665
60.65267840870759,21.69777987188051
54.334502151118244,11.285568251236118
64.5981417242184,19.310252619286118
60.47302443691234,16.008211057336286
58.09466994721266,10.43443492781836
59.36843803453729,14.896808899673106
54.28892946972051,-1.9276425208658523
49.4482520223934,11.355721390865263
60.68358907405633,16.330950512341644
56.88686480869229,10.705597140489065
62.4054806382475,7.382668112045936
66.63708686651493,11.638295854991325
57.70704290094963,19.386418243609096
55.717433034134444,9.161498626903214
60.896595625691496,9.45108250567008
59.282738663033605,3.5946705881281114
54.880732562780274,3.891530021837708
55.75563314575218,7.145053730916159
62.71525545058102,14.336208422674268
62.63849770507347,5.478915024401089
59.35297083737487,18.353783304706447
60.917991076969955,16.172058487679855
59.03522988649375,15.332378778339084
53.93889500745414,12.561696466646325
60.670325012295905,7.586858118654691
52.87409568795521,11.046276782572312
53.066365123191375,19.270958889832805
49.64542070461925,5.073897233373421
59.997339117685556,14.232475493313855
60.49822677507313,15.272337639968669
47.14223573430791,7.080960664708156
44.24197666730991,71.09440691509569
43.80664843237646,72.80342190137429
40.21124139131757,76.34317213323162
41.30691883821615,71.34761386641401
47.12934373170007,71.79696953949849
42.67650813179381,74.4312246209599
39.28554354188585,77.69460364148865
36.81731658387558,78.68944796645275
49.46581392403531,78.78174381789653
37.34695882147922,74.63928429783756
39.999001489029276,79.5216566007392
41.02327835688239,71.46113173464146
45.114213957779135,77.30896322799283
44.68854290521051,74.03698964806591
41.312591377309836,71.36221794093869
40.01666651661932,76.82952573626378
40.38242315865427,76.11360068617091
43.08385357804818,71.49263066953026
43.1541215934192,74.22736481480962
42.31775622325098,70.44175646815167
39.0532722766052,74.28046174649369
41.60633633492326,72.73775432692435
38.54842815252038,72.2047036609379
40.57688652876292,75.41233715716986
42.982435725578384,76.20480785531107
40.31890594284219,73.49263789865864
41.01733305723715,68.6710232545819
41.08482602236238,75.64981218553189
38.89862497115432,77.14123625294697
42.66845238364561,83.35459131915977
40.135774308068044,70.4299187668043
41.36628256204034,74.3064857479677
40.81242493571959,72.2876397560839
39.07522210293097,71.55641642651253
41.91178163749738,72.09635139343088
40.76037631974772,70.10421152377089
41.80474401576332,78.8008098493048
40.10707123616656,71.11335806776309
38.366954894214224,68.62007315263656
43.65147567034479,77.07542088952957
48.51097513576241,71.45893454590423
52.95046165779734,74.84164747142833
38.74892824141186,78.20444346306283
42.717625949121874,73.38665571993165
34.77637991397296,70.71626899806354
38.751383887762856,73.632718810764
42.60465383570073,76.09871778740104
45.689061020718924,74.78450063517485
35.01807781357964,70.7535886499343
42.24105261519411,74.9150416375245
47.09026292337499,69.61607099234446
43.65275354140895,80.99543904593226
47.72037837428878,76.10092180992727
38.71330831425347,72.23669144752701
37.745912356207484,75.6884152930455
44.96398420737818,70.09280476439649
44.776496555432004,77.3192556269457
42.34479417485774,74.39147822091631
41.779790124711425,74.36022965089902
42.838418076566626,75.16075966640207
39.03772901983179,74.45552454765152
43.06711749388742,75.37625835400378
39.415559866183486,72.80117675434973
39.60934243476857,72.24742395708074
41.208695558692504,76.97358618338679
44.34254261127823,75.01307447411666
41.75805206914741,77.85462262102882
46.244210919416645,76.69228861156887
40.32866068375282,75.6293751132814
41.671621293714736,69.9110333711283
38.38217874995405,71.90269618856685
37.8538355885849,74.24430295429106
43.20916458340857,77.06825921741374
43.83722423240735,74.47262021906357
37.81667043085846,74.90699312281951
45.502696138280456,73.973681971827
43.61162491789118,73.41602114540004
43.88897887269665,69.2736771487758
36.87827046480441,75.79770847694546
43.826018606213964,75.72307659695944
42.49174354044323,76.98285430525017
44.015899433924766,72.33923172143461
39.733067482107906,75.64943832739505
42.03262991554295,73.25155476174454
40.1680135789132,74.68526991198694
40.74901541321328,77.6699502416774
39.03990075867724,77.3974369708372
45.91327175427463,78.44522678010321
32.21926713709899,65.76312669631015
37.41175607449904,75.38864778690403
34.60166934463376,74.26158231887167
38.96985033904921,78.3393297335838
48.182476450069295,75.04426832668246
43.826891500188594,72.73786334799658
36.18315360912676,73.20719393101918
47.92448286163119,74.88247292698838
43.905668726248976,67.66493583321744
38.66012383194414,77.73947214447625
35.38859512528603,75.87769825613681
40.3624984629055,71.07754880640326
40.701134959049526,76.76561579897165
44.33067349222818,71.95338821168117
45.93385367700898,72.94733790707575
40.61623374668629,71.22129548047675
39.47782557836594,73.41174981240079
46.406253872231964,75.41745296655473
39.6059279101645,70.24020374621134
45.05379578953709,71.4691110490186
38.65174059693313,77.61690526073681
42.21691969616094,76.6315748803931
40.285219071518796,72.52224301982932
44.101514372972176,76.1370610824353
39.916840707386555,71.02033993587764
47.68451986734325,74.39130126083748
42.78402618293775,69.98294507948526
38.614353675690964,73.98625468051684
40.33908693004507,76.60479799764539
44.55666157522161,76.23658542772942
42.42912517504695,78.0368683086114
37.23229773386205,71.13165003667312
42.2821368356957,78.89176466403738
46.36183720829009,73.781213382144
39.37506704623438,72.85090760861928
42.29110090470122,77.68810545053967
43.03314156117085,76.17314013283031
46.053534847013175,66.47988206656922
43.07036699265086,74.05020100879989
39.5699228150913,72.9937345655378
40.07014841037241,76.99367840323158
36.2912936519719,79.06783450077879
41.387203230371526,80.197495250765
37.40454688255436,73.20450088315798
41.25252856723253,73.64223061257768
41.95999973948521,76.83061970104686
35.59745699011232,72.98542979124622
44.41335449007716,77.71804174324409
40.98140529681478,70.6791182863858
38.72536131891763,73.08999211470895
45.00252050422547,77.04846009799441
40.127640853895294,79.00721910539049
43.98823137541992,76.51709435109211
45.07710810078789,71.27912986162514
40.451695815065186,75.19795065116583
44.753639590328355,75.03942228103472
35.821173583405525,70.68708778681955
42.24724370672006,70.79941105175574
41.077386635411585,73.09708358568918
42.06048688569473,69.45628178806423
44.88089563354064,70.92497180708925
44.49210511175491,80.71406996797197
46.677610900277514,70.14375045439907
44.29283899914025,68.5108486311636
47.24244343134001,77.10705311730423
42.943392255509735,78.26620720487921
38.09144630405686,70.73138500019051
38.2759577383805,76.50628496373174
45.23142157813155,75.28782551556596
46.01776297743425,78.11082562299222
42.6396948032829,68.4055159078127
41.603242092678556,71.18897034406
43.251308587132286,73.6461532936954
43.04162867877826,81.2599201719308
43.42894007397038,71.81502082138303
43.27843555323229,76.54949694344539
47.08276606883287,73.27733914450371
38.36534665259444,78.92798559794682
44.127276313183856,77.52659219322838
44.783514669041935,75.48978940535386
42.04650529956006,73.82648007334673
48.34997995547127,76.7006497042528
40.01015434339009,76.177971523583
43.96628340519193,75.30354219575283
37.96393008677652,71.89018459124618
39.69224061682074,77.37217483587256
42.66468533805428,77.41454329843862
37.97590191090249,81.35928109364362
38.98080367513029,73.64810471680326
41.26226033070056,73.23982149745622
39.62256130253477,70.38051758706008
35.09063012322775,73.61533938455588
43.19832763703032,84.65679876126944
44.123047796385805,78.51653298707171
36.02426099729487,76.10073287228745
41.31225615979525,74.59958547604471
40.121027192488334,73.29478336579945
40.97415242116941,79.78424785113037
38.11168634542387,78.08866542445313
43.02061382612582,73.76768304994994
44.12442993400834,75.58681887324158
40.510340579685305,75.59670121809796
46.08253831343106,72.18080294661942
37.0040340055429,73.11759364813024
43.56933259154583,79.81782741177325
38.742688353118666,72.96885763411464
41.89965888351799,72.88781122906893
43.89902677309261,71.08811872339449
35.533110958179115,68.95098623729075
39.20654771628116,69.55160814040552
40.906966357805366,72.77717492671333
42.682074247533365,71.46645114175482
38.580535053569875,73.47749483183533
43.90399037378886,70.73339168969977
38.325531014788226,74.29016819149652
40.6179139077945,75.41231586650933
41.47912922355477,78.00732498718429
45.91939249018737,75.15500264509936
41.890904157533576,78.3030300045769
40.69283665251507,78.00903998246031
37.83212163988708,78.93057041477068
40.77039153269912,75.91320377707348
40.91328253107053,72.72229829324571
43.92950079697848,72.72100703006326
43.44599177554795,67.83889747965397
46.839987487029646,71.27509684899341
38.71881791795788,71.05275845225931
41.23718716412919,78.77826967299926
41.11733202699998,69.9979081673575
42.44632138031231,78.6653075956419
43.47695829584696,79.52152652265842
44.90791696943645,78.49230365072778
35.947275854276384,77.8171217850299
44.214168910036314,72.9129211225546
38.2824514708614,83.80420487873147
40.13174098611511,68.87549025238852
44.99585192049239,78.7743604716149
41.988574124509036,80.17248787136805
43.2175482132897,78.38989293320984
39.14369037500114,78.98080362063466
41.943530752399745,69.8088648972089
44.16605677587881,74.82554655139262
43.28301929882244,81.93854222022067
45.18941363934401,75.75272955579237
42.94780632012602,75.81044327830018
38.24782420988669,74.85687448628794
48.271018652297315,71.70083323078373
39.419207189358396,74.95255319735448
41.465208969286316,75.54595594861868
44.21362943694961,77.88926078337533
31.952546092872346,69.14466590861524
39.757497150501074,71.00007989619616
43.64843167698423,70.78975960171884
40.6933322200449,75.77895417346946
39.25335877895044,79.47835473623165
39.31236411016548,76.2306369717024
42.45792068781625,69.52435597331873
42.28066140607163,71.39335965703607
41.896770898145746,75.71948859753103
45.45648909542882,75.75225921453888
44.67357088436326,79.17800890949292
43.30154073985064,73.54043253180019
44.131685593887354,75.31349810728459
41.6706034509765,72.3031004344291
38.58796051825482,74.04858978944742
39.42106191589735,72.32935510899887
38.51487907684569,77.11767833695866
43.15453967606195,80.3178500651566
43.08528204547441,74.48973198011304
44.30670490954158,74.93289294831612
37.8696192861565,79.44460383568845
43.774787953010794,77.51925307628865
42.67626295360433,68.88639954462681
39.55752235607371,74.09686835330372
44.32470582000691,76.2039803086295
41.488935739524415,71.9771018574095
40.038144758096,74.79405751624093
38.53685120825465,72.59989269778221
41.70760540257501,68.92659533534284
47.02677880683891,74.03534659391923
42.81849693284245,75.84450213530852
46.97594648834403,73.76023056692289
45.83825603092315,76.70004284914232
40.42268871482659,71.51779679465217
43.66637832615898,71.43714253174839
42.64658986554237,75.29220191292309
43.071497571219155,75.77461273126997
42.18679754765445,72.53226733240272
40.23934493551304,71.93309793663408
41.02884432523684,72.91944652866582
42.63470138818447,69.95502635585908
39.42876020913125,76.90942686897303
42.147510729430955,78.03389260935174
41.17108309051875,67.39391581136502
46.31142623696634,81.90975663644157
43.572499513680505,74.48089033280998
42.379650885346564,74.62049912858144
42.83802697403015,75.41939072851109
47.413508199403786,70.46198217871134
39.49090745933896,74.21496913354737
35.43585365204515,72.97232508599615
41.50610262573946,79.32701743025262
41.365908762656,66.88599773912429
38.92126912965622,79.59029494566936
40.28043695364515,68.29296268902254
40.41255106294889,69.23406732514123
37.27508387090686,80.1547521673036
43.51613672750599,79.78674147851326
42.156241932375494,70.07051754689695
39.72472979102424,78.11271906558044
42.42227484388651,72.45041194136903
46.688097351584325,74.07294883331097
42.17873318453788,75.72589414214613
38.374892402993126,73.43206832068898
41.60339091089262,75.89057310311918
43.372186333512786,76.54439529689368
39.10982236650373,75.11739941545694
42.94242379775195,80.27686394585056
38.15370265237123,73.78614763183815
43.80248440858364,75.87438873774215
42.59480144353309,76.02610647236814
39.60732129860604,73.74078052040737
39.99048137134274,76.15962277469362
40.909625688561455,70.54937209689517
46.18196627646592,71.4783551790214
38.23737338065684,79.26644524542716
43.32110293432575,71.89559740048138
39.371153325049875,74.77530725231942
41.05435873188297,73.29299197288886
43.648833684080934,68.65839121687038
39.725675443028834,74.39090709016767
44.985693122686826,69.68291035748011
38.71462164705575,72.38583005349726
46.697402677727055,72.55036793452261
40.537663112324346,79.21366528625241
43.21813390576109,76.60531020270082
40.81410717035489,69.70950347050783
39.1588923855182,70.92516344328916
38.13889705420795,76.57169557646601
38.840862756272564,71.24559519569536
35.352772499012744,75.05743951091283
40.45049317233922,66.19202725425889
42.84757864688174,72.5705258189075
40.94365017076773,76.99647871810902
41.17163820512466,69.29317885861863
40.95674962594214,81.59406199011838
43.151303241239944,76.06047923314405
35.104665723512454,80.05044023932525
45.092991101015215,73.1920379494124
41.7589922349291,70.6242053060073
38.82165940827467,74.97207188024304
46.53540890650736,74.74048197650644
44.66239398749619,76.45744737589895
48.945039831340424,71.13235138123434
40.01330128680132,74.06497869370388
47.84190152811559,73.45191347790221
44.14900075770736,78.78990095760001
39.232320358189895,81.59521423954509
36.8293719560146,72.566989655972
42.50080802342086,73.88733490103523
37.093649515971805,76.30035488979168
40.28559318306246,76.63545979440678
38.67160211440924,81.52066250557729
41.89506236245453,67.03003960697434
39.601101260677844,70.14138422458862
40.8633162915589,62.938942006878904
36.92610524681389,77.33384405122642
39.572568132767834,73.39482405443842
44.20649807838335,74.12796215409993
40.760814461209186,73.32198394028985
41.52213682682666,70.87970649868372
43.33110398295894,74.82991534854555
40.88263132496726,71.1556038662223
38.32776235771966,74.66686929680658
44.29799087991575,74.51568934397639
39.454902608968716,68.47823718173373
34.70899566567579,74.11732771958584
39.73961274816487,75.65569377982109
36.4661247711529,73.62136463770698
39.78276023166274,72.67168217085391
37.55709159632205,75.73701559681517
41.794014511276046,75.6403854777048
43.0925967871824,72.6741810658845
39.055081589642484,76.30060760592997
42.58690489460597,74.32737836317959
42.25089115796982,77.61765686925533
44.922246228705994,72.01758356419033
51.623316824627516,67.06689433204497
45.08466470545108,69.01521247981913
37.68358665169298,73.54595263146656
40.46953747001803,64.75249236863613
41.298564439474696,69.70899166457632
45.03399984516457,77.83294499879139
43.2070627092978,84.37486496947014
40.62279387314889,78.93000738923111
49.961680635287685,73.2286013232281
39.75579405912057,72.40464733256962
42.27965821517359,75.4053497342982
39.498929333921055,78.38081216389793
42.77141552621146,72.65198597850751
42.20860446514729,74.94135473331706
36.22932861810992,74.22360230297667
48.072581997166346,75.21369350141825
36.476902768434655,74.06864508687268
39.11646436265729,73.59918895125477
45.66448742510128,74.15616479743203
35.31295481546146,72.7213939148188
42.707393978434744,80.79401663927948
38.33212416058104,72.31399400465457
44.71357716828424,76.69090131474347
45.70552169032442,68.71444818342165
35.06288755252671,80.43035948831655
39.49032617498621,71.71842601094426
37.11701071898084,79.58296380107004
42.459347467574624,76.14500418184163
43.594556605003355,80.90112768465413
38.191618537844114,71.49471287321805
37.592480051684156,74.78768246543656
41.00294431307205,76.58394164659983
40.77938228088309,75.41298218051325
43.01225670453608,77.8472038195865
42.97677635575235,75.97240366615692
37.82108274376856,76.95940994212275
42.80652396561235,68.64955506152305
46.90729993832405,67.60982917992638
42.52865187027644,73.97033459717724
46.539658012045486,73.92143553017634
36.72074520307991,70.1882182960946
43.694098342204306,71.93986946780214
44.7096685232086,78.95632480131671
45.96332293397186,76.88835220995198
43.64271039887075,76.16900323614351
42.508895643423564,75.39638502716292
43.00508091306612,77.08526971904669
45.89460958479259,73.58452425241417
45.12169669824421,73.5198891515795
43.42457867669333,77.64922263677059
43.003079980465884,71.50375398731477
42.51483795227136,73.71866189866554
43.51285766145487,72.67722180871193
43.77392999883775,72.38994586690048
38.02864907567849,78.4324307751804
41.29059479749826,78.49647303046815
45.30671276563472,78.88060959551666
41.99881076241994,73.46336448115798
37.41977719462541,72.63858803380306
40.8090944457768,73.07589351679847
39.490908235303905,73.23559958907084
39.818297029786386,77.57162888067343
38.381734971791424,74.52356659078971
41.76344211657408,70.61057566337603
46.234645903023704,77.65474749718221
42.704529534495876,74.84022749097542
41.54223778002144,71.30415812614282
39.93295438051905,69.07677672916145
47.9779449300282,69.40105463346325
45.59189669924562,74.76253704650274
41.276961775887024,73.13851025598407
39.35521942644267,81.94291695124235
45.44626502354841,80.07028108977627
40.974678537319285,74.17033320207557
42.589742032963315,73.27204948835828
41.218770156767434,72.0848640950058
36.18773715647397,77.81027117807041
43.61978507293126,74.62187401354879
38.592076668476395,69.41879392652947
41.548477442360216,78.10495457885926
43.66979705502752,75.78438295397014
41.38506105981438,77.3180259778563
42.57437596916959,70.37882674474317
43.176388631060156,71.06943242965963
44.48235899633341,74.94783079787263
45.3859766659456,81.80111165497966
46.00372655594419,74.52703837602598
35.6134233801776,74.3764007676127
44.47080160375441,78.05123193694735
41.92048531490696,74.2337210477148
40.414997073432936,70.31328018798054
38.635789901348545,74.53497879895085
38.602536174966296,77.93267032216869
41.51476454675393,71.95009849830359
40.755163167190936,72.77993703066022
39.110107012726964,71.27025568603392
38.82343191383493,78.85604766946109
42.313866191287055,76.8757660343678
44.44329948684488,73.21643673269065
36.34076961637062,77.21168163651511
37.98055806060435,76.54543256779274
41.418613595762906,75.79887326294917
39.921679378260386,77.77612691425789
42.025476002423886,72.95993247055783
40.548423794044965,78.70736555204338
44.156287273812566,73.80730746530831
36.38446221951453,73.54554494072099
46.465769825516546,77.02526241980597
38.85682709801836,72.85458858354265
45.97433896022372,77.3825300906987
40.34119718003972,72.75648266594884
43.083438592924644,69.0519234011054
43.289063069506,76.26647097385576
43.96904985112003,69.58668425841337
35.828384998030046,72.9845625228161
38.578023658093635,70.22124037729412
41.85287730747832,72.76925052774995
38.01585243424446,72.16877763272824
38.39732777161849,79.50666099922769
44.889969295653835,74.00960359755928
43.32331973883407,76.55359472547987
44.469491234835935,77.76614378473168
37.5685033686245,73.80182126039412
43.247895531704415,71.80188781046749
41.266686201705184,74.34570894265906
43.139675853456595,71.17243976879493
43.28937694806912,69.11409394851339
38.86141402108723,74.47485437309302
43.9904483117951,76.34082213478328
43.8135024524451,76.59536175008355
44.175972580654,78.30248561448626
39.97545309739521,79.74953187405448
44.0914811646918,73.51039747957583
45.51161223614161,71.83693718877123
43.99174117295337,76.65651851232403
44.10386017692535,73.75063370476683
40.915754851324394,70.0898623302592
40.19955052547013,74.72142668310674
41.50799678422547,71.29469722279049
47.29157234462884,76.7151086968544
47.20103256254251,70.89885026278158
46.65470102526611,77.16961351094044
40.74415151657999,71.28103571950082
41.804833948383944,80.6956271246898
44.2505223850456,71.73139736104928
41.069226585740765,73.01065995146541
41.94991284921371,71.97658409869321
39.517132252449116,74.3852873153944
46.55637413925524,74.5467791409414
43.70880541941402,71.90341932422173
39.57208508435999,75.73045388580393
40.44681224483411,73.57189323401937
35.13879369775393,78.09386572198746
45.27406920888381,73.1655939453593
42.46139303545675,74.54916007904603
45.64934178615001,73.53141581851548
39.75378514726577,71.22986313502173
42.31797001570958,69.58307064299383
45.29917967518709,77.25115999887417
39.21209196762026,78.14622732430473
48.10121913354001,73.72887772824551
47.689441439027156,73.52249353130613
44.068182336138015,73.06935692256899
49.33952096013291,76.38993625771582
42.732684009645546,71.40973796323244
46.2256459653782,78.23888834398751
48.16996928148624,75.20375931213971
42.56345123654666,69.21601257609957
46.970611901997266,75.34391107628807
43.667344675518436,76.41421930914382
44.60032978251556,72.70330176080178
41.636042346197556,71.39080032862002
40.10965072020034,72.430944804834
40.69158591032488,76.624840240554
39.69518228935719,71.88154341703385
42.49177131138144,78.30521822454482
41.03880194757562,79.17269022573724
46.619276700554096,73.47849686859351
40.33703848440696,68.6364823393705
42.61690575097163,73.99026353908478
40.093931637968296,76.5017261122121
39.655756734686015,74.14135621081518
40.30867291786292,77.00404321791889
35.20259885327279,69.59110386577501
46.065674968258314,69.21276147008115
49.44250636338407,78.38017550914188
43.926223908745996,77.25348776076585
44.732697251039276,70.9313310763988
41.593670393375625,79.62092976744337
41.16258477635477,68.37322832050496
42.810056977130756,77.44523269574637
44.17117293495902,81.1775601780829
37.137352450264196,78.85983198392006
41.569112778538866,71.11643008725717
41.81423521145045,72.80607793787553
43.97309832932244,75.84072351904503
41.89386190543012,80.21233627294755
41.13581061192556,79.69660427946889
36.48084908134802,73.34017038346167
39.702795201271805,80.56360785740998
39.328826221763784,75.17361547919131
40.14725769054753,71.40676843384333
43.07763222060763,72.91256905631073
43.526391494318275,72.59819958856475
47.45111185719802,76.27470235704851
45.3307929909587,72.30525157868564
44.55141562280541,73.01822905276008
37.8312694102536,70.78876148016685
42.842002650205806,72.19437168503815
42.93708122198136,76.41105286938375
39.39664363502334,77.01178149861236
46.43416790384844,77.02118363965286
35.71270708315785,72.1041483071961
44.74150885282562,72.91396989826133
38.45477958680188,74.355467213164
45.63411113276072,71.03387170999957
38.55910630670627,83.36732862046765
42.35486393772222,73.5426732280689
43.55551418045316,69.97974774890007
47.362007630724364,72.14528586015854
42.1287399623721,74.02871600782888
42.36531895192626,71.55154683581132
39.29452392345123,71.10639855044317
35.95565193964223,68.16940996288778
39.30253256201014,74.05809207390755
42.71778201340878,70.4661256828154
39.47431417562917,74.25244514948284
37.828349737631655,73.92595366772075
45.68348039924539,65.97295721995474
41.78716145487956,68.96616217668166
42.343694907009564,75.05972885902176
38.59984989047473,73.9467127224091
43.48742472289187,74.33145301815352
40.48781443261661,75.44599001777485
46.272800623455794,77.6034827946934
39.3839021422071,75.3543962356507
40.70775074557504,73.88639134098078
48.196784509573185,73.90745587054994
44.78440093231762,77.18407211763467
37.15665052932254,73.62825089067368
46.22941650803549,66.38521557076274
46.5144654222943,73.64869627644339
40.54209894778925,74.99874166654719
39.300210564071484,66.83932166317237
36.40685325914095,77.47420023673617
43.84119463422676,73.3443602080984
39.98825172425485,71.3495772344253
46.06583679986675,68.19613134439628
49.47866035481822,80.5523840148417
42.46866721307851,72.90405415461046
43.05715529062633,73.99783791479193
37.999648751271636,72.24053160964601
36.03650209621527,74.57369378491373
47.61130786428794,73.75534922207568
48.24770380803975,79.60046518895163
46.38273200174665,73.33453911508623
41.23167717643883,77.11476306081481
43.77822260735285,68.51012182732764
41.33535259732283,67.61273308222789
41.72414945933431,71.46414563583559
40.48447902134465,72.92262418264647
46.81872297816374,70.20395541119336
35.58730562823336,74.59523892125445
44.65369009014504,76.60031486161495
41.18598105606902,69.2196777955903
39.10855488000667,76.01704848111152
42.25446954829492,75.47653545940746
42.02510239038571,72.78637507020126
44.997198793025845,79.40614404765117
36.71173056408156,73.00501679458279
42.673085300596995,75.82563923056945
38.66043309899711,78.27797659388929
41.76668896034113,76.68770907998241
42.39175996062583,83.7441983034294
39.93341475876388,75.12260887104382
42.37045529556709,73.60459500074249
46.49464431646741,78.49545667464564
40.364847107294636,75.7551467799099
43.149627879652726,73.80926990181493
42.97076231583114,72.28641375838558
43.11325210449583,72.64934376957213
40.24799794657698,73.23960676729126
42.895541797043585,74.72338922124507
44.976463786842736,75.79619060997297
41.90903961575838,75.6235493795998
38.92426530228543,75.66430917359844
41.256547419561265,75.62113639745877
43.56546262540411,73.78091849789098
41.901337717646726,74.3245967444198
43.091587659939634,76.53764982766785
38.69322113652937,76.26833313830711
71.55007002365244,79.7934515981873
71.1227184599809,68.85008036710515
79.40269492555126,71.67960236389322
71.28770949294999,76.50777575247331
73.69816911212249,80.02097019916035
73.06035743976443,64.80572862498327
72.64285726217527,74.05152267044637
66.61456472258213,77.68623562410284
81.0893730786022,79.36510746339032
79.27511205098409,71.24527414803818
81.31300827259162,68.33248389633398
79.74348665032649,72.13535374999827
66.05040066270173,74.3002731356963
74.39184053848778,77.53337631417558
76.29732154499004,79.59137537174125
80.34808966145552,72.57873764639078
76.3143853894537,78.44814121190251
71.84079565412854,78.99032146855
74.71678219305092,70.63441631339448
80.17811995158876,68.56392221993961
76.4705361983302,78.36904746335577
81.33968989473951,69.31453756760568
67.94563952164047,72.10592083645436
75.39967093892359,68.04055455646747
79.84779166427587,79.3929868514491
74.26908996057652,75.48635440610101
69.74080365056052,71.23094923286817
75.92615916433888,74.23476711833614
71.90836672446898,70.77065613526266
74.71556187931576,74.63948578875178
78.78777590506185,70.15525515848043
79.02069655258093,68.07103611248976
71.74926156610842,66.2148003090291
78.6291044148994,72.73210046410897
81.12801450727832,75.06310870993752
75.64877852869155,73.91978086041478
69.30038714771635,75.90033940557919
76.03437784376594,69.7395479627505
75.41944410442606,78.54044537237787
79.59835180520693,72.05014880034722
70.41236584552594,64.96315259973711
71.3210165147079,75.57922453785393
69.08799021552397,77.66872894417557
73.47304270625568,74.88079587742367
75.81148013911952,76.03254316400935
81.28804202984404,72.89067530567212
71.63979314309904,72.98356334537782
77.33342022212592,72.34967166364129
74.82111681542038,72.0934095974674
72.72713769668854,77.12231008540004
71.85355492714278,77.01456570066604
76.21160160410402,74.75092830465742
70.17076811736848,73.5283337331659
68.74419730198962,72.51698094535628
80.58560400703965,72.62455218017844
74.53294570493962,74.53939906512954
77.98654891510421,76.24367980664967
73.74574703781161,73.32051916208282
79.61261271128262,73.22999119858414
71.67587052372335,71.07710191642244
75.32375607526674,72.33988177598303
71.68302441710567,77.99974542364443
76.76888097463122,75.76270718831353
74.2832179190921,76.05496618929126
71.44313987146793,75.97390886016672
79.41366049346576,69.14938351017288
71.63054672761592,69.03752974912275
73.1385233991012,63.31264658500015
74.0563106752977,72.2055145692941
77.55489141479768,72.34386963332783
82.54135709087105,73.85587829600821
73.39731428723813,76.89590731819969
76.25582674398272,72.22274201574966
69.37597405682062,72.17972000021035
78.94312544361281,70.50197988175779
74.1641525687632,72.22330011991917
66.44385473852321,73.51081580890983
72.64756555033541,67.08699087004592
70.60994453849358,79.69774636471008
69.30886186114533,65.99842396604099
87.97151160734381,78.9916883913409
77.33543236291067,73.74119740468075
76.92571417392026,73.73942608628666
81.46630704501575,75.84864172809446
81.47501290992751,71.44893893090199
78.37161682822578,69.67373597076906
71.96781469674059,80.318722068794
75.81055075065599,67.7047362864139
80.0545368249744,69.86093954005116
75.92736510150345,68.91700451336484
70.9171328917645,68.80291035711943
67.16390986059244,72.11184963869759
76.48777271085036,75.24308635941402
66.4107014583238,71.02555628706051
72.64359616743236,73.96399599386436
70.2147692456519,80.30850707443331
75.28760118661597,73.66552552261138
79.34911307532947,67.60211724728043
68.24990790456229,71.25604875812152
76.44886199547305,73.43132187643508
73.35648166884415,71.62794570103084
72.85824299847262,78.48477405348046
71.01080777051253,69.67599731919861
67.57545110201194,65.82754656501552
69.50435673673387,77.24560431909265
71.50540119915962,75.54365211773975
74.07386346186344,74.2671385757141
72.22011752999825,79.76729178227565
74.9704235612501,75.73855521677713
70.56180476298672,82.07512452229489
69.90988883994386,75.68170568500297
70.50225159415828,67.6362865177523
68.88817097666478,70.63254880525386
77.31853390215197,65.63984349043092
76.36608706769941,69.37266848419951
76.37400250426684,75.05427373557934
73.06016419077191,75.07712611869229
73.44306799929812,68.17399718002885
73.87087489483595,76.5322732023326
75.5939090840994,68.39333820223735
77.15664741108324,67.01120455811177
71.02240776641628,80.64590325596428
71.15810042461608,75.20745273813671
80.79100809554897,77.43995436003888
70.57320518005558,70.37997408565325
78.70165028595216,72.26542419489401
79.07196117734628,70.35419049719687
81.060395396101,80.38728528621111
71.43738186675374,76.1003797044749
65.9865746282403,68.87448356378196
64.16330488237793,75.03138267058414
78.23705547660079,73.20408501493354
75.75802506083458,73.18234440219825
73.62000545039118,78.32702808247164
73.53095485076172,76.50036251234127
77.05029058088756,75.53169345817695
78.17493235907496,69.00303690374592
77.35116144601214,71.45557132840709
71.37781461562045,73.79130239689053
78.04678635759977,70.10121370712866
70.67796923230917,77.35686418774132
79.12834847319019,77.2244618564426
67.97301461336306,72.70249042182412
76.3557325249623,72.09713920594474
71.16891955403173,73.25930331582855
73.32176725867966,72.73972767656173
80.65520726612624,71.97832323217224
74.651822366538,79.49779899482404
73.4823152755705,73.36473802362674
78.03675857390836,70.84241939245182
68.4920709129065,75.68912194266956
64.62899469481144,67.51906962933326
74.91993467437973,72.5380733328159
73.19586310806203,70.36427928153581
71.80351622493697,76.52082354581724
74.7514204327117,74.04274843110458
80.44920424675956,75.9626237472541
72.83489404671857,73.38410547818724
79.51713647693407,71.77833729778708
73.32745836992069,78.50464780474475
70.44692970338171,72.5285178344983
78.23406100155333,77.55518856867327
70.48352448381075,75.8716708124908
77.47499992504902,78.47892002719531
69.98401776346722,79.13533096201216
73.21516524936713,73.11352678817586
80.82156540446545,71.07759463533071
69.22075283049801,73.54291105631161
75.47523682424308,73.26649424727859
67.74587892261277,66.0940560960058
80.65048833450494,76.83165721454161
71.2972459936295,73.70968494471622
78.01366838186783,72.51329245578906
71.55257994127436,83.05523659788892
82.49670156663521,74.75724781730548
76.83789720308734,72.09313540428515
81.89497487492693,75.72204223551091
75.15730984662756,65.42314905719556
77.97742316344133,72.48804690528753
72.50945964661729,76.32964286723686
75.05845480492123,68.57512768847292
70.64569256258646,72.23758201269001
76.37663920461283,76.45205830430622
79.00563150160505,73.80821350647095
76.72300790779052,67.30321079489852
73.21735973868398,74.33113158708835
71.18515923943767,72.931845660748
78.50962962036212,71.29785832186955
78.69774573023044,70.06507974199766
79.10576219762363,74.96262251814737
73.5827436407456,80.39184270239394
64.39443779360722,77.58726500560228
74.37961149825941,74.35659952022343
69.42274564102938,83.62326211745997
76.21217880087103,75.36258677638459
75.48999388163666,72.88105676308402
75.47574768244625,75.98164882725669
69.52864271595341,67.51273262407447
73.7773103457676,70.28855762815331
71.62917791234075,70.53388079316575
69.66718249522589,74.00078191729337
70.310466054359,77.75030366010942
65.81788451477408,71.13868043406755
71.2332184410332,74.57327094094762
66.30126726979705,67.22649424567818
74.23436994243976,75.92714541187941
76.89148906296323,68.01179474092946
73.15980433631272,72.91506925347603
76.58336283105153,71.49140411034465
75.28022964692215,71.97157267922364
77.4687631404085,64.96427008156112
69.89310029798085,75.14320707103005
73.64442964369287,68.33854801793596
72.27032270160272,75.19975564253012
70.14516515116033,73.32972521882718
77.28805829209293,74.82201656164953
74.65963736012364,79.64656458065805
71.77883535341512,77.40979400594283
72.45464899059621,81.58547128063108
72.53529320603273,75.28034383399824
72.38148155045393,69.89550256275413
75.46483949889173,75.8310641544335
77.34612095649044,81.57981690695871
80.91501406528772,77.90296809380996
71.86997374918921,73.88600685784823
75.39873120881167,71.4811961845615
74.9597710566771,69.97720974593345
80.47556325794,77.35662776481048
71.78376398055944,75.05235774477022
79.0366263317317,75.57779874028044
76.09705502381127,72.47585774313995
75.67678042382423,81.5427548443374
74.10910128680374,66.7553012711023
69.88503113182088,74.8391035175887
76.44108577616163,76.15440177692332
72.77417852477888,77.22698372276464
72.56697801512847,70.99690295077164
67.7119216668079,66.70065049118313
73.78138083739657,71.33739327397106
68.4215783195433,68.13273895624278
77.4682299010795,76.53009326407796
72.02521686828399,70.93471766868036
75.18750783868866,72.26628977312552
76.72887206159137,78.43035614961256
76.9650875445782,65.69137894539149
76.40085668741625,76.09956060751519
77.47430696335473,66.51271761313392
70.6576962220739,75.22358931258667
69.58141800507863,81.78024906154218
71.97081931095197,71.48760572287422
79.22066913080593,70.09354426127402
69.99634839481247,67.63264364071844
79.85642192311195,68.24253429887949
72.61105069182393,70.69325374062551
65.549801917944,78.27251774163561
76.04037615634527,71.89481541444722
76.65046831941511,70.77412368394522
85.49329623391787,73.03542992471395
73.79842994589929,69.7982942992586
80.72895675182221,69.34125279794867
70.30128851385291,73.18359330397791
71.10453144030114,76.1488645648269
75.32334234774954,71.63270577480733
74.0061713774849,75.66330518744088
86.00179376157013,68.37901392977388
75.24849963893551,76.06142846286623
74.9701909369457,80.39806688951316
82.12474384847623,76.59080291924482
82.11034078996748,74.3778060809704
76.56871299017081,65.39726483095102
79.39709503172304,75.01571403205915
74.49844289905066,66.6229635558512
70.62647392728242,71.53356993826156
70.58172392345615,68.90500625702619
82.10378991151806,76.89078355369725
74.26441344136258,73.62898893537991
76.35432422062969,70.44429102505083
79.71231758547682,67.40889764151483
81.17533619868865,66.82237660474503
68.20202033244094,69.34220481609036
80.44215809590096,68.501098330926
68.79614370779797,74.09062156771616
65.70868165799438,74.45321791162037
66.19131893049004,77.7225613226075
72.54793317464754,73.50673603320926
81.55569750202389,68.351684256373
75.11302636751891,76.61040388683729
70.19177406572346,73.68311238917578
76.94873022513097,71.70586280385723
71.25916038090838,72.66768232266219
73.25401528276015,78.42432311347001
76.17920187901728,70.21656891198013
72.93953518352536,72.35320274492335
75.32040878758063,71.36319734343705
72.59269770410855,73.0736472497094
73.58896353677001,75.14651934054501
72.5744789761385,78.34141004206737
79.58438427578088,76.40330452273088
80.57965331973443,71.2295018408932
70.51512561398229,77.86859233414143
74.93965449098962,76.18278142323447
73.74092920016551,79.79955846476086
73.6726410525353,74.54010106541031
71.94463509244564,73.63769339188367
71.84740136567387,74.52853195159669
77.68248856103651,68.84677687213723
71.5030759436837,72.69364237393096
71.58368430888432,76.72705063264956
68.60061025488105,69.52010231817442
71.6260074748066,75.91188548202048
77.78884967449612,77.42305690825971
81.38331133275932,78.05099615807308
71.43255373744844,70.05970704292122
68.98283487632126,70.35322477804682
71.652468733853,79.12483306785359
78.36365338959463,82.7079978766021
69.4728427312117,73.18892961742812
73.84755902331996,77.34897942845593
78.084641494875,75.07879335828139
70.14445378677055,74.93709299324388
73.55678973009037,74.15280758677473
75.57189224098889,74.14447166452108
69.99919058602839,77.02993026454881
74.88711160202662,69.08529037439294
68.84928180072625,64.28401174653378
74.80664987288091,72.74002864515374
70.79807965707774,71.99821364531368
74.6721287993655,66.12611644237255
75.48394344421801,72.92991138096046
80.43683682717922,75.34916060513122
67.67278462387338,68.93754967554192
70.93334904075654,73.0417766039408
74.0470624815516,74.57120606354299
70.06915762428208,70.67269505198769
73.67281347841804,67.49129003571848
77.3127314400467,75.04283245375818
70.54090802222562,79.9332002488073
73.46278017599042,70.71058157370793
76.82313807546252,75.41596783748903
76.66426071127033,75.83594957013811
81.15071839060465,79.18629193664765
78.57522814248951,74.82326208480947
77.68214405795115,72.63502308335451
75.02826372288757,72.31266059235917
77.20333496322425,70.75092365812037
74.43566941288054,74.72540947425077
74.62582031456587,78.3124613579347
72.80830943385574,76.74515071706288
66.22544279150372,68.67722550509455
76.37984999590505,77.76857393309787
86.13282809197985,69.35635956705207
74.04559508139188,78.85304363785353
74.40341589777171,79.52807900736464
69.17129186808774,72.22324836737157
73.70159036813529,72.29154867819325
62.81168414081917,69.47873713419821
69.48196527230472,68.34113843767805
71.42409909076048,70.6267883683689
76.39956022920612,68.08043793745684
79.97171097098649,66.71576325675238
76.22350403820302,78.99465201098225
77.01549598709336,80.27514412844057
77.92255646675385,79.28603618510104
74.61811997779303,79.84127861780287
77.84221332872747,72.56075189596802
77.3450267205038,72.19433670560012
69.54722860444484,67.8640391076254
77.46811262693282,69.43843228769953
79.6507028314348,70.63405368358796
77.22335073708308,75.66971813494023
75.9988545158198,68.21041819872156
71.71323711202575,84.0437656426971
76.85992330387205,75.40700269515976
72.34396532538229,77.24190096197884
75.3504790315289,73.24470539291588
73.22399205363352,77.58984408986065
77.31494951549898,67.66520923297013
77.59647931021802,70.3302885880497
74.07011735748023,76.41340204794335
68.49673562860168,75.04248730279836
86.65415289574419,75.87244662352427
70.76575801573802,74.28682214449965
69.52043113447387,72.05112325053612
73.41427898792908,71.96423813323463
76.32672380959109,75.03533494510755
80.49686080692359,78.79475599564987
72.28143948458059,69.86463366775646
83.90143155205456,74.76695562554143
75.20396646542382,74.1913668942256
72.99707861955459,73.76005111716134
72.20056620424022,70.98288832291523
70.0329531351361,71.45927923854025
71.05103349828842,73.15798229071905
68.75680310360639,72.5345472883551
78.38756396252414,72.22494200661427
77.8002123504647,75.98607558927065
79.08741347040878,72.61948861912312
75.23223960244724,74.60624112773284
74.7314501275469,72.96356315816686
81.46573122318652,67.9165024784118
81.30183461505665,73.05743030276469
74.44988449614861,71.11200789059592
80.04764545804544,73.27458004447921
79.30531160145966,71.17646059969542
69.39912233624483,79.00353143512363
72.07730401259377,70.15957092640816
70.8114271558992,78.99361817429826
79.18525057888527,73.8329317003689
73.36050987810358,76.16625651263314
71.16874011744123,84.26879475832573
77.04364170460175,69.31622835868777
69.3273857861791,76.08461483765686
78.12374785445627,69.71558074594411
76.88838167684997,70.736258591631
77.68854353491734,69.27088136098418
70.74227309601812,73.8480522598559
64.96533603570803,73.31891767809392
76.15702987801677,66.0224105918733
73.19791726429699,80.87951949619597
77.57104015626473,71.78547209337334
70.57776486618276,69.28569528503155
74.13544371979565,72.35339512295155
75.27085789021677,78.4627162487071
70.19689122793366,81.26837717229635
73.3705485830105,74.71848055956714
73.6751038881796,76.6917776575495
79.71156137653708,71.38304213423955
79.33977127106542,70.61904100637413
67.06431987390353,68.47732766477866
72.67350083633093,70.39311236745908
70.95498374139441,71.47194560042072
80.77265362656856,77.46553639969113
81.58034354760102,66.98429390415279
76.15467708373899,68.09284929156303
80.91486739393218,76.3325910522775
72.56862419534656,69.99216173920287
75.07953590065534,72.9972993553911
81.05006608985602,77.29360069960103
72.09627824001905,75.59860670890227
72.82263929287073,64.20336829594308
75.58844117178698,73.66074980086003
80.2720645872393,68.68119761592652
78.0857682636749,75.12735709834789
77.7267242742997,69.09635596759094
70.06381987745048,65.52551954321218
78.35769248514937,72.74646507933511
75.25093760075444,73.2136075006252
73.37158259799187,64.68432489559034
74.66851968063969,72.65759146110807
79.65613505807929,82.16615773578013
75.88748681159889,76.312590789713
75.3855990701188,69.25811986992858
78.6804160694804,68.85786907776235
78.21500365803523,73.19480373012595
73.8268520644629,69.54529217886306
70.73919004585335,76.07226446665075
74.98823562221656,70.22284127399882
73.57672079506513,72.26889083134533
74.60439268859561,72.57223310933371
83.36929813251272,74.68654968299566
73.83998781463372,74.07263703854039
72.52414071909202,72.16179898208986
76.83225470241663,71.73557302786794
73.61884810337257,75.00001969700965
73.87932643600219,75.3423665201002
76.50511042153138,75.23287947773007
75.13523659016846,74.72590246316518
76.32654283737655,76.89886187685903
70.27571374499468,68.18500061397951
81.12465501127845,75.28691639779265
71.41664460011597,79.48032334599206
72.12954096717522,76.48468529609666
74.12049605664305,71.49999395795881
76.50451694914429,83.86094267464838
73.85948579670911,74.71408760780041
81.33263718062176,69.26222884786733
76.81180885360146,72.17859354487948
76.24882153520197,70.22337864411901
80.59005744938808,75.83919826775508
76.26816661245918,65.42275768281574
80.35491038658489,83.49820234509721
72.36116104201793,69.94525557625253
78.315003909494,74.75311297932042
76.803029772523,75.5577238516339
85.03883313761366,76.175190123638
72.08526304889976,77.11157011162898
75.12301614707687,76.10715208303462
78.92636236959828,69.56804367307421
76.07343164175738,67.49118309387383
79.88479373254799,72.04249883262213
67.13684732742354,73.52111594585026
81.03076963281093,71.02770425883311
77.58335666397103,76.6407746842765
75.9481610619785,70.86991279918475
76.51886282760036,70.68174124273102
72.69045792204666,83.68682984737958
75.08187389675254,69.10767579687825
75.7694282151882,67.32043338430033
72.54952754598368,71.82309339969655
73.8093567402685,73.4086086179965
75.87161365192006,83.40950313310083
86.51463132632999,71.23481246088056
78.71334954141474,69.66922096563164
86.28880310022696,73.52301922088303
72.55071345752853,77.56528838374793
77.44461335759041,81.33116805723074
74.13474041166216,73.93761588433266
73.51739999834547,70.38767617993223
77.37569590938338,75.82028009384406
72.32328371975154,77.12169233849528
75.68669235453233,70.75872500422243
70.86495984319144,80.42090814852577
77.75414333566911,76.18168346062212
73.66857741966479,73.59008554979643
74.68464475187682,70.52229299491937
73.80236969088905,73.2813128719489
69.52128669945051,67.9995297546483
76.71069091449668,74.08108947435356
72.49775199292975,77.4385666966434
69.06340076671876,70.6119978086053
71.1608984882175,79.09238934665731
73.34037369215642,80.99929460845253
74.31579100879134,74.2238062456162
72.13983126927167,76.16392681538044
72.53542587312053,70.18911164407542
77.89906449429046,67.1798226874195
80.81930389656253,70.64049073547206
83.4105581933498,73.70727621227492
77.24795396627954,77.84123937071246
70.35150169832367,71.13060344218425
68.88965482885779,70.39430598920168
76.53945082671798,75.14977731718791
71.48206978654297,77.55916682724151
75.49192638144162,75.2071411477298
80.1340720030619,73.63974761008919
79.20283264335278,74.54551106075068
73.36293313702654,73.39131153182596
74.4937685995702,71.20081511017698
75.49374636918458,70.42544973420189
76.78231248129696,75.16100080111953
83.2917157427979,77.67891656244825
72.89066574805885,78.51971189764204
73.85018518581666,73.84311363493732
70.35346436814552,72.28228693476537
73.4442526327151,72.22141739345761
71.28545426784848,76.05423367334318
69.76729052352711,73.68786849665969
73.58635005048627,67.81677859038803
71.25910072488459,73.61425007646967
70.92202330177525,75.49665518199592
70.84929040537403,62.869312417451056
76.20723599311552,76.53691460303077
77.62899218098457,76.56135654050931
78.91999945548602,70.08776937240049
75.43474842566349,75.26299562993788
70.9339104806201,79.87914878350063
80.38695322049688,78.88016550087154
75.19891905127905,75.48376215051056
76.46052592152913,73.17049445319154
74.98455872094983,79.62500364252539
74.1715957564659,81.55537681862351
75.18330379988564,73.33108564114572
76.89201823169029,64.17869681977368
73.52564231212284,79.43912327043988
71.9327286012768,69.36448692832913
66.29106162948767,75.07555137104214
72.49873970834797,68.11771166971056
70.98664870169142,71.91193512373383
76.56631451003382,75.56312464509553
74.22998098591037,68.0271401938192
78.8328482820936,76.88250798212825
75.05215593145164,75.74189338730879
68.5105970420639,65.80755988555806
77.07593409743909,74.04278452910258
74.6073314791709,72.7112785204024
78.3594703354399,73.41473105475094
77.02371469473009,70.85454051515168
68.50008780049365,71.62396750735135
71.89921356625541,65.45174837160528
81.2064591599802,68.43736256758153
72.28233641799552,70.00189439737476
65.81765617306246,72.6194211101908
80.08271479004948,71.12801774654325
65.94477891663703,72.08842228957472
76.31780671567032,70.39993850359102
78.12884083461769,71.67453353975077
79.21470995944131,77.88273269612861
71.3044518345298,71.85304123196593
77.61845462543141,78.7806331710526
81.65412993986796,74.26306775678292
75.75217016677858,77.9597570249244
79.91439565798562,76.87244060690425
77.07879104898703,76.13516816022165
74.47721721780778,71.31430033461025
71.20045433112045,69.71974133082401
72.55585383862119,78.82468032939003
74.71038233966983,79.00894769005694
75.93609716962075,73.26390597887053
69.14537793676242,68.14042090889971
76.55410191771462,69.58933858386516
75.77486566414265,77.24358621765518
83.90788276652125,71.92435576450325
71.60515076172798,66.61920552684819
73.40636235522145,74.4997644148889
76.98550037460384,72.16065333560537
75.01649253829792,76.12912736379316
74.99366179980142,74.55011568832789
79.35427437698306,74.48545618995692
69.68210240799101,79.61520125063136
81.88310077546508,76.70252636226849
77.03172401212197,77.63133352991267
71.11190094404292,71.30331385176655
71.70023335204364,76.35403127418041
79.09629953649333,73.48993461844466
68.57495795669796,74.2656238389769
74.28891172396551,79.65345769086603
70.71242853898228,75.40372585563158
74.31307979898277,77.8780153162361
81.73916377001993,73.31939626725773
66.05041474326508,69.08929338225106
73.57643261824225,75.23981714830607
76.02629625759174,76.07365531484228
70.36943241198453,73.24153681896509
78.52454912179824,76.9711535671376
79.45771981109263,75.08318690587966
72.59140867511017,67.7737149020744
77.69301707511207,63.79054687407484
74.00324726197282,73.3161412488606
81.8559809040915,70.56010608388986
75.4807858693156,75.67441030944201
74.57921962800529,75.60927777695072
75.06135097444054,77.25357048031535
75.80818921150828,84.41933544421778
73.53204452380163,71.56954408273975
79.62695970445303,70.6469326827443
72.17433938132315,74.43753062701774
70.48550263556868,73.34388215265291
70.52607328134837,71.84405089969292
76.07912819946442,72.07045771608756
80.61004890767295,79.9650059090931
72.24840812073145,76.87246042896167
70.39626315768506,74.56455500882326
70.05156023856458,75.57368206801021
75.65878088902177,66.24216751354619
82.41361602971196,74.25909213378033
75.9701724150864,81.12690858260288
69.94595064970855,67.97217280392903
72.51273764041656,69.4303556732787
80.52073331803366,75.18724997238573
75.1965913644952,67.71910105617543
78.0092771140933,74.62660463654798
70.27571245427596,79.64457369199408
74.84190201974772,75.16138124773086
73.35264248109347,74.43985039464387
75.05959052726863,73.2240507937775
78.74981421818872,75.1352448761077
67.01012547543243,68.3986112646489
70.73873701905285,75.87177125370665
84.14975593138273,74.66283408532121
74.18988319683012,66.12767808032137
79.08411429127487,73.48850984315229
76.37310617414009,71.52470652516591
80.76034341887107,68.16845029657478
72.86215640333783,75.06427814905919
78.14003948266772,81.95402101614404
73.52369879976128,71.93640266495758
12.090858577883987,3.4927904674809698
7.566609929237245,0.9576803358442749
6.959678386081042,7.264714339082163
5.818314167525827,0.6226776527246356
11.145270509974836,11.04079168205369
12.704565995903971,-0.07007659735373384
11.757226168821184,-1.0305802866544997
6.618109830876541,4.923569526302248
9.439100351020528,5.062093182439015
7.371801788287608,0.6670501938536768
9.77420506281385,2.911821404687053
10.63155441282546,8.988260105674069
7.425117386701421,5.873931155728221
10.55393555858468,5.918781429194516
10.341367336467531,3.326465510288955
8.156828902765161,2.997381375629213
4.662870043425343,4.55326126281006
4.199010312175506,0.4029848369627391
5.830535757049559,9.669987944076563
14.079130339890128,5.377133519780273
6.98299888023236,5.2196848774296285
9.204110300341789,10.318178563776154
13.971200774951594,7.092124412076757
10.132239111325534,9.564451888405571
10.769566888796177,5.221709536022661
7.381100664559533,6.712960389294002
2.6017693753067137,-2.2719631939797384
5.524795125474483,5.338664084194518
13.836526084340214,8.628097203913185
5.5234566626461294,4.565469379319403
10.03663528401467,7.282843557454217
5.4850952223931575,6.058442770467033
9.027406142736957,6.411638107963583
3.0194008317983014,10.652829432972943
9.488572945995745,3.0343474104700636
9.805487812088934,8.490463191484979
7.373147500071472,6.8809060180720785
7.382407103600962,8.805126602314632
9.6201850197898,3.045748211378193
12.22664223005187,3.5734518058363878
14.780691616594591,4.1129018478617825
7.716122633780776,7.786930553420337
7.456631535093361,8.40539314463771
9.081982419967007,6.513407814515448
12.049301073451321,2.6695136746530617
7.715625857932255,8.801606792699465
10.373628397448428,9.971756805968884
10.30544878884402,2.572897679020597
10.27684608221766,4.133599690532163
6.284970556393295,6.336521178079581
6.982980687303154,5.735620674521862
9.398386768250349,7.674636737149714
9.189349111997922,7.673280931753891
8.519862244995352,8.357685869152078
9.53889843556051,4.705977126137413
7.342715931624997,5.941754643415705
6.677235950870871,7.256742769571774
6.795156107625998,4.815976776017561
9.341864991187336,6.293116477436717
3.5410607082817096,0.35171750767067156
9.490346225383593,3.300290698685724
10.33574408688676,4.998766184563353
10.136352218958939,3.9955990627674085
9.728809059218634,6.466937570453943
3.3987169619323385,7.942804675336864
8.663062301323473,-2.221871121640679
11.106111432482342,7.728929363486869
6.735235732472305,1.3957134152360569
12.096551785135903,2.3451241396630986
8.445449024660572,2.471845019291649
10.028333716082463,5.2517564271007755
12.068206671280452,9.082069812372168
7.729884375063926,2.645223244331435
11.687321372677523,9.663977963033062
12.424227158714652,2.928206546247604
11.08772561052754,5.896524949024635
10.493752878391623,7.427910844471365
8.622087754325893,4.972423730595873
11.540397901759903,0.5280963201762132
8.194256463495565,1.8004236635192323
6.303829365365996,5.769133248228321
10.729480106450398,4.705161975155276
5.85809348154739,0.16861744224624164
9.6584386391645,4.5776419159161215
5.529012513411661,4.178473058821433
7.922291113105693,3.010157725344336
12.940220910148348,2.8921522697307003
13.704987440985064,0.06891378250282987
8.889389542805777,7.384392245221413
6.492218715524912,2.4508791307920488
6.939100760808724,7.099292399628286
7.564540678090883,2.174128138695837
10.741322942275845,4.2316565088839235
7.742138711741664,3.1701960344051425
1.3973421456106125,0.4155235875056311
10.069883935939417,4.07222326830567
7.618586983134374,4.485332452641015
11.191322016602182,8.754959294888941
7.707083571310379,2.3568348954595226
5.054791181648084,2.3085886399391815
11.050430960430994,7.478714752582805
14.334765853402075,7.8939386323335246
8.777337944895107,7.842614272663915
4.4474323315885025,1.702040908657021
9.296071140418487,6.983806598322409
12.242275821527592,9.751308051343916
13.758033042942742,8.100817600740017
7.239292349743488,1.3783359613092903
9.905519046973232,3.9025757272129358
12.212626848602532,9.66313576882969
10.158941097044893,4.355915675484658
9.08431656227843,3.531593242655181
7.14201318028954,4.239489698659566
5.7596370443439655,4.077736551012315
7.641557224722418,4.520263310373291
15.154354127158634,5.3801757645983095
5.871016042817528,7.532958141362454
13.08791043742956,7.056446811069222
6.970816109597225,7.491214399503798
4.6746503078297525,3.584311949057223
8.280045846037009,2.542373963360853
13.104580699184446,3.88098415203297
10.123981669038143,5.446948246599087
9.925351447138135,7.237291020065838
8.586913840157276,1.6273736480460692
6.8441841132416155,8.943667909069898
15.787011763997231,4.516117681693778
13.614703685170213,8.003232676554802
11.96345447086256,6.287914208169463
16.795835295525343,4.08018371589172
10.359054214516178,3.0683526614226806
12.115309631020486,3.1214483566983446
5.232556284160085,0.33526389259173506
12.033979659642114,10.336829584179778
8.68865351143167,7.46513684321198
10.74622899724771,4.280421294715162
13.030743451274324,3.80351116065373
8.537413765904981,2.2082178767248735
10.791544571883074,8.673747640883962
10.339666373317936,13.04700154158727
3.188550289128756,1.4206328161738129
9.791486100683198,5.755291532146329
10.641005877571274,4.184798946599405
6.320059442179223,5.223665781526936
11.127765346354249,2.6499835152500912
5.716981207446645,5.144495113998647
13.267662810242323,3.5866125487982625
6.124271407589685,4.626707751178474
9.08099570248459,6.703309188053064
13.495665427484973,4.8377632533374495
11.049837497980647,7.1690578715185325
8.966904287743741,2.4241699196308133
10.009366875229661,6.704072215224182
15.506384895347628,4.277203259849114
10.549193007479587,8.61366098087667
8.35098887608569,7.013876368727617
10.27443815544596,3.2047443219957943
12.718288292917194,8.484920167409596
8.608150200761752,4.959073761400193
9.44340476062866,0.9510396712309159
15.842908022488096,1.6554245224124182
4.40841348387302,2.526791173692913
11.744011734710519,2.556079265145745
5.251635930083961,5.756450454927539
9.86149638043356,7.257607992801487
9.233204319149134,2.3923054914686337
13.34517315760893,2.788479417952007
7.6675631789042304,2.418998504287493
10.549043716775783,5.342146610036492
4.725867340801143,4.642107935947829
4.579576883835244,4.444842712341701
11.672877946372312,5.104954389847888
12.24563755226243,1.3332465874229027
13.723128638018654,2.921534184711737
8.56330463431581,0.5469932461466751
8.703954397524319,7.429275314118154
7.571396321354156,6.941574774069383
11.374127341357267,5.132522540741109
7.188511908241609,2.9383624337953185
16.54744803408018,4.046014787308954
14.025858681661061,6.723503745942802
9.159856573825714,1.1232103814742822
10.199486581971676,6.101457247808663
9.692720826555089,9.689287419886078
16.73626026303713,2.564121875672734
9.302639478641831,4.975297778905818
8.381763723356746,12.078700774556037
0.29212460382231953,4.561517652717897
10.760649202481678,1.7079027049779616
4.741385383170814,3.9807263322905015
11.773900875170717,1.8053648020215056
9.22712979404619,7.761425617836779
9.890670316231134,6.955995932326653
5.854350807503429,12.700728443365168
12.952609987977414,8.148025200592901
15.739445510380538,5.159236131034051
9.660838068491577,-2.237785919006111
9.39375141408289,2.4483550085701236
8.66845540865159,4.1043119558389956
7.501402199224345,2.6288310392545635
8.045435336669742,4.375346177856759
15.074364301707718,7.94215868101577
13.332048163277086,7.137936982755035
6.1066870550457875,3.775081162066517
8.580742103505534,1.7592948775360324
10.235437175854575,-1.061071994561587
9.387564759889068,4.639408909299481
4.477285826238592,8.363985700512837
10.020636287800064,3.6795514887072
10.281315460789788,0.5496558955323323
4.328309946097228,-0.8194970707615816
4.921479260997176,7.296535284519294
15.097003407174807,2.2651488927209935
11.294234070143483,4.733614889756889
12.202265933580037,2.701898663246337
8.6433110808014,3.6234151972344533
10.408722610533324,4.310714144792329
4.885325644486372,3.5132616902377793
16.274132513625947,5.1156135751843586
12.461458913128538,8.428409998279648
10.911551968197438,5.562017531061765
11.814534744145636,5.051986388442517
12.580130360503109,2.2868088594696188
11.845674609905984,4.659801938435131
12.592821400263968,7.765849605196955
9.2868016203095,5.092811046275317
10.460949364465423,3.931867497026402
7.557977708738234,5.437799252199385
7.190622209050691,4.40752668394083
8.096073450048102,1.1331164220165064
10.513462450808422,2.5121326752869475
7.296300266959884,3.955569301143293
11.335616120703367,4.48533231816029
8.342775477454694,8.071741707913038
7.778869839997456,5.738450612014634
9.251590168303919,2.9929863176224902
8.879629083310654,10.79853555554052
9.41009292318947,0.502182201114338
9.671930238418065,15.087214485752002
9.1948656749823,12.64151057094151
9.198518921472182,5.991668608346581
7.607173370314881,-1.0071161440907765
9.308460111927774,-1.5043862392654166
14.824469985199576,3.3512493703542425
13.981719009765708,4.921484963566968
8.161049919688663,1.8756279055330212
7.6996922429608246,5.933283979392414
9.845016613111031,8.28810685026756
9.859461561353823,3.2925291487110275
5.651475812411887,4.2744510567303555
9.982604329472483,7.520554636517091
8.556529438762983,0.010741803014180817
9.324122136643606,6.486091190409288
14.590027731853393,3.5712745440184652
6.461622296320899,3.7558000025409406
8.775265965062944,7.80384324728963
8.047518729839467,4.087441328023534
6.586906666332372,2.0399108036086666
12.061289792068424,3.483834839963662
7.2715471108065515,-1.2388039917184628
13.294128649693697,0.18729712655462638
9.382791783066546,9.07412727546226
10.290695629074841,0.7139715663401605
3.4068637245764597,4.427421015445717
8.143557891491428,1.656182848953105
3.200585920828387,6.895612984302849
9.59981266594987,5.966889298988456
11.815433536294375,0.9941607236720067
12.298666939557794,7.203541931704007
6.106660478561074,6.499338357713356
11.061861289509306,5.105480404082214
11.16435337946929,7.424353710223706
4.433630163232846,1.721379420445452
5.883201441337256,1.4948001356710185
5.748094972968266,3.0663633419407894
8.195708971697766,3.871624874977213
11.459773688163372,4.003206325717118
13.755571149151848,4.8106871913491
11.738921863047509,5.662006557226018
8.517689665254357,2.3167081535657306
10.436560590524376,2.4285537226224485
3.7124254890132384,8.4056475415678
10.671100251452827,0.041764908493144404
14.57037579091596,3.512904483787213
12.176879041441806,2.255498220893211
4.676341293920853,2.965100406010755
7.856077677044612,3.499978725416825
1.4240779149097218,3.4710169107304627
5.183392784484799,6.132444579638535
8.86042362545952,4.259281075656447
3.3986657542632255,3.9729837540620716
9.377004072918357,0.653028280262256
3.085450595559342,6.056640088341572
11.175658856927217,9.634822870485692
10.65984575973259,-4.295412541289165
13.280263464202108,4.331090574011017
9.686716868356925,5.785135312585121
10.911493678034358,5.049385335472279
9.852257244011538,6.442183427287527
14.504415448421192,3.5990272173563844
9.782797263224351,4.743846740813669
12.081082041678492,1.1594421993272577
13.651782391533143,6.262695696596624
9.363574727383691,9.571510761467437
4.136724601423151,1.3517925982807015
9.563219979392166,1.641699782461839
1.7666520578847678,9.288931841274833
12.038966427258291,5.606060410690573
8.784984472669397,1.2032496657597096
10.872704585461483,4.953094870407834
9.9095408010744,7.0631163326852535
9.386137581331186,5.993482569791394
12.80323957631042,4.180132827531128
10.811474963038782,4.2921115696420244
6.206754410543073,-0.25289822297230025
5.339891404633951,2.331799307610179
3.6178096309690577,-3.1485046008669926
12.39318950817304,3.6415370642277436
5.51804357912916,0.7344907485584962
3.6420627622135537,5.234876015370027
9.200077361869544,4.740852012435205
11.154748887772916,8.72692384393794
12.281963080801006,5.906301106643034
15.2116918812543,7.815571595615119
11.281882146494496,2.0658889043092294
6.800236811794975,3.1705741392347244
11.181833093669288,4.965541228992934
10.425277010283448,0.7312699371268447
11.525125157742869,-2.8748344528873515
0.9290146167842472,2.516160564942023
9.349397376010016,2.264785083595061
7.835186223394589,5.537107330761163
11.05314153434598,3.090882092966374
7.575040772884783,12.558266400415771
8.487997699770252,1.560975910142259
12.675250549476713,7.77853154930941
12.218147613579132,1.859586304849436
11.517418321740552,2.863655192978798
12.092553219093537,7.257294549086374
11.25241310049445,5.610028065973193
9.783497502187261,8.626846636546892
7.0897965110877,4.981663075696751
4.530580433059694,3.671412937210333
6.847795843194265,2.660061218228652
5.697444397548477,2.4607584096128323
15.62564809950139,9.367227838247896
12.405604585797636,6.155257391209986
12.636472137418638,5.679946776603669
13.00663969140751,5.395431627188482
5.9830008630455485,9.661906756881859
5.218234540324539,6.186418072950623
7.851672557627707,8.369917459134602
8.918952378083034,6.495386748228723
8.21693046319836,6.022306958315731
5.637018617799333,0.9907446811102893
6.930971584303984,4.769730262681029
8.272799869486386,2.257005459980434
7.842737941031575,2.9775857125705727
10.563754377675775,7.3609879813848975
8.477346775081756,4.710066996423584
10.765808902195516,6.675890035027902
7.368546664644033,8.555256301031298
10.982187632477745,3.986907708035349
5.6659572701127665,5.462421227652466
11.959400463998392,2.397641446423306
9.818595187086762,1.0902598356423439
9.739075989284713,6.392311210733524
11.176444287320521,4.574467051039904
9.166974889396117,4.009331325382233
5.116498300482901,8.402724312090514
6.593425120866683,4.091697304427594
5.612685206878277,7.577681468456802
8.58625384702107,3.568209095755622
5.278421324054666,2.898959442445383
9.862487315794086,3.745882204863267
7.445610685813989,4.314263597948596
10.72997493323172,6.0196426657149384
7.100964100313025,4.396809430020957
11.510200832490126,3.271864013530112
7.707521636570911,7.020580138567118
12.53490998851824,7.69036476460934
15.27867119115696,3.267307520129653
8.793474686221591,4.344205713205823
12.150105828977892,4.126237810696837
8.421308228817969,8.415838290907995
4.351438586222156,5.757927767955616
6.075456764251761,0.5358459424786419
16.370395804417832,4.684829233130077
8.098132181618979,2.1508762487580806
15.579847250609745,2.3969939086228624
8.001439924759069,0.9252860094338669
1.6105121526804975,4.612285595926503
7.716270242994204,7.8658233304726775
13.441259382372527,1.0935653517373933
8.488684377398386,4.413816826966219
6.765814188028482,6.646403569081863
9.207152495975013,8.71242356633292
5.260090907049297,5.198586278786474
8.945850030088513,-2.1051078716155107
5.1758242412247535,11.418067249073669
5.780492612531766,1.7108295712748216
6.273541239725958,3.915006037849138
9.187860575290946,2.1943052024049807
10.699206451220501,6.9808448295818
11.970118067964703,10.268426461039404
14.218655207088531,8.72591620223196
10.354514515100544,7.750490579914857
10.665435597942169,2.312639744299804
9.230594239318473,3.9385972055759826
11.491857196336817,5.191821975953048
13.573331414248543,9.41068749607649
11.244490485483837,6.268574435616347
11.008256925429073,4.021022615257894
10.880919454750712,1.6587328868843705
6.43601027941195,7.603926790879424
8.442051230949932,7.364943754408874
11.919871446225677,6.807999970099256
3.717906744248374,5.209875569846008
4.336740969360871,5.66470029359845
12.643680273872189,6.856027992507298
7.731364963237189,6.286344141927618
3.206018951902011,11.37521640099698
12.898590739492155,2.398534499065933
10.829096502925518,6.870448577660163
11.587517091182201,2.6407988759059373
9.58504735690595,3.1400932297443394
7.079743603949752,8.461941590608307
11.179817925175989,3.970909749483915
8.337451802131493,8.20654916256781
11.277094746962755,3.2455487162228764
10.759792206389484,7.347746259304781
8.14785952860532,0.9193519788371667
12.231452977974747,1.2837716875075094
8.604877999764645,4.63819661761904
9.825582504190695,1.4094045500653762
7.910864561480941,5.0271302127079345
10.611498291907724,6.525429620246852
8.862425564133906,7.0995404300786555
9.154493340976028,2.3288921578076565
5.649251813311458,-0.038118863949911486
14.105729585072709,5.407868554456043
11.015924801207385,3.3402536101182045
6.76656688151002,7.919637391584194
8.682128547316411,1.0626997965906693
4.830041395012494,2.9955606409147553
13.533163457705307,-0.12693067694641158
6.60558667238346,8.065920419640142
7.526982828007488,-0.11597271035172074
12.982972810174424,5.018101128296938
9.878373831264422,6.678262293647332
13.81856988867067,7.605755550823742
7.552808842075216,2.16713255028322
10.794497870631002,1.0678192356680154
15.2663074836468,6.825290713791476
5.437419340641297,6.485224318682393
9.926001177009343,3.1713116280894322
11.656867781608872,8.189291795027707
8.736921833070118,2.311146428217899
7.551902985530505,6.517035668126751
7.113665834818139,0.86171720336693
12.440150095786978,5.172321032244264
9.372406505005523,7.362465528469764
9.799783753880481,-0.645059809745625
15.52781436950324,7.367215463524081
10.368276599944707,5.025602404638053
8.046021612293268,9.39912361384277
7.835825238801799,10.061209467913237
12.537420879468264,2.4408422738039905
6.461269162903884,6.137111701296688
8.444654199671012,4.343819040107794
10.44473097181913,9.146504888504616
5.7855968656502395,8.204123849574897
13.247753164059827,5.756870439385447
11.373851633831155,4.643262465214292
11.456057479818693,4.439258814540019
7.357577712598289,1.3066316629115646
7.327802194706903,3.947165279134015
6.6260960890912735,7.707280196634207
6.854256703751863,5.155075522713466
6.623877227931373,7.148571338232809
10.944020671482313,2.232924132258422
7.4473601576621835,7.223901582290406
6.812922594718408,9.274675402184993
12.974983369908148,0.6889735473492591
10.38938752030642,7.248274755723403
5.4457658192660165,-0.7624847011054188
5.510785646720201,4.800153741569284
13.600288794913704,5.788708288612567
12.898556697222956,7.292322612256965
10.929896520879364,1.6345843519320047
11.72488315429377,1.6909148300530772
8.358507460770191,5.34698013297344
6.063633449824189,0.22504819905338636
11.419227085536901,8.314550539257375
8.868755753604276,9.593283439038363
8.683104923231962,2.606005338224946
12.479609323828,13.29506996505544
11.741099310609236,5.248311478971452
10.492998410553813,9.030890665431516
6.899872175119409,15.505009708838248
10.426338835541559,10.434023595194635
12.318233107781717,5.914360282728204
10.545271804895684,8.386621192408917
5.212101396026323,3.14604179376464
10.697635811169324,7.216147389673846
6.402748484957226,6.5123910367603335
4.815709979209771,-0.6024802225208044
7.6145948857543715,8.17916437246183
7.630159901493171,4.489532984807165
7.273494939971362,3.9120604428398
10.641659510866264,8.474718696055819
4.89966905800482,4.686393998921709
16.528730127261998,1.405717573723575
6.658871603495977,6.7800002900662175
11.588488123011913,1.6908672095368846
10.842317247529596,4.520872900144086
9.488096428550987,6.544378115152596
10.179860151161261,4.571620536030505
9.333418445919198,5.515460598902375
12.721460473113389,6.858357094220159
9.97684620216676,5.306799461686573
10.424364246577484,6.441538481533599
13.484241589830912,5.7511819434378335
10.320252878761217,0.9177414151088721
13.355790182532493,2.700473347853468
11.106155907780394,6.421942315654199
12.833556860486103,8.966417302145251
5.912121792470508,5.209984995810075
9.539135634778363,5.848848200984526
9.145661522300289,-0.30520873793338854
14.548850553784028,1.6265219174374814
7.641393818160005,2.4709047568934155
8.251106269643135,5.467801150634717
9.660387510767185,5.762462139686239
14.28346508661055,2.914072265913192
7.9244316997955675,2.3314753140899795
10.072851466870059,4.64823294568595
6.636623013437476,5.045994503035366
5.074291161879994,5.598374818173357
5.779274225890565,6.35892173247807
11.053350339973075,6.264839064145031
8.207662923852594,3.778809034484513
4.219901000931514,0.9915921838721378
10.815064761152453,4.603726144613887
12.027624506254952,3.468259412703355
11.248534423040535,7.881600407434413
9.309748250043397,5.7686446917494765
10.273767860116193,0.3508542210626171
13.687037582433266,7.571569333777542
8.575051468565995,12.74428954168762
7.827568449546055,8.555369989047367
12.779767820463062,1.2290658402253989
9.600625105298912,9.172620841244559
8.57753311406342,6.023297983866495
9.833564729956356,7.419068853471742
11.228387405995864,3.9940548414291417
7.019592391623668,5.717838020421502
8.340080932313013,2.541411293407541
10.365295278576527,1.2009613804514254
4.549306427900651,4.741360837593087
5.372667226701898,4.980455549630803
16.48939177389724,10.22966967167271
12.832618007014927,3.9353895806374153
7.726980985057162,9.520684750710412
15.972055428459598,4.370880541367936
8.420753143118926,5.799236171918782
4.049080306431277,0.01679359608622022
9.394381013106036,9.139686998969655
12.785820634592993,3.352170146890491
9.884703637249961,1.9801649428473866
5.883877636479207,6.922480955349686
11.710905712224324,4.670990930942526
8.182406603933634,7.683406146589739
10.483539006354068,3.608110561846751
2.9409801821083494,4.8387241373265475
12.827809722602362,7.408301654093346
5.270462404897568,10.663885799340486
13.439464232964653,6.305257087676522
11.197885383232009,6.5007469614492965
11.272841239667814,6.160744937973648
9.457759859996479,1.3555707351459878
14.337897885818828,1.5087864694121822
14.191880789518157,10.911810872941953
11.333722664663338,6.850977781827154
11.48872696522859,9.089158046155449
8.41743875327878,-0.802092481585797
5.427530723491185,7.1439453829749135
6.617369727204085,4.173553122013602
8.928894094724267,1.7445032354327088
14.374919739921967,3.441107319102628
10.75483658673099,0.6443686061186602
4.1789653472239845,1.3923677844492084
17.997556416446095,6.954965586947462
12.48326900037404,7.9305815064979654
5.873229934480031,4.245774650694727
9.535714740352315,5.078262230444286
6.247793207060695,6.37296611162273
14.887951629163652,6.4487213747193355
3.5994233782212444,8.101923964785085
11.73850325589016,3.6337169774295948
16.91014863733247,2.5599119343822085
5.315590286417085,7.527385021596575
10.421041553063901,4.920360337749756
7.549261312960567,5.44149387665346
7.888518424923797,4.398199353322201
8.279892146591273,9.035716101968525
12.322140303593677,3.1337920370539374
8.459392463971126,8.927476077742973
12.127423343929472,7.458911435207045
10.599871924993199,4.333438845402645
9.828999748562431,4.9541341323483055
7.036876233109969,-2.1530883491876347
8.91225429596144,4.577164293065923
8.280136604726318,6.881801044899139
3.290055325339085,6.440959746053295
9.687778281586066,2.529071869554501
7.609634872993901,3.0803794482799054
7.456267771226505,13.909762514764783
7.825976829631356,5.9592908258204815
10.28347593143323,7.449713266898488
15.218402906503336,1.5684344151161138
14.517676474364208,7.195957932352476
10.686057892213533,-1.3229206408722725
10.610277019673005,6.522299760982493
15.568282085972957,6.440657864075858
13.627360992293829,6.13700846123683
8.94277795009753,2.3853684143107947
8.572273809879697,5.9499620608487795
11.514705349350717,6.581037961735277
6.924027635969525,5.662224920302146
5.5917420979791785,3.8119075594714182
9.606691256383455,4.0771030238482355
4.209590324578094,2.77815183190008
10.852757643877382,-0.27973904552132556
13.73574898848986,5.3532845571022065
10.899494428227289,5.652616342426593
14.31998365640889,9.506015208272984
10.09690004092902,1.275710402786848
6.103658383849597,5.005955537940789
12.377342691804841,8.187252304173574
9.785025850557272,2.911581967329581
6.325277978117256,3.44865940440135
11.814326678276442,-0.45839226884023354
6.332011758758414,3.32695730348196
9.438384627312008,4.735768219743719
14.824674058250473,3.664522478485355
6.3919942893893005,4.092720199070737
9.465150544378778,0.4696156410996988
7.0827047427631005,6.457872968556641
9.929755840029156,8.720676584806888
7.658455393004976,2.6672907046487957
7.4250980339331765,7.851732302508903
9.697931287976946,2.7254992370006206
8.041480880024446,7.137405989683552
9.397554376246404,1.5850955051035354
5.688888700241298,3.446006192373997
6.786628572025663,6.058338893053731
11.628714496043004,-0.5316414555609521
5.186981718329471,2.8698121586469956
12.462653216198735,3.0731502434133504
14.411330437076847,5.917128650569172
9.271498704357255,7.35127234613797
4.7890481182645335,1.300722384335307
11.559592151710264,8.34377399792625
4.996201218203688,6.405033387604073
9.297439961169854,3.7562518148161015
-1.3861980217645904,46.78526712359895
1.7635313562477464,51.494912253724536
0.7442277038508545,60.60407628398849
5.8840931494379,61.424406259293264
0.14381679772052003,57.36923908488957
3.627000983249287,58.783545242374394
3.111709673652429,54.45916109349679
5.581002157834566,60.76553000157707
-1.6088097465610023,61.76812178287846
4.645680129030513,70.34771608469285
-0.6089148228642385,67.89345983594042
6.805995619788149,54.20238762276675
5.908305589729287,63.228839923387945
16.0109726839421,67.0954399814324
10.703967522869736,57.32835969086451
11.80908770545671,59.96314278461026
-1.7172182094175898,59.64668794039962
9.476386279561357,67.57704067413012
5.016993058732048,62.53118895583173
12.397665101283442,59.930199251756804
-2.8531356791562246,55.76719152752132
8.208070734712587,62.81395639598477
-2.183127793245797,60.29511374526085
6.550248675807723,63.05540062378171
8.596282746878229,61.87626274576481
6.442052853449981,65.94126300234177
1.3336718006710102,67.43827207379013
0.7377587026501349,71.82117549615715
9.358400424529696,65.64608652214392
9.628168986747632,56.36980230666535
1.062154295306244,66.62498182756924
9.216613687203074,58.74854394374455
3.0090983470426638,71.05925333675071
12.192369509847609,60.506488154694516
-2.0676340404158875,58.56306379911177
6.152478589185963,67.2522876584835
13.389567044719032,57.62128874554491
8.891376127811597,63.42866803273818
14.865930031786586,64.88935673199492
2.9536699693188915,66.02057491261252
6.996986902801176,61.01630839774436
15.649002690744028,57.228781706659404
9.403261510077503,64.26146482727896
4.489633134974387,48.851470442324434
-3.514886798267126,68.50412138351687
6.9021743820639605,61.59553005312022
-3.3070614899048962,63.891118893590715
12.198314590740395,61.324213956948974
7.714691327122954,64.48736473995119
15.634956234161251,67.8571648277508
14.080532072159436,69.6613457539393
0.9091972959463037,62.82843477605732
11.618950884761329,63.28921991483672
1.38910320535485,62.843442702810755
9.770408913364067,59.988095587275396
5.417760270589469,74.58467392597792
10.096725737028905,61.64529026289498
-0.8765714994903302,61.314343698085274
12.992139692857677,64.00481917793124
10.892462920998952,51.256152693946326
-5.500118161879698,66.69255562086772
-3.037381132373657,60.66926981885695
16.937648619818592,62.20298653722235
3.0725794752840248,73.47626026674287
2.874901284997489,70.45920326447316
5.992720312385976,59.493039075259446
10.628101697251696,63.98500607951767
9.025821107937716,60.431484056659535
0.0019085560616112218,59.801422842327085
3.560496467472391,63.017107517483325
-4.818285211440511,60.35485370933507
13.866848056700666,61.46402670308982
-2.8318354045226677,63.64150657921859
11.442089215419767,71.1971842466536
-3.6980147729536323,53.96660656838036
1.3127203013180901,65.56083846603055
6.995010858823255,64.1615717463218
-0.034320007070813396,61.66849595954106
3.775343294874453,57.63032692894012
2.8427212599097604,61.38384933382154
0.17802582083744944,62.36433528425125
0.9534818743801221,64.6956079142072
8.177591429776287,64.3166386104579
11.836032556856935,61.27630275748072
10.567214762663436,60.43059890572514
5.146320502090106,71.83798192297729
6.601646298495196,55.36607770911359
14.957300054285726,72.79463518213245
10.573443195770976,70.46407572502353
5.739956481948026,68.02282714875956
-1.5239420507262658,65.49376265324008
4.518301505425097,58.98777688021397
8.674161024142585,57.1040062236773
3.9191142896490194,49.68819682524246
0.749363685643007,61.5502902066153
13.921324053522417,62.19990498912808
2.913714777349502,69.69988698374694
11.102735543969418,71.43642332886081
1.773486142531583,61.95212372162541
16.889674381553284,57.42827106226058
1.3259298012563878,55.78772087295617
6.241862283993457,60.47428318586354
5.854856483507787,61.023097825956576
6.097501370651153,61.70129906506482
10.740124516991132,60.45530338490037
0.8188891239154898,62.09020232626957
7.832941225263446,67.53991642350225
-2.8630111419108104,62.79259329082879
3.5749378848526043,53.82820184162655
7.000810426603292,65.34718043674766
10.138160130200099,65.63661257671926
5.2044240462951965,51.69826825957999
3.325335856753337,65.29005987835522
10.577157009534549,70.04211990450041
3.698763617560844,53.43538192263868
3.570501581398347,66.28479533000231
14.788326238255621,53.45480255404109
8.96376985125703,60.64031887591618
6.109809494198445,62.79998637215474
6.505781625973982,55.74182090402379
-3.2613793253556214,69.56193719383194
8.193544464095805,60.48890706465486
-0.5969004717684552,59.20825972236355
5.489629266007199,55.371336092890644
17.53960963735893,52.88980260904475
3.9679050452778886,57.79916306938258
5.576282741711337,68.5456439895698
2.0453994678928877,61.43252340071564
0.1312709166667254,63.82021265195233
10.525851998772211,57.75368239706101
14.938239387821588,64.77510916963976
-1.3039295207868413,57.07344216683082
3.8341731667108823,60.323692688237635
13.150664657906887,70.4720826762726
0.37183814415614336,56.27933439281619
7.814620755881419,72.51892155449774
2.6290734884588565,59.141511083788124
10.451622410274888,56.06610438682206
7.3228112819825295,64.16410366667318
6.191031306653341,62.60538454540819
-4.070010761392252,61.61463522195706
4.776927845546443,55.91543863834428
11.695250659145913,53.2560604582546
-0.5390092617134492,59.67881371372854
-0.34751735508064563,49.174223837378484
2.530041093866532,72.3180543763649
4.5215344880632395,54.43660744615915
2.9425818326483237,61.70594301203109
10.683377127396847,55.35416221218135
6.251254958000353,59.53875720701641
6.322823932460523,53.38423269126303
6.380288383179504,59.6815679925926
11.008619214786323,63.64352087639426
3.9935525078518106,66.59714167995982
9.098075499745518,66.98891926663057
11.860489961735853,67.90050075173444
5.482268392417154,62.11033459893698
2.850725395739959,63.79675369534533
0.8487117713295884,67.79405154590917
4.374401334197981,59.19629202485908
7.324304929946049,71.63877359395104
6.94987164882634,65.89025602098718
1.4352716161316321,60.9749707468565
4.122822308125286,66.75228571068854
10.658517485433624,57.87270087410215
13.215145719055469,60.44860346779289
16.011604688158513,67.61828225112886
9.291097641516227,65.91148795300694
7.456176930334029,58.51334816902186
4.475518412809517,63.2406876850307
9.428082805452497,67.55329702310925
0.9189560965165269,57.87141534831506
6.29380742696274,66.33403627570753
14.638612026770863,61.485470080538796
9.096861894884128,61.74959202774095
16.48950641739913,70.61990061783357
2.9273371491607256,54.26824662769588
6.010725336357071,75.39138451230228
5.675576695377487,60.905100544343725
15.06206442266937,68.91793684806711
5.499053798984372,60.78404828496899
6.372301162483671,63.81740558475937
-2.6084550885767293,66.39648509337023
3.4086679123239487,59.75078620234312
8.097510109353346,62.82429429874259
5.359792291462303,59.36095135566232
9.631004674298737,60.51821737383896
0.4243479529121217,59.44243441469584
19.067106625946412,61.96341405316982
5.266145699730059,64.30795173802194
6.832703686865416,51.2824441281692
8.082928957765057,60.812927720612635
13.252017245214615,60.881225452918144
7.385082111044822,65.11737595283842
6.237564299570004,58.74566935179649
13.336466173867652,60.49912221096235
11.383147021252238,66.28511982717019
16.80632590940204,73.92788618328669
7.6122988027809955,66.2242741035798
12.262389203677763,62.46317950608882
14.099766115260504,55.23053236204093
-10.809607604090429,67.85008154430038
-1.6251749037040657,70.18326467945806
3.375192424062023,64.05572437381876
8.815482118130658,58.98708451068774
10.955038479764617,59.171163491243924
9.433682732787654,53.515240238911204
11.67277583487052,59.96359417340949
-5.916120845513879,58.29649485592188
3.40712964809039,57.961944093981074
2.9985254678932707,65.10297429989087
7.891389103374513,62.41617263187759
1.9098767605978058,62.21152748168237
-0.6033947619047977,68.11715585306322
2.5086643271597273,53.12954044963626
10.421236594351592,57.70824491908802
5.745910620032394,51.30705428456362
0.5028452265468824,65.02750413584873
9.338991526665842,55.496310678101864
7.508608274062015,62.24374825015408
4.074060466880578,56.88314048116149
19.958092695649192,64.44159304142948
8.820259256236156,51.88237372442421
-1.8685628565603132,67.88836881403414
19.177401117429753,50.72987015165539
7.439398119911134,53.333275143965736
19.44755418589978,67.1882094624412
9.690363448678577,62.73668348048433
-4.580358325004806,62.378318907841376
10.641840971734483,61.33564697240227
14.44093661684401,62.42260772889522
3.080717491024723,59.96378584339112
9.330398843888855,54.3456806644305
15.955719114590536,65.19956775782906
9.109064444976536,56.2582710223236
7.927617235934645,54.692725391313154
14.080784166537299,69.9308391470235
2.5258468579000732,59.57486642639378
9.591458766693423,74.1842776377827
8.994519931762602,64.97376925256346
13.050623948732724,71.02553296066282
1.8023681491484105,54.69999999164352
2.9623838816955756,53.74395094872136
2.166513308517777,73.52027007539309
9.115836626464848,58.8539311321929
16.549895044596504,55.159030350756765
-0.8046626964589327,58.82552584803475
11.040229083538186,63.016315764995454
4.047962395071644,59.84498928822304
11.576752234307175,60.761631180521995
-4.164438623101754,60.37802754532328
7.8551998035528365,63.73712423683617
-1.8395237331072618,68.5375532900329
6.002546688345404,64.80316603241815
1.7310563081368402,57.487087310889265
10.676709363860075,58.661122529639684
-1.6236633663066016,64.30818340280477
14.421876120946703,64.20363290955086
15.16898038851752,61.71076350804586
5.969450800047752,61.61044857816905
13.116259446190998,60.91653256086306
9.424163070177405,66.07399651134214
-0.21322963133710804,59.15409103822547
5.412953408888671,61.67820061243023
9.929986869970957,64.97187465576062
4.6777891621701375,66.9858580591993
12.227658558954154,67.25009963071585
-1.0421336919127437,64.4366827914982
5.924357871956671,58.29292565286132
8.803659872697004,68.5032899214753
1.3455415873019376,63.68141109178909
1.2116209821262283,53.24884504487821
6.647962952477995,58.03615716744248
9.637295299515378,62.66528493071403
3.503928555726455,44.892597674818944
6.941569991826751,59.091755267085055
11.913032399399846,60.39264653460304
0.18783623333100508,67.02738618755262
1.7738748430412379,61.682392418808476
8.843284167151772,62.85666879282054
-3.568279890845682,65.78620597155903
-3.067655159713496,58.714469896317134
13.327608016411823,63.59284283342795
-4.088374458671682,61.64696688526251
16.59371335093323,66.49842623058841
14.814212993395868,63.08110173338772
1.8199659193198183,59.357997656876584
0.5318430447033728,62.61640401223159
5.536391977071228,66.51594467681198
12.611513796429787,55.67828367987958
15.12488861531617,62.02448979717441
7.772593379016533,56.98282133581461
11.186015533171908,61.203632413701996
10.290634144808408,63.59328652222156
6.495389298471291,59.60024748709319
3.0142488232675393,66.80026455857
13.657649304009343,64.64285100715433
7.742491720251756,61.36984378015846
12.83284484848947,51.271979572118404
12.632022622816828,54.4228744852046
8.87718629316264,56.093681166025945
-0.7842629004110018,67.43884657023315
3.7621627227121643,51.89493045658418
-5.425631837652126,64.8660688155944
-3.0932817248524103,69.1651244394688
14.772764298963958,61.50522750677157
7.873799843711774,64.25620871959778
2.609276098958042,59.24398382679169
-1.1023868747022698,66.68048170569747
5.14804553397605,67.96588606019931
-0.0008543961782745413,64.19908391812339
15.229113689441448,70.44964834800513
4.711879925050484,62.62618507877105
8.268169912336868,62.432449820753014
8.50581644646636,57.28755589022844
18.18072547622468,58.70166763757838
3.057143669011803,67.87755935210241
5.120330963556632,56.64938637222193
-7.919917087856996,61.48178976947669
12.361409865739017,70.75086809780454
6.104588827805398,55.791072889833316
5.355832254632585,54.0415661129414
6.4643826780225675,54.29738359518227
6.481622372627993,65.05780784994128
15.915061212969198,69.19057854641505
-2.011968993328521,56.34411877085121
1.861237423595031,51.83558132454214
6.3436567949079805,50.974136671877645
9.208987774559434,54.987074664784345
4.113047979021692,63.847816416322075
4.801287959876364,64.41319328363346
3.226208389547123,67.14880423549478
1.2087003971245105,69.56538820742298
21.67178863588634,63.58574441066569
10.658326237908422,67.24793154608308
6.146007801840579,63.906849627597055
9.379687168191822,61.010527062348864
7.203287707324598,68.07074634190472
10.877993982949715,60.817300570671655
1.7760198943920162,61.01604792518066
10.72953715625798,62.53151610637961
2.7132948441594875,63.84957492638781
4.139049111262401,68.13158129528597
1.1474339470329786,56.105150933951656
16.589495578299093,56.484186276168174
4.580706221614308,64.26600678987805
9.341320554380315,63.785300538625584
6.461574244578586,66.06838990012893
10.644489934923074,66.0910522858354
9.989941648809964,58.72260403381183
-1.3934759982879363,63.59400656172313
0.9074242042183656,60.53127289357523
6.946903210842694,53.4458435712106
12.697419816845828,69.81227016076059
14.923548695976415,69.81541831885126
11.270026467497974,67.26481257148637
17.478688082048826,73.31357655936817
7.302808003289158,56.98851546068363
11.772074706995728,60.686703935995986
4.8759778620240075,60.70557079315602
10.251516086472778,57.7047743379391
14.934085992344038,63.725195089271814
8.249681505790122,58.766579978511395
-1.5072308444273101,53.055754363287505
8.983374983878267,63.10087140813102
5.633332387435975,62.14816450258745
1.9338854122796523,68.52956397918204
2.927681100599459,64.54928939187849
16.228095282238034,70.11917467563914
15.75913534444111,58.66731361667069
4.926822626388709,65.06140839964775
1.9338308803204711,61.315392119246916
7.588492302312233,55.37491756922549
15.350724841973687,56.09199052052807
11.405090435346235,65.65137743874838
3.3025270963801527,62.87574852511731
1.3988971637246825,59.78779787260658
7.798396737650054,62.76449614138522
4.4163033104288445,54.47686726395378
-0.8790756686071433,64.23177236659687
3.383839198974397,56.863873698429565
6.490267436740586,64.93400904019929
2.9507989816525737,58.50623533768945
17.63503256173705,67.82688911564414
4.784686191172147,65.27876891131817
3.429216700680983,64.64610340105082
8.985021854382417,58.57351611440274
12.323661416186901,68.98332095669161
8.700419564763422,65.00963118902062
-0.36120769971841593,63.187896766942174
12.87665475356395,64.14504286526166
12.028905184384348,68.66310056447819
21.01177425538101,55.02185044661713
12.315974745657588,60.68231529779306
7.03291293220127,61.77815455184382
6.369074042510869,51.361148771073076
12.271691962077295,65.64345257467221
11.29265660886783,62.49704920115382
6.7201509579113,72.71081995898737
-2.0405715975671193,61.49952346034048
1.8993319901137626,70.9735307049843
8.968286493857347,61.34283780225967
15.09920311227357,54.6831112024022
0.6647928881526468,63.33778236294827
3.3879846340583475,59.75563811213816
10.036096342713229,59.825162859175386
8.496349903271753,51.94676267621693
6.902171530972429,58.88775093392974
11.486898676621003,60.95781453263619
17.0231425914103,58.12238966616847
12.177224947233316,52.50747627772017
-1.2446011578447624,65.82829486962997
-3.0839860070047216,52.0987667142493
11.62673516045168,50.91639191668456
12.330022618534871,63.730318989903
11.346072199734802,53.520448597176305
14.431452807184181,55.37590015743926
5.036265523503429,64.67966183854796
5.215575211727364,60.34099979724406
1.5518144536602883,64.57246876443732
14.843592803031397,60.30633455199915
9.935312348500394,59.0364318561268
2.745414140600225,73.36673560691567
-4.107822037442849,62.30947423357123
5.492193115406428,59.43589480248705
-2.8165602838063855,61.494554665052455
1.303601689815788,60.01375489095844
13.392692626293623,56.5377517127513
-1.5835660090279209,57.54988019558612
4.9042435585228645,58.74550842867019
-0.8383315256663373,62.85587647107104
6.728005233322268,55.85222273959493
5.366678869499981,65.2569155479269
-1.9655022019853927,65.07218970817169
4.609466787483372,58.43143351692014
8.76941347887577,55.12904378732958
-2.0647158662282887,63.41542510837113
3.2989567725784807,68.24315352082259
4.852267702411307,62.74134335202442
12.90084750165184,65.7635014027505
-2.726880170972347,58.27518505897583
3.1446531210976794,62.35407122883874
5.658746076162788,62.86492231367667
5.147446565030034,61.68402000675088
14.604664535956598,59.6680208378977
3.060172622835274,71.53731465559166
1.9059818107606912,68.92324846547372
5.737811599324392,62.3787209455367
1.3354914249920693,69.7951187310696
-2.000237413446065,69.29115603718864
18.995318739367622,60.73958311691669
8.673087329926798,67.06910833445784
8.07025259095036,65.66854719371364
16.098923703230547,57.15220464833542
7.393192774030442,56.76124953014968
14.863824855849222,63.009622108996176
3.699187853407089,58.432217708488764
-2.1685681693851357,68.69390918919227
9.056827622912833,72.85527102681687
6.46740272774086,64.14877512891343
8.194346048210269,55.67969794770633
15.567199172605534,70.67857039621266
1.7754407287357532,64.93120062676428
4.932950484807114,59.86175202497809
9.2588833637461,57.8126364195293
9.493789143585124,59.84595173603446
7.05805310961704,59.90234994247923
4.384748161181494,60.6354290154355
3.8392692867041975,62.378609608475024
7.4667972920043715,55.2987065140514
14.974875825046462,73.24433295190222
7.523689775778655,56.74111444068323
6.092273029953025,57.0739581008537
15.23782863966511,65.26665590027268
3.876739512666742,65.96683052256422
10.42723804040786,56.648400135668
-4.991064426887684,64.37145402978166
1.9328248492445361,70.77055020285067
9.993855175663859,64.3081011221232
8.963402116652675,65.81443713742861
10.824483196836768,65.38398514191464
-5.867655074132413,60.06093591442942
1.2565118282125933,64.6842381577815
4.951283577237099,65.46685724268445
4.024639754300162,63.29225957449401
3.0486537229375887,58.12145578666326
14.0000466114893,52.78784732747725
6.071228981738035,53.04648567340122
4.891225946285565,54.661734191228945
10.404998669475523,62.791394096217395
-3.7358877799447416,62.072147725191776
6.909489840184565,59.429096792238575
6.847633931835107,63.682987514482484
3.870367763595035,58.66873313844754
8.748431564730272,58.28480408392621
7.19889828520733,68.76849770941901
8.747746815852382,64.25050154772538
-5.701116866834582,67.88541506087074
2.606635924192954,59.99104302347997
0.8795362319631002,72.75412990630362
7.896398568237041,58.279483894557586
6.100993285009536,65.63978597625744
15.94491314836007,68.72907986194494
11.502516983862972,61.78569008656582
9.842589858521837,56.895154202906525
2.808086543225355,63.933991719172774
5.558807745892249,58.97941609401407
10.863949554081124,64.69715894756447
-1.8091252881482411,61.178926624219784
13.120401908991884,65.30108833740525
13.478270709758412,63.3050922191672
12.433616682331198,57.776377179688026
10.085522988732947,64.74731297298092
2.557786644156545,69.12610614141443
0.6934994278882041,68.83153320156765
1.757663449028823,68.49050450894853
15.032437715745242,65.83041542134383
4.261189332517895,54.39413551505656
7.341367746568459,56.21991465512155
5.861837324019159,65.22845041669186
5.811154622675911,61.25665433684337
9.862866375285407,66.88573373534554
7.69824710858419,74.34076063370632
6.995583391876549,67.9310746621007
5.256399470774903,63.761991513812625
10.013656545166533,66.90509053421627
11.265134597147178,58.319419676735066
1.971699198880188,63.55176504122095
0.8217824498661264,55.255752012999075
3.0900541627372173,65.11694084645438
9.619176565436188,55.62256820260096
7.781866856191884,57.06599183723824
-0.9177934345481598,56.68563834608036
-4.338242718497202,66.38541210514822
-3.8493374545515167,64.75488652983448
15.220350491454417,59.856694661997764
7.933029501049374,67.68546752554803
2.086086381105128,66.72129848275883
11.523827672953107,56.343388593614925
9.842112564227156,53.73110943558472
13.143875393610283,55.04738941024781
14.332505552444353,58.118147634452306
18.212712199883352,64.18785194072814
7.817262676864903,60.38432542462632
4.278727745825762,64.4562585423846
7.641401678873131,65.02563652153705
17.4154285247815,57.63926678444463
7.605203824197067,59.99088550744477
5.109326565849161,67.2758184019346
7.755221122061441,66.08756876954857
9.744413999910142,59.41546102687403
13.026460945741707,62.03240042375084
-1.986161253809815,67.95511230189511
10.026649254371902,65.77125771376087
1.3024451885664838,59.30671434209028
-2.9103522038722094,68.1568993740971
-0.5474067389639057,55.42196681959333
8.953180434374946,74.20973119263235
0.7029981633999309,59.93573631101285
6.0873448581347445,59.66775560921614
9.224660957303207,60.52574468485736
17.4426861001685,68.54187492235553
4.090317790308065,61.5302736445424
-4.485479939679555,63.34013256560669
13.131888820498355,60.80194528416074
6.013355757539885,60.44255593453717
6.209946701548611,52.13611871426856
5.325947523589544,64.00280653592259
10.300937401835194,69.81620791640896
12.761987552197745,59.725652755960716
7.688384106424895,63.39656893673433
5.948282119361291,61.14593254081032
14.23427547200853,59.62806816591801
8.888094134027268,65.98373805528196
0.39047331891605275,66.50826484431539
11.153462934639908,66.7876812674238
10.869494040387629,53.93881731463378
7.265001690516427,56.578541582704275
5.970417593108813,65.14713093468069
18.488179455929078,54.25885247391012
10.288873650220356,67.56410145694053
6.374748293306279,56.678762146857316
-0.25585568917737334,56.25619377479825
6.474185752356248,65.6200738913124
0.8296161970730216,57.64147089702398
10.40142123733835,62.39222744340654
6.034326570251015,72.34897843920348
8.849209773986322,65.53582535461516
2.279642559175878,60.98920533485722
3.1068256366835505,59.75875219686134
4.21296221083446,71.68377008022331
9.961081161964552,58.77262697037205
9.282901577043008,48.78420265886096
2.6152262098777914,58.274513906621664
15.418347078203471,60.14082891036012
0.43564289015925883,57.85811643410095
9.123942193616308,63.196619575640355
-7.346085857306498,62.93361366650602
9.156823943994178,55.556065053572695
14.213224976733194,60.41442070404137
9.791627973301859,65.16883311158392
15.287156720053392,63.18622547243085
7.320122964179848,68.07044772575509
3.8110590440176018,62.243432564191906
-0.39260281989491475,67.09006411478295
4.693443869828158,63.039008236394814
11.362988874935201,70.47755759055005
6.047119123823395,55.5901013084244
-1.2729259091289258,58.09686884026833
3.968148509590161,61.638911422782385
4.616383079695856,57.633438273514194
15.37107302024573,65.96309839068614
1.711755489696185,57.691896694163276
4.063679506294191,64.5198275680788
-1.0238101028682554,69.46142114320284
16.034340451974977,59.576863150038214
13.337798993332811,68.80048052073383
5.748467115662358,72.91151920628455
2.7117178336950882,63.776266183956146
12.226840138125652,56.73172345815044
0.009893484237193384,68.90585913569983
0.32674000600946584,69.303133439493
4.059076318138899,62.91921054493069
7.046335972920288,59.644713545657915
8.298010919804875,60.703469958927485
4.471809174138913,63.37583026188758
6.823410947643878,75.77821283551418
14.338840339646149,58.79403111479682
6.765762243486594,58.72798877764271
11.611616191616466,67.6558864037807
1.0084272802037386,60.277016645188496
8.351253898998682,68.53546127130524
4.09758538447814,71.14944345058953
10.931909279608181,52.85974761490216
10.82998174553661,66.42821133573393
2.5823516820507333,60.280651938011424
12.64940887371373,65.48116065111122
4.07377496176446,66.18858139686549
-0.2842116961180645,54.58364952315718
17.140716509991037,57.69078967301924
-1.0640232934240412,62.380520563783925
0.5163962546378986,73.21077965041746
8.922729913884183,55.5027601798305
11.031615999184673,64.47078015922206
15.355845799132956,64.74797951740305
6.985902366926086,69.93128365086163
7.0621869615563515,56.42751364552586
13.882768310335548,62.05068642191153
11.652031580764499,71.85101568251032
14.417020731573263,58.10981127903112
7.342116724383784,64.90607405242972
-2.720103600461538,67.43009187997846
10.380090190011053,55.34639772548943
6.629723809193431,51.3240993210819
7.740366276210742,58.39914646093043
5.709952422358382,64.85588668653581
9.467101279137403,70.52748729155469
1.4043662031120592,60.702033581695495
4.129647646566189,59.48975560633191
9.021263253550286,60.64337834982188
10.24294984342645,65.7422539575559
9.592813161092732,67.30643758325039
10.134103865624589,65.24277767976784
3.8446049945383014,55.02750012837548
15.959347765022876,71.77194286448257
6.022034147820982,65.50861272863123
