x,y
5.363414623224976,91.08864577705754
1.115986752878273,94.8400603905095
13.967836256954534,91.72440337091803
-0.20336807068591745,108.67115268716714
11.059201802351692,111.76070266461514
1.4912560946210098,88.73730393731459
-8.07824437512337,85.6096200702329
2.9964633818518194,97.35588184265137
-7.216619585944837,101.95323946587176
-12.007957192926709,103.39933039332885
7.8311814807560225,92.23006600902434
-0.8516871713080691,101.15014219000608
-8.769169210265321,101.03196316700217
-3.4965982476513697,96.63622581993229
-0.6991005805304191,104.01576488208194
-2.3004858058786137,83.07345436436135
12.322812735419532,91.00110724341586
-11.220046777253938,87.6015638671341
-7.579078160663893,92.55951501730785
-9.389870273422442,97.34637642951186
9.659333620247196,86.2947724178349
0.8511701923120796,92.49353927803256
1.2250192982432444,94.44326542030436
8.751408033930257,89.60862558254372
0.8667102426000932,102.96015782109481
3.975291598249979,86.64856871631503
8.703425517269947,86.47020463381693
-11.076486531225886,96.82003758561203
-3.2602485660831797,108.86552664714837
4.70611743234886,96.26862914643802
15.492151374950751,96.60118215833737
2.116431579667123,92.72853289128314
7.103316933655483,86.85977961354664
8.384731972851117,91.37135682158912
5.815551796076264,78.14884876727453
-2.5123570640224338,101.31421455168021
7.683048342058697,93.16416762834108
11.244114548918613,78.10855273848942
5.800545133117918,72.60906934572608
-0.1796399433456468,96.37589150891506
10.122913221849744,87.71740006260809
-2.517698368279193,81.83620262114178
7.382453800818096,92.8161831122609
-8.19477679504932,81.77029043768812
8.610488377698722,81.83529138130835
-7.86661767978369,84.8871298128834
6.5833466103286025,85.31718578443325
3.433982867653356,77.47576000717336
14.92558482687798,84.39390623173671
-1.747328245150551,83.36942188108947
16.54833004458358,89.00497950670308
-3.7677584230116707,95.46942113667916
4.86235289655961,94.66249223999867
-3.1071382673859524,70.3264197733916
3.7446017241489518,83.74940734013047
-4.838179671789669,70.04694928225624
3.056473760693496,71.35135440046702
5.2427613775422195,86.05325108385604
5.410568581226149,62.29144502543369
8.985979724626052,84.13685650121789
-6.568926272888755,84.76726217017548
0.35759600556816196,79.64726270788022
11.591949813962014,83.59613395717422
0.13595906806776004,78.2698417190426
8.740760035197036,77.58530425269444
-6.284399572780779,70.73982384811144
7.9201173388555155,79.10437400630958
-0.1538196511878871,70.15374502069058
-13.588776353313804,76.8922683528148
18.531160868180848,55.98198144872426
13.144603062103059,81.23199936114166
-0.8005693567803167,76.60202433208885
9.445634419125742,72.2861625004733
-0.13606380099694526,83.86786189986034
7.196735684025608,75.03755333932074
11.06021122123146,66.56193228923952
-5.0087497468175926,69.5677173866811
2.509930811920138,85.61379560871363
9.84854180104696,61.85958896822859
6.303045680873541,78.43491250847346
6.154498717462441,74.96537602744732
13.766954449451834,72.13471603115424
-0.22410155265125908,76.17428070205466
8.63039248644376,72.13842985022983
0.527719162587637,73.63288282335657
25.68041774864102,78.49816348617219
12.079445107324933,72.73769571997438
9.942884005227253,79.14388495300098
6.647349365324052,70.4658877693652
16.931182094003674,61.9701536821585
19.06460952558392,67.37235288745006
15.432725127524435,74.36207855226468
7.8331725404070145,61.34668998495947
15.278512564293587,59.079412361365144
0.7418449701115915,59.976535046167804
-0.7907738382085192,74.68029170723831
8.928293036746428,59.77300319364027
7.733365079792719,60.06472793609527
6.20362496610058,72.27194980005324
25.909969034364238,69.27068920388368
9.508048337572655,70.85967790588244
15.007440362266689,67.41030469766967
5.977185160194416,68.0592726535149
11.206607265416265,61.913434801991315
-11.131550735556335,52.767668427966626
17.865819711132264,62.200291394263104
12.091689372876575,54.9647736234763
19.479814669070812,70.90040744297643
14.590977023368456,62.63934658933673
15.657498281518446,65.8993258068425
6.072239613455681,51.437128682900976
4.340145920092788,60.66304905305105
14.956923130918382,60.40396693008328
10.941619766303393,48.495037416868016
-1.1022328559434076,54.67495583413118
15.322418051018314,47.20211788974553
11.513100477884054,64.63767691173177
4.2353469107275075,68.5263875513774
12.001098649929727,57.8456237651027
10.833216363449598,57.07366702524067
13.071506302146041,61.56351236440892
21.78205252727604,68.9862578496853
19.641335223866193,63.823258412227894
15.90102857034242,53.176787252560516
2.833397694990948,62.248207204809084
8.38259285999701,70.42796417504928
10.712389871128146,57.22064001860021
16.310910324869663,67.51995303822567
11.037600486735467,60.69891904175587
14.184829406131062,49.908924738896104
16.827618746869696,63.431766206314315
11.575795288102807,66.41691340845946
-1.8934090907848837,54.8017745813613
21.33374485454064,44.90551455853483
11.73223122948325,50.83718525833134
18.12526924579583,45.005203479244095
2.559093714683957,51.66348053772724
1.646817450867852,47.76615652112967
-7.14506086616691,48.458494845705445
10.992292180922313,60.956997199146194
8.481054498620761,56.4634635973938
14.371243602440886,63.90429318968425
22.064319556345737,56.62495340377774
3.0735479698548716,52.5203878041746
5.377144549755975,37.99377635183651
10.175031887342971,57.91092762662119
3.202853410036802,51.65739957136049
17.63226266532976,66.54893227444566
10.974661386150627,59.02233583392589
24.652632749086038,52.47933562819448
2.077896850792909,67.04289468044661
15.361000606985456,53.2436064047805
15.709983106082609,49.37184907074634
27.88768372419557,41.76450119532052
18.274539315924127,47.92165494425212
9.146750756992823,46.82637395780914
19.602414038218406,50.465094667429874
2.46227325409982,44.49000224685991
5.256761297214624,43.69963358707024
14.553953963529683,47.40284597871636
28.887949164200958,36.175158571024205
19.04836789754967,47.57131338180502
16.49256692260854,51.73874342788356
15.88949503386435,48.890461607865404
0.9494335241066008,39.434662376494515
18.98438397933413,73.428780876799
16.29895854535306,50.879281184797314
15.666436388029087,34.76462207641539
6.943387882832676,51.75921219166196
18.2934380595678,54.65887824036266
14.643500144720269,50.69471998001329
14.85043543467918,36.61145062800044
23.0617416128678,38.80118412947927
22.973486655089875,56.446648743210595
15.084855281523971,44.69639461462643
18.501061656335516,32.664986160950555
20.412437727560352,38.85636743320174
22.24646969808798,45.42056887234894
9.49365552353476,49.028144637582116
10.716608787964757,57.51695261102664
24.325519578203348,47.61633956704141
28.495820323264297,32.8159793431696
25.65916341123022,34.37737136822653
29.567730872000084,38.13755897650478
22.449472155953536,53.498855101218005
9.385955555711433,39.66897769905264
11.154934409465266,40.53016483701139
23.167376636709832,39.59723895824369
26.332956213060303,44.075037071723045
30.699460447374182,48.08399328887657
23.242897714415477,39.086539161935185
17.337528677328812,37.02896510449657
29.581310700425643,43.8921471096112
14.225257928878442,32.075081053477575
23.73906408828914,33.22528466125592
15.058866804898528,30.391510218738286
16.758728777097257,39.72741589950725
11.90096029879814,34.3526952627314
21.527114425911904,41.97079791593463
10.545832918250694,54.04818490952372
14.005160050405916,40.33394132863986
17.394219723652796,44.80211806722413
16.60077702550342,46.53096465155674
38.76960764101875,45.56708615131002
22.751302352408526,50.060913397429815
20.37740832695502,24.576421359086225
28.11711971687824,29.263396146044016
31.73596072263428,54.431337834494705
18.172390536540668,45.281413400665585
26.758663089374433,38.505347657830285
20.43760624973184,36.47394612947506
24.624507975007013,45.00616497709943
21.398522103032523,49.82723454310604
24.97609750044081,40.35318742027174
22.59820409681053,45.29430761438135
25.31215249818693,44.87841608479422
17.137988652651405,36.50084195343391
18.20548559400048,33.78176434843298
18.218367757211137,30.662189971614083
25.47165841690671,39.690935454909244
19.377145657094392,37.856987392483596
28.412826845539236,32.52475246067405
17.659217338686194,27.168656985677025
18.005221380593653,44.75766045794476
15.82330102318977,37.977940251366626
18.256277150203832,50.504427621607675
15.1295061089825,37.53227038034424
8.414831048917202,36.75137804074705
12.903685017702081,35.943686710969054
24.91671680941335,29.566141976217775
16.519503012878573,30.725208061787868
30.13824481429337,35.65887508322594
18.457900974279493,46.98002073733932
23.29642009564115,41.85227681098569
31.16955954545808,42.30310853209969
16.90995561700302,37.504282750334625
18.703857753666554,20.629981124848698
19.303375922649057,34.26727607297431
20.038909685576193,39.891074559232536
21.871543246257282,44.952202934456935
17.22232472914553,34.98900909236418
28.319238229010963,19.936745093592158
25.88716430830089,39.12830832853535
26.408367357769457,25.72476093700156
16.598388070067713,27.66834738860286
28.45226397666726,26.844243318211234
24.35342918761322,34.02684002248675
37.78807772837018,22.835707299175283
18.213007701471746,30.97236734826335
26.70617198717584,20.23746808591309
35.60189892620696,28.996415818334256
34.6023312309576,29.65787348525571
29.49882716025969,37.30634913499677
24.463065736815132,33.90376867304353
20.347958956695063,28.68814387925327
24.735423480734568,26.902500454677348
25.430049490544654,25.669392866755146
29.38945280907002,31.41130699077069
27.181049534689347,33.400697567936874
27.383001123616356,33.55025462338967
28.966385603211343,30.598197586117113
19.420183661930682,22.13154711505114
23.205506623877366,45.655092144257424
24.484147484778394,35.93523851618951
44.065099696835865,31.4552299554447
15.909513320015874,27.66878978877241
20.5066988367772,28.997410693714443
23.032127888467315,12.989791795295677
37.222256113354376,27.656707569615165
28.223225316259953,23.831690694222758
24.276864552184477,31.50107055221348
24.044695770596974,25.34698595137444
32.46652099593958,27.329308304875106
24.803445221194256,26.209654718064897
20.476811709120213,27.54901670738925
19.101469242422624,27.83792778380487
26.46403887566426,23.871250547837146
32.710784199054835,47.348533795596865
36.28438081133795,19.10383175680557
27.752771172215063,31.993603046418325
37.62984736106974,21.013507541812785
33.718027319820216,22.271742750406737
29.881926339951757,22.20362653174883
24.338258165698658,27.306892295700305
25.210404956914587,33.82505435125798
17.93816922896057,42.71262063173717
24.050285951684437,35.52808489070983
27.676871870216743,31.599560640754017
22.170222080934614,44.21803558984813
25.80728645925559,28.34907837334669
33.214151107136125,40.37336794057116
42.75488472864002,22.114623495898993
21.639296796317034,25.384467137185055
23.287188066836038,17.741615861854648
26.63317533989183,20.131753190602442
31.247806628709647,36.37547375280374
37.74628010498973,27.967747706554967
19.0040979302648,26.17289646999518
52.02775976029601,28.14531560690163
31.49433957941989,25.270128149253285
22.825742060788848,17.20036276155789
31.093152628339812,30.031121442445688
36.51336668584872,22.1445318278092
29.266627879600982,28.93402812529067
33.378596795928544,28.522602406552892
37.305915276753844,31.268992138663982
26.77826646927735,26.4587416245272
37.064108112245755,18.42228195511028
34.548791014542445,21.24527020279912
21.924598209313153,39.20397063723197
47.46416660530129,26.511454480865392
39.28244410093541,28.22778651065847
41.78874038290963,31.739814061609657
36.17789011424124,24.64902419857809
25.257522008922095,28.27103648257815
25.41084769390113,10.587715652055005
45.685871730331876,21.5674109997857
19.228648243142317,24.31542018175313
21.330598945096817,24.678120841610642
30.98342853130396,23.468163415424904
20.865302037485197,30.022334096381545
32.51317437729234,15.780737043302949
30.352927248068713,21.70892333428023
26.725790841036115,30.347172091338074
31.588415484714137,28.929937838248605
22.98164942349571,29.824952584332273
36.96479301387059,42.70649695859122
36.72291487110345,-2.0171382310442247
34.47310892964327,30.319486075579977
32.43960158051132,35.393152863521635
28.760215821296324,41.19220320410858
49.38733413480688,23.651046258294556
30.15890151214101,21.96654807685881
31.085808577606393,21.543737613584316
33.670032426118375,23.85774924496042
26.08053602387127,21.690173209090318
24.932339377099062,19.361724086836837
19.80806729153317,20.00704089643199
31.05991145401692,26.402822569360573
36.62535407192698,33.750063646596814
40.78930032147674,22.120788386826753
26.4521814479647,14.682551522655412
20.17721917194302,24.593362489041386
28.15804814506187,29.502928089347712
29.184807388076493,27.151103813647186
27.880710702876218,34.58705656010187
35.381963282678676,26.896715817133718
49.21302111507143,9.154194548569805
26.787365886579316,27.968539137685028
37.37771064410171,13.195702342159109
23.949330060150466,19.72090252540026
37.61289907480357,15.834397524419066
32.581447911823076,19.81202858841055
40.18728202784299,29.95780253730845
24.966434943394418,21.260960279085644
34.14357219345692,29.19370390448509
29.02747810009403,22.156112256132147
42.63574128189546,28.43015628742494
34.602296489895416,29.697205228727782
44.12391669549446,23.333872610328058
43.68694029528855,21.472674601194605
31.264621233023128,25.03477956388803
41.38042522234305,32.35742792297626
34.07861576194649,23.66842296073286
45.00461065371375,31.174230010073316
34.09220777477838,30.056742525636956
40.31208789717101,22.460472529094634
35.618108422715,19.422244978492213
24.316550290534195,19.05837282944422
37.90112613770834,18.247312171451547
31.49747863983199,23.78609300025263
18.79240862343163,19.394981740938462
30.127774736789714,29.09963028196061
27.158719531666666,20.41927097924145
49.92611284274899,23.617461107747808
37.00730504876204,14.22810771375217
46.5987743792145,20.544749916428266
43.56085357860323,36.12377904909688
55.27332352064455,12.264376011785297
37.34974342376275,15.569310229405447
42.692186491463495,25.3205907987486
38.56028065279112,26.072312356889025
42.54756568233881,24.75569555096106
41.695938577265665,21.050265995489532
37.944602138410026,26.80000762731704
45.38357500455727,17.687872231903697
28.47829198202745,24.87377466935967
27.350574835572203,24.904539481858546
45.905629773566396,8.5187197844866
32.06004522216855,40.49293558845499
36.59585790988908,17.667960539566558
34.07343714707058,23.733464328763144
33.781930975340686,20.677856175359924
28.937572109381534,20.721735059562718
31.619281890334538,33.00194222142941
45.391108362492645,21.68197916338612
35.654225557304315,18.309671362646057
31.724302808194835,23.93011542701794
25.137154287255715,8.219746389612322
45.457860565218574,9.695780575791874
40.35638952552108,27.499522469526777
40.97526989533479,15.233666085922893
39.76769378003574,36.20670589048356
45.35063572569205,14.071954914592544
54.512427973755706,38.17051533146524
33.96991747391796,19.180336980526686
40.87687903634755,11.876053481035102
41.632778039911784,22.985222502861234
41.61094665087322,31.465806982648772
41.24964316444848,18.417794916226715
43.25447330689467,27.919588416702677
32.59105794874754,27.88966300564804
63.96841215079853,32.86878877482453
33.99786997301285,25.628241066275326
39.81183632520431,39.33340631489281
29.543278966342434,32.066851441773665
47.54630485788992,23.42906159872321
32.40300190964669,13.976228271375382
47.27286913771338,23.68134882933901
39.02316926013532,27.222383372897216
37.244381105070374,29.008081832618767
46.09091873198727,24.882785716006687
50.12410640086345,23.500328799841203
26.42730930353764,17.90916107344359
41.01864184472541,17.780502072619882
34.46247292147013,25.572797322500605
44.892047594624906,30.27400541855471
46.64445816215735,14.400706687188734
40.09566775053443,33.77460673429439
37.63568671655955,20.42341439503345
47.127446746844214,22.85617300805547
44.51108735968319,21.66387932030671
49.813313749032964,32.86860803764648
32.499092160857124,19.13120255461708
39.83541868411149,23.361288911923182
35.59677853743001,35.94409921557682
53.667549832337585,20.91059918914536
44.5465806125327,31.041353878239775
37.72635727751429,19.742673405632864
33.44636568316352,30.915881636832257
53.40355185139937,27.10137173821382
48.564701377706285,26.353174400808513
36.64098918775435,34.33356242138742
56.5548279785213,36.06868754062468
46.1040919594581,27.010565733181082
36.63993359203374,32.37492800326092
36.93123050465961,31.136682141404425
55.013279924687446,25.0724594994504
49.448467794524575,23.540598760026157
44.12735054852318,27.665870971635282
52.722946425944244,21.34812717909309
51.14725532456668,16.48240313958125
43.91231685842865,37.01175836560934
36.51722518155575,26.896462191604535
55.1069447074639,36.99395108511007
40.04443794351788,30.03477266736711
37.061492181454575,27.094460188870556
40.351725605217936,11.840848649892656
43.45451497056644,18.19472885284449
49.46828241594346,45.42938320475294
52.81026554806528,18.640632136371714
49.43492642576848,39.409416739224945
42.424360198905276,33.450330843217884
59.222398013034145,19.862939550921503
39.88526459724331,37.2720653118915
53.12778534207752,38.765369650550824
50.12006212595912,21.57311127420902
36.20158067360158,26.036754313713093
55.51278089620906,28.257688221106637
34.926335445783444,33.04388158035418
52.07531311494514,23.616172318206992
43.42404289933119,22.27198304106557
46.21328599507496,34.344068936591334
37.265724614343625,28.660674548545764
35.702568736552614,24.559266111075765
44.989048155703166,29.38329639191617
35.86775168970642,22.35284317029301
38.43781213828575,31.79832664022262
57.686308781062934,33.25393255593886
33.184384509478406,20.929835824743186
34.91628109216005,40.76266397109497
50.09864822900093,31.880215836899637
47.33587160905525,32.71189216747791
53.92471418647913,38.457778365707725
57.812058281037665,29.68172758029054
58.10767485256005,29.08571289385507
55.330920632792214,36.810215669431905
53.79998709908207,30.84455356477976
58.52960251801713,31.705187072736717
54.24883124011944,34.16983141156239
41.000643583364294,11.748015634013797
45.5962329649648,18.553924694117203
54.121094027097776,32.80925819391912
38.61556667216267,45.34179983568002
50.444790525545784,20.351930061167927
40.63530091876377,32.146049981861324
51.10212245453095,16.264113139782197
59.70338407703762,19.216268150728084
50.841639910348725,24.717715564826314
53.70437108423588,41.30941096952243
56.93818011728001,28.84469931960445
54.53285229669943,27.04272886069962
51.86857498812298,39.37615224236011
60.78532283407026,43.717334003193216
40.49406723272375,31.406666215912672
48.66600901382192,50.19371671575823
44.78879393920108,39.33371653419107
64.63375419212176,21.685024321702286
53.952959594160106,38.0671019671712
50.974623793507696,41.17193513195436
43.900991992676055,37.61379560740296
57.05715781827606,37.621850379063964
42.40446422552304,39.50463081801577
52.46659589457321,31.034128276135043
55.86278369247598,40.63116016630704
53.66830219954257,33.232922875389505
37.87522526854535,47.49812776806387
45.224819823795734,48.470627182354384
51.67656779061364,26.28894044451946
54.89016643696351,47.59658870448952
57.274279383929404,36.97383920532512
49.52514941650978,35.78215731401078
52.71894821230587,37.77789298335611
44.93798773285228,33.62110309680589
55.63451936814484,47.435117776754396
51.015979455781064,45.558648189799875
55.92900223020336,41.70175508169151
44.83929063606545,36.485185429246286
56.416592198819934,46.14828375446342
49.81355705019746,35.72935971492594
55.09810422974659,46.74396770545455
43.906512788036245,30.96939768927742
42.00181546184892,47.901654189546676
59.66758351120889,40.96057062432945
53.8392967650434,45.2206690048974
56.93388124811512,40.558731898805526
63.53902577590154,35.56567004653952
64.34749002931433,41.705246964524896
56.033358241490525,41.857407674667115
50.27968615414422,38.884496083985894
48.9723482375522,35.96987433199928
54.202086966192894,43.68067814489723
60.02491325746021,41.76513635332277
57.214345158527784,40.645642267483915
40.16688015159144,52.84676476657342
39.79307716396962,40.69705146003341
40.9993669523874,56.96228049868692
46.68062639625441,37.25752943047885
49.52072200598601,40.25707104217275
53.817622490375356,39.85047684139444
79.74961272263207,49.024707520220296
58.43266995832689,42.08665331608443
56.940260679610134,44.779662670972655
51.29681739866696,33.92188159894407
58.2647071786221,42.399427921842985
55.70871549941861,45.00154197736993
54.8736608563121,40.24144816763272
46.40659859971098,40.374630765642
69.48036362557157,40.89994642904081
67.60938820953123,44.608548955575486
53.57690656053527,45.578101466904194
58.90979907559955,39.73382642215364
67.96619260411715,49.29782403143418
54.03439230232179,48.30835613823546
48.39678648933082,40.79898828992991
58.45303239916037,61.71113987363924
50.72532017386034,48.62545822328654
52.645356467409584,54.068243792975714
53.48027721135771,41.06661420080087
59.773385939044445,62.18440560977389
44.98210088239327,41.857248018698826
51.630828464032994,50.646800567033125
51.94261479375995,43.98359818627972
45.53720946531613,50.87507112616341
49.75130192219539,44.26811554271372
66.9065198819636,55.0970797675008
57.448359789085366,46.30851615953732
41.49976699113654,53.655592400582435
52.48629620285851,34.80694350533369
57.53924378909753,57.30817726667477
76.59580898382391,60.9397691817185
51.690266132228246,55.08012568310182
65.65501300220537,42.43789423167606
65.11800020647502,38.96961374809435
60.58353347779899,60.97566764811637
53.877661856833996,49.503595552530186
66.34548090800152,57.67081272446421
45.87983819752192,46.66177891881354
61.000804287783915,68.72907007745015
56.75292618807769,45.11683829346138
57.950685054632075,55.1910629591764
66.73041885657145,60.51336130557908
62.72785376417162,46.364178413004744
72.67420763641405,49.62330661988441
53.387665786575575,53.9596121631193
62.78639993992036,56.69542159727948
51.46935986415586,51.924776533063714
53.93194397789166,41.52067024919961
61.192668481434296,50.25947609236731
57.99614440087294,56.036968066303324
67.62266771982499,60.410312352469745
64.97832644323594,57.24773212708482
50.160946448360804,41.67592185272955
50.562190787005584,65.49008662235123
63.99216288624818,51.803877878647945
69.03342931589012,62.32650946318359
54.72591127253642,57.267745866586175
63.72217789250175,61.968422279682926
53.1935529142185,71.43412554070466
72.31404265182096,66.02834350927085
55.74531472719213,61.64577615100376
60.944219075927215,74.89211879376403
64.02964072058975,61.68290950199171
65.36950851800155,57.41149782417118
53.32698645260721,54.61270602283827
67.34043844006244,69.46929691888872
68.32579424721422,57.57956420888831
49.69612615554334,54.76356540418822
60.58431074907551,64.90849546908832
67.03248452522398,49.9807854530105
70.29158469008321,54.988987730671056
58.670735575165224,67.36519831069994
66.86516289389878,52.70507754496172
56.35537966374951,60.109748438017775
67.619936434454,56.13818411614105
68.76173045008079,66.38745493700793
60.856952195268946,62.157065356701125
65.94656762998592,63.87830501005712
56.84634227721746,62.31772079221754
71.60444700180472,63.9323560867254
63.79829098168874,71.46710128282518
72.00926246630826,78.99358124489481
71.77997920146797,62.69292551092356
76.74734102753708,58.12048197965716
63.24629051550169,61.20241834505415
62.603965491881425,59.94411866408488
68.62385788504358,70.44470212279825
47.90982545754504,70.87538914362032
60.6902666684025,69.16082101925022
62.98125194000558,78.25799850463055
66.70310788743863,66.06935235062726
59.225126111516836,67.8419176035477
64.58206438832615,64.03130091103014
51.82967484783415,70.46842103219647
60.99901406358914,68.45624033392208
60.65321134128629,70.84928078724353
75.46648328469297,76.2416892078987
70.45384898770244,74.07856099965055
67.18636348934126,71.36446199267706
58.72746962926219,63.200830881836936
71.12037330809012,73.80619914808972
58.71796901384062,69.52081827369926
65.29887867110352,67.22026017029351
58.03470154079484,79.12064874015876
78.70177260709976,65.81628126066562
70.72545952857905,63.34909353248497
70.0423111905424,66.59771526979983
61.265517952597754,69.83603587860381
68.91382504325875,75.06459249754379
79.26363257976463,70.21635801331422
69.18837529390402,68.95462613832136
68.11453510598298,73.8344468225802
63.87367833601965,83.99437078483561
73.6005062188574,74.72236449382584
68.64574476277181,74.74142281375808
71.51893209091219,80.87720565586125
50.48166158560453,84.69933214174473
78.77727766464875,80.79102412533959
72.48244903972211,74.49978500118957
64.69981853479281,78.3648529667884
70.17393261075202,68.63748516679226
70.28415278017893,74.64117188596681
71.91116368870135,80.04453539932271
74.76230225482638,77.98486874964061
65.04342558141249,78.2074655964126
57.9086291331728,68.02940525382222
67.7134898306305,77.88785309898587
63.25901042641595,72.99782785961744
70.9367027289378,85.57487465009754
64.05237152430318,86.01353564808917
72.94388321292918,69.98792027702333
64.38638276923903,79.4642162075963
64.07564421295268,100.76405097494678
66.22187484807348,87.21138390845086
61.25465760589467,75.07430573350895
58.60062190456959,74.1701331335457
70.94214712879632,75.85905575810432
69.80458919285273,92.08990193101432
64.46070765352941,78.09511162884691
75.47079207969311,89.83091746902247
68.74158778248352,94.33831972913958
72.06662269429795,75.11774302494301
73.73974999832056,90.75736156526267
69.18909351076714,71.19258690041164
76.99873671607587,85.41829604527666
76.64740101988365,90.39369196434123
81.13568421646984,78.3581531622776
66.68898726836888,77.08801460899639
74.39320639200076,83.70983505155971
65.28548214865879,107.47427533421146
64.89121050197406,83.74254007232582
73.34122578457318,77.34434548044742
73.75634601898193,94.36224844788381
73.59372537786778,94.51637724919563
69.39978446669507,90.22958466489094
68.8877488703066,84.68053173291675
84.49181858515048,90.82947109076181
78.35855969854781,98.75892690951304
70.31798022984769,94.52438326778334
61.21509708463523,90.67018515934379
74.81628100730416,95.31016877410997
78.00306914218477,92.3494629231295
74.93490986426447,97.28397090221776
81.19160782137294,91.62687893583995
65.04900831199224,98.18027087480928
67.23675322426173,81.89390163039822
60.975771360183955,99.17330316731615
78.9142284323022,104.1915450623992
67.02767657182581,94.38699837723554
80.40856959649717,87.55966827702409
88.51090092773991,84.69105900121211
83.66048499851279,100.15715019605331
79.47641991988664,94.82500721110716
57.721247644289846,95.24136560912761
76.42071418571697,101.7086896070026
70.55761277788856,90.09909538976204
87.5990053297185,101.20010683244976
78.84966149735021,100.18194555366728
69.36717733463877,94.02478426411855
76.91520660913085,92.17222623742374
75.56168706381825,96.8318555306833
76.03372462859764,112.33017518202095
89.65100273989597,93.1050785734474
77.19004291189994,107.43575555307153
74.43631281163637,101.93445354866914
64.80383659375724,106.4751124643965
73.8905445402238,113.95803499528158
74.85254935017122,98.62752219805641
72.49410799216646,105.24387634818092
64.5011206086022,93.55226198235401
76.28504350175547,104.26555172447064
62.564151663739025,89.69021151568916
72.0218555694441,100.82164529859801
68.63861028453577,111.92503995993829
65.97483986365617,106.94777599169359
68.59103153005695,106.32465770977802
74.02224987691349,107.6470458769045
88.1157759552768,97.74645926799677
72.16738870034229,96.26117005528751
73.95443510117136,107.95024393026726
61.72142201076494,103.36449445843535
86.98772805864168,104.28187891674168
81.42918964724869,94.67873604800272
77.09421726802033,108.53949717160708
72.98331537461712,111.76908817985388
81.06015194569034,113.80452443572126
73.57396243357368,94.33333735369254
71.72962980805686,107.12869887984219
72.12822030557373,90.07192359391499
77.62680123641987,120.6861651232467
74.35511003531555,105.96527945130248
73.47972536627486,107.768746791355
82.03711392255919,131.74285805830058
65.93825438271718,115.62384682460353
77.16417221926197,104.57413417466222
81.01392297381429,117.65851554828691
93.83830770385187,113.97645416409678
75.36191876326424,120.69154486604165
75.6892783843091,117.0178811403858
80.47348712020272,124.89323568753662
78.21678226740327,125.96059749225061
72.80557888901829,124.05824174018105
93.26655381426244,115.59579697892968
78.40450810336483,127.56490575328137
85.71113633108746,112.9895294367665
76.23432954770243,120.28037032135767
79.15933071991445,121.99108986502327
88.60249386211726,132.2829011383718
82.92933415732836,125.17406990283041
90.91747606634706,122.91397192969261
85.9092236658187,128.47256041350323
74.71138042685108,121.9144640266444
82.09612578075678,135.10744555845628
70.02832864971373,125.29482279539795
95.19477273627597,124.84034504923957
80.59026350372291,132.3450258514034
87.33252296353098,115.15224337822238
84.31923944040437,112.97346019882521
78.23263366030118,124.72993143183547
79.7300708898473,127.58174741907358
76.28506478618439,130.5882863975634
96.18852389175203,123.36745317090664
66.1684270090476,120.28329033697429
83.06931309338104,141.44699000841274
83.88867167495872,120.41492397913262
77.12429499530775,127.04111522496638
98.41801131552471,133.56338476783503
76.50026096715796,130.05580910228218
69.25802774966326,108.4910433958192
91.64838616466088,134.57307424597752
80.67034450443931,137.03433099581895
82.03630071364626,139.38883358468016
62.62201253984992,132.35223353505322
68.0362466477505,134.16589001611734
81.64168725309855,129.09447737665212
70.01085923930793,129.76117944706812
86.09234150084538,142.50951738246505
79.89391032497073,135.59103178530714
84.44076228115937,130.68445312982456
75.96276389831704,131.30029839540362
84.34376011321743,135.59415757614727
79.34252684734663,142.34651897428387
90.375357148404,127.57957101257176
72.85412315705155,142.05461459405763
87.54573467319919,134.53387801825204
73.6498999398425,140.00330186041262
93.90297406028218,144.45131208435475
81.50013694557673,152.09308002998827
83.62220334407378,150.6895144151966
86.27443640139407,133.97263962322114
83.78462071017111,132.446858895457
75.08168211419238,141.6664414209985
77.45878652474737,149.93559445266138
77.23622410093873,149.18253254959987
78.84616096044334,132.2362820933691
67.4971449508257,150.25294981821165
81.41435515913165,143.44224782956158
73.17297812844393,150.16014674132748
58.18951522983554,153.29983952142646
78.4748273660169,159.78145038844838
70.70225497580064,144.2783739507698
80.29061592705872,151.99435479922562
78.06827376188755,149.40659469290406
76.14633791681052,164.9415894379398
84.88490247797249,151.66768938410962
93.15383415633461,153.6780725694784
77.2068572216275,160.93030070826165
86.24237100220869,157.47944664535893
83.97017415179806,163.587873339944
95.1178597793959,152.50299694507822
81.39508456223972,156.02431593053564
78.30649634303069,159.44094267132658
90.04559381341545,150.23468527128082
74.00946990689451,139.17757819885261
84.64391817658623,140.71654147335565
87.19836651135842,150.0588155727357
78.230496120921,156.1657825671257
83.61404339021435,161.97490381887593
91.66935016299225,150.72720566020192
70.01196021730254,150.5880772646084
92.68118820477001,147.5376816149469
95.31143404694686,155.94904972491634
78.60783309064661,171.61264023996583
86.83252858018592,157.01368816644685
86.04691037038188,159.94355683191313
82.60335189199884,162.3640369600534
88.59721375666503,149.05587821921574
95.87246372592688,164.8394946705505
94.8162294900311,158.56004608032578
93.88561493029734,157.50706165576537
89.44387643165328,169.6559858993134
94.08672157112858,161.7620133557591
84.93286892934893,173.51562352675822
82.68935740828215,163.54406603262535
76.76313687504589,172.3437362506578
83.11780266216539,164.17493541570957
91.43167075667733,172.99824504484738
98.43086146340981,162.9743639649686
89.4778165988125,174.98747972175076
90.67265403884782,157.08482059711523
79.68699051145708,176.42811104453196
90.30735039179004,166.2519458251778
96.20666438594992,167.26594942046862
87.5794419997367,174.112905077454
87.38652530233722,186.20833477148656
91.07474684529144,192.0669829015774
96.38876070654563,175.37071580337653
90.33571301063495,174.6912867412096
91.15842665750776,166.08933931800516
97.43351461503117,174.05370675576503
64.03711727891593,189.97603960779514
72.41526993241794,167.24517169650866
80.73153315846645,169.00473057091904
87.66500044574755,177.54417844587294
98.54697184504957,182.09753687413195
88.05076133188034,182.96224350419573
86.112695488305,183.6348393987194
93.790691134559,178.26888782518603
85.81348465602719,186.08803536488037
101.21730583473204,194.6091318943687
106.56445790408361,179.1016203561642
85.87569145066065,187.98793911491362
89.12052687151441,186.72341678622047
93.52407513019209,188.03846217253482
99.42486462258434,185.94828506926007
97.07958483639594,183.77854089107126
112.91036740555093,188.61747975600616
94.77836129767377,186.96117075836486
77.96868885556243,185.19860998102902
94.25373822259483,170.05102987027192
87.2508370255119,200.17257505207277
97.0314805667374,188.86448313882374
96.17189880446332,187.13377934217436
82.34882180839894,170.70529952590218
99.82309940462123,194.54744179675413
89.30650554663661,178.63950755231986
83.53575464062554,190.47004481719472
86.5306929162658,193.99346470899127
93.49182223950363,192.8264092158601
91.04952954190064,183.05900166084587
84.91240652801848,193.41591293926191
81.772743151634,183.1451743453069
70.7151011597931,187.73174184936937
84.18132371441021,197.3676983738519
91.25802591217742,196.72344222262026
104.16441101527403,202.52123791305848
90.5752816642359,180.15816749572934
89.78170331082534,199.2289283121024
93.4747629368967,199.56089811759682
83.73326072274769,196.36175698240774
90.31951222706563,180.9588089541803
92.33592620537361,199.33325560526958
79.37273201925848,201.070295115482
95.23116770940345,205.01659797016103
89.20556513411051,202.35287377276808
100.28697463661577,219.3431164039221
91.62488138354473,216.81330174543177
98.73099996459655,214.09466663688633
89.23711726977326,213.83490556317125
90.77935927223939,208.25266824821395
104.3558315318537,214.46866862699764
94.7538954095073,202.27104318518437
93.15049031672474,211.84357185924733
92.04437422256632,211.04905423721627
89.5173187801475,211.96802005541468
92.85882092991721,212.05208078578463
95.60646290221338,213.01985109998148
87.69095250829861,220.27057859950463
90.42724360608106,205.81565462953463
98.07371672534532,222.72355768253013
98.58041756408028,223.02276997913145
90.72216438741319,220.08760513172035
103.88205249355656,218.57769916870996
76.09946317644204,211.09898970100775
81.44309219891458,211.85705135274475
95.87697979419464,227.2273843233218
96.20262810437858,214.22939943843286
87.5413804886644,217.6483506830561
103.71092921910079,206.11617162159504
102.56784062872462,217.02054870845947
101.13470263356335,218.55422453123492
95.24697308162258,233.66820255983788
97.05655634910201,214.4767661202035
94.43767528187543,220.93639926904368
90.09459928218656,221.1773119947267
83.7443227176371,221.1101112891499
88.74828053789275,206.3823266564955
96.59530953447832,222.09086965478022
101.72471144852474,222.90993305049662
85.70907582896848,220.9668653042025
109.86413216543664,232.16525603829288
88.04457134664845,224.49087092570713
92.7102156696535,220.31676972898882
95.65534474292568,232.106244968042
86.60424736558024,245.883089151387
100.47526329698154,229.73879569166257
87.59761409665076,220.2833934536382
104.00474927707475,232.07372322566115
97.67724866490198,225.95896340768195
92.53546279696496,237.98762358222845
104.12944118410336,243.1502033534818
102.70298998442951,233.3125520474252
89.75260082083915,226.60287329281115
111.022676513106,233.07143282492999
91.51929718818388,223.95760854502402
94.35775471966794,221.8626254454817
81.8530778364049,251.61428466803997
102.38956692004554,251.9849397245682
97.03614266549103,237.13813708760895
97.27379561700434,247.42978637345024
80.07993952414338,239.78530589604242
102.81031404540042,232.73235824180978
104.55349399979153,243.00898049237958
101.72294449468406,248.68407400025984
96.0024313238611,245.61571319950465
107.05611973135535,245.12074228837895
109.51885624255048,244.41326762222232
92.81941119051947,246.96013180751035
99.45287832979017,242.9974914007586
94.77807982852238,236.11019523711906
95.47878483827174,249.41033724855825
107.84567076421217,242.47011218864532
90.75090414991536,240.90732708961892
93.42779756388398,245.0320050218512
102.6815258075267,244.57947809109368
94.84572118256175,247.6625471530066
95.87310693701947,263.54036745923224
112.54801194228655,253.97525420475614
100.88641564341644,255.6480697559537
98.91264414934203,253.1817034494914
7.182137414622617,30.12090597741311
6.268218305368664,31.93848492760284
7.434723424913617,27.57720138514387
5.2514083565188825,25.900556835783533
9.723182814129103,31.676719651034634
10.116387555580618,26.42300283576027
5.590366997560938,34.38360983593181
8.223063464358699,35.68867358604812
7.532725720049579,33.64518326131127
7.144650078867503,32.44059863287693
10.65037824302356,31.686134798304934
9.352039475876905,34.06108963635782
8.834211354206166,27.38671678462061
5.437310827754332,30.478761944890003
3.7135717141164313,25.486884768584833
7.13727225896362,32.053526378820976
4.851095017203789,30.281669903442484
9.244788159140493,28.725081193945055
4.795857073162029,33.02836452948786
1.6985298055722193,28.696294738179095
12.996479653301336,35.88775141018524
10.906910169636772,30.16015733204043
9.531006774646965,32.12587278048705
9.103084585591937,32.34509565605589
8.30938940291938,25.972513059923735
5.637200701595258,35.7390096202473
4.646972525755844,27.625091478412642
8.145638453238984,31.914422316864375
3.682634930526211,32.708353452444875
3.5160582360054864,34.33654086378051
6.5531598984241,29.964849921179418
9.055841895617421,28.27111283644621
8.377356014309944,31.599617756129856
6.611483901317502,32.765799961951416
8.623025465479927,29.216207793705195
7.325732009552875,30.702126761865618
1.7160666369935225,32.84516302879264
8.45758486187169,29.893455153513898
7.883312775221878,27.512388476206173
4.818506469449387,23.856452391105158
8.447070538611952,26.633788518924277
5.776301077549873,28.630480697682525
5.208073111805256,31.72796353473248
8.03307433880841,26.806619826203747
10.236053567579624,29.558308088588355
4.810386012525138,29.96413895114902
13.669213500115017,36.90428003238166
11.590807280583746,29.786354820634664
5.057829265533082,24.66156098763862
6.2938386841125915,30.550435954753773
6.580313863005591,28.632007485105692
8.899795167444381,29.993281548090305
6.230707370943573,31.54361333910662
7.426925883855669,31.108798638196994
10.901835635093224,34.64567294412428
6.034183188223983,28.94320962560116
3.107390688883884,31.981734728951484
7.635106682957689,32.45186844848981
10.563577221759527,30.519970936964665
5.115357811418044,32.94021300207937
2.948846854021025,34.373979862003225
10.114057969012306,31.483334894430033
5.837000620989995,28.73547267591783
11.691718870506326,31.339620047029968
8.117663029948918,28.989372601777617
7.191328094932072,26.447431998664737
7.842474198459604,31.223169470248205
8.430598916415661,29.44955293553204
3.5227793912519116,33.543622205976725
9.256342448414133,28.507377457708404
4.733070622319699,23.529378223227646
9.812881023972693,29.49400932745253
10.271392157336596,27.838194123689085
9.812710818996779,36.72260522983913
2.3454236749560717,33.37361125214431
10.981952989167064,26.518670291179248
3.9429581707976205,31.824819140420317
6.328217608194938,28.94316062784424
11.764916337588952,30.46995509511413
7.771944283004799,31.554952194320933
11.0250623699407,26.244313411868752
11.875814849401298,27.5186237629905
5.5670452186263635,29.226715351647872
10.758231995123621,29.7244947348518
9.766399219960139,29.407964202503344
9.371692114134182,30.34604502312528
7.716176403094277,29.67581183514225
5.381660959646525,31.447384922368514
6.860912981761215,31.17968588233444
6.675867464099753,29.340100502286997
6.639826707027575,26.38355312419742
7.792776560536772,28.118609887547354
2.3910655260653852,31.60245413033638
6.489075546857788,38.83545608656307
10.584654547980822,32.09719980326877
5.886998118057331,29.603464569277754
4.109958378747157,31.9068770823483
5.524664183026655,33.387594125897486
10.763873483872517,32.844838294778675
7.307730505143448,30.066313185493797
5.870708098880742,28.358740757757676
13.926344487550727,34.3732744410096
8.03978759618093,32.878275099547245
6.3814034666430315,27.714890102923345
12.836129818853113,33.47234681812454
4.231900972212939,28.466823183689705
5.118351457333803,30.771157624534805
5.958703131979204,29.469338686278522
7.268322864084037,25.353771921094
11.960725367114158,28.728609262144033
10.726656662304768,28.074517916386796
10.180269136063899,28.024801676603268
10.009818735085474,31.155658376523228
4.534982681421546,25.894648003777704
7.051458826229934,29.220167597003325
9.587036302436037,27.417524134809895
4.1952226430113075,35.216677265293555
9.032129293907243,24.819535316023273
8.072068318143419,31.09117734535929
5.866636017156397,29.49508600605389
5.737567464538076,23.610531489715193
9.099409435398188,30.135811519535164
6.668062196925636,33.61571324564346
6.920759994166458,32.503890446095575
5.049212821022255,28.358699054364664
10.716890116866914,27.73152217387156
6.452256576017661,31.16801228596328
4.958637452713582,27.601366675796864
5.843568394474794,27.88151550359388
10.783094608283813,30.326313078142682
12.46498702229935,30.464126724233427
11.914227682943608,28.299626845935794
2.9932135781628117,27.380289092648024
9.365810590076402,27.742358323094606
3.2901440620686264,29.711851317605568
9.787278773292782,30.811481220089437
7.317815912915565,32.85145171482862
8.926161088654956,28.861447207815985
5.300323502744055,27.24716923953837
10.310123843452583,28.829947614058224
12.119331919254508,31.817691925752808
8.168063294825071,30.23881342178015
2.5370351315162036,32.21990336062853
3.5553181741160067,33.46926522561837
9.377112222573325,30.64810725721097
8.759460277768566,27.713101195231445
10.897284061639487,30.843968781354565
5.434384916735564,23.554617172377192
10.025071992916764,27.69130450178789
10.14952961576346,23.489923769246563
2.858595582278263,29.040525070983918
3.828285462146171,32.859774232102815
6.343903058645826,31.59461690496057
10.277501253715045,32.622761752230105
11.507627703680134,29.32552587864708
6.684016170149581,27.95441429053955
11.067375334189453,31.53736338806683
5.998818559032998,31.00892866133346
8.700738636399045,29.401966889383143
5.62869399421245,34.786803838635926
10.098748747783816,22.170864138105802
7.230082847110046,29.407806414191164
8.08791795656065,34.47753613295572
13.116115856305232,28.846555915536104
9.676872361652103,30.846396739335614
5.02687643775802,35.789993138313434
12.876876923582358,27.62551200598265
8.736914468559226,33.9917153004535
7.382710666005865,25.62903191874198
13.066425342556634,28.1234177975428
3.4405380852869385,33.171445667550174
9.123383376137227,35.01505112359237
7.635481665482931,30.500783521892846
7.823112710068999,26.143756292531638
9.314786306272138,28.285764349699463
4.741085074669678,30.967852332959186
4.43992260203594,32.0274153313711
8.988345863631618,27.057938236646258
9.052169808707745,26.440624529010126
10.09826803992216,29.672377596662056
4.327693873391487,32.0118063199989
6.396020271336134,30.674776702300502
8.342648530007477,28.39623251435733
8.579680135576156,33.97411657688943
2.670780860983081,31.468778770357655
8.781192416062641,31.012045528276758
4.404451449488322,29.55252647237905
10.07237824386556,32.618600774077585
9.127316528871608,30.606961731960432
12.366442209130408,24.96516492406505
9.786770888024808,34.24951518466169
7.324450079977743,32.21834402443033
12.550381743427648,34.5962171016433
8.837977513017284,32.770672389425876
8.449735674770292,30.638843851968947
8.14891457498313,33.33927660204567
10.301233023061373,30.41528711551344
4.627178836503335,31.148499762547093
3.4027039858850223,29.40378056157927
15.269163532783335,31.930615647281613
8.787061528151023,28.8803576989608
9.93334566642292,30.023286873400032
10.249982583433622,31.58333618189759
5.718000657464636,25.47052898865332
7.780316712879628,31.00134414934344
8.609887372644254,31.24147373115075
8.383013129855486,30.431231800141635
1.8244681157219569,27.00757517827135
8.089664270901912,29.80962969540055
7.293280552327103,30.305690202598736
1.3641814084293609,32.61651994729242
6.802006068892495,33.680181828853584
8.039412101347505,37.23417497519425
9.060729494380928,30.98814320564361
4.609508515921477,28.393517028380202
7.009577268954363,36.36989899511409
9.817458214825868,25.225783247027664
3.0693558316260514,27.90501212900429
10.998175661722073,28.73232975571907
6.011215468602718,28.143166954029297
10.963857087981909,32.53532000119352
5.183480368215934,31.89894691947756
8.406609299939769,36.94123982634646
7.552007104312221,34.96983989083754
3.473435852925853,34.40702601884411
6.112577930633007,26.05061547189748
7.277147952508841,29.45515210210675
7.570006412861022,30.976478458895002
6.325481860819425,28.742409433188808
3.931619630389682,29.988693187051556
9.874248390177037,31.829275248138106
5.77393607420314,28.31189916023912
3.4583728698876506,26.43664137121916
4.37700082675323,32.552371392692265
5.3955919493672315,25.05142838501469
6.282583946733816,28.71644934417548
1.9447257994007776,32.357908271581934
12.816933917591088,31.382438522864295
7.1490559614996725,29.314362301872304
9.589593854128834,32.131351483258925
6.054117515101616,25.020374932300673
8.280746824086357,31.36291307378785
12.299605540185677,29.883510953640783
7.1364707782465535,31.817401275897506
7.402076793729056,31.55685724711041
9.686847843384198,31.668577663025292
6.055131757271135,28.918515180696133
7.3757098711303115,28.686616122670376
7.661550941233809,25.860715527883336
9.75111097075643,27.64948172434367
10.370501963426639,27.81193816639742
8.343813550976325,26.699756635351257
10.149518996188256,27.922522097828384
8.634890596543457,34.44027927538989
3.8113499862369142,28.915792084508393
5.119007668223771,34.28040895965256
8.208197963769337,26.90665729428325
11.568321438007914,31.28556382988423
11.845347055265812,30.127554452751532
10.891089424457682,29.207124256770296
10.996265941339056,24.347647751929365
7.419964745863816,32.67544162684892
7.1066348476664745,27.60757888613248
8.49441120136834,28.91641218751952
13.27969673819678,30.84800364057691
9.530572636759453,28.56149752899846
9.323242309584792,30.33359745529844
8.597921857816534,31.78999862487257
8.336554638124626,26.99728598176678
4.987172914336115,34.1961563459033
12.341775064994007,28.46168676081814
11.599030533636217,31.53529961595992
5.208148415238382,27.09971510060207
9.65348426979229,28.06570775037061
8.090980669579428,28.853320935257145
5.862038691737364,28.55616320281498
9.394267542215767,34.702211249002204
9.118247025995673,25.244942028593425
9.101686757567533,32.55782558422539
5.508727170853666,32.25891414271669
9.896193289275184,27.883836646897418
10.785024530654006,27.36494334922147
7.285074269767751,26.71208158745157
7.986930545396189,31.180623252142514
8.39524843515754,29.430560932158016
5.66229003750804,27.779313993941706
9.485119066133718,33.06780839047726
7.165133620461223,28.97130734470469
5.762264676285057,33.742413054157964
7.594627014724746,33.70867699062983
7.904305655386063,27.39306427867284
7.841791589886457,30.241723284121615
3.3161924191680496,30.742033701997048
6.387247403959275,27.768397386734602
8.000574452650797,30.321153634224192
9.509123865099731,24.38099906973956
4.559254821849376,35.087422368278254
3.2030223941314473,32.76234391387058
8.137739627159592,32.44292538877633
5.352146293832673,30.554245735983137
0.8153019035610258,22.297416007392965
10.399850457747338,33.31430957307666
5.270578794843043,26.587102909844326
8.291378616144215,31.416324582537804
3.9847607919601855,27.75237472579198
6.036143065380776,33.34142598375402
5.052251019472191,32.16304652891274
4.557772907208887,31.243526328071283
2.7508236104044332,28.602581028809723
1.9504581219333774,30.78029131257224
8.200967557139826,36.130117226345206
5.007742362298277,32.11685385782031
7.792207049987528,27.920823104397726
5.7255299875427,31.932073696166448
5.093952433164483,29.56018982820442
0.4080059645061489,31.913795517275823
6.079509686271562,32.223188578527115
9.32292211947707,28.993674221588165
9.9946184117747,33.674558761698705
6.47732627265274,30.492295739833278
8.699762343919813,27.015599272679484
6.460758711869535,29.98942896104544
9.115289567831523,32.6924942345366
9.318177663317773,32.34649441980391
4.457481472846132,28.159249304017326
1.9927176373616957,28.96443521488625
11.852299128585923,31.203843887180568
4.093728653026117,32.58356326069245
8.78461015349859,29.30031329012899
9.490814233395609,31.695247572794695
8.404034826931637,24.179939054325445
9.701308194401534,32.23655928873441
10.06379358309745,28.06643811981328
9.331553335020091,28.71457857919265
6.31949346362039,33.096547619042376
11.117215773784066,33.01922501289919
3.698900297827014,19.740262108869636
9.113234962774579,32.95833420569001
4.084190004050701,29.599404521445095
7.512005234692014,27.034590838898463
6.772267735301418,29.811908314226574
12.040092210949695,31.48257478611627
12.596034821979515,28.03682824072519
9.721961193785086,30.453629260423856
10.131639964600469,33.63477956024966
10.199188988311345,34.45362242818448
9.762890901892304,28.936205223461453
5.893501369190325,34.481762453027315
10.538882022820559,31.583565567686808
5.431298759437979,29.81335999387476
4.767285669742623,29.906572155167662
7.379079764066914,32.82707232800434
9.061108113548073,32.812791782459804
5.650004508759041,25.034137968911637
15.114494826016426,27.85548756210929
10.94250822843667,30.136601787337277
7.242501962995826,35.86330898777739
4.869470748635942,28.144828631900065
12.076524090044586,29.765187938345083
7.072841058157552,31.079258504917888
0.31553367857201753,25.38433206141031
9.33385809363869,36.03464926387345
8.216849733960798,32.395681840445846
8.363627539015337,32.68005833475082
4.692158310581339,30.335033533132503
8.486661598717323,26.31190590152466
7.515401929041979,31.29516634713956
8.320193858648544,31.666605873961885
8.725396229502037,29.34165987604495
5.950347658848226,25.03486455278837
3.911113465677163,37.551871449693806
6.83898483849922,29.37059921559523
10.267551083743218,33.585491650804336
10.132363243441727,27.69088308459403
9.003652105775299,29.300709747650764
6.435031387611669,29.659097734460975
8.389227386682814,31.875953844222284
3.7323371760247586,27.96429592032603
9.921903316127711,26.67647935472785
7.229173193289621,28.502446498085593
10.117256573223482,35.70701862129768
9.496899636832072,30.523694702943832
11.298518122480047,33.18492607102435
10.86913190520211,29.766826790281502
2.147377278376487,31.1942129082713
11.261169129369147,30.78665680691368
10.949447289891175,29.479966386317606
8.100661628441024,26.352536536981418
7.185642266346622,26.25944490427299
5.698752452766606,26.44892321062394
6.320573543835724,28.637704478086036
6.4335470108886135,30.1456226060015
5.442986562522688,26.9506537952458
7.623930834912497,31.606851144895177
8.074441318484606,30.34663432254952
8.298669172730028,27.607101057154374
7.291437011048277,31.277583088157346
7.107721476400218,29.034183935033717
3.660595550649142,23.761519347249397
7.344347951358817,29.228359426530353
7.300895174604541,28.05352527798921
9.271256919599171,32.337497228979146
6.60754494035348,33.556576999660464
7.250705944667365,29.388832251285432
7.500575988759754,24.39031613735154
7.916922207434437,27.667875776869497
7.3334595652118315,28.877332206208358
10.849843101245353,34.4160814129872
6.991832192822949,29.927559877881144
9.667268101727677,31.906896227698915
6.507046768789934,30.12280164342311
6.1670637478902,32.95954718804432
7.897599382667367,27.89337685303901
11.01330816875296,28.47609698627049
3.005273908782491,30.702287622997346
5.146599616593108,28.61096367329494
13.17086516166777,28.605896955802493
12.187027048635823,27.128398276838908
9.791746119143314,29.85502426171447
9.178436570733751,31.315608689914043
8.177431452020533,30.791353873314648
9.936107818105821,31.514476180078255
9.102635266879137,31.64778978225218
10.546612522259434,24.86394016419389
4.494746041284483,30.480691397767565
10.62544732907394,30.661843743428264
7.0349207816558845,34.04204931192685
7.017190975103986,31.20140041494313
11.552564382771415,30.035110003071264
6.6663632400001624,28.092480253594804
5.2324395229116,32.310241937037524
12.512487194714183,32.44356079486923
12.613438332007782,28.27785135034353
6.406380124644823,31.636570284532173
5.896968639849528,29.885223715105152
2.9359740349384014,29.383383851905855
6.499760491084086,31.699156606450835
7.7622185372446575,32.92423784532643
12.267406630858083,27.55382281067576
5.746452117465279,34.79396236207401
7.524350017628509,33.01534190734199
8.299922197446895,27.650886818754273
4.285726560862495,30.189667938997914
4.693660887002559,28.992499790929195
1.2835329886245734,28.71353671241186
9.498727992907835,26.829737108222815
8.043123679425946,30.842835310917145
8.035004879477354,26.842189347235852
6.856553813363048,28.19038945357809
9.85144452956509,27.544554891675787
6.1493708460094245,32.916033165628654
6.585337042707092,30.529993907269986
8.896200860574002,30.227617452642694
4.81708627229567,31.816058692811048
5.4460115026433265,31.671919595295073
12.491161020932315,30.01953351675783
5.951257668915974,35.65322369298771
11.947592756689456,33.19874137908279
8.449611668632915,33.64753513547377
3.124793661876314,34.42002390206679
6.805622342232979,26.924274602796952
10.235808362631579,32.492638046340176
6.956744079758896,31.071124882791537
8.969580223068313,31.036777137023524
8.818282716316576,31.661000505050495
9.31343442601877,31.608117076483524
3.6500942012788276,31.50305292782326
11.058910740860705,26.908203684142634
4.88875975098466,30.83323953237072
8.855870064215608,26.438609251461532
8.810603778989913,25.175992288030482
3.0121655748543876,28.964615977086773
4.4341359565435745,33.32554907399324
9.3010844715593,32.5801253930044
9.78274604687976,29.145084078377888
7.968296214838769,30.683491221810534
9.570917098927604,25.278377045087872
10.964698354351599,28.271208217039707
5.538721485572001,35.95908553242646
5.733625720312025,34.374386046995255
7.078173746775796,29.14207289034663
9.776807667518787,28.647760388575648
6.781633418647681,27.120642993673286
7.364105456694568,31.1445111549334
8.343895328014982,31.271947887942634
8.267014099929707,30.521933276171332
12.432509321177664,25.106215332047828
8.597558765934775,28.683011609617793
14.756901859824485,29.081886791464342
9.032953446495684,31.265084813996218
9.226230792877573,33.562289448083995
8.86621373695166,27.660866968596796
2.6721361712179466,32.69531709879261
4.257840144343492,30.119362159904995
8.517633226717205,27.58540232096679
9.290315476708058,29.49361897587619
9.1331114065768,30.278453263872414
8.359566894211634,30.359663352015676
7.355978478846308,28.4324139048342
6.299360184849323,33.16600604186536
4.536442567991575,28.380357313879394
7.960992629727268,34.63779546260369
5.57369603475892,34.2864877999913
10.121277479636252,32.39041356225687
11.13563217075648,27.88833842025611
5.043976777638484,25.558408208979078
8.383937027732406,28.837475904952555
11.940354696062933,27.50230997068544
7.0424927700205515,26.31452763419909
7.655891871535382,28.226217400594294
2.9045848733919684,28.257564341553387
4.452693852308023,29.62064290246125
9.183195169685092,31.578991332202186
2.259957770170498,30.60320625413668
9.216482460300218,32.28625584357211
6.270580349677207,33.46068687824102
6.607328305300676,26.503173746099932
7.210092558035746,33.02795345239488
9.15943459984865,27.59576772076362
9.287492998802122,33.03247462123696
6.576934592280967,30.933248734730856
7.010137074073372,30.18849443673145
7.666021410140646,30.51479753258698
14.144994941417913,31.876972139740786
10.458136619224623,29.359102524396878
9.801822329923766,25.339052292736127
7.623289581704787,28.10737463253519
6.733539930747668,28.389053363322702
9.118761051514808,27.592773403061557
4.362572984030049,29.753757767759296
7.796848490794522,29.710279316111052
6.050377997976192,27.852708585114033
8.650733177334578,27.480967597314166
8.035589041356936,34.223431209815516
7.666430320703669,30.878415888426346
4.461915430309604,37.11548636176279
4.9063104197697065,27.276279974005362
5.986659347702303,28.450138675738657
9.838514784040283,24.927675225127956
8.782541759848378,27.28325820209158
6.8604343615214365,24.289309332161903
5.6208952663478975,29.354172374303126
7.776552029176407,30.744699896818837
6.8565843963671815,31.246122335732785
9.137975851575712,31.331165445925134
7.338533401465507,31.013676510591345
3.2321055988086584,26.289048528727644
10.539142531272695,30.04221977614817
10.692396083762265,33.52540755958434
6.03996900673522,28.182965991751914
5.587837020929227,29.27463496372225
3.7869136435122606,31.083587660376168
8.254389780132549,31.253831666597662
8.435449091074643,28.341885480105045
7.217445203982649,28.724513445524178
10.505062088559349,26.841686141477247
9.784014208214426,30.80359070974801
9.036267042517839,29.441069494735142
7.00314705898962,30.52584785257751
9.111486078990174,30.092535301584057
6.621793993631003,31.007396531641863
6.138184567402439,29.828511096436742
5.632289438477345,28.06009724772666
7.464507948694925,29.11436342515529
2.791093675101634,29.214501056808004
8.074302589904113,32.999553925912686
6.994407016637039,26.121948582683046
11.212057350248438,27.110684789301118
10.20118296291214,27.89318913899395
7.9542985955102266,28.968330415176812
9.721021713980395,33.04446887790143
9.344886756915681,31.848170583331378
13.543255369631254,29.392462368988266
9.57434682816075,36.15915101015287
6.494047915783842,31.009318367382875
10.708258311803899,25.411493091440484
10.343284479200317,29.47322340776862
7.512609941345124,31.061200843506917
12.451846720969982,29.1864658134707
7.6681412850629656,30.524481182355565
16.55328736121521,33.76737294632974
10.339064101047615,35.10724323279918
6.655490904877185,29.19909954766046
8.912786578679139,29.27876255636947
3.451269275272071,28.589033083051053
7.274542181150178,29.342241326074216
4.772204780140095,28.081616179433183
9.066291546033558,33.637596868944584
6.2839998701609,30.819935802041748
11.15676087610353,34.898359518824286
7.413911693421399,28.95027826953583
4.652319091138757,28.78634215635772
5.464264348703251,31.262708993681265
14.70908124474161,28.62761782951141
5.0953335010560314,27.640747194679953
8.706824512496212,31.23046827563411
8.478181791684055,28.496346162977805
10.038052628111675,28.472774223879643
10.508347979015758,31.15209383988084
3.87406088174408,34.38158450341244
5.919137801345455,29.668200011339902
6.703733360973206,27.026449413996517
6.910433265724729,36.899427987970455
6.526410889566503,33.187491559434136
5.402885959680079,31.61325219888175
9.249236827575194,30.13754124848174
10.958009711233826,30.120625924473718
8.94740944682882,31.46085872723683
3.0323986490349366,33.15434751831822
8.481574734928856,32.360046876778554
7.554646152845658,30.33183464017782
7.507071023734441,30.473735751535987
5.1851658583360205,29.108669257891457
6.497702802112956,31.85782949634388
8.292366909901032,31.49709804832101
14.387317377030586,27.769808156037044
7.917368102745022,31.55347613567065
6.4511636456088,27.539070429700573
7.683652253136725,31.691183252996666
12.123727806250205,32.26297398969359
14.513450852965377,33.553533741093354
4.377923496355817,29.70611680113769
6.364693909363171,32.991187884966706
7.3845327573843385,34.00030036764252
7.927609407041417,30.85118292479092
8.361962623890193,29.603503164120827
8.297797489364868,33.068118196398835
7.341974357628037,28.882367894518666
9.342867992382374,29.765203889475806
10.396287805544024,31.60497858433645
4.860195759240899,30.206779602045014
8.387604004609308,30.753648018642
8.806329728866848,29.242097240479787
6.808502283071351,31.688146194352417
6.239304622657201,33.5538916382297
8.202824505800285,32.10443500316625
7.6330612993698095,27.655832112894476
7.376438575585572,29.523396322325528
11.422798724800087,30.262725604083922
10.689241317553202,29.418078734090646
5.3824213156419605,33.32285967758458
7.292760069357552,28.2062624555161
7.30124481969728,28.36112198134355
11.053562927200746,27.738193677410706
6.107191596465631,31.03141305007219
1.9926564009152932,27.086051064340037
8.944402155886818,31.595042141412545
12.694527921994734,32.213660585363485
6.7738041686100505,30.497645582027385
5.950350868641944,32.63775811461578
8.538174551607447,29.51013403354089
9.03739760125029,30.69604216803133
7.4317370812357915,31.243616319026255
9.524383792593357,28.763222649437928
8.144652219929789,27.075943433823916
12.277734402834907,27.782669393940733
6.26793430573641,29.774687931095944
4.8763580740226455,29.8415273111687
6.773265934503889,29.275333181319063
10.367996157478505,31.019499753684123
6.579971005921414,28.147174130642878
6.002294168126588,31.66159439850528
11.770502073304293,27.134143167820955
6.005576086484632,26.233893030895345
5.991614655114522,29.07600933433166
9.263558476538021,30.683125290806267
9.032961116631352,26.887768336412826
7.278873344077588,31.585646556132332
5.633401091066827,33.03539215032402
10.066882993490221,27.925450527660054
5.850462739201644,28.839939327700225
12.209894321890651,28.35593651857717
8.719849423600284,28.712519991962402
2.8783713705070175,32.63228716033689
9.076508705620878,30.67683697325241
9.968981315044434,29.804445727779726
8.693426411891673,32.407832232404765
10.491620102907458,31.671577821341813
9.195094791641532,31.900549081834964
11.835759967999547,27.500692494645882
5.216864223234802,27.239256162374634
5.014787822813957,29.821515127101502
9.912662705820804,30.96111608618275
6.568271719077298,30.187834922270813
6.389956578706413,36.84054913124836
4.387087620544009,30.171339715775602
7.256531619055045,29.28737963133574
9.172520106445107,31.698123215225348
6.600005105102294,30.747316043836342
9.429708318246252,33.16564691535976
9.923174373618112,32.90508206074456
3.7528148575171145,31.272862350635616
6.449624354569017,28.13462607764696
13.561653396330392,27.4903924967894
4.34177643595872,27.52529539034142
4.491918186217816,29.84874721703776
7.7933230886044855,26.544039076145303
8.042352261454074,27.885780964446944
9.382555319662957,30.675724221725623
3.034509416453229,32.45117644473251
10.161440664203813,33.89128916871721
5.583658482424585,31.36010476026698
6.025896022276409,27.000931224599338
4.907186660768985,29.01223438484843
5.957240970006073,29.724423897222504
9.808804417714933,33.854853566893155
11.418826218645702,30.043293314309548
6.466650437216293,26.739905516008626
5.818219910757281,25.087055090291287
4.265790314685951,29.25144994715167
14.231661221688992,28.299387750994345
8.895984532895685,25.882982433994943
3.745408423421895,29.709103941091033
2.5008042787084293,31.380264400292482
4.907948756531,34.55333676845401
5.768556067644222,26.48573169987164
6.757448649146405,31.707392872246857
2.9298698240907477,30.204478327173806
12.859274409715015,28.044314175307946
5.459683406680875,32.76445293509352
5.192489458882703,30.427842304976952
8.928316028819127,26.870603274137363
4.329189832707609,29.328540834449246
6.629676397723515,31.37234047311159
4.669077382716324,29.295358939146784
6.203903482338825,28.158303663501584
3.3678434416345207,27.906411540898766
3.698260092021111,29.97139166125872
7.546332140633432,30.447477776921595
6.615157960961995,31.022719340368866
8.812895307681757,31.035921963355484
5.505625922313071,34.571777088034445
4.539734171695708,30.316751950127053
3.3269960953577034,28.593600904516194
3.9585159565106522,26.60336118144076
4.059933255796436,29.4271446582847
6.944549681034709,29.624441435381087
13.672527077277739,29.174811741200084
9.966369685163063,33.617734235693995
4.123356793841593,24.700302175802683
6.242909339229573,30.292480898551823
8.389515723491554,26.983644887496325
9.750194820603632,26.693160624309392
7.152908329607901,26.209280233284492
7.623774446086524,31.993885703457394
2.4355856481186464,27.55619375883385
8.155470258179145,29.329835990563485
7.907117476799239,29.00982188674492
8.667762202876858,25.741347582021156
4.9839410992761835,30.953081030597858
8.738823764065302,27.456674109392956
10.090953521944709,29.61174781688478
8.03038864474178,32.78813572688803
6.672240640789154,24.691678135370758
8.65969040054403,30.308408070092973
8.038676732340345,29.41858621931068
12.27427891031683,31.446266077417274
7.1083840730510275,26.669792638960175
4.838618260920281,33.32580435779332
4.62847635328904,29.809926788398215
5.036651938882994,35.98084127094106
0.8777889161519479,30.521461491351918
6.088989073284857,33.88950048017038
8.224593236446616,29.842259273981185
15.989996390468741,31.325397999466773
9.916306070466598,30.335000092979612
6.940724044028535,28.41375893517596
6.24616435175031,31.46342137029567
3.7177706300555173,28.145959544055113
10.793235331874271,32.73303616745849
9.74567086590433,31.22166141199661
9.99060459908045,30.185472437757376
5.186951475467703,25.585183418169223
10.594295490764074,33.71176638912628
4.310517050412374,33.75544676614121
9.337113862487925,31.975984690236693
6.335910693173719,31.1370035292709
4.127731751165679,24.28795842501117
5.819715195565692,29.085993495489024
8.460045291572255,29.36804562970283
6.631684385254658,27.626874370268975
5.26903940581785,33.72239791593814
6.75862106092816,26.410587601642344
1.8754724775986,26.43858308260944
12.051485157930607,27.32200315987398
4.256004354453491,25.2696643863784
7.175996046292027,38.11227950083495
6.361698912950432,32.78607724765225
6.015073252335156,31.122224048500975
7.396569979610355,28.999373603726756
12.214635938392618,30.23052514956528
9.057387282205058,32.22360932724602
9.119273566206804,31.8628443724921
11.468982662101162,28.685765210731898
9.204224026008017,30.39335972955943
4.2285710716834775,30.70042785343559
5.374859696825635,27.660623017045225
10.344949255420191,30.358677604587605
8.371107023869001,31.485011101504334
5.278295941134887,28.96710255264291
6.140962770182124,32.48922936556191
2.293136751293667,31.773695978137777
8.579885873809209,30.72557172803673
10.11390323047516,31.62564711093743
12.439627502025713,31.653429286450567
6.762111626744577,30.559546607374326
4.095358284343829,31.212977821767865
7.443849496771982,32.49361138940337
8.115753507875283,29.15962599037856
4.689493004096711,31.97268428533073
9.277906551757109,28.909630751425663
6.2014255774319285,28.334345348111317
5.467396799312667,27.5025381472306
8.85955563442808,31.568320590559075
7.39711874665662,26.937553394560435
10.727123548194145,26.356818874316335
7.843292910107889,31.244596032432394
7.2662656928116895,31.881446389497796
2.7890355010743884,123.87288410666591
0.9161324126411778,122.58508788142578
2.2827972638246665,123.34026358621138
1.5747263799366529,116.97303696988948
6.463238636920307,121.82049294951986
3.3890391369808235,121.88859392414663
4.758282130510655,119.37500838656433
11.783458848563566,124.35394612364244
4.961050094415435,120.79326710295497
8.503929547408632,121.467260791577
-1.01781610614288,118.11476415619751
-4.713705995320921,125.00033822236149
2.155362684249436,121.72279375875806
9.752262663649631,124.92598027953666
5.339440807193644,120.67241826769413
4.775258671098032,120.81051328778719
3.337780971429119,123.67262979169934
-0.4456358742057036,121.98648874223623
1.5172357506175569,118.69809736506238
2.7591884958189903,123.60536203183355
3.752200670265826,127.4533913342223
4.40618827177361,120.32130646398286
2.9735226222839444,117.51205715452733
2.795868704126831,119.06372573649979
2.3514611356757755,127.47063272334893
0.8682194094440936,121.47299099139045
1.2831371995196168,121.98713520863537
1.5634426221179778,122.74456077640451
-1.0888678995570595,121.25665871581839
4.141045224536015,118.08637024470501
5.079501972071482,120.33778864668058
2.969718975146491,118.04218309154994
4.5100926010496405,119.7707251901179
4.275950256968557,126.81745397325595
4.731190694828852,123.49892589952735
4.87129558392643,123.3496303328083
0.5180153239968512,122.20642673957225
4.475898099181818,122.48812495042394
0.7668781382899716,125.191152924408
3.8985789532462873,117.1505162807591
1.6308250572372565,122.17777372527955
-0.4252092343903202,119.78170984741452
2.3888739393270164,123.5197889011354
2.4554817664514745,128.87253748039345
6.110899657624842,121.35518670078199
4.01147834315896,118.80485273938308
2.0745083129653157,125.00758308035178
-5.805475938757245,122.87986717052242
1.9989030109710118,126.43736593228702
2.941881083708947,120.60905874129249
6.1775146897194935,123.85489361769554
3.8606710760501923,127.29165681524717
3.9012850445334877,127.28002460348033
1.3488377613305058,127.05925195464974
7.086457478849335,126.1366531208186
-4.71907499771977,120.7921375815043
0.8318063587910927,120.29572866459631
8.311154177571257,132.28242716856752
4.746098845851768,116.75984293676052
8.011028283718408,122.40926658375147
0.5383147012590221,123.07720803730578
7.26657386808597,124.09092994752753
3.1356613856200504,126.54612588959563
2.4992880617555517,121.67566399932929
2.673137184863049,117.83281819756618
6.2569539306218,118.63675301471893
0.9719400129402631,126.24990583130298
3.2562526125293365,118.37703197291381
1.2331084681816247,128.85421263281643
1.4321812958585056,124.57688160179119
5.076558171928281,120.59839010201041
6.532363733877537,114.7367222263843
5.17241465155427,122.117043669942
4.069300424721609,117.43601256050604
2.2915225069009377,122.14771277639856
3.065224289539869,114.18587740159688
5.582042243263322,120.47849066648944
-1.0211902380776285,120.80639790451725
5.492087217913777,120.18063339015468
3.688954441283137,123.66379538179844
5.562742498008918,121.05084275708636
4.137375120257108,118.00906607096448
2.508144364531879,124.9315378225435
4.349439643395671,124.8801307760193
0.2465806270975599,122.03725918200264
8.511149788450822,121.58022281250334
1.8689405043593672,123.30992453417973
0.4129069870189106,119.05547147678651
6.431666772864439,122.77562663589704
1.7600745520221737,133.12641335149613
4.4498729283070535,119.17773544665977
5.010403245025717,124.50337881165404
3.0267496865595733,120.87366593223945
4.574405394794855,117.38192517183595
5.606430073817187,127.11384202349446
6.076465359614053,117.22924615626687
-3.1567724570320603,120.55548492606327
-0.2730647003721902,123.26016002211885
-3.2254566937941096,118.88640891369225
1.64967410189927,119.53575738783188
3.407327117615223,124.91602393628727
4.199764684344385,126.50191609026139
5.179701356433817,115.26397490910082
1.540604664752538,120.84183747691117
5.462207782314058,116.16759751259752
4.709976106263409,125.03110061471008
2.44354012196294,117.93860007580324
3.402646232938515,120.61268239464832
13.120547599694927,120.48441500924257
3.5145669422463732,122.76280561111349
8.287468802875786,114.23217526393752
4.742138054468428,120.8283940329774
3.3274213758286786,122.79231940807061
4.929266621042897,124.14344420928242
6.058945316191233,121.63551468285634
5.988124943763255,116.60773232328116
1.8284733331342198,121.24205131681764
9.177815243019992,128.11196506446515
0.830369064596165,124.54956761836203
7.295798899869656,115.71184774682474
0.44729379764637844,119.64236850550728
4.9835852673234236,122.85968061736402
3.044732937230523,119.76185425423604
7.7784472252897405,118.9117909143346
4.6135847417013665,118.82779533340563
-0.21130304123574417,122.77233532871512
6.466156341814273,124.25628307143349
6.291993311849251,119.29702852338377
2.701558589715005,124.90593346886666
5.832629686418449,128.26951323274486
2.19799129050525,119.19936921204102
11.061184220493768,125.88730703517206
-0.7179335249000953,120.53124968273418
4.92729384547102,124.44343844161044
1.6504029619825293,123.58081295165013
-2.081538564873772,122.39109399681338
3.175856844358373,120.06424131827993
-2.147782709073404,120.67091488989189
5.5057100437537505,121.5400538713096
5.056248179411127,115.77742159242244
4.551250280923206,124.6260592946719
8.428805078101675,120.4671204275667
4.998220627045559,117.2374891310715
-0.08684100908910031,126.9608533677813
2.5975937162049783,121.4819716958488
4.663616394807972,122.5333423901907
7.355272024259729,116.6608320804072
6.450989444288039,117.78872601597183
3.99059666135573,120.11434868032144
0.7641649940134498,117.10457769568967
3.3804764326934205,120.92364830524171
1.8704663150136671,121.388521655532
6.956524819641414,121.52718703746146
5.804877197820904,124.63010035169422
1.0964681775276826,123.1124302032822
11.147908229600542,122.48502249792955
2.605464277669138,123.2278420958265
6.313518700247265,118.1178287603409
-0.1916667069150244,120.18176512519642
2.7736566758046592,121.16740006791073
4.890713568865206,117.99360139138493
6.767007574329785,117.0393980153336
1.5700909764494688,119.75805932356191
4.018462801785762,123.43884103725472
12.823884086754433,124.27573833776763
4.489782071286511,123.71704479906826
-0.9139372940262218,121.10059437195612
2.671037986254865,121.67166838979284
6.749213292528257,121.22129933436463
6.037910994393933,111.31769644263365
0.1229228198741481,121.24425822302031
3.4845000589448496,117.96056249175136
1.9067490325651217,121.98029230924634
6.54695103099295,120.67766811118516
5.63060672308635,120.85578653757055
3.2374929178385186,127.09974805285756
3.5404410089238176,122.87666873824966
1.8432625820083917,130.08463099258802
5.5070062591724245,120.83530526194255
3.1015750623892613,117.21611686953241
9.26152182481085,123.83784707078603
-0.0015816221117663787,118.4554378429801
9.492379741725728,125.32977955475263
7.425971542381186,119.1349328124248
-0.04859273634789574,126.03278059242571
2.431845836347142,121.36257577697471
4.9131333478873565,122.70244459307943
1.969561900745516,117.43602415133354
1.6987481882813917,123.93383347505672
5.641759824482055,113.51426400158417
3.254181250240416,120.48619424144007
4.902411773982065,122.75277872915902
-0.29243689159469266,117.03554722542337
5.322150709618073,121.9947450053636
4.77967990003779,126.30505398206239
3.62479567228844,124.39649245920683
5.149771994190135,123.3841818730251
5.129606681955263,120.249563384834
7.236279423121469,123.01417461529277
2.6216402731343917,122.26146254744123
7.016067216316074,122.18785990425545
7.633947805458263,123.7572324631663
4.173699680460661,117.30673928690386
5.78490854609756,120.72645175027638
6.8688147922732155,123.3745140006374
-1.152871748283573,119.70974728646435
5.85961044939573,124.9203448312005
1.3728345881493405,116.74539249956393
-0.3811540994590965,121.9152978655915
5.49866024891882,122.93777045023573
4.7375836485821825,124.40433350129281
6.204105255340963,121.0817874659976
-1.0701601925428008,127.27011249219797
4.580279438553666,120.07418801529768
4.806426423566197,122.11970807018126
-0.3161326011752421,122.06880255767821
3.5844585474359025,119.53146804444019
8.429637809937137,118.96945959280649
-1.361467477805535,116.83298496931815
2.8678594914563207,115.90731277913007
8.019777610855341,116.56686192315833
1.901163143060838,121.19322078603538
6.273676185860801,122.15202613609974
-4.081133464088652,118.82948008344123
6.128418091212511,119.39245836980663
3.964717227269609,124.40132065284747
5.030709749864503,119.13758386983069
-2.8943838289582775,121.58767149053942
3.206814130913122,121.97139112888794
3.27583453117086,123.60991809736184
9.108566849049703,126.89479933309615
6.442134059291315,121.99640704703279
-0.39207133524153726,119.13846429372745
-0.1348521805571261,120.79400041984724
2.7909805673579666,128.37733937440146
1.6919455216151127,118.47346439932251
1.9308769354561048,121.89092049487569
4.592199778559701,125.13848488547703
0.3553917937844395,123.06892237976233
5.385556460360229,126.57549737400043
3.415207995566451,117.71107761838965
4.81704065414128,120.32010720003052
4.670833182472883,118.64287262298708
6.0027566421826,117.21671489725193
3.079892531431379,121.47162533767883
3.6120409262613267,118.57775113714438
3.0321917200322894,123.27020644204525
1.5609566392490062,117.44042351544873
7.680975114031433,123.40920559216185
0.932937592147002,122.75551723876477
13.467063848857048,123.5860783922344
0.38733757904472244,118.2503542269155
2.3287598749796277,124.59877746256501
6.627113375660901,124.64955277243908
7.503554754311104,128.99607416062457
4.025354409966527,124.40186047055406
-1.4501822963667381,119.09013169875529
8.361956013967895,121.27641559374705
5.436690003735466,117.26574022178941
1.6489231947512666,125.25086713135438
3.4183173631458774,121.75126479676206
1.1717697551784063,125.66009905238525
1.508148715447363,119.74086102482137
5.66377325276086,128.13893590337722
1.6425166295388742,122.00282253903129
3.9659413749270063,119.88276800373295
4.449414112247202,124.1323046024818
6.235203174846326,122.26484824148883
4.570159986541872,123.72764380394722
5.35827124347278,122.01458452386679
4.264578671303907,119.64652607607675
-2.7059095570008687,120.75315400055574
6.730653711019752,120.348158179703
6.338432376495717,116.96663412833053
8.965762639130336,121.33740664436888
-1.6406850909509618,120.81453113968503
6.673355456602632,123.52637307803198
4.7908841595279545,117.89537100445064
6.626268000877124,126.84712878565922
0.3286826634639297,125.2717554978873
6.46019297821694,121.34176613934814
1.7385443250811543,124.49749111585636
3.642700974133004,116.1984749423747
1.06204160361212,115.4927384665193
6.067486543786748,125.1970240210968
2.113109920619957,123.41357054543008
7.096920592282283,119.52327709062426
0.7878411408342458,124.4851356616728
1.442695895796648,118.54705143579267
3.5947297090779626,116.97856769776554
3.8209739707120542,119.43374195649271
4.712934399398149,116.19282867524304
3.4140668619754297,119.92820549212908
-0.5037089203379352,124.38263861323323
4.510724060703396,120.96189505464271
4.851797501502893,126.86459972627948
3.3537839479832803,114.91872017096502
5.680589606253995,121.36121519611696
5.755159480529315,128.38437838673696
1.8645570657424781,119.49419673189287
-1.3576713400169949,119.05458093936835
0.8320459440082817,122.67003377266268
2.863727078924806,121.3998659028187
5.401055005664726,119.25868657897055
0.935210029643506,122.7667491422401
7.020916105621847,120.57977706140176
3.50954735599707,124.42511887484025
7.864981912917263,124.41629540497554
-1.175662175017541,121.94135174988305
-2.7240655169648695,122.4808224585733
11.037894659860862,124.49634983323753
0.6216228954289256,117.12589961253674
6.173701002106892,124.4294174820565
6.923556198914568,125.70611196644084
4.854007340531375,127.95683611304251
-0.5774539507609866,125.31602750392167
5.664382228548238,115.87377255797519
3.3382440134236546,117.80735554278738
0.16365031495905225,119.18676783604843
0.572481007809134,119.52375366533155
5.552017730914,125.0499763419973
3.5907369421018407,110.34635493779135
2.1303459163650444,120.6145232707195
-0.11234252608355177,123.60639040179821
0.34275025541773196,121.47967577341402
3.6769664745039985,123.35552742115485
-0.8262483789136619,124.31980743798337
1.8668369822555997,120.41106491941709
4.501107814489154,121.59075455935576
6.590344600205798,113.64374223491066
-1.4275330274021654,115.8986026623567
-2.39510853032246,121.63293983899172
-0.02100717911825223,121.53042722721307
8.426342395295029,127.67914069227687
0.2872972183886242,119.2438735835579
6.7536261413705425,124.84157762822426
-0.5345800209319487,121.70439941277544
1.3798997277131382,123.04875363587973
6.735500501480487,120.51219177496135
2.7162206905326474,119.48622933676081
3.5167623233607532,122.61117878461077
6.558321099839019,123.09272369587927
8.225658034977988,120.37902023552343
5.834999374473579,117.6328793203753
3.2716828659258486,124.01511384439327
0.5348535932454057,118.32112010356256
0.5257654611637168,120.27845402223812
7.91694898567364,124.40795242158077
6.343227708674375,114.76909012067311
5.737958230974967,124.29849441727256
7.776233050116569,122.06051838090835
-1.9607042364752596,121.00564365538013
-0.5869316421739237,123.75484677024677
9.601488677244745,124.80858174331024
1.877046904283855,123.70031978358733
0.7031673603709607,117.53843030315342
3.5518243760757895,124.5895137905723
0.5610125341659424,119.14840070238638
4.935261359936233,122.51566885068938
3.3379324748255845,122.68112546564976
9.116274296965331,123.47077023229514
1.1115830624104164,118.68554176789951
2.3479534975470187,125.12018162676151
5.08679769317542,123.98123437568172
3.2449829983792338,117.36142040809335
6.781888905727882,122.25581352710073
4.860751517088229,121.28806053932831
3.4033189619208564,124.78672379919075
4.627806439956114,122.12463996679426
-0.6408406788203012,123.35931413754562
3.1158498546145252,120.10242609142755
1.942441672105699,124.51747439885585
5.660323705477612,124.66617217028457
2.6674279575193776,123.7009144456597
4.6800428714132565,125.19716049729168
-1.0648984530370509,118.89480825092404
7.998953115361406,117.24820509212067
7.534558715626,121.53128712277636
4.452480849193256,120.50308808322752
3.6030578164616243,125.1680203642949
8.433313514457282,120.35029232331415
2.5994111262492376,120.55516079505351
7.829349190065953,116.81680556612741
13.231350581062205,126.8140534498278
-2.137677267558754,124.2138571713599
5.89965887434969,122.60382908608109
7.274911979369752,119.61137429426242
3.823464405898546,121.04512435535906
8.903127723865275,123.0875168911373
7.705360211096668,121.32285225925443
5.186407131412054,124.49121581416722
0.18158970477417746,115.36153743327726
6.526369970669229,115.65761241781294
2.7164825567874473,115.70538795307148
4.185231474755663,117.19933283072251
2.624953657722288,116.07786181200979
1.2011164042390656,122.93048651501859
3.735599091280291,115.78992283842013
3.1807730828887277,123.36522025044405
9.853853116337488,119.60607762036545
3.2247394231936783,119.2241433279923
-0.6772204398807098,117.179755605491
-0.4892642346693874,123.97215797953817
1.70555192664819,123.02970125535342
2.450839854767102,123.88938575799922
3.61581875509172,119.23587002035603
5.171501318513416,118.82324331611646
1.3908015443513646,124.64131914910735
6.311651739572264,129.46771649460217
0.23357833859798793,120.64316270368711
2.3197366775829265,123.1062919337608
-2.032066152339377,128.40948396579262
5.472513466459884,115.57000719126182
-3.0623943681132086,121.26663581146872
0.38137296800333154,124.91418290726573
4.2428449194733755,124.48826289407967
0.7313269771409399,116.66665512113764
-1.2466749645309676,118.74489062591795
1.9093463258446517,126.9845207298839
3.7112921553756695,122.92772087431895
3.600134134261621,121.22448293303013
4.826159524187885,126.08512178984054
2.374197838962168,126.52813242875617
2.1708013528071923,123.13594149141906
4.6265668552501005,116.81641608637365
6.673329139102243,122.7916319274954
1.2714758573108074,123.33261652915506
7.237387452198876,124.55034800392059
1.4761718107997233,118.64716224905825
-2.5266108628632375,124.3090385328892
-0.7789544918830629,123.42854673539092
7.609375933254345,121.23932468378186
6.968130775381006,123.65589559422212
1.1267929454607977,114.65235724850032
-4.277142946226065,126.86603706197184
3.31284182913956,122.9127699302137
2.5745259406394787,117.62686731622007
3.628530410706537,121.42173654689208
8.893324975289534,126.71349290102555
0.6624722065998974,121.16952317455495
6.423246995787688,124.76365614591482
9.58270901152514,120.5666316651095
5.262478107368404,117.73267507563195
2.7478728554671306,119.7097596622951
3.3606079594848075,124.04455066662966
3.821986559080275,119.51569328000774
5.40937060204877,121.1364036695992
2.9538605103644984,124.47305179207984
7.323316367338343,119.5461991796109
-0.7119604635577641,124.86944458013998
-2.1322133507206003,118.50959802666212
3.8265212316944925,123.52320088548905
-0.5787223030239268,123.4134949376663
4.005621965292422,119.75602092755841
2.620890622037237,120.18622691563958
5.465284123489175,123.19256726844054
6.12444051376233,124.68461687411526
5.046192210312517,120.23811864552918
4.2506260248896295,120.85458966438375
2.0697852702352026,121.03389075453464
-0.22350604996467727,120.45170114724299
5.487142832829835,130.17449693424288
5.365898246100059,117.30024594521284
-0.8293130749197335,124.32955872755338
2.1626559822361298,122.03138419232155
2.2813750999123976,121.33801259931619
10.819503611134571,119.44653013643962
3.198200989599201,120.07659795141038
4.816415945106309,123.7409075943482
-1.5772763891238863,123.42230846418275
1.5691803652633087,118.60945854189437
5.343655239320533,118.15977719552008
9.195512807112356,128.54929722700857
6.101102116387432,117.78616499104979
6.115635856097606,125.87009569808889
6.986510130487879,121.41560720230473
2.9568231452165197,121.05532934103088
0.16816768536592264,120.04357273269952
3.3949680567395397,124.0009505928648
5.155533920829135,123.84924024363276
1.29614763472382,120.05136470867596
4.84013115593264,126.60537715074612
2.3476659438715233,124.85479099198406
8.209943076175406,115.02777126916862
2.8856791904284638,122.35693990571947
5.600207150463412,121.09440937701486
-1.1670790736329355,119.60501809293967
3.4519199138895043,119.19368248432583
2.36816858340082,122.2423991685858
6.312888533407274,124.19266210178091
6.704588065922675,120.49735828617067
0.27600577317654906,121.2330254959117
-5.367619683694387,121.07303921295164
8.653391289044198,126.53366868169302
5.259609826794863,122.64765457590208
3.847407187354312,130.89413683019825
0.7164739775148958,118.70692182636569
3.3004342581446986,122.68348489797165
-8.093545360434508,121.64219949623805
4.558148511843902,125.77937293029906
4.489633743084295,123.22102610450942
5.353287361275443,124.97843701168935
1.3974222953975302,121.15407356644896
11.90664366515895,123.6173463107819
0.9062046601950278,118.65703271196489
-2.226555803915481,121.43440793252574
3.9128152108178,116.46052222621141
1.8164468125740807,123.90024660020828
4.139110647483573,120.22838627927928
-0.3597579685908183,120.97997204982133
1.3206661589907696,127.5826522966182
8.160533065048297,122.53017897979805
3.6260201394839835,117.04265864081303
0.12869664955103666,117.62852344496771
3.2976899753973643,121.55629311952445
1.2288018670428191,121.00344255199562
2.868616637424346,119.9089274400094
3.752136807211559,122.92129806748933
2.3514483051647233,124.86594216232287
6.9407293268850685,120.86390763964161
5.811134143686923,118.92308853266553
3.8733138180699687,115.72464393223656
6.4214949610680705,123.56637430762443
5.199092748609484,126.47376715478464
5.724819467568668,120.2448002839077
4.261563325084566,120.09782057552525
0.6709845229501705,121.36842636915267
9.40097316644191,120.51913753518133
3.388122544793765,123.24817032701397
1.1376047888874243,124.31334029184578
1.1333125992839026,124.81816591297951
1.8102699371873332,119.0267118160642
2.4538983557780405,117.17011155749277
2.443478952446553,118.25672768441461
-3.3420969972135577,126.78301719199189
7.405312860345502,124.0524791937734
-5.708217746667445,126.646594746809
3.708482366754575,118.7760884593722
2.9347522629997194,121.83598945025221
4.087625616316572,118.00518102606017
-1.0429765785314906,118.93567990535718
-1.4054472403565716,122.68615765648856
-2.763149259204522,116.92936177555768
7.025025397953565,124.25781491614323
4.764619070310593,120.4713324506269
4.435079300881458,124.4529740880796
0.42730892056169445,122.1464134196729
0.281576666028998,121.89252257075252
4.201814836219975,123.62499901616171
1.5736431834929703,124.3646434778185
-2.4551533793438214,127.2592955352771
5.907269480322993,119.57659774498234
6.1122977461697765,118.94402616102931
4.673082569408861,117.05079529464113
3.1903417510321135,118.58347476341912
4.355834453850079,125.20522782115874
4.5382698313425776,120.3523995223063
1.5153864809424333,122.68750252970274
6.009188283445905,119.16407586114735
3.8988097110079822,125.82014002621125
5.8537975093596355,124.6830845702089
9.39470420845721,123.15238303935976
2.486641740902023,125.75752037497298
3.2493633381818903,121.00402627282901
-3.311981839525635,120.87268063981121
4.516199368088013,122.93232367957432
10.43178317298759,119.90783361634469
1.8586121891194904,121.09957797775908
2.6419526228987498,119.78979421910154
3.6001351681760223,117.73675593092061
0.06702475902157534,120.03042334814954
1.4033283303960862,123.77131457341974
-3.8270679226220654,121.37827765730206
6.434861792983648,121.14783376158613
5.362653562630477,125.35610742852695
10.305643984210429,120.03848783286142
0.8607785173520659,115.36280374915887
-0.49716394216163984,124.17479209899834
3.525846439870073,126.68896951828948
5.130029479071448,119.93725349275218
2.593368506714876,119.37195580654453
7.573330899229747,120.15608129111074
0.48223251039098924,124.22383267736129
-0.09448900490287171,118.24953773458958
-0.1886245233664594,120.6388668619364
7.225106522974915,116.37986353710637
8.970959973056507,124.08785901863949
8.168142118581935,120.68826677950227
2.6321582162880395,124.11629141603308
3.137010166999424,124.47345422065224
2.462194535823777,122.05421630668442
1.9195316202092374,122.93481889955665
5.5622762908172705,125.46503182686419
2.6495327748889683,124.7928647805555
2.7731459399904925,120.1854713651995
0.7795971038980589,122.06126415829945
8.326323237448797,121.95859427440624
2.92452386257209,121.65672501892817
3.6635194979020307,123.78973213534233
4.254318652541358,121.90863447220988
1.9113133210141373,123.53477982241061
4.611938604807328,119.21394653514855
4.246958660538197,122.95215381704995
-1.5814546011541797,125.19100744939095
2.8491497272879607,121.79277139613008
1.123353869254613,122.59025967244459
-2.1385545147276757,119.77525244506944
0.2196172610324134,120.2648911103347
6.273516431260909,128.6062007792406
0.9703253215490935,123.43385233686102
7.008864437516391,121.78151734466218
3.2022225025146946,125.61008934105864
5.371128646379342,120.79998178301332
6.275025137003823,115.77154215375825
0.757201365372643,119.11264699936389
3.784507839221368,125.08033950896782
4.919583690128575,127.85842979845765
2.394967393151693,118.84678154030436
2.9777020803490375,121.66325891122294
5.612149324190867,126.34131027162867
6.662673161928103,126.30664195608159
8.099278037946963,117.23827854052887
0.8830230765554332,117.68819183528329
-1.8123147494418657,121.75855183563827
4.939287708039781,121.78627950158914
9.274991623675263,117.0428484228048
5.1552471472941415,122.52590473820341
4.049577413387866,113.7408126788007
4.796698431028875,118.12622274759623
5.737878115636045,118.5642252404501
6.798201039674667,121.07054271161229
4.5408423155570405,120.87499926602686
1.0609654587666966,120.80444318020187
1.7660464022756208,125.61358916837705
9.136346029027901,120.46005064480592
-3.6113504462259334,116.70878805379178
1.6534451940595207,119.03012182905643
-2.3056063460951064,121.43261954760479
5.672667973914081,121.77527904972796
1.1695845125395912,129.829366861177
0.5405876481407805,120.39487703144432
0.5176501635668052,118.00403707572131
5.13645652972089,120.70180086390673
4.361747476128013,119.55357931214765
1.187059946566452,116.72970250135246
-0.6311764352392153,120.38772431023537
3.7505482061600928,123.49998107064407
2.63544284986341,121.86015758867046
1.1735469649741606,122.25458490186097
2.103805256875641,121.91609511051969
6.083743470341458,118.941801922978
-0.9220562227995073,118.16284586580186
6.356151437231039,111.11230411285621
3.1838563674785805,120.4875061351037
0.047112735003131956,122.0287958789895
6.405568630464535,118.45219207312192
2.283502033309042,117.55804943341695
2.1524435178341776,123.70497177764884
1.4808471827740255,116.166733735441
2.1892701048684513,123.6700669786847
0.848524395058031,121.35032038476413
2.940803551185577,117.98780046138616
6.360274597872796,119.61386660709584
4.810016136634382,115.17142813995831
4.2184580490386,116.8660944277761
2.028771722039467,121.10640455626425
-0.35171307347014213,112.87777620149862
5.722797214772067,114.93255285372683
7.598293763508044,122.49124218981045
5.434817663909115,124.21059198759275
2.093086960003406,126.29825866641302
5.156203509959941,120.33627830569415
2.2445496215973457,120.83928125846074
0.04572618177215304,121.858794407061
4.828782091501658,121.66678319421814
2.5454447464145247,117.92743947594974
6.01635247887768,120.50759523418482
9.8986187377076,121.41051080232806
1.3478086260402393,127.46745696299483
-3.6426063965933784,121.09869114962268
5.719443761592407,114.48710678717151
7.946300119811465,125.39689492897688
9.213066229207332,121.30580505446746
1.1451837595940946,119.27771276678271
1.2289906406849362,126.10627184822953
2.780389953599785,121.94800814788731
3.8141157661259606,122.63313410754176
6.242589143311042,117.39976610705267
1.5734467518970483,117.16001343889197
0.0912570423821748,122.86356197932682
4.834249854932671,118.3819911126451
10.982994734349012,120.96505136041026
3.9902089560359526,126.07753543738588
2.4519424637306297,123.09486614877967
6.237657390450686,118.40495534466511
0.2808792739698043,123.67531945233311
-0.6186650719769382,118.55284211201658
1.0172252414342031,125.75147053340886
0.10112439185784261,129.6560062078284
4.689350675583571,128.37814902239163
-2.848344906517074,124.02599421986703
5.350233490300745,119.78245950565312
-5.507331427178033,122.36426969995951
4.333003406083202,127.12767894343592
4.7960221434532455,122.1461063370701
4.2732963723854605,122.52203518730347
6.098241958727856,124.55191770832464
6.023142008433785,119.27653382147233
4.733040747854048,120.33813894696769
0.46208427421921305,119.51569462279558
1.4400930232331328,123.70642349998641
-2.2259556908280747,126.67538322791842
-1.770924230029169,126.60761841527108
10.939932638122391,122.52510387586682
3.6721826900958097,123.70991581927086
1.7661788518861472,121.85427811877723
-0.522291767667121,125.04544015545338
6.289854117199994,122.4747663983761
6.456937473774998,124.23346521886654
2.1911545250004902,121.4414871877922
-1.556138461691761,120.6903631845604
3.964492716294688,122.0590975483082
8.59308607012354,120.7876127761227
-2.320623880711219,115.86661943298914
-1.755556545451424,119.55897065852649
1.0027033383127733,116.96853629773679
7.356073183813378,124.01586815633671
0.48868168919946076,126.99364342862815
-1.046082455166153,127.8659012598166
-0.3487667681845239,125.2517365398685
2.383411058226652,126.39223673591995
-0.3841280763253181,121.89858085619468
6.173176802059191,120.95273809051822
5.457435051574984,118.63801527151882
10.245648189523713,115.30247247233446
5.817507648151187,122.33241833653301
5.4563682551678685,120.21633428251283
5.009128242582272,120.46580960738288
0.42726399146925464,117.8560975000319
2.2741522468465973,118.34125338036367
10.721694439565741,123.58906444744083
2.428134908691017,123.83955154566496
-1.8131956209604096,121.6864352320765
5.108136535840875,116.0163627330011
0.053853607431910255,123.60847281967288
-0.17763334579423562,126.06869704767884
5.295042646773766,122.4940292415469
1.9447189146816395,125.3150963897189
1.1937014388236875,118.80500010935968
0.9582489016747489,124.98741845123538
-2.577548567352329,121.8835391858076
2.7937907376262197,125.19565177241508
5.362371576312713,120.79199816771683
1.1696929065212074,123.67672803896592
1.0934851379084516,118.22495878752237
2.3385150609234784,119.17139528391886
6.398917927774079,129.03075326573446
6.003643570046375,115.75658467985222
-1.3849843739082282,123.11506025193346
2.3491048210002923,125.20106856197488
-4.414609935113567,127.49108485572627
5.975655114000879,121.56712848826535
4.343814100791328,122.44773174320329
7.605133818077173,120.97549606955437
6.707055537000054,117.3677693361366
0.8446383820731511,116.47526213744963
4.748551540910908,122.8742122837854
6.881165641134132,119.89418500934386
2.901161798648558,117.55077176954158
0.08338611027648168,120.73901685205266
0.03001102515276788,118.08003454003818
10.378073706828136,117.75138657442997
1.9264334387960378,125.90721637765104
0.8538318637044684,116.78769898067208
6.5450402922254,121.29371230967703
10.312716650729666,125.06624096876956
5.138284574310286,124.20688770780724
1.8928131380292548,122.0281448364055
10.107122320664388,118.82729001735953
2.7538407408761483,126.49314393461705
-0.43953500624731046,122.30507047566695
-2.3665286116747675,120.40487663047038
7.536967165721621,115.24969337942159
1.5562580560663495,128.30421484343026
-3.737740537078306,120.93245432831705
3.7339216281626304,121.95686576575532
6.112831570920888,126.52820262111013
0.5111793064143888,123.39379654876751
-0.06611844138618794,126.51197407317473
2.212680907730424,122.03409851980985
4.148248447123101,118.68565151534447
7.913685947703458,120.30141050592133
3.1574786028070747,123.97844086561118
2.6877552933999698,121.73324602239677
3.2917945071587544,124.15045778769657
2.644247844421614,119.80557619865998
9.793092031295862,118.52838943426048
4.288403299229373,122.19622547429152
-1.6904656563661504,122.79730221108707
9.193746876296322,124.28795919569897
5.239453004006611,120.73228859949243
-0.34565830779073625,122.1185625940495
2.446491612601837,116.65640670542572
4.8508586014438375,123.43405015581106
3.398604394741927,118.28482357965802
4.243773686119097,120.71846121880917
5.55120579115435,127.52547654803986
5.305406224718466,119.18328574414487
7.23888238828941,121.78563143803973
4.4184318516758765,120.36156870571718
2.244479870992153,121.5263788569884
5.407620743980087,118.91464121488056
0.10477521210282825,124.4150404370131
6.421045433519712,128.66760876194317
5.608620300584707,118.71421648938149
1.338034051407758,128.65748459773582
-0.6585836223468844,118.147422442347
-1.746383076367878,117.83544801871554
17.501184761771697,89.81347181049807
16.84868190263105,85.69986694001003
23.611921737118728,92.96379253103962
23.876610284250606,91.55835184170313
18.606480909104373,88.43851414902332
20.71799558617404,98.27378485679712
11.919000204372225,91.70940628694042
24.6629803469559,99.23661624595562
22.405399892656977,93.5564842809466
26.468854204948446,73.75892292779294
18.571403013826444,95.31051809182716
24.215447685372283,98.01634664177098
26.843452717114655,90.73937495509665
16.766594784270147,90.4692512703399
23.311294732618503,81.90621632414751
27.468138766138033,87.009085639986
13.481393732576581,88.8365499746225
14.264426883899421,98.67143968691988
5.778811054821574,91.5346969221075
15.779772227302908,84.24103326089161
13.351164179055461,88.9746745225365
26.23146123860118,85.00166585890567
22.577482538348914,81.95861448799653
21.35781687889839,87.57902109999065
16.312406033610838,87.09592255246858
18.492762358110493,88.53860513523315
17.286862226014655,87.37292803669888
16.023573166992843,77.84304458912526
13.228277588946792,95.73020014275487
21.527742058121547,91.51995329072624
24.212409671719296,91.71278782145313
14.791980003331695,93.12250529877802
23.98897796917286,95.51222120249967
19.44011341664566,94.02611085042345
18.114624123388843,81.26461679987918
21.989517640301248,97.50217154157983
20.766059936845068,85.76685972163742
11.553299085930444,90.08612389684282
19.055739250641782,86.03363897000688
12.59881536505442,91.34205439274976
17.149826412932697,92.81362772362014
17.08997746990864,86.1133859559631
23.728340349224403,91.81949466209393
25.95744180898066,90.980352398449
16.045824712956488,87.47256498696466
20.809273059596276,85.90894015603972
13.743618473129168,91.5752349979817
20.355792447112613,86.09268805859472
30.604859070394312,89.87854279469522
22.861178901249904,88.52026240962002
21.186144353143842,84.88798375407445
27.764879780742234,91.61497551289006
12.55750503343155,97.12585287570461
15.747194367527987,88.7358554895313
23.075221713708427,79.29417206798053
17.27035662267095,84.1835696997501
23.524959101219725,89.92046221836078
12.985428715011462,86.6012199819697
12.773990206958484,96.54932257835016
16.367324793062227,87.57782620324527
12.666806103130611,95.32985385728259
17.47541244587404,93.46291240241477
14.92223233404227,94.0368618924435
20.36161690102606,88.20844780743676
21.206666424344004,91.52286875162359
25.430280738721876,96.59519011026786
16.835224749954033,95.04324986127624
24.29840330271446,88.54325345946137
11.22906086449454,94.69840007756609
26.588247499626455,75.4438250989751
19.16816041881444,94.13478542410964
13.434071558287068,78.7869262314975
10.331142189243943,92.47627851907525
25.036231460183366,85.0107477795799
9.48573229998109,89.27745438155226
6.631753332346221,87.55048873493519
19.70942105591861,82.87577106360982
29.7797433651397,91.64033720508355
27.348272673459594,88.12626284056041
19.376013851655475,79.55818451310633
18.443780014410518,96.12903331248131
8.570985398510208,98.32227049525417
17.134830154952468,96.49762300484905
21.631016965719656,93.0309950018414
15.638474880165608,82.21509355903375
21.37146508968185,92.73702743595985
16.662300130300295,96.08015344434081
19.252390796069182,81.5789444472643
21.42705565050054,80.80440459499327
10.618033194196771,93.93677294359243
19.104933358176204,92.87124521897302
17.02365264888731,86.04349979881155
15.06026655092624,90.91848207541139
12.590611049655056,89.86336140032387
23.822079510386136,94.12961919228268
24.8318110634123,84.22835720336073
19.1888263077397,83.54298831505342
15.518414511026936,99.78105728391283
13.083312381571702,94.58515776540342
13.326006983473697,86.37352614609435
6.673317105583763,94.62390191726826
17.912564656831442,92.38160403487326
14.795564718908919,77.89841968624773
27.16815043205971,93.04861738164925
24.49595691946979,90.78683776560958
12.822952223385737,87.12195911476363
22.835072655843852,87.40490992644511
12.832493675646273,97.80091206931021
12.515778238300495,89.03812053865252
15.783341284701677,91.68858405773729
21.7807562185093,95.90080786247397
28.122772064256075,83.48553342885558
17.032776890745833,80.96869764130149
15.372045441574697,88.68803367089018
31.052264184181894,90.33223365595758
17.769901502816325,90.18139241733111
16.12981214373174,89.21384524691479
21.10542330573409,99.41225929765601
18.72995036681832,87.40934678960018
24.290043400379716,86.02328655699607
18.646191195852236,91.62100493369287
18.133834381448544,89.72555618446832
21.119984383081956,96.32292218851966
15.217334657938864,103.97369358357996
13.468711419665455,87.3328067671749
15.710252560089732,89.98799015897686
16.980804948160376,98.61003621642979
25.122898220113996,90.73511598550208
28.490432469800098,86.9996203245527
10.408331480237472,100.30801073585091
16.53959815617059,80.4468062800131
20.555951895156955,89.91963853226983
22.12619789872471,82.20189619376589
17.018795625612285,90.91492017478973
17.701318370367886,87.15219695299606
11.892045588240425,97.5902229685485
25.500515712690785,91.72243714183432
20.104112975819675,93.7974837367337
21.650306356820472,94.56782632502572
22.452028648170902,92.59697739889658
23.02501796072949,96.88514070707147
20.527908332515736,95.40934108815803
11.158781662991256,96.18789547727697
13.883496903156548,84.86589738010125
19.213056328775966,96.03048215271372
22.33811008013692,93.95698930585293
16.91722868290363,92.1116611608439
16.50415365940521,85.49575210728433
13.10391843676122,91.21681307952532
12.969425560980358,93.35409009741649
16.292315767155998,86.36932301231508
23.947749616110514,85.58909084614903
16.88437186730827,92.52697430131006
19.508152207350335,98.03565018670865
17.77060520066117,85.43707148386362
18.00572580569714,86.91385700781294
18.44585947753923,87.05316271735181
27.400540872564836,94.36516264715141
14.623707467601985,83.79234506401083
17.370766974253442,91.09247247377209
23.066163119550275,86.76376390574487
27.897248632624567,87.31759930260935
24.00845221944211,86.59045736629069
25.071415483695965,89.12109507373644
17.57175883812847,84.56120148711541
17.97297648456882,87.42436843042786
16.544965806595204,86.85074201889111
22.206681900838344,90.21723899378709
22.56800584217345,87.46698210007776
18.422878776212137,87.95220909834444
12.555439184908266,89.07051713425832
15.79790505281627,93.3070689450704
19.848386594751343,99.08242059963146
22.56908060992491,89.30795653255831
21.544754600184888,93.28780206275539
17.94531419364814,90.17272355847767
22.738215832093147,85.199639301738
18.361647486102246,89.63313847761921
14.563859587684505,93.86182154519092
14.825008472992593,82.99565815584954
20.994495968603403,94.28345477301535
26.811917249842953,93.80668311697013
15.305344557272972,93.45372991267337
25.58154365353943,94.58403236477861
10.420226298146767,91.7922328559912
25.921943436659635,94.76142153207641
5.185375557096014,84.75517909920141
20.257596820821227,89.342555447792
20.810335235896755,94.56864894977376
21.74118660983182,96.75556656374667
17.079197121948127,75.33126903324037
16.737521420175508,94.86975119003625
19.2178514192875,89.92142451355035
20.88792647611187,96.6259814050336
16.11058654415724,79.14903552306693
19.27511667561467,81.71999301759139
19.705019967661187,90.92449898525727
17.341532650218866,94.0130883705391
22.469321331625483,99.39590860430019
15.437735267624753,89.93238394956354
26.133456254738867,87.84709812530176
26.371841197664928,88.693116597784
25.249898055992684,89.80131041168895
27.106266267291613,81.22423145836765
20.281575109559558,95.00383015642498
22.811814816860593,93.25053054211
13.941018516538524,84.40151759036819
23.834751040027008,91.1090260465897
28.6481776360472,81.52188927926396
19.447087951717876,90.55550928349655
22.26156977534766,90.23039653386172
9.759468349192327,94.53384760833882
18.315012737687198,89.67076777983019
11.672427803546382,85.4859406703276
18.9314990221096,90.57951267522391
25.24285989216127,92.78852985463297
18.11218220401303,85.46292911724966
19.440345535057652,90.41085983867247
30.237226754132045,87.4586477043257
25.62860374516828,89.9065514158586
21.809697152161142,94.23802187214903
16.933513944155173,90.630474609927
16.64932394478167,83.36806782385393
22.016509472931315,91.7879858994928
20.390988962328272,96.42872684210126
29.373770124314866,86.67192775474953
24.59113915274492,84.98171584014416
9.959339020414374,94.43654594699092
16.228731782681876,87.26366419722461
8.405890963287609,81.78095138827636
15.00682020172785,102.86816962476124
21.798122185240366,93.3601907493723
15.376147909350722,85.76497495526561
25.87905275211815,91.15703987879343
28.17708860949601,94.66913661306768
21.830893038338093,93.0655141327992
15.830360540649458,92.82691363102865
24.198878013450745,92.41579422212693
20.144659772592902,85.56488902739198
23.82442766946086,77.10597697910727
17.485485620382786,94.67227042333052
21.296647652437475,89.56434432047047
19.304446036223695,97.24013342415398
22.32437169468455,94.09035940585836
24.487553119622852,83.37904825378251
19.63071213508041,91.24189796431605
15.410657723442977,86.09031794962769
10.850559042430739,91.08084734283034
18.788939012417735,89.56921038832162
21.863829378905304,92.49950644261017
20.137728523900687,95.19132258060468
22.653336621031535,91.88848426857881
19.09891092171937,90.1684951117614
18.897499527539743,92.71960911649926
22.039865612035012,90.13807807871918
11.103653118657173,83.82220650831624
24.06004432095369,89.60817371824604
11.654234363380645,94.79865155585017
13.702549729708563,78.56695861407337
22.515249381945374,88.97309208794933
13.466789204417463,96.01327961105696
24.937009289410838,93.04007537797158
20.26928889031326,79.38496532561757
22.594206962570095,88.86492295236472
25.021804943254708,94.74532330310304
23.04700583657107,89.01886701571647
16.99812674754567,89.51821209217788
21.018057785232653,85.91583169179641
16.848178614503976,96.08229441913234
21.04551784846319,96.19871871398962
20.370737800206385,100.29223385314569
29.430899336860914,89.94556155256124
18.12840008474722,88.28105943881452
13.395529604621832,80.71935011353403
11.465436409866467,80.59551149674897
18.882308916901746,95.05492457195332
12.408826498016328,91.6795096360205
14.730389861608444,92.35465959533056
16.524457362941156,96.38246112266671
16.62915849869771,92.25507220127578
25.44648968798007,82.61373622508036
13.126998949898233,91.1590398177205
13.082899153015878,94.89082035108127
20.31254299962847,87.14220767742758
18.047474861588555,91.8971699315148
32.57717069848196,83.48787447239084
20.65103912589888,89.34329585414861
23.814942933339264,97.73007866368621
20.801315489257878,87.95086033340955
25.741574704231596,91.50280705725365
9.581030654733567,90.28894449082125
12.834680292626668,95.95271364833053
21.548866834953674,97.61642729545298
15.83330512026501,92.33519406008872
17.43432871691338,91.70673970955134
26.734416702780063,85.78185533714266
18.649943031163318,87.02458705339188
16.374955689456222,81.6585272224933
16.204576379050824,90.43373651379645
22.455569281550563,81.22149915014307
25.043676968776047,87.11589624076457
20.719783080518848,93.20530055033963
27.00033334256744,85.79163473328373
14.562190824979268,88.14824328528566
24.326231363205878,77.3806695671755
23.228978129635106,94.18369666661928
21.127386027575028,84.52656418142955
17.940661124410116,88.18202385912042
13.9749959660466,92.49442188909221
11.817874576767093,90.09249061590364
21.498749446028796,83.1988992030831
19.302579336576922,90.21284320366462
17.790957404949044,90.75604232146826
17.34802553445564,85.45303034879441
9.333277331894783,90.41164705113195
24.949262041791822,88.1642318156222
25.680391942636067,90.01693086282727
11.69467920067656,88.69164031499535
18.04149992715994,91.90331555413623
21.033217235014433,91.73520173946444
17.569816412920627,86.02282628836599
15.897846947875685,91.68713730761958
24.51636148142823,89.08764275521696
21.612202455013435,97.22781995637888
20.591465970197607,89.65491298007285
6.5382619424624,88.1412314786471
19.60025571004219,86.56639945171091
14.076355956861516,95.5195585620298
27.32897104487057,92.96806062536054
26.49463919128695,100.02422060306276
21.858393389985935,94.50378136760959
13.671255277051259,88.58008697435822
20.10078491124295,93.38280030304148
8.600832758423177,87.67602322425797
12.229411659583846,94.28298851251925
25.33230879287848,92.86494008979922
28.527256373277005,86.21703766715815
18.16173993039685,85.61142524675284
16.897817887777933,92.35507451243755
15.840218205931293,86.2663955655313
17.563430377955598,82.66052783261664
14.33398524951993,87.15650202208626
27.24135791314759,91.31379364761251
20.36661995145197,94.3854574517325
23.837203590415537,94.27688590207222
16.04938587976095,93.06482357430703
21.152007097548537,98.98034432279812
21.298989198308597,89.4365829715538
25.622868243525843,95.59417308263716
8.841145328145434,81.70114776583833
25.087355291393187,85.31180288471357
21.600701626412803,92.28687822794876
15.50131319693002,81.44366233577023
15.39268708654377,86.8802545612495
25.124016698298405,84.24793406942688
22.160794877421992,90.94142816666465
26.055536308089454,92.23320396505058
19.115808468416223,90.87182468696561
18.631699901054535,83.96130867417169
16.442898907411422,85.90121603779467
23.45069353899953,81.42549137523085
18.523480384389792,80.60135400737525
18.65153903489457,88.54872249656721
16.436550954484368,94.84610199201897
24.135947684511848,88.55807375523887
24.679924142550927,93.8569484028218
18.841246399053247,93.83599609003997
22.032893074909087,87.82541734038486
17.496919985434936,94.29034529841525
22.645967277029825,96.34043952357302
26.9860271273568,87.8033455381115
15.488993069125826,88.38146353329431
26.286938034308108,90.9391094149566
17.041448024882587,92.8713605026431
21.850250734628528,83.95927493272525
25.183424501535416,92.78832755673369
16.118555062748786,94.46460713789409
20.49406279706429,89.57966106705479
21.41460241299839,91.24046462310152
25.944984035716654,87.65423029415363
17.14485825653521,96.08152320074502
20.419843277276687,94.70599095670585
11.880740584551434,83.6265659554986
17.126689267995456,81.729420051225
20.105887788218098,90.2342073972072
16.04688941468398,96.28509645110991
15.217515434571142,86.58597039832713
20.834198956752566,92.06900046955651
20.286984206952738,90.47949959529387
18.641390562463172,86.12537455798885
16.987592525754984,99.13140245318667
17.90711014886258,97.15950434705745
19.80220613608555,91.11240225426226
24.855869105268816,83.83708633727164
21.977506477848497,97.2390513475446
19.906949795630403,91.48312539644499
12.67901056959475,97.1095326476466
27.118826775115902,90.53105463597309
19.415099248423047,93.70388254144233
17.728752112685978,91.74670223231237
19.935952306903523,96.9642734929594
23.94772352550717,87.3039514842553
16.30756932725138,88.4164821466338
16.844313248644323,86.48211404089426
27.726720836082936,84.44341922488118
16.08759817931466,87.09587352086918
25.311271732495303,82.40849807058368
16.091799414063193,87.23322211605833
19.209879628563222,84.16833683880724
17.599773900035654,96.59461844228888
20.151091677047347,90.47423020331307
21.530381225893642,84.17617115063523
9.651788114919343,86.97243551931999
15.90378055632761,89.97926011579492
26.017577021590967,97.15897622658426
20.796214124457087,90.186380213683
17.48029336300004,100.3200441392437
13.62308945448466,85.50889132078245
16.45591150837585,92.17179761674736
22.500795915849487,90.32632048941448
25.926709265163073,93.10775686803629
21.33749628757748,91.06503921293016
13.924409168208971,86.62828534705064
24.104399748021144,86.29127254904259
23.26310831821786,86.17349066343539
27.281852105361352,85.98530900493606
18.701702411326064,87.46515410342585
16.199465597436753,94.63763454897237
15.842945632931517,84.08228686904769
17.381420355510482,91.9019154300172
18.036803424718403,83.65446940038338
23.941465270053335,90.76443266243267
19.272995573710812,91.25134408059455
18.190527555418836,89.69335799803419
16.744908174032638,88.61940688668382
1.1120427104527266,87.38517518099029
19.938179590365383,93.75021536376745
17.70844823185662,88.89649313623346
25.70883865918953,82.99733799235058
13.334474961248116,92.50063332522953
26.589799075005597,85.35447922430987
19.726777174765882,87.93964413733784
22.504124603881298,89.30421477393445
5.126348010198759,96.05146076101897
21.36575341217882,86.75527308018579
28.51808576630839,89.42192224169483
17.739452325407136,96.44839055752291
17.275813132145625,91.8055813910995
5.709141543490215,88.92632878700068
13.918763172713952,96.56146534494978
26.056459585515555,94.68093715015402
16.911281455013835,95.0296335302281
28.012473133810843,85.08601027513016
14.040347767222718,85.19086638480879
20.024852804410724,87.89525255298014
16.9911469447269,101.18826991763656
15.772649040024652,97.25632050700537
28.922406789160966,92.03041373051181
23.72180578337705,81.85835436002971
26.432673703208895,92.01303873914055
22.182067046045095,94.64037511630153
12.671904525988564,87.10438278851228
15.534357890734846,102.45150408944401
21.78133809502232,80.18510845899357
14.998985066569535,89.13448913660628
14.737087665843884,85.0262998017516
12.239537407679101,88.3058425491512
22.691415602556347,90.56603210256841
11.43203649256582,91.67043997553365
15.556131325405456,97.72266070295582
16.42310746105257,88.83337178380266
20.43757409520632,88.868071260966
19.878316883812168,90.46808785341406
18.316980023623756,91.32338074444257
24.096804832539483,93.07564100448984
11.424963544950417,79.39265947855867
21.558729816080042,85.69053533945939
10.243737551193574,100.9025720640579
18.27634280302066,90.3111963346689
20.977199306717733,95.82987390312718
18.53158024111999,90.2025063714552
18.38260802386337,94.48388073661252
21.34930579910611,82.69790151858275
21.89162694312983,76.32311832508668
21.10466243287687,86.14910140313256
21.515004660935126,85.2931372148074
17.86252341436621,81.51268458473116
24.45704617922769,90.32842079544538
16.818445485937094,85.56825124242498
14.025214848311112,95.10320253587417
11.921382624520184,84.19907148109131
16.868715491548073,93.68612643947243
22.1947684428837,93.59196875624465
11.882022894239832,83.6203397797958
16.386282161984106,84.19928670930545
16.871251658717597,91.22088028132907
26.45463075735406,85.07760761731778
14.110572865573854,97.28970628104216
17.78246236750061,92.68809118673333
22.351284443798058,95.02082006725927
17.644330794966525,89.48858363079525
18.619595355386174,90.35649444330744
12.811451720977765,79.2314250214655
22.60466847414863,96.47282178780159
18.647636972236956,96.64099630761847
18.74374216682888,88.33031983649636
15.81410378944367,92.46066093795221
25.56142720705205,90.86701807672985
13.13598379959699,93.64763788362022
18.048678222188567,90.61248505097778
22.495528690315112,85.91539950371057
9.81879975442585,100.50882831907515
23.44215102174644,92.71711307802917
15.60492663792613,75.73824734309324
21.36279196863138,97.92320612206957
11.862605628603033,95.59022655593954
18.505878214922728,87.01674131829914
24.02588273073966,81.40424335344139
18.93493721854425,91.97852504375491
26.81312602713715,91.27368347305465
10.671462576669954,89.24208903281864
24.571837206322336,90.63613984929243
19.901154813972415,87.21749006200243
21.161419943617894,95.27435481324362
16.723656059798767,90.04487808314128
22.268934672689856,88.7282867493338
13.845410772680374,94.32502933484695
23.543415172072546,95.24634307409711
18.260419921047003,90.69530295227065
22.566210326707953,93.9847479475757
15.68597998669951,79.67068622720122
14.752292092158402,90.35593461299013
14.461285124329077,100.43733398961335
17.357139888698928,91.39942469016054
21.987302116641708,85.45147978107981
23.078654028538946,94.08001532896847
13.01862158649872,94.24232983368321
24.865362926104833,88.18209406883457
24.686694260887684,89.61313281174193
13.690948240137129,93.17039874987879
24.171374465113217,89.66276866501819
10.29231439917411,96.55884573198247
15.956429923312033,90.98492508715458
17.142609449867905,84.71435925956284
18.224226995620338,94.50704586997156
23.684030019175243,91.17638438820038
25.293321538269453,83.24671927155808
21.436437843443727,97.42247157210109
24.81804333030436,84.47072499378424
10.109681275056339,90.55464795247477
19.74052611650709,92.89000412312959
17.04046574715843,89.77501244086127
21.77978376065232,83.38156174682152
18.25033619845301,91.33921798489791
14.871955594210114,91.17888025193565
8.768256693477145,92.23888178200326
26.128531178143838,86.5479008104447
24.428336725049856,81.76035317418034
18.07418838391598,89.38926986847534
16.482612446169945,90.87237883313053
22.066441937316426,89.8878505191745
10.766990161621296,100.36499015056857
22.359210362896228,85.98979810114575
17.49996533724373,87.68334977791073
22.02729292437236,84.74704070838632
24.4629076433989,89.90043868316336
17.907929211167488,100.56415224543905
13.828515365471121,92.6621509431546
15.412476548164113,102.18472681751417
24.067171337374266,77.11570304945997
26.34878913747155,90.3578894302313
20.17257461836955,89.13507614449641
30.967635385768403,98.59912329242984
13.464451834120423,94.76655541125581
20.04578376050639,90.67759792909523
13.55477380429383,98.03001045458977
11.680448074616578,93.63475698777322
26.3072041362909,91.9376240266426
10.867183777454523,84.25257957735568
18.1271817102877,90.31181240399653
27.622815516147018,84.40472082004122
14.128709450503782,100.0847274108444
27.59928300415092,88.65708743934499
32.24494690465279,78.64741985507956
20.45478333665844,99.47718783887707
11.298238600969492,89.24230095480578
20.498966641670517,88.35209576490166
19.722899633980052,99.5224389162305
23.977171729440823,89.5436634688061
16.608105358258875,85.40021859787923
25.16369377235977,96.58478636302588
20.161086610233333,91.87259560562848
18.83061071500048,90.05666170535615
26.961298149351702,86.15004039066474
25.648716828902934,83.035960636385
18.201689995856714,92.98147009182783
15.943734850549252,86.2296964131977
14.719998805174022,90.7278495913382
15.28489801480194,84.647041399753
12.378677822756973,89.38080278868918
20.254455566794743,93.98090709047676
12.500227721606327,93.31590576206816
14.918594291703014,89.05223663365435
16.99296188786057,84.67218585524121
23.20483651307581,83.72840896466866
19.885612458937352,96.84456022825782
27.207273345719784,92.46295352021208
21.24128213861551,80.64862067436566
15.097380994062188,87.07089066604183
26.96985826427749,91.79391165460608
15.870962002419706,92.98934614697315
22.21102900074929,90.26454360322802
26.964941218160114,91.27961638349608
22.442529977690462,89.70603504681432
12.910252062515038,84.57417099585051
25.839613988608733,87.88224138793608
22.979318366036342,84.0747727969764
19.42093918510978,82.94362943723922
16.613251830062854,91.80426992974976
14.530423093138047,87.49514605254501
15.56860227284356,87.68265020439276
13.78849499327681,86.36623114809927
18.417332262465234,101.88121365998768
19.084389492702694,79.83618704583121
15.856771994931977,82.79674282843189
13.886502236588816,88.58497252257965
19.307047637359215,98.59285555097534
25.055763855508502,82.43293469913041
11.240164543300525,90.17188390784871
19.935484199511436,92.73842407518599
13.625290639740102,90.51006639781035
17.746172003544178,87.64148905409633
27.196093935784884,94.0151491939874
8.303116979604397,93.84148034824467
18.44747878970974,88.51677865635877
14.445106485865281,95.34882198629717
26.21862096080634,82.72347825472362
19.854502212130154,93.96813690397357
20.95607905292829,88.97966623066833
16.846156550803446,95.65605870880995
25.702816748269992,93.51593342075246
20.63699214869628,93.9884885511334
22.607004154222857,93.89701943835777
21.77082857570785,87.71351113899232
15.052188477231077,88.37223135734305
15.441638944811011,85.08930785569999
19.82072733318443,83.10079871406302
24.465591157179446,92.35612440995104
16.402238532959878,88.15633535247771
20.873011849665506,89.37325720719159
22.874497457388358,90.1113257646786
20.417090066437304,93.3290163147073
23.30272153299244,94.03112823888495
22.91137978921491,90.03150780436582
13.887126889085442,90.22955325643122
9.034845242831372,86.16408749953523
13.177815678197629,91.7333707409445
14.316981043119442,84.68951861254746
14.069644534214087,94.46861544279031
20.409883498114134,96.22883578629188
25.285134281956655,95.32718128262356
19.775948751745037,83.87296427002136
23.05318532255642,95.38911686837622
18.193976505668157,94.25627047169935
22.6381960563722,89.14622694518809
17.65801192259274,92.85494155456347
15.74483340565444,93.37143204492335
20.232849631878565,91.0294114981524
17.691273066708458,99.75111840567321
11.821962589979728,89.74599688084452
31.590155840781897,94.70386142479462
17.236916926374032,89.99291567046258
11.163661693183165,90.49247387136587
19.407652272314984,90.2974675858746
27.2489061057966,85.87692318354888
19.654567672312282,92.0224825335587
15.919471112348328,88.35726742709288
11.672251263420154,88.5342369468543
15.27493378112567,83.41997630684773
3.899323425571419,99.63537496004116
11.860488473899546,93.23571067535774
23.270045666695157,93.26110815713027
16.603330366812823,80.27173209311565
13.425894257186542,86.7967439856812
21.469603682759782,103.08474056074725
21.023653449827627,83.69334233668835
16.90358051077484,80.83660746164125
21.89349935029365,86.34639147258613
21.8853722010963,97.06726806421952
32.850554177447606,83.20942183890412
19.669991263058193,92.46607873426206
23.16267611958188,90.54867597460854
19.142433830696167,88.10536095413471
21.91999954162788,93.57397754175605
10.98822239430068,89.732736754702
19.698036894119863,95.17860670017197
17.132430374355316,83.64927012338505
20.44486375319108,82.53730895038201
20.568294731941073,86.04768758090148
21.754474678387425,88.17229768074571
22.949523204928102,92.4236935798247
12.281809128784495,81.12429615838485
18.6692222637449,88.04142238531864
14.809468584355615,95.17904313756763
14.126007049562364,91.6541356159716
28.15276004501137,89.82293832139827
26.893742522695625,86.88288426327296
28.006929646925226,88.96054591885286
25.409573401484682,94.01502450643453
24.287862521420195,88.55131956516216
16.339650475823642,89.65838974347218
23.180601950729006,96.5540469688044
7.489734157168781,82.09151031565956
24.92215266589702,85.1769542529848
22.152342159037822,83.10594512067513
14.033343722775363,92.98489773142254
21.28836357956914,89.80325728169224
22.534006290263424,90.76785588464311
20.845845302524843,88.22622202020288
22.7032430750202,95.5934113791491
17.86863334930616,91.51365626123703
27.342768578899648,86.89923897853072
15.782505652828487,91.66909797566663
22.66633948799166,86.58960867281588
25.3950664066067,97.18107880283095
21.47817498702215,86.24764129774559
17.758993480868984,89.96732027266346
24.961491187773394,96.95090029674165
22.51513272120509,86.68134591874703
28.845702763361796,80.15403103091947
16.533942019700596,96.37971180981475
22.458235781696153,90.77441804928243
26.030253466158182,89.74450509691783
17.555829326173594,93.00767654088273
14.166175624440912,91.6972771815616
19.158503292121015,96.30945619237735
24.390601851634745,87.61243308117746
25.07165705948494,92.41205669310604
20.35154217562919,83.11055067292854
16.049686903924854,88.46674921805655
10.876503209745529,91.52293394185429
18.960143047455087,93.79762772558352
26.99867035164424,96.18496231190625
21.988197905521368,86.34249648207818
14.376553436370395,89.08046728839234
15.871891019598914,86.03247527915495
24.19283336083404,87.48174152747977
6.676421039130034,87.50209985405193
16.45438275534425,83.69209021100217
19.282514480495493,91.61925066036125
16.373570025300598,86.6725498162499
15.914827450158699,97.15718347132406
24.679264546471437,86.96565000398684
26.262263657730497,89.1185311971062
26.82420766872983,91.4826978547497
15.451305788707646,85.97451859670646
19.88036167092369,96.16389858613157
14.698189956727877,83.32199260065904
12.36893125630845,93.38593095938464
14.935866951109947,93.920853106331
26.652591726349783,89.05464626954353
22.42182980530311,89.70483452469921
19.01494902920748,90.17896546714385
26.981175545876297,97.33473340089446
14.725201539480567,95.80002626724249
17.02152093249497,85.64136503000368
14.280188738310517,83.07061854046604
16.56915492835539,96.51126028742041
25.698676019181157,88.0252738136666
20.442780139173696,85.98760662247928
23.78496709878104,93.79577821600726
23.289418852732283,90.15565432451778
17.64271729726111,98.42177484141095
16.4604010822013,87.9819324780518
28.671150386686126,93.47189332062494
12.530674763096636,87.90809110399996
12.560422944284658,87.97773576360962
25.757896613041403,94.16023314412531
14.856522993094957,96.91885686358125
15.601378078178598,98.28488874374716
18.19051145807349,97.29831449353264
18.171875689473225,90.0366247830403
22.873997148494468,89.52928790927216
25.072129768027807,87.64389739614938
17.703743086196877,91.8377841833625
13.97287603572121,92.16635151807783
16.154421872448136,96.64399219548969
19.938712434358212,87.86817141758263
17.16591621314866,90.82653781405958
9.146809996880835,90.70525862193983
17.198467483526827,87.95358544669098
13.582833757228071,94.34619097464466
21.428492196434803,96.06452063996656
19.03455439741775,98.44320838437127
22.761315225192295,96.23686137591771
15.841042126652772,93.1334056974904
21.91107336901528,91.65500840137588
19.806413188473687,85.95719293908233
23.78638848825678,92.53969460354158
10.60613429518725,89.25683917290763
23.843990782271284,94.87575208431797
21.803535059312324,86.20622277222758
6.422494658621135,94.20990268498967
12.265723303365668,80.68349449262877
28.711172337308007,98.45245554535322
20.66894464747273,86.94541952158701
25.298983647044956,85.25089887996711
20.336781106565468,86.11579690317626
22.25646851023857,86.69452946511609
16.871471356349932,89.78155726714411
12.621533934333694,96.27678170970862
20.32895118408598,84.93662743762984
20.61540027043889,90.06665220698308
9.886195779583431,92.9589397733074
18.909669376397716,93.77834627543149
14.384499764986465,94.0281933955523
19.23487124756337,86.08982188193855
23.3402412326108,85.40169093785609
56.41466056912442,63.90563090696783
48.16074916057171,78.01745316179145
38.93677048063709,67.61549775415735
43.4008816099763,72.76617477373063
48.42646175482764,74.62557708942191
52.526508584018785,70.46524389751154
39.53748280705098,67.22204529297682
53.85163467177255,70.07433474903749
36.88614927841859,72.71210160644623
47.028062952137326,67.1032467839095
50.91878290132698,69.59902643891515
43.458784821650994,68.36548787098454
41.88487893037104,71.43538043963817
38.919577545255365,72.26124652806796
43.480602306346746,70.74269105295436
46.9062559089667,66.39704259463493
46.812251225917976,79.59448122068125
46.121021334946,60.34703139683295
40.25702184488288,71.77729972216326
42.77793827501211,71.79311081679448
44.57234566644794,64.80656549039375
44.164963389909026,66.16025409957328
44.82899879361096,59.161096312886166
47.70182478274414,63.21755148345247
50.294287011763345,64.12317136776488
43.83581443010128,62.94685154760287
61.28721248778561,66.46010964489513
38.19796465565305,53.60951506955074
54.24169417925187,69.97075559199595
42.69778514337707,71.86894389827555
50.80372240984711,75.31187944327047
51.52580494810638,73.6199061723678
42.4528989697978,72.68812745792799
40.228353698878045,73.54363226390743
57.02278007047615,69.1140569158625
49.17333478564622,77.19123714836334
48.97423700586789,74.2321116864814
54.32947390958761,67.54540547782851
45.09365992822048,73.53453879823739
59.289067775184904,71.08920786870993
34.91963055064808,70.86908469111528
44.33849520876881,67.6254203169722
40.45741269510984,80.3908182768952
51.60470828574368,61.15525731663297
32.62774356273532,66.54830349955697
39.815278937640244,64.57052483886186
40.28582697491756,59.1183008624035
47.8328158232054,64.32463934775825
51.92960204250421,65.28415084838892
42.22091047506289,57.61517164413905
39.86564757911974,60.45361366506138
47.751903056197655,74.88906828490491
40.64165209447791,57.696987597624194
41.76968232415161,77.34754571854671
43.92736724470701,62.643496049061966
59.45517029895339,72.85708585231653
46.59129781638587,62.3042193117851
56.54951265480021,71.5794704935144
44.890761429762854,74.37128035545904
42.408269934160046,73.66863369816073
31.650978775168916,62.07775063278386
38.37797029087446,74.56815916322614
43.060127203681,64.7121546234028
45.926155424017026,69.7498397750243
52.0247577761555,68.942696664281
51.37949867375973,69.86592718080044
51.01514340295145,71.21015066992898
46.23475846882345,61.34002068837579
41.24036427447628,65.54712988520188
39.308319730460674,62.86824548142405
42.78009107247967,62.47317056370792
49.4807782363105,68.07542862834511
55.980975476383755,72.4670271105326
56.09895666304524,70.11162951000559
51.17801056175814,76.5888817075558
46.26735926746687,65.05007794915095
46.753106714112086,70.44685949516129
51.34425098590253,67.97730460036627
39.6733845631998,54.722358350762754
47.398838059004454,64.71534221422253
42.29981017492525,55.83972228008586
39.47674741880622,71.50292106078433
59.625419067091514,60.73739550633475
51.245843842491105,66.19600741215888
43.85113024680257,67.88297885952419
49.18328227094301,78.65507556717263
52.21453001201899,63.09010049120383
33.51019704161199,67.86734550140363
37.2649107773948,66.99033893063523
44.18587399814884,70.66265137194215
42.752994056786385,67.92172494549864
51.2239322052082,74.52650135636873
37.26257669716266,82.27637097763724
42.162113475958435,72.15558533354846
51.40458652007139,60.55017412453892
49.91966114607158,69.36865339061951
53.64757582225113,71.08443095722372
43.96362169160344,79.14023598259801
49.09103325459087,72.51487586124459
54.68261787165826,61.13111429188602
40.39355371664004,70.27259075005536
45.79256657644473,65.83881413479548
46.78828904391958,66.66896678118908
34.33769952403394,80.6541999540417
51.87768475127352,65.26778317925428
32.3616769194583,75.83506904680772
50.52309249223694,76.46166821317176
45.91031099123866,64.52297554840298
36.35570054114865,62.29122551664556
37.39365153660252,66.39043662563678
49.97847767074116,62.59551381620647
39.75127899975527,65.06882719844121
46.744551568881846,76.16565614639097
40.92748685910566,73.92815286908694
46.16814590256321,73.65822646272981
46.695831394379056,75.48293186029746
40.033984029293435,67.93201592468385
38.933206924457146,65.85438966146396
44.772868341970046,75.03343179733446
38.502621680450915,57.151821259607466
42.4287337909661,70.72337174741033
42.39911513031387,62.880314382264544
54.062901431916586,71.1929883403343
37.88171411890171,71.07794274037087
45.12992354191954,64.27204871559611
45.314739835715216,58.11828975717913
45.258108389331234,72.18266636979968
48.69696580939625,69.71688788560749
47.38611824126699,71.5227929468005
51.8499695672455,70.94417752534507
46.974401206991786,63.24983905420423
44.69544553912089,62.64178214193209
41.89551807335955,57.926305082956205
55.797625260141984,61.45690522489904
39.32552624438094,65.3423262484821
45.05702013201617,75.45490121630225
45.38189592861954,75.79714900765647
38.55193140996685,61.84768470938494
42.54394310213319,69.39734423971534
46.730659096910834,58.884504286258704
46.314506991366734,61.46336502225442
50.48229322510534,68.21471350922005
46.05015667757635,68.79334452598668
47.773065457082886,67.29863587351593
54.072400070446804,64.9131599049084
53.08543831127216,73.38923786505653
46.55083802056101,73.42224420318509
47.13800126478498,73.5781405151375
44.317668012649825,75.47931269779883
53.192349658783776,60.29225615811976
41.48309454100419,68.32555851208114
47.12841811825987,68.89249923119922
48.93966261724386,63.15755303775774
38.95075157392327,74.79451316535902
39.39262368601182,58.43867724667129
50.70501973487304,60.734281201192815
33.46286244561859,69.35262850492295
50.35828203386961,63.83124656389391
50.02870334483727,69.24465168137232
49.28851808726093,57.51340679907504
36.902242484441196,71.03941666388295
54.12122449434524,56.47777932018886
45.79244682315466,79.53600824201227
46.642697301178565,76.59868837586146
43.46601569362208,75.07090597819015
46.89590873196645,69.5215326971505
47.451501275318705,62.692246147247246
36.838530908485936,69.29253258862119
43.7531326987546,72.0063788946974
54.34622902182005,65.00517102183652
47.83066222475443,63.7695986171108
49.10712317852902,64.20435371278778
51.69832290200493,69.25416288939621
46.72179257948933,65.80417420110281
43.82325274446131,64.05442443404417
47.240273683220686,67.86195463756034
36.8818855541539,68.48416476503294
49.20372630170562,60.09630029432854
47.282896763276334,73.92184504282503
42.172722881719096,62.59691801347234
52.362293625927705,60.20741707641232
42.31145537791566,61.73440945439243
52.303814364173526,64.06790112111612
42.63473418209481,73.70735227816952
45.132027754347575,65.33727788368375
47.42230951953157,71.21362712664413
43.397502090431026,76.71915370910324
43.513166665233136,55.2600737339187
40.836497625976314,70.37947177349447
48.843247976074736,69.5882884706287
45.99590518070284,73.13086171983366
52.73766243445309,74.04440900700773
50.413843028498974,72.28799716298339
46.89316671666558,65.31299427141975
34.772309470504894,79.42347498486933
56.59018356283292,73.39272410591964
49.00883238938975,65.91180632706826
42.57343552416819,64.65507097253989
48.506098808887785,72.8875569447141
36.504050557839754,65.33328745094308
40.51990507929826,72.7476947401804
50.1801287917277,68.56657321172828
36.47307094764503,73.77296155167741
44.42547615557308,73.23988951410621
39.70834076764787,62.95979632685133
44.63517846385679,66.5638550586609
42.133744214338094,66.25393689379567
47.01157538827822,63.02380033182384
46.63605174250644,57.55260883446958
42.875704556675664,80.44048528769416
41.9454531013431,69.70418369676354
35.65371133840313,63.175664118177956
42.3899979287101,61.56717051024097
47.168054142147554,64.7628047388685
43.88497939238124,76.18482767805506
37.15864710361091,78.1752470545952
44.66457597821665,80.06354717509316
60.32056214963788,61.25390792870284
44.19585025050079,68.02841694513322
45.75086663843826,63.2414905577018
48.5108245049269,83.81573487282154
36.35653443911943,65.96427310134602
48.98645522924759,64.85900397151444
43.835508221396466,65.0528080207129
48.28170544723071,71.93359376067137
47.09031096394207,64.70756219587324
47.226978899789955,68.2176787404417
47.25670315413008,72.87445187578668
52.19879063420049,70.5985210166977
50.18721764655156,67.14104992034811
51.3565945665654,73.94750994763137
42.95052088961715,69.6433356761164
49.48806991131386,78.5622506927061
41.45691015528317,68.90617083209148
54.04993516759249,69.42708365827328
38.27240171662439,67.23068792477196
45.260185615338976,82.04229316657855
38.04405597291873,55.37666545895407
43.9127823081473,67.74201135691217
50.16157298787683,58.21748731278669
46.94468562703161,74.23925845888958
49.91110089447699,62.709966288772115
47.50108127235227,69.95074830679215
44.76270158430064,79.1009053834579
36.39390743353087,68.41991639342768
49.07991565333518,66.5412897495085
37.99058373689711,68.19546328912685
46.2905916964525,71.83534830640654
50.63938625880415,63.533669076656984
49.52477849230393,64.07901432192851
45.936533032704446,79.14570339864191
49.28957715983082,63.4278114589958
49.45978602320784,76.30533989431855
49.984247124785526,59.62423104539739
48.32879716109156,66.06680210255725
47.74641581569854,63.61724609335785
36.928467492724735,64.57489548038285
30.841716594530773,65.69595242320894
49.03873490844393,61.3976762946377
44.49420857594499,62.750629275563604
41.303614573028035,77.4370002818762
36.49933661169991,67.82551433634632
39.250855364019,70.20373537105871
53.0549463820692,69.05503711884398
43.528686192352474,64.41595485098391
39.64079157305794,70.92216329316754
54.745348087728836,71.55777390916927
51.7046831696644,69.0749225341283
51.41366859539651,68.97633829573252
42.62575240320469,71.22620827505075
43.0646772220821,74.18348091961457
47.89535383989585,65.02388868141833
44.64663963601905,69.51605722887344
35.84186772599135,67.99817339210128
40.62165647477191,68.18684493079462
48.36497966289558,74.09439948940751
55.025559423071854,72.04887904198945
41.32164112824075,65.01747951801313
32.092885618058595,69.95040763518273
45.173726168314246,68.95622358592088
51.142579182498146,67.36787338055105
43.76249404000709,66.09003477344591
54.31843843023348,72.0266884734601
45.10487213473864,67.82052565178729
49.00229936308057,72.46892332374978
47.93663656182316,83.03586053836202
45.94557294703558,64.00476568420987
44.00437573857344,67.34561166886212
44.00401635281983,49.50619631185607
53.22817741326062,73.81146474314502
46.87743894881652,70.98704081206373
39.94595118844931,70.32660386010947
62.52515838708385,72.28337041934986
47.04138063056648,73.89307354822944
43.19338942074464,69.11122254513178
46.586076157475986,69.06619400211899
50.29194808630419,68.20428603565517
54.34008417344296,74.15162422132818
50.729074415688494,60.20771165248714
56.765536548521226,64.02963346906316
53.689474290039286,72.7519036105058
51.84825739384212,79.06840638419781
38.35924049657142,60.100239646307195
51.1507186190279,61.413944273235494
50.87879581063404,77.25143670652324
42.0341835272889,68.3933893562249
47.37221297604296,62.4485630822163
53.39246464017622,75.7566951974357
41.91857875425304,81.20029105862389
49.367660730091515,79.22622630770488
35.5887281362588,64.06149107953605
46.7832451426921,68.06312086999938
48.899850661028694,70.53289672601773
47.90249408455374,79.63927056492227
40.83795374324842,72.5086101602047
42.586764434425355,63.97387468777183
47.13978311529527,77.71244620094078
40.0726779575072,64.43032644063405
45.06060527695725,70.75399228122589
44.69800424683228,65.18005830316127
34.198908764189824,67.10296703586478
48.8486253768145,61.17286093327942
30.65578158421073,66.69217488218061
42.72950576053449,91.18799611864034
40.95686522658299,62.43229931268685
45.93329038218745,66.8221194450071
53.374190089799285,70.08682016866722
52.867349252232216,67.98221366518221
48.35948900781814,73.8246148336846
46.930524155930534,71.01846074060212
42.03819429139482,71.43519762564996
42.61298421829511,63.15583677195099
51.575616835670914,62.346244663542066
40.74376121550116,65.84226745545962
42.01829785915851,59.72005995977236
43.330699141531234,71.94247117919272
39.89422595464406,67.30041258387729
46.38113192003263,69.07434797801949
50.20112181835457,74.09233335974844
49.74332701252266,71.02385742612668
44.51357195303215,68.67939018129137
50.73888915500216,62.40676137546074
47.08608078766183,67.40950675871765
56.575597708060585,67.10784776625955
56.84910804980984,70.73701227714272
44.47585435783036,69.57518733350842
49.05288977421677,59.79105705095553
35.41118425508826,59.344881177407636
43.907439470881954,67.99638312635537
51.70833781106932,73.20054277506952
39.84657927135228,63.12356925016677
47.01760936268423,71.67530878906592
43.0509172639067,70.90296495277826
39.343463283488134,73.92479140614861
36.57218887370913,63.7230063922854
45.686271645658216,58.4915507445669
60.71525637845797,69.66235094113433
54.83225847849978,64.69761295740724
41.93269731388678,68.66381282613996
36.50457621244052,64.8310788360451
43.35236117678451,66.55861779644817
39.86271722275039,68.23921661697237
45.28434843514644,71.13977563532919
43.01300044706392,74.55204426733152
39.93285749602846,69.89594592757034
38.87209729789326,63.46495560914462
49.769901565345705,74.42059666999855
55.56041339168224,74.31828690939265
43.225528478906675,66.53135609986684
42.115671594597345,57.58406112384345
38.830328668866926,70.17254308423038
47.83282343824853,72.12150648236928
60.364657502854776,63.616316776824995
52.80067497537862,70.58355177386153
57.55744939653352,68.53982176422929
48.07285078848092,69.67464304071527
49.4664076696576,71.04650590820998
42.145696971276216,69.27097586339782
58.89028344315796,68.6378988357761
45.35539783417216,54.74332530599636
51.905869781758355,71.1749337106459
44.199138255624305,73.8793246280601
36.38783357361787,70.94391797145697
45.1501397673027,76.55788683925316
50.348814088698546,70.36118493337439
51.8564514959253,65.71956601535263
44.25025100873939,76.14136710993238
49.67059503929834,67.81784806560077
45.225412967931284,72.18770001547959
49.23825623219842,49.658046080426715
37.04089121268711,68.931656239352
39.826182422469564,68.72825380074423
47.1277497042512,66.35452344858771
47.680787908099205,67.74279878836295
48.151148436914994,75.81567329166204
41.01980097294827,70.50761302535562
54.75971311374784,83.77360230251192
49.904986579838834,72.71585874929303
53.64546848721035,72.04641301821837
44.57447997659375,75.02932807375853
45.97944437526658,57.91335461979811
53.7685079527631,73.68659423253658
57.06846059713171,76.14492930788238
48.134603898573886,68.34913051476846
48.79087805393303,71.34393543925273
44.46866559678449,63.064683427945916
44.64117370664547,69.89025829664834
47.30612716495622,67.3459021016495
51.160436517995926,63.714637707283096
55.11925436176252,60.27124006501384
42.31515926767581,67.93036253323153
45.87597555348391,68.16241443705624
45.39440779098771,66.8898314135149
48.0440237029922,72.18636987322003
51.31994567845166,73.98141651376817
51.40164143024283,77.12774213754086
34.58704076653217,71.62527747673391
51.87902429989988,67.12031207684389
56.29967049090551,68.73229283771016
48.51781844356815,62.995244990112
55.42786307345695,70.51250297991659
45.93174119702473,65.76568857065818
50.58215748380692,67.12606537747676
46.881231586812184,73.6528631034235
38.169748192089955,72.22807574454211
33.58579052009537,74.32854675906208
44.250715383500335,82.79856970237616
41.6472672873878,63.464640382026595
36.81344891650727,71.6750744400433
52.6637635711295,68.41133906868426
51.58152570341544,65.50864509398404
46.76356562045717,68.4717986285139
46.0517177509881,60.13112751682081
42.512958004264696,71.8211435835763
44.83129468422698,73.66425140809469
46.33959926543468,61.2201897270579
46.322968249678,62.79627443135623
54.75651118946338,64.18087706854367
58.21099840668856,59.493350689681414
47.747328162107316,71.35745568083202
46.52638372601484,71.48304379543411
44.82950081656838,65.5054775266938
35.50343933698412,71.05242613031103
47.40119168179977,71.6801185923559
54.58094528919046,66.58253006763104
45.985181251703395,66.14441043681971
55.58897271373374,70.97267920730995
44.7929310452987,67.9578899755068
41.65304160100202,79.63832346787399
40.70356214598703,75.40587851516275
53.91624231086425,71.1495085953494
31.034922825426072,66.47461405188031
38.768830401331144,64.84776389398843
41.932186184184786,80.86284351149621
49.596066092163554,69.70984557944062
47.66949283081747,68.68617881283467
53.64847427235073,70.93173549650882
45.86192115623658,75.23232905036399
47.75908499185994,58.786068658457225
44.60726859050093,65.92305237645607
47.520581031814544,70.64441384318708
49.89066650752646,62.48151998471264
41.31021649211633,61.05055573540672
44.99221150889207,64.53403296719895
41.42446354191381,63.10953406881722
53.92076193269882,75.534337063039
41.98151073797164,72.84478178587831
52.99330030654236,69.44867475764957
45.50558125142927,74.83066041852385
42.668792386521915,54.48560376390632
48.523806144702306,65.27803014554895
40.924519716286525,71.64585010093776
44.516168449831255,65.20814877306715
44.0413451451122,73.34091554716144
39.903329112837305,73.9371066780241
43.41838306870428,69.1556543701451
46.6061273951857,68.8987664904611
43.73080846698957,63.706165104310095
51.16462810984279,77.5322990929132
55.1928047006931,68.68867262435268
45.6276482841951,80.7413240949734
30.666456239725427,65.96314054569548
37.14634395015656,73.330929759962
36.079077559573825,72.76268255304716
58.763979965658876,69.81466710513544
51.732238350668354,68.08338983025352
41.52170536339471,75.4144832429391
45.28773427811793,74.5193551025549
47.863174724601386,77.50482996301815
45.39885868266877,67.86370373068983
43.2357360066381,61.91365436222761
56.551854232594394,77.1000587016263
51.408283993615335,70.12636865168439
52.96187300289589,76.12546956487202
52.85099082046571,78.9909445526337
38.4212030798341,68.51192941917691
37.297950387456154,56.67061405362124
47.1547689810347,73.3738234795091
45.852831703139366,64.43103538456732
55.68579173139826,70.52387532406851
42.42461353030291,71.29385434270411
51.452064842346594,63.16469332697914
46.30015498594849,60.511668691968865
40.99813290205539,66.0829506302357
44.63663920094439,69.03140547827411
40.775034387651715,70.3546648350769
51.125262593543525,59.27553463480514
54.88911041293805,67.5845649979534
47.29450099409091,73.0361313314209
47.398029804471335,65.41380074171826
50.895639460478954,63.46453446808088
57.11829397259945,69.255421390037
54.050785276745245,58.918673477056146
54.83749877571786,71.65348551793899
49.110913158536526,60.18612457867858
48.299265869636855,64.09664785690704
52.07077420210088,62.152478670887426
50.50733167521036,57.26769428130134
46.105568650315526,70.95238116400628
56.58641583430197,70.54186432245157
44.688915041289896,70.11731337982215
47.56529977909035,73.05880349616746
50.338612199834756,61.01970485726068
39.025255992423155,75.73386572345218
47.92046519356227,56.833393040436476
43.58615779057927,65.93862233449732
33.1178641586437,64.17985993569125
42.09657841625731,66.64267725489773
46.38155014529115,67.61061042061348
45.72451962494353,73.4450350003854
51.107847583965466,67.56360984058068
47.67366511974955,75.33623376369984
35.94139635440665,67.2568195234989
54.09007424274378,68.92815403361028
53.715618545158655,70.94408154591075
39.905529593854936,59.65460027363751
51.98626943921083,67.34261386068995
44.264240954591756,66.93109569884734
46.538921238524566,65.825506760195
56.44536237693388,65.27285209112279
45.214394901957746,80.131877025859
36.82647711507286,71.48552000447972
53.04987554910418,60.24113531338021
49.625804877502716,74.8356263626412
34.73438744103193,75.1586525926343
43.549035657163344,68.70452874814063
46.94995593162719,70.31736975040639
42.24098148385403,67.64406600155938
38.08862921334197,81.06961723851349
47.859257194593965,75.44180619021667
40.921852419111154,64.61416358533377
44.197886808327894,68.5860251249984
44.38781952670571,63.70995489748401
48.94880567029624,69.0394670411338
52.222074189310675,67.66844745318124
46.09178085830004,57.72275500829106
54.136537278910446,74.86903756991607
43.11468080079774,65.93344577249421
45.403291930006915,72.80809499565142
45.2699533434128,62.62606942397601
42.138252369405286,75.55830420476595
51.28961467878882,74.47867329848077
51.56554427329517,73.17906507242301
45.90017765741884,64.0558187606739
41.32037800456884,71.33838819175327
51.78754270323384,70.50106302928509
41.28242253427389,72.05379449713804
42.91670718899513,65.16606058625156
42.311576209146175,65.54571373849777
49.48621091005494,59.75703810005699
56.46366371970615,61.035321096471
32.48760680192754,74.93774259465297
36.67588492198304,69.00664567605764
52.12265973673127,70.10150120838635
42.95622222897856,72.76690619219433
51.12664208113707,67.05863086993298
52.91858136015519,66.47525814169822
50.82829614890788,75.15469973751831
44.84532870217716,69.39143720601685
49.14726995016053,67.87143562066737
47.60653615002119,66.32878000724521
41.14104731993696,74.91754163081559
45.00660388401025,73.58043623358446
47.27904753548897,64.98068218901608
48.365001267520974,64.99740489609285
42.20314322974203,74.68550386133457
40.466226413333494,59.58688722812731
39.77703216184488,69.68178091926211
48.52017446026033,68.14825940098774
44.69253711325061,72.1686733142428
41.03212005937889,61.46356806857808
51.49107280260338,75.46015955094532
39.6423906761604,71.45531677121076
53.55771363368833,67.259755313462
48.10883544913209,64.48878014954897
39.50516933893672,77.28022977532886
46.24201564086716,73.62244140826591
47.358163476576536,65.20464113153606
46.82997425527065,68.63778640996856
56.23195660392761,67.48970415772519
39.20327549454309,70.40819773609805
45.161410509930406,66.2714152182009
37.43922536455203,66.40508298460689
48.04292598213018,80.36776665715523
50.273146689686826,79.06508662620529
44.86347925616823,71.04659527885259
50.57154520438301,74.63404572562119
44.56344311994136,66.4755376314343
57.37450238180193,71.56597638344377
40.246629334843114,68.28439855930999
45.017812895389866,74.36164077912855
46.47040520194851,72.26137436312703
44.703920042393726,65.2402811975726
37.77096985186671,64.70085200020561
43.53227819853696,65.31908294220379
46.726405320766716,72.8264328196096
59.76792365268428,70.70380870040202
57.459106190709136,66.03701802568514
44.14832898229391,66.80664939504695
49.0696998576066,63.471356085175785
47.58570801436472,64.98054243753582
48.71252843153636,63.36213306004816
41.538389457311446,76.96763188176257
37.96127083393902,61.354706317826206
39.882835447174315,75.6433669892974
47.96450327577538,68.61281838178057
48.3092109913855,78.75901438549933
39.001939608760075,65.87381367368184
49.431918091910305,72.28154685365912
45.13854784381939,74.01017061881248
48.96437434606236,66.82477628364144
36.78318502892647,63.04519346838186
47.41485932310587,68.89384518746948
43.08304166382487,71.75955571120055
43.2541382361473,75.2944030419876
51.94256774612988,63.07349170784849
56.44917108287708,63.429787865423165
59.42787605193418,61.0587452742861
53.26522910133134,78.76023496639313
55.485137530422286,74.22540506097502
44.279891916429975,68.74910267917409
48.28138277715688,62.36833446445667
50.14174867853068,72.40846032017599
48.75845729629705,72.68393649226698
53.08710742605569,68.07429837648664
40.14108216289937,65.58751839092254
48.23230032187706,64.68017623105573
47.5444362696281,64.72411000660324
47.76972764983534,74.69572549672749
60.09035759417549,72.67105404546844
40.4735431198261,62.97971604166956
49.53304222408641,62.761439963230956
64.69671619494416,70.53707482275466
47.01385555249124,73.35032408332714
39.957405429419374,57.32251935322792
47.036478093609794,68.42968481401705
39.678096997887266,63.24827617961342
46.54106716801699,63.695396052647816
41.71480590679789,71.15974534976833
49.690608846034856,65.87525490538523
50.43076226022198,72.7056629690878
54.619255804443675,69.13483798609303
39.33957341961831,77.83477253998343
42.64319183624623,64.34262342686554
45.495401498077904,66.40096815928833
38.57101860864599,67.28394177209292
46.49685407060989,75.00881382275072
42.546627179422366,67.39598654001553
47.900621005259396,72.72785727320728
39.50700496885874,78.2291813363406
52.20807914202392,55.82617526370112
44.10980152880767,69.9035214273935
42.73444232969083,72.65804740758385
44.241861450925974,61.52324863793572
42.23859733903476,62.20109503946704
33.2771459277094,66.67767278801884
51.070865425772986,67.10385662674251
52.72879876773908,70.45944859038511
43.06295215150272,64.93450694641649
35.82162229541738,76.83544152795875
47.431814257762206,53.688775958163994
51.89005056820518,66.37305907769758
48.136901566450646,70.29845172139181
45.72006057397742,66.04728116655365
45.771520639231724,64.14319192179515
56.194771385814704,71.8257331810633
52.88792644439528,61.21283451245209
41.51943982626177,62.04920239102226
45.462413235508336,67.3745436433502
51.513433135153335,68.46989691662374
46.83552418630831,64.34023311610117
53.37642898211611,67.14815196005975
47.65382314362813,82.07391147977663
52.0416236084616,66.44433276458042
46.787825109210424,66.92165739471119
41.732406972685375,85.21944312571921
56.00082843234237,56.80369432268226
47.04210364794967,67.43212353906685
42.21688153526753,54.7774497196846
41.71267296834853,59.61613462751349
52.51241885634819,70.26063682223273
56.64988034023059,68.91722090181274
48.36435327677537,70.39677968145143
50.88453132296046,74.78617865307478
48.96150583088882,66.11193211851494
38.935870838341316,62.681613228798184
37.32803343224961,57.246865180899675
39.54409388341024,67.13903723885603
43.74919964929424,64.90020061972199
48.257124561457644,62.667309450594914
40.13570313277782,72.42421884925793
41.4030848253228,64.84489366662584
43.49020012192974,57.72103588775285
50.736150765160545,67.3279839550657
57.382428678250164,66.59390083804611
48.93181895023216,73.46806258632978
45.52571357316758,62.23748063732041
28.848637480747815,66.9177106812115
35.69403264425435,61.80990336703796
46.116564637354124,66.78704595936749
43.616048854332455,62.37113255253112
43.773692198120614,70.45277309260915
38.19037402309705,63.40870040154453
43.308102588414364,73.07826661442897
42.039839744707,75.59646461871858
43.056000843891795,66.44938229845263
46.066722683621045,62.867288991400784
45.845433964158325,74.67345172797056
53.472057361124925,69.79337785949278
52.162109298749215,70.18385608839488
45.13637739870068,76.23964746712348
53.746330382910735,71.45271714987324
42.834921586796014,58.54516251029641
52.78735229681502,76.39726555085008
44.307387825421344,70.92050373163016
41.851134884347445,74.4270830886418
53.77098457860893,65.14242344092074
42.775281729668656,75.40576872417758
42.42313555950949,67.0092724237654
47.899365622259054,57.93239122475856
41.9775004025693,71.70171201612796
47.69224831209473,64.9027282106982
43.83584752627128,66.6604093313751
40.456014349294655,63.30717753549231
47.63520592252485,80.98827352004189
49.79299375036957,67.88616560165462
50.116477195815705,49.289248673220335
40.960196290527364,72.36179122583196
45.64213598250228,57.205576204747004
45.35112956346368,71.76118982866909
47.43083674074727,68.5017014405533
44.17938300454378,69.2964101568828
30.72254781881138,70.79626526859178
37.619017627233475,74.82662787462769
51.60015508029017,61.81612787003677
45.4623283556423,75.51101251490566
49.65251434123561,65.73724057185511
42.71294872306921,72.71541693038806
46.001230524444395,73.30670913901427
49.119491113348616,71.58526217487021
57.303785793347515,68.57132734050161
39.81742963910848,65.64790346533808
36.54867385070581,70.05461362889477
48.506843436214005,62.63268515078786
42.392899847304996,68.42735350203961
40.8966864336451,61.82149585881816
34.347867692313045,79.05975935108603
48.46973457849647,67.5953806133191
52.556395631530044,63.3936055425322
39.18944251386554,64.88583957033943
45.34932586023343,71.06395610313724
56.61729549318824,74.4442632089758
51.84269944624738,63.03378145577374
41.93418828994743,71.64907397562479
33.39803815979033,74.68452770834588
52.14249347177277,52.66901241797495
36.52538626199416,65.21397234763121
41.403621211172066,70.52586296217196
39.48271698798303,61.365552022845606
39.36660122107107,55.14187683791221
57.511912717836424,69.31822925692549
48.368777688310296,67.86794145124024
49.98948685007357,59.185978841021296
48.95929219447347,75.08164340552058
39.41794163496242,59.00200728635502
40.50645752142443,63.66701279205502
39.24811453947794,66.26616437885502
36.151738529398294,72.88076023504979
52.272823278682296,71.48133273805571
62.42192925386148,69.1306598571594
45.14496477210154,69.46222571807627
51.50514726773135,64.27653007104132
42.05061205573915,75.34395764599714
41.19346673843468,70.34915788935174
55.57065534909351,67.12999158243142
44.67292741327188,66.42024982055838
49.881571558726506,75.26934296093147
40.84182124212202,72.81971906421644
52.59715552292923,65.29228813931945
47.829839414723004,76.00957377268485
44.420727502104924,67.20890292315737
58.30584874829399,59.39646349909307
48.236600532258045,69.46444282063253
43.150063547854366,64.94346238247005
46.85016514109827,70.61808738665428
41.492143623615,67.3835538687789
47.85581178294086,57.20577051075985
50.020405964349436,72.31854885561131
44.726870345635305,66.62457279790974
30.60870678499899,72.38232320941236
36.86823823013371,69.8754534212369
43.73762149762544,70.6378963263053
36.17595271557692,75.64995115118197
48.4504532913148,61.63496669004647
44.305657546361,70.44409839727447
47.429125706774904,58.725876523075065
40.441956737590644,70.30286324121711
43.978587566962965,58.94017164173205
14.541600621594045,10.435561031579853
20.853983560794553,9.656570034360655
8.04397622780321,5.533407815319661
22.046538100002522,11.024255126782093
25.442011595505882,11.567672174649617
15.214332789693882,18.98105266818063
23.868284936678975,8.868089989019035
9.590566000278127,7.699954753878837
14.5687118556342,25.63069112396399
4.599345992153074,9.726963928375762
15.92259319180401,16.637888350775164
16.07068556466231,16.66872812714301
6.4181501851032206,9.155695718060986
0.31641432308976825,9.664554438169867
18.50893509425861,11.648072365550592
6.805677873412632,12.718176711369237
10.93478120201334,12.928481984744602
15.884267959708568,2.3806539594101164
13.532675148282422,22.250436492833224
19.368802672123998,10.537789033655752
25.46740156070009,15.69054680281178
25.507686269534553,3.170472987585411
14.842552794757104,18.73198363979189
17.288796490492086,10.919210155176316
8.767790062762534,11.615817524912728
4.585916345768576,10.410958475755775
7.391398029519559,8.683292927896344
1.9173723387164845,20.899008989284987
11.26360961389355,17.456232183588497
13.992900572126587,12.077159015242897
13.219164619382656,5.5912209857693265
10.29786182307876,16.323508074654548
7.41403576569006,15.158325950790898
14.585652536879767,14.141360661466994
20.496365382121414,16.42162790480006
18.372794027687014,18.830072640969114
17.291712940463647,14.821766216415616
22.774213961878313,9.107897115223253
42.54626014824642,1.6362266528698797
24.554302691396998,16.444648140592562
11.189743857698758,14.902963909885923
7.3536502669517345,4.1918810032877065
15.69751452875719,1.9696430714904594
11.575899397579054,25.083747496978177
12.593041227307516,11.026872099757185
11.234971646941075,1.1629833092965356
21.639013110703047,5.9222963044069
12.462131583675236,5.5451802660540315
9.699210998144832,5.739006628361476
18.685554865442988,-1.3215118668901908
28.076709566637962,21.043032514088154
21.147229846997917,18.000921781880898
4.134683149419558,14.260099852848253
15.602000870907032,17.764998170417
9.0096464566455,11.804679601147589
8.649888123483706,8.23047897167717
12.940994685668425,15.003093327237574
19.581599647305758,19.17497734149105
12.591895698453063,8.805563602059896
13.48848066745763,4.356239887355665
18.843728530314504,6.8368624810332195
13.542495182124181,10.933367973352418
17.63876553243397,10.631404806546048
13.231518604285851,1.5500997247568797
17.452000354506872,18.041115518755642
9.569929066113337,15.657378279146627
9.859182601416311,-2.722771538023096
30.21795266197519,12.28399052016897
19.15082956887313,10.239231007383825
13.832967328998265,13.085272049306667
16.894608730345258,15.904304519240238
16.57368933625721,23.09967819367945
22.669258378437796,21.544101513316118
20.641603366178387,11.10368168049044
28.766163073930993,21.427909502438034
18.33940996995133,11.914390300392519
16.394817276844996,14.24238415714444
13.25345350555028,23.658095137870262
21.87964193265543,15.749854367502175
8.126209747487362,24.944179767260703
9.01550060326454,29.207528987811486
24.92884015060276,12.975735974233354
11.531655336714286,9.080345572367243
10.842654937967144,10.626783774224936
16.264428998003925,13.534375842310805
17.443851288582607,12.533267306532784
0.005057908218224938,15.70957559194661
7.9669635328846145,13.006406548691512
21.871680075406328,13.254557332911256
5.81828059655855,18.063902331431663
20.881178268361086,16.518258935127683
14.650539735262784,8.229870500977384
27.4497127175525,3.1352222266282883
5.67116933623673,16.61437539978117
10.054118805379472,19.445019608536647
13.93573183970956,8.599997366668273
20.11056967444873,6.017236251468122
3.801590982373499,16.881885930901017
12.979835781729774,19.523695469563805
8.081759282965937,11.555683615922103
26.99121999354643,12.085690548937968
20.66599678612641,21.97857338667616
12.252749704983628,15.698178920131236
21.488243307032775,21.053564191518657
19.135193590589772,8.086241516474317
19.004466375489304,7.709865112889949
25.994285814473425,9.166660718610379
32.830536153111304,16.04179240055778
23.832507895714837,14.743288662151043
1.0515475848460039,14.19394067746288
12.755522576790367,10.885069158066207
14.133843765185453,6.780245243926415
13.681958966229594,11.486406032020007
13.87794225484189,8.94395667831007
19.840903292358725,11.707066216698163
15.695526748872288,16.99064159817761
10.328120233412754,19.22832743063774
14.616665042955681,14.265336719314764
21.215238473339504,16.18635841709603
13.297792449777235,10.026140401980923
9.269016694219257,21.33231173132377
17.710753487701197,17.587006130461212
3.228885025252115,14.959114984817315
17.713185857920287,10.007796843365142
12.64872918116491,1.635573290405496
19.980275090230336,17.153324725737555
16.513494723971,11.426280371863236
19.933725912068855,6.857041126560864
8.393261887068196,20.74934977973147
8.472278960071232,12.127630558065123
14.851773792616278,12.071463173822686
14.284518327770668,5.0611961016600375
12.03592927602463,16.279140967809088
6.420848051899117,8.162345177190314
21.738936206988196,21.266502728084276
21.927782586155963,4.588801405225148
21.069922314532477,9.328855638044343
6.153936583951166,-2.788908529957931
27.440492642691055,15.701494340472008
14.101462855123106,13.101185688160339
22.802476591667855,-1.7796698872330499
4.117702411586897,2.4677158982657303
12.66669696842833,5.30400980511838
8.240751608053447,7.902242871299668
15.617602995038757,15.116319795268758
19.25113393831287,2.0994323773815164
17.016546587020684,1.6167830260631746
10.861590238888656,12.398710135312303
20.501068701051615,8.01412982994743
24.19592675858006,19.275499985913402
21.950402852287414,15.361025371881322
16.493865144987485,-0.9596849203947304
19.738514099169027,4.7007955603781495
31.07630292067867,16.655015382090802
8.02306788185669,9.676254083784746
10.924242031077064,8.780297988864465
4.10079360751503,12.960388725040564
14.062385954807048,6.902616682502423
10.42211291684026,3.121701323357918
14.901648601671464,15.240224021614338
18.256557198404952,10.23458312747923
23.172818993253514,22.95280092186895
19.846324044686632,12.957491664617303
12.463334544650959,19.582760021180576
10.160877913275364,16.21639825297474
11.799720986685642,15.549911238637186
25.840112531028712,10.052630568911068
18.882997498847917,7.832009051499629
22.49032859959573,6.935929678499941
2.396972375274389,8.4023662013654
14.78438196052185,22.155696876842434
17.41659019318324,15.888249097089528
10.552106490445105,17.610277869689618
26.260785779147938,-1.269668503607507
12.439406783335846,13.979080194831779
-3.380373184865576,18.686451927660993
21.05078909269414,3.6352946818584106
20.642067645765948,9.4965045261831
6.656808264439768,17.36278127382839
15.047672442364831,7.7472707080448835
10.675249900358324,11.095940979906207
19.52718491205049,8.237618439031168
12.494104738239134,23.03255630428044
7.296084737410412,7.664274559464015
9.368489865539322,6.145431111651384
14.721159632279365,1.598610366430659
15.16797974574811,16.37167311135301
19.503610671386635,-4.280199299521067
17.50905629374726,14.449992775835263
14.810396111579468,12.111812849538168
17.743515386282354,18.00965540325516
19.46837545789557,13.00849004902528
15.746403836502795,19.865196859528247
24.018170527461308,6.269506299553582
15.529823149530493,4.314736623102175
17.20409016474145,7.9306060435023795
17.102080119094968,3.6156315104533387
13.402767821357978,15.851663287270195
24.24706236304378,3.8099301434274935
17.80032376648824,10.746518010146955
13.434157870212262,26.023784501091324
18.055955355877842,13.508780965141085
8.240173744509818,16.33740591610232
17.080561129912628,7.143609567680786
19.57334008765439,15.629502446888601
12.21421262964816,18.26262835316215
18.38270773767006,17.895532357023626
12.799941291116252,13.22842827552174
13.580837083865472,12.454472037349898
10.381723358164269,15.49602506279454
16.075005707129808,9.676893730700879
16.084251631046317,11.938818811280127
6.329303264747534,17.826535524628696
26.277542574016906,-0.6870124021157444
7.62967562023207,12.78307037488747
19.506048508446906,15.029617611587174
6.1298545846017785,-3.2420185811684625
13.506657635495872,10.43418360537082
13.093225330253892,27.230210668429002
17.779677864003634,9.50326683228347
18.48615056956199,18.005552642408148
11.554011145480617,10.118213875311126
21.78113275239268,9.969607223713247
11.268063429550427,4.743325355934268
25.67483088475487,6.394496450204877
23.72990832345365,18.188753083585603
22.12935470149779,7.429538106092138
14.82724495106046,19.16627250480344
13.326711007350267,15.277645252471977
14.160564290802833,6.6437627697221
16.373890762839977,11.453250458510944
16.98805015212047,-8.5019681028438
5.380867788839673,2.172579059543585
28.375467346037468,16.776210413175324
10.726814025071485,14.952271039394947
4.526138688321623,5.672377330603696
12.874203965977014,5.352810304067828
10.522816086369929,16.157390643506627
26.714253333494668,7.904374084239267
21.56292138792784,13.059740967940288
18.67026541341167,9.469051075719467
32.74802121492915,7.181627718706459
10.217122530545481,-0.23578585649430828
12.287143310131126,11.287654756243345
9.627534894809912,1.3936692917682976
16.639077362239856,12.011442755178189
19.588365607735902,7.181225064959882
14.031022398879204,20.198966645026037
21.95921680423221,0.3941542579473545
20.26348583020116,30.062119030946594
14.875091908992557,15.074355367114507
29.500261334399973,1.9143311580645346
31.226600154323116,23.418436191679326
24.343672533818477,19.065842185292304
15.304235648867003,22.423318461530663
15.050412332795156,23.40701523977162
15.348117670564983,8.350491090706615
6.9933811685563025,11.784896424239342
15.044052427149996,16.553399092820356
20.514118744493466,10.320915834476844
21.901703008861375,15.972999919766899
12.358812379201602,19.05031585603068
17.480963590046102,12.589315773639068
17.322212285845332,26.486740007947784
12.66878642325974,21.422760968968674
17.610647072077487,4.719243743589884
4.309705060627657,15.78761804212455
7.950728215101751,16.25283944352197
15.56733120397816,15.520218582939922
15.277818288537865,5.512057863905448
5.049485960187871,15.894906814864834
20.611760910611903,16.280046712661367
21.94793677808632,3.737035211774397
8.823474591927347,16.897177088754574
14.453531245361985,15.75814323577924
10.561125933982133,9.902914037969168
19.70226382060845,5.896454635110083
5.137020912361955,7.043766224330084
2.7617165472556984,13.861529767743786
16.346135259192195,4.941667734843506
14.061641380200006,18.27706934234908
13.756208807239075,3.6522358599021265
18.502428546326062,12.821215127044516
17.955082718639545,6.02853961029375
15.591490493790394,11.327747377309672
23.128797347719782,17.64946190253003
3.629855687180843,-1.0541930870647729
17.46000653921854,14.406093263080214
14.469118399001216,8.95142073640416
11.334516270659797,-1.2337657799583646
29.853001388845254,10.258500039532908
2.6786697929599015,10.72278029151262
16.38816752346765,8.227299973436304
21.98981924841481,15.873705192802863
10.428297718918586,7.27511996266791
10.612698727274246,9.911578034216392
20.57813439852882,7.679804156267576
16.993176963377365,9.622005129674012
12.131429666220498,17.08137401229459
13.059072467145661,14.08632259101789
19.280479972149244,15.373452965890296
4.534193731660896,5.677174570607415
12.257042809499914,15.857129611906425
24.61057589315095,9.45183991791746
11.252025929166194,11.273464575439904
20.232957370065062,-2.7367652646706837
18.978000392436215,21.108414925377446
9.504892314285307,10.639036694696346
14.011305194217108,7.50488495881618
10.547551838395222,4.410891057932715
16.720640591809634,13.194919167922396
7.945333228792435,16.492940920854764
9.65024775164899,16.213527554091094
15.582138191151502,23.738714377073126
10.96928724808144,19.013469125962363
22.061404850370433,21.095773872869927
12.317805708772632,18.271671098027667
17.953736566395122,20.656955259121233
9.233237898917029,18.629953075423742
26.243491292817264,10.046095709883394
17.037600420177633,18.93503846299537
12.685030645878637,4.9558153105904985
7.425475967669524,12.057415500466794
15.609638621782842,0.6074305595068754
14.267807405681328,17.49507407314485
18.889116180714637,11.601074032429203
14.95281817653121,-0.17662521096511696
24.494661005145822,19.880609480969735
5.600521646845074,17.158947583641893
15.597644944823223,8.12625315079163
13.561302956853638,9.620176146912828
13.531281704237548,21.183538843624618
21.182821606935427,12.322582395600698
17.112431773390234,12.695006195524074
10.524121167062063,14.807635714001353
11.064267666572047,4.836457681055433
15.063338158954197,3.598712501749362
23.48320156567734,8.86821095953638
22.07146624638668,7.158305617357524
9.315575525256534,6.339945923098467
11.506537149951521,13.847225968154492
8.23862316983153,-0.7103273565302306
15.65092426961605,10.629375277157653
26.405739874388427,22.290129055779524
24.713895174987655,23.621115947806093
15.209478785861803,7.927503367019209
14.817743330775272,13.963949942907647
18.961251504427057,22.30490200134247
15.01027340738442,14.86565076946136
21.064445431055653,1.0578404656096456
15.00364896398079,13.47063738369598
20.697442749210573,9.040378788365475
19.547672112189822,16.409617434308938
18.915776848690804,4.834137801545677
12.21405100156522,8.025178161270052
17.87504037421387,13.671578909266598
22.972019627477252,17.21412363460243
12.145777678340226,14.82139982356878
12.114864042673494,5.656746894158739
17.614376936643993,22.652964376728875
12.099912659228904,20.733780689487048
18.514475996607654,10.005318538999074
9.011396567873351,4.286856220240693
13.291616544503977,4.730425062487261
26.125400290598307,15.591569416684688
5.177829802568487,5.472790674535449
15.880463083149243,3.6812281565640355
14.09554683347156,8.341685033057662
20.77770624170267,7.016189062593076
14.722572203684182,-1.4617730296345695
4.17699051540326,11.644213012315767
18.55402484634649,10.192391982652882
12.40910023431139,10.045901853615725
11.586322080009277,23.15697057942614
14.919537173291575,4.80739592494143
21.39014152958479,7.214850913583747
27.851012696869518,10.669082995331117
13.424766791963767,9.780753442048201
5.79216932726799,5.711090180622443
17.137557229635537,5.10277711833723
17.671822363625598,10.788351235506692
9.684249290984488,-1.9642326348744206
16.26090638726593,15.657892495888122
21.976412469846853,9.410454285805741
27.958168316758794,21.217269120583126
8.541483528604918,7.490441146822334
12.883775970620686,18.889628929747822
10.764521084941563,16.23713012500292
14.303247719455445,0.4109523698515414
11.762979583423776,8.886951670005491
21.787084811430713,7.805367050228028
4.790852926974628,22.385988724572474
5.017741368534686,9.19152697963202
14.289277336148489,7.381874208933205
10.10782049114951,15.11776182343925
7.608851578133202,5.251702597920713
28.01218488779158,18.837243795445254
25.894313161603215,12.616218744737823
22.04103038662493,12.963052664883193
18.8471739964006,19.142495772002032
18.590065007341334,10.435286064432912
19.501982952253364,4.906185989738466
11.662825855491059,11.175504509329313
9.148611327301488,16.262216253698245
9.134807842654727,3.7851898680541565
11.15002922059702,14.334099490361734
12.533293215752852,23.081927353182962
24.05619852775129,22.68680291218086
16.262073353623453,26.424704904506548
11.763961314665186,10.329261031737119
16.895715147107726,14.99397856766854
3.8361852510752836,21.208021175481676
15.411987565651648,16.245666981855283
21.873300342248527,10.0187266197265
13.408593539997115,18.946257520572896
13.932020500283773,5.4224076980230524
6.255999865282877,7.283059972009851
25.626491390260362,8.2234819311579
15.127294284311946,4.702918278940146
12.742583037529473,9.410601467192505
16.40647519730456,-2.183126258633793
8.937513728252597,5.451021780387722
11.266844878652401,16.987531718823366
6.805543240021818,7.06028432806471
12.873758491231037,5.627715471292982
1.6950217043781741,-0.4321140678191284
7.817223861489045,7.873830788746979
1.008721532625163,20.582618273515088
12.992210889062179,10.21572982689483
21.94316950071583,13.78335708461063
12.78400963207667,10.69632628153954
15.331675949353608,-1.2688548566893747
21.358061441216567,18.712030758850222
25.776798240565036,9.68373591460317
19.69806020293197,-4.228678968555899
13.756381534858676,-0.0790260795852884
6.758107052498609,19.094720644014092
11.839837642971865,17.629386002912298
19.230675306803278,7.330707794525388
2.234607733804376,5.252748405679604
13.08913171173273,14.901902349647138
16.188782117951572,15.062417493060662
2.6037583195027523,20.940819477508633
15.993443614826274,7.447327387216821
26.09307799051046,13.012200512772246
25.63623466422191,6.146905973504964
30.656145911172,7.05960994363142
18.970192320987135,-7.960629795801864
18.211078536639974,17.483367257297207
14.567128201972212,0.7442443777079024
7.6320696897287945,5.468313051144124
27.70150799283539,11.3008593728426
12.88621211952665,9.562749425872866
9.812557339425851,4.434712682894228
19.046257205277033,9.359024295470629
4.642896564468831,25.27976696065067
17.289168860006768,13.76247376736452
23.522199526692223,16.296040923408285
4.222691175191873,14.315886622851867
16.08148556276886,19.673233431267203
14.64108901208961,13.96072460896918
13.079920530786188,8.34817753509899
21.11450044889957,13.48900306432117
18.261612118962162,10.165429479616732
16.981731967380885,10.189548242627952
31.75656373814393,0.37675560901580596
10.920418468022813,15.141622313428961
18.92021174189844,4.367804988979709
7.1810422762351,8.583839046993152
11.062490208143313,7.32583507898099
16.09989509648679,15.942494234099204
10.531808106097474,14.397974090876955
18.863519898880714,23.205186082254478
6.4385111900396215,26.37427242297523
19.281643111771114,5.805318595614965
16.09007443175266,4.709273232763585
9.437580437392661,3.087725176758612
21.445288786067565,6.578020850227751
30.17591831370555,5.585573104136173
20.238346320241252,20.922854399341315
16.549300617959734,0.8838674513462728
22.00447337993702,4.414758103698965
10.976264568251686,16.430903588818246
13.03255180663064,-3.1324754218659017
22.083209972144925,9.875385783904559
15.715232659530983,5.655533582279192
5.351665348820106,5.103759209774071
17.035860824821082,12.600440326552489
25.82169995445995,13.452130356470711
19.94178969873081,8.22333450080562
14.680160406375451,4.141071886891928
13.569081838677585,8.18747382784292
10.654806379240652,10.200302921751812
19.89349947491634,11.788028550712822
9.405104118631842,16.48887395302252
14.983955283945619,1.806671058228627
17.209118859788237,8.266046166367595
8.283651512617855,-5.973280737669036
14.244763052161154,9.302467580684256
11.954905397170933,21.072913122847318
24.94085793793367,8.080719815703015
17.738879831204386,13.025133304931162
21.75191647441622,8.513140316753377
16.43375346283227,18.728295808753277
5.387860302070196,6.872558136018697
17.416930362456235,12.313176667320304
24.00788917723871,25.328490309114397
15.389856479385564,18.02346680130801
31.41064065308484,10.078549167256034
23.727109980386857,9.558236069499738
18.62603253698369,10.938170539294005
26.943941613237882,8.677974247214692
24.48806781720004,18.004263639393695
20.94388649971383,14.449965128296249
4.515499450620053,1.6598548969261717
9.668290691414995,11.683374652550368
27.48116218977489,14.671753934400867
16.60422745811088,3.410451946505244
11.782938985113539,7.659720129919528
-4.847030020618472,16.484917308605105
13.330682862483293,-1.2532442647193331
5.052256444283634,15.69668046898849
12.213455134579352,4.159857086588266
11.021488178027084,13.094270067319083
14.053721381718255,15.867804515401033
20.13626547757523,19.327340803039743
16.415874167179197,9.65299497918302
16.84086578436255,9.09507402500122
13.674098115111692,11.069131274800737
19.53829006001719,4.608539208343526
16.496833219488863,10.36976268527846
13.418974628912755,6.683978983765015
9.386612833120319,10.237782063388373
22.019167279935843,25.685795905203612
0.9638189007017886,7.1749379633763235
5.7513147210028155,16.6385717993487
6.828746197831244,4.6354787720224735
28.82653943962263,18.319004363688645
18.754574942134056,3.5260130765352082
15.707757512519498,11.493879286702757
7.161187420514862,10.64686065737531
12.76498118599309,16.689537550525834
22.181240985011513,8.56832382735181
18.82177950581107,10.962505519381532
13.835052082195197,18.309593835458692
11.170990845978721,1.044016653736314
12.686280840587756,0.6946104417335874
12.220198643940327,25.448673101707847
20.43710402040038,6.948810687851122
18.41053595138646,22.138707898702826
10.990987408200112,14.861506077393628
1.7902681599257022,13.53102643196087
10.812011079238477,4.544246875906194
21.567793119098337,25.90403582320617
6.229177728586539,3.5338009591916837
9.29566940889751,2.6600951202579814
16.905689814148808,-0.8789393198604643
14.672976152674536,10.628712321390717
21.504223924034083,5.151700519777835
17.93971593831806,24.32489831934811
24.284605445852776,13.894094777357004
20.213078961701086,7.058511798658706
19.26195659820909,11.420965235405932
-1.0283334985595545,6.086220722578978
15.735343849845579,15.756221536869738
19.734250598393235,8.129688743809256
16.14368137242311,26.132871269682163
14.926880763225261,-4.337696004567814
27.17035583120324,13.74420133107036
11.782288769151565,4.59981945969084
16.524752597099283,12.180288199983929
4.536113155214629,-3.540299412533555
8.892884164123135,17.079729835855602
11.808772045402847,3.872177678808729
28.748586387129393,13.334764655125324
16.29386462802039,25.55364699088122
15.169561101674947,11.43466159812729
27.689096862536537,6.483136415324026
21.745433893561952,1.657405759854715
24.299357578638546,13.00544172245086
18.064843370921032,17.586957881152582
7.3581207793279715,18.022378655460646
15.785293922564918,21.070176998468447
13.556523480142648,6.286026217141013
13.065790800028337,3.0476237491737947
12.613633118882134,13.169259999835111
18.256269773719172,5.518201285530271
9.928193356064792,6.687891192249136
12.965587219159952,15.96427946585301
23.665619945497482,8.358096758384079
21.30136855596322,19.064422757445342
11.669112332866156,14.390527256729001
9.447483902255835,16.435394592732436
17.68182142793497,16.574636419119578
23.04940805906461,11.32365482925481
6.010576936271219,5.054792714910903
12.509991159327907,14.210014852164791
20.298551446711166,0.4033486898848615
17.138403620357415,13.248715477361044
12.812833770355141,8.290279078769089
5.360821135709298,2.993079211846453
24.660605600740062,19.78501470278018
14.34288321524616,11.351608047194594
13.93180624842583,22.029571377953133
7.891406306721617,14.091310186029318
19.708493149485733,20.184732806004998
16.404263152079057,7.103011206894496
5.062752970630745,18.162446129208462
3.4495561961883254,5.970442463442473
12.660653982657657,5.190310308123707
12.62274373920328,3.799717234519437
11.799757185840072,15.998325554331105
16.77858980209664,7.814251136379307
33.922606055285584,14.521724995463547
24.566456790873957,14.259736429042565
3.148225885124699,10.368952524045243
17.005134806566005,11.911418146760521
24.7067578955426,13.669097297102132
16.134486289679472,18.11978898960841
16.181011027493636,6.785330722347952
9.039122841246161,10.354425443646232
20.360017323857225,7.7964864210282085
24.49448815624524,12.361194030220636
16.671528386836275,11.652735746620936
4.158907368889778,18.782837693871112
13.640431132776136,13.995475916890982
27.33917408001679,13.195389269414788
25.326889028968953,1.9759962843235144
11.988007432657934,15.208261140472011
20.766636975161145,-1.1514933889044183
9.206179692160461,15.923326519020078
19.21584237800097,11.444164168017325
12.8068416938986,12.83432077890053
13.751684562964485,13.79135062311084
15.148927816039137,17.385076958976576
7.489894453470746,19.242202412333896
0.325840038366108,11.4858150149546
11.016046793122179,12.611467353665592
18.725916958148915,29.051226440045898
20.366828768726087,14.397080338029758
13.120915764775475,10.939788996563948
3.938705541236917,15.403202705655797
12.893032441073803,15.582696384902203
6.448742864753333,3.35709599628926
26.169323038718897,8.150155047440137
12.555955361942441,26.530273459681986
5.455317056904729,4.228634482107436
9.624185719648349,10.69503393319219
14.752108782754211,14.016296102108141
9.803982661514267,14.81946800768679
4.026650709065681,7.926915264865588
-4.084737938646512,12.829506586180809
20.98643317156104,-2.5454259911876917
17.953844282799828,8.256222713053068
10.510643063100968,12.2134380246325
15.86007665239084,15.199318194785898
18.69983930703875,20.24189550623175
11.001408997835071,6.217547518053612
10.492588945324687,14.65966876210878
14.094331380214062,5.563929562007172
16.882803901897212,7.055005664595109
12.424592128249508,11.709922795152153
12.011878388910299,0.41289020127702614
5.34155425289339,14.107018318486217
26.212739957583928,16.13887007712367
16.772953975945157,8.605224924914392
15.279965811292342,10.989596716549373
9.562505265543692,13.502733777575981
25.410730990646428,3.9629384564790016
6.9207830731955315,7.8899396636174135
23.026025417535138,6.738995209589836
19.17933792561496,2.9246991471607195
11.012205928928678,8.658009288216494
18.95026404894266,16.63946617815146
16.442547004051526,-0.08641020263480037
18.203290259030805,8.124763356671465
22.133105275565942,7.515291987644979
11.918686465431023,10.893151159174609
20.094321534232986,16.76005529775646
9.645428325586273,5.322198351358777
12.490516521447184,2.22688805968577
14.746877686613821,8.779974714313507
15.541269264977549,9.923277895748607
16.191411893014404,3.0805144936052304
18.527435790515163,5.7974099943820825
25.273988534992654,10.417330465720388
9.46396597519513,18.0649354558642
1.4031908926379941,7.65169474438663
17.619117119999142,14.94121096669943
20.655130666540966,11.439617734549813
8.964964230249507,14.986935200458127
20.91182077259956,11.358605059097362
15.532896180902842,12.118506851192643
17.384185431887524,-1.360413445702699
5.9422118352908555,4.034357609633881
19.94557910631457,7.087853761098359
9.658253190425347,6.597953401151037
21.21821168767081,10.893745406543442
13.959239063387152,6.072557407883513
13.502820937102992,13.829271181835498
18.220989573165692,10.227320218494484
15.60295234801836,5.489984768781703
27.55015183052131,18.62976334162401
12.20192007531875,9.070623724510222
12.362189726902649,16.14526220454685
13.862197105970976,14.629967937328795
18.75847408366363,6.505967009112329
9.862006664966811,9.174499152981523
18.29688940189571,19.301414808274757
16.58951360988403,13.20858360566433
23.81581126874012,5.7281818597998155
12.62713630128828,4.828991143556792
20.097981334695103,4.342053713167811
29.92944813915964,6.483214071299143
22.532241290825283,19.603429680362567
16.340518787513705,8.252361110727817
18.13867639966309,18.921227883447724
20.520518713033077,18.681721562662332
20.283858123016977,17.341956221483645
17.014497343477824,8.347813349162935
11.45528584500299,13.477995645582457
14.73267151320793,18.536196137898038
14.817163426554204,12.993791174872996
7.982129025588794,11.680585058399231
24.23849209243921,19.132722381739818
15.435984567182729,1.9739201629518472
22.620365209560852,12.153037616895535
11.210884956644106,20.87527938761278
23.642150428972425,7.6619576448922935
13.135108839178503,14.487201841280239
18.65666294527867,10.757367139304929
16.041779912929375,6.632400970241228
12.140281320059607,8.611330809094097
6.778867972368699,18.56231013504578
18.512975839831803,6.415376366274254
18.12123100278249,6.030347274069485
21.70750219299771,-0.664985837657941
4.97706101028092,5.883375397097944
24.51059421376799,18.319656949762138
15.56193002589638,9.039616018404251
13.950456958153659,10.604906264990767
12.719915202242234,-0.9531628215111105
30.30324617483528,0.18693062608205757
22.485777165803945,8.978322253900211
13.942725286570106,16.50671321401977
26.435487415552437,12.44025895117215
18.145156746492336,7.078648257636119
13.243546487919403,2.124534844198484
16.156222765931098,8.461983620495655
12.270114084397827,11.979481619685757
12.221868374919257,22.979304679180316
15.126909005273026,9.18634741905596
26.108118988992373,28.741703217651434
5.8890071415954,11.741400988245275
21.421224570924394,8.081223257838614
14.241410702281627,1.3142404777985934
23.142608363331313,16.43040435990743
13.367957648397423,-4.220609887121938
22.726909816725765,8.616859532303582
23.016526481739863,13.166212566604173
25.266030671489702,13.851107862792812
13.292540248052463,2.115408871560671
13.142623841521385,22.957212433680418
18.338855611102876,11.85504112807008
16.58939639971228,4.064389086838099
14.785347486586469,15.699048107763508
10.350149503799567,15.927025638610107
26.637742670708757,12.958340441622658
17.970182274787064,14.013571477619074
10.770416621800038,18.235927235843675
12.762310038262658,14.127717475797677
13.3361845989301,4.205699287943809
14.940219769914295,9.159627219137422
4.7508868104119095,14.942938812169512
14.367978195337114,8.39138296085179
23.139754476040245,12.047024923262626
25.86568366999122,21.819399759515676
12.983477482307705,5.79056946053048
15.291174367514426,3.672480627415154
19.58881376572723,12.649608526787487
17.940336539430366,24.197633551739536
19.18657561737463,11.78414275395671
22.72437797355128,14.075032476397482
10.35862440963654,12.926597873054115
5.104135044890501,9.865852509788503
10.920881926603418,14.08689387676696
17.218456432280888,8.760329022715961
10.765168245651562,18.87735121433797
16.223389372231335,13.012855001317494
28.934169784432797,11.325954874340958
12.847087451337007,15.09764977065822
23.950538282650637,10.681158467262703
19.38541106923995,11.345028212774709
11.561762636054556,23.98204445264253
18.894166121947286,15.862776604236238
20.43332580899374,6.580731798424173
18.138322738074674,8.626481681035306
16.982389147714972,8.80753812105605
9.901774268685555,8.029791836159191
12.468029431085897,13.777783712196829
20.43809824086884,8.993084801632172
27.825383847830704,11.02423897309172
20.3740265280728,5.405768443626847
13.09076698008601,1.7286139618170946
9.302166048478378,-4.216015911709681
19.444611684739836,10.66930110711099
10.43109734264111,6.882120041407082
7.492892046387926,14.56022633945915
19.43423258126507,6.550568514953523
21.166797722359874,-3.51735260752163
20.46434219957362,12.854114749609447
3.6333532111441347,16.98188596563665
15.5759915370897,8.33036497155441
14.7323906298728,4.576924024914572
0.6027780893303554,11.363825621310811
19.792680238277573,8.870933378135367
9.956278419655844,11.114387153578177
22.339724444238776,21.08301956101373
