x,y
-1.570731325408523,132.03223261303418
4.642490393126882,131.18911119879053
5.546744449515713,120.11653818477073
-11.040328602401283,131.78942454446087
10.11217675067831,129.2004287648165
7.700100368312658,123.15090814135482
-2.6529756289737847,131.76852908070393
-6.147378976814404,132.21951247540636
-2.9313305148993845,135.2362960928058
-4.2433741122223205,122.2137439463065
0.04375815755354051,125.16978258354018
-5.077048802008747,128.27377555945753
1.9688300539783388,125.57432449218554
5.405013775419441,126.46668017695148
-0.3151111298608875,111.84085304698533
5.019387120672685,105.97409422544817
0.16707755182928286,120.85030530045822
9.149323906145717,132.5271763024011
4.943806882311597,120.60987257657544
5.971056648418673,130.24926760282125
10.23056053414291,125.96062300082106
3.204586461126013,116.82701308404071
-1.6538019827140817,119.24622451420775
-5.152030018799958,114.55519314778125
0.8774452561387762,126.02575243683826
-1.2058922462262385,123.25211613304626
0.43971229377490895,126.08845304191964
3.511495353171911,116.4013210660232
10.852534100978652,117.96761363479598
9.416122059819166,114.0323657483789
6.339974071129401,120.22862094592968
-7.062181787885393,112.69712151664893
-2.5117492128454315,118.04773362955802
-3.8189134435264536,115.07930958502396
2.405024964205385,105.66977279980499
3.5896860533833994,120.64189136110791
16.355931406689642,109.33482746964701
14.864622144300304,104.91911040001925
5.446885814828937,121.69762751574777
3.7781656885219648,123.79248239416636
-1.5770780234856634,120.06221831303651
9.282443253605392,120.70519325055204
11.836984766122594,106.53530078834659
0.40702145017195335,111.78785092335387
-1.449834555752723,130.02755301940823
5.287924548842306,111.40505291676108
-2.4054864267235763,114.81227575732272
11.008257154690114,105.17116474444595
-5.6037179859515724,113.16220401523762
12.849857920895815,118.21508745684632
-1.4690042221477988,108.26469650387608
14.443152683096253,100.41972637596061
17.9464390846203,114.83511125628561
12.334144949413666,103.88261814295909
5.278549235173645,112.66567808698737
6.256290789839238,98.86366316999036
4.544439680498879,107.89392425175033
10.872165845734425,104.90647004718834
2.212589609633034,125.79238068560097
7.098327895905363,109.86164712113622
10.6202630391415,96.91004579935245
6.7347726797911,103.99098303673402
12.776687741580195,105.92036625027087
16.169111330883922,110.83125410738776
5.648186690263572,108.22159291888161
17.639946563829053,108.18320548371838
9.13369657195355,106.49343423165581
11.20137053030222,103.31784956540575
-0.3848917352114283,97.02432314374357
8.619569222247195,111.5566275135638
-1.5293281725380234,114.5340823369258
7.721910149131899,97.58447841728427
4.23105603291075,105.94292254949983
-5.792517465272344,90.13030363716848
13.601942418365084,107.53560260210509
9.856750924954593,95.51109727009855
3.419118676116253,112.19575234789866
7.803220102727997,95.08607536643667
15.233604462918283,98.16632360863413
-2.099870014793149,105.95249091116847
8.560409922042721,97.31784979458227
11.035247935968277,103.22397634101142
18.803956344444636,99.77264439677093
5.631039981571952,101.02852330114325
11.433016948416238,101.93410161976391
18.568681848377246,94.60032320456173
21.02609936555895,102.18268167582683
13.724308853842194,84.86623037080017
10.100727066358719,96.15794734078823
1.5306607464905113,101.70804561476628
-2.7322993145768706,100.96985659271473
4.6510867682685575,96.81552432570298
4.461728218889127,95.72252010973415
15.103313078061905,100.30621003147245
12.678532183242394,98.55139886501026
12.880011330095567,99.32224916113859
5.931493967118811,100.34332353958352
25.46170301665495,84.2663358138184
14.619144228339556,96.53190383631292
25.89159052010675,95.84585699556696
13.97710671874106,84.06123335278066
23.190945796198992,86.27610782430364
1.7207627524771727,95.45963474758703
5.237176059141304,108.5225574904415
7.594076225627665,96.22531652848042
9.589743629526422,101.78900701712892
14.80739331466041,101.35835773806727
10.877495959294066,99.5500745907683
14.899640030061278,98.45808126064753
7.471668878233254,93.43823808463483
12.408719680374695,79.18103910641305
14.450981612462899,86.90281932134985
10.09546239816016,79.92474293137037
11.903848802823234,92.43146902806477
17.55602954813857,88.28438736264403
4.129879614543859,90.52090939051222
7.623842198922449,86.51573608212546
10.832164939810989,98.79181636286997
10.24700605457278,84.56750014117017
22.536966360578162,71.72922984906491
29.377148157641273,83.36178465367209
4.308927765710223,85.01645772580001
18.965392109081765,92.19729292836453
15.674962091029876,96.77753766292452
20.1094344076119,83.0429006307391
12.881424434526195,93.36912307102403
17.918877664667434,79.60568320709399
6.0759273607409945,76.48819887283466
4.673850232786691,82.69673819085894
11.677975626430339,84.37258387166015
13.151327910998287,87.53584698833482
14.825549099301975,86.17348186851642
19.366650686054435,72.68971880616984
6.279700906898701,71.39122409427327
17.699416725925488,84.98128366273295
22.77980341200756,85.84190694335062
13.631794726088794,83.90868359732326
12.307355352784006,77.67350489424746
16.399140133768235,83.92109321570373
15.682419266378446,87.1296710891839
8.017682875177503,92.83678367535045
25.570728929926304,72.90232410340327
11.048424077888582,84.00841392458861
15.05624242139398,89.29247179267097
13.579619912767342,91.56802811515306
15.985230806675334,75.16565288028866
12.23465478828667,86.04735918042091
11.131346014781279,94.33478247160099
20.41022784847667,76.77338595456905
21.47506876982378,75.75992794917622
8.05361920667973,82.7325857573477
18.482004547129396,82.30554521652208
11.032253227083967,81.68187343594714
16.654559465404503,93.82600359470646
14.938464686821742,77.66945905365553
13.142374576652243,74.50677525740818
9.505760412240686,75.55527211719412
20.237929570983617,75.4097077751409
17.46572971506416,79.7581044679164
10.5145143694463,81.44906600951558
27.83358729247592,68.64561781203216
13.561914715287937,73.4933145142785
12.99056036534456,79.1079236690345
22.98128126958231,63.8569300237468
11.539711488774685,68.76691837984168
5.76199881802888,71.10178244342868
6.333069773226239,74.28744175723646
17.479291863937977,85.19174266550816
18.570412761657252,69.0312602164796
22.38739655836899,73.37227944794672
18.751971729500063,82.1345440278449
15.780292621673457,82.65177960809875
15.047788287536514,67.93624223333306
23.956983850234526,76.09871513417872
8.706781979818986,74.88685047722963
14.607410523924749,57.642677589915685
11.972386258289713,71.1686422713523
9.750131886071355,63.16099925126038
12.298603277778746,69.41090491665139
17.10150600637791,79.63278590938982
23.159268042101072,80.39893610775106
18.419922046437193,79.06580685353558
22.672053006319796,64.08340475985018
15.113501962040592,62.97921196344272
7.97555131982935,68.30559942128909
24.20104152493601,71.23897554599115
24.812066057753906,78.86360616680972
18.137663910748753,62.07589893337336
5.44125989733967,68.61175162634882
19.918586720786692,80.83516541152652
32.062107254024156,61.591695653035124
27.832443197658748,70.58028939468932
17.6643156637448,75.34740504419945
13.937960836699267,69.64744648413208
14.576724310471516,70.07763907795594
10.296344461062898,77.99997093401325
28.558598576146544,70.69738575787456
13.49483832338481,58.78317079738652
17.118459548947033,70.25529247385882
24.52426818962102,73.57875661080581
14.09086814837768,69.0646153585997
35.43335506105534,69.51124485728508
23.889897128185332,59.20443809456143
18.080097364515968,55.75584254365707
14.560335502489197,64.31031508920154
13.51467184586378,76.19705811749473
25.0166142210115,65.19051912030484
13.877213262425947,68.96460412852204
28.9340270790863,72.28501884087754
21.47367637507202,65.49258403099834
12.964164325229769,71.57349532766662
30.842614235274283,63.824018184816296
28.38621691000553,68.71184085373554
20.996657902696352,67.11066193266248
23.581360661273795,64.76007394780338
27.17262852526608,57.49697856495716
21.255735016740697,60.35529845153698
14.804795342706331,54.52121441442836
22.668330220678843,64.55006757123003
22.115689152310022,56.21845481395266
19.53332399091165,67.57316371041759
18.857245307997715,54.02372399376804
31.150326058490393,69.70083185487472
22.457881248630436,69.5357782732652
16.145964560755488,71.49125741374027
25.285848413584276,67.98122609630128
25.513267384404422,63.563842278454864
29.516603633286856,60.0854180534104
25.323612813637236,68.85923370571832
32.417875027589616,61.89838538679387
16.52895861029471,51.56125192934735
19.96571137379732,59.93589376884378
29.802531687768457,62.22148279810109
30.350904767530935,66.89644313054501
27.820869532968512,63.73093985882417
31.53390195452464,69.39067082873922
25.587382452625953,58.46790310410754
32.31398520969224,56.790820904705576
30.398254081266444,60.39052228537835
23.695822094991236,56.18799081665805
30.39814724937478,62.96059153891408
24.534794857617882,54.0715742164335
30.670734880324275,67.28174966706553
18.17449280251168,62.02202401494202
25.207622892053596,55.57054291063809
32.993105640314866,58.43832243493141
21.074239759645376,48.2853293274829
34.95531566495774,57.053198806755844
22.79047617813423,54.12876460810992
24.04553134103217,47.09383768953891
23.02680739683631,54.999647763282894
15.448279007329868,51.436102191400074
22.57370097347854,60.811447588986866
31.40514791460004,59.70936671887172
23.88258201115436,53.30920749406164
19.1743986307682,53.72088978463272
28.359514141191035,62.713409984145386
21.643321308946028,49.64808128489769
25.614851276436458,50.49571202743437
24.710671110562995,45.18007055202852
19.372849301126468,55.23175432801313
24.234430645151825,67.18542676616337
27.988818265463493,60.26267523967006
25.139147509910764,58.86957355637118
22.441305903414282,63.30837177110108
18.78221503390327,59.785704791716185
34.03010518740658,57.62339899584388
24.77473777023877,58.047652270158345
23.288196423669085,42.755106099162106
23.602077182815457,54.33590402560482
28.892959918469767,53.00075430871117
14.981896850746683,56.1671349257639
39.76075452064994,53.00650947364002
27.64042594928413,59.01032913965136
27.623760917835742,49.98248650213806
19.8892916326485,51.83453183315726
34.337777027057655,45.022241591279894
28.034416833113458,44.9034404143331
27.60613466242284,53.84499463545634
16.921877859645512,43.400208141803446
22.310070782849067,55.1264808732263
27.259549428256374,46.614726106736796
25.760311864535087,48.444993159672244
31.915374546697464,52.572179745150464
27.177011702288816,49.6063801374443
25.415156872858343,55.48354125162476
32.40185887925743,58.963576528167465
27.39520282958738,47.94313177091551
20.84175023745507,48.79400055897722
25.014855079677545,62.270915230972925
23.072298349768744,55.433778052682285
37.30481438212915,50.24925727062981
33.805280133839915,55.45521680888035
27.816745758274486,53.55787615394765
34.83216301832092,48.171909403324236
23.64457351772927,50.498713569218154
33.51080362466696,50.49496281354887
31.167200125104234,58.317222018700384
20.14203229173973,59.37031975456372
29.76977569154242,47.65598924331161
33.58502381935005,49.49644491527909
25.210544392646565,43.17216122192201
34.98244986802396,44.93617382240971
25.78968728111482,54.56785967947226
29.543447526061904,41.472438037489354
45.38375452574559,48.840985246071384
29.856773662736675,33.79564329992537
36.51578298127694,54.37844720707663
35.28604528194627,52.10982126687085
39.192930692571636,53.28919946037611
34.70700622602419,54.997150527706495
37.38631479036134,46.68845851830492
32.04594199927601,50.58934920174026
38.52642838905163,52.611170125685405
24.590754973305557,48.101900110592666
33.057040189051385,53.80181239693449
24.49341935988773,53.80882119846869
27.307958831596956,49.47988640816142
44.692133933381626,56.5033613546193
27.204510385255368,46.96694423348839
36.30855874986234,43.24200315181497
28.767312157217585,48.671116907674026
31.452576960878268,49.21602920259585
26.687108877323666,45.934132782890785
31.513962549766564,54.21144405188464
26.520207662306483,46.195391005434615
32.618550383611954,51.648916408748434
23.740369470720694,37.82088566593
35.67086959139933,38.87129208260742
43.96610687328099,41.87295141588989
32.23917000052753,34.072577028213
28.751199998069858,45.13837384479564
26.74285633140009,35.59326864703144
28.30260990267957,50.255414316899206
30.51684507838782,44.44482968288218
34.13037574193078,52.713137184964815
41.26190697272359,47.97376857796956
32.18206044301344,50.2110522814319
30.907052965530504,52.53535902057821
21.844027118667107,47.865347747645515
22.991511507363214,42.536965390536075
32.73072763251576,41.364568067343846
28.856386426685148,45.057848703398925
36.15368880800864,55.56472664306077
48.69290592607439,30.96982113853161
38.081696073890285,49.85401040048845
45.5740291339263,45.4354863626783
38.70045220691703,38.153979899560426
31.91921581513599,53.69643546701873
51.13759756479048,50.15181298208923
37.73800494344717,39.50043548481079
30.209714044738824,41.53662186215648
40.36517712793056,35.33017468279952
40.25662468339014,36.28956418687133
37.605052088223566,46.812302828316
30.107064469035507,54.01141287332726
38.34617032432586,42.82760186486821
28.997671923411502,49.80464653661926
26.86229185404646,43.693309407983534
33.76612484711029,46.237069058226595
36.756830180116026,28.422162096661225
42.27486892445327,40.62979181562753
26.00943164486456,36.079057507621634
40.49497673502757,38.032043247432085
35.78253992488514,33.27453673854943
37.68748803259179,34.54164711026145
28.351143917711262,48.8343508693849
37.25594828007881,48.625385863951166
32.21778339944474,39.68616881136204
34.15653107659206,37.77723764259932
35.21884512681454,46.376098166955444
36.71852646705382,39.149375435057465
32.99070123279306,35.55534565377583
37.09397302945172,37.84156439854855
46.52011744002008,38.32141693583608
34.520006132914155,35.303769616766274
33.98718201386988,31.024963136137586
37.02987442010186,35.10812186207598
34.16804741566005,39.272633314325006
39.182522538062614,39.910953142034856
36.64156454698451,44.72098783688932
34.39199914888089,32.558392881534424
34.55944886542938,39.764022088647216
32.99792292134894,37.674184574633934
40.666101391224835,42.01742264311794
29.108999163183107,45.51710213068061
38.98152356928606,45.86430480213768
24.657092753997894,44.68520693050089
33.53031480587771,42.42992417997912
49.94932139718593,35.27603290332713
31.31475749603959,32.857666527984854
33.46631708355204,54.56599403122167
42.78041665174588,63.2819615144039
40.048618831429984,40.657887934313614
45.64560249272465,43.675483681781714
37.413579819633036,44.87169710066563
43.14509801025804,52.778918318136114
37.27378595125244,40.74979211554972
32.68219565872731,40.15124150966945
42.113825001573865,41.19002436196769
41.463016359148405,37.80135249929352
44.21537669554176,43.501242762467676
37.05649251660792,38.60033437821363
38.8159909233115,28.160038530055502
41.728466662940825,46.25570908059633
37.67852731540634,37.60389964741664
44.963310527401916,36.56070488521488
45.801108630501695,49.536270543124175
35.548926476133765,43.57775316787856
47.79362842989242,27.197340810878813
38.91331393088936,28.538459545487765
44.64644609613738,39.596281828827216
42.82609408675352,43.00468521050038
35.67777921861876,32.03012682820163
47.51339302553989,38.52874507429947
46.51118923578185,44.71171878810281
40.20060717028438,46.17726186520424
51.16417380753829,30.149902802022016
35.700130060623934,50.800716558006144
40.13585547063306,37.744911172160634
51.53742544278428,43.896181615038465
38.86198820104595,34.18595346341296
42.59407828573136,34.717062166742416
47.3240545750645,41.87744698708187
42.21784315717035,37.88542785636684
40.66647040066683,36.79404689276041
49.9138338688456,32.68555097519316
44.41484925771897,29.306588795307626
42.693387693275305,33.833139122066626
37.204661924338374,40.321739462065445
44.948234727008774,40.9174093839539
31.64850547907678,44.30152018365814
49.96023991430074,31.555022710088977
36.550811203503194,36.1184108831448
51.19325119047498,36.81700090031809
38.910412656295456,38.7781608442549
51.30432599695875,37.36261618582874
52.58678513395505,41.895081674288505
54.13452163789805,36.674485373203254
34.66502507145394,43.382791730220745
38.83311555907395,49.39120085169653
43.677633134352234,33.70264821557136
47.55571168105322,54.59315274707264
37.503631619123496,39.086481086688366
44.91093125118711,35.421853259566284
43.09717464744051,40.57354739987822
47.66698988066222,33.61142899813746
51.50851881561605,32.44075830456799
53.64638479264583,30.727087852547886
47.91066025339933,32.881316123072786
56.69364879173084,44.89204077139226
42.49146774885587,35.88580750810559
56.86863548825606,43.045523467362344
60.046078313348154,25.540660771264125
54.58819648879009,34.59219341245535
37.417946640790284,39.04591185148473
35.7621290145008,28.67934021138116
56.901943163980505,46.011980410465256
51.37879164051914,31.166651670893586
46.96118961241488,44.84876778697236
43.856209072720546,42.47673602643996
35.9289657425526,32.21451227274059
37.09304335892099,38.10277047822632
45.36983655538742,46.660073791259066
37.70471528925691,42.60137999868672
59.794211471121564,39.735927242205314
45.726715370931345,44.6182641585736
49.59945974547261,28.89726289117024
44.74075953278266,39.11459524035388
45.13515206892404,38.99730161249585
42.7303520723406,49.143548095796994
47.837631220851634,29.660986824766283
59.963749226241674,45.906195707466345
41.942198179017495,36.466936721524476
53.00868023856685,42.19959345416119
53.32744186456579,41.69210469264418
46.41562518936289,32.28707610139729
46.10880310040167,42.099305036923674
43.95448239948132,38.71278517356037
38.44472102970157,42.165470244213545
53.531466546060685,35.763580338983196
58.86632850119679,33.369187724822424
42.22024289174186,45.64044449630936
51.94894533442691,31.920100490760984
42.724739937761754,39.42250766783854
41.285545922163756,44.67154852891736
49.340506794548936,41.08323807784558
52.85963236376448,31.703978266535284
49.427302375725674,39.721751515571626
55.00594572375163,40.97671235946898
49.186604596427266,35.63811796198514
42.689568888864194,41.74254449789362
43.81017624555657,48.889448686656436
57.43884422828547,34.88201328964319
47.328589038070696,38.762677169578545
49.25393239120263,49.41274808693362
51.410465563485616,47.43246873022312
54.07059055596498,34.49505257691522
42.53036107216608,28.30547785616497
55.308989921820135,31.78472238532131
45.165075474691406,40.308585306945204
54.54034533569249,40.562454629530706
49.211855516835925,53.612459659074794
42.555048923344266,46.111616749317456
47.28286208770383,36.40605913013499
50.41511164420295,49.26807041969998
50.559247547041494,28.134943078141504
46.156735742690095,31.235834666745305
42.153428455002,41.53455331532004
58.78229885075316,45.650482916458344
55.924255095591455,38.21887138677123
61.84220516707415,42.15334439077314
46.833721622951195,40.944095791533464
49.5674923704645,41.804832235076745
51.193144987696364,31.615114562134842
50.391327923600635,33.860957258239274
50.66110098527929,37.54075031908134
55.8877050844462,35.09192112778845
43.332538913105424,54.03622848317963
54.47689333877032,35.132734785354984
54.78044748389367,50.759216453622045
53.55224166389827,32.752366690499535
56.004837851130425,55.298084600767524
53.007507719591864,40.97805821697419
43.05054080409781,44.15005559261793
34.9330557721007,45.094614582689786
55.667055629739245,21.336766336709694
49.33453444471284,39.02340956216824
48.44007120337884,31.8077910787947
54.40921974524909,42.23172234499246
60.48466113857536,48.878771764655816
55.37224261963323,42.859927470714666
63.945883385038904,40.10253836471139
57.155527410480744,51.885620028192974
45.914023743355706,40.58018190436194
54.29406023026892,50.77546364752152
64.02722610874109,38.932485917887576
53.887981035787554,43.02875583919392
54.55241077312003,40.59394315709206
64.18655560181558,40.610760700532786
62.34378787672049,44.73217574041264
56.501321544798486,49.41974720187869
49.57793636985158,44.88459222918821
54.769242036112814,49.07523630335136
54.86605335191987,39.7748599794792
55.15258118542577,29.21828905925136
48.98924241958528,32.21539674650329
56.83435823061803,48.08209120690546
56.20671925346506,45.85410481405993
57.04565461713669,28.695714022629446
55.043125045707384,48.377719644152606
58.492415156472255,56.707849347265395
47.414817226733696,47.64198266251039
59.187682567326235,29.03633824750787
58.908267095110524,47.44520504427186
48.77416246509026,47.662060120414324
64.44487645147882,31.732276878689543
52.497588076803375,44.54931916736129
53.77105670907616,40.96406262478988
58.42883876446623,53.245764541038234
56.570520444741355,43.56354269868205
57.41376305783802,36.78056089058794
58.396254891814614,56.283610815557196
51.568291644164965,50.86316512800021
52.94439291537952,42.26852531906485
52.23710599234148,46.12193548541523
52.99542144593796,43.243329484710046
53.63085834501379,58.03871025650411
57.18271648280617,45.72434332315673
60.4861147039321,48.12503890494596
52.955061409138665,42.36641171051976
55.935415124680475,50.58773331041408
57.579785895741715,36.735927711035046
53.307179505266916,40.87016960509618
44.71349132619916,53.22335829314763
60.878520703015376,44.48222029318854
60.466720156307844,31.236693128521487
58.600694377320934,33.68517253887338
61.86800407041846,48.086747649898335
67.35923445409856,50.939999442609775
39.56870753441882,45.1104625774542
52.232761690050964,51.170014080282286
68.31953637662043,47.37894167574046
67.61720886351969,42.267657273757656
65.7102624120742,42.52330243026795
65.9834424439742,43.893648079615225
46.8725150062672,50.4969467229181
49.75690058770285,55.921985916744774
55.15100156053968,40.913155451194676
72.19644587319536,53.00830051631543
55.500145001552916,52.9499450617036
51.740775955266784,52.58227600889053
57.66047281536802,46.570984107007845
50.36688532168136,43.016020236391874
66.32799516516212,57.04197087382806
56.25472026099127,46.361220953496336
54.53119158385767,38.98049995727553
48.20540025411623,41.94114126929222
53.58529418236026,58.31573405459898
62.15278088938546,57.23337751301592
62.07898418044465,52.13814705224357
53.01398192001686,57.495862503290965
54.31577364306219,43.97071945386394
42.9081019954041,48.884926709424036
58.13304042515341,55.87818798135167
60.37291830027083,41.49496601763279
68.75731435038664,52.11459086272288
59.5764819422385,52.38043856337293
63.26725261777868,35.73417957940595
67.06066978436768,53.329689574748144
75.41749898767733,32.92421059813524
59.177560538809445,49.21788058154989
61.37373667040259,50.96594722031775
57.9475465041111,61.25075992961202
55.63760393750982,39.45491703322234
63.0519485065644,49.43286493100814
48.55111168350267,65.11843062358145
57.34007744551634,48.858517126700534
62.497262845544476,43.59444092892123
48.6304253056849,59.72762798784434
74.82798155389612,54.17946609404036
60.68729437868926,54.122405967793824
63.950431295517284,55.81189750260344
63.99564330152221,48.8401429091002
57.66790491213051,62.71112486051099
69.5194455177596,48.93690692013829
53.945828543261385,56.71906512856099
58.606623226127624,38.98466047814993
67.20334355541374,43.69995006354753
73.51852896788048,54.24097107181526
65.23259259540293,56.54035317913767
63.6344996816354,45.404510242775764
62.83420244146574,50.516080594100536
68.18813508567094,62.85937877831954
66.57812139559124,52.544278927664855
68.56919216219396,61.22846823756894
61.5726712547041,68.58296144889958
71.10979730615047,51.76780988596664
65.82271496396298,54.362447136944766
58.22643738206221,58.10745306527748
62.72656457244043,47.9487407885211
69.04232601432346,50.9804901746146
71.96011773366597,55.893737923320316
60.90426370244652,53.79378415382113
66.69884936426962,55.971917362094715
61.761948193453684,61.52351748957485
78.55572872258554,49.46050863012008
57.592216348805714,49.32620418640096
73.55614393052593,50.33472631092416
66.39390856609347,64.95597177547701
64.63860169854712,54.590303529117215
57.64739729257542,57.591145674940876
73.37744596608135,59.81451741548323
62.11190356918076,56.57053645660297
67.15254676158257,64.85364368754742
63.948970179155076,55.63570358410211
67.81519227774301,53.445879213706355
65.92035770129998,55.15228700076497
67.02778436935823,48.718439055395706
65.91741236055422,61.22008272655632
67.16811436587057,43.519549320088444
72.58764690219445,47.51473484972004
56.045434876717856,59.026782555124164
69.25726896302952,49.10140276626878
63.57113019946773,58.830277431361516
69.53300004559465,68.57137053704135
60.622768195076226,65.93235391115404
69.50705962230492,62.963329212778355
64.69864509984787,66.3349212837621
67.24233330358757,61.62336420331186
66.61349929499485,60.42293461659744
67.98027778840576,59.71578105616843
85.56076418155268,58.00173675305638
66.97602408127064,57.12393318997595
58.710289320171185,55.46778413536543
67.93273880092798,55.49546333969798
67.9013418243568,61.715510337056294
71.1508857639412,65.7357515158077
60.16960345532018,74.58733507577514
63.538395045874196,50.42331201440838
76.22304168936927,59.857139260909626
61.59739756136147,68.46126720121175
68.461839463327,56.305442835060184
69.60355322646652,68.27985636568827
73.99642125500569,69.45471669056195
75.40357274824648,57.63933320609533
64.29559396894321,60.5090695666079
73.3168650514108,57.117808897128285
66.1136034061383,65.27104528073794
89.22115597681224,64.56857504006857
71.37818201169772,60.54324100420453
58.37766133293306,71.19388953386782
73.86116230497693,66.62514604651133
76.33837092474162,55.18701864292943
68.13257790662828,59.1076944118305
68.93353475573524,51.904430107538616
78.28957684706901,62.261599612660255
65.10167937083745,62.80220976618296
66.81335183783604,63.66765413863413
69.10103962101739,68.3785597272553
72.2683973803743,59.80545104430402
67.45211062809226,68.56828984145355
72.54021434284243,65.63730240773978
64.550814604645,65.490337077936
74.38374852758183,80.17984442520256
67.15973427065023,60.24844630337792
77.4406295871874,69.17568595041632
75.44455651720813,55.31465483655273
61.84347868584134,58.319638996882084
70.28354127310128,73.38110119773182
70.94203575734171,68.42245639742539
63.176804470501416,62.62224182646353
66.54703868871083,69.79651732391766
60.93966026838204,66.21384707272912
78.17429161970465,70.35852464150396
69.80273059102639,70.04597615829026
73.12759697559041,63.55432562892839
74.53589807635454,69.25080316199328
82.45305795334617,69.93832725881497
77.66684937271272,70.62135912625226
72.34150034103837,69.17453146740371
67.44564012604842,73.81125672131517
58.72689843353121,78.55209523647544
64.62517437792448,59.24228945092209
73.30381931284747,69.48052277584462
79.70720173061474,76.91015960937256
67.74638370826428,67.20349241037974
81.45040224192788,64.88744725464704
73.45233695156686,72.78038081814573
73.98910960615255,70.06957931815077
73.90159028127279,75.95243745511127
66.36530356718896,75.66199472947876
76.54899373116302,66.9007344469268
78.9730459090109,79.06545345164048
71.48788401221748,90.29965347073603
73.76564046886861,69.04581553626699
67.44531026838138,85.34445855789542
74.61871870152522,77.84551793854065
67.92660635171556,76.31406221990245
80.69696012649256,76.6336657194794
70.61471783002835,81.41203654609349
74.13976205356731,63.6250209792503
78.33045839373573,78.51294825250636
70.55010858435787,76.77152443924287
74.73362535084266,74.5689438943173
76.29166030835646,74.15474254831436
67.13015733127757,84.53744463902204
75.17423075715278,79.11486658730573
69.53550798751692,81.37821592053677
59.952272135415356,65.12024784471876
75.96259824443459,78.57445511778953
74.47822985622359,73.00368427815778
79.59378885837764,76.79862277115656
70.5254616869747,69.34307242804965
83.59919397296315,87.56605045865211
75.76481567027703,74.21496308465424
65.87010449766869,85.21017476312359
73.66992175494943,83.20257304972611
69.47911458008349,78.05806922543645
73.05120025644868,89.85130011462344
84.61280616683148,83.60951416744034
87.8793499703115,72.35650193065568
74.9849461055082,74.38782782560864
78.93593815977157,84.67834424798698
80.57338437647236,77.81260904753488
83.42505105974728,82.48259081209916
75.35476820480498,79.13324229046866
76.47221621886581,87.89980061481066
70.75309392840703,75.98524838492561
83.22161331886875,63.870747990950335
78.97684407381091,88.71188303550144
85.11895253026978,86.43136661542964
78.53015504293765,83.96759543444433
75.3785583055662,85.03281351821127
79.97805129614338,80.26619326996946
85.02546041297322,92.79844906523104
83.67602818305357,92.77775760093827
67.0705239301877,81.44682566800175
75.6247391798519,85.09979222588963
88.81617446716675,91.6179844380504
77.85156800041625,92.33091670560862
82.85352083047916,90.03684553848723
74.56629393380464,91.87651526025667
87.93041098669924,85.8840261260805
73.30000791481767,84.95034629800702
71.74515945676576,86.78155040504639
83.72523350029846,86.3083783429626
76.71721138812303,89.02632471970878
83.95249175845622,87.06555483307349
71.09383912774464,86.09395130303952
78.2980724414583,72.39463087237188
76.94147675052648,87.85586001801984
85.39876035497434,93.0651574818233
78.69554092578883,91.31610309442777
83.02417651499673,91.0709694256799
66.64935121914755,88.89870158922385
76.40751500597185,90.58061717423845
83.5539339333787,98.75594717967816
88.45308625638827,91.26102252385816
84.5758383393918,94.00804309307247
76.45186038511795,95.24584050508605
81.02979365154059,91.40749415547826
83.63139448389549,86.58668832398536
81.54276694629857,94.959477302207
66.67779337558537,91.61745791450772
77.77825673519371,95.65943572276986
81.1256362538412,111.88062807108147
76.48249314699356,107.60209116524243
82.61262127155034,88.63646266915374
73.73758499269279,86.29083566634017
78.57441006661074,93.51262689309522
79.35387654823013,98.71293331975698
77.47087269474235,90.84249489514072
83.56576890509882,104.97444182060521
81.99733185101776,98.31854498509894
85.28511154870665,99.21840861125321
78.16594437439844,104.57484020078417
76.75104712939182,104.26421839369644
79.95713343046158,101.8954093115049
84.37428556929261,103.0818279657332
73.45382433905894,98.23767182252779
68.84282687725022,90.32728971502173
87.61462431177453,102.60180907644835
72.41375876369631,100.87495953140771
83.1833954050566,104.98229299492068
88.57557323840516,100.02761606143682
80.3409412902887,98.11709125966428
81.70186456300752,104.62923410152655
84.6069003949866,100.30974240535558
89.30259300629247,98.20171982708942
77.40609880144189,95.39102950340563
94.09106583597453,101.78932408977285
78.59984426613536,98.65054970268963
83.41136942000988,107.14665969545626
83.96777486321811,102.56193497562276
82.15943861520175,110.18721633732017
86.10434326661752,99.02172242718552
78.15901217447056,112.14086264393858
80.24910695049373,105.02110026055327
90.20190033373171,107.06668475845194
75.95458185206802,107.8524872463627
89.56148954279274,101.71504244875935
87.3594532305258,105.15614400087836
75.68248710806922,114.47159959631333
82.9537019961524,113.39355600371009
89.85188968221966,119.1634248469301
98.28694886773899,110.3240710137307
81.9624051060901,105.88907146108843
92.26341202910632,104.09686675301674
75.61924111352923,101.69832997053491
81.95586397810783,109.8545998944127
89.77894265803437,108.44937115662145
79.973538601602,107.13471360218124
93.1981327205114,102.3492915437608
75.15542000497177,120.47228592007633
79.98009560120848,116.8776386695002
79.0317210995553,118.92595259775925
88.40043725809737,121.61764906447897
85.60011098975572,124.27771266218225
88.74789201402726,115.17933188312227
91.27581182268383,120.55108285095235
98.8502214626871,114.71821967104806
78.85644836222191,114.51390075001972
92.2338305800078,121.20380513606351
67.75171054134968,120.82193599405231
88.30348098749704,115.41037616326086
91.29223631099742,118.70785364903602
90.5844842966491,124.94113439723805
83.36670806621254,107.69537189157168
89.54595299599433,103.95964403653099
76.47965442440466,112.55081264868656
87.45715993624454,118.65958229587767
86.26922144793741,113.9677238298228
69.19087844032423,117.32478586232348
90.68493411494238,123.86165960293708
94.3471995598772,118.63127383188122
91.38277580559277,118.50391951845991
96.65354076561283,120.18055474538627
85.36438503383708,110.83745005526887
90.21991163797513,110.7953223496682
84.88949122965104,120.47181861427322
82.14045633949908,116.79514028294425
70.59737539514249,119.87145435488492
90.61200916297584,120.08470305434538
86.53078837416948,121.6036604166786
89.85478849187238,115.9715702965186
88.7739523670604,121.21042207652033
91.53146523570096,125.38482615762064
86.14804199802781,124.95409587531432
91.72130806342822,118.28144708054394
87.41199539194439,142.72840161889414
83.02487522407075,122.94168307482195
77.61551534454154,131.90106606192725
94.30849059254889,124.87173884422593
90.11469598127606,134.47678112216946
86.16266484481316,124.67051459243562
78.01286853358322,125.53921848045562
89.48980978116572,122.61145386543765
94.13557749729452,117.59309053458861
90.33824553574895,129.73090361336187
79.71970971328844,136.39208394617583
87.5435257926657,129.5826313902923
78.61360491123254,133.1541272898712
77.68471578953982,142.98793819395914
89.90315872484297,144.9875778263817
98.76394731028125,129.3234099231872
90.75425869769279,129.93701819795996
78.14963285270963,128.8173451045581
85.54461348354887,129.18723784981879
100.84657682029959,130.6896881974917
87.67790114793245,142.90932470385133
86.77900066992486,134.45571605099767
91.691192779277,134.82357329505814
95.10916610375409,129.43314585390416
82.40616406142836,127.71802817445976
98.00645895102198,137.71483824778934
87.55700031287658,135.2887049880942
92.46307363734734,129.52754959952355
93.73394131452653,137.8962883100161
94.04677823393348,135.3242863049474
92.06259275430308,127.88731361619091
81.91889511763848,138.54241093610702
87.16949996620602,143.09632421366504
98.5678322438378,139.90889144623785
87.56017149988318,137.313697235086
92.85243689666453,143.93634890313265
87.90316688355472,142.27014454349003
96.56038280505538,132.21950361918704
100.88857235546504,145.1497413358103
88.857567393647,134.69024832992807
100.5493016401742,129.88365050441126
101.24714641690477,137.2161958004641
94.86796360647654,135.6376775333596
91.28792552699791,143.14507672998698
88.4316872586538,142.66397052726023
87.47968783482752,145.19693911702373
98.70448144039526,139.7884944194624
97.51978910148023,148.71913599077723
86.61587104079516,146.7798302562409
97.75759359246337,144.9654765035908
101.42488650142779,145.79409703132325
94.45998299404528,141.61633247962695
106.73781033738965,151.73870145859632
88.35779273006106,142.4160100619243
85.57864120507124,147.3605041958946
94.93617931124083,163.01241060097016
83.4217009922435,156.13790269075955
97.74808613848899,142.6775994561569
91.8507440506926,148.95711274554
89.52856266962851,153.86399509402898
100.97049722695527,144.008262259591
93.17144709938354,149.76649104299975
92.53935110251966,154.45338181041487
91.97734834193169,152.272056774267
102.3950221025686,140.57373141529274
98.55108313565736,150.54957936136333
91.19897255160944,155.70086937276764
86.28850008310742,147.1823635423837
94.093418395471,147.58264096620275
82.43911695810517,154.35431757847655
95.14822749619385,153.4683764841167
101.52034187786316,163.70328691262114
93.66046861113884,154.4895129614566
87.18759466278128,157.75086257720918
84.56850293824084,155.54395571086053
96.67670154576673,157.35109485905792
100.34934504646516,160.66565255086493
99.44190390036944,154.00703882113964
88.28924378501439,156.51588249695803
86.9063646383691,152.2963044418926
107.07264549251897,158.69913867980233
93.54214780521804,167.73539832911794
101.08290868284624,150.7322977872874
82.82405688642626,147.66453616470207
103.30540401452043,164.5910974151222
93.9601399879448,160.1065202543939
90.20048661954881,156.88939596057224
92.66819558972205,153.4477620653888
98.17433597810574,172.10155625872284
98.7552731585376,160.44288985318678
93.68802700613722,161.68035779874867
90.429684872788,147.50261137319416
104.59054275322326,165.7550078458336
88.35093908721868,155.3392368107972
91.82387850916004,170.1560616910867
96.9039264900698,168.77938425535086
102.91140174061552,182.01650126854594
96.74492250724484,160.90965374294598
106.78570801369976,166.3425918118307
115.16665408614494,173.70349031685333
94.26308924149373,171.77529525289214
102.73931977347806,180.97114244379628
88.7274159627367,170.1282568808462
96.4548924822593,163.23379422320858
106.26688743237094,166.9021880650652
105.01873133698145,174.10279244456348
118.93711582637027,180.52132635566502
103.94870872365351,180.12572731370082
96.1675542957562,179.92416996764382
89.11132549692115,177.8497929334619
13.817011069967762,67.70843985001889
5.412808595878266,64.66813187918878
11.066166772429003,66.63462658585411
11.374248562101952,66.24455811949436
6.89325600155282,58.3666486296117
14.217839821637508,66.61200205921486
6.389233066396357,66.65305004705054
9.367447009559957,69.51644742137668
6.481503745273358,59.459175515154975
7.32102359194611,64.86040376534103
5.482598964663797,59.31054951947875
9.663270266939872,65.17068756787576
12.356032147693869,64.39368661581258
4.283659458772746,62.89924528697372
22.26129477336046,61.33266277858878
7.332966855258846,61.818437615123266
17.083493785510086,60.74044784802948
7.065225486426997,61.660871098253466
8.418191293328805,65.57466878534395
12.36450856148797,65.72639347584864
15.060239416536401,68.8088254607733
3.4460554899147278,69.68918003414754
16.311014662502455,66.36012708510451
7.230582072420694,63.255726594501645
14.162489427604472,61.283397444962546
14.102899605534189,63.613645367300975
5.633107190199185,60.26600517272207
3.7198885357130678,65.86490327926606
16.539070208571047,58.4682254925027
10.600211760145434,63.78073109407803
13.427478309168459,63.94339217308573
8.242104239486126,54.613144196130825
11.747117738103762,64.25774310243607
8.199710323041337,62.62990066577636
10.44541380430277,54.621289575174984
3.4978805716272463,60.77916686385219
6.021205743743424,63.866983789305586
14.605539235342047,64.96933253118654
11.859278785976645,64.52299848026237
7.687924321122519,68.81111692289144
9.580500945926186,64.99682117058562
3.9267336123397873,63.64402252915039
3.882949141770352,62.03160396104002
9.667872628941033,61.672090307281465
-0.6109899046206895,63.943646012963335
7.066296013045932,66.46495786162131
5.305885932738538,70.79413520059954
7.727921057030088,64.13310273622776
10.54480593548153,65.84752762281458
5.04789617852458,62.01205617534665
6.589091516265443,69.17720160596497
5.593051712126927,64.86082184405588
11.193837725141503,61.26177966284273
9.285601653380278,66.22576499903758
12.863902569643106,67.96182767969921
5.0159148116980035,67.49022118937849
7.604331258997693,64.71516638205927
10.083284097308773,63.111141909441855
11.700846184830523,66.2963430670226
3.396501826549021,66.74064591474088
10.628225690443463,67.2381259766017
0.8927232257645237,56.66041346685156
11.755449361207665,67.29767419662085
9.070441245781069,66.36050417867165
5.349678309788881,67.65662055032217
8.201310536257544,63.097245919931986
6.432328175351452,59.95376273898055
6.131202694058395,59.04930448627377
7.480441148741999,61.58642543371655
12.033971051574758,58.659983515126065
9.023061611647583,67.42939830581517
8.239753982652601,59.68641673632174
17.48813011783814,67.33811754277554
8.408266533568447,66.18079854252848
2.2035706597563474,58.592949340166946
4.298566389306381,58.77563529674271
15.9290523701899,61.946929827209146
15.124216824711272,67.17089938634655
10.2197324591115,68.59300668779379
7.98094684372701,60.49725948671808
9.00400751767046,65.1708810927828
0.19833784695759782,68.80985473103975
8.480317901404263,59.41249676013439
9.87028928694095,58.4919364782027
10.760304204390597,66.79183375851339
12.977549218437476,62.73896681075608
17.304059620088076,57.48461665036474
1.2650815538865645,64.05787657623053
13.443798769492158,64.16156353527397
9.85178720084866,68.32027141319287
6.9376314476936765,59.723031618613845
15.31490798133484,57.935332102108276
4.393090793739634,68.85762204885927
10.565307277156336,64.03561239438037
13.161327100628384,66.17536320003066
2.7376398999867577,66.76571398310615
15.847668079963995,61.467862836666775
2.462200597825645,68.29413511884798
8.495789786985483,65.0515957351742
10.088508692017697,59.59380100518021
10.551154547332033,65.73229934930009
3.9747480613783477,67.83707902646296
5.37518035561676,61.71363952468441
5.403104366631047,62.47916900103712
5.581819382180726,65.64491511183334
8.348011788771366,65.1145151318991
9.206410637973551,65.13715243796594
10.30344791765977,62.755457035125154
10.511214145163446,70.05557972023814
7.402540889420924,66.63871420870937
16.381149692298408,65.62730891976054
4.0335309302558136,57.691618101361506
11.780685646799,62.04252987409343
1.924495547441098,60.345898635516335
13.714686623818583,61.832489468217965
6.184743900458522,67.80956323880623
3.9778094259930175,58.077918159146066
5.849306229842783,66.32910738997387
10.461956375156067,65.4459316538759
17.626650668642974,64.01598776274245
8.45847912129749,63.11104520313497
11.196320411458132,65.54007827417023
7.783686481862198,64.65365719797232
6.179591583085486,70.09183749156927
12.886562653195517,66.06472179522866
4.140261072924733,64.81062775159371
10.602805421667954,62.14517620805447
0.3854230925396731,58.27570035331889
6.625207089042765,60.65797660700918
5.005059213962014,58.727026017276515
9.201378415408055,60.69525786377981
10.759773199137264,62.716506547698074
4.960091730660011,58.81399901153811
4.31900577348066,66.60824213363519
14.030760107068772,63.37930537208366
11.30031012831127,60.67640185855906
10.075355007828316,61.30957452830097
11.688351362321319,65.59828765511008
3.924359234524755,68.85775213119055
11.861628089428319,57.54590275427181
8.84732073427797,70.53751880677093
2.3989214172963846,61.20474090971426
13.757473908016324,62.27114153591346
8.43314837367186,66.5079551539497
4.433264572128606,64.68499750370262
3.2946042785295724,65.49278086745508
4.124766252053099,56.45464462124854
10.16664027597554,62.113672934251305
3.8747173407250175,60.378820387427
8.88052592390995,61.372475225185816
4.252039163703713,63.009151553698985
2.4840706989013466,59.73500556015592
9.276316073868454,65.20740403385184
5.561902147417447,65.56075117298877
8.742691784603032,66.4532353733522
14.438943886082246,68.41461408482458
6.698878888236967,58.18720038875101
3.829380872837209,65.3423240417656
12.057390699494118,71.96221545366511
7.4064519009996514,60.71110234347455
9.991130167316479,65.95512071620058
8.552531935855805,64.54939651466279
6.059685631909356,59.38377528559267
4.376655737475742,69.44533019163342
12.603563528502427,61.73310726540227
16.63174528173017,66.22891788643523
9.694699363141394,62.32320326965954
8.717787333371321,65.78385448793773
11.038812853120962,69.50443830942935
18.579605940961294,66.22692324685522
0.6452438671785732,65.06554908662018
11.726726668739223,61.16041229637937
8.417408533003,60.73865505622812
10.221595790673172,61.0229563232927
6.793807142633714,62.952801787897535
18.54918771625924,64.92776727380314
8.761223045882376,63.190116814905885
6.87942591788077,69.1937199001131
6.217303086802094,58.37999578514783
14.029973322619634,58.36635413709496
9.310001469011546,65.80049470254636
5.327030045470963,65.96094425717483
13.35193450395575,62.08308687961507
3.531603096928725,55.56404401124703
5.6177074154291695,64.91178735329422
10.441794046491628,69.08621288439018
13.247161922868392,64.51245450638974
13.159666462290348,61.86528065880571
-0.2804307935150039,64.273534601763
13.079824871605098,63.82467014040222
8.814357794755367,54.89141948616547
9.486485998435048,59.4979453965549
7.502747060170966,53.673083041013655
8.77257191584986,62.34957663931645
14.68044737427609,57.758421284593176
4.341269923198837,70.54756188080441
11.775849221405698,68.74071893091504
10.083078827448654,63.63621366630981
10.079240573816731,60.95161313170894
11.78929382150244,66.42860293105878
11.705161710352076,61.663952810584426
6.5954000242814494,57.473740121837174
13.683012840858604,62.82174654897726
2.579250298319553,60.51244030002797
8.678443518353191,71.50685860712574
3.3979486533814196,64.06724098559671
3.306688143767566,57.38751608285251
0.9577264550492792,66.19844751314389
14.748907761014816,68.57508546468924
7.087655683083663,61.83240502047601
4.787011912715427,71.55033198609054
5.225205276755217,66.41239884760785
9.390474984482957,64.61566630754494
5.019125970498769,61.89919016508448
10.05537028208467,66.17037336350484
3.4211218127223226,57.48861877192788
4.937862055742748,62.337015360485616
6.144941645252165,64.97705047530955
14.480675953555707,61.9803416812459
8.613030416501081,58.15439759691558
0.9322558949202069,64.62358216897661
4.622491628875079,62.060286399907284
5.142787722140351,64.56410140545042
6.891746531279248,60.20410802719588
6.258639272589445,59.91830867350389
10.01518635628198,66.95636330289604
9.092382218689847,58.34264435767752
7.542163664105576,71.35116778516309
7.380195477584664,66.02832545644206
10.241853974491338,63.444504178102115
5.960900993922677,63.45610858838447
9.81364505651668,63.4194848027479
5.555381129955417,66.7852128949652
15.003121595619312,67.51649767512487
4.157074107725093,59.113410869211506
1.7429059641091778,60.7060139692306
8.432972073799744,57.42596830783047
6.998311326960262,63.665609851576114
7.825539454355136,69.72108842405365
2.9777537984395632,61.19100094471772
8.121848634560457,67.07862113016748
5.307271685089082,69.2850261459383
8.426707158109384,65.64649090986656
18.166195692862367,68.13251964834399
7.716804218673449,62.67945249777971
7.184878658219417,69.05107882798684
7.5214831254596195,61.833520774362086
4.0513568218287865,63.98244373071194
2.1960892797531173,66.71727158809728
15.540675789990726,71.1594433639215
16.23853866802628,67.78385178967768
15.162787672133046,67.33654904479384
15.936167617875444,64.11808104881675
12.383698478892764,61.659704820690116
14.069880462295835,58.26458928933926
12.459884089298606,60.97004283430431
2.4631356825913056,53.23004666681767
12.233344026735004,64.65006492621941
6.409601738510962,66.08664889764276
11.382183886676572,69.58585036016892
4.934947272879435,66.83291874749395
11.29761578398169,66.22473511044393
3.1796158189311354,66.81932550211833
7.074547156065956,60.95116499637255
11.030563139700057,68.02587465655705
5.867229824777725,57.19849736997316
2.0277478492990726,67.96266513808982
13.002512587838215,63.484382517505175
7.360613455246849,63.02506282232688
12.896102389718363,58.82256584227483
3.3541586017680327,65.43993387415208
11.300770792909056,62.2100381700461
6.119614760987501,62.576913482830314
5.084157236339054,71.3185842535739
7.107313453085418,61.164153412582124
4.653714537427162,60.518680846769215
10.87186553136289,61.81647468303186
15.227318948205124,70.85816723139222
6.709435131272671,67.37327599501985
9.363338688077553,68.3329687880156
9.989520123853348,65.95124829177745
7.979775962062911,64.74906872058871
6.342951481013856,60.84328121969472
9.876398117595917,62.60176077777966
10.450459101337225,69.71077188273675
5.607226638882647,57.44029293885793
16.61905146701335,64.39120911085419
8.143973827461652,68.71195415059911
12.463383423130077,71.70958093035787
6.772930856842237,59.12382515038849
7.397260063316975,64.93341376748076
9.471136572897734,60.29534486743639
7.882086656069861,68.0812585125944
8.58366291687355,62.04675543143706
8.01112204384403,64.03408509029157
7.906401976097558,67.37321743810222
8.718814462107416,64.71170979135148
14.463264396046839,64.0768102928455
5.444998530155811,66.46924366365856
10.722180831528519,65.09633258961524
13.960425468395067,67.6537590072942
7.815260150883376,63.23618266917748
13.776258672765934,67.07383538809694
8.117093800700536,64.29342186894266
1.9868922910897266,58.85309989324759
9.375615200351847,62.38887530820902
6.822999753912106,61.21031101945984
11.750756874614783,67.9707665921424
6.222053988854698,64.0313057328846
12.067543209615472,60.932930451300216
10.054149688658228,56.096212882925826
6.49772900534009,62.50235421230055
3.260228074003413,62.793406062689876
10.118218993421346,65.42407679231724
15.653593527323427,64.22451078457975
6.397240600649154,64.71915440257793
7.369746973161467,60.52947702771509
17.343871139849988,63.390743274455396
7.905239178586779,66.81874752650695
4.4459342699611915,60.20371001796271
11.823217526165454,65.62236366376413
9.647150587019535,53.70260936455069
17.62270570646753,63.73607600595469
8.612501308146117,57.922530340279096
9.914814297569606,65.86726950388588
10.062295700541206,63.86572777311964
8.73838969139743,62.236829954697825
9.338744677577688,61.781308022456344
5.994832949880447,62.64392350488965
8.15457961386131,60.451998994351634
11.434015240394935,59.51478981011994
13.68175272647116,60.19545968934757
4.517116482711736,59.388799917711594
8.178452302657703,66.10529531805881
15.698081710421818,71.16544685503598
12.126495503709918,65.47445619571454
8.835929538185475,63.07763422576105
6.5229981702920075,59.966907330429294
7.656337618520376,61.14346921350081
6.740948350018601,61.92335597882349
13.103830765974685,63.67710313733408
0.02158371991332153,61.071487276487126
5.854135991361736,60.432524171151044
11.464424689833578,61.72074988984683
7.692741582971952,64.20946988804111
6.4585389566847535,57.061820518601714
9.449489856722797,68.4878327173508
9.06796607251866,59.935236640080035
7.2151253524230174,61.86687719257045
12.13746127081722,64.85725486143373
0.8915211909633847,60.825516965538846
9.730715314116992,63.09196574220707
6.754493390224615,66.21434506397816
7.0391271421614485,63.908758549300366
6.384405054963192,66.52497190999118
6.5858364508594125,62.46877969825771
4.532644933800133,71.95133897555952
7.108093494059196,68.36099768149707
8.1312438415299,62.26759338309045
10.509520254778218,65.80173997654983
8.984359402152625,65.35502175984105
14.433496091709454,61.39409570682106
7.784237750396137,57.821893494845924
13.397151954602894,60.71912899851823
2.1696386462305144,66.83582258410333
10.62211820809655,61.82863541162955
14.356303686291987,64.85796404712237
10.960767776260724,64.01203068581479
0.0866152227899768,68.97626608633995
15.771802860384776,67.74382760990399
5.321685803905623,63.09446092459676
5.041986607733861,67.68426294335454
18.312646011183652,54.932137409179575
9.7897161655364,65.04834709417302
5.0598222073132595,66.5766358362998
13.105454595910295,61.82818123937705
11.801598189966958,59.69964862900606
6.951981576967604,62.23293356835417
4.399365403060146,64.98758662676795
8.20293480808332,67.18218886012485
14.558868588109767,62.469960982797325
2.7063621314907786,64.1662314678239
12.282792341061931,57.42630578662092
15.343908531246788,62.82245772731527
2.349230473719027,64.56463756609875
6.88058297120933,57.69465557892474
7.513948967409308,59.62233797393712
6.521862689852383,66.2291095812078
1.450270702582424,59.308193485848406
11.339604720600112,60.920146476973066
9.061976718121274,58.30497037403041
17.41474364059885,66.12152378846632
12.22685560686069,61.36628246721388
10.121646327251737,59.217128274499636
2.183671591326628,58.85004692008408
7.200605684426665,64.94885456612137
4.711245216728384,65.63118424233868
6.829157245584899,69.13506540125404
7.213541375302061,66.8300553333874
11.726315702352787,59.76121697989859
14.310116389246648,60.95752334442915
8.563120951852756,60.03326319720141
11.280152612874483,65.79927503092158
4.091740998475691,69.06550840149872
9.009510165824672,69.09196099274112
14.75292672934632,59.65535905962411
12.560460661608216,63.36546745454758
4.553589326737123,60.417692342743536
6.303498170552746,64.07450753735468
7.67467463325997,64.89928204129689
8.391416992794397,59.28869104815086
11.073676169916885,64.26755967155289
6.488254667355217,70.40322958722965
11.059365911052979,59.079824751521826
6.490447060207653,58.13012852231196
3.888068190054123,62.86038949635841
7.816869464020193,59.21366328189809
7.97469174399723,57.52129360434618
6.036745127021177,58.08091981001069
7.080232251094548,56.7395840978769
8.954875320941333,60.12018319350326
2.398498070162532,63.08137534193008
5.475348300545388,58.27471050437781
11.327776078730508,56.843403233728246
7.093455172053039,62.14707669657483
9.225414907949487,61.98901229139843
11.412609974752948,59.99888949640988
6.643940187565267,55.53793964274703
14.378336455338388,69.06874815139903
14.001055760349074,65.97755646740868
9.096856243402586,68.6945299056301
6.946646273629664,64.90764598765641
11.730705818093917,67.366880196652
5.732802378826765,59.815039193524925
7.441782807152945,64.83709043691077
14.565569049519446,65.89340827636956
9.949644866931436,65.71649791759143
10.022795818245223,62.42217717783833
16.281013908895524,65.48101670767451
10.849450182174971,61.08578003742312
7.565265101557107,65.9156858356316
9.54572898319975,63.36961343072799
8.085189870846124,65.09991104862578
2.04732701394248,69.06696440050516
7.173322511498384,65.15583643005411
11.24837382559231,64.22408629484492
12.580269382877468,64.39378691984807
15.885293706304079,61.97080068401088
10.071111475777146,59.36316431961865
1.0726156534864195,66.82471940045983
5.789437346371281,71.52703250490435
12.738837926931518,63.22120635083788
2.9499464626335596,58.05281438220824
10.09862236694504,72.00943155308634
7.629377347276739,64.80411028068661
11.83845392008031,64.5522009540369
5.053169830999208,59.71900508884403
7.000993816194905,62.65313235033744
6.257773129490703,69.52621556670877
6.894321584631674,59.78103694220435
3.7075296092734815,61.62801601036164
9.4309460883183,58.68694770438958
6.882769179645768,63.850676759136434
16.89438953091201,64.6792500972685
8.877826017035124,66.08659956344914
4.680539114750798,62.44791349613833
9.122225886549877,59.97177692729699
6.567047557695497,57.62989751021857
10.244410475526188,62.1736955952189
13.280435329481584,59.37975186185546
-0.8700378254441645,55.43950258370404
4.063544652202908,72.7802210851584
11.60393163123166,74.61411629678699
0.10589396926985728,61.45551642969339
9.974234570619316,66.63060854511802
10.634910564075994,65.03801891710658
14.454384887995499,65.85765918961464
8.288871400846704,60.410396919116785
9.464223664502633,60.63829623056087
8.381835405072815,67.28138904855909
8.99018301534316,66.96885027770594
11.593986460273046,62.64294761828283
10.722006344831017,60.87264529747587
9.502069468932515,64.88192651355232
6.465676064211209,62.98221111506072
9.16503926090544,70.21390444837994
11.680704313762758,62.60976781086976
11.738094398054676,65.93172328923832
9.369108514160557,67.38059494403485
10.936319743920006,64.48356177184789
9.280271837852219,56.45789330394313
12.388250955694428,59.421611269011
6.354839360989147,59.2867545817637
10.018232963271021,62.012998392810445
9.215054629691235,57.70784204419614
7.513285008650891,70.31395462965466
4.306816223693477,60.545335706859106
5.84327220609598,59.21474473086618
18.025889969122844,64.72698905184967
11.761368511022718,55.072071039965905
12.72564849464042,64.29685458867527
3.3542509208924107,59.26945341827843
13.346490066848993,59.49165483320659
8.816551667851625,62.204052619098924
7.915669955189946,62.90566314850615
5.067182418278469,69.05605068632065
13.684839335361197,56.71563115762622
11.121685212363445,64.30034084469065
10.458761013353357,63.92319938430474
8.771720690515563,67.51033721734511
11.92629823728927,63.62460650737193
11.762758176052799,58.941637893940324
10.228907295664534,62.643926574175424
12.475277156801543,61.37202444007909
9.396866051363368,64.29787088183186
6.984229230871993,67.01052554487407
11.991488326447158,65.90561871525925
0.29189010663196235,66.96981621353511
9.09429148737621,65.72889891080682
9.746233443075912,59.372899088445386
12.450740190075594,66.5876233928661
11.38423416749665,52.78699012007711
8.778645586222872,64.73287140631966
10.488022763722904,67.08386551385682
1.6288929644978225,62.4149657389808
5.679784654740028,60.97106039851796
12.440006376627489,57.673806480689116
6.339609373829679,68.19677874023118
7.499745638791101,65.23070328379146
8.22411933589888,61.93719288042178
2.7745107093136347,68.00037539309524
11.170255919039255,61.282507338229365
10.231767473088357,65.58408708133184
12.8302775285056,62.68226267642677
15.32799807715841,64.84944766562637
5.976352495745987,61.62280295049333
3.6247024860513477,62.14784368493726
13.431753696609773,64.23797742028707
9.019164158782177,60.0656758905807
11.558355199850563,62.97256994758382
1.3008407195111307,63.2443619138753
9.856393123700872,64.17453009588775
9.418948049027088,67.0632487630576
9.549162327961591,66.86505373504403
10.821349603255882,64.00463108846532
14.853628296804182,62.36102242783861
7.392896948003424,65.14587879526319
8.814667388288965,52.73916255477514
9.281957453240455,64.56658989490623
8.65289404383393,67.49454952338776
10.331802801634748,60.83727274857242
0.023493710202426854,67.94907119905712
16.428381176106363,67.51687651089253
6.745125074530056,59.2275286470589
10.780881332039472,62.63404291377276
4.391699248789217,66.71906816409465
6.639547418835877,61.829563603313
5.08990896947007,59.27475148331918
10.841729818854795,71.38685919444434
4.143776840130964,63.434062930697024
18.61057606717911,69.47761146159671
10.52133988467949,62.576971388516036
13.669622465868116,67.03026873520855
11.583827029043476,66.85601460019211
9.341220342045423,64.93284052984976
7.656639870719017,66.0578185527809
5.564526782074864,63.71428061726017
4.486997815145919,68.63315471564378
7.654796316298036,56.81561562843793
8.99487824258834,61.37285909912175
3.383283836301815,65.66914719777711
9.78802932791789,66.1779397149695
6.085362098456736,60.67839143807896
8.913891369460464,55.86564642939018
4.8755142815546435,65.4447248596945
7.533274830057108,59.333018690659955
0.6638715837803719,67.74981385487538
11.740888240694808,67.5489615018275
5.75280919122198,72.93229058359151
7.805126683795006,54.00367451117337
10.246936209486105,66.3598763116221
8.973157144022084,63.231038332998246
13.304804100788296,58.16618897453849
6.781171187902693,53.995608349732024
8.514186391395658,59.73366276110584
9.906564677580615,68.23587895220521
4.8792435643491165,61.59678071108714
9.984999384884178,62.57744843425994
4.446734544057674,71.85668066641064
13.640537608003267,64.9003333628706
6.705459137814829,67.1670974037741
5.845375824316683,66.97960886314507
13.105575609981626,59.82849097615581
2.042881555835498,60.93536048012937
5.806740656314961,59.39827255143905
6.8943068724960455,63.30126355179181
9.206510319164423,68.32001606782872
9.623943170311659,64.35951675291047
17.166231437868937,62.07121268680866
12.081833442257523,62.90018502930884
8.668013506435377,59.704804151653974
8.000769739468751,58.59059069777623
10.319237683916691,58.011979314750526
5.52686779277237,58.45506112458676
1.1067604911004887,62.57346845774885
3.1959900901148544,67.11093243066404
0.40439758545437776,67.6148868591509
7.536188283586304,70.25127605187176
11.779869476738591,62.760443440375674
6.069638756919845,64.56949977570996
9.284252963354323,65.64495140138546
2.2428827820004784,67.03528533540782
6.546913887912461,59.53756213840525
6.257610099255224,66.97682743675075
14.957882485341937,66.99992008770325
13.6634584218178,63.00966009602732
15.384236026007667,70.13800762545543
6.684315341573288,67.72775850809654
9.0377357293778,63.48062013686912
15.093066987570136,56.90725822778316
12.063526177839126,68.19261296687839
12.963505306077646,59.49898165813539
4.146184141105453,62.038437281906745
6.934993932821203,62.705058283818474
13.149616653619844,61.31938320392935
5.926280947644176,64.14510981492244
5.161179084808452,62.97279922424751
11.277694926278876,73.27896350348381
16.795050404580003,65.86222505166717
9.23327135965766,66.09602149574422
10.408219595947251,59.77287703971331
12.048569288795957,60.27810826450874
12.594275232222763,63.207068449205146
4.484005598429917,69.87214336298226
6.808026311067364,62.02649611566711
6.5904528727974325,61.890426223371534
10.00943174782406,65.11156645299292
5.712068818646539,66.41050804855564
10.717513104388814,67.22775787126793
5.983989780289413,61.14036682540881
1.9867308066857925,58.84034926368069
11.585583585769768,58.660976314437015
15.573205485643161,66.5734914167367
6.426561822999863,70.03327035103355
2.8539604759512107,65.28093308626238
12.881525256337179,62.24687241606572
10.944496424472051,64.15840618425415
16.051527322481682,62.32360543963739
4.379966529429499,65.17899860546129
11.264534021902257,60.325074455509466
11.715106605271117,60.78861548296492
6.996168505544566,61.67691103760241
8.491948190195057,63.160096660769575
5.386684758543648,60.32373116997195
8.67285952112563,65.69850552008278
11.221501763590062,54.92659664541637
2.1274777948215755,66.43383306380825
9.035274433510969,63.48223641485022
-1.6896243202546621,60.95146396182271
3.8300053947883796,62.143385456732126
4.8764458879753665,62.013589951446974
8.2506046389587,62.82367524809154
12.506365133248138,63.316120226649886
5.397958562988981,59.63338014850423
7.134499853252326,65.12409399623004
0.576518168750976,62.565591390625414
9.37894893261187,58.0048201607039
11.47811712953881,67.9491082364592
6.3003498208664075,69.47463872338666
12.02002230151136,65.60496681780826
7.373285597266678,61.216144795270814
3.957018186670564,65.50582683144472
6.613127763936727,61.6859480256987
5.700869857796754,67.8002105368039
0.7790892513394425,62.79498386767489
10.127026960435142,61.182075306450606
5.703418976052845,63.96074836015779
10.87838383637831,66.4580373625034
6.979160889464634,56.56997548981497
5.66506314488609,67.80096785506898
9.647828553197085,58.74388759603257
4.995743618553272,67.68967478891909
11.455589260114374,58.150115110031635
4.533160583451587,64.21028141663474
19.37919745875896,65.08920754817716
11.409903094864015,61.86351090291049
6.049041523959217,65.25127705473892
12.723891334906003,61.561580729397804
7.725279042289574,58.80795257194932
7.24368867979269,65.6717595173863
7.362630904474579,68.41127203089847
15.691949231649645,61.243347719672755
6.043903654702758,65.11084461300197
5.938636851172129,60.889327880420105
4.504211455632753,67.92819908295206
12.464146300724794,63.74065706286556
10.221295194632056,61.06356270075041
7.862519040526216,62.01001288906079
12.897209783195596,58.639534998580146
11.968893603592965,68.63945310644002
5.446568892449205,67.25712762217253
4.453387384520246,68.25559328896964
9.10078600106439,64.50167508334657
2.730361037658496,57.100641557130714
9.505470598054798,59.85927050158835
12.351376891798107,67.51116485852188
13.5768811424648,61.276472503317464
22.838261406224092,68.36167356931051
9.710720839616842,60.514022292986105
14.101840540154104,59.72106111069381
4.98262505388994,67.43858018881815
8.852596968848882,64.23763137593905
10.954215192723975,68.64928930613254
5.817818141345368,60.51954446987315
5.992163243189717,62.20356921555232
5.850442351137352,62.56969468423782
10.722231397793081,64.01060362958837
6.043752039962809,59.81469499728407
13.360060308868233,60.995792827634496
11.092621231264204,58.414865565587455
3.0430146753436427,61.15993403824324
9.14621819223907,65.59174996827856
10.624592865351255,66.82378794282951
9.813301240275084,67.05690844153779
9.699092321469413,64.44989794114687
5.829929571575901,61.855372613716824
8.289532149217957,69.43515953631518
13.048578821034678,57.675016772105714
19.220723747159823,63.89597496108862
11.880150226236529,65.13091715380817
10.32216284266219,62.453876984551414
5.379167570523341,63.551722795536755
11.305393999747098,61.39981306898972
13.552015908308197,62.40881652663878
9.054443463973278,62.97623772407874
11.476060528650208,68.06624141203702
8.889653606530619,63.03271697675644
11.984011356931683,64.15969572226507
15.619926936690323,65.8040550946588
12.263055420432515,64.61935538854075
4.930554247188186,57.62666110839145
9.817167974066457,62.666308200692654
6.58200337118533,67.696469293949
13.083589130503118,64.56976226540537
10.511795212730307,63.54858697262882
11.138761298541315,67.34788806194372
15.944001502920068,68.1725056226158
4.448335866497019,65.25828202688135
16.528944587384284,66.48713164012332
7.335147981935951,66.5388935534321
14.046810031737959,62.23687604829942
13.76102274536182,62.432468171199844
7.699087591673303,61.99302596559452
12.032644632271609,64.27168579904031
8.74628283003078,61.10182459297545
8.446556242254083,61.04602079060273
6.361183087098768,72.85672500794968
7.866120284499693,62.993655589680664
12.553353084052269,58.10858062721435
8.836743023141592,65.53358010798539
7.660071265307839,60.84088368974967
10.812709638045275,64.17514328042523
12.977229073205436,56.94950142010284
14.014271805387214,64.07257555751453
11.391686663024725,57.9117963694905
12.985672044241454,61.95883404268135
4.6015520009388124,64.00329264111393
8.911572465360475,64.41796543052688
12.30692905748867,68.5848448324774
8.051901152910633,67.15063625614744
5.703522779098927,59.70664929222089
9.643103406915756,61.335438661234264
8.632722954320956,71.34577781280794
4.579897374931399,61.884043065410225
10.371051249588305,65.76071832089188
8.855117378972224,62.099346792378185
5.784145958302301,65.21131004923805
5.4356748729763105,67.91196246956514
14.153686030005176,62.448735475977784
3.4772854262482307,63.38226400036808
10.52980151182317,69.3559691346251
11.09876661922994,63.87050323197483
12.168487428811998,62.30689484211816
9.011775462313725,60.07619097820304
10.753835054419502,58.48137386471279
14.832976073339855,59.00465325685501
9.271610394473464,62.620673317775626
10.721360163960098,58.30300801002997
7.146798177035159,57.23238024172974
10.601414539287497,65.25975561477742
6.046920022135232,64.17455197830252
7.24660530609872,71.59729357590642
5.941243976563605,62.877319954269474
10.614492294393113,60.376430717455875
12.647606103836848,64.33195807870823
13.58441104160001,64.81071030255586
12.249513721476893,62.29770256005254
5.180609343790495,56.8961872393327
4.924143926419817,58.19461295528877
11.705339703925096,60.315366093250574
8.085286159197432,62.85617626551467
4.310562214461264,64.94996011924115
10.852647506362644,62.524042466862284
8.33259106546053,60.48543899317902
15.779411195541474,60.71747956045036
7.4583580591598775,64.74688318735032
8.093508986485565,60.235049973706154
4.907363357436562,59.618541859418315
10.75477869691894,64.67476500318188
11.203472170731558,58.08106037881271
12.425480885005566,68.4701144810886
16.001225896878104,65.37989370312884
1.8931079369561603,61.54836822285594
11.431072603245083,68.98395340685349
8.618095330686875,67.80121599760847
10.49354242272012,56.59286578169254
3.708707398524038,67.28654361135368
8.979084185209647,65.86742754039936
6.722860302475309,63.402619097769204
4.660691709761233,61.569195782081394
10.378331336743392,65.53807504230889
9.540950751533801,64.80309869434804
9.923468967285567,71.52700181457973
3.5802272891051965,61.50345659447634
9.98348322447747,57.20247557708673
9.69828010961024,58.51517285701601
9.903637955436169,63.87302749490926
5.726187428591601,63.023325103220024
4.923646932536041,62.20390582257463
13.959820516743084,71.15767154582032
12.314026089231742,63.24760868681984
11.537151225005278,59.82947405010511
6.136215704945648,60.28856611929182
2.9400961080828525,61.61564551110221
9.023084554646887,69.60714408169606
4.744268836431089,61.442356598763
7.067452725649447,67.18261841729418
-0.7006379747937341,65.53038584703373
9.830977694874953,62.316589347768776
9.928742341385101,63.49191238530451
11.316034604258792,67.71770701479919
13.944368728753677,64.22791961235808
5.909323810517618,65.33138110884839
7.197742694467404,69.85285660122696
13.44841320359196,67.0897326378181
11.836684022006605,61.0783601118372
6.731385263354113,56.84148471379709
12.224137842203422,58.25777123151054
12.281148879372733,62.8968409745522
10.749782258466976,58.81139279327794
11.120057643413366,65.55256696608899
8.467970392872745,66.27741853857303
3.5702138239673538,61.04186599645301
11.119327242938718,62.082991158747795
2.3877799335073435,65.8078487421908
13.355683807894565,62.47630173310819
11.476003975557138,66.7812999794591
10.803488294940461,59.063480662176296
8.473876814510088,66.21433090486309
11.076819769032623,60.31868305684306
7.819644075567217,64.97802932917311
6.374072391504553,63.252855316065094
3.9092648966751433,65.92578935444949
9.663675374314902,58.60924665475129
7.761859280364727,63.11823854813559
5.562588995780953,62.93837500309028
9.436741699850966,58.22647107016182
11.125821905787257,64.39884904320107
11.1237612641164,58.79808137849719
12.076627332120522,69.01880935303559
6.360168888559826,58.80543190553397
2.4788706120779977,62.80490004082897
3.3618558950649327,66.16798314125835
9.897015310143363,62.945453977047265
5.4187940155327095,66.91810110365236
4.646138363769051,66.33903428749623
8.795626061338321,58.14432617600907
10.805447049027709,69.07913892275465
5.01928470312026,63.3989496903596
8.03871915398946,70.50845631360629
9.190776441963097,67.82026415680056
6.940766841715796,57.92048220021536
9.946854352458136,59.7728836071605
7.090877565914324,71.59350082218984
12.707149047874838,61.66621896453408
11.468183941860389,59.68302835477174
5.6651006043549526,60.807368484775566
9.082659438556654,65.31329093205359
9.284650745079139,64.69719563514903
8.264497398793978,66.67927214858908
4.692415265882665,68.61272391197973
11.174730253874445,63.83155494423087
5.497880513570683,63.2351700252524
9.310042682630812,56.74455203368437
8.687424617613136,65.89710575533776
10.625978374019823,62.29573556283944
8.971958547781908,67.78686568686231
10.705718965164053,60.97889265890131
7.149063116004342,64.00997134611137
8.50776574071523,68.01494617307408
17.938736265096004,65.81985546644538
0.44888848969189254,63.87095875961088
6.363386766759019,63.178454676943275
16.729102099902352,58.98746887913477
5.144392852330876,69.28819350773097
7.536441720968887,55.85594716701384
7.697810278058446,61.50200197045881
4.862616703474576,60.90315082784138
7.86152610475687,60.20507837974338
6.151970124465386,58.12852775505893
11.42103376188921,67.307172224254
6.869256271785353,66.0570985448489
4.809205838177231,59.88973722619019
7.215276011041638,64.0092820006763
12.824268949600855,62.80070687396157
7.1409131914646435,60.74779791104908
7.283611203876496,65.35682827922794
11.663181041148697,63.487331740949784
5.155862438132226,59.42254601006565
5.764111436118792,62.91416932221561
13.964180984135641,72.05943866448744
5.8860001555756485,65.03830540663986
12.287382047201888,59.751236647786435
9.159645851558423,61.99623707954014
11.127849876886728,61.12688683868131
6.855731075647142,61.009546158466534
1.6597993147668122,61.52468738409488
10.64421291607296,63.05966654021024
15.358497338701142,68.85372046823261
12.204456826215043,70.27982451350253
7.454060631564925,64.68901020400716
15.178819614874204,64.38040548395377
7.309323549065614,65.02707121167157
11.863849571115738,67.13347265570546
10.472807348792207,64.07258505818162
-0.5663062637267746,58.29630954735067
16.268228847295003,64.59038992615059
13.749837845412298,62.44051821501351
9.66491455947479,58.53163701522423
3.642340529882927,61.75248727461507
14.77709003923773,62.51021212100698
10.992864636074426,64.45630263641499
8.83128014898262,60.46001753063471
12.107564440960559,63.417901518572705
12.429449249215303,67.53657991441851
13.612468683428057,63.05594461541058
2.727713564266166,61.8238562085085
2.232590973931427,62.28638301247244
6.047107957092992,60.83184709146971
2.3104391216688303,61.756970663438146
10.898790950731616,59.45200218289523
9.202593987507413,60.536503294617496
11.015780603751972,65.03373068201292
11.358373266082497,67.86382640281506
3.17435595642125,64.6523568881449
14.0236769717215,56.816045220483694
13.644542923218296,66.94899793478186
13.244650568742482,55.93147661423256
22.998184540069836,63.44846978797548
7.087212347622757,69.43043735361829
4.411037081517701,61.38182521804885
12.60089148401546,68.83477583966375
19.270500927387193,64.2050334652577
11.366027840273407,59.21557628274249
12.308354334027316,65.03003232056304
16.128230498569028,60.78220524098837
2.3543396025512777,60.152141647659846
10.442145078402717,65.16302226201762
13.021476671444226,67.11417301828246
12.081750094197583,68.28886755476209
3.0377771835079583,62.25777382447324
10.435899364929728,67.47764748724273
13.74333561999332,65.65698200964535
7.832495323564214,66.1666331847355
5.11228804937407,60.939774723355754
7.041282214956784,63.570558249197354
16.361249016921917,66.83828157628986
11.790495029294693,63.076223084941034
10.98929658545895,63.285391889103664
14.825015362615716,65.21461956661413
7.145090646582679,67.43230910295253
10.051080200651334,64.21505118387832
10.235012929900027,59.70840452349822
13.599036606877196,56.5977262164047
8.518569354666566,59.38239642728811
10.316832703686362,60.113689351894955
6.573939407824813,63.6503672922632
12.634580523865793,69.36897911498498
2.2326577881291954,64.24602426071853
19.097249937006964,64.14606508706073
11.76371065829293,64.14221995924727
7.790478228519146,66.86834331764716
4.250374958279968,65.42354213757201
9.980244800926311,63.75532892070602
5.839311623035293,57.739170674165685
6.185036206907492,61.337395036934964
12.234263833077117,62.344136790246324
8.40712841271365,61.94456328499779
3.32183608331725,62.407787759268714
4.135311602829398,66.21683962940874
4.305906934234588,70.79299982136097
13.037902717706224,64.01392793043605
5.548409351414152,59.92875441243793
13.885621850865771,68.4288321058757
2.8962517168657813,56.71408160569642
4.0217535237146445,57.37560507528837
7.083944598183071,67.23120013832684
10.61289843931641,65.65180809943348
3.9934410504849502,61.49767906500123
7.420022603526227,63.7284112088918
3.9319124841979116,64.59170497082502
6.757900065133489,66.45951422621535
13.192735309294044,58.13377869794091
5.9790012215721,63.09746712525129
4.644389430465738,62.59724759253731
4.41083064823579,68.13496303427459
6.693837982429246,65.14891006578824
-2.249779686681018,65.33799030248277
3.192629133648725,59.77168014210386
11.418501599589057,68.52575671007448
11.924136800613894,62.498363712546904
14.210310996208152,61.04727260753446
9.190689827153953,63.852308338269665
11.263287559044752,58.128269836437084
9.474861013593138,60.04437102204346
8.131920487361295,61.0707657896083
9.224710847336315,61.84362102373492
8.26413694783892,63.779951664081764
9.59280068903956,62.549164296032565
7.846665050567037,66.80031681963922
14.595262237583913,59.19483642426275
4.5014562169878305,61.50508042040377
11.93247345272166,62.40711343005893
10.241715631231344,61.53539272087469
4.593268547172787,64.23215604580375
14.875738208985581,58.27908382089293
10.206567326939238,60.78909610576411
3.9326570062141917,62.64393321753468
6.158322124379437,63.880937707887774
8.06884224692596,60.94202751178789
2.6066079519376135,67.5952793115457
7.461059510036449,63.29458106132664
7.563369450361671,60.81558305514507
14.762757078952998,66.2328542563085
12.437317795151657,61.29088095459669
6.748015446928681,56.71091936408939
7.461645787952154,66.40991252276845
6.971099195420796,60.155528782028576
13.018894271801447,63.887114239575254
6.762772793135567,59.021089513195754
10.384318530630992,60.2724943304357
9.379680456007872,61.600903516843665
6.170632898217974,56.478292616517926
9.33242271898229,61.894229977448944
1.024905316925902,63.1794045555806
3.8112692180273005,65.239988116185
8.974822509593983,65.22831638266314
13.800867159007588,62.643173545293685
11.746355491573974,61.69538055459212
8.89846183609163,61.69777523179893
17.346784870009277,60.755849110291756
5.841017370571241,60.39585576580785
6.452339799332131,65.61720087634531
9.913712181473892,68.80955692415392
13.037623893783262,64.6334361782863
15.553834551798333,58.92412499308601
10.724530213726226,63.351898923362256
7.354030737659299,66.49244713051903
1.9867693622540115,65.76090727446143
9.317586131984092,59.895198229231646
8.268237605806808,66.21728617840897
2.9667283037584236,66.3881008669279
9.365746415297677,62.393501058276215
10.41857918832873,63.50650008266058
3.751996748179014,54.26953770485146
7.338926753468053,62.03652291324647
8.808200970065883,65.16328659670019
13.814669656112798,68.68272978799779
11.117935370643572,70.37873349371449
9.902804557643211,57.264840725193444
9.886740951851595,63.744738767026284
14.787762666371064,68.55520718262513
18.333711879631736,67.09053103561729
11.47225805889114,61.1270770057244
3.2959927454748836,69.29973888686763
12.926640595814792,62.92164712824649
9.188834189327855,68.17381599330716
10.448628729258962,62.94078906670464
2.609752593208957,63.84446443920267
9.26784242876411,63.100447135223945
5.665493437409404,66.88430804472183
8.859675200633063,65.68033960108528
11.598800593431543,61.99310911539856
13.356937416259932,64.39914027380614
5.612320278984322,62.8764868459588
7.989411335719334,63.602418063397636
6.392860009576914,61.56577069300863
9.820960640377747,64.35931794079946
12.250227467944384,60.831315449605036
1.4405863412622697,65.9494787846585
14.405247322030172,58.63855364023371
7.196702561562664,65.71744203613179
6.73965422384091,60.64759144576466
11.732122809924226,61.72409176217681
8.198092215126355,59.899712662617794
11.656309245061175,60.41406368085545
15.577383346567121,65.21571050430106
13.55680538395831,60.92230298418872
13.652842569103894,57.4903049109967
10.042299284480885,55.45900320219608
6.858826073436187,65.91523323086406
11.435520849016132,67.49743382834716
9.628347635310693,65.82675819255611
11.46033379622023,63.04776281279137
11.122661701916687,63.6475548192958
8.366718562859578,62.15996022112597
4.057793993213695,63.41645139160781
3.54247993059595,63.292175848099724
14.83329860933193,60.71690949079951
8.474757907846595,61.01297014111381
8.092639623250104,68.27644474795335
10.125278002790198,56.342432099473925
14.19581585043369,65.54669488981345
13.576559539183943,62.684839166348794
8.371465876075582,65.79530058862046
4.262249517949292,65.7131564797123
1.8356093157972184,67.47684476217067
12.208510652815619,61.07139525331646
3.852744485538083,69.2581413954214
11.235416727559572,55.74509401557324
8.608620528163907,61.270550355275994
8.108475851553765,63.16033135507549
10.256000117126433,67.38427800951257
5.839964515665605,63.10100796932686
10.096598770356309,68.19937489469815
10.557940601959457,66.10071387196311
6.089879300130981,64.93650357728076
10.370173335964893,61.34636398064081
8.542825751161084,59.191317619717644
10.59438225145664,61.71920521410253
8.676862590099327,66.03336429307785
8.420719013238234,63.55929183715612
6.1229089745312795,67.73337714290001
15.684606867770505,70.54339961231028
4.0146853318219495,70.16933624417752
8.42034687372147,63.33179685546092
10.182780744501875,58.28517414117652
15.729025889091002,63.69866067639525
9.61868263482717,63.9874572428109
7.123360137259136,60.19177310273896
10.949294066120816,70.21561144629725
9.385905749786009,59.2794772698356
10.549972066560972,64.097403304708
7.242102470494157,69.82038712567059
9.806518170897302,54.50317246833357
12.68503654221178,67.635177082518
10.616765309479465,57.16745274734081
11.624912789750326,65.73082591308686
7.302519654808497,63.2050393167862
7.032112338140105,64.46225431455603
8.210927093996835,67.90682097034626
11.981185322495914,63.17644932042985
11.451313281296498,64.27306795951738
3.186628962291061,58.70363248072352
0.9516841775291374,63.313614577572444
15.775748751540725,63.374410631669996
8.019998506993057,64.04894296966832
3.3161878544632346,73.37961168279266
2.252722183510861,60.21466008295848
7.724530943929379,64.83853376840352
6.669449233946347,62.25990508252036
15.905551715970198,63.05016459872856
4.366179866127309,61.92619997121224
13.240378510972421,60.00259202934764
4.392489740781806,51.02977099457607
9.320543744733447,63.04301965096503
11.901938736209319,61.69463092751705
6.295023464057175,64.388003120352
4.810624718958246,65.86228546418279
9.371690748702543,65.16536108288015
13.297604981815734,63.52136348909427
11.02663167922279,60.06389374020457
12.218953893886766,62.63689353596534
11.053870958222138,63.81254728352776
6.078499204788959,61.44816666345909
11.323138882308406,61.150173060307566
11.740530288445948,66.55544289214782
8.644513198574485,60.11589385755734
3.372602942584857,63.81385914576945
8.249934061616827,68.42297323958216
10.378754032370322,59.20171735590558
11.912922583193424,66.33702118131866
11.732906657906252,65.00502969869008
1.1939636799029767,60.48985628125578
7.208217921684521,67.12886456639337
5.967315210369108,63.23499181818074
11.96591899635973,63.631010125488416
10.791126828058967,60.41110503991926
5.579782294761436,61.30078566567953
4.594087810504535,55.999273421900114
5.453132962661249,57.49958640078203
4.5605104268300085,63.85505329483192
9.711805599385873,65.93768390567237
4.020142821736191,65.49399641003184
11.255023450509679,63.4295541380808
11.071088744375452,64.86417060225028
13.683984833821519,58.49995841678848
6.464824280683121,67.35506930423878
11.893343865036524,56.397794565718705
6.48693013628672,62.14316177750035
8.655665711850311,64.12660468656195
10.118492564686992,63.683383722076194
7.89961086197964,64.95760892598702
8.27762475945676,68.89797086031231
8.08499603160216,60.87588734909497
6.238098741020593,65.51834866374084
16.58536542845522,63.65472406689704
14.458777450806853,69.16802414620787
4.639849106756417,61.96296913382784
16.772032618674636,71.23554412470347
11.26068855239391,61.89262686447419
6.678050123154749,64.95966805525316
52.339102656896046,-2.481998798954189
34.73977162663288,-4.523193014401627
45.51921894975695,-9.670153913021002
48.469257536179704,-6.079606384271319
56.91498528186007,5.375817537067881
36.01780886879037,0.26792253921635556
39.64391128662955,-8.556062825213253
41.022305193104366,-1.7889078408711931
37.71632223059089,-6.287073912130063
43.91019591390203,-11.886084674080067
38.98819621736828,-2.240787808213047
44.189543643652605,-1.3705156641829435
49.29946451737973,-1.3138305812894684
54.023864595421294,-0.9301322971506778
51.99488956158943,-4.178990786713521
52.052426364487765,-4.38731352620861
44.35125953814191,-2.726781753327632
45.95556464117801,-3.285940481141977
42.13761091064674,-1.8590747163379442
48.90501632028549,-9.326697392405926
48.38403003038447,-6.413329945793502
47.10928601175326,8.585479444429696
54.278212108086834,-6.3857271164329745
48.81747514968712,-5.467460036768209
50.681618942163325,-13.598712813877103
42.5641619832651,-2.777690010523791
55.87065684130046,-11.16931266718317
47.58464458860938,-10.458045626689238
50.801782701335924,-8.223273324203015
49.18707487621284,-7.892834334850582
51.38385729114871,-4.8310159547452685
45.73487411074063,-5.741352569378709
44.98180177320473,-10.08709645510335
46.47669752169713,-1.730785669915818
45.32332400424217,-9.767244484283342
39.53817719137209,-10.095125912794973
46.7317360125435,-11.18354843087859
39.22398779704973,-2.840769044499793
50.25998016650483,-2.3798168922136913
45.9347039420979,-11.389982017617964
51.86801994638538,3.490015682701591
48.23781938004255,-5.001167117043633
46.30467918961562,-8.5140289898446
45.611715244986314,-4.589963888897839
47.81203954422394,-0.4042092052532871
55.192730560718886,-7.2907359891970644
41.53624185915323,-10.201258600442218
37.14061642128636,-2.9374861834645944
42.524534454348945,-5.755634892135918
53.05907357080114,-6.452094962262452
45.76573181087003,-9.033670283047593
40.964233742683014,-3.4259077871800643
53.996095892214726,-14.330911505555619
43.858840835396244,-5.112379909218084
48.661091523486625,-4.350796028976699
41.17375455116536,-6.088228386455109
52.281663739631504,-10.328536539955582
48.09882926320415,-12.917149125481046
44.403845129348284,-11.977423122444225
45.24177850173787,-7.960560076547813
52.85324597834958,-5.508823280520387
48.515394697607384,-2.5261018949052163
48.196429464605785,-9.861165085568441
45.32614777278578,-4.0765899528872325
50.432753577638884,-7.174907453758635
51.777054601632386,-1.9567747357922762
43.819167755735805,-10.529132456319154
43.37504510543354,-3.771124210999941
45.45181855173245,-8.192542403023383
48.03632099468464,-2.9589826269534782
48.06941107578176,-8.09804629853442
44.090946916401066,-11.174342047397587
45.85567599064083,-2.767942637663246
52.736520471014515,-4.958369471080854
56.50307966973253,0.8106339696118425
45.699865676690095,-7.197204659666911
49.684870225132585,-8.042962311431433
48.079021474953585,-10.461400473168524
51.83444396266524,-5.681364085824859
44.422221864182944,1.7456114948811123
48.39992218110325,-7.243797968711457
49.42819660927934,-10.2596943060034
45.903974873926835,-18.409331603964834
37.6612007704172,-2.820188034544572
52.42061249087635,-7.570940823537566
47.468267874928124,-10.116007679312151
47.32818468808353,-10.224346950845609
47.19139487927357,-4.8346605652450165
39.57371471171463,-4.499640297595201
49.868443144569966,-8.409482512932295
45.462585314981474,-2.7567535887313364
45.548413528806755,-1.7963279846116968
48.66770509931241,-2.9162565630448114
41.083891330251674,-2.184402700549658
45.33644527570594,-9.736559563913268
47.95521540629816,-5.476497713915019
37.47905394897877,-4.979550875986879
50.4328160318265,-9.94103735566523
40.839862249533155,-8.444642865546221
54.26059422572935,-10.74608871958176
45.69968303303944,-4.63002468507218
53.542866860663935,-10.204310398089632
48.54148240231243,-1.7048453776856283
43.48259006144613,-2.032559124754278
49.93693771399252,-4.6708030239092775
49.35252333651046,-4.788454157558775
44.928186673899404,-7.149655546714427
42.281650074692884,-1.3899574985645833
52.623060820153235,-6.132372586307634
50.227371700988314,-11.508474736267402
49.50783573729253,-6.565176351972598
43.66920436946543,-2.625811711693374
44.89579019941963,-1.649507483653558
48.55502833614805,-5.392757290826316
46.47217299257487,-9.046616367883225
44.73292157444061,-11.46036716432464
40.96100556539914,-7.485082602949339
50.5749016663327,-4.149822295630274
42.06569634420429,-12.132923249475922
47.78123877380645,-1.1988602010730114
48.65622694724741,-2.448245279145304
44.49863240486983,-1.24587259589158
43.55631507910926,-5.3048407806699425
42.148689783484635,-10.937282356607298
46.61340517043701,-12.692739114307741
47.30072142432288,-8.095731650926185
46.948384984093934,-1.9571261384877285
50.83969078780743,-6.564638688340787
44.635350686254924,-6.900901032788922
41.3223234460505,-5.569085721725601
47.2629502823736,-4.907845842267748
45.63410224416155,-5.0518853189275585
52.52797994155748,-9.009572652452995
44.971578818886066,-6.724694205703731
47.196284868178395,-9.923561613897
48.83130796836764,-1.5094089290924506
47.02627938016952,-13.261187028021848
44.45026808924869,-7.197336108879696
39.51064120494726,-10.214111342967943
44.26930297408501,-2.7100863861153983
54.854482118314024,-4.1936704166886924
42.85430228346527,-1.0464204171328966
50.54728390629012,0.7528177309148507
43.19843094112477,-5.887359857144048
48.13364798841446,-6.652350910364857
41.21732544716295,-10.016428534145644
47.157358797951524,-6.477629120597756
45.60833132744892,-11.873547575198398
52.11876254251998,-7.380269952927687
46.655009649177074,-11.498288512495435
45.177049218047735,-8.731682535028327
52.88288638970658,-14.100367154691472
50.33536986256091,-1.9434412260481055
55.62671722871778,-4.503512852388934
42.57017220086301,-2.5089563234802426
48.153543342225376,-3.7522965913812847
41.408080141613816,-5.581962743528182
37.71797024428632,5.16869869890083
52.124920867997524,-10.79723960851698
47.61852271137866,-12.441767307989906
50.12586384466807,-1.087146003844099
46.37305960941356,-16.277896997590858
50.44887399273414,4.4853958212517355
47.212216320108595,-11.577311367854545
46.13962084474305,-7.623830792778042
46.86553685277379,-11.185454346083763
41.15160136226954,-7.004006061248021
41.29973207720533,2.9463440761029833
45.34600350413727,-10.280500122100456
46.20696274534385,-7.020927176464925
46.24277768638552,-6.971730168223946
40.49946784379632,-5.419805493805074
44.58187174581684,-6.701796256421857
44.60078103136432,-0.1433133303808649
40.25798836384464,-3.002809856409995
40.76504096367019,-3.0158619697390523
51.118470531419796,-7.53632840095221
43.61569357248707,-8.39502676299039
41.98055338710926,-4.46360485613622
47.773498442344156,-11.827429756860479
43.9977702209967,-7.810753761106401
42.856696997492584,-8.836334169263175
42.79221023881755,-7.180711546276644
46.75774652224318,0.1550732785582003
42.433734661197846,-1.0456083389179778
49.50603515946153,-0.06739154560941252
46.772340074996386,-7.766230730234886
45.28411132798152,2.8790775520262866
45.582859135388205,-3.6725469195712233
46.786009173056115,-6.768186554200733
46.11790849587665,1.895985611597121
45.42332057130928,-11.168555645613829
48.458576862817,-4.335559629182561
39.84093304650543,-6.910620534982569
47.03636662329009,-10.973708513569793
46.41134064812307,-6.144314522639231
40.785599641295384,-5.095375629421754
47.86451403851649,-3.0452342512236497
45.16790946315171,-2.9525341798023983
43.619212918458935,-8.175068504307756
37.12693539160832,-3.1722636016558265
52.42201751737258,-15.268357405096992
44.9434445151779,-9.924381608765827
47.836371153057904,-11.569799954426355
45.21152611576747,3.9588501224642556
51.14789704837252,-2.5995426434580735
49.622299984737694,-7.611371608971334
42.92380107745971,-7.009259372605721
40.70871554001979,-11.686725008146631
50.935515276792195,-5.466867720521399
47.928177733922475,-11.853515014828334
54.63638514456645,-4.573458915152995
41.64291282174039,-1.9154016168540506
54.76464101641204,-8.964116873877318
43.97012534151091,-17.10284931117291
38.90021129116167,-8.535303855791584
43.5086943883645,-1.5465468218427594
48.526857495360595,-6.477645924379991
51.006872160611266,-7.378784144413012
44.539797234562556,-12.653825673418055
49.300620158586746,-10.160138254457026
56.43624081341298,-5.508365721048304
49.0417218145983,-6.68148161714932
49.63617299804085,-8.975452625963285
48.8311444532292,-0.9569521553689349
55.16739280488386,-0.49915127260305603
46.955689442284836,-2.0283226676340886
49.04818452615794,-4.335600553163063
48.872399844157215,-11.941138161957753
50.63595243272317,-0.5777052595482726
41.28165758117989,1.7089667599697158
49.09194514391749,-5.48550291171332
46.29525111682813,-5.107631007796092
39.894836217832406,-8.59704215120124
45.589392450880844,-1.150060813529671
46.24329319026502,-7.347895846592685
49.277542662947,-4.161677199492472
42.768271799255366,-2.8069698169211343
42.045848481552184,-4.870816936785476
47.81771128083439,-7.617811035238777
48.2108026415186,-7.916260509660329
44.389631642152835,-12.445133338461595
44.162052340831984,-6.6610557329860045
47.17437602045799,-13.356095077646556
40.862573441487335,-13.931072013069329
50.591795743913835,-5.0840579910445935
45.42406132488068,-5.447054891907249
43.918329894307405,-5.726848382569793
48.46736520563584,-2.816641237264045
44.338128202140716,-2.6381674198430436
46.71368377320066,-12.691237015054696
40.588054902654804,-9.225298511415426
45.92853371713807,-2.308167666992542
37.35632819098679,-2.809182174518168
55.42310115116132,-3.2884679977051987
50.48127344336829,-9.973004052624818
41.35102905768137,-11.540056030094396
47.4291309689918,-6.539405076167125
49.455330445776596,0.02987264887965768
42.06221923045464,-7.75274548745565
49.68561881075409,-3.819945480709608
50.40057934266822,-2.015171472373308
53.05833790992084,-7.6031993063161085
45.79725614398734,-8.455582657065444
50.052622629344484,-0.4395042813209713
56.46777927241885,-1.5824522994035126
47.51915706828909,-8.913216064113856
46.241661687860066,-10.559783306483379
40.92818280638914,-8.767786366140038
50.88228171894442,-0.521053332942941
46.58721515876818,-9.830421251172027
46.13313599711674,-8.604415743622619
40.21866944059457,-11.321064452604528
45.545096775705446,-3.392663681447423
47.789329799950686,-9.138389657566009
48.47298787527089,-3.4640544547298084
48.41927710293587,-5.037906899405582
47.542201337345965,-0.5884973821672439
42.38286452573909,-8.223473725051731
38.95518518680593,-14.340887431382402
41.275260812834986,-2.4751521034377193
49.175465173551046,-4.558187875075239
39.18476353421891,-11.95696699339701
49.95677472820307,-7.2730357680518
52.51170704258026,-3.9730580416960124
47.361777749553006,-9.756579424413871
42.4386992919538,-4.4406049415961135
38.422397172273115,-6.573410136952215
45.90009605694177,-12.797170975981015
50.36324025361351,-1.5308491589103355
45.969932974759004,-5.841404873216674
40.27834021935759,-6.289063727227508
45.839533323197855,2.015678024619719
35.851158930403855,-6.596479553998815
47.867439297498436,-10.90806354748936
53.44343403924704,-6.0523201836274
43.91657475815902,-9.84777023424938
40.188518895814504,-4.312883906384275
40.67699450459624,-9.179362075777526
49.4123421012158,-2.555221638408569
51.762243639051036,-8.727837329343853
48.48985291406225,-7.676448014883248
42.61062902779866,-12.044214342852383
49.21640348257463,-2.67244885910202
41.83130318262031,-3.092190303539499
46.099533054578,-5.287634263673235
47.6133541971234,-14.152089545861998
51.69875142189262,-8.191218834434395
53.32378456489434,-10.293741466223207
43.937538979620435,-7.358517171443399
54.67354157329626,-4.35834913914854
45.85112955213286,-10.049490597543356
48.55579184531838,-5.991093398370578
43.244767984334146,-13.005512527950533
56.21333344017207,-1.6734454803084793
47.26015548547216,1.0699113675044734
42.52925155908211,-6.501836889103785
43.18634961763896,-7.479287859013606
43.77392715138833,-5.402393041824125
48.63437172287399,-9.77039862418295
51.15365593061421,-10.13596070041053
40.02240528331888,-1.6123824897875965
51.24206651412934,-7.94600298098778
45.1130669980618,-6.536933750137464
44.700609835097296,-11.640759568411763
52.705030657850834,-9.794433964293024
48.56385546606514,-13.118834620296035
47.28665128290951,-8.261870603923947
40.8261431965299,-3.779586800676822
44.120886677519835,-1.0719834033805862
48.63663911120221,-10.389725602374877
39.262973532155925,-5.7614190016319276
48.280927252765146,2.075899820979245
49.392751072713665,-8.157697916327638
40.57617164856454,-5.118499357834553
46.31367099289972,-14.239168144948312
45.37660251451592,-5.217164330567323
45.69994439720093,-11.731320846325481
45.81613476643674,-6.819518867217804
45.672143723347816,-3.1422858974276475
49.93267647743321,-3.8676134595529024
44.10315803430846,-8.142308944261817
51.10803086795073,-16.172152089373988
46.14549035281344,-7.2961319553815
42.89979493785605,-5.556626899826475
45.473232972119376,-1.9826788552252577
42.474728157726766,-5.865137904067417
49.99587339547315,-13.569233464967933
43.77954445222418,-11.989792987663986
43.08767353600844,-6.0648200678479025
49.119365850981794,5.783325772145586
42.062099360972034,-11.24784480010857
46.468447913835895,3.134529206991054
44.838492816084795,-2.8518766708878265
46.89041823650633,-3.2620726414604815
47.23826096751881,-1.192062735003371
49.39314624500311,-8.034372587672312
43.92155373259332,-6.818626080639656
44.18792525431609,-11.488726365150452
53.277338901528196,-9.649956971722847
45.54954940700269,-1.2221556154731816
41.56260656241545,-3.767319025602343
44.03261468184504,-3.984542684731266
45.303063883755954,-11.560042395173067
41.62724740848737,-9.274969915957435
46.935968614886264,-5.988683223173635
53.33355637204317,-10.450907263302799
46.01119940100078,-9.661721336483435
48.81432756605058,-7.076167274924484
48.38106698891434,1.4311572286399512
53.12941600781365,-6.026880498233636
54.14236875154119,-16.064783796434547
52.611581213630856,-7.357753250969133
48.11060507383915,-9.821539420446122
56.97581080994213,-3.025636641322571
44.773211025911145,-11.431416624269357
47.182848742230654,-1.3546202929614344
34.35550772071708,-10.077376072888052
54.15692447426995,-10.66442890522399
46.028415626813356,-10.209787341058387
44.59772315880065,-2.347841695513007
49.057573309014984,-1.7058323827613222
40.145125889121395,-1.6400578681897473
38.18531377099422,-8.169427636451
42.80777097027052,-10.822051846948629
49.34734864579298,-7.097644403894764
46.13498224754006,-6.156920703645612
40.3504610718603,-9.804748466794022
43.54800388554661,-8.31987865425284
42.017381184394004,-7.095980048757935
41.53294492124458,-2.470911926961209
51.379831543891946,-2.0221548737180637
40.31125680346783,-0.45769212783346536
50.24926269122684,-11.468273580038058
45.283417744317966,-8.815017505316263
45.21910728086644,-7.888930283604753
46.35941441515014,-12.568651495271583
37.830364390148276,-0.5697071056372325
37.384294067951636,-4.357835266971344
44.04649463962923,-0.8442260564191262
48.887754261908796,-11.138056983159437
46.061225654433905,0.09840710383028473
41.774526976510586,-3.771996113644736
45.0422266676393,-4.58741486818358
47.270348971395045,-5.002379282090361
50.787708162902284,-4.868533143484027
43.36010272059069,-18.64452119128181
42.2445612461962,-9.225787729677128
51.57812724612926,-5.611732327099066
46.48106933638358,-7.733013536408503
61.30835131460458,-4.179701289223729
48.87306619330734,-4.906562000899172
46.87395115179118,-4.096954088274461
39.617771122507165,-6.892746693556598
56.98727164257983,-5.078039960469148
41.58955186677686,-11.167865896819428
46.69991866875102,-5.401235329514219
41.518646289610814,-6.199446638874041
41.92527012699059,-4.725186557042273
48.342390486064616,-12.58181119771423
40.65782959861832,-9.844053841136963
46.18735398552876,-0.7206512271058712
40.927942930657146,-5.980417545668694
43.454707815125424,-6.453388199691695
53.90151280614091,-1.6606545478172725
43.55816246389652,-7.979799722127145
52.040984665453024,-6.005588570126439
51.3605921347451,-5.178791738784367
54.87169747976139,-8.061085875941151
49.14205763755886,1.4366536589194663
45.958428085848446,-4.223766437268567
46.12408200435021,-18.387777339496076
47.42925328544517,-10.700585503410732
45.510075295573124,-12.547383368645887
46.63632255872401,-5.763812843020903
43.63142993672542,-7.771521613358062
42.25126440194186,-5.053988299294832
45.580487219484546,-5.4246475390665925
39.56949193579425,-13.844140381872558
53.08594994282573,-13.416537563624937
52.28425635177615,-3.9951275860971576
55.18505427668529,-6.880252085680645
47.65423599211496,-2.0102088745015916
45.13791092815795,-9.295018559456178
45.97926357493729,-5.369178809061614
38.507078122940214,-14.518586161627239
50.47520052658376,-5.325512022649347
50.462568803827686,-4.903308605785915
44.766644036715476,-11.46509717939115
46.164649055496184,-3.597196545750825
53.93802397543074,-2.833966876146094
50.57258326940302,-3.5170916254538493
50.106558260683386,-8.574567627753465
54.220576207029396,-2.5599830155271865
43.15104235734503,-7.902875848303323
40.12538732780832,-5.979601566803512
40.40182025722913,-11.067769659176946
53.40035306614158,-1.1076691407773476
40.77619258058093,-11.261180207992059
46.41352120169445,-7.8320668605408335
43.698457124656976,-10.633128378820153
43.355241153710516,-0.1384009650284197
54.434526056121896,2.0821402243403604
46.53425253701645,-12.80161370647944
45.99216297024757,-3.975504212687332
44.21136695905195,-10.525738576453097
47.35103326764593,-9.931455697564223
46.58545059051522,4.3718558837055195
51.83805992883329,-6.447230102894238
46.07317740273032,-2.493709723198828
43.734382109912225,-4.557883314259627
43.463426177268495,1.4888355229401222
45.16076316754463,-7.640933468035931
47.36971324784759,-11.202505501549783
45.90077833812292,3.1893757061863575
52.76021481172062,-1.9620037535929065
34.541850366880375,-10.884227127613611
45.04944206360093,-2.868932470883503
50.06341493063273,-3.1634174239329313
36.4260046899866,-4.905395290455031
44.94498859571384,-8.321663444639405
49.64599408290896,-4.82482558666433
48.710254008026595,-10.007420434613227
56.88331286792706,-4.400644311938409
46.35878584942309,-6.267797524823018
42.96796561445175,1.782071062494678
41.36382387212322,-10.62245319021506
49.16252389481609,-3.755379206678571
49.20605149872994,-8.336366072939159
43.73452108438906,-12.030625945659512
41.337458107819884,-4.288653395499117
42.10844489646932,-0.8327406336729997
40.51788380415537,-3.023646846098971
39.48829286159359,-9.025653697809307
41.45450948892869,2.3628269410466327
43.3744530671494,-5.800352262726337
41.502716169667174,-14.396995793000482
46.33017536783358,-4.294556278096864
43.913565112996906,-5.312494041030627
43.23026777845918,-11.426357643175972
51.06532166194471,-13.797468826399172
43.1766793878957,-4.295180179860864
47.33876943039912,-3.9379975614803
48.16722096464688,-5.482460060520637
48.89436163262373,-8.679193127990004
51.42511199387696,-4.420548895805759
47.825263938722,-4.314043526845651
48.178119975305734,-6.531386894288742
46.771271748506415,-3.08862395646451
39.42500765078396,-3.780036482561454
44.711860251391464,-2.8695495884399267
38.440775112492645,-4.470519540600818
50.064042352659165,-0.21013796313708788
48.26570414613289,-17.924514320690776
52.16091385405266,-8.007927531483103
45.24653479086796,-9.027758398888496
49.89032276591364,-1.1112872840071537
44.39336675931873,-0.8840204535865972
47.88739724220231,-4.391546354836148
43.39098696226104,-9.259047387828032
54.57719950542448,-1.189888441562057
37.221669426089214,-13.78241231808786
41.56387505274409,-7.031506354565856
50.62644927998415,-9.229546731577079
49.636186206728816,-3.9663352845069353
46.43846305542866,-11.625108024114533
46.31553595173744,-11.372000855600422
47.44423927895163,-7.075892594427575
49.28375075096544,-13.145555792107547
41.72817164901267,2.5419067641791067
45.306304772485205,-5.384055847514431
47.15797136458499,0.7626061370067534
47.58186208841432,-7.919478478554169
42.70323538556334,-18.237948665856692
46.398447186375336,-5.279878558587975
47.14384180397009,-6.295074025268822
51.53353798685381,-3.856681928391736
48.03578346949391,-8.4085723969091
45.53548869506817,-4.894317691012783
48.55918510215635,-12.967922658858608
50.61564083174807,0.4904720009393264
42.717162335722264,-6.085058443585535
45.97016167991111,-7.338524423609622
48.96462502858705,-5.432484429892121
47.03392218708734,1.6502703599192934
47.412303230195704,-9.667682743741793
44.53120219922436,-2.5459373346721055
50.75710086056415,-9.139250124764933
46.60519975554823,-10.631254187656477
51.07099104121095,-7.343312108936539
48.27889673908763,-5.284203605786531
41.97629730262515,-7.962868068217972
51.63623124733731,-9.944227847241388
43.56278040503163,-4.379270279947399
45.23624761678265,-4.894164025128209
42.930136321417656,-1.9609344100510322
47.83926067207841,-6.386850076081299
41.23681390455077,-8.808556918709803
48.33793230561977,-1.8255913063132496
49.67522521611219,-6.7727128847482545
47.38833671691624,-3.2721654575067434
50.77238814590075,-13.440395034593706
50.77511150795617,-13.031810460628446
43.37928858319573,-8.032053065358125
48.46225755391031,-3.5666495681244474
51.293459917959694,-12.441604532116102
49.1770388421539,-4.656787506316807
43.27416000774132,-16.80125568630433
50.355527083532216,-12.734632990503346
48.0408328750451,-9.471113027269851
43.32087616159476,-4.2440125799691915
47.34108122542246,-4.269158896016094
51.876357458579044,-10.517838254181292
45.43067215110481,-4.57052972717047
44.342629785107135,-8.854369021162839
39.276320188618,-1.4131409049158457
44.03598967861895,-5.207644985914243
40.63922446245384,-19.34064333349825
38.891306675944676,-9.88808823193125
48.306439030134584,-3.352190245524444
44.1132884307193,-1.3027070318505896
53.71890872528789,-0.19432775489847653
45.926399078601634,-4.402811443612848
51.656220337459736,-4.33855227797842
50.61063386475467,-5.842019895649424
42.59315669578673,-6.576087259765316
44.05773729957702,-18.277837046487164
44.89241378251963,-3.7358754033374364
39.9179403180103,-3.9128932862103376
46.66711740654423,-5.93734553202669
45.333910883631326,-2.362775175530289
44.77678548610455,-12.268623023648297
41.06055507664816,2.2722049559489506
49.790735373785594,-9.854718666597979
47.65173512772808,3.0631242502456804
50.99227758297962,-8.795284945298597
47.12425548178799,-1.2875388153111071
50.99037438569137,-6.380881597943541
51.09193775567337,-9.183016650607717
46.7438471120055,-4.841712563024426
53.12575805557341,-7.545761638194374
41.840294223488634,-8.184640328270575
42.3814011991986,-9.743174775223743
44.97629825175264,-4.764167442124284
41.63400437919892,-7.8965449327776955
44.74982290483478,-2.4946522494450014
48.47245160271517,-5.133208786962104
43.646023615610666,-8.27430891175249
50.42942087129142,-12.573686733191831
45.71243367456988,-1.3552231725067614
39.38203699103825,-4.201036905854233
38.27683737882357,-6.600162114731507
44.09050678154492,-9.313949878553366
44.41561268322194,-10.517380916632817
42.51757719226347,1.1747539221042267
45.88217378604473,-11.830047016138714
38.752551604317304,-2.3112749012212532
53.51137403763404,-4.118259845763237
51.162965902512894,-12.789806154812716
42.13921514048349,-8.463039420436534
42.08258323028381,-8.292216672943265
47.2964857253609,-2.9279691004544945
50.82112195449369,-5.721662772244666
38.556513316627395,-7.056264485010534
49.216054507081346,-2.4806978270145397
55.09697826953618,-3.148583267182957
45.624143681314926,-10.195372205094797
49.25880358439234,-4.848994222474196
48.78148994223524,-11.615998831267198
46.020550632308854,-8.295126303242814
51.14812424658621,-9.10717005711744
50.2420244347133,-4.1987968165227
44.86120861013831,-13.198712628382367
42.053789454184006,-7.002424675038284
49.49842199312001,-3.4406346745407275
48.225172548091365,-11.273991646452092
48.15566624245519,-7.199258817615446
40.201692377537135,-8.724562371876143
46.305151665292115,-5.330231111839193
40.98655068497905,-9.600613842296776
45.62371171903134,-7.15703414814508
43.467821133926854,-4.665505022751344
52.85776798485572,-5.71898623533612
46.48203965043559,-2.1199035788960003
39.88654096767347,-9.216459965690577
44.72590698805101,-16.085417828343424
47.80054650997443,-9.089738456504252
46.709116083427254,-1.2112371500717547
52.20811212508055,-5.372833269453155
48.37684138816562,-5.543880292768882
44.140404635972004,-6.75602648952936
37.20581362661868,-6.691184590887282
44.041470009686556,-4.570714533475784
40.4890674273772,-11.798294856855989
45.838190446538526,-9.103637977899108
49.89913701919765,-0.9163862756741823
48.278529209654636,0.11261064911086205
41.878529424013664,-7.078302856743815
51.57340241180978,-6.700156097565814
42.70885430646093,-13.871022832608837
36.93661866609618,-7.5614440172221435
54.69961845385297,-4.977874219508937
54.04455974269379,-3.7580767504688506
47.51634463998675,-14.613093383340233
47.96531451797259,-18.301314912627216
43.67577284831859,-5.890027071419721
41.07070710313025,-5.657106693760065
47.33212552410949,-6.997183117703549
49.52646156276037,-16.360558810332442
41.58464906156799,-3.3622407706895068
52.46723002052616,-13.75431963605445
42.68613733584346,-4.194949358536404
53.03586965751725,-8.37408906052395
44.5283026308031,-9.962285863129923
46.275663046855506,-1.901808193287101
45.14109132644478,-6.047969307839329
47.41752528725149,-6.050036591634269
49.02777776087552,-0.6007732773879333
44.485878124259585,-15.701375284525636
41.965234188521926,0.9039156205277017
53.385460267582175,-5.130848019478346
45.192989659982935,-6.286290870584283
43.328945823697005,-5.470774142325062
49.7217469960815,-5.173435355310442
48.69000114833528,-5.87531215558568
42.413243612053364,-5.6590406285014305
49.1731681114039,-6.867437375618984
40.5261666135567,-7.03258803921211
42.54511079068627,-14.032846390690114
44.907108486952204,-8.140400531019537
48.37878637645655,-7.2406870594525845
53.3924647933426,-14.001124386196345
39.75431066264547,-6.183723013077619
46.13971256563329,-15.483815966303863
49.976528461948014,-3.50280935777811
45.166657428307204,-5.663714112279116
51.870548359808296,-9.769023458440111
42.838846598609415,0.8858330548917639
45.92652634751513,-6.491237752559716
43.46513163423445,-0.9854841265058205
48.71775090508059,-7.401572162552343
52.26023807539643,-5.017743826265634
41.11386166315873,-12.895739842308547
45.253323137136995,0.775801746829325
49.119311049731486,-7.007547221739795
44.494862915238855,-1.8927658736281954
45.043243802032194,-5.358727362415058
45.531140476191695,-7.652750249224732
46.614769781778705,-11.140477124515495
51.078675076935255,-8.38395606260574
48.94730658725459,-1.7103039919804086
49.47349273631449,-6.598837619553648
40.89440700053386,-12.099230894103263
43.83672360311257,-4.444672039351698
55.60193117415943,-13.274686201081625
48.069536917394615,-7.265953234934092
51.42186666881685,-8.88305177278789
47.18922483130719,-4.529004687405132
39.97404958269775,-3.2911947182661705
50.23220224304435,-8.133240658677643
47.92558421084054,0.49050345864900535
39.26194767626127,-11.520054130171571
48.20159739552373,-9.284629401699949
47.75060379296116,-9.596788774910204
51.427588398774596,-10.789488307706335
44.58766414219001,-3.6332278710474775
50.15519660986441,-12.094336215669603
38.12468491683573,-0.47670483752553405
46.494148975728386,-9.305640418204538
48.73222488503793,-7.481326857107566
56.65643635357079,-7.910026483444573
50.65136624222234,-5.374889066577056
45.85071363743779,-17.73829615027684
44.95710455418153,-11.237016446030076
42.59208919135235,-13.679921865141093
48.086355130402275,-14.77847576217601
47.54175446441548,-5.602856644453834
41.37317741685292,-3.6269698162720077
48.9976072323889,-4.7424900123190135
50.49406870050551,-7.4326010793109765
44.697156477084896,-8.477814857743905
53.81902900296439,-5.1727137644169545
46.04527320184081,-12.579412590190795
48.715978054386476,-3.5880323020986005
48.077490697156165,-4.763942051576474
39.11755047272458,-11.934949456875644
43.89135441761559,4.876141068392704
47.87900345286315,-12.12383976989092
39.78627207768568,-10.727724906538405
47.970047785272506,3.017053567240449
44.0013723822086,-7.328171181870411
48.91876244969825,-4.699998784455257
47.30229756175187,-12.135547038331897
52.06486071176156,5.51706027644631
57.18431916648897,-1.824895047647165
50.15188288922508,-2.980510418289316
37.70370200431214,-1.7538604757061353
46.61365947395342,1.8677639288300298
47.71539175170331,-11.626621704937858
43.584605429812505,-7.412223601627145
48.476501344034986,-2.929996425654602
47.233626515564,-9.1683998386951
32.83767578514088,-12.461485372451621
44.333226927710236,0.2484452070934804
41.91504448984266,-3.5560560711914575
46.81502519144587,-4.81177759495775
48.891757702068894,-8.118761666834555
45.39179914189512,-9.414532966905576
49.40636030550957,-6.038612224361468
47.4679953335643,-9.090767386681673
40.1846859878885,-7.873287333371469
47.358399526699415,-7.267384653974751
45.67826533993546,-2.6678855685065828
38.440788774374234,-6.221214303117665
41.973344011047814,-3.5571695378374324
46.208269402658004,-1.3853148153747412
39.42441266443199,2.8479982263807617
40.91444737796462,-2.883003533490395
53.6696036033462,-6.635825835996391
44.31984388446852,-0.443272364950003
43.748181669017484,-3.286190925734375
41.210313402711684,-13.55792229744577
43.93793898233995,-13.07880073325676
47.84808906290815,-17.616515434303047
40.52331814006281,-0.4460649256843201
47.24528705351963,-11.945550574576565
46.54432847217111,-12.655809840771553
53.15443897758027,-3.694441522877997
43.41473057984039,-3.9610834139652598
51.161649213416545,-7.279006282745304
53.80065628434641,-0.6203589899074213
43.29720962600134,-4.9766115991702895
48.490707144412205,-11.918265568775249
48.92205468072993,1.028804937193292
53.97061800769825,5.866084350721387
39.053344968793866,-8.957034460645204
45.557612195575274,-5.953750193788444
43.4792670031782,-12.372686666271727
48.029257877352464,-8.097948868520366
44.11231136475781,-7.142479196060545
44.65613566948954,0.6916792308472797
50.47618411796976,-13.116586406690423
47.83953717285795,-14.434713960894221
47.264709799441114,-12.465519178268327
43.41228109103194,-4.866481064771422
48.61808934180015,-13.996489252591832
47.38728688704912,-9.817673187830696
35.325825010415954,-4.376391664951077
42.17744898235989,-14.770185047459323
42.77763576826396,-8.26189831148563
45.059678265549984,-10.679753299821765
51.19173875496596,-13.075831228145166
45.56280064591842,-3.218033773227825
46.24427795099703,-8.046864977468397
45.94557084480852,-5.479904784755382
43.69532217166168,-13.590067075744367
42.56947690322907,-2.760309974900419
50.04175949408738,-5.915733580128231
44.07568864021265,-5.71762438762339
50.21117568641962,-2.037000149145854
48.29148769998378,-4.338799065887834
39.56309650537428,-8.853516313764228
39.91847818968747,-4.759942413503715
51.97056638095515,-4.579715620038414
40.02236690948594,-4.96831500811553
46.32300854836642,-9.17787124737664
42.625961739377445,-5.069862597736963
45.02656619962468,-6.493524964369067
42.41325502188188,-9.739046986359627
49.88115798938322,-6.900373149190003
55.072628548419445,-4.692967601937761
44.337838812614926,-5.9729401250095275
42.09365597869296,-9.998040116071566
41.61289288746753,-9.283359916729827
48.59624374084524,-7.289077613118327
44.241385381789904,-2.513339970736404
52.36443455290457,-4.237822533387328
44.027573651703925,1.3375544079553894
42.718954791133,-6.397242893142419
46.73443074182643,-10.37513108687572
52.21788602580112,1.3914713316569243
47.94643720859555,-4.822376211218653
49.96976825524463,-0.06190637148808431
46.71423310241307,-11.52504244896487
48.17198385688283,-6.192641666589706
47.95206070731202,-6.303473654890689
39.47913773853322,0.185070454320857
47.16370027357997,-12.815495305650154
47.21090396564332,-6.229598659613368
46.092707883833725,-7.441054211282062
43.306126985005115,-11.203102217674953
46.16451089790108,-4.598031840765236
44.08634999466263,-16.319531976216922
47.28059847412806,-8.010085567132432
40.77247308589023,-0.9193446452276204
48.499943683349954,-2.3447285657588477
47.92729230475963,1.9987746318513668
55.93370378932729,-2.040597316770116
34.995399157675166,-10.422429840346108
47.92963509547126,0.1989174651609531
49.25974318383217,-4.197527105817745
46.193368699224095,-5.0196623822295106
47.998312591690556,-8.573385187194507
47.26492503815302,-9.88257498759235
42.51561711335088,-11.604221829576641
42.661108981643494,-11.983000362255595
51.79183097790189,-2.980293769161144
47.107631488220356,-5.879433617114774
54.56155564070002,-15.748294381652396
41.223295210409525,-2.7235991313460106
49.012977995167866,-5.361996854411429
50.530404731251245,-6.284375800459954
51.96484089755873,-6.387560307221649
49.213985820547705,-5.992651824119023
43.966390319074804,-15.020751331341216
44.43194826471849,-10.277716343851772
56.93789130278496,0.3371664343164529
44.026976079093735,-12.040465899843465
45.475191182380776,-4.427497941346493
46.76612084425498,-2.838984455947348
44.215294116644095,-7.6057544033799545
46.25485810751056,-8.769523688571741
47.992998660996875,-10.148400389826271
52.75922028836715,-13.544127849135474
46.03262938379444,-2.7927271333096155
54.605330858474474,-7.193849219054635
43.246944432913175,-3.7652955711731115
49.625506609340746,-5.733552593897727
45.63738781296326,-6.183712495096487
49.04716656012813,-0.6886615027617404
47.29716845758692,-6.24216094414559
36.30080956673699,0.5926772892385817
40.58649550160657,-8.969009090823588
50.178895769872035,-5.412328379615106
43.73800612429202,-10.525252593497584
42.40380129011492,-6.263663889252508
45.304154403470584,-0.8042484983654941
48.30118122080154,-8.360759365252957
35.93624290852573,-4.204832512343248
46.65515358384683,-9.203936354972516
43.96991137348562,-3.2331665896155792
48.15865346841534,-10.273904018189825
45.54942740530547,-13.82112267759431
44.51686616979869,-7.8396766595224445
49.622638495782724,-3.096465086837918
45.5898325853172,-10.365722832698909
41.998127432184965,-9.404153445545127
39.701101606566844,-12.640636092518328
45.95846633243286,-1.7691034423928045
40.76530592928829,-11.024120801702768
44.46564439109308,-4.342077927096276
42.069403326466876,-13.344561995822716
38.7776667576534,-5.1833771150332755
47.69454958331523,-8.58630666216151
50.19065022956357,-9.14315769956497
44.72613071282442,-3.5051274953319664
47.33535720493334,-2.2343661335413945
38.4196540730717,-3.3391314354874297
45.24452860318652,0.4215600046180965
49.71773709909471,-7.286148489735326
49.00046568310643,0.4918672116810088
46.807658673808405,-9.114651207259936
59.08802327290373,-6.579008803572259
39.378137865884234,-8.363180869315595
52.82010233943979,-13.662166884425327
49.760813095102115,-4.706644528031228
44.65537624082172,-12.88480766994662
47.305634399222335,-5.651548722570061
43.12108543243216,-6.7642757103287
49.20921534238141,-3.117606106813927
47.67005159459428,-8.649423461461831
39.776350305460745,0.9373974468505653
40.11956712364079,1.3796007578375562
46.148421436562174,-10.276344123362211
47.2981023446223,-9.47247590084871
44.21917828120914,-1.6667277622705994
45.66868601588908,-3.615134630864072
44.755367542847544,9.00704674698324
53.68735268757161,-4.065666983860671
47.81094326410211,-10.71048137748701
48.09967159753373,-4.755173570183558
48.62361223133528,-2.931957003615598
56.73230931499347,-15.19989488132606
53.158947297669876,-3.023429708425113
42.628024143039426,-2.750256115466578
41.176101433845254,-13.332500787686268
50.160384330388176,-12.410224771706584
49.42754108584099,-7.556720902023822
50.35963475961839,-12.244960648835981
46.99263863385597,-3.465247583220738
48.80541710432364,-7.251487759206313
47.83416546467834,-0.4681222017507345
43.92523306865393,-2.7859144173347508
39.84801508588528,-4.202669618914193
48.3844911221895,-7.52412299773477
41.96100966285026,-0.8254280910064136
45.3549759795673,-3.7927476998364833
47.94067905002414,-8.938894468110746
46.29538699876528,-4.426405283674234
48.06454097939823,-8.244163250536287
42.27334875371174,-9.00310430108561
49.01453966205892,-6.448029990521928
50.26686730825314,-6.178829204833709
48.2376318651324,-3.489633935280967
47.605562882836,-5.2851887288173
49.295962458780195,-10.478639673351472
46.04029614989336,-4.787074532846848
46.61904596091875,6.096880014403959
44.30766191609548,-0.26139982729762234
48.82137516864728,-10.881853990761062
50.237922500902506,-13.42802092581565
52.43264151128169,-7.21588737561472
44.40133231099572,-13.952016337217174
41.79686011913291,-14.320533526759974
40.04687620008744,-4.791354670260149
52.270817055646546,-10.687521714631483
44.495020590694,-11.459851424351358
42.66810730170479,3.245305347760725
40.264245639678464,-12.007647857669298
45.0058280046996,-5.341254458746067
43.008590930830565,-2.120262260810888
38.86514977862383,-5.370441450453805
46.971927563828125,-2.1754664819401563
47.21296581483797,-9.5388968731096
47.05805586952722,-1.0095782811749228
48.27221548284256,-3.5611397490913164
45.23534195713612,-1.4907434706315712
53.60873891163049,-6.0954499075575015
36.094429360616004,-6.299459957885899
37.23940266859493,-3.386321507920083
47.48704756626002,-7.883360318532779
48.59290044331796,3.7400493077837496
41.01447688551579,-16.91223552159728
47.50907870968236,-3.578867509949163
43.38548264996409,-14.010486857961652
42.2942321758739,-7.120697934397462
60.661712024271736,-12.308778501234523
45.980854759705004,-10.565168364416996
48.886845850005294,-8.562824707161479
40.150317948871944,-3.754837453482085
53.76526825185966,-9.851477471270552
40.201860743595105,-10.913080710940923
46.06824044910565,0.15397208526335504
49.71304794092638,-2.0234651869699025
39.371937486920345,-5.345144682842157
37.33143377154237,0.008933876024988407
48.976888353854996,-2.9525068913515375
41.38703851483634,-10.99095460265212
38.814199502303175,-2.903358443648977
53.423746233376676,-12.353236516195091
43.72413518084516,-2.043828658581023
49.07283888642965,1.6681661465058095
46.9216490975516,10.241574124839183
49.16221777685952,-7.247058822930668
50.749794761781295,-7.159080988546134
43.389622628950605,-3.679125033303218
45.233551562392535,-5.1979228276166936
48.81477626235309,-10.082758597113624
53.06992392883674,-2.569380045980795
45.57375775118183,-7.298248841245304
47.63162693636011,-4.418645452392463
44.98998221425,-4.542767487743142
55.87675000520724,-4.936498350784733
55.36107112113621,-6.811440725700947
54.344689535853206,-7.786583807057667
52.79333628071041,-5.136001387419086
45.50238218792063,-5.2741819989307785
46.48902016435793,-10.064142219561052
41.10123092987887,-7.760890597184851
51.28278617044601,0.29307814582054714
46.36400697127223,-9.698038345383639
43.007372826254986,-12.180373923735115
39.28888289542077,2.768515379510669
47.90661242285975,-5.584086737390191
44.08882148948965,-4.771225903162044
47.42070110089611,-3.5720569414323036
51.01106381105918,-4.796193351179745
35.37614128867064,-13.185192827841476
47.27898981414268,-10.392585138602946
51.65555504650145,2.4321050243659528
45.31196141269089,-6.345615927284178
47.32531492863553,-9.555774774640334
51.48035572513851,-8.200003531716273
45.63754187008593,-4.198791283358004
45.096720937323504,-7.46369688338724
42.0554882970669,-4.246332991160755
50.296819790592444,-6.834166067638142
44.45231234763969,-9.785384910181534
52.54419756016086,-2.830321797347833
46.14625243914689,-12.516715547659633
55.02085061540151,-9.692270048699319
46.3184404249938,-12.031563255394104
45.0725085814945,3.0478851870105785
50.46219007630876,-4.437994516145144
52.93109817997742,-5.4336550160036765
48.26521382298197,-6.033841459525505
50.080298800861726,-6.259565737893891
43.72394763790291,-14.287960140074835
40.67814500674406,0.14070563233096678
59.05027316819601,-4.79568799568234
43.09009054334912,-0.6945577278060826
43.82154544019033,-3.510210745166507
41.4982023946819,-7.194189383505584
44.69580283853199,-7.135397840270358
45.55562409716494,-7.699028444037702
38.009511825440185,-4.261870878698257
53.97534396649483,-4.2145548831337045
45.95763769247758,-14.300438438177673
42.27934787954521,-8.26170029681347
46.069564396640196,-9.910151551242452
43.76143649649332,-1.9725763270344148
46.88499823180955,-12.784337543871512
51.11455379537966,-3.3160381214227783
48.9357452383324,-7.341989345553232
36.47743961279965,-2.01060465054013
54.43413963832664,-5.335162565328451
46.92910384136154,3.247530770465408
45.56928876420727,0.1702799852938366
47.94656320765011,-10.094802658409249
45.96889218259728,-5.0336342462904335
42.04322106210195,-7.66048814239222
45.64410817394074,0.21226650031936867
32.84127096210737,-3.5794549590464677
44.67255246818079,-12.15879485001193
43.855056925331276,-11.282725447999937
46.72920090875914,-7.124115243012639
42.15510400627748,-5.001398244870326
48.11235368952973,-4.8781305160381
52.06019706472383,-1.5357159014442345
40.732139874806165,-10.008180397795407
52.364677460099585,-8.540940467488783
53.30447208863965,-12.94606006340538
42.567559449072775,-0.16035905948440465
57.266142007402834,-1.763421547916483
43.6566511519589,-3.2519506438346673
44.68366170535902,-9.431286765871166
38.61266456058809,-9.62279192223763
44.23526279769281,-4.985392684773609
53.41277814166344,-8.356860751070684
47.98072762710786,-10.916198428553578
46.66055598951211,1.2524781612565778
44.820828420352996,-4.816376242943635
47.33161850120583,-4.549756261258813
40.37631173361498,-8.872010785586827
37.72616529224592,-20.11498214378546
42.50111943716067,-9.682380376767965
50.39608059613157,-4.928489301295105
49.4807110993563,-8.183135441226632
42.552472060359165,-2.912093471913822
44.44958257997759,-2.1070188591262022
55.2234515518603,0.988678959735199
46.232056825427236,-1.4354178650460083
45.85945072504028,-6.2979092690881915
43.4066224479982,-6.288087211660476
42.06330199192083,-7.976186741697407
43.35939268735226,-11.474980085652305
41.20815647444901,-13.78012306444447
55.75731126924204,-4.6910588278420455
52.54009806255206,0.1521927157012435
52.12752915057924,-10.961819630616656
42.81603476781606,-2.262275867883491
46.02823288123871,-4.8006609222517
43.51974433743589,-6.135824261960364
50.97387647831082,-2.5998525061335975
44.81809575610765,-1.33037181019208
44.8954108894197,-6.580972069992059
43.10002546308714,-3.835283232778246
42.52698481625112,-4.1524707397321095
46.464464032533556,2.3663826136961976
38.73166840371544,-14.74530520609128
44.029586060028066,-5.042517130946701
43.04477425782214,-1.350575480065788
50.47736480010144,-9.902504830658636
43.41826864507035,-8.522345909423361
39.25249059221697,-1.967860670209645
37.57463624532425,-6.3717243753795545
54.79020145099992,-3.081928766814813
41.826278258074794,-7.014119864322411
46.34163628024558,-7.559451611056655
48.6758261201931,-3.5780558195023144
49.50417021347683,-1.9472707529733615
44.80394862255055,-0.9189282811693245
40.34557168998318,-13.339054491915794
48.714321808678115,1.155079605729993
49.431196558542354,-5.88565453979903
45.293818912748925,-3.615357323194519
42.53409768091751,-9.160775493974192
43.56187047377193,-11.612507103037117
43.71631606028548,-10.88736754547099
48.29436472646283,-7.176628855886837
45.66230082476484,-6.844465956712987
43.995691242473235,-7.471706283223491
48.83405271849621,-8.165714860791184
46.45942708246135,-14.070336595721423
38.59615963599862,-3.9249241369443824
42.78852033906681,-9.266702485943583
52.30694738528507,-11.522589350335966
56.63431238269303,-7.513506379780064
47.26009670737385,-9.68069530770743
46.60156552497378,-0.46841687496284656
45.4598511553198,-6.662170133260632
51.447548483824605,-6.513313153417108
43.50391325874258,-13.040880360592713
43.31410825046608,-8.823162823495721
42.916005023533906,-1.216391818949056
46.56969155091476,-4.860570796194214
47.28689543813799,-17.997088344365366
43.19402895899052,-1.514229425276194
46.97593371993994,-0.5692736286795022
47.44461141145146,-5.396875200154928
43.132878649682326,-12.6063681951437
49.998282293269156,-0.9198058278909098
46.3270594362076,-2.791156188065317
45.10223604267778,-14.033941624067928
44.50618514048275,-11.192201901869097
49.46205903030699,-9.878472347014519
36.77788342844438,-3.0486499230266073
50.58116311397134,-2.1078369478059367
45.765213587056074,-1.651280521881814
47.90219564251554,-11.098254460039268
48.04099269021312,-6.292124503858647
41.1011009029492,-12.981738931483552
44.2818949642152,-2.779366541050333
43.558598881380405,-11.313586652679906
53.12134193502217,-11.036024036256261
45.95892208127708,-7.440041786814424
53.27293283010675,-11.616578003252574
51.64733395129332,-16.138819975963102
48.83438738884136,-7.805317135987519
43.00100828172368,-2.5187696746762804
44.5337926896945,-18.246863448917054
46.33022407197566,-0.2238182971391609
40.81311767307063,-8.284890706370206
49.125970826194774,-3.416119633336609
39.68039140607148,-3.857229266349567
43.13365567848226,-2.2028253313591444
41.839531599528875,-9.218822790467048
46.48220812418646,-9.996390243922749
43.12318290970604,-1.593499917654757
50.52737968244667,-8.402178822396216
43.49752238296427,-7.443106369934185
43.17550475832575,-9.888142248620463
44.162914974887435,-14.94673471082429
43.779278963406455,0.029285282226981124
44.79570845850316,-1.3552006076685785
46.126741084896395,-6.45578881679188
44.05628656655444,-9.272699480457824
40.28324709994369,-5.7705673287878785
46.84011436115501,-9.95024309500233
39.07872449454738,-12.169696085938039
54.34938412608284,-5.415007404117959
46.625719109763345,-6.318100176978165
49.97338634907712,-4.564483180464075
51.6641198079896,-6.016327688982816
49.410495175947894,-6.504764396079555
42.03270552524283,-9.220350363468565
47.6795001822871,-6.841733399172127
47.733228709266065,-16.112928506073096
49.34091706071003,-8.249691220998386
47.79914360276598,-4.992693434635233
47.174593998740846,-12.344561913965968
48.58584354963027,-12.716106737877972
30.864848644456938,-3.694076519754775
38.43008114804002,8.645786006329566
19.063347319864604,0.6020757446446874
37.90256478206245,-9.361177660428876
40.32290174517496,8.078887028802818
38.22714630765122,5.762167163767849
38.78827958699495,5.365936877574828
31.491810368218573,-2.380029059614553
28.545321237671562,4.371518019665643
38.29997211503901,26.667679527289163
40.291354266295826,3.239613702496449
36.92930431262946,8.030760504918483
41.43317780286705,5.731972332996994
41.90327428939537,5.942912935825943
14.968643431378545,-7.8643455761445225
41.03216132557029,3.8302857488848767
41.268122531751985,0.8984599357430252
35.01425936750018,-0.38221876960030876
41.60102114064691,-6.251384972244221
28.100838763106793,-0.6411160935244427
26.948098707428805,13.015124538390035
31.25323793736647,0.28733837954251085
41.46648012522307,18.92043867433557
40.01165150111432,4.265921063446419
40.778076634207615,2.333839665659594
36.903192208959354,9.968357550244168
35.75061006762333,2.268701172611339
44.9061346366052,3.911744499030905
33.26813625323388,12.458798511942815
33.24471010685542,-0.8776044757280577
42.33728857624649,-6.179669869273852
31.735590217807395,4.309161629431542
48.78079416327712,-0.6667011692738098
31.588301276133762,-0.284979690806904
24.143042839178534,4.888318856865358
33.93058356287777,-1.8969297863741632
42.57905115866002,2.534971283105734
47.03910736468757,-3.8222600484111435
34.85167203718256,16.812333654640597
31.11933255401206,10.799661988062544
41.879418277774995,-2.811381315848017
34.98592097996062,3.816187272207299
26.564825191242235,10.54755120288618
43.861693623058486,8.214788988555803
38.76525959629155,0.2516194785394408
29.09505187075186,6.765480650355919
38.3610800388905,-1.466681867858016
43.31794129779652,1.3162897171057129
33.98925744019689,-3.6404718919384313
34.07030322093512,3.338811420843148
31.23342537514277,2.308829761475702
37.4341735419796,3.9592372730795042
37.452470079059104,1.266777561656816
25.08457531213726,4.468035453871128
43.82239170912334,4.514071953948072
38.42010700353457,3.4905385356433087
33.755563732562855,3.656261434307902
29.141488267542154,3.2772812133262823
42.260653849516515,0.7479594157633715
27.007255000944124,-11.943282004782393
36.03797547770661,7.59098332306265
43.86591440841087,7.645972515091449
24.98931796715363,5.997282932707481
30.872232545115175,-0.606096134260719
36.16617827349857,-1.315827727155205
49.219314438957724,2.405747203616844
36.39527865152644,-3.3944655542580335
33.72946182617924,-3.6951832015483106
24.49859656144268,4.811181738175011
36.3308461920317,6.893691243526643
36.99761986477656,-3.045773422898429
22.268818726681594,7.565616941234193
37.431480489071625,-5.637823812349909
35.17074787796231,12.125061319965802
48.20992995002354,-2.6600101898932307
41.908573321481036,-2.411436809361221
46.62505600005702,3.595138274966434
48.04690114927715,2.545917158920426
41.775375523699005,-2.7196829626564547
40.93226738673106,10.37529853828825
30.410119662869608,2.060643284767432
27.836906101634774,2.921583988215522
36.775152791259856,-0.5760826339319438
17.03210697159981,3.652403199515441
37.00864835417384,-6.800794605271571
24.539714221004097,0.2625145415941703
42.085571541961855,-6.832253073037675
26.16653764631096,5.150786836339351
23.812995726781274,-6.36059095088922
29.73181241455286,-11.119969274157924
29.027495266458875,6.401441476826191
27.781509126486593,8.705622996920216
38.44345532360645,11.15204631442268
37.18789927144859,-4.129714247005449
33.94261602667925,4.168350390294815
45.81972572752784,-5.0391648684011585
36.175924549063815,10.125840230099158
30.721953267608882,12.377476885178455
28.22895467532641,3.005456271076585
27.545730489976886,2.0146648461328387
32.56584378764997,1.2854051398650768
29.59923334817256,2.6591591735365894
27.482972379431402,1.3569337302373867
50.31006528617585,-1.4843287346942864
45.028514280922515,9.684617877310009
44.33320682908801,-8.446170121697332
35.76537713203969,1.0489266525440182
33.62393681210584,4.185038493473752
42.395677359398086,13.079454094748165
28.559009254032862,-4.924872654928427
37.75948292784912,9.858839740707172
39.55498269042916,-4.718506073722576
44.08803081849631,9.311609398635223
47.11159023747898,2.3255853898425407
36.638992580354916,0.8129713592796102
42.115001547340256,11.360214118115856
41.25849794728778,4.4324891065631435
30.504413778195296,-1.55834553325567
34.011730136960644,-0.3758421724050116
19.91505695626563,12.56753973153282
34.25574498111271,8.15531020763126
37.00742737258443,6.199079319914131
26.04907357605183,4.849612525871252
39.120998507452924,4.3079135862337745
20.136389534785806,6.428927717001226
44.164082384446836,-12.908778910486514
33.62406617706444,7.644494668838161
35.73834280846895,5.29944349718977
38.111439892008974,7.1290467116380505
34.262377544239186,-8.50277641478188
32.481710561325805,14.539098722719203
32.80326627277423,4.731771454067247
31.730053448468144,-5.4950151742765705
30.746416101208478,-2.58812008637031
37.769986992238174,9.551859313017061
40.746440478994806,0.21018219104019753
44.53252989950231,-0.09350109961310116
33.624357594522316,-2.583308285124912
33.77148482781372,-4.504269648772018
32.80236947764779,-3.3944138185564103
41.51130557566784,0.9224417367909044
29.30925636529099,8.9958538505305
36.369113635896554,17.94055041413838
24.90494111135552,12.999814916276327
45.481140819571195,15.935523787909721
30.29112936801171,0.29305370381508666
48.60355295190649,3.589566287604875
35.692446522380514,4.482406085553773
34.44256592519902,-2.356215243866842
30.465349216402743,5.41055012372116
43.52776828545213,1.5689514111054619
38.91652995379754,1.6465089560498418
40.0559154230005,-3.1875065681672323
30.58523472560064,4.539743331243597
33.08683525541001,9.495735774931624
46.1723974753687,4.541162965954248
27.49555665928174,17.146487855195645
39.1222465138591,2.652892697953901
30.765905006915304,2.803539331616281
33.2613411603549,-2.6132870840981157
29.82236185830726,9.785737138059783
41.274403506422594,-1.8909591472331675
36.15460989651495,8.876674524104004
30.174440212813295,4.118818662585028
38.351472097429294,-5.693669969145384
31.339335452005212,6.043296797866935
39.65030082468627,0.747213640629615
29.982572702780732,4.985003661626191
36.33250271344184,6.289310606228742
33.02472885355231,2.6000459883356912
47.37241373869745,2.2601506150630764
29.505902025437443,1.974832313825703
41.94091869322011,-8.030881918142601
52.52757106210689,13.69675711884098
41.41006487976316,-7.174794050871043
47.13560369747428,10.912387684880278
27.20716905723029,4.623385156747806
28.586690127810627,-0.6913533170554285
39.618216966305205,-11.409759613035716
33.499750132655535,6.732023645800913
43.00488595500715,-3.414099305720904
24.086758014263722,10.080862294869716
36.1916734796084,-15.431277804926594
43.31031394635714,-3.3094606813878906
34.005659526834656,16.97635862212176
36.17914626585082,5.613214957519898
33.87764927340422,7.26989169913262
29.470478991134346,-0.17609663184804036
32.27768780353326,-0.839280046262564
24.429296058491325,4.584992531508141
43.98272629797756,-1.5827658548308143
41.4715742949592,-5.1421749784695585
31.726603970771528,4.588872165659483
24.043363706958985,10.287079483981667
27.863577444124836,3.024821316989903
30.197805606429387,-4.008134240740594
43.05985843141784,-0.9001067972011416
25.964096946447793,10.22255032136183
36.060067039118266,8.870288713638955
32.311709510338574,7.501461644171988
38.34909517292729,7.6602373937360415
33.02289210610702,12.655659467779806
34.17520502823661,6.912038165898786
42.59449365173445,0.3088872334372059
30.932989886578966,4.498648616295267
28.000074058558493,5.33973632605552
23.177037662545594,17.489984266018
40.742250061774655,21.09907776979684
38.79129783482088,8.039796919423964
35.143201707667274,2.791400987248651
41.940399555050824,-0.4117764158155621
27.589229441515336,8.87020250614348
52.97133792501897,-0.9269100072734338
35.454650721125844,9.659460135349118
33.989150717471965,13.133625290942659
22.81491669326269,3.5816420384775234
28.25456483845773,19.38493329081593
26.165969669125523,15.043026531180258
31.462270340486896,18.191637697052606
37.797088697402906,0.6672826804918102
27.132341122295344,-1.2218643476524926
33.72152662780808,-10.121232245818591
35.1876437760198,-0.4800028470562081
33.492337140882015,8.682550631926905
37.9824903199638,-2.3063529918614556
37.22849086640646,3.487509442137614
30.758534794818353,-9.461624417820566
39.01290734382679,-0.41856580127844367
23.5230443504772,1.466324305974123
35.60939830203267,6.110251649448967
34.75305453532271,3.7366543273425497
36.18499357759765,10.01917720989768
35.54781611526606,8.912165850378976
40.55974816542562,-3.487664240467275
25.298377031128958,5.982263501881658
42.390798937291116,0.49234428419080656
38.9346282989626,10.597441178544383
36.824201219420324,-0.4062104545644756
25.97945470757888,4.381001763455287
39.30740087747001,6.898394599874005
30.73282720278864,4.955337531388283
30.093736228621914,1.7144207140304892
37.89158509862377,7.763497710743541
29.988543626574906,5.994491110171831
43.357601521679534,-6.500884504337748
35.918347133949695,9.441171024293919
25.005661216046214,7.416845215368534
26.78927365852245,-0.798843480175802
31.21192779778896,-12.651717606129157
30.996101772231732,14.73444987378944
35.539848313045724,-0.9632252779688759
44.24213622557858,4.8697588368819
36.887043955127155,8.57934207816787
32.16123357055931,-0.560862189919149
42.70343125025646,7.852035434209896
32.03666846713464,-1.7266730012094236
36.2021181647922,-2.8791277972140774
41.34215274740413,-2.9547361574334063
44.169868074596444,0.5796478075981093
38.26867263727495,4.471468014710471
30.29312281731545,6.8023801012850065
39.63990506924701,5.842901936430216
36.24923148434823,11.43682052927715
25.990405198296457,6.929960182408694
39.288260786611026,7.3965555969820915
37.00036675921542,18.485580973788565
42.594860212098574,16.037790286336218
36.426793088278444,-6.045405496278001
38.219379265961194,1.0103660466004558
32.70158062526597,5.979157651178317
45.2447085962361,9.605819018974202
30.69155312121661,13.747599419124622
39.07019921632135,24.244118855852264
28.199310480212148,8.877394385378452
24.27309850446724,0.020551739470944685
27.6843212239315,17.181593840196605
36.92069510139084,8.732992960207877
36.345714820029514,6.097877124277446
37.309319995564415,1.109118767942057
51.802416759843936,0.668078128674829
27.419056418626752,-0.8368468573395536
34.575496092310765,8.257849066327937
27.586343486863036,3.6987764640063077
28.51094462997238,0.10375506730024586
29.744438596603416,7.537001127646423
23.204409714676476,9.147753566120503
31.103781572527964,-1.0079750389798763
34.275093194952305,-7.65390616118002
37.35614005691637,-2.579641495546838
44.08612746785193,-3.126836059562015
40.44954724468114,-4.85021506644207
32.66431862180456,-3.415068637532592
43.70576956735877,8.540473597384384
33.80189088929439,3.3879830507318647
29.08014865817621,5.663746226083002
31.861570514133533,0.17201802031377422
21.71227880549707,-4.8037133433233254
39.876852549589955,-4.4381656578347926
38.775450684804255,4.074128625257646
38.341037475911406,2.91363933640359
28.16548989966183,4.079387335097563
42.6608048615362,13.305419071426257
32.93472175482011,-3.7215701683095563
45.68571954586146,-0.41255469988741655
40.48733063097578,-8.904918869743325
46.26977909031813,3.565718998187004
41.785109970608005,-6.475375048783418
35.76534220306098,4.9695621148205325
26.20532915023385,-2.539798300356394
47.374086279847184,-3.5878896050173976
29.967208999800626,9.854307145826798
32.68389542572645,-4.403814112468119
32.028153964609174,-1.9033446064202417
36.219102944652384,7.898389433937312
41.27727859222007,-5.47001543907643
35.610342945214306,3.5412199437123353
31.201893515130138,2.2616687203039394
44.27721874992254,-0.34114382780978936
41.603686987320415,-3.731485611082955
35.00342135107589,0.6389300575240773
37.89794439773254,0.7384953426391045
39.28651465433178,17.25127912879649
29.814930501908446,14.473139944672866
33.14062946698093,-0.9481857793316291
36.987252640334006,-6.865637509576503
30.855926144572113,13.151538274025697
40.6049036972003,14.155355113070634
40.550663059495385,-7.978881515185163
50.68219047657437,14.504420676899585
43.67006468749397,3.9648099774370125
33.316439814172774,5.680545595106814
40.9558701598191,9.964356017863533
50.12304348936576,6.613260928047426
29.74034641099347,12.6014747754177
33.43933140881032,7.670051404734998
39.03661681478873,5.500111389083228
38.85788468335464,20.696629680737843
34.60058380047794,0.1771086015601222
43.57210532112526,15.044339854194547
46.2817677443395,7.7299702942626745
33.90773741763272,-1.3030979477694151
35.47401387782183,-3.248183448318973
37.398060634252424,-3.6050129634170993
42.245950846865775,2.4234579975554382
33.047638564476536,-0.4612969874569588
36.754021181909025,12.394507296957286
24.275440555454296,0.3575156264237078
34.814300714793475,4.480790928256308
26.89722730489966,0.0379778732717142
15.59645640336052,4.33869712725931
45.638313055488716,11.367947564473528
38.9943746161524,-0.29299433078850745
31.15687503848481,10.629149197512383
43.44737358400179,-1.5614701710295362
44.156114769737435,-12.433235200772312
36.50586808642648,4.744398923827293
42.2499517332176,8.709997541886572
38.779928741134746,4.544632935935396
36.38382088199384,0.16131197739564485
40.10458485767281,5.301035094112702
28.504414451851382,-0.8547229293288243
45.446128307108154,11.047166283261319
40.82770232108119,-5.765485162789824
29.081753738144133,3.9979440786807134
35.99644746143228,17.412845523436193
36.30620816483128,6.631832257550518
45.829377252074316,-5.086328027378148
28.35385300387718,-5.936601326912593
34.3769108901179,3.374518324123579
39.81240300439029,2.526536098485323
31.10479126388506,4.359581882122742
40.25199436429657,-3.304928570661107
45.04177991761791,-6.826639358786542
39.011009418869435,-3.1722003782244057
50.67990727623643,-2.3569317397996734
31.357617908461325,10.191300293136923
28.353839994822874,0.5251828746963509
34.031978878067044,0.6287677349492276
35.96014973797696,1.9976375387503027
32.06847686882707,-6.293074254457464
29.15421564282606,7.809513385592588
40.184376371615095,-6.2097840754087255
18.987110750905305,19.462540201541202
27.7405004903217,-1.6954458383964566
30.39095013025281,0.09259554743420662
36.592569233081434,6.010897986887287
34.35688040485206,9.150932103519029
40.89119919469384,8.634206688220317
32.67438005626438,-2.1084710050399718
29.147501670539405,-7.264376894494186
38.627398651444096,5.82957309715953
42.25129608800343,-4.6108654490621515
35.4951078198449,2.7074144374681923
38.9054013055677,4.008541225753955
22.52495579271169,1.3040962717370306
32.64724914018349,2.29979955777951
43.7511396427535,3.363894399563373
28.432577266143653,2.0426291199584887
41.67436362192501,8.562644259333364
41.07740778043412,2.9160390002355294
32.05725363143667,5.657314586322299
31.703611860861326,8.77627511129075
38.61122673154203,-1.145143474127524
35.643692979141555,8.844369871876674
42.04884508049522,7.8054173085592184
33.195390016785815,6.596514034726271
42.63277967861106,17.920787980794557
28.822386604550207,-8.527752959527705
37.76570924031002,-0.44132870046786543
31.840589438782228,-4.762177940299495
36.68900805000922,-9.537060351807954
31.777577000240345,3.800721552599553
35.362962866408814,-11.368622294148752
38.908202093454136,-3.4986794252015754
46.534062543916946,15.708101319275372
47.870462734176456,5.609623196707132
37.974204743675045,0.3453191394602073
28.135643043363817,2.749608139395835
31.348046996489416,5.823726335900684
27.241541642149038,1.155337137124366
33.427157675241816,9.767730684781087
28.124105673165392,19.743387385068537
38.9594957145016,6.508194750092551
44.984581973750835,10.435407603017003
45.150688515977976,20.972107851450744
44.888244385769745,5.821596662943881
35.79073541704066,1.1004808064516665
25.64379601953373,10.097247897962658
27.33437787032095,-4.015150585321063
33.22880192424128,2.354907730084137
34.20988754711317,2.3454117528667204
33.713221431438164,6.123382736626159
36.34746663053397,2.6131681737920025
39.662919469498014,-5.0458231629870305
30.35902183215217,-13.160395246502993
32.42526691102237,0.8569580249953828
42.289189831165615,-1.520735745125009
40.308579505085426,-0.8881564192674682
40.5240637998845,-8.024862174935482
40.41486820478844,5.605004178117319
44.394601122244055,7.236368625550581
39.98661344952326,6.700107368643568
31.249658101708896,0.6414408646901908
28.065410976679175,5.480612980265877
28.862655513179398,7.308866670200575
40.612909075813256,8.981093259978426
30.568086461070067,-0.9703656384858999
39.41946276634066,-2.1301824800510447
30.639561080427363,4.233152393694262
36.74329574245293,9.64859135546258
33.87893813676424,-0.5734761808322739
35.55143766803185,-1.644629250732228
31.967870382906835,7.816538573498517
39.185846521517945,4.288640943194217
28.458772790942426,-7.745450155884905
36.97130018502214,1.005234410166008
30.056298719266636,-15.298565620151688
34.031034659291294,6.301128477243795
39.840582856445614,6.036503061054183
48.425875023474504,-2.5816358501772356
37.42280298329481,14.114078707378845
27.525830511492515,-2.8559166958800155
36.696024546021206,9.507400971320392
27.651151800454542,5.011283474745017
34.796223032449475,8.800602188366042
41.505848049869975,7.4548315699779515
35.27929142245421,-7.79986535530689
40.76211099037224,-2.0167167754841007
33.839989022141935,7.957240928404405
30.086514812322783,0.04793555446978193
45.36574687811129,-3.7362881311799123
39.87720274019982,-5.654704256783553
43.29960666819958,3.5181919324698416
41.70890277987142,-1.0932225764429413
27.83686931236808,10.093875692224561
41.518132733019485,11.621571596057432
43.28410960471135,8.08015937666551
31.281550498306117,17.578197390622407
23.293748010542938,16.828207555293673
41.31355884909502,13.480483608791351
39.938115395842864,19.460321759832368
43.73843194039369,4.861465446284903
44.10204152840991,5.680198123446155
34.26337530251486,1.7381226528358906
42.33193101853176,2.5838950111231798
36.211982981148786,4.0251570070192875
23.61769562372696,10.011154272874094
31.951704665310984,3.172152748621483
43.251554852733925,4.075174116508085
35.466410552837715,12.074339537841608
34.96278808643773,0.273992632524918
35.3949058754886,8.82264748618112
31.479848219112064,7.318486907764508
34.72050347712796,8.12307782100091
43.150105574892244,-10.302345383828262
34.386376383555415,2.910770578883506
44.9072300804465,4.539676842924945
40.14521913757621,1.6516908431245367
41.328392563916125,-0.25217398228880716
36.93269554565314,1.013892521112795
34.237036031023706,4.857986721779407
30.851844050106852,4.2230726521701
49.9145142216734,13.740690333213172
25.99677505444796,3.4219920915491615
28.876054587531442,5.225879267663137
32.581195856492435,-7.915153694946973
39.29520974180074,10.198433541223357
52.27880498816293,-0.9882960041196132
37.8503581816792,4.423211781973787
40.41931306885255,13.412652080572364
43.436557980329965,-5.181337460070203
35.677324848922545,3.107148047282873
38.601242851088024,-3.841932489610067
42.488265171751934,4.440268423731317
35.05721609594428,1.8049115627333134
32.93610407431297,-8.365040777001472
30.788745656219632,8.172741228879708
34.2162181024275,-1.648758088836206
33.711640783940766,-1.359357647510448
47.12660423586678,6.126918811128706
40.52216842338448,-0.9298547923375589
39.333988449221145,-6.311906400816396
37.160677856314514,3.504897470489821
43.93372421014418,0.39853803058057924
31.100645719035597,-4.819866518618724
36.87797598393896,6.961557322119468
42.1330854105231,-1.4566958582331235
36.76528074384924,12.045655694888852
39.17079070016082,4.557398166916596
33.21575708725191,8.347675281962188
39.093888940672834,21.383090213737198
40.11682086976205,7.464119211590869
47.88906254623616,9.652325742421862
34.306605907712616,1.6294392724109912
42.24220978656411,-8.35617960047178
37.01643373371254,6.118721894816664
40.90260107944843,0.36021734215041956
36.517709341423284,-2.9258341236319323
29.9602263573474,5.202836701044113
41.74058677969837,-0.19839575694671918
41.38261036831265,8.949198142777902
36.343145429234916,5.319346017397993
46.17632559259563,14.992990453384275
35.69457761864353,-3.659865134998822
47.88758753339774,-0.8230751819319213
36.28644794000366,2.1760299284121483
27.82178527444742,-5.98500391947149
28.95130246375559,8.285004869232196
34.625015402995054,-9.493963636188058
30.30989362996568,5.197396830215565
40.6174615858195,-7.541613978558942
51.72329799144661,3.466637810666281
42.554166052037004,-1.7753977181531555
42.513449630828084,4.560879995537786
34.96623105367365,7.333353975778008
35.8739225027462,6.388003423727049
23.39559710370569,4.44190297022998
28.1946206315453,6.139456580435704
31.459429612448425,16.918732749082565
49.3632290973231,5.515086655678479
37.67597630142395,-2.7364989280695795
39.186064498891284,4.8780176854203114
38.005554252150056,-3.1148489915779916
31.868426325670473,9.637381093939851
43.359138963697504,0.09776142382227127
32.78313533193177,7.846694503514284
27.097204546314316,-0.9537640727302641
43.793804866392215,-0.22127157299239686
26.293330619443047,3.3410369007549376
32.2090714255858,0.7629830168632719
30.57228255478387,-0.5153457272074906
33.38225622645845,4.870804674883148
40.22882155100631,15.88316612025078
29.315113295785807,0.6151884137491077
38.85900852356169,8.764700923851514
24.719547063156234,-8.497025093953923
30.557391124864623,14.849759317436382
43.79751366016951,3.921377588726403
34.215412270574205,14.612890739563094
39.62571332830027,12.920684150918412
27.044136532790105,0.38688455821020806
39.72115346918363,-3.10240959882195
26.239491110774363,11.581053496130348
45.134240723848,4.269992248473774
30.73871421820203,6.445685012408942
36.08789790137296,11.212735836054215
33.47387109245452,-4.0192726821126525
34.007611770726385,3.454098382322959
38.7531463202433,-2.35645496125783
30.160198880101163,10.812107406849318
29.38361830852342,7.904490482322265
32.10688338076148,2.506203463080119
28.012534792570946,-2.4262138755658818
33.54546214123877,-6.328469698362802
39.20377101543843,7.893783664331497
25.175773649366747,-1.2671020227389294
31.713970443330037,-3.0098126063660358
30.45276730555789,2.0603223946611076
24.354235607149167,5.123120937105409
27.40678931052152,2.619727747895294
36.22554186074063,20.738589569842347
46.494378334166385,11.887250726259024
39.62208881866498,-5.183603962527842
34.25125461355683,-6.349072942153066
47.81685356192331,0.5193313832750306
36.79922590671019,0.279004671030346
17.079932759349177,-2.9364941404323233
36.50197600943293,-0.10033930285679027
32.999102331009986,-6.293415353671643
34.99286306387436,-6.4093946697101
26.901769513170464,-0.28758799251110423
35.64591339694278,6.576294412070228
37.20327471265703,-0.11646558042431954
34.073497069617204,2.872158263516808
35.85991336869933,-0.5553901655007696
33.86326791006843,14.615860004398725
41.18391172857074,10.962605806807932
48.748242867805075,6.254517015194974
42.744491796884994,11.207133963148141
32.83572034988519,-10.947454770672811
39.83161349849781,10.941104387487691
40.65264899849975,6.1957223815781175
35.608871456876486,5.674378639173797
44.27125511199361,11.709683369715657
29.858579108863808,2.285776065956881
33.911705509151794,-0.2507142241513911
35.70163828577629,22.707549044714632
38.28062644397542,16.244133186031128
30.195092162735584,-8.396071591319783
48.51263666843772,6.74206416398075
31.875239172525564,0.0174213153247873
35.79994277971853,4.737260928672984
32.2535734175047,-2.990659440397584
43.16846778670673,0.3769771986096977
30.313732913951014,-0.6424870135488874
41.929532509759504,-1.0185390790231539
43.833348749188175,10.875433841328915
34.1556964957446,0.8800638732520549
35.7858146727561,1.920546052497139
32.23488165028336,3.918365291294222
29.078100787016325,2.068916458449323
32.837073423350354,-5.647671134820575
29.809759794399056,8.551924049372499
32.89200629711882,11.75481765232041
31.02771579928704,-5.824668822264773
37.87813752625226,-13.65517340804433
34.58851622008594,7.74742807497134
36.92143095637809,2.804886909402932
26.661094493647788,12.730454837812498
39.93467389984801,5.343032325473566
26.145740572931523,19.36204558106316
40.8366557243628,5.138629541490284
34.35562863700525,-3.8937752747587604
31.758908564069642,-5.617914374264249
19.220233557237474,-4.155810589397438
35.70025334884726,-0.35034315653412396
27.200596954580558,12.522401722491365
32.70381871152657,0.18797563094850034
42.252937382654785,4.387257599343173
38.09294088411369,3.2569095616581123
29.14789962562216,5.022082120991453
28.09529567743932,7.291490908052259
41.9046005188687,-1.0078136255054782
24.958560577838643,9.311141668927519
38.5569832651836,-11.412451498000033
41.52325896504763,0.6564002221999341
30.919403336772554,-0.24787089880524604
26.688768647552777,8.70543304092499
29.508371650953812,-2.528372304223418
40.141435156584556,5.053568844861939
45.25337553818326,1.2805963657445312
44.8153696086854,-0.24807539725222094
31.306192638859244,14.368696780693295
40.303357940234434,1.3521756885321485
27.589091652406406,3.804403155756654
38.270680563076965,4.147038582719128
43.81546145138746,9.882959383772715
37.88891741758457,0.8659675987626074
36.59216623155993,3.864226829747154
36.79784609347087,7.15233851314586
38.265650414440614,-11.889923212060602
26.151882368150666,9.905153355542716
21.852222613657638,-3.1581599403660165
24.23810243239472,12.064455051666371
41.39857519784342,4.568115449381043
44.69682582513852,4.342137576791426
41.19931520306868,2.8470629048669807
34.24084135037857,10.353819311788133
34.74583097525653,1.4681236066787213
31.657385395421414,4.008994734077419
38.19007644684205,8.984891108031253
31.37179828480673,6.2485213182413855
31.666288417345765,12.856667045053143
33.04532644264732,9.042582293970828
43.64922739976511,-1.7569011630812854
29.954728891518336,8.05183351218202
53.08047816528811,6.1853254758913465
36.9233086298797,-2.62045393104148
34.10465298151162,6.079616726349109
35.442326797855074,3.7921851008746774
32.01305537169884,-4.6379177794484505
29.636996528877074,-1.1175889989629093
36.22682797233877,12.51461063283514
35.68842744412761,2.4018925710894203
34.780537389481616,9.065566115771745
28.318235026691568,6.228686235439336
34.546979992107616,5.590887488495557
40.32075734200355,19.372964100908455
29.999048251499254,3.495303245261482
41.2793061362555,8.324332131316304
29.672931181998393,8.189469546904288
28.319945208201695,1.7461579418721769
34.4558483233564,12.786337332302933
24.045551000901852,16.908511562866753
30.898240901796026,14.127075038195748
33.47305203197835,1.432151939375938
26.988976512915848,9.405294489244685
38.43475515037169,-10.90966122483078
42.899026605724224,1.9147713801814545
43.46416819546635,1.8065567519671843
35.49852113772828,5.3572229452151685
38.85465452241625,2.5750381213435203
36.08380250680169,1.1353170058827229
39.583514487573574,-5.3520110841202655
33.79215165916766,-4.1012614701050145
40.91670084207552,5.97693360264399
26.442341834978883,0.7333468832426528
22.932969211579064,1.4881938464777136
35.041472643232666,0.8372394364182085
26.930211875387695,12.013604705531963
41.5364316377931,-0.6064346153093885
31.956374404494372,-2.17593409245302
32.61849525135839,16.42994104643007
36.22931181027028,9.359489319088361
35.1279494002903,-4.770862367929883
36.722690367693865,10.651920035728565
42.45654042442403,11.48239851249513
32.77173842480289,6.207225150174802
50.73642407020002,0.3137734885805594
39.63787022681794,1.3890519784702082
34.39218448857149,2.8331677734710565
28.411149611576477,7.009555640496643
47.97772506506921,-4.223852719882635
28.574282483105037,13.150225565692503
41.98041306341102,0.39211716025346055
34.48821895609646,7.00392069534932
44.24866629339106,-2.568408011748133
32.389203281953925,9.592495165463234
45.27681583837679,-6.500545418075134
23.494629891974046,2.0907058850727784
38.508469657263035,8.849115851835137
35.71197419421436,-3.6831951778563274
37.75239925068882,-4.167111373015448
40.393737435457034,0.027465701841380863
38.782498871432026,2.1354962614170496
36.850902449951676,13.785620172592415
39.37449805660988,10.654493435083136
30.409869260595052,-2.7204458727203624
50.13613130934122,-8.351767112085753
42.74732263682567,1.8819500261374074
34.81070492592573,2.1399752658098814
34.45897243458409,-0.4491249763890739
17.077692761066377,2.0406907011002025
34.519289825346966,19.038779682226256
43.67098687283949,-0.5385198319795457
46.13364173779674,8.851678912109804
34.806220433814254,6.1848962658188995
28.47357124570611,9.442539624590065
27.601382528750506,2.0172847830969003
37.001542842172576,5.051104734247303
41.27763591050969,12.257092069432657
35.04885211319122,-4.625720121632943
21.242365644004543,-4.292367229236585
31.004436171256447,7.030805198910465
44.69447034659423,0.27153842160578856
32.99145302831306,-3.7348182756273856
41.30574443941295,-4.593511060333267
29.845462185354034,-2.6723992994866945
37.266363727749884,8.810661662101158
48.401443382628926,7.575524250770412
44.75062457344181,3.6270580046501593
33.64827317428189,7.611102954558264
34.27266463832038,1.4232128204330299
36.92822018559783,4.977928443890101
33.928948827717214,4.035626021751529
35.07288092105648,6.612249929010315
38.108839560161584,6.17938185196552
34.41762018251718,19.775967675816904
32.5486487759145,-4.0983914795715055
43.33747229032179,-1.4714944827729157
34.69985796865546,8.938576674921077
30.345757225560774,3.9069540200714643
45.40972442199165,6.259416756441976
33.40073612618428,3.4228265568323937
38.58758337154524,1.1276658993404887
34.0477165569347,7.49079371897336
39.07681770606371,1.7644454870165447
36.17256551154108,-4.92363189737349
35.81973598769157,10.127826094626876
46.80152447131016,7.322768615266423
43.800771355972344,9.701241752973981
38.65859490351048,-0.29712734529701246
29.522693563367724,4.327465814731472
38.370118411932076,11.450267485619005
43.58039535523659,6.1828367417284715
40.61152792712712,1.9570967598355926
34.91551753168637,11.401182065059938
41.674420838436575,4.982925868659777
30.358795459431036,6.277459542681134
39.34889238262062,4.601363510184408
39.075898848319525,7.822192356158899
40.53364526859122,-6.694851025691028
35.62852545941325,3.4307378937062403
41.26057489276654,13.331341454252307
22.178300268175185,2.360259652955735
48.82517445736554,8.13518075723048
35.288009549743,-1.368003348122806
38.95936998933579,-2.259170087129398
38.31544871079269,-3.492884700739169
37.950627105273874,-2.633134720700437
35.39774060666919,-9.40893667039315
34.93922270218282,5.315765711184989
42.455750372841976,1.4607467062967747
33.92854610885406,-1.0804492292960912
36.54006122709833,9.839430856243283
27.343171130505752,11.193790196229015
27.521381010456686,7.862067866632654
33.74114694779792,3.389060860253898
32.37649727809359,-3.5857748679901302
43.479560708882694,-1.3561761105182661
43.38979173314591,5.968253843583567
27.39369730424827,-3.531878652905906
40.84146799834494,-4.203783500964304
37.9905915881836,4.40040324091029
41.40455517770561,-5.435177833754977
21.93159337926985,8.441132061011496
37.56889802203322,-0.4907723870924361
44.97128859098544,13.809293367218586
39.38062291479112,6.061884496077324
35.136804966465014,5.026071129867193
50.44086960150905,1.6497281113065831
29.43081582226629,-1.3196673127540066
25.24616825556467,10.746835119724693
39.73377124164427,5.967999213427293
33.53250621114505,3.9480036520017094
56.83401654684948,5.105450351649024
43.79921368695843,3.8346873291328913
39.513436331549045,0.025654559304176594
35.5884482849069,-8.13167358584648
24.501316825778524,9.582872127581535
46.4205368621571,8.85136134567563
32.57222088560988,4.259286099216667
37.51296412217641,-5.95173887573298
34.58716342930912,-7.752259864149346
34.89859375770757,-3.048204158928688
35.020315107968756,1.129783976870662
23.79812331400167,-3.1014421830250694
33.28560390092847,2.5854592896825483
24.17592123956677,5.155779581540736
30.511484877481962,9.28334728624884
39.20087927833638,6.420776951486327
21.90546282778307,6.561009107243796
29.267880138570142,1.326606667017622
33.61370513901781,4.688361833378415
25.769250930917522,-6.9138034274767755
47.76400249991321,3.311643983239428
32.12219098225358,10.981918316152019
27.352919337072425,3.548559243835043
40.1841766378434,7.411355407790351
29.777436207824866,9.194068218567045
33.74705750484917,5.947304741238287
39.737580435441195,-5.718920245440371
41.518510203902366,8.053814449951204
35.40492701183445,-8.754439495583595
27.964852118078465,13.442835186618987
35.28191494346558,-2.5520569227483234
39.935295520386184,5.081685679972311
37.78881147396346,1.376987246900811
48.20140925336703,-7.886844437183676
30.085229780884227,-0.5026251711942402
41.84836819810484,7.548803078543052
50.525302852141735,-11.737015855636866
40.41246707269013,5.762013847512154
27.23817705757905,5.147421818661263
21.39303919161453,7.677599912257545
21.963528763722174,5.065540894169471
35.15072913103942,1.700230853715119
28.602598653143723,-4.373522080839589
22.211112655648428,4.0109664110162715
31.31682791991488,4.48979113503971
23.084189474719302,6.294221871550594
28.192354021543363,-2.1769763414331083
47.03436981682337,-5.885724365189873
52.9841259428885,-8.835453847415756
36.51780652578892,1.5863701383519304
33.40657702288596,-0.38034994765707264
35.99223349033067,3.7949885766526936
36.43591025281934,5.051405869267189
29.166482889139232,19.775984760469207
40.85341007774391,6.4586335369450385
28.38061575719401,1.5618604929607516
32.19753935418161,4.578770408081956
29.18466579451492,3.139650238385639
39.51563340649284,-2.166437386945412
28.8783583520639,9.380698938039346
26.07394096987113,-0.7833426470337583
30.204939397621775,11.204220238574232
30.8652474986825,9.688231726623162
40.7172563567284,3.8811272693375374
34.62512741785929,7.39846404499014
39.36052107745941,0.6321372661912426
40.71285461267042,-6.621839302679636
34.40672055614419,2.658543730265954
31.69364482219406,7.964070574312329
26.476709975664754,-0.36618126228980685
33.094274518414814,-5.605178740548851
35.80259932959619,2.3941621623078215
28.847280553999667,3.809658742016173
38.385442485781496,1.0834082431784524
38.77058925560083,-2.8640212135841407
44.91124528104029,-9.563656643310686
32.0743027523415,-0.5759122798919369
26.15534103174357,14.219946585649069
31.362643349790407,-3.0018695615370508
33.61931386016598,4.259046992233887
38.68415978314772,7.446510138445127
30.220477065050346,-0.5465131349601222
27.494122240744662,3.2035733557113484
49.83583953013362,8.892203104175161
30.668815516463894,11.028506421002845
31.47593863412347,2.424086906754871
40.26524466501094,13.597927308471505
45.8550445154588,-3.136193178962791
35.47537411385065,15.141701012936513
27.544193363801188,8.059561901845438
38.9029631043201,-5.6543912976545805
29.36262378504606,3.147838313690729
48.69910022721155,8.0982061853835
29.013960593183974,11.404345320594775
44.716420782191314,-4.224034631053287
39.880018018116374,2.1362573973153838
30.48452310697372,12.988731365623476
37.22837533633078,-6.292744700961254
33.610656812733374,2.8625697479761207
44.84920138598537,0.4003810178404277
45.73065508321275,4.8672837634415576
44.237896429936505,-4.891882307698543
35.635648170320756,-3.2431319535447276
36.37030413192527,-1.3890412617401822
34.014549654925254,-10.86915498439045
39.937547997574846,-5.671972850144918
42.093174693281895,6.9080092262550625
37.55257911442802,9.036441198150733
27.313711334005255,5.95590800937448
41.680032637675,14.929149759986522
33.316597862967235,2.6616735443744073
40.772855494011026,-0.6036024144703154
24.90885567891591,-9.751180450402394
34.31173678735713,-4.616080578989671
27.985743487590973,14.372358881343683
37.27601338246762,5.945937029684469
39.231515507810975,-3.665426257564027
31.602274069360966,11.054889366748448
43.286609452547914,-0.4314754386160171
22.8353037530216,16.73372314407192
29.425976196679287,5.028773616198861
35.18569385414725,1.8672362823091748
34.549127954939706,2.2260934926947766
36.09567072192373,1.733726381913002
32.29916181301935,5.430350166977063
27.55572524623959,2.370877974507273
31.83555425863593,6.193679417276337
38.92919769946286,0.4118871800491237
34.54647711594874,2.861340970423995
25.073710167036634,2.4405612452387473
30.88570743246967,-1.099739011288123
37.72761008229481,-3.552965418234778
43.34018951759814,0.626963133091806
31.561282161428643,-5.963565535752773
37.172785233712794,-4.169623973500272
36.63930829617516,2.617431791214117
32.93027886343776,1.9067893803077545
23.511382408737493,-3.1347241555649834
39.241048028046414,1.9592230296471533
40.0278138679271,-1.5195076130803074
30.06236746298211,6.012638659556289
44.08432540342737,-0.8445981395170605
41.1264307518664,10.064736205146135
37.22956903172579,9.36426255659591
40.30190694606523,5.7194053527207345
35.79448380788596,7.0464407270344225
35.58786535938219,-1.2200328204726514
20.36947545333147,12.384485880087782
44.2860161491893,-2.7910266416844234
41.362915387283394,4.782683939552913
28.78518712756033,-0.9103188765777004
35.36235451083592,1.9555724220281516
28.53209072772677,-1.4753018149944221
40.96249548796199,1.486406875681039
35.77575880437044,2.074660478212282
35.363352950166245,-4.560682590162671
38.422921313638426,-4.7495291818030925
35.89242082784654,-0.8637922121514539
34.919753212459284,3.538523705580477
31.803026587670807,-4.034970134319581
38.55125030834936,-5.207483532050363
46.62269458533521,8.812202556646708
34.29553190581049,-2.5966245104317105
44.000193355385136,-5.108067637809166
41.08114892973849,0.9034110581253714
32.595831695369874,-5.642134652375191
24.438287393374793,-0.48453413626773845
15.30422283175108,3.957551776804859
27.121304124465276,5.296947979488886
38.69416348109023,2.987169046716926
45.55210659163324,-2.3812890274543124
30.03617049584875,0.7263488104038518
40.779675044458024,-11.049359613407354
33.10429101044502,8.957606119356907
33.857037616712994,7.116926265261416
30.040228441928157,8.196976690567237
34.99722604738211,2.8498833869357387
36.77406943742892,2.983775119885755
32.06622086077851,3.877847952517728
42.61177850619533,11.576794368140163
35.17939385105963,6.690754951481479
50.01311728522285,3.948879097899277
41.54052968945513,8.854948640074573
32.842562249240174,-7.6700286332802605
33.63151695867963,1.9537464312132333
31.892729494046907,10.571567369717545
37.78985404614937,-2.392982293745834
28.894556049484315,4.49216896469772
37.303918961160875,6.733192159922055
20.303502398167154,3.049675356153242
35.67050869544654,7.7008274327725825
31.2447777755249,3.2327201106525276
46.144814153369154,4.39898960216003
28.594134597698936,12.997267940118904
32.32071745478992,2.5944135888298403
43.05212783418768,0.3701034477707261
27.349713330705946,-1.366350831637095
45.68347666707058,2.2343401580407805
25.49640094349788,-2.0923389988250447
33.131071010030695,0.05766328023571177
39.09053581984341,7.767457503150483
30.264937546738413,9.766997061048595
27.38337885212266,11.2141694841598
32.431195235307854,2.165092402651169
35.254274467065116,6.989313566763499
38.026001247373905,-0.3867284981371393
45.98154994684864,-0.5137067847491688
36.21809156216867,7.471061603372233
30.334183980687367,6.996351368250696
37.99107126523121,9.416524029430686
39.62268682810996,8.760490635911395
30.08181038591991,7.896854473858518
31.10479089939668,8.379026977058974
34.62518215078748,-6.68028118671613
29.46664941389918,0.9969432065432962
49.88306633276179,1.3323756100195343
44.21202420004086,4.152463661210144
29.755903052435094,13.014241806459195
42.84655184861087,-2.109056340292094
26.75006116746026,5.846178711742362
42.8118918922346,-1.793111169254824
30.479121095189797,4.549175801261013
30.86389600877345,-4.705306268516953
42.41051310981341,12.290845638843539
30.978393496101553,-6.639012796673512
34.248955320218215,11.475053448022008
50.78917367599716,-0.7790058881031898
27.371656727802005,1.590100056159835
37.60602687829042,1.615226924410123
32.49096744340515,6.517397035223206
29.95511374989263,15.517369070401234
29.010532434921803,10.437766408652182
44.38942014872103,9.279991550038142
39.54264124500476,0.2564934466665778
39.24106162901504,9.647855974576252
32.633460967440065,6.304801241972038
32.6399467198207,4.663905317663129
35.96676810317565,13.341160824200704
43.536181341519054,4.139194091765392
43.59987934844972,-2.865862899619609
27.434564049510882,-0.2689766807001073
20.51988847870973,-1.1158953630344062
44.0362913710139,-8.124650341029696
38.39882111432037,0.8670652805323744
30.69304126879331,-5.720791757247687
39.10196347485694,7.190268878663966
46.37496924011362,2.360221864342083
42.08495170222465,3.3435646531833005
18.494726324853186,4.041891525200659
39.20971361065816,5.507409852918694
31.48713284136764,8.056843045293448
51.405910054648665,8.64321273388339
34.53055873359494,-2.4660579983288358
29.81626696951245,0.3279449561729759
41.15528443306113,3.8386015830050964
39.0975518304922,12.384300245088705
44.10914364736205,13.472298285934249
33.047045782446325,-2.932365899842182
35.78927270221393,7.286505872413018
51.01903104736648,4.57632568855849
26.751825503532174,11.01248468420902
41.0453816799623,-0.13503523349275426
33.95769261698756,9.124465465874032
33.04082969632642,16.693478988107273
38.73394232461421,2.6545585225424517
42.70337320964027,9.028793945176503
55.4229997644765,13.785171227188947
44.307290165863805,15.570062204777857
44.70338954955608,1.7136298102363445
44.03307136525329,13.987143381434372
40.27895417818279,-0.06163601507153116
34.05901490870595,-0.4759718397245907
35.532902405357355,6.0536038513010455
29.508532182831487,14.277243746402016
46.71861526302685,6.851616307754126
39.551752754299045,-14.289414694854752
32.39394264906319,6.502496355420606
39.779932050501266,1.3991359179488665
41.00564919751352,-10.768350233372077
23.624357210876873,7.235543781071171
40.22947584255066,-4.144956180094803
44.98342091671143,7.283346441016297
26.8581007859354,-2.6198742549751453
21.787080114193266,5.0548805133917565
32.045552257795144,6.909673357141401
42.12493105006523,2.2405641219254724
44.91528906006125,-8.899010808569138
29.92302402074445,-10.440893652936087
18.80163131180434,9.796848296079524
25.39046452657458,3.170430424687572
47.07461877559001,3.795986012515818
36.982053628984815,17.176218198573025
22.20284026261588,14.230870789988336
33.109344282593206,-1.0301008613539162
45.32557596875396,3.193093922486307
27.34496822877996,7.843209627616384
44.31999538179448,7.306679498345771
55.898767079724664,-9.883556733369081
36.007211113785246,-1.545337712488057
34.59790428653798,-7.828317344415259
41.53510033483053,-8.543174333114992
20.454941496661355,0.9410033687101294
47.18685175575577,8.252145771104676
37.59994265443915,-3.615455515427831
27.310855119330935,8.121812274215095
27.357730711079782,-8.728236774874004
28.55907267909567,-5.4798874264957025
27.511852417485613,4.537764757353562
32.7800948462792,8.957820303746434
43.88290693155641,0.19752829991606502
31.14726991556002,8.003020491139964
25.565747657784065,2.066382315455174
35.1014705018025,8.55655729251411
32.00669530631872,9.877939906727029
35.311215931698335,7.0573074801683475
36.300341010112774,5.96380279743518
38.68232789615739,-2.5362336108996404
33.69972090414833,0.5352379169118096
28.498097122646584,-7.848364602053209
41.025661061438456,9.16725743185874
45.45052195379213,2.020418473742803
34.67599320765921,2.152416257917331
34.03056495188975,0.5222693239319547
33.53777414330837,1.014558563591839
44.060890679970825,-7.945616590587559
40.149080898453825,5.226776090457903
30.32878856429715,10.686688420204785
26.26195232231512,3.4148464476819393
34.32126174248543,-3.2624572984830484
34.36163419916553,2.6576881832246
23.097398111826017,2.9308068922982207
34.22335992528345,15.52589325319726
33.864595066245286,-6.3879764911302495
35.774257303818885,-5.77551832748828
38.95314343345064,10.71773129818731
35.82895905753424,1.965448282046973
32.69161409344625,19.08239423696333
33.97297292470944,7.014453375010994
39.75050685279146,16.38221870416258
31.825750540935218,9.791874092381585
33.38067189887258,-0.8810006157415806
50.016837573998885,3.440520343268949
36.85250750616675,0.40267824150561404
35.30062369663269,8.986257807456525
41.3615506179958,-0.3460028283125247
33.591832371768206,0.7573581173902415
29.854261052887082,17.573762181505643
31.6164687188588,0.09097471447489136
34.392082816690326,8.225418330645114
31.09893453595182,9.016522615172931
33.069213283994685,4.397324718434739
41.987138124935676,8.193827683005876
37.1909594579697,15.41567872015526
35.920365115822435,9.872108431178384
32.7903753022705,-7.836935356561714
45.04827282631571,-2.3210439952377824
41.90677742659318,-4.878304312943367
32.93295215683076,8.49416870799999
43.24456632810659,8.276443214095185
30.55422940595501,4.8186243420928925
40.00639919138585,3.8325039322420213
46.643432538988726,-0.4675476147478328
25.637511455898853,13.092189873597075
40.73076391578077,-0.1584996148630018
44.40267656494438,1.110536207702551
26.387770106063194,-4.434306568772307
36.913764552996916,1.1089920246868066
32.88140923541457,-0.38795331406251243
26.963081092514656,6.0456254350536405
34.63066150633502,4.450446221660276
31.867656610043642,6.519774856434793
34.490148685471766,15.82595172532983
32.427531158973494,0.7936450077567767
38.24228588061898,0.8527767184408193
37.72069243309339,-6.6295109484012436
38.38115232752057,13.796613435064563
36.23307549817958,10.760480805880153
