x,y
-5.7497954802301985,-160.07353098009418
-5.186394072960001,-158.0738215550134
1.460129107842151,-170.97346738298805
-2.923098767014309,-156.2287987906855
0.8234578176279241,-167.9431567045117
2.7289422142454356,-166.91453308348542
1.248281884226221,-158.2775993756707
-1.7495079941165708,-156.65483526954148
0.9658603908245582,-158.61610307833345
0.4482181302047538,-169.05002214403916
-4.336235010593651,-158.84609747662407
15.428727052426886,-156.52061281878863
0.8707745134167378,-161.70116438102826
-3.498102507116251,-147.23683488649982
8.216818404611297,-150.32013153273837
16.529099724369853,-150.43764806657484
16.169399165417104,-148.6881246173901
8.376399449911837,-146.964167618851
0.2671948703060869,-145.65150779113964
3.457806270304486,-133.74705727347418
-2.6673419516233556,-146.21806810114265
-8.836161689097725,-153.9703855742427
2.6896995961886905,-146.16363158526187
-3.927860180756566,-142.61954845681774
10.186615497450834,-139.11376549713071
-3.9551961135225744,-134.98982013016592
3.4683969599709084,-142.14839655667043
-5.932823300033009,-144.53810936339184
1.8150405488921284,-138.16412116978088
10.790579087467574,-146.90664457198974
1.2317484247770585,-135.0676339604804
0.17697972573244725,-145.10601912328497
-6.303498643249824,-123.53051778379529
3.698212577940408,-144.68317842200568
2.981811247844048,-133.4571858296331
-3.2503054216466505,-134.96370765350287
2.9789728658658694,-137.45981851577778
9.345550975543386,-141.31275310944562
3.9229729202988284,-125.04423900732002
7.946722596357021,-125.47248436674147
2.0838756708878674,-129.1474126696454
2.109966758533863,-127.34748615839888
-0.5459069635521621,-133.68861890978528
0.20919405786165068,-128.4523931433302
9.742494759420318,-121.12726395304132
7.913587112642013,-126.78726323004639
-1.4222231978541684,-123.84884736199285
-7.12904827060161,-116.94350008455345
-2.311133348024698,-127.15811240454646
13.430753437263597,-120.4193233121828
8.980019299138851,-123.82010039532271
-0.7205514928402978,-117.15867031888881
0.6223789176071808,-123.53062693681774
8.80892091659356,-113.76539026707277
7.394428751047692,-108.38164539997518
7.043149100038964,-114.74954329068143
12.15336195627967,-106.28247225599989
7.118989761949624,-110.10917996620977
11.074596863837577,-112.22530201832426
0.20395375037563568,-125.40918879234903
14.09335243768611,-102.4658132556657
3.8498331768501304,-117.22217230463647
8.939042999133942,-108.21868217404098
2.2370132513932894,-110.11304570409082
12.682786390859672,-116.17935218210401
4.904641336496369,-108.31858546951959
4.700149099421682,-98.36008295170204
6.412466558862399,-104.83405809208432
-1.19053485577074,-113.86639278274278
8.760133415261345,-113.82980848634028
14.644463186513388,-110.76455711715664
-1.8711669141823224,-105.19356575050836
13.421838883110386,-101.40311548953149
1.69278688455399,-100.14707683691361
15.558394965683938,-98.99693774619979
-1.1184452447991706,-100.26044645631839
15.831928157990848,-104.21248668771096
2.177931083878258,-97.07207642532961
8.808429500418983,-92.13089791135204
7.528882526890841,-93.28722924804616
7.761519884234789,-103.36282556317931
18.10642041908246,-80.02954009231792
5.601372770130014,-91.51256223447173
0.6355834331180192,-93.22325645872512
11.754178328258147,-93.23159672350322
8.092417425550016,-99.89081407809681
6.994541257308125,-93.12640232264262
9.879457608140614,-101.88268312873544
10.071297637248135,-93.49252191113952
12.70731207245289,-88.56675394022416
9.834475649788331,-91.84353833864478
-12.993495555191199,-83.55772824552636
1.8262192288850034,-95.5909098661545
0.31845648758127787,-91.9489084146541
9.400291890141762,-91.2506093311498
9.7634825808756,-94.31521706294404
13.365785511487156,-76.36137986158414
8.619157384041227,-71.6450901359636
6.18720154875666,-81.53368350442219
15.210743179803856,-80.63815505450862
23.974895526276295,-81.0869697744725
8.428082060344796,-78.11882734480679
14.49010910927843,-88.10796610194713
12.001435567932754,-70.21187704619597
13.631785110936189,-84.05180988328863
4.698649482200045,-78.16645027152123
17.74582661631869,-79.8096261382433
10.627188201748812,-75.03842760390873
18.80791739832903,-79.22530414498391
5.270673964807307,-77.52060089569962
17.97924358770404,-87.93125842486187
13.800707020173354,-80.15624682053934
10.763500524532498,-75.35820528981809
10.660854211468322,-72.20003078721919
-6.218937022291827,-75.37160486377857
8.841116447248654,-75.75917446450113
7.086981415202167,-64.55081299365526
11.648679895318317,-64.8163521832095
12.72582337420095,-67.00079359685
20.651677313459558,-69.26156178625433
24.233831883618883,-68.27140021710154
9.037624440441142,-65.1880524721031
11.458203037925523,-66.60800885587494
6.149111748824475,-71.71734227216973
11.62661094913067,-71.06078119725737
9.702214951858949,-75.85518325717275
11.868033023603454,-67.04075715451285
7.026600906404403,-67.02980839111159
4.046159993638351,-64.31430603351485
13.296542020835286,-57.98186109553289
9.59683970085614,-60.57114347642706
7.886462045294069,-66.5731432891449
10.37191105053701,-45.94091534241431
17.158270461897764,-69.77704443617475
20.095786345490747,-43.820505792911696
18.531781449910245,-67.31760307851172
8.311142759824559,-58.651566288162975
9.51640042003866,-57.36320171101022
9.885325404908038,-59.4124239126877
14.129233365894693,-52.95057119016088
16.800051697588707,-62.72311696457625
12.467024210655962,-54.02209591721011
14.503089410779635,-63.31594855743161
25.104390681547187,-62.28592251486632
20.141992673407856,-56.14051866904029
14.35826262631306,-48.3922549623735
8.377284864300158,-47.854697681626206
24.54748105646653,-48.358283508440735
4.391438635167029,-53.176649384999266
11.312589816716413,-41.87429147604375
-0.21541382351582783,-48.029086967213644
16.79579442940531,-45.26408637855615
7.322167027413806,-54.10505519047821
12.526547142076996,-46.51214453921713
11.852439101946356,-38.436514185700794
20.838561536493078,-47.53479218317324
13.400871911613539,-42.92820319997144
22.798309587813684,-41.87465802858275
10.582031175930457,-42.813268865397674
14.473525314830436,-51.92667151177126
15.440570352863732,-42.21876581401627
18.25844336765954,-41.556267060086896
13.09914691772039,-32.791519731461705
22.7421981672494,-39.952874987835266
12.565809663682481,-43.380199015444155
22.207528876542597,-34.21602328451063
9.088611078148631,-35.33146885729395
13.488580800079204,-30.841733516010873
10.598082592745353,-41.86355888622562
9.19493362392785,-33.609527560440824
19.305885479987072,-43.533959002816104
15.745624346272779,-37.898950390587736
16.494143951650162,-26.691375041209422
25.180672708677523,-36.402442114746464
13.875547509705646,-36.722609393795686
23.45302561122231,-27.98757269938225
14.974273076356765,-28.747417484294196
28.8044847849962,-26.440080744509043
9.56085834146627,-21.17787861958615
20.197421526811617,-38.24746831495159
21.5939519390625,-32.53244018700139
22.727301992674096,-27.482967908907142
12.900018383854338,-25.42741518277584
13.986221017978647,-35.78378227490462
15.120530528793005,-23.391351950198214
16.36286658076628,-22.412073553321516
26.063009602356306,-27.951509404982446
16.044160367415607,-25.826789650813296
17.847787112541948,-11.981957077985662
21.357632788295486,-20.63261637079517
20.289634250791742,-19.004385839392135
9.483730731729402,-27.239557062352894
24.433235840873678,-19.98032051559708
22.49696086915806,-28.19414358162217
15.327677605055369,-23.10713238011468
13.830488799058237,-22.069090262233132
22.81675437272272,-21.721244796679937
25.229765839931844,-19.86239353996638
18.40989905552437,-17.93887956984577
16.451775035280633,-18.02800582050113
33.156220515892024,-13.048345455245151
21.394743473149482,-18.564028388247007
23.56824841394024,-27.006917783567197
17.587642670826703,-5.721837512320906
18.463480890977362,-7.880603948758926
18.02097779168173,-18.629967710162166
15.962676328195403,-15.933970438592194
21.236892688555837,-21.006088161229222
22.220019884157203,3.0261827680125517
35.43656926019107,-22.54169705205358
24.715849291102785,-9.01720086227923
26.07899283310901,-4.961341840957166
24.213173713724487,-20.862029449205288
16.985356807853314,-12.999462103945262
19.53931404361041,-3.378371309370938
18.614850115631743,-10.710736050925902
29.934151592972547,-15.199914111557414
22.429202043264596,1.1820440427445682
27.390616482030097,-0.513998628884579
17.886631700885978,-2.4839773813281223
26.21522306200598,-6.061800549672338
24.221132812779324,-13.47981845403366
21.83615601100031,-4.86758713935674
16.68656352981942,-5.189993514258897
29.817346611801142,-2.4859153778194623
33.61708881138019,-11.19664105978977
21.68943878374862,-11.329954981562915
17.073523212975427,-14.424832701234504
24.204862263692917,0.639519801246081
22.592366493102297,0.4008885280266916
20.43340559359219,-5.116809160367824
28.204859442114376,1.540474667302088
23.786645270759102,-0.39733734211766925
23.698235248288245,-0.08766704907862832
34.446506328769836,3.911328002016822
22.273904647971136,-1.8997914300756884
33.06173361848606,-2.9316536917594274
25.428092274608744,2.9033166743360304
19.760067772852118,1.2206016701770896
21.93660273829925,7.453873618613817
24.544823423232717,3.9626006825288536
24.925015451147466,7.903985868481545
28.90529605488908,-3.755119658085558
23.07609314295528,-4.551373376528563
30.774285768822352,6.120220204895932
25.567185279606996,13.556655528926536
34.378995569332616,9.13254038919744
23.124479195945035,10.227556149876008
23.943014576039243,3.3877083359693785
32.18853303735397,11.182144872725546
29.83075098242975,7.18059423474342
18.717577187689315,12.239660588361485
25.690237993131042,12.673704243442208
26.403549571968558,4.819155345659487
32.27865524165112,15.808730144273781
20.478459607084034,7.58630251201889
24.47066369165191,7.688528866571076
28.781565575474342,6.678739539099812
28.366190333144704,10.294070954430804
32.354460324342,8.152953437863662
19.7948730574656,4.539012109713999
20.68500041043745,24.315334908509122
28.734764425444247,17.697416920033266
36.0530783413192,17.900725109785874
22.53168763693662,22.52712711170348
16.785621664557553,17.9665942875073
21.650776977775276,24.180025487913674
24.112718641466664,15.254850339016404
30.270150217372834,15.645883682920394
25.036488644232517,28.411343540737036
35.420731133513115,15.081925387738586
22.548341113279037,18.973712669822543
22.339335491099764,17.50300979276346
32.76286906327644,25.994590961016865
32.106616311482966,18.016340140248822
28.292050368854888,17.919684695665957
31.640552499559078,28.29791624405378
23.7800990071792,21.21911454713402
18.32140178258915,11.515585121467893
20.678368689531823,24.604015022899762
34.74072023704115,24.575022482543634
33.87969406063293,23.788083164245087
23.079318440768112,20.833992584211188
38.09192637982799,25.77749401871487
19.70405718687802,21.978002011660475
26.927835505323827,29.37775170363708
33.90820945781978,29.469402335582704
31.37915204606321,27.10499569559461
27.66770826721166,25.06905641411688
24.256336050904288,31.412786631641566
27.378059922801498,31.595190387602784
26.134354214226327,22.981238344992285
29.79608427655323,27.87920439919115
23.15588100528323,20.603228672124537
27.89881159660448,33.25329988937602
33.61847644484821,24.02085832620947
22.766251528176223,34.40617399327637
33.58781784589422,36.27721746524436
38.02890568861875,36.19709875568055
30.54263311659763,25.392651058722176
18.903602790217313,37.17151134231461
30.22044716917359,21.747498828785865
34.67696739789125,32.91322458837556
31.716528486793997,41.607246065367
33.705444793931775,32.11854668870695
27.766416179669964,41.042323069671326
28.564070742180956,34.91956066103149
35.66603536139451,45.01119460977799
35.07158438350601,34.18382296184831
23.06670864108049,26.81448434936802
29.240707302877397,38.78178300956124
27.028147524763682,39.51009485948273
33.402462802193355,37.001946614677394
34.39783409070742,34.95382272447175
24.596956651961797,50.816235844066355
30.242561678584256,45.71592115639111
28.683915677771548,34.79413027702544
37.52014421293931,43.24905948254262
23.82910680196836,41.749964616884725
33.084874524466805,33.85301924797661
32.09037220756151,35.388762308003315
25.925029623001112,46.6608938068252
39.681466329962156,33.721410838045166
35.508752407163925,38.30724545640974
30.34940299261301,46.34747538765335
37.822186986694355,45.19321428601806
28.526498333885822,47.70484049199523
33.55665491933725,46.122498130833975
24.88479454176994,46.12239248845016
25.624572385910035,39.83643945706243
35.14110136710075,35.08292243172029
23.42113166291065,36.673800823215984
37.6046727265976,30.881247262358876
29.712991011993072,51.2371978978888
30.354611508295143,46.3773429229465
34.59908745108084,45.86973206471681
30.77529114038461,43.63991490227328
40.70447424834453,52.95312177665794
40.51318932944909,51.17926742589103
33.31708949618764,47.512649437046534
28.1704046517081,51.71258263800234
34.294737868670026,44.568639752991835
39.23593290565381,42.223900046883834
22.470904520825137,51.94115731110718
27.531813815204284,50.9084657203291
28.320973782376306,58.23975004748344
29.438700804106674,49.50769440804629
28.16911289948814,36.91742125648054
33.44709154745586,49.997774136962846
27.421343389357677,56.05384673313879
41.775146134030436,59.92277714576242
36.450786954636584,57.18425890849309
29.955884551273144,53.314324129789185
26.24152232940616,54.84181724895498
41.462793851154146,57.05789345573005
43.800119983953664,53.25796520254323
34.36045494882215,48.99061223415936
42.7902264832657,53.60626047450741
29.44994121887867,51.45644069585631
41.353609440534825,58.74646065750789
28.432532971074817,57.31701068588709
35.91896589021119,52.86710752206491
40.01921667696968,55.37641629426584
27.688228597800844,58.6201817024947
40.16713020840823,53.47580569608164
37.88157725776374,56.514448582507285
37.20739132799917,45.63741687483689
40.480042942401184,71.26703962838528
33.895872658730774,56.38439760013414
40.76734795255342,50.53094366849724
45.09273379714659,64.92019009927989
32.41646259459133,62.905856310396686
38.619388028209904,59.20467864740835
45.128158851477664,54.33276102205532
28.06679166142422,67.76576396970995
44.50130869789514,62.64284411810236
43.318022328655395,58.50458375825318
38.8764570853967,66.49408234976339
41.51512462760906,58.95791747193974
40.66456444813049,53.497824915448064
32.620507990817515,64.70631374071215
33.36864857095501,71.32779764236491
35.27339031639322,66.54807910865462
26.860412827137772,60.420645302546674
39.23987341629607,59.486812859004665
34.92712476107001,64.82941448197268
35.88541325658809,56.59591204400163
47.16232689595826,67.34294326620139
40.586199572068686,65.36373470882944
43.267241036380014,69.5599430968226
36.67248527586419,59.85104466511294
29.78678863762485,59.881104081625374
41.45345093175166,60.91924839855989
38.440482717614955,62.27646205664654
33.22123387877356,69.34055660128881
48.787260359368595,76.10593626181618
38.012436058835014,73.7559926616389
43.43800780319947,61.30137318601818
48.55533576078161,63.822959438865865
42.939772364068325,71.44715260463106
38.878785125592216,63.11116733747029
33.87431789800167,70.27846814465944
46.71104521066156,69.34834582123274
33.228464277840565,68.50056637235352
37.19058541459061,54.93367928021011
44.15013564277188,64.57060420672673
30.788588972287023,84.82609554184063
43.38819626879821,67.47427169951641
51.177678745087036,76.67407844003947
38.47531966731394,57.23017777690289
33.28757176403993,57.49722252695361
41.13535462704446,68.51607817945457
37.28579423937619,73.4673397639969
44.22876835120725,69.13759780651235
44.40584723992283,71.93604868652889
46.890218553000075,64.50645708484534
30.80849796347553,71.03435235579164
47.4004741494517,71.96882614678206
33.51986494059062,60.37525568069728
47.29559594990302,71.19439722228586
48.829836093950135,67.92265265589826
43.531767489750905,73.60984897001663
39.36401249791868,72.68649472053362
42.55538273121885,66.80193207083538
46.130222493791145,72.02335266375789
49.84821660598278,73.94162771513128
34.62110214787644,76.19394574473642
55.475678597822466,78.98145511929127
32.6588128344503,73.56710635054638
46.759854275594115,75.94595072947804
38.40808625182429,66.84662809366205
45.92276537026949,77.85215996886255
41.00733874745321,75.79281831033907
44.57087386500768,87.32681899618666
52.08908237525799,67.42833428269502
42.50433214353678,74.94808912126187
46.74194766348335,77.86506223846344
45.74823156176319,70.29294732250112
42.53274336068301,78.00725086442226
43.63549405644874,76.45714449551055
43.6195435028819,74.94104138420079
41.221461886354696,74.63256627266018
56.755607940190764,76.89496080010666
45.05111042634032,74.04868260295022
32.56954206112046,78.34061067991844
42.87631642120737,85.68168052293977
41.04986675295833,79.35774388420056
35.505427567319956,77.50120852401993
34.19105517944382,79.17790226298364
49.32979208058443,80.46532870128745
48.07988969921572,73.94688885432011
45.30825509620171,72.83207189272903
47.7417064907544,78.53935768308159
42.741724106122604,84.53995861441999
52.3151263441752,79.38206309680166
53.46563233635795,70.2623195629179
50.98193749431277,72.90433113082871
46.79995076762211,83.29099716067087
44.237097400039254,81.11320428748647
36.49407056106304,79.81938037825974
44.95408415792527,87.2344795232341
36.7803991706333,82.94859843901224
42.60391619102632,77.64323049186588
37.30399830222225,71.74728942538134
53.89717100887143,80.61548629628909
48.1296670888218,81.77739221310104
54.13102571612238,80.10592059278345
41.307619050586354,79.59192557527506
35.625574194298515,68.78981589543403
46.27053153246319,82.33772037875133
50.73768674038446,88.54452988410011
49.23571541411596,74.27903544960245
39.57093984311348,84.32049394916072
52.859853478139264,81.772523734254
57.63561392576432,86.50412464160837
41.41356624635719,97.17723266042003
44.78141676236806,80.19968953791633
50.14797820282049,85.35310161192612
36.932241234806,88.79255455535021
37.45061847758373,87.60040063459529
41.27326237218953,93.44981040305068
50.659185616701976,80.31190980847641
49.37458851251069,81.66925567687993
41.48900264002627,80.74540712365217
48.29035570308195,86.83616166679906
49.359845394220216,77.1189961288209
50.658118082417566,79.88628567755441
51.235093139997076,81.79255684386916
43.129287784175844,91.46228916053796
44.445726175688804,95.53362489452832
54.31934040451037,71.87068659232546
47.70029187583532,93.26944435050558
49.58416287695155,86.41414768287184
44.56921247744232,83.07053289050712
51.62898267487568,85.93673723923416
55.88930380579462,87.1685877048212
48.25303552944458,91.39682296853252
35.018753841648135,87.90266266806947
66.40639127587,84.24697816867616
47.34940746902205,89.89986176688396
62.12776477617258,88.24921585564498
48.155869942849236,79.42088162146723
59.80625292376541,87.23723742028186
55.150593751309756,87.50099519436228
54.28427324119895,93.60531520608463
56.317826391666244,90.39393392733736
49.92289543501211,92.55688995204937
43.47486402233143,90.35559966276105
54.81630867172448,98.7791730158372
58.02756568715614,85.75827537349598
46.71975608475129,91.55386472281636
45.91431053367174,88.2649096797487
48.806492690113856,87.81119849603435
54.5965050149889,93.96339165726289
52.7231989117304,82.90211550711622
46.34798651842249,87.09813202128419
56.72865790783362,86.01150732898455
63.85098161262445,78.00219042243677
53.477226497645695,89.14796640698465
47.22064113281401,87.50670958504935
47.22910696159635,83.29387661975954
63.14347642034391,94.24163143105736
53.926332577897234,77.48021942244864
48.11188462324592,91.21886203448385
46.758821752984396,87.63455186304665
53.56784825210558,100.5234985502523
60.10439505992464,91.93271280064927
55.65251457232034,88.41368332870736
53.68714461980895,87.7999991366697
62.85940361145143,91.21288302792367
58.19890182303272,84.49060691944489
61.10828327952598,98.17083752209174
54.597496106165224,90.49774922177487
61.95101096929607,84.7524480659354
60.71585426805005,92.07676108178745
63.509715506753516,83.47928117369894
53.1066848878801,76.2138752402766
46.60318474310206,91.99255709194617
58.228620702187484,85.91041848812685
46.88083478811655,88.90467099233403
54.04557597441214,89.93113294043908
51.587833150099144,90.57433849222117
58.202190114874305,95.93697647234326
61.98483216818461,90.5375532644525
54.07624478281586,97.88770962370921
57.2591673494929,86.6558653357281
55.74152387371513,93.26202132524958
57.453964205207264,98.43671203457643
53.337451669333255,84.92803280971754
50.71989949415603,95.58938999576063
58.71082384199402,87.63216310640455
59.007817439188194,97.91261769815672
55.85473510417099,97.2023392619961
50.99046621132106,91.69021283183741
51.78822627553785,82.37067423554382
57.384380813594504,90.87515879721563
53.20766823652006,93.64162410361266
53.55511939533361,89.87052051949942
67.2364154454976,90.90902893099947
64.98589324160777,101.09041129412657
63.11118702964191,92.74089622160466
57.24332632591302,97.52151187128811
46.27373892011201,94.55238597179097
55.09934201312267,91.52544927012632
54.59156419050526,80.14775486040287
57.08556407908596,83.66309584739076
54.1341586085537,96.89165215044503
49.02661086699661,93.02523193553918
46.4231396170577,89.95046708937488
49.54791013694391,94.86410055450858
66.46915310190127,86.15577900656268
47.16147545621932,80.89283479722144
53.198318625340484,88.61417004140925
57.84285526698355,89.83040685370278
58.79919798379997,87.09921357009254
62.759763422469916,89.07773775850812
50.993311314760035,95.32278870502672
57.74530769796784,95.06804628671061
51.996491465395806,99.45098828381128
56.75975539331448,86.0944022684985
62.88248190347368,91.99859739062123
57.75158705024328,85.01962657040869
48.77746311440947,79.05422856775404
62.13715665564188,108.7487627147201
62.692810216180085,91.81961031949939
61.48885434603966,86.69149480303399
56.533879598125054,84.91224085707113
59.365837434188734,92.47017126938815
60.706459573355474,94.86701898953193
60.24201207444815,90.14173027623963
63.31898526778976,78.49506650343196
55.587002618100314,79.9353209600505
54.58840298806669,84.65543514417526
56.94621663668528,96.88122426036998
60.83501961183061,98.13987280667494
56.09285331438931,90.81552587106547
65.63158527257862,96.94070871936248
55.35165681537251,89.38836894136244
58.36967051200367,90.22368619962938
59.9777148594152,99.25430623184349
57.36104967957246,89.45399686441665
55.972954825444845,90.96857612563055
60.275488118688536,72.9423508062116
51.437560090908065,83.7088803158474
61.32427281363785,85.19478386392588
60.006861940863374,93.27013802304285
71.72515840723351,87.29483183343937
53.54077687154109,85.11208509205574
64.371198378637,98.05182078179323
61.904957280655715,88.80915440675909
65.33908633931273,91.14488378807314
58.57337264498827,94.42074114574598
65.29387338435623,78.18894502320109
58.58191977991589,83.63781118487184
72.68931493469005,76.79802056519381
47.125772438096405,87.4820433147712
61.17675483972567,85.37634949975595
54.12311644862194,95.56307563001063
68.31692897080069,90.53565173905147
65.44371247880034,91.66193456899435
64.04865082829977,83.74149617607412
70.6067990500109,94.26540037466735
62.03409381757661,86.568850151076
62.05861497526714,89.61648805670698
55.38899385484824,83.80292905086195
62.284648091460774,85.88703781278807
63.71362888669767,90.24562860557728
58.646599159747225,85.98651076513598
66.34352485320372,83.81745060089173
66.65090661318659,87.81412672230806
63.50797845581663,95.20440908555258
64.4547142370657,78.2221021975869
55.301593281753625,93.10763019891853
57.77140239686114,87.03227453576312
61.235159672459034,99.92948327909193
68.52552956431184,90.36587009499922
57.97499826361106,87.5687500587826
65.50606087322619,92.50943640600146
67.05930957317676,84.10450027876125
66.44167697226584,88.9978204019299
61.292060578690986,88.68745250636246
72.49703500500095,84.9931989115927
57.18819868998744,77.24183623246745
68.68771740138612,83.93775812623537
73.32751990728019,88.9065588036089
63.488628888855814,87.5478921763662
68.77574759521698,84.90403793741211
56.799249595679036,95.64749670475047
62.833644453462895,88.22031162291178
60.57994792595953,81.41766353967088
64.0632732919554,80.5468697330501
66.73112771312974,86.96454812379316
53.75775030009092,78.2494769685821
56.955140768444366,79.32245287210768
69.3331966049011,84.33862653821632
61.49856789859723,85.02707924062514
63.697449234628166,88.96472556987845
69.09345772409237,85.08729285647036
67.86733234964163,87.80099542626444
68.28907890081553,87.20684930320601
64.5340738402811,79.25487442410821
60.87796222745627,96.40793065048638
72.94475752548357,92.37090760283392
54.870500617154335,94.8797472776652
61.08056533975912,84.28676091208249
79.6104779066347,81.43407070280686
65.82024575543372,79.12250514819544
75.46228734219476,77.2517990808471
65.79298200766738,73.32535857793359
63.52808283681658,91.90293761398033
52.16565274376873,90.26952351809051
73.25902226438633,88.1212516167041
71.51295554682666,72.04146192327649
63.98460535960124,86.50137308667442
68.11790995240221,89.30960142164142
63.65588125971015,65.19468584400789
64.08170713929621,86.07907066036809
59.8952262258959,85.09515077786213
65.52178965948129,76.36852709816343
64.78219393095802,94.93999579274389
67.0306503628599,85.62909917849781
55.273607499514355,76.26998010651856
65.89072175242538,79.13366064422564
64.97711200390525,85.03954554990496
71.56685055824627,79.02323715286427
70.29335568787943,73.24523278558294
77.7127549860924,81.82452814351763
65.40665007276881,75.72104034797431
67.71347856178252,80.39295522456756
68.14204017159527,76.08602353716556
74.52751010427829,68.33273087355717
66.65666908969581,85.35733480123373
81.18089110810212,89.80094996428473
63.40473028178541,87.9206266012618
71.92232481675191,74.75269731591541
68.32670791005414,79.21600248959518
74.35587682793417,75.76542047495757
70.54638161552047,83.34497518760696
78.576613221338,80.30407418432273
78.5080218178774,86.6555398972975
68.28852335127539,80.06042368542876
76.76928060480553,78.49791325945463
70.06206531680479,70.01839286118201
70.01522846421372,76.72165161428295
71.92258568354423,85.68361587808657
73.62250178852814,82.10398652105111
60.75617762182427,74.63267377596551
71.8718910592901,84.60452946313873
64.67652669219602,82.91422081078755
67.70311316490569,67.37287288802786
64.42879791908133,68.13813967606345
76.88279699231654,72.96706277613649
77.96237243923977,76.32259587763669
65.00686905327609,76.12572274709838
69.7149205083691,76.74274824405269
81.45337209369337,73.48341176027361
64.24557592311643,72.49778734184109
65.8420743419347,71.42921206376896
72.3585084053292,80.54246670120793
79.03546186380171,74.51699132109798
68.36723983985502,71.93221500741949
74.12720778042559,72.2441066032512
66.86097242776395,70.81061702048054
65.96750673877361,77.4344254980714
65.91146207789218,79.76034581554272
70.64319345570529,67.38914987167095
53.793892168700665,70.67187558513345
62.04003920508639,75.69679045424498
65.68696222332258,81.01781004542254
67.62818399527356,88.6508364322462
74.93983393960045,65.72915265835088
65.65228698531415,66.17235126651805
66.14911834689201,65.20356238235843
79.4034311812417,77.25787814799817
75.75518812262246,65.04237367729971
79.70583537916744,72.51879019412826
78.71426054992202,67.7100972589074
77.51312075808525,59.338535444958424
73.73145431920852,64.61836273626677
71.0447879817092,76.52777064839555
77.223799863312,62.35499278412271
80.11151004378837,59.37479292562858
65.48930825068616,69.07825885667961
78.35151353879803,61.72520822410544
75.08444220974802,70.52564042278466
71.78413321864723,75.25724818806252
80.39085293362285,68.36961179582441
80.82133937517635,62.36205378204735
68.74230196488885,80.8665454877308
77.45073426531326,67.18937471659743
91.01819866139073,68.04483534605157
79.472727832375,62.35860551787738
73.60310841379835,66.74324298623897
65.45109095681303,58.03188176761871
78.8048475103406,62.30256273575613
84.95295707895299,62.68613922144674
73.04874962663611,56.01078226550004
80.55611320473656,63.76292824597384
76.89715458114493,65.85356378262085
76.42214900033173,64.7601460811124
76.48805230350591,65.3588214447816
84.19567119070311,55.98492965300327
72.57801067303895,58.53076109572831
71.55893873354194,64.99047813898774
74.57339408350035,65.80623903130274
72.91188958725223,60.736861688097775
81.14212938158506,56.718172983646674
75.11662943880624,62.87276085828904
78.85512387896378,64.73402979548987
83.83901343753652,56.788854595726306
84.45942274194937,58.90304350968369
72.74961570796512,70.63326859108072
62.03881875388037,59.3046385556415
74.59697805465765,62.374873476756015
67.32507749631013,45.29348261946203
76.58875486707721,54.834383884896916
81.18787277694945,54.230920662108346
89.51852622418171,55.756808056039254
77.90636806951798,51.75494502118422
77.64937744359305,59.97235403007914
71.35166801390935,59.824704615898625
80.32200317060062,67.94013066011455
82.53307508547375,68.90164534284551
80.79595870212933,52.326757626523914
89.58896138908581,59.05201476654724
79.67833960078482,53.943649246668706
81.24917840642674,61.1788323339191
78.05339335986203,48.65949779533639
82.66485355098527,55.22779658966872
78.01924619817103,73.04943952299459
78.67116792924854,52.92779298004412
82.25248867149891,54.835154847477554
83.70166326802303,46.9515600612411
74.62298432307965,42.00135540249661
74.00604231457724,56.47380911571492
80.36486688987002,58.28205474637315
85.83923035733036,46.421143859873816
73.62599135071166,49.32269931130338
81.95552029167797,55.189719183725465
83.37740138046607,52.5586625015222
75.75074889704011,46.57928365754251
72.60846572241795,62.123978274733545
79.73805931137173,53.496652422237325
80.80573952667561,65.56742996726138
80.42020235247676,48.12917885345701
85.22572357422972,44.78257516953663
86.40319130880503,53.2332703194691
75.95203973006953,45.25325878578021
76.2861100219119,47.0074726724715
90.61786071038611,41.73958652573818
73.31202212490483,52.408774669658364
74.04910688895848,45.393374698146985
78.2577433581125,41.15853252827819
82.33709657064821,51.175109980174085
87.36985067720975,51.821041569677355
77.7856931669556,47.40298760845171
80.17635526409154,44.17032780265228
87.69684298112081,50.31434114378262
85.78753678687424,48.758417536108816
86.7634273136006,39.165797034653785
69.85990027249025,42.99663929062293
78.39229785691369,47.75490954576007
78.73484748195126,47.017960359605624
81.87536989756609,40.861216117954065
89.20400979933991,47.893448470759964
73.51750444907863,38.612120930228976
82.3461719970847,40.209068204551286
79.05973375638052,40.997566181176026
81.49674909294724,46.617452618389834
69.19964360709008,40.35476041666754
73.25121092354925,41.87296670959447
81.7411106658331,44.83160036445049
101.07154515674091,45.35393980130866
84.77603035826775,37.03021458314509
80.88072621554679,45.32299649767022
84.77350894858272,29.85877499047109
71.85900430302702,34.6111450968785
87.25508112198376,38.655265488392786
84.2381059587622,33.13009789243232
80.29231930163176,43.59743300149783
84.70317734112776,38.87001579256807
77.56108436964911,34.004195245768074
87.11534724022536,36.03017960739816
92.84856677915971,41.02725429971016
94.38065388255987,31.75601471637181
83.78067989682377,31.188812044632996
85.93427817642187,25.4190959393558
83.47922421883139,36.15538883957956
84.28652923150511,44.528948256231715
86.98309443780398,39.78322989733205
83.19031251330695,30.499834194100405
83.94554335414053,20.95383019419411
77.25720957083125,28.15328089737166
84.4648595111018,24.469235059416555
88.57787744336497,37.04563189366697
81.49838535573163,27.44549124241226
75.68916416292923,26.706470508315494
95.08821551867038,25.88281821255927
94.41371758998086,19.052826838357905
84.48293299901569,20.596528468215794
91.81445272506629,13.96668761450292
77.71116906348907,22.885090909071064
89.13047888414559,16.849303149179793
91.2658853264625,16.386047292620816
90.65085177450283,27.043946182492117
90.47143147429998,27.642132419368846
90.76809466050192,23.91037258008523
91.50677039938255,18.519817639886252
73.63407407118103,26.18977084355853
88.49575872825811,25.63936593546761
98.2192964850733,22.042374001494935
89.38636145021282,16.222994937458196
83.90755674221992,19.446469843623934
96.4893489823105,18.56447171302753
84.6008095556208,14.063133053386139
89.28661479322452,6.176315005989705
93.65965928623422,11.212566535101562
87.5803473046148,21.688888833982443
87.79821948770864,22.21506154490237
80.62769386632797,11.459844680326269
98.44219072366884,13.896591143503748
90.68135112822468,16.31228399136541
88.08582542055893,17.403084481822415
89.08834639470307,17.52350060931046
89.22731031780579,13.346530890570463
90.08496624242306,23.23289550260824
83.50306339689661,16.95008422013055
83.06299457568431,13.208868306393349
91.28807406857473,7.802414282919036
77.07019260097331,12.844312644523589
85.76908321292808,18.732948571008706
95.98983104032163,5.6572562947414715
90.79605408409512,0.2425734570049194
86.4380031503615,10.358671572867975
84.95922877619424,5.474712802877061
91.01505974373615,23.077584718627676
87.39312097238755,11.106198613339691
85.43516979780064,15.930901876401283
91.76339085745806,2.5594081988284767
91.73128343975088,8.098888486023556
86.36622661739793,12.228645039836088
84.76308984973011,10.609908065731728
94.31716622165882,22.907135431214083
91.15547436657162,2.7787953132893666
85.51948767642693,4.754325626210076
91.06035147260889,11.878843519862624
98.84033471436575,2.354008165990261
91.70307973523957,-2.252323687347305
85.93577822331903,1.8834814464463894
96.48234437374933,-2.342175123652572
92.06593447164124,3.711926733200677
92.48623353854961,-5.629634417997489
86.4773661074703,-7.306235168786561
97.94275963505366,-0.657463506184474
95.06528717131152,-1.0854581243261612
91.38622418252014,5.399854540975039
91.39156781967081,1.691952167275284
90.84786526769041,-11.384047937268795
99.9094193472459,-4.830714166013157
94.06316463065427,0.31836424445522216
99.0438866096061,-3.580107011909273
97.17549187066241,-10.801186339299687
96.89356664030268,-9.423690186146178
101.06983333663484,-8.92646975768869
88.74113564416947,1.3662919566213692
94.15012560696564,-13.937183291267422
103.31314965684307,-9.067076004982084
98.12435499702974,-4.324887275657844
92.7067723765953,-6.7565279555484175
90.01215556964638,-9.930164083642618
97.66158130318276,-4.737565263176686
94.70853908237221,-7.624192073740596
89.03526298316926,-7.511131490923855
97.14582597431668,-3.079907539528935
88.92891600655713,-9.279931121153552
86.96865655663422,-14.293981142017103
88.75427170875246,-21.76827753783853
91.16976114567326,-22.582072065443683
90.46648363666532,-10.638242674451902
94.86944685026042,-15.737224810843294
92.48476070779805,-29.059432566681732
84.55601923892593,-27.604609114793867
98.64042700705068,-12.956550365829663
95.87007642709708,-19.808020219832095
94.06750666079954,-12.11460633046717
93.06030855689258,-20.324434358696315
92.86956298248974,-18.646129159352586
101.27408157288183,-26.87941340376898
97.44341701223468,-22.79135697802296
85.77587400293287,-21.833563632634366
98.99103888430145,-27.21697983862864
97.66223128120912,-20.613313386725526
92.06927616268123,-25.044028877478897
100.91732511211967,-9.850836486150065
97.7838365683922,-23.587579364138904
92.83442335352586,-25.08854741839793
109.08962724255571,-24.101537889938076
101.3596059597796,-24.83496724207749
93.51105784600594,-25.872962548569507
100.63398803291996,-17.780215197793332
95.35431841515408,-30.218623394595838
109.98709249512788,-26.515943437538215
89.15975265768182,-24.31527534523897
94.64778822066754,-27.58544449419833
105.80855457930593,-33.89546947238021
105.43583379497545,-31.27973134431404
96.00120590018567,-33.672684611460745
110.99566094369683,-47.0254961368042
102.2165278722014,-37.55035529660199
104.2342250596329,-36.288898129159215
88.17746366589834,-32.63352703745841
99.64922554554583,-35.575055630177516
94.89553906749735,-33.62823958053437
97.57729979257502,-39.17083359482253
102.26191190530768,-32.39570426709983
88.30644962107361,-28.06160563179646
92.39329166511928,-36.64592252018817
105.32213896156546,-44.48024466813626
90.58090776849183,-40.406898353076436
103.80984103394842,-42.195230336297385
87.91209692081539,-29.15198387750127
86.39554149536114,-38.30993533325105
89.71933338632492,-21.526413514086023
96.69227156248564,-33.41321769676226
91.78628125348015,-44.98974371110293
90.87868165458865,-49.79288523559411
97.85018352590716,-39.55627291990153
95.7123870972454,-53.02438500640636
98.61297202853659,-39.093049453275235
103.27066419206983,-47.28103087172404
95.33225351788938,-48.64910898691718
96.31096178209974,-43.55088430401573
99.09450506683588,-46.001790034189796
93.43574718131568,-55.10774556711625
100.2466019403177,-46.32530929036169
97.00675299289834,-50.79398958648269
104.15338515419516,-38.68847014324511
90.44947743231992,-49.19219790013484
108.61222318350826,-49.26731155029967
93.74486560693089,-55.18134023020032
69.75779917975485,29.874961243269432
71.8414596770684,37.79666502914003
73.84038129969737,39.6503943947866
82.49964694541922,30.859906898659386
81.20443495279771,30.19664278389393
65.43948959692614,33.00169219023645
77.04853675330416,28.243912549606478
77.95382991226946,31.34475390923969
77.43681323896968,35.34590146790451
69.6171762789958,33.614489188073954
74.22804617195149,38.899094389214056
64.98895062025184,39.68196410560549
59.66929436930871,36.60087869289844
74.91325398600618,44.057583684076185
80.99163677444731,27.990310931599637
78.56398722560216,48.92460369205794
72.80510658254039,35.04876484414107
66.58884138819741,34.74355620619248
74.54925600045821,36.79677549030163
73.08466911715503,40.619249875684154
65.30750506947186,50.608662558425166
78.55996790851584,37.2776373789219
75.3107371779107,32.746961318249845
73.68396651707081,33.882575291358535
78.14441985229269,22.59844388109184
62.60602476659612,33.05687597760313
70.15432147268857,34.63298607788976
81.77003311037672,31.63112026445538
71.17922810759725,46.14262981850864
77.33823931595077,51.264385787152946
65.70750367851552,36.86720604306833
80.39302406528115,24.059668332495946
77.09281716991498,39.79785049186374
77.03378040822301,30.61517945538743
67.86321910271245,27.82734278199314
76.6731579981951,36.66162126775198
83.25490128981134,26.331421081986704
71.82713764764497,35.641594178494785
72.76308346830444,28.93848786496148
60.21033801581319,36.83399906023803
76.93660478611291,25.91849171938404
70.13256819651114,29.50314258743799
81.78143502796011,34.905632731605486
76.38534325163555,36.610590378093804
73.21688093509874,29.696366375780464
74.62633533549001,38.69686902378902
78.98849714476994,38.491846092518706
75.59033569942942,31.54724379790632
80.04014875180235,30.482347790629284
82.22889860596845,41.91460445169923
74.02795704318545,36.35296513104091
81.62532814240996,35.83412367510057
64.92117024689475,24.86025399595632
68.2405786731984,27.76620638685714
78.6961588836156,30.931272759104573
71.34782503244959,35.16802793624191
69.60676705331372,32.141923309789576
82.15445913715232,26.214133591617358
81.11993596525588,38.969273647045995
83.34435206451414,33.29041447453691
73.083241408368,35.8354138389161
63.935888050424005,34.77611638335877
84.43506324258857,27.62166479175906
67.98404164450761,37.067985802180004
70.6818833487134,38.57149091508137
78.71543989304853,32.72231228165679
82.73113905736314,43.32362414335393
80.80622522110195,31.064708578921426
76.83347850650658,30.70438730907086
71.42405665925422,32.24572120942454
69.23516800931455,33.04470927444459
78.2736391530012,36.83449518514454
76.22084235846833,42.21831021223631
77.24051072299655,27.986593167645502
69.18749665716942,34.2365819102855
75.44159734488916,34.65841665841585
80.13147231552206,27.448380510381398
79.583691574865,37.498999162925806
75.55918953770077,36.14511931985594
76.6053230639742,40.60619281001796
79.89060489969907,40.6058222042313
75.26501434207437,32.52445120688919
74.72940308407654,32.53266368892213
73.76063854756268,33.33151324618554
71.86032771220562,39.8055456639356
63.79671916476183,33.40713193348293
82.21092257370505,37.171932728452106
77.87208235957077,28.826105818091584
72.86925429053372,38.538683394876564
74.53745404224335,28.699638534160368
77.11540388040801,38.54415409674769
82.14907706917595,33.52883828051861
71.25611252166343,30.37119655159676
80.60981515999508,41.849064261715355
87.3618610348368,22.40260302960519
85.09178531230178,31.63641182332972
72.29823732960584,36.35157910120742
73.63765399616139,34.611538351063345
78.47988318775955,27.267276169468474
70.70911733117187,29.175804326720975
69.68418494477403,25.85251930240528
78.73353553027806,32.335175066752086
79.84252258121009,32.3911501613192
69.0355823769106,42.08372393135607
71.58563993414349,28.78519695129956
70.39376354589292,46.04860487029524
67.80840156949496,45.65122006136311
63.91274317287439,42.461126285301305
67.79486984617867,39.59268788161277
75.22212278899735,35.64824539624855
80.59618709505907,26.275131166442698
83.62134215999922,33.903478203338
64.69432252216941,39.857090286020465
74.07343748691815,37.78750924329836
65.9540092833497,27.179423143157546
69.94046250814813,27.048113547339252
81.43863913660392,32.35846492334866
75.06225294130782,27.266056580605103
67.16204229208488,28.234891758352333
60.13419001092542,30.18874734006451
76.64824509709095,20.961445597575477
69.99467314547337,37.68689129730224
65.28396643308908,22.722715499975614
80.24555471277041,39.06352393958624
70.38715611900952,41.11363010623215
74.92693360921484,37.9269522709839
74.23792417977026,28.16718697888266
72.8453960063312,27.330980634625504
75.91598946488647,35.39769933527222
68.76326962530638,33.368308496297374
67.7924595404487,34.099093999163195
64.07160303411597,29.305092604924326
74.6825301141888,37.96376509327428
72.79872882138928,33.78132706643229
71.52962233281878,49.88126526383452
77.92898393007135,27.455845829227073
67.9258072078133,35.582422373962835
85.6925559249216,27.46099578717008
73.07243805685299,31.43308770226653
71.60737915554706,33.40230854826489
72.95041658433453,37.16601544238978
79.40138169024763,38.153885308553804
56.985537308640986,31.824406169225437
76.78672452499926,39.44898144027526
85.95653042149759,33.418165602452234
68.47036764716103,30.733061270823487
79.55530841446453,38.68455457877249
80.38663695346216,35.628581575727885
76.86681516886092,36.13181695499184
73.97609266441216,38.59733177956451
75.61597179386523,34.095406412711434
77.99837538012203,26.134534893489302
87.30238881465675,25.74033006308471
63.99887066529847,35.29767741109138
72.64760894704192,33.846560526582046
85.55002832473636,32.156553600385436
73.463701734554,41.76197625227546
79.10920807249883,34.22268790882497
66.14404923366969,40.075652802648406
60.71748611073633,34.99285657223644
70.55176492872546,29.80394208279918
70.00847330079895,36.96082688933411
74.07036178166496,42.88618391550526
79.65761088674017,44.78285153731771
83.54768987610387,37.01454146676667
80.88316401405885,21.79456906803631
79.0131833192261,36.033755467348755
78.06225222947837,27.767608969029006
78.38992552987685,43.54622617374821
76.05882420003171,23.673115167314947
73.4509108389948,29.73961362507916
81.09380989712172,40.442239993596715
68.35977787578628,38.63148561301063
74.35564836717298,23.255087489683085
65.68054656374039,33.455793031567715
72.99624459327497,39.968687007187775
80.78855661813182,23.778258591674756
68.42060901894057,40.3211609353377
81.56817443742152,35.045627805189
72.7819478481124,31.842754529973462
68.11947263393733,33.00716654346641
76.55588993965968,30.76725206422635
70.1054569797285,34.33987515460049
76.96893780880899,34.65591663323017
67.06387025423201,37.96227961545661
74.98342792984752,39.32830424109578
80.07456061816929,36.9584540461454
74.194182242522,28.990893913503903
82.95049302167406,34.52101231190183
67.9627889842589,32.524963723224225
77.21559789335254,24.187557851704916
80.63483755163564,22.120799856944473
73.7466064444483,22.582401548940556
67.05229679645186,29.046541266749887
69.42609986201629,22.887892614420302
74.8814974556294,25.419955872180424
78.81219776390301,33.90847777681192
65.48079305205783,34.96548306082775
62.98026699475338,32.50965287082083
56.10581097822564,28.913891282127416
78.52558201513651,31.72052757294997
72.73886274770842,22.472266298689547
80.32893641772995,33.7943524711204
71.78722516595549,35.3470093635043
88.95697313648574,37.577022047012285
80.47579056060074,36.53956719575809
74.3892169329523,40.89676104731482
63.282820706996674,32.54875289203626
57.67516726607581,31.182296314486383
72.40952261717109,29.40855386741734
72.99789156869511,24.595107408495863
66.49758019157403,33.838465882370535
73.93378409136642,38.09463882757456
69.0111591866425,36.76995639165882
70.27236152205248,32.70939268046033
73.76724480287272,27.92308504015889
75.61871150513734,30.718373496945333
76.53035544842764,40.098077239848344
79.77520452680265,27.96961908962307
67.89229064454949,40.861176768478785
74.79048867344021,33.77601718343908
67.444738358441,38.33592767183669
80.87774112428146,37.260918538026914
82.60137561943459,28.97524352687605
76.13041142026414,36.29427216050201
77.26798616785676,35.08746839726996
71.85022834499378,37.80059242793382
72.65849388535229,33.97627939958312
80.07274017754854,30.538331469080333
66.3629946860963,37.01864563539724
88.17345834461624,34.65311152986742
77.84702056716833,23.4043336215795
76.47212810751208,34.066393632060134
68.26570272532943,35.779142329948044
68.92252062267282,37.74228288773526
75.84113755268461,30.859093595166904
72.6659376865931,33.06444593273121
68.39476796654242,32.10071221092952
75.35370376934752,50.41519066927594
64.56931067210014,30.5663299951366
81.48811231555743,32.99147420931564
78.8164743011119,20.324475397029154
67.94660327025717,37.84101757093454
68.0983427316741,38.833250413132774
69.40766674595032,29.09259003183116
81.49437194656687,30.4395616266423
84.02840740427497,30.86602319747276
72.28576091234365,46.859647234862166
67.29699842584886,37.81064076004754
87.14702439763109,32.6995132046594
70.58949464004353,33.25559935264015
68.21949255291482,35.72757474940123
84.57978369745497,40.213113666686446
80.64710507880135,44.58568728272898
71.5203078619707,31.424942142148144
74.44023458016105,38.60418090720229
69.53184020880056,41.907808466391664
70.88478894135108,35.69221848686052
62.18237721483672,32.74476824200351
82.61980983791328,32.737958070312196
78.03227281245593,43.956873180668175
74.81751819713396,32.58744742154629
66.95539927506185,31.54939048138875
70.08784883641493,23.48448435129606
73.03290632479455,42.075324395674784
73.68923572783058,46.44679920308757
66.0261442726423,33.80784229947449
82.39787480663087,33.43186831912179
69.26457753671671,23.954342447851314
90.22837280310546,39.06365374693678
72.59405460380755,25.530307625117146
76.65028776841206,37.068377163027655
80.58985888398995,27.224295465873208
72.02662075408992,43.51017509890971
78.1769775247448,40.411999347249086
79.01019679662178,32.5218653293533
71.20743352258154,43.145438086827696
73.97163704821332,33.91297890780863
68.62403161708912,30.823373047554504
94.74555510538235,26.610125337662478
71.09590030618699,39.71901255864403
70.2901000514215,23.39455807354621
80.49128601255227,36.72087663324195
74.70940595971776,37.92582469709871
76.77623407170623,37.57873548931347
72.64189083103174,36.45578349292241
82.1747936462928,41.510764768318616
78.29931337673816,37.27448676938231
77.26004349539404,39.82402993354159
73.34058259747479,38.396726896845834
66.38983048058772,31.668736323479553
70.8924131138519,40.54713285035651
63.359845520942095,39.4273001188348
71.83232725804099,46.268713348284024
67.25246607262318,40.0942966882838
81.77778668472143,22.65740869948028
74.88148446433621,28.246403695207455
70.74374506518659,29.003371267653
75.48946708224945,34.43516259712403
84.1286760499824,38.900696390837254
63.7722131337532,34.98089332674381
71.1276041409029,24.4571899875776
81.26023126408185,33.457237516409506
80.78964615001802,34.59735273915874
77.99639398314615,33.549001767187164
66.88286729933198,39.24806378043926
82.71049380358687,38.57115154646534
82.31851181686848,30.872334485717225
65.50603163252406,39.59154130581008
74.96637273465782,39.97604890968193
78.99431562424506,38.619363885469916
77.20803536037917,32.18276115869131
68.32788303468995,35.12284739093756
65.06811811945221,35.1362060937354
70.40971268678064,36.53096753546497
65.18413256685399,30.699021597937293
67.70600663993683,18.42349169938568
68.8760872852985,42.22336205762022
73.27258878295896,35.68666442551513
83.30411534317273,27.029102978037812
68.12892256207803,23.367277289173266
74.95097938052257,27.939145560407677
83.31467938899102,26.55175924375535
77.21085425653186,29.240681939771974
60.4893940994894,33.667409379700814
66.99624227247315,36.3386981887156
76.01055495777666,28.002361461905014
76.76649231267838,45.954683448214624
76.63743481523436,37.30975597728266
73.5210217560219,30.154513415981313
76.1417490317542,30.352406604518336
76.43027885124141,26.17505962575755
86.73516484703025,36.998214919947074
71.7031295559915,33.930719462873874
77.80909727453225,37.42171719931946
74.36147626176786,41.23486390742302
84.12285022977949,28.326546280250852
71.07193659673769,34.345061050311635
79.16893177088498,42.5518135160013
84.63699478069042,45.642922388244614
78.61693817901183,32.21724481971957
84.09885720481553,45.99301707190105
72.81276075936415,27.548106809669488
83.21875539230226,35.179275066736366
72.44604721078923,33.409253801236424
76.37794778133303,39.60883076312891
77.42745093769184,28.53900762994526
69.66327724252191,31.159762522423794
63.792179049896326,30.91166388380453
79.58336136137409,34.599243114604995
67.00976686330138,32.75849631819132
75.9780962270282,29.617022978851736
71.04893883927848,40.1355106934312
79.12557630047678,25.44927846281516
87.24801223862059,41.46403578351476
67.51727981786166,33.84352449339649
78.56388154444676,32.968198533984705
66.3235185819246,17.143644780595206
86.51442023207521,43.370256114184336
69.63777952376192,36.82456759008055
71.10738822929686,38.387456263384024
87.15863354057765,37.68189436548954
74.23630588533996,37.94080510469331
85.68441926636211,36.483150890300415
67.0770177567528,32.89084337580587
96.88065668292776,32.0631621319935
75.62499989231232,33.73574430451275
73.61178680420954,37.76687151853311
73.59240572947414,29.972272845774093
74.41546822863533,35.750671676036916
73.46583212088939,30.14444680481843
73.48582544051224,25.190028594826952
78.06052315349879,44.040822390730895
79.14580111337393,43.65777142935414
83.21393221307375,33.58486221762056
71.93265958292662,28.327658849069273
76.7624389049056,33.18398785393095
63.80624142795518,38.515010804971155
68.38885878303658,38.55213166114186
82.53070951901277,35.508827230913454
57.74866813124497,37.982077783471325
71.3903954357687,27.425146913659685
64.63943303605012,32.73774410822679
62.738726489519564,23.928731040995498
73.14994496409652,28.64677051214142
75.97416430481213,43.00202462792157
75.8605350016591,37.266754768154726
73.68004276859355,42.089133160797275
71.41620234266935,33.80537336015461
75.3893536568515,27.150014643783177
72.12993824817681,36.358244745862535
90.91403634182133,44.64352517648395
75.54007846175101,39.97688041798342
66.35497552767544,43.77279910906901
71.04335148017651,31.989189917074636
76.97055561047493,28.722720779520916
73.2122601291559,13.559466190766265
70.38258521410481,32.62997137898831
72.02824723349451,44.06563009815321
73.53210643877159,36.11582242117505
67.35842578140786,36.714743559879665
70.30311682688277,29.199266619616544
70.27075556398897,40.04948066822051
70.97021499171723,28.280535938641556
80.06616030132244,37.52480496584407
82.27273954324534,30.62053120935843
74.12146132024915,26.528961274476696
71.24350907107906,32.12029079166852
73.92553933238365,33.11308983807359
71.29564354540275,34.01099634109863
82.30433480688882,31.2589749923253
70.7374673063675,27.861949993313214
82.14827499893437,45.640435607820194
66.87646857600342,20.51363386535
82.54449318615431,35.04848653042209
80.76777733627304,47.88186324967663
63.47015318401925,36.97635316065221
78.26051168772176,37.579910309979105
81.14671727955091,42.66957601886721
70.63299878766485,32.062149727918516
68.27823289369674,33.70403341319489
78.16846428698933,48.86720904493607
83.07009072186214,41.488348845954235
74.94413312958332,35.37861957155168
75.71327680276013,35.331141499030316
79.16520528917286,30.230953012665275
65.21178593105422,39.17081466749892
69.8752008703803,44.25229645309602
66.00553587828551,28.384754420420137
67.98582204403043,48.62673304362514
74.665875188798,43.73191490644745
68.48814309916129,43.14771457736327
68.42941808643623,31.217060419116486
75.65897681992695,35.23471410671921
81.9971284142311,36.838161372542714
73.3899836552499,21.869424486719353
72.4086081401846,47.53104423541015
82.52426104310652,35.131905324176245
73.5744680071099,33.58301138788155
86.45884183667977,27.7460836180098
77.13108128832911,39.25956054987375
64.9883658780661,30.13536251764461
75.07151816648269,41.18452418311139
83.92031507699258,39.55830833652089
73.5577816726525,42.41444480605362
80.1740855904449,23.401550601451408
76.8289734662639,26.96535158512401
67.2345605491262,30.13283375027692
75.50787384815293,34.707142072228905
75.53488679076169,27.273243561609185
88.2636587089964,35.71120621231139
72.20708795469928,44.5598072357402
80.62447811448878,38.039709304854114
71.01552526254717,30.971416158838164
72.53144888627392,31.586463836115442
75.82203647554417,32.12671759356117
75.43451456723152,31.26676317595613
68.46988380942561,35.62101747738655
78.55680067337836,35.40726394546591
69.18143966601771,32.71479122299452
74.42990447212992,30.639731176986373
83.26250549764738,31.779028573642655
62.22035309685164,37.227529468834575
64.08704032005487,25.6557578550033
68.22759206644466,42.23101395789811
73.23322386066695,40.62206140418923
82.02288947374215,37.06122292170512
75.25345360172582,41.79817428305727
73.05337558256038,39.897204029918946
61.24350036852263,37.09763373485788
75.39341242639568,41.05735960449583
68.45376556009715,29.641797874115497
75.54537500612645,41.76695736804921
65.41627862867367,35.11754651402222
80.33562812463076,26.52759014412509
73.88049468166969,25.951329031924956
72.50434736250244,35.56671019854285
66.15658359923712,39.19969812276252
80.14743861097388,23.264095904621577
74.94270624460658,36.38982716913287
69.41432118312221,34.49993233995233
81.12100568890911,36.3007432021332
72.62236836886213,36.41200603671355
76.05225708884478,47.89770578027578
77.83029764163415,30.2695423386333
77.73024232187802,32.90448227751935
69.75396889511177,31.005351481043377
77.39789370324783,36.92828710370826
76.63260017270076,34.68784792466727
70.9852730469556,35.6755738020132
88.8154699657909,21.51275343167306
74.48485798561781,30.99065226605259
80.27133023643553,36.48919561781797
79.61427799820429,27.98085159322929
85.47675088634773,31.048901785856057
72.92334840113391,27.094468935592428
63.92782829044709,38.67566523139453
73.90305823303075,37.47737095641345
76.47961948824614,40.77755557583707
83.34009401491213,28.22488298110521
72.49079700264689,27.84700934677729
75.4925640125986,25.64289784036174
65.76839609924131,31.459447527158105
67.10430726023759,37.67550807268369
71.77060122245649,33.16849933900776
75.05530595910803,41.40630307840003
86.73522471286286,35.37487932969357
80.9358808527088,34.43666911449501
70.63923796574717,31.960316934606375
77.11906581542769,46.984845976572565
77.79473561793844,28.43381699946958
69.2094609167221,31.437204538950773
66.33485463301199,36.60850054508781
77.02194943743855,47.87826441275091
72.76944240793411,47.658889917825235
65.90023565573424,30.60955058330196
65.68930164467014,22.166309037774795
69.1110963865294,36.00533193631821
73.32581229297806,51.36473629824357
78.59596466523668,36.812468365439116
67.95243384425376,32.48228677052777
70.81060741920945,41.32551056461104
65.13342441160063,35.9495700789375
66.4146422947489,41.683602829508466
73.51342657045376,23.40269765499935
74.60364547056736,35.05425402245434
80.24873849295315,23.98289309656434
70.69250044966522,27.594790322305073
65.88264943088956,35.04463752353356
64.78869292191487,30.53210882187848
75.98501679092993,35.39729371964119
69.17436307910695,33.96315497125398
72.9988979653463,38.353421401626534
71.16885281583731,23.379104172711443
80.27044998639398,24.69825229732291
64.99019491164779,28.667096804209493
77.65551695246876,31.289903194598935
67.82520190901674,34.5327984228979
80.58414747017578,40.55349527022288
73.5687447453549,20.72784414051116
76.32752025017173,44.56431526329331
75.41163005794634,32.25621120675405
70.46606713471323,32.06831410354033
80.97858846508547,35.627459496048296
72.33516907695568,43.9794694034044
81.85813409329864,36.31465137266118
77.38116193260197,39.47183664369923
80.28941279695542,32.78027907774772
75.46173979335413,33.52576670434574
77.53500454140095,34.21929315861485
75.63553415589607,16.265208139512698
76.03675943304886,47.988709888221976
65.72245777024486,33.08471271853406
71.82668184663062,25.71551933098261
73.61977918961924,33.16501497914293
76.30638686002334,32.82243275323697
74.34392764556989,45.36746590547203
73.4857908668751,33.55720065800613
81.44258778841915,36.20474854009602
83.41780217522388,33.73644906104684
69.77167387727181,33.93884311270297
69.68395201046073,43.12110845269897
83.2268331383229,32.67933204687756
83.99992266224066,41.360864460123224
69.40892553233319,30.44832924068971
75.70259022942385,31.886727914413
76.40877439432413,33.866777634036644
75.11413648788759,29.235837198109696
74.696768692468,45.78254172720612
67.8030671694611,24.51653635109097
76.4478570881638,34.93904950835888
68.10023171290857,40.43282281598064
71.05206107349521,35.19933345524178
71.65957802899099,30.430961675571915
63.00850450947979,33.36313229734017
72.45272689546091,37.52672733147774
79.88381525487314,33.501345479454024
70.17314020044846,45.46016200232117
66.28556673432529,46.81076086909874
83.97061919189238,37.41195249122772
74.5510368667563,31.964808686540888
65.89518248736609,48.76193850853841
81.54427917433176,45.19040347675445
64.02248332383772,36.28576864564255
75.69406393758481,34.710932478161716
80.7241939985977,39.500730369443
76.51754077550216,33.317409891360526
76.55721131472768,40.60408727699575
72.99994180480968,33.028588723693396
76.57984499138544,34.16663005254836
77.7261196046252,35.46421216149295
74.66320587540127,26.736310657737626
61.33209485917992,29.44863043906303
70.82543417616456,36.92384598388376
70.9403624898594,29.808395848827082
74.45451564441719,34.73250296180646
70.96635205279054,20.151106238763475
64.58312468275112,37.50108921085108
58.3806905857836,27.8694665701166
73.72204750804192,47.03593689690156
80.71108145654453,35.9983187517252
87.20994026359764,37.83652810865614
71.94606334560515,40.26753194677441
89.04684500850313,35.86854043742491
77.11642130409776,32.7344067204805
70.98866902099941,36.979460188678516
69.79940337585752,30.981285699618926
72.60833085894284,30.478907244442745
65.72417765284587,33.46446118756732
70.12018186178305,35.67112728261579
76.03275407212985,30.87038065669972
71.95440650036588,22.085856144375654
74.8414835888052,28.05788335254784
69.55444874681275,37.636334030783686
79.85477129147024,33.00323165519661
67.74731325787339,40.91458002703967
65.2996751239691,33.85175773399231
72.29530082943675,29.396715851677556
70.9792059815528,36.02380363177603
64.48779578930586,27.783018218821574
71.1533665293638,37.12810262901153
75.88484385049283,36.577570461569174
69.89780165324687,36.02333576303951
74.04053538507252,26.078563363480285
68.24891989383288,36.57491193912891
79.95241931179817,36.815784746552296
84.25856718796558,28.833219204866815
70.73185989276615,33.3058050106012
83.3526926772724,34.31000163900006
63.80648241419161,28.050062707723498
66.32769856042434,35.02473289199756
70.978714658472,32.96587481040025
78.58116565553166,35.248125640236935
78.33179039847175,41.43089607761552
78.89711305497819,29.19834198748525
74.37632461148222,40.38130230107532
68.86625113586456,41.55280059749023
70.77270791196304,34.8270141974528
78.62501271792497,27.722012759550626
68.11436343667901,41.75832670320913
84.93797191928219,39.1120837894217
74.0455278880249,30.34061892725998
65.76893286359541,35.63277096773762
78.11707988596578,42.223039329910584
72.57722865895222,36.446735790920016
78.96790635110466,31.790707306308178
67.70685262863812,33.361007932501735
84.11149086376398,36.08189622152048
74.32014223344906,37.73931121392058
69.22023372254232,33.334324659146056
77.68185346157317,36.73684194978064
66.18288563935988,39.040818540498925
83.28133763245887,37.288225230798815
83.30669208785486,36.29648141234056
68.73823680551368,36.135762242199995
77.873491567587,33.32590921649552
83.33549968013695,29.97950375755577
69.33248959126679,42.71327881845251
65.077711168111,43.45266540005747
66.96211044535187,36.27315375105295
83.15949793642788,42.635911019713895
73.48851324912492,40.61323748558984
90.48438628534629,34.93796120091513
68.44534574633475,27.056869243087693
72.05459635927151,36.85645725209094
64.713837582102,24.221898939773418
75.50059855748935,35.37592626069023
77.15544084191687,32.80054663937439
82.18671721873025,27.567586531684857
75.3141152393687,35.34286851181362
83.00305827387226,34.35065099260902
67.6507712427391,35.470232411017065
74.71521328267139,41.2448021525455
73.90565495261202,42.44212511848045
70.83655637652205,40.87335049191216
67.787233739839,35.24653182804995
79.7611271961047,39.04888170735188
69.08334886731544,42.78862186292126
71.86733880662312,37.447264101734966
80.03515162878027,29.266626732487325
79.85037041758132,19.77925421844344
90.0822645875907,37.890276248849574
68.38879406025438,40.49952738706011
71.05914234613815,31.11317478277435
69.17569775058145,24.458192133041482
71.89580697565776,26.098784554785205
70.16371518126107,39.777438475764214
75.86754485064384,30.959271910704775
67.19125864445671,42.81627110156643
81.69917705393209,32.047556920068224
68.8581854037911,36.22028104147337
68.32006041202396,24.860908244709307
81.36769148053429,33.68554657647505
73.47085546583178,39.446555809145366
78.17130556618491,27.809583709918336
72.80945398628256,30.991319260895754
66.3550573046699,36.45672348831329
67.43260319712797,37.98767331226816
77.94365565365858,32.977376698768104
72.6229321798108,32.241215102847974
74.61417009995469,41.727160380511634
65.74338521038032,30.785142436498862
76.22365557540931,40.81927938701472
78.31816360510945,36.19741368443515
75.11957602300812,34.70816087866289
61.32574574365855,36.00025722145265
73.12614526738801,42.131962575727606
81.72550161136016,39.40996961759022
77.6991654872819,36.24876534069927
62.83691564515733,39.62159187895332
71.44467619231014,43.741031184773355
79.70021596624399,36.398965429592
67.17330055629121,31.41713080986803
74.62605249274561,24.92748796516354
68.92320530916531,37.06479922616407
75.05479452754872,31.06501511975226
69.01529735831394,45.663397637308876
67.72335535195131,26.193068289540804
74.62959405646404,22.677772967148847
64.87616164221375,27.532024615646712
74.878910138604,35.29389443112113
77.02731852267702,37.9276107243496
80.43616425904476,37.80891417971649
62.18806346242964,37.26829171050701
71.91142929399604,35.868913113084766
68.52681662983233,38.49435748882598
93.00137806370236,32.064810966285165
77.59784512158039,39.29480851211897
68.97138564888785,27.6304284425648
85.36142941332861,31.053203924121
64.72009416293064,29.361110744430626
69.91667967759236,28.1880519668365
74.75029064664078,36.92637017909547
79.24512153625666,28.266974021399765
86.74948702370801,29.076805319445807
67.09422130675102,25.34566840305328
65.22411158132552,43.09091930207617
60.15781384810491,42.767660208088444
70.945914116312,35.27171765445827
71.68534508415142,33.753758444698285
63.065301196795325,37.7308678608981
79.65465241875691,38.02114402812419
80.07381578274261,37.69112855950061
83.70610044466439,33.40407894815583
73.95834802440355,23.09852236863041
74.857943082777,36.23343498430869
73.55918698742741,37.92409357945805
78.71145718878262,40.27623431816399
75.81145221438261,31.74073242762286
74.36776046322169,41.03481935602682
74.79449675386138,40.113527078381125
71.10666058383305,46.796762242172356
74.48293638984481,30.00027396605966
67.97523942452922,32.481531534238954
81.55670991243427,34.06818332660907
68.550423587062,30.572809366892926
78.24739440877656,42.50357859866228
77.12348882721778,40.34668580177534
80.07023736628915,38.61493836548666
69.1533041458923,29.97101310230971
90.34767040108542,35.15021047058565
79.42777656079357,27.79982120782059
75.06102591711377,40.523190352983185
83.97070251624527,24.883651232799664
67.40186682715664,43.12141441927309
69.31605374620413,33.85593339048797
73.86066068322441,47.677433543007254
67.64062926090511,42.60109678907546
72.603121062897,32.623080630018336
75.79925994130947,29.528628211910014
87.16577874749453,39.06241541433834
83.65481888892207,23.60446069195578
78.08369753591153,24.20842247268547
76.98605024113317,36.26825526111085
72.22059903699997,30.703288249378886
69.64181881538482,38.26478318452731
72.60912401957606,28.864533191042447
77.3130225329723,41.55173437488401
79.7777837372647,42.345150195131964
78.88631865410007,37.231245385411775
78.0467874785039,56.86610104827596
81.60245686194811,39.85624497906492
75.14296537670282,36.59836254361876
85.11961475609023,28.163114716221294
76.40772375192739,43.17981880967846
71.4859491909101,34.66291367178087
74.19919060243838,27.559483530065286
76.81487931692016,37.26703336160236
73.09714951050525,34.496232318499686
73.3235200124628,46.4622917242789
80.43242919534659,39.34506450725546
74.14067623149094,37.81112452600246
68.34148706464804,24.992606486105018
74.38577622277661,35.81212526050938
77.15274440440143,37.92656030333905
80.62749748803742,33.27096812063976
69.82027206263216,33.35744615850138
81.57993675129603,36.60998640236963
79.22351359339312,33.01779702610916
75.65645729062092,42.96113265846526
81.49061709491814,39.78050657970366
76.89906573670174,46.60523111173738
71.51042847099835,29.51516885653257
62.39946639178829,39.586626159853324
78.68804434700573,41.14644761481923
73.80530942119687,36.28542463834832
67.70555780194938,42.24801331523432
67.09487573454285,32.35917656411052
72.49508349599904,33.57776290598596
67.97748421596704,40.61827044905524
68.68005382999442,34.987843554117674
73.68718429199615,34.83573504785763
76.38606404001783,27.092661466665
72.87518560710689,36.166961422994454
81.33625801449887,22.98352652694427
76.36944063370903,30.742822995357024
68.35412949366209,39.62669903101067
87.25894465631355,35.56578187687473
80.46214186821499,30.252506144239874
71.61456577697058,35.067234698510156
63.72585868525981,20.432630832046964
67.55381970246539,33.80376750499237
71.362576785294,25.593280001706113
85.26498954227019,35.24125927420727
72.72830799795268,39.391744232684566
73.21829584120034,32.842911892711996
80.07169201686635,24.052753870000338
72.34095573189809,35.84249265416861
82.98426048211496,26.422616528989522
63.466835844736394,43.578259113572365
83.34528323821499,22.258324998576555
72.25695453646334,32.05532442441371
68.97565765050494,35.41835870610017
82.01741506663168,31.803504839603153
69.00641108984453,40.26373147843151
81.3781193700268,35.75648416153159
75.97663618666577,26.520319418682245
75.13938332957581,42.04056349909449
70.22226383944232,44.525085319872765
88.51625595571838,33.48441353700008
76.02618882769434,24.387985092107726
65.28308381926867,25.268283901214556
78.28643187953205,38.42044185003788
67.27742345973964,33.0851072024959
85.12481877159526,33.8972886011835
77.09719251519445,31.589980765445958
87.1311899246256,23.996511239161265
68.37203333742863,31.71690818069188
75.18848876632804,41.879906910483896
68.94700948162748,35.527540327832185
61.75083234047539,39.06356364406182
82.93706056547911,48.39732232694927
69.06451896317907,38.74063575266159
78.60936241212693,34.050026180504354
80.51026327991731,17.140917729174333
79.01287645856786,28.158147668628555
59.801940317980105,27.337478298387474
72.37705001721545,32.96395170339473
68.81328227394803,33.07073304841715
68.36587278329397,40.42246536616163
90.84452726188246,42.274602911629906
69.88751477975316,47.005052180588066
75.44571568323447,35.6829098095057
82.79635649841889,32.64838167709034
79.84344749656721,31.533338860190963
67.413540889015,33.802991033473546
76.70937817451897,41.30125481198499
77.7594564056539,39.71128339445651
75.86474911713879,44.881991693970704
75.95048366551738,34.20371950649767
71.49730176045621,34.97860346726361
80.54584664734021,30.861213254798123
78.46425511565106,29.35388158214574
72.93729574434306,35.11718888846478
65.73640317544505,34.62098757567267
88.94867975633834,39.769362499037506
68.87079163292526,41.89298413073037
81.1143433220567,42.55994686348064
60.52213064882514,27.03784636108758
80.32410817306419,31.777986148256208
76.10332475460758,44.51566983330795
79.63723950526108,40.80197904704393
72.06930263285015,30.43046918646359
69.56946061654314,33.885527749818
80.09020921070339,32.504544142977736
65.91881562833439,34.22199179725553
67.27021661378303,30.74207247347875
67.78410870347847,32.02968125086198
60.29886074062587,28.87607450965372
88.12252070778104,41.528003020252726
74.18851466143047,39.23237189486889
82.0881309898436,35.48058800858411
73.28901662678044,33.82217987835727
71.40214098250456,36.15205874762464
65.83516687166974,39.137517939143024
77.76807841510104,28.836759931552184
77.40574748973562,35.68308657579405
73.58102809630934,32.78076505146899
75.76732264967274,26.754142067608996
77.62661362052336,28.68007822107854
74.14201884626708,28.566045515945472
81.71400958710457,31.187703082043754
71.01390910555186,31.386379351133947
66.43331059499859,31.791104111009545
67.46070209424698,34.76139611857203
79.22907104646576,44.01287387147809
77.19472224129677,27.582911061665286
75.54279670769868,38.14965667708277
71.41865944826161,35.34632561870325
78.90395197269025,29.47295158669055
80.08690797985237,39.13501303185645
78.24366014557852,37.28356958439112
73.04225784377219,48.21279686414435
77.81176585534126,23.64133720989793
73.5320704967474,40.88601692404825
80.30244552354772,34.09608532034011
80.67573695858687,26.1666239856659
81.56161058765785,47.92161969037142
74.3049035474604,36.994528858345106
74.37648491143443,39.376563656363324
66.38565664755966,30.37683596539623
73.52357840220884,35.35229294554585
68.64530239059891,33.843948561520875
68.40661293063411,30.58509170991052
73.07806316666003,33.76252736242964
80.57678862322742,34.41912621785102
77.99969825368316,40.14927201531931
66.96384476469193,41.92781117358539
70.98562209643563,24.485962171715826
68.60286020187866,32.040542684217954
76.21388415397661,38.17552098914329
88.0467391654353,41.736679627244825
74.43640922617645,43.67268857450094
65.16446412359835,40.910639826511186
71.68472337902388,40.08287146661892
75.61627902502804,32.00592152212565
81.39246167426862,33.802752631420105
64.95596700233374,21.941971727073167
78.19216356349162,41.251570641265445
76.70790942605726,24.454538877039916
72.76903597899522,31.056882031071588
75.27836072249774,30.400083048345458
78.27069091302327,30.705284271056783
70.65561697756307,28.987977847996277
73.40166015743874,35.13261640104518
73.59274393475918,39.49930459448165
70.13921059537253,30.03760560815289
77.5373347639839,19.38189106411687
81.35493284847794,34.00806354572778
68.64621099050245,35.2590586283423
83.13120888760288,36.396081920179455
69.8613753756919,32.46135102704324
76.63703512282112,35.66762650168274
63.52272953074458,37.177267849667956
77.65438438368467,34.32766203146768
74.41020105854903,28.62180044791763
79.81287987915285,27.090168526275455
74.5646203186388,25.8937577696505
78.78122977258421,39.38218009058279
76.4599660312606,40.67622452782266
76.38607134871249,39.63993120198189
74.39681054313499,39.73938761058912
66.1706291176363,39.382944104406874
60.78767212129674,25.83626091081744
70.09228627553036,20.477236397251296
74.44163736115807,33.300678049934305
81.51333799239197,37.15906824680408
65.47170612973892,38.433703376533956
69.81160537544731,34.44454518537349
68.10618505511688,28.39375110630322
68.94783518227995,39.2681370534101
61.333851112090535,39.588530023054986
62.28281893479126,36.77635675834094
70.47259123336569,40.11870839439328
66.23412934355261,32.78020265450572
72.72926963573417,44.852691637350716
69.76483398761286,35.10775214107588
64.12313105838582,30.378587500957753
80.44810830118209,28.153728710409787
81.5165246783319,45.79407199955913
73.53968362643258,34.14170187741519
75.70965446479404,39.36714350305984
70.50740176431789,42.14104111923346
74.8238766028071,28.23701439184105
72.58965061074477,31.697346200196552
80.2135121235297,29.23658729835471
55.50531153328423,25.821118477800386
78.90290301731883,32.20471248235689
82.99713851406997,43.604841717652896
65.75898303119715,30.863745444022953
79.23755999945332,35.68879867583909
77.93430618273828,16.501410963317362
70.05944929077208,33.6928405364286
69.24641009271171,38.71044827009416
80.36021495097972,32.611666729548126
75.86935650207111,38.38618840609173
68.62583172437061,33.579550045966464
79.86865546835278,15.478017300917362
64.89044944614368,36.918986917616174
95.40858681703956,32.34766729556869
49.48593439235844,113.95401647176875
53.83380845989458,114.52267554963339
48.12978860796212,118.641710692676
46.68257302200152,117.83024786396138
41.285253852155044,111.5055229205183
47.86842268954122,122.47707998528716
52.920412942084326,110.0039017670551
41.7129102776521,111.6722243025331
47.332582405480586,126.45832812201664
49.447802669510004,117.28468740736534
52.62689968914219,108.41982524819154
52.71749779724985,115.6608699348617
52.90926175875346,120.22157259355647
54.37914324470181,109.2848593901402
51.7082009789605,115.33630391792954
52.66262667410386,120.1400113058408
52.349720567614746,114.84915972473891
50.643058971374394,118.76187786862201
49.723362326887454,111.77606594020126
44.913381287622926,120.36911017731458
59.86700307924807,117.31238947380061
52.10814809383934,109.1777732471498
55.26698202587213,117.79751207588119
54.06209911439426,120.77780120743857
55.747145739458475,116.48740161246144
44.76444608853525,114.76653755528568
54.277407863146934,117.73241314216357
50.1291248254751,118.92885339280015
44.47572021167672,118.45798217080524
49.237934976125686,110.09236520082423
48.425316477758386,109.08209711827308
46.163810088676705,117.25060667940173
48.7249119683627,117.21054317544508
51.28105610854516,117.75531233379091
49.47238721667134,113.50299176627986
49.8417072191361,115.40259021954216
45.91912529377766,114.67795146743666
59.69454315399772,123.07003158827555
55.78448662233372,117.49812458629798
51.83233538775315,114.5703302990841
50.34303648382036,122.03509618804242
43.0959462595814,119.63467227471918
49.61403391616961,115.43039482872454
58.510672736092836,119.0204096543193
58.694984226160074,112.79721113327749
52.33883931546933,117.20159778366317
51.127272373244004,116.5819936284414
49.574465870165085,108.12142400690233
47.29488028864887,121.93041567106744
43.41142360364405,115.06592224221957
48.874406200720145,118.36500383282593
51.692622118756006,111.88223499919194
47.82069301225281,118.13858591600054
52.86490047621485,119.48123340137494
49.662210514781215,111.23968177169314
49.633369217928795,114.60821668900877
46.28773633292536,119.11531187388618
51.23336017385016,117.69441202943301
46.26248824969785,115.92918741011594
42.90766683224711,114.6637167235201
50.7916082098207,109.09389994855226
44.76537160043726,118.62083768193754
43.285457480609175,114.57721297499859
45.53129058774141,112.41828959333664
42.27228032531832,119.06034007845682
48.509394066791266,114.37742597758884
41.08740853694506,117.69373013977693
48.78683796926528,117.30112521805842
47.74902515520554,110.55683330519332
58.86981891727974,112.71460782317604
53.60764433129559,110.84082631003724
55.278039387123556,110.83798274363767
55.038014733460656,113.5915066720661
54.81395755420134,113.17736911121519
48.12154873926749,108.72168066375862
51.878703410923606,111.57409060669028
55.074700706583855,111.20689776621316
47.31891314622676,112.39890232718588
45.87310543200568,114.94340799989658
46.166841359614395,118.38323643451145
44.50996982610366,118.16680410939681
47.66342485263031,119.79439415387581
50.28555135609713,111.81744434018776
49.47171696512339,116.59477171075021
52.510533874597144,119.69845131819632
42.043772209144024,122.5632691964359
54.32779534703028,112.78157711347525
52.40840354310773,120.34308785559121
50.45854840082171,118.38717909658686
40.52513665393707,106.08936727814861
54.07749632458911,109.62637067644802
45.55586898993389,119.90492969162922
47.72996474763817,115.89350290594716
53.89294679343548,108.75077821145399
55.34192123562464,114.85984956372207
53.34042922644521,114.7203020651701
40.26251780280994,110.69899855871878
51.860791170379414,118.8266598173924
52.03361996851573,118.88326194027425
55.72516987153224,121.54696105831967
42.76403312610984,115.44250729804148
48.90906561832931,114.24518469005466
50.12664493374822,117.40402306239575
52.83587723022186,112.16611766128449
50.29304155526436,115.30899556748429
50.76478859914441,118.8995452503081
55.09020902809846,117.98257210680879
47.2455813375924,114.68129076368912
52.212825070304845,110.73236592881784
51.41406395344741,126.53796054782998
52.87313645190411,119.12456300080912
47.587070491489605,114.1905037335214
53.84612994371254,114.32690441614469
52.00357186630745,112.37474602385029
53.389818354175375,117.91763289934963
54.255733102595244,119.70104688923556
50.4909226611469,108.1488202997851
45.96740183934286,115.6852783249512
59.37942319964872,114.39007190940794
49.144739182574966,110.86807488324422
51.41676290025324,120.7061410113594
51.48885510302921,113.63543635085259
51.01308996999672,117.1923141602038
49.17891106501387,114.47291012171951
55.585817668727884,107.93810597143305
45.2071018892675,112.93801102640504
54.73803742239414,121.36368186512313
44.26508312494264,117.2105597047351
53.4632316359532,119.5280080393877
55.137576341758965,122.45123420849902
56.23946907008295,115.09896950243599
45.405851494250825,118.66162759539264
50.54409638989567,114.33567998851531
56.30119094910911,113.80709449729325
50.60495695122221,115.78397184076339
49.239262690177746,114.73261636425939
53.400902680209086,120.9455187151646
48.70275252651121,116.82520694780492
40.92375696280783,115.7292918891768
49.763728258960235,116.78490410471723
49.73357775249968,117.76094117912795
47.00238686925687,107.07752316720611
49.397917012480626,119.70544661929506
52.379317106744956,105.22888601505547
56.06554141115506,121.81634587546375
48.075198834184164,117.00776323529539
53.802390318860354,113.36520984394767
39.60846465727439,115.02140598334
51.13855267946455,118.98951907324533
44.23148500470645,114.05317532197394
52.34292643148477,110.26789004839286
58.83288340450447,111.60988887995839
51.90563414791776,111.7281502554676
49.91825817175796,111.94154098721596
47.89118994395826,117.05420339595636
50.61322992907657,112.34928419127249
49.70533890566314,116.75076788647107
48.29939543532436,112.4940886609302
47.825579034327106,118.6623210391058
51.70434206874174,122.41332951301267
52.70799990307311,116.94001897755551
56.57373431364673,118.11060002486276
45.184169887865735,112.56503229511605
51.56054530574183,121.81570480604672
48.06112114493232,115.55434467256434
53.35847788097923,115.38531302973637
45.83150007546869,115.06148659029483
49.99607109609021,116.9248937756825
40.33626741981879,111.38179000982608
53.16342193381188,115.87860519160084
47.612666089548384,117.31661442884331
48.44820058816599,115.49400628096262
46.63176595847461,110.62171570133854
53.300969128114595,120.2959389965282
56.384938245346284,116.57424955102951
48.96487304150908,114.30168394863664
46.203614394447115,111.85690756624136
53.68083838224938,117.88333194672212
50.792232165537165,120.23846755781096
55.43621155452016,119.89368846291195
54.49120404020542,117.91173616036329
48.26670424881563,108.73171178059653
57.06950740579646,120.2205189869008
54.85853115470417,117.65047871604546
46.200940210117245,120.90324289382583
48.18636668428352,112.42717608738214
45.93302202180155,119.86866957709736
52.09663919177868,111.17288971382214
41.935084384687144,119.62450677744569
48.3497470790688,113.81719067935344
54.561999927392534,115.59231641766901
39.15471767349367,116.55797261675986
49.59655233675971,121.19087912060817
48.31848094430588,113.29644547903288
51.59407000212761,112.01458448535021
54.16980381529463,114.04092738934176
48.38824011280619,108.94415725173609
49.67551587749695,115.02900513755883
53.00124405363517,111.30156544758621
47.339819967133806,106.2048185405449
46.155807759176255,118.86579408134756
50.61390790689438,124.1822508685334
50.53223038187187,123.92860131367237
53.960263187232115,109.79582155144033
49.1868322716663,122.17434789395794
39.061920081718725,113.54321814341043
53.19861584402625,118.91951991422474
53.30851170460114,114.88059453327907
53.073551768932504,119.40967184091345
53.97505200327241,115.25350898654335
48.319130800173156,114.11865740733336
41.34547117818342,117.38914317491891
47.74059158939437,117.40052906044735
44.69890180232433,106.31300091753167
50.58156119024294,114.61713421996538
42.81289588387755,116.36239680780704
47.420709157646975,113.66179703743958
54.068998599579295,119.68567761157423
46.602258010036124,114.00890172750348
49.6375700942065,117.75575260573606
48.94718482548512,110.79113715831228
51.58442170401019,109.30042704467758
48.716796307458026,113.06979500995512
50.92352435695641,118.24930800985314
48.40901431306042,116.69196140086721
48.80433445988842,117.17455327356669
46.977057735246035,113.59807883777493
49.51945562998956,112.87788461847784
53.00228205357381,113.54432982158072
45.76507451162195,114.3046306053189
46.56083477489953,120.97201419801388
53.94184763036983,117.63230723851612
53.893885450322664,111.03878791417876
54.65731418333073,123.71775317371464
48.972052070267814,116.45216151498175
48.68254423285078,120.74470810419743
52.86357117053771,113.33245415726019
52.95394215176665,119.85572180416354
44.65131317402836,114.85703529025177
48.50673441756719,117.36356194928673
47.54492770808704,118.07423241397825
47.40204299395608,115.92893679969107
51.33795217367762,114.00205811058112
53.477137286325075,121.07730059888577
58.433561775014155,110.48283123150163
48.19501162608185,111.63545781122187
53.25593695198947,111.81567497355864
54.74261192444406,123.73011470218046
53.69345040298669,119.14911972017205
48.52949285183892,125.06714352655453
48.88332300537868,118.2109035057465
51.1247444093188,112.33227056063507
44.70545161269929,112.34647394859454
53.318452857586074,110.76545795880824
52.51983170027267,120.52253954924427
50.24254176025895,112.67835175278375
44.24883481980591,114.0372168869432
57.53279255980179,111.25827791956256
51.43798189923831,120.23308469655714
44.66862015006522,111.1498607159743
46.385898767710636,112.97564577325191
51.95198128179703,116.01566829398693
49.17442560547001,111.57117974436711
50.03159408745934,119.98154296656423
46.482472421227925,114.08608142605193
44.92944645772587,116.89678148306365
55.16726990501956,118.30924518283811
40.722447966680896,111.73590439691401
54.317816122616875,119.10892657004501
49.77633616065146,112.76980482088337
39.09963915398427,114.31815533460804
49.80087875514011,104.52054989541861
41.56520521575187,121.71857012166566
45.05248670746184,115.92883514552578
50.91449213632247,115.7353142133486
48.46874746435666,111.1296250036911
52.91387569721358,117.86382686039249
50.970878053171056,112.16371692311652
56.699287007761576,114.54773149965649
43.11743160002263,118.73824254812308
45.37595077855317,116.98491959049214
46.71277416627554,110.86793354997953
46.50183376502507,112.02392695228379
52.31681024956676,113.1785495312746
53.224430084757685,123.57406985376007
57.16107745123177,113.46005707077614
52.091765280383896,110.26597260040238
49.86674585732819,111.48778409147111
45.81312034545804,111.32487631816055
39.22469757888032,109.5305996841029
52.72523363036354,116.3182402827584
53.74684138069208,111.55001558770353
52.831675571898074,108.48687061928734
52.66910774427607,121.00136312712894
50.43731823833162,117.56085472161958
47.88733963724187,125.26393467624341
47.501549845875275,124.06665294016685
53.42832345136192,116.97544779246469
47.423816905698985,123.87294731012182
54.704236313963406,107.1299572238664
57.791154113866554,116.33741892347078
53.417802959026474,118.8208933181828
50.233559242920855,111.9770028610139
47.86130398137562,116.73617754210993
51.252674311163204,118.12518826562325
45.024187587107946,114.52601040144597
44.80880968012112,113.0161211351164
52.05247630130617,119.8803359173612
47.32068436260353,115.77243106789366
51.32415523236186,121.29403846105072
49.113133453249034,114.6364485948746
56.948266291218815,120.335609748259
45.99940083258141,120.93712602882925
50.03755489246053,117.15647106858535
47.70136610337745,117.32117770893315
46.101081903879184,115.47390290900437
51.593952912428264,111.42432431419834
53.823624236650176,123.46920647062346
53.6514769688993,111.38357986096607
52.0787305267245,109.52501280235938
51.77797635987115,112.8361415095689
45.575285046974145,116.52781578976001
56.59184034256461,115.6031701491572
55.43521465859019,117.32502080759953
41.91347213711242,111.67358437458181
46.605026695954905,109.94985279649421
43.27622631457605,121.16073878328599
52.32858382544027,114.9404594242701
46.287921716260385,116.45431575954359
60.3586661355758,113.43422240984614
48.52310344956582,114.21993607794793
53.252013579016705,115.50687059196743
45.88016200897093,121.2319850808642
56.763879829236345,115.81117114573755
51.76774555569534,121.5904765774708
47.71148267046972,118.95999812999231
52.80864030236475,122.25735274258706
49.17094509007629,114.84767203469242
45.25869277691683,122.55996196995925
56.781048722859566,115.12908110642456
53.90670860705423,124.10662783065479
50.437106455189664,113.98253565824382
57.692346251337625,113.67002473913317
48.93877604855647,122.14054646433051
49.11851642958443,123.95429024910473
49.657985224753915,118.23439585305273
47.836739914391245,123.8546480948401
49.01296222713621,112.26355083130234
46.87142395649295,110.64402758592986
49.560767048975265,120.44481538259744
46.41973236221674,118.40914334007851
46.691962690745086,113.81756255097285
61.12382927401791,111.47139335430391
47.6633541406518,116.83647097489278
54.76171102822812,119.14774211782405
52.63801607306366,125.12272150767072
49.30560735501685,118.8467375558934
44.28940436575614,120.92845906916345
43.89339395513222,120.18091342815809
49.26619734587854,120.41330568634464
52.76492205149926,119.64495388829485
45.76626269851902,114.95652392850835
54.51046283602009,123.79701918576681
54.59713420268858,116.62782391796674
56.354957938274225,114.32509293377737
53.00221879361984,116.30720189885157
54.278767776977205,117.85618609485914
43.09580034146691,117.2356304685517
55.31811209973357,118.52481890802247
54.39337009909059,126.80483586129854
47.90135566520645,115.74746799696473
48.46259150431184,121.06771109524908
51.303833072525464,121.58732094750897
53.86600690462315,112.3198487921982
42.854869822196555,116.4822336626308
54.67184950536324,112.14516626105221
50.95419657726867,103.52203439009494
54.297539566039774,115.28896084323837
53.6720893014282,118.95816935047732
48.3135623152141,116.02453287720355
50.56942190494249,119.03976549009329
50.510386913829194,115.1010142856257
44.16260913552527,116.79568726312388
57.26223409580922,114.19429547368296
58.495722595268994,113.85321081541773
43.49756003959248,120.17823402519639
52.3628370498031,119.14601298048693
50.31731809150252,114.5956052340892
43.31958935886117,123.74645337810067
53.329059332192415,118.46052580716685
53.351151798604846,124.29863956055429
46.803632534486674,110.97806228503715
42.627989252920855,118.42270428934052
54.468609117940865,112.61409190643046
54.440683864130406,112.35937715403621
53.00289368996976,111.86514294747508
49.96183026159366,122.54733568659671
46.2073746948828,122.707604284753
50.971559677054366,115.20608586538116
48.46864230961572,119.63172311252461
46.06180749640175,114.74251260714053
51.746790285571635,112.40877893050789
53.6640636399911,117.69519705044024
46.9866923588763,116.02034129792062
42.64098234248703,110.11093006737069
50.134641221439395,115.54181674681902
44.42857235953733,113.2288921288749
52.02013975771081,114.96270833341985
52.82613111766647,117.45483480407874
49.91937495490614,115.93197569930784
45.608450901813725,111.50560322194197
45.490478632870946,116.53372041190124
49.844830610178704,110.14571204883246
48.7961743019052,116.93542190441752
53.82230237190446,120.85309163677042
43.2966091178469,116.83136720379574
56.026411249750744,108.61257399707715
50.3302931152646,114.29555726098474
47.9522803609791,119.62480667440974
45.751784253125244,120.87980156123942
50.38053584676339,113.56602379445272
51.64647520007558,119.54271922735968
42.99528683006509,114.91344282070787
48.935601952582324,117.56781381076398
46.82342178648467,116.61957613749033
45.12147071116058,115.4747130337051
51.22163764937556,115.06568055432948
40.182792045929986,116.49385090055355
49.63958694775335,114.72456697278302
48.217033129878644,113.90633478795412
53.40490537431203,120.73348489773765
44.9600111531437,115.51726439246615
52.359088153082375,112.99335964896993
49.576558974126094,110.38397827692438
50.71979484652066,104.8584428953804
49.37002671676477,112.05078867307262
51.310496246519016,119.40781402379703
55.417725532087225,115.1785025142349
55.28338652152674,112.4054758226181
47.013372387287504,121.99439254292064
49.89110553080127,118.84919193121377
38.84854536114983,120.74538950464675
56.607376983851125,115.5426881916491
51.45162959768341,117.4048820698592
49.24514012324406,112.51434272213929
48.68054175565977,118.13352685690272
52.11484518652902,108.41114748611285
58.66285371160372,121.83978408597295
48.15406874149007,120.07104219503505
49.32069679195299,114.66088804642666
50.98989603738662,118.28994216514354
56.48751492666057,121.48133867322773
50.0739407369705,112.85040810368697
54.64432321387304,116.01634245770282
49.59466758521576,118.85550445351048
47.97071941142788,114.60320396306626
55.036523121762286,114.5510179860767
43.129397383676974,108.76331548260994
53.15752625239815,122.63911842241913
50.096780849250365,111.73371278278007
46.04804701463615,114.43925240586336
50.86552854070295,117.98893073283269
49.715438479681644,115.9581104498796
49.629031108943266,115.28113640762497
56.209038962133434,112.61269131025426
54.13927637094179,113.05805561086018
48.73868759362959,112.23177460159266
45.001601622511885,121.49538586976097
43.378477954992455,115.07875760675712
48.18820214789055,113.46882829570644
49.40458581714984,108.19895383341756
44.56816280589626,106.44436869200894
56.64769304675652,118.06131636531839
49.906561896914134,118.81272026436906
54.013392831917315,113.1510263994132
50.4292174220812,113.69450876555328
49.435066533475585,117.96396180242203
52.037100555089,114.37694382270186
49.863503843182365,119.89654206910069
46.71349128086391,119.8030199488469
50.8614615314206,110.4190339649213
51.99589595585266,119.34174807783414
53.504697003516696,116.80590955922759
46.880885059118306,109.71692392320334
53.4708256898738,108.49089707926721
52.78287332125093,113.02972811474066
54.287969189001515,124.73408111379162
52.691215894304264,116.06477512674742
49.65485119362172,120.79508110317754
56.16387917248361,118.5042138489594
48.89929921680501,118.57890930128231
49.25909678132182,117.35876861939632
46.04231860506567,119.51027659314815
45.832198559422466,120.93761229999588
50.434631434342585,120.13610901930991
55.99955560001271,108.90456737563912
45.879405951091286,121.78567175692515
41.747237016530434,118.93396513867536
44.70882998272957,115.44413553047049
46.74295404903755,117.95708636239742
49.92502246816435,125.15528715199973
47.69409309593937,119.5773923005334
48.68883334580267,115.89697094360673
55.897865013735654,110.2658668175352
59.79473504437807,119.03507796600685
49.97937424963901,114.22091489255482
51.64881199186347,116.49043081038702
45.570596353278304,115.81822103074327
51.1904085812057,114.93718812467861
50.98763016309266,121.29257805880154
53.36268581922542,114.78963906667575
47.47141696618189,112.63489869638533
53.26201722935721,112.98642418860062
49.98570239531242,116.1115332810933
54.297117918470626,107.02492563894563
49.83093846937685,112.77323390428866
53.114583440711144,112.89243003448615
55.154444760854346,115.50310823720837
44.791947180017104,115.04003385667751
52.016628357318886,119.31877114122955
47.05861536382534,113.58901467789934
51.943698570574796,118.7465500762565
52.76001313119656,109.626270172364
44.21628591514659,121.28403436797771
50.4017066334456,123.3981423676772
54.184782640336124,119.74143882669733
54.63757099034714,112.35016663366062
46.1753551207775,114.73503359269306
54.7266359037391,109.07258891387133
52.113482237824726,113.60523277395613
51.757863320741826,115.05567448846396
56.451860424069984,117.77753876150511
49.14351196369624,112.52819652717072
55.42845813564287,115.51185415705876
47.17674700320721,112.95821574108858
50.93234062636662,113.12820904135783
39.33149484709156,117.64218290653696
47.90305484232013,115.13571450304673
45.55671673769022,114.83007708025644
48.99358674618624,110.89385599454087
50.214411961995324,124.98756306972138
50.67182468169578,121.02663193444202
50.36459116421471,108.3061845200881
49.66258773511076,114.69984274903193
47.269060973572245,121.23314584203553
49.03741919497145,114.67725374208716
51.779223828754425,114.66774913883876
59.51096882563935,109.34353390236306
51.21270380542712,114.80451108017202
49.4962335418556,113.362153621707
55.192008713586674,119.89215143180891
45.68072484907335,109.12853515173623
61.72794375078737,118.020991390108
46.516721091732286,112.52597172343987
48.40007578691031,107.66116591321733
51.304966012588075,114.52412482050373
50.09995742476707,121.06996742238458
59.532943234987584,118.67625306646664
52.22214480439694,114.62014877733444
60.71482232728621,117.91495364321095
45.60958802955207,118.3923144923189
52.363589156778524,115.59775044343912
52.27207045358669,120.18958876658051
54.86969495533302,120.66564873503661
43.95044599869881,120.05189332954907
54.73329216990974,115.59637234336546
53.11475224969851,126.2277147836876
44.9658793709659,117.55222475031027
48.245514248022644,110.00776056674542
46.77727659766623,113.9386786747385
52.82900879100929,109.32887094924926
50.01049006126297,114.90719975223777
44.528561478140176,120.27411996616425
48.46782996958317,110.94523770952435
53.37618287409726,107.99926702127568
52.16848429252199,125.59450672064982
49.554099333902776,110.6586245104121
47.33822421954585,104.32818304304128
46.29585654877275,114.75699922741104
49.06840742853312,121.02189126522417
56.46326533892311,121.38419765766086
44.69531603749817,111.29019572337509
54.34991054995949,113.44913725359591
52.02121389976248,116.7313738322516
49.20248341939407,112.70901182378772
45.79319903616472,119.72010762549355
45.525576932271875,118.93106355937458
52.17972158266172,114.06282095116025
53.734540283300255,115.8454255050683
57.4332453358461,114.41333479695356
50.975500485750324,123.08707914897575
49.06051765835041,111.18070192239237
49.144041841714944,117.08708931958228
46.76249559073927,114.99832621546011
46.904992767848476,122.91054768998791
55.84451092125402,117.68211101463599
49.45738483228582,114.66652268710389
53.112519732425035,114.19111923656007
58.36964816522547,117.96002326296184
46.89209700860301,117.77620018612538
45.56181428915479,115.55505980448618
54.43108885364189,118.51284162586079
53.152863474544446,111.3732736022183
48.43531575217121,116.51619703107104
51.99238392265249,117.84977453914132
53.49972765750004,111.3375099194938
55.37528813519524,116.73226967803572
50.108262853445495,121.05128732996567
46.102298570540256,116.54564714460848
52.86197750351204,115.19816382522774
51.968953787807344,116.06084283716038
43.570011504617945,114.48565476501793
48.78385758472355,120.11478329968216
51.968414891264125,110.17057876304696
56.86282491703759,111.46212708540104
49.99363669674608,118.03020915853088
50.80427725656108,112.46542908687238
51.92286630215073,114.36916644202518
45.85138071151789,109.45217420230122
44.39130856074458,113.80287550202011
43.0853386709434,113.9609086369738
48.78032098623934,126.05257889663454
50.007119162161615,111.7668994917075
52.85564206799818,110.97285771711599
47.18976202724043,115.32580753386915
55.51783716506841,115.9640116385249
53.644333313921194,115.1808482444048
47.35401447976281,113.32656405715308
51.24195551255933,119.24842638461503
47.886914231154655,112.72877834622516
49.582417707015644,109.67649863360816
51.73381548653183,108.2952857494451
56.23377751727864,112.94638724723752
55.99071626690144,116.81637888959702
45.67598634156283,115.41854705165248
49.7824600148241,108.67390075519691
45.16336518903926,111.02471235282073
45.965424554784825,114.61942584462044
42.082802683947584,112.98159907538519
51.08102274986565,108.64805820835949
45.87091100482934,111.27643086171139
51.43898576553157,122.82011792478431
53.27028677898859,110.62381504663004
42.26114146150378,116.79748949526466
50.237412591761895,112.00489489324428
59.39560365788302,117.38092400059745
52.07462262154683,117.08588044755655
45.77444561753641,117.21286016563333
45.449390191577656,115.25977603272375
47.44901432677704,116.82697239254946
47.80920182141767,114.25050685162276
58.71129526340165,120.11712596841726
57.98226254188717,122.13570666262135
53.34509407536197,117.11348673654119
55.879190499990194,109.96199385415844
48.13916548468768,113.94897861278174
44.53123824353665,117.39160512976447
50.688649887556636,118.2969077259891
46.69851525628864,113.57603447609482
52.364833688142895,111.64929542664342
59.1796518793318,112.15803009561228
49.1547618764144,119.23692798524851
48.79219247575469,115.38575645412216
53.604132122791725,118.22018032747644
48.70611557122496,116.79230359415354
51.55645590921851,110.82356166965117
55.782349233720375,110.84469905644848
42.46195171921859,111.85889405768853
51.739600358321894,114.85883363301848
49.30761484494524,117.42922868896923
45.119470461599434,114.54881576659963
52.09091345257902,110.74422798001531
52.41849994199896,119.6178191205639
47.933612138436935,117.06345299819776
51.03398250816245,118.86813711133374
41.529363909201024,115.90744626169759
54.95474548410465,119.02168120044873
45.270607080124826,121.06622215442728
46.939602970743394,119.59173575792792
45.62707288100446,118.05808534844394
63.1942116340983,119.57669137713604
57.07452563197014,114.56719037748366
58.128762623462244,116.0113166559501
52.3518297542517,120.83623338187786
49.140185691194674,115.4064713040004
41.369896179032,114.88331674239132
43.72425266646594,113.2378767874356
49.70618007975448,116.50457795105139
54.83210876257138,117.35644433725382
49.98868886357977,120.04657617819142
48.368692416544796,125.09689730933303
58.67475819975763,117.02731553448992
48.647955997822756,121.71152618722392
46.26187221863877,111.7113695846326
50.316079540823644,108.4052628569168
48.525126770416136,115.89340760283707
51.141647592770326,116.1927516010891
52.21202045349835,108.36037459308329
56.92417375083428,114.82820067985507
56.049115670441154,114.1174159025347
47.578299302381524,113.71384305714503
56.05971796359046,115.68308678194379
47.70382019688402,114.47919942562915
44.39747679238198,112.8389854923526
57.427292199418744,110.7877727485155
53.28152002963816,107.24432854763788
47.66974759342176,117.25118242917335
48.44062650588429,122.43910340312067
51.807449634579164,114.9379252634968
61.53195937402354,121.16179063720504
49.227813765124964,117.33659670063687
53.71656370316633,120.22086697914905
47.012867919523956,114.25757307952277
54.382867583606824,111.67208690943642
47.13492648567404,113.00120324694785
51.47033566430028,112.53194305247067
47.21103743605995,113.56499226084102
50.04669202948745,118.80388240918703
51.72384836420689,113.21666325227545
50.289161090088214,115.21840675956803
49.201759958149566,114.78941523060516
51.393821479527666,117.02037700179744
46.620774407297176,122.16543971949639
52.75739515415634,113.47290353846525
51.98515623625719,119.11081389090108
44.81111835561147,116.8607215243638
51.391730151490755,114.88022375951324
51.59968540233389,113.58759346492901
55.70295545799751,113.42659052378319
46.76536746930926,114.74076932572035
48.45461455213596,116.53878298115764
53.13263257600575,115.03507759771625
53.58950043765687,117.7294455358769
45.84346812394478,114.13089077855842
51.702476604614084,110.64042577453449
52.527750759235246,110.90603448568443
45.48749275785101,117.45629772239424
51.22475607006746,112.1100609609006
50.49695135995257,114.96083048669198
45.906295803586666,107.21285299161097
56.32096870049021,120.04023254426653
48.93282895706501,109.53410439059255
52.75176671373225,106.78461066560838
48.92003370035896,115.56005228633224
52.03330152044548,112.47170041561948
49.70689521175962,122.12854016578328
49.33133398449731,114.7376085209721
42.58230112123625,111.44470238474784
48.6830553556551,109.66116579716896
50.85111173359382,122.83348275196317
42.37871920638237,120.36714059187969
50.95803625205522,115.77747679257668
48.52611880234476,115.5538353818782
46.428203679452444,118.89655091506806
56.355350480766205,117.06446899882566
53.16247710010064,114.21028396917161
52.0332961877118,119.8694388045035
45.02948554285589,121.27099803701968
51.17657633626918,125.08300716722091
48.927693607358805,114.54292681005845
50.28713896311094,116.9865304745727
51.65408115847424,116.20591005295634
49.94649134129316,121.09166296370816
58.19929085682724,112.47099652690639
51.827930024590295,112.66834251584373
52.43963564113826,108.46829437459166
53.31370315729214,122.72582066638891
53.682953773477664,112.96235385591434
52.38142440321731,120.70944132571992
44.598860996557036,112.80803339712875
53.92718833979061,117.60063396030648
45.12057217368305,113.46655303978025
48.61246862703472,115.39928965490046
48.91562537467992,124.31406795141152
50.427504719639465,118.20320784042313
50.496135707595215,118.27720425966972
47.507658116890056,113.6918289827286
48.97162094681055,119.91292333544106
44.74117376579989,117.85455949079042
47.274630577758934,117.7235109894735
48.989796987005285,119.20620583631877
47.7918513867323,115.83089093749616
48.94810735571416,119.21858856857966
45.97858093741795,111.70295331377613
51.131315584188,111.63490346055164
54.34166533748488,116.40603503453734
49.96754257145825,114.54820581242546
44.90780501395123,113.80494090468723
45.80934647081244,110.42615722478767
50.70248265950833,119.50472473048683
53.48921235988927,125.08937405141748
60.83566678617284,116.26502885548594
41.66001274752892,110.8513002183981
46.33006589846616,108.55105404465766
53.30247595920398,116.10755150781024
45.92762996560482,112.81756324648421
51.368417629680316,115.9271775849297
52.136486903488155,113.17768666951083
44.343823047551425,116.26737647571073
44.05827290662279,117.50474609612601
52.79047926871777,113.8987408100671
46.64572179562367,115.74093413057201
39.56885484854558,112.44779367359737
39.2279009586915,120.03989579820322
52.83221198663077,123.3945050666601
56.17522480800888,113.64222190322202
50.51960835300194,115.36289676276064
51.06684856110891,109.5361226468864
46.58696221694246,118.32902660330551
45.088454774684244,119.91136102995563
53.95838946840851,114.29531797519009
40.413339831036566,118.55449111624979
57.259234474214274,111.07654634584675
51.30541824707008,120.99852641060612
48.28395112584302,117.76872211729562
47.56389068290013,116.88349547396194
48.82267896023742,116.17320491530103
48.76897175925586,124.54266145491484
50.049707048768965,115.11948043825647
45.73435502337036,112.3462098257963
54.62356677246201,114.92062465941906
56.42715684211385,116.73419792363569
52.02059601486418,110.24772757195086
47.001037405567644,109.13529793204656
48.68849976640136,120.70748881815409
43.20521870161935,106.26881286261535
52.60886506083874,120.91503489749404
57.06716245818789,120.04602707753952
54.55722065586189,101.58977105398473
45.48856816091777,107.57812803379184
44.759096280847764,107.56873990480669
50.53179904715203,115.66184389409193
38.56167444979205,119.56364474706164
48.316989240976454,119.40712028084099
48.59601985620536,116.2010481692315
52.64964430893097,114.818970309703
43.84002640776544,118.43187434987085
48.59376916513416,122.17727744402055
56.39894505734309,118.55270459146742
51.40103433546201,114.88670328846386
48.848221469563605,110.93070803908019
49.849674672396,121.68318034249069
51.03543099736547,114.17304462273734
45.14941729441411,113.13617053146443
61.30647249667609,117.23994548976009
47.777345556493344,115.68295035388233
53.2435040228857,114.00232834654476
47.8625678561465,119.51262150623533
52.291770999878594,112.217123952094
49.53200368948255,112.82442399717112
45.039217604311716,113.87950660548391
45.340623071976864,110.78108842341621
41.97621128252972,112.48873670941691
49.491138507401466,116.96619880649227
51.8602760150375,115.6539484148893
46.93345377521743,111.79101592312942
51.702556702587366,114.49011628632346
46.204157414505715,121.10050807278557
53.36590802988211,112.97567608085927
50.9454116584848,111.83905348302424
49.80544611880092,115.52504213144161
56.59153897873328,112.25109143227519
46.77355612930579,114.11600138950772
44.414252346370134,114.0519453609963
55.71282355300819,111.51354073041162
51.49440173644049,119.57012314453519
53.20436715393486,118.27768550295235
45.2976467062144,112.49638614488697
57.46639442312484,110.30210544182036
48.00005225610724,122.74174067649578
46.42520461898673,106.31254705541623
41.71665229349996,110.6378667228918
52.20001291954272,127.55260724231887
47.85501352895833,109.4822351697479
44.35370737806148,119.39754308699645
49.67904412273748,116.92331281709411
49.966417791686936,112.60766334803048
46.12196130005691,112.61316243536086
52.449457133953715,118.98070581861204
51.84727331142867,110.66367471566997
50.04602128992448,116.17467504517403
53.92537929144636,118.16113939899748
43.756122707305764,114.81761498913531
55.146345292411624,112.42314938892198
47.53430998064496,114.8437608596252
49.473244224681004,124.19551728201374
44.51604557981258,121.32795377672868
57.222031390701396,119.87066699858664
49.331480381308026,114.75256673363393
46.57281018836423,107.97841349960598
40.292350003351594,110.73706013638846
46.502031240854976,113.56079349225529
50.6131134526149,120.43049253089252
45.668747692669065,119.38519101335942
57.96973181187989,120.4797499760521
53.952962972481814,124.6060760671394
50.31799008667811,117.62957754949065
49.17655685414691,115.95732026481284
50.088661116073865,113.15641741562033
52.293985399802814,107.03449411357343
53.67626048443524,116.5469215701116
52.28506227639216,117.50444173976453
49.012770754781435,108.12890388984073
50.40986630657212,113.77869911256646
48.594886530367006,119.0016403769504
42.574510123776946,120.70844043971618
52.034786982908905,117.31705073091885
54.243465430546216,108.88711397077621
52.24782443199186,115.92119435452408
53.49721763914786,112.07814302571951
40.743465643124395,123.38395285059354
42.68498543586771,122.38614448614427
57.28480066747725,104.93928241496387
46.637284400529545,118.39981304634712
44.7711334107025,118.73828158267207
53.68020768022167,112.28305823055423
49.019420650632426,118.4894809211948
41.88007757611013,119.10067751734768
53.77932415427271,115.9517526779559
42.79769192303165,116.45834873431834
44.42586787620181,116.88465223204395
46.45081465542064,111.3096903910854
44.32296977733311,119.4523916578486
53.39390254396349,121.75510216170143
47.70666928856234,113.03270915617743
51.178570108067696,118.45848622743146
54.39602961709938,103.73824524402978
46.02626968357343,113.12037143804578
48.60532099674823,113.28330472302171
52.13907633098802,106.16105338572652
49.70364656331863,117.60327149174356
45.97265057477296,116.5556490913109
45.53305303025926,120.41578916693169
46.005265528353114,117.91276001625172
52.19317062661256,116.19517717006998
49.511026130894486,119.67136001097053
51.31296366263964,112.05379852202009
58.73291503124289,118.1181824764703
53.88709087769396,116.38788295944438
51.70184240225867,112.6469190840958
49.33493923072804,112.91119956797341
49.46145851481744,112.89143626132575
54.773340883712,113.16981985937343
44.71354890524699,116.43384387298525
52.15720680267078,109.50459586636929
49.42224671962705,114.46731774639687
53.677856972960996,116.04646202903267
44.47406508127111,109.89216971055501
48.30009809288721,119.01199126422846
53.94720487217325,122.57211408033946
42.176834940730856,107.29223081425452
48.6294252226796,115.47110040571576
43.62021192319913,115.19888715214722
58.6654186210337,115.46651032287289
54.058122227495275,117.03770776367332
48.83480683071805,114.21858782802428
55.837922301560525,111.28217968228084
42.88749939843799,118.56806420632745
56.7615690165111,109.22984775574892
49.88714997179156,109.70419348953139
52.92413463642987,111.23902641704899
52.07962978048693,117.70256850927747
51.35162366494988,117.94575214662414
56.330112893755484,120.82585075262642
42.479388851340104,119.2534590787691
45.89320268089914,108.22095883550648
46.46387488452363,117.89843762131498
44.394120835623454,113.04006864499587
45.441914812235325,110.08158401543021
49.504980897054374,125.60700458787042
54.41091298236612,114.62116810323097
43.46500905989015,112.2291420269788
57.49000496758112,113.87805028496525
45.440523051785604,115.76238800702303
46.404864301043744,114.40264121467467
48.1998112604252,121.37530170682953
47.21974346588234,108.81119839565058
52.44360802203901,119.08490595106592
56.55576377429987,116.1843483708381
46.480506403260584,116.028152107356
60.61361964386027,111.50422125401215
47.01446633203509,113.49292337112517
53.95874088862648,112.26599980315275
42.1290084162568,112.8723929819188
54.73602897671624,117.00123520688673
51.00031886438382,113.90135257243739
49.295795813696394,109.96602882156151
50.68544229998053,116.396747017172
48.2252563654684,118.57792649170545
58.18905699920617,110.93252227827774
49.727637322932885,109.64072127084505
52.17102068970669,115.24831382422035
47.81059652351322,110.9628545367355
48.967811886930484,112.75936718982632
51.376944460226994,125.07009084086951
51.1175713111273,114.204729627869
49.793465759760664,117.85258365625296
52.62646576345159,117.87724994745415
55.696193653585084,115.6639410610684
43.77795254669618,110.73835554184849
74.1596866479503,19.808222344864276
82.71936243730495,23.501526897143393
72.96667094643514,30.252702664335196
71.31110966649811,19.78918328307577
81.739603014689,21.789991603761482
78.21778577605602,19.971536313450393
83.80208682133075,24.980188262357817
82.43206533226571,32.329488028718075
72.94962467206926,24.78657335308914
81.77998748642081,33.638500216214275
79.53051704333805,17.956606684035638
76.99814773987279,30.53615405614746
70.26200014698591,23.203156012578965
80.820990978365,30.539416476329645
80.06510361441083,24.04086452835091
72.33065282779054,23.88691828494686
73.80634353036095,19.5376552585567
86.60902141086338,32.86553391045881
79.33059364209032,23.38374943074252
70.11694384412142,17.266091065170947
67.035758424502,23.85095756911058
77.88745643632306,29.124164096973313
68.87465601414436,22.92765216825549
75.29174840545008,18.858297091336937
71.09272577544074,30.385076010608657
72.01873273391044,24.415989622993518
72.9470235200129,28.991155279994523
80.34735201870065,18.730489667583544
75.12760145181085,16.070507173998923
75.30160123855605,11.793447619062828
78.12515670353805,24.711041170850464
84.39620744256995,20.76300558612826
69.35335439785815,17.647847990692753
83.52188379710287,22.311162167437864
76.58263124855934,10.78833037579888
77.89399475663124,10.23947754316414
75.75173141295123,21.473349778680753
78.23968859040782,33.556760160419195
80.65293041993729,34.54108481993098
76.19250980696742,15.270870621719434
72.88810503393084,22.843310055711157
76.74143294354299,30.71346524734824
74.12353541451267,27.891262999225738
75.84969708834873,29.56380589771942
77.7724690128521,21.419221979432272
74.58954748773354,16.503207033375634
79.67542985573752,31.118969195930624
70.77097562328387,20.500983937084413
81.08942920956922,24.834088783068715
74.71319843551038,26.53616520343856
84.45206407570784,19.746776318073746
77.1338979520678,21.632016278741332
76.02478663987084,21.186404477943164
84.44258283965138,24.51441458750961
83.25754787642717,16.08755939996986
77.50277989053865,28.1800795139216
70.38345670216577,20.279969008685324
76.27838822429572,29.917481275519574
75.45969851419197,30.514622134844586
77.59277696508805,24.515272849551955
75.4714700733009,19.39952027037628
76.77448851002553,33.53629345263003
71.78805521234534,16.903593380071655
77.6853904962221,23.08697210474235
69.31407126065146,20.45189369506072
74.86893028115024,31.43322397021901
76.60056267211834,28.30751388698186
84.48090808699871,31.175153459313876
78.58905376441291,27.472509474209367
81.18024044102864,18.766599691131397
74.67731892157734,28.538226711354497
79.46148359296993,28.523807757096872
76.90696226505906,18.35320651013925
80.89329977976877,30.69202199928096
69.40201355586726,22.20603300862446
72.81677344067073,34.047267546277325
76.80422733587113,25.67129275393225
64.60481672686745,16.919182218200454
77.54300675165642,12.091271056522816
78.3474868570068,32.31609927418689
74.54847624299603,25.986438044641073
72.23503841438426,17.054846773339925
85.57417378341198,27.122976607833372
67.13781410708253,23.310945968422157
80.9217985458933,32.37035140744913
72.0555865608261,21.416531832976105
85.02580104147384,21.76261609922977
71.416898338069,25.70680559420802
82.74536616513164,24.9706876915397
79.22192710233318,21.798707201465444
81.02622095955363,16.370097416775153
71.7771384723124,20.291033529211692
70.46594336489358,19.89570709838237
73.05943751976626,25.97364344655567
76.93641585909359,21.151484419055066
77.06128514624274,21.55739747330799
76.95471767912898,24.325915064690758
81.09078443193332,26.38173374619869
86.77711451524364,20.004793801057346
70.63641333717923,27.895946685524095
77.50911732778927,24.34536640404422
76.82608969001204,18.024496617644928
79.19020016414045,32.94729682452084
82.01994439345857,20.62965142363916
75.53469182591616,24.43649179946099
71.23720779875235,25.164366216124293
79.08419437231557,23.953664279835614
68.53464497591358,24.563264171752024
69.92671902439294,21.00964301606793
83.56569887828772,20.298603689892417
71.63200789215672,21.92767766600413
72.9936971114663,30.258151404895475
66.8604779966722,16.794158829666827
70.99334179064074,22.955095470126626
71.76464235217804,21.37834368724538
72.55087728266479,16.016005294343437
81.694304453012,24.483540922779294
78.42658172752087,23.323753139323994
74.62635590464413,24.16180642927896
73.93071770614264,25.351993135575345
79.82050842169883,25.97524614672418
63.13783070626681,22.52794948662058
71.08226152593765,24.59344167462636
81.30264334397229,25.511419219362207
77.88959231407613,15.043503062489968
75.61676628997847,15.031020159688898
72.69793569384483,26.17539217686199
79.68893270688129,20.017330883819334
75.85370271871705,28.87336676485657
83.3169042992232,25.83198874959754
78.29517563499775,26.748251317991617
77.49728783070495,22.68279135322137
67.37283290391576,21.830445959283704
85.34804038374537,19.038074811795752
75.17440701553603,27.693145103162614
75.56010399280896,21.81058662486796
73.96855530562412,22.166122239777785
79.63861256646229,25.657399742712713
68.24843836934978,24.8540271957189
78.9034280935485,38.36365096503686
78.16160013129105,24.646790492266955
73.11668797675668,20.47115690739013
75.39303933033761,19.45369384391701
76.60545958692997,30.960851865619365
79.74637227642829,21.29150329668519
69.95921439529688,21.78574304557368
71.8111869852242,28.123209606064705
78.95740817005296,21.71915749527452
72.65847702950178,22.835986176333467
73.77780724344437,21.645312394610965
73.077713822219,22.93699658758453
81.74866309051309,23.900015593970142
73.60428005700675,30.06836436253481
76.4334534114458,13.701053657844932
72.24838738914063,28.005629338815556
80.24570410458081,26.32549919612391
85.73992198829026,24.583084458215936
84.38825387282121,28.10828052916385
78.89930111805192,21.555622860244558
75.02012763469406,27.99624317698056
77.48036485046616,25.94495731486682
80.56652204448959,16.77986351856761
73.95315016085439,21.283473308626483
74.85168460573075,18.100320519060894
76.69132772916656,24.226160360275077
72.46517816090088,21.242781351999383
77.21890851800816,24.092631903977583
80.78257930642435,13.876237352089445
75.5801537612259,29.651668880839914
74.01917173944508,19.216264815528643
74.1226132107897,26.561103532841194
65.75351351130294,32.67436270641655
82.64293096769867,26.03635880350895
77.09733156076076,24.59089954737649
72.79274867253739,22.99742245925776
76.38606990654037,22.303496057022034
74.67255473308383,21.560124973862333
81.9498960945478,30.213750267247985
81.7194598865967,15.197836812978606
77.87213537444163,32.03319252569305
75.2336182367655,26.03546642788039
75.68876183001535,29.668661946450953
80.73642602034428,21.769237171541636
69.76324437077852,30.62625094949034
84.24726840442948,17.919069659008457
81.16804022617035,28.837616422597176
78.6993185172678,28.342827977385568
66.73696371190196,24.91590834575671
77.78091748094033,22.21777627127523
75.06205700108737,24.093907114439215
77.57790650903941,23.88481463708837
68.66613828767522,33.76083341210835
69.6231513454137,26.583048119314125
79.35986579410269,22.983526669679406
70.76133829814047,19.87750117579829
80.82375322926875,24.250697006038976
78.044512882906,14.094624217714872
85.65700989680813,28.893404386452293
64.96433159668594,15.489289686179111
73.82019060570146,25.800682246152864
77.7748944858111,23.312200328697898
69.31110929435255,28.152469228102476
80.35677687100812,31.155727622253583
75.01466252107429,32.72171845334472
70.21607959330896,19.392049957088403
78.52546400659145,12.234423905969441
79.87024860048447,10.738977981018827
78.70264939779906,20.465942243954512
82.34503944778224,27.520093838167995
80.26352457644397,22.663223404830532
77.70885505511114,23.972065051604606
72.59949845217542,21.727708227631148
74.74785026598518,24.797833329849908
73.48198044670171,13.485509487658314
77.37100026004441,24.29570822141828
74.439173733398,28.887092489869374
72.50357817981622,20.506172591443814
81.45103340160368,23.28496789110062
75.99513225471067,26.48237696494598
76.07901535919677,26.655345716479182
67.06781574393956,24.150786381358728
73.68450734880142,18.912443022903464
71.80984512120891,22.485351594216056
77.91448263923853,24.93325777895256
71.95708326902906,22.327400534426715
77.33497786603907,32.27128070445784
81.58536632695143,33.30873830582615
78.22598758913556,16.529993567912122
82.11986167211414,25.721269961436317
78.68787516706081,22.735496544490214
76.13305313928525,32.677276962626905
71.44481369579944,33.69617778310068
73.43313414469877,24.683842979452365
70.80033811671152,21.782592541715964
81.0723877206532,17.8762590137011
85.83228215532247,21.27568521952328
72.83999408010737,18.337349291391412
73.43762003298525,16.42738859816438
78.0325547219946,27.211400813493633
78.97025847185316,26.031513518258357
66.3032185457957,24.333560030130716
77.4708963477334,16.858752626136603
76.67139451416374,24.628938976358068
77.10588634912678,28.61443139470162
75.31300463402904,22.95254316636893
79.9420851697285,23.957979346556108
75.50861980640748,25.54357757778556
81.36478983761897,21.49205607929887
76.49519593290901,22.189803359535592
77.52038122929228,23.117632498194407
65.75571223759712,27.015949308536097
71.93779206420092,25.08720540934455
69.19659108926557,24.92292562652612
78.35533008673553,29.864122101568213
68.1090932593811,23.220022668522308
78.17532007396171,24.24530069766681
76.12042895721882,15.23243261467301
68.13201274842177,29.242992559729778
75.21076163969937,21.84590010922853
70.14912818992444,20.012970756700092
65.36634010726999,23.280558730339486
72.80564118313339,20.161717289417332
76.17361899881213,21.852917593082253
70.10885469084845,21.663618321845355
78.37547125935427,23.4275944727045
76.21685775930226,28.141978939914186
82.26945086972462,25.85261688811498
78.20626308756857,24.20382620377886
88.95047198095526,21.879523490064127
79.07261245350423,23.03976055575821
76.17836610379153,15.879921175880563
72.95314321648029,28.127836377238236
78.10147686405023,20.700138831872845
78.58996973245847,19.67444165558479
71.1254663294918,28.07648458536542
81.26735641414768,24.379654955290842
76.82654890902727,19.996847723637675
72.63151883096447,26.80718000866775
78.01025086913235,22.4114848885421
77.6041606431274,24.643430057445173
76.91554539716776,18.54351079408392
70.60053745977811,33.146335414750794
68.94445477967099,6.261821238835541
74.59225750136498,18.963773217468606
79.79074542792826,27.230855114996604
76.42335852443138,20.971177598947808
69.28215778334949,21.370152856514817
70.10570063630891,22.629090700529105
72.0376713548309,29.74278861083262
73.20793560283116,30.996423302719805
70.3976758451356,21.96777074064974
76.65947391877634,20.297082592985422
74.66467337276444,20.640275733147654
74.71509267823386,24.71033247231814
84.66347042938578,23.892968000097472
73.20497364861528,20.723135858560788
61.618611479679046,20.95545363423338
74.50946129934455,22.904348282353137
71.72289589574139,27.895332851407474
71.8006928695124,32.14244437765868
78.18691547596507,27.76671048952496
76.57355865100597,23.42289775990135
74.05199043393071,26.687830494515197
78.97252793078924,28.52842254442554
81.0661085310881,24.17277522263035
78.22642404567912,27.346269825731117
80.45341612963882,29.782618577607444
69.92918775443871,24.987571967824522
72.95448590645857,19.958431382708593
77.36277264216092,24.77859851438846
73.39475654193755,18.60565263460281
70.89016484762604,17.632922779901584
73.10512957803658,19.807071476341132
72.05761881047535,23.267318681118454
72.5448162933541,17.913958900537594
72.53163999168068,17.685267026432513
72.50816428541455,26.74026042202375
68.89519225434977,29.396076167866553
69.0810964437161,30.932493463618776
69.75158497300286,24.673525401603907
74.94152999697444,26.45455095008245
81.72622883656084,19.7052372768795
80.3276719410354,25.245631689536836
78.07296953740162,26.3533923029276
79.81269460858711,29.83370610074554
88.53127192043613,29.165643693269583
70.38581075391913,32.40969735316611
76.08930715595118,24.694639576531358
81.24073838483677,27.539488930974752
84.97096027917298,17.836669973630293
73.36846778757835,21.3833667082662
75.39268920237251,22.7039742645331
79.2766488261394,26.10690839064239
72.34876684713737,20.50856457419553
88.93027470820776,28.936934427875492
82.12115834561065,29.696554544131686
67.10631149725906,24.91844142707896
71.17445546130891,17.731901418122952
76.74036688116567,28.33341378301838
73.87283802215114,23.4320654820582
70.40677717234998,24.5634269428289
74.89991591444645,27.774024317185365
79.3300948257677,17.87798264370397
82.89819551446202,27.130402472399794
70.63926605250097,23.469442685602687
71.12920465880038,27.967931995723497
68.13503321005336,18.2957737696336
82.74946749401286,26.784121654567784
67.96927801686185,17.667180601176547
68.79690917622756,23.274801734765855
70.71691895273976,23.233750894317964
72.1180341336696,21.88503240443517
70.32648690603219,22.501718978937237
73.79529294179304,31.06118561208194
73.16028904684882,33.96887209787549
76.17535917558632,21.448878095642698
73.4323790216557,32.57288396269519
78.01049811640515,30.16199181999151
68.07593838836736,18.390939421060388
66.28223293318193,27.95898179837421
74.81174374479139,18.947333491375808
78.34133206078226,34.22606178475685
75.76813869921354,31.47558779149824
77.67047608028979,20.544005101442934
76.35062709298103,24.807814166716756
79.57391604826937,13.811040995363493
81.26886430139724,12.85902691878038
76.23997596560805,23.118630774329038
71.452658017848,27.890447413949257
76.02725862687547,27.830808221448954
72.96818355883794,28.494623967653865
72.96163943914212,25.032321358211124
78.00552297091184,27.360615737465103
79.86193958555624,26.73688081871027
72.9490006623358,16.432553639191447
73.09209055657143,24.137102073615743
77.48091971473752,19.308844571031756
78.56852120851389,27.454696324315236
75.52356186816186,28.795528840061863
68.1570448570952,20.06085367485547
69.98603441286886,17.107112456178406
81.75282505954704,29.075560623405085
70.8384031800108,21.023060724328108
78.68409305700125,18.783952686326742
77.47342837496113,22.373133575361262
68.14002848465107,20.444033222193767
73.13857233274707,16.876148152689872
69.96185596803207,20.744019910564365
75.0708309045254,29.933010278587822
80.05888753743326,28.1017899848846
74.62877591903637,21.093927291925233
73.67246417177682,29.216947759485716
69.08637077516295,24.071552748194
68.40202951697907,27.791819622004137
75.52126563849302,24.815511640004885
76.84204334528675,27.215529339004398
77.89184504049634,22.65821301555891
74.29769436011917,24.83188347011636
79.98362681863196,22.455021975514185
69.17705091125143,19.60420710480951
84.89527984728475,20.312249025953378
81.40464537302233,25.454486539845917
79.76038354368569,27.73777452549337
73.52092557601397,13.493203023071908
81.32848894910055,20.417616694233928
76.48163091418704,23.323079919763508
84.24660140292681,26.320450343601046
77.50214110140553,27.98978143009972
79.60445251132899,24.065700650165265
73.27753900628328,28.387961458313136
67.49839833282036,28.881331167792915
75.79591405857173,26.652474061712006
80.01402832136581,30.471149196651957
76.75848072073117,23.46280150614286
71.79250107587421,31.211073485660393
72.6404181375903,24.249522140798774
79.97119384423347,25.595819107207003
75.33080406735056,23.45736780275473
81.37338876515615,33.65252931665428
76.8577092214717,25.998074253948896
75.08280081287417,21.70871129620564
74.46011862567292,26.710595719040573
88.71076750688354,27.116473689941078
86.63690816829484,26.153336097462223
72.59249119311721,22.361211091543847
74.90929671258408,25.665609793063183
76.61586140997962,25.76961178171823
71.48445488379475,22.24192402862271
83.37966436966023,17.797236653467863
72.46839181950621,26.41435456302277
79.52084289318324,13.927596420400647
68.79153050162263,16.75823027917535
75.47542838255896,19.52710892709048
65.54360800484396,16.904788051649852
67.85404675100969,21.563464746931125
77.0218749855888,31.544272862220808
75.57044038615628,28.082918499255413
72.03380743265991,22.849149943791787
78.59748832572046,22.878511842225826
70.58446073155318,21.599803378581324
82.58255519038643,29.430400316570072
83.90193251230454,4.248815510463569
74.4428320992377,30.51693549500079
76.94507593271017,15.896140492883418
74.59033874607451,30.701491392391368
79.13509983187284,18.431577046809984
72.61531599633857,24.042427316818014
84.19663323930344,24.846806028954635
85.47251368321974,18.299652919514017
78.50251634037618,25.70779452568009
81.29608989881073,22.86321914803247
81.92851767182866,28.26027958496945
73.8196185895152,29.682500803179884
68.82674194093453,20.45072136212051
76.88014707403548,23.708026584484212
75.26877859833247,25.829810323658073
83.77045704573467,27.898763503188352
70.80333101630474,23.85694425738975
65.37325981253568,22.043956277885798
73.04431622178593,22.2849428526028
80.49572288479045,27.92955884692865
74.59166500345782,17.561563623346157
74.87957172387306,20.96445218243649
68.02826307334684,33.913978163545124
85.02910379976753,26.349506689165054
80.13381653911662,29.43716700491119
66.48773123628429,23.181388835025682
85.20061413201769,17.27062788583685
69.28290460612352,20.921147575688227
75.13405910118152,28.00500519302166
68.27528409635089,22.006474013811133
82.73614815637974,26.247315415254064
73.96396512276274,28.250112048558265
77.39607425585724,24.302579338300504
87.27449348221651,16.701229523148434
80.84427107406657,11.017079537321358
75.68225623921869,23.428361655175674
66.57999241113963,28.792960667615027
83.91934599178643,24.736024451065145
83.13866097577612,25.5836651300095
72.59316227864967,18.566973261222053
84.34057023872992,29.941175381638736
71.80732232832845,26.52694338017466
79.77185639223416,20.8404796394874
79.80647404342477,22.815107172568265
65.16753261770894,14.901151881563191
76.21017001773073,22.589853952228157
68.35515969986463,24.913872733534337
71.00977720208893,29.547043645628285
75.76965983933039,23.06131753118015
74.54210484290215,16.185400553685014
75.00666752578246,18.489046988049253
67.8443555225248,27.490379226246333
78.50469777190624,13.608204623677485
84.59976298164308,19.902003255680505
74.40743330511525,27.780124082141484
80.47743839916531,23.296259743014858
81.62635353764323,26.868701657437995
80.35678595703243,21.51611132610305
82.71657177179615,24.774033442559087
78.35066729513521,30.468783223532096
77.40637881279869,26.9830059022047
81.10391926978427,18.19788739254972
67.93568406822102,24.405221626548897
66.33882381320701,30.502842904098756
67.0555636915741,18.80259580456373
74.59113509297785,17.06638918687017
82.98093453590411,19.54029308652902
71.31315252177771,15.443297040779505
69.87462478811767,33.21332390197634
76.05651705192287,26.694141440708613
64.37694594927827,20.469949224473552
70.15647719424051,23.82977359422343
70.05239361937724,27.371357274962413
79.1957343550026,24.441539523892622
71.09589473231432,27.196436726858558
73.90106206756094,21.608387216503914
74.49386896547894,14.656583903613546
80.1285029951395,28.88084843318655
76.96729275382562,15.594551678662317
75.82379458788043,23.833359096348897
77.30497887406591,29.499378464268382
72.13749079126191,26.825272165359074
82.38241957898393,26.08156091288553
83.99382936539328,14.162248284649687
84.98371646895933,24.9133555654754
74.84659547229958,19.145080866698432
78.97892868707349,25.236396478786794
69.1592114071171,32.14103943074005
74.24478367724434,22.54047870949429
70.55119295101532,25.24964412365846
70.87904924593069,20.888883838659208
81.58608449169304,18.19849848978003
73.73030517101239,18.24171384087185
79.5000865274956,24.835069304166858
72.08136524751055,19.140396420733474
69.35444572120075,19.956222909012077
75.97063038286582,28.20847819517056
73.42467583738352,30.43307295813395
77.44337974583755,15.869496802971053
78.14119327205249,26.222214516419513
75.39514360583325,19.95888170713457
66.12503604373379,25.76406152625856
77.20529409149039,31.112217238013546
78.91351839037696,23.324260953173813
71.69690325279103,26.757498019901714
69.61063959706131,21.761809339693315
78.15876884103723,15.800962316978783
78.51181313967975,25.179508911849275
69.87624524055745,25.76214172613056
73.50417224552285,22.070713238946496
74.32580614877854,19.344196072997203
85.36228482647121,25.801804793220516
81.34223812602787,15.727954338390084
83.88378036309517,32.25510197543433
81.98750930184283,26.13700462257012
82.17539881085774,35.74771031497747
67.58664476275378,30.4266344313478
82.40555471867371,22.030764426130162
70.59377515793864,20.097397193780658
78.26102832049314,29.612680486721818
66.0810350637952,22.228670556205007
80.33617132867285,22.089018940403687
75.56910120421388,28.07257376684875
69.78294360966981,24.07013581918911
72.29340610816935,22.23185892981222
81.65345850545836,25.228435087147965
67.5312111943215,28.849013453819623
78.57460985224101,24.85871219283938
80.48965745217873,21.586895771325455
73.51154910899783,22.91979240660989
74.48521620033928,13.97784058667619
79.66617474483309,30.01780760397499
72.8574530406028,30.977867543726
70.06253324657571,18.55774083822841
71.08648745566052,26.96341254855547
74.65734277853133,19.984742698679284
74.06810504654888,26.7157927343319
67.21438107596522,26.775983833613125
82.58579363476771,20.605646256685663
77.50025102960761,21.631204770760547
89.34984279856621,20.176116039948145
76.25625840977038,27.506773188424305
74.04497351555688,20.61710045463979
78.36823965907101,16.97084787244675
78.89550923601344,29.79957402032036
71.46774465594974,31.68155524610884
65.79375763924962,20.536996379092674
81.8733301557148,12.907052777779997
77.997002295384,24.853414167660763
75.53486595874868,13.504049773784217
80.95720269408889,14.686388286117126
74.15193411207446,26.925154761893133
84.00003777872395,26.45711343376093
75.02127936062085,23.91155538703518
75.18191782077764,20.389917443057392
76.50682006938729,17.59682971516569
75.82252456229779,24.36263894503886
75.29369553381902,23.19925920651375
67.2676352853592,18.405792361384414
74.08173780304325,27.91520424291381
76.03623003383133,27.325379760853288
79.70934420478082,21.21050099368109
70.28775594599738,18.340158709299608
63.91045626459537,24.55083706957758
78.76695497518085,24.91044997018868
76.18155610165542,20.61307169343164
78.22737970057791,24.932695257214142
77.21659215133208,19.85794618734868
81.7093116217299,28.90044181857777
81.69030682722415,26.6129061210997
69.07396575727044,23.248103439173295
77.83839995723014,15.483110379929181
74.2044160807649,34.5948932027426
73.73387732581976,27.112859041800117
65.57097897142091,26.06295065691173
72.76331983593079,22.274661013653922
69.30126530592248,27.597812267151923
72.38165386422202,28.27754378113255
83.98342211072644,22.890996886531205
75.6479962858289,24.609824064770486
70.95726152709537,22.697587779383333
77.62429664250585,28.27839561849859
73.67496082658057,23.77975907645639
77.59495074150014,26.98363715019248
76.76437511824115,21.061120145810907
75.4735075020828,31.922289626336187
72.36990785550465,23.045960763934502
73.54082548696455,23.53505529912506
72.11496756160338,26.290517403120013
69.90857774425265,22.941284469632226
76.94197074366961,17.787267739024106
72.55278503788675,18.287134179129772
79.47350954975971,24.43228323941603
69.8215362486053,37.340218155246276
77.72181648624627,19.248589548579353
72.4235424829019,29.310451615499975
80.22359572887957,25.878075757293377
73.29110307495131,28.751496109333914
77.63064901042728,20.942364865174397
69.50718775953716,28.006101635638583
82.21760103428187,21.691032043035143
82.6297623242523,25.325566775366006
77.53055486322712,26.55940151805784
77.24197161683261,23.83163912433525
76.96000590240709,30.724156613527988
75.38112710423859,30.542887594709555
71.88622728354402,20.851861205533183
70.35329743307808,33.54893964731246
81.21214186807335,22.64254993515988
74.39895356798354,35.51044676462296
76.69089228583496,31.488845184937848
76.78656102806904,15.510426176067408
83.45342003630057,27.89283790465268
75.36869435142059,34.17417138716978
71.85077556242204,21.24460415303589
75.63125441713167,31.143104798008622
68.96700800048134,27.782688066773442
77.8562330510132,19.63070065670835
69.8084681885239,33.13944278044478
80.68720128040515,12.022906285636855
67.57024002556996,21.99987501247547
82.14209861949597,29.40686150138646
73.2534329595778,28.702235701794784
80.4831989242522,14.9948080380759
77.58004417277641,22.264666148649848
84.14224983725059,30.28358988576616
62.28112033112495,24.326600059166626
83.03507824616767,18.02332518578757
66.95189942949439,32.09512588191813
77.40387528899474,24.28163839943257
69.13948590242158,21.992972630568243
79.00841199922439,23.466107428586977
73.83944931240153,31.084009078988306
67.28203078699474,21.807220473836715
76.03979734555014,30.340421952591583
73.32023814506555,28.525464553825376
78.65170597674285,23.326650129142184
72.31101383715776,28.758028367698127
74.18908697023025,29.48164660894626
78.54924597136446,16.633614583942837
76.5398645464239,25.089940152303335
65.06774583264567,23.051422379932145
70.77152870855274,31.79034652834221
74.18733689485585,26.47052073134219
69.4308843179359,27.411321369234948
79.99862594396376,19.327580914974174
79.67409821375713,17.868835524232694
73.1842536328256,34.61692912911635
73.92339072654347,26.14801407407297
70.31176825456137,25.16538569301466
84.86101583135503,16.205390808330883
66.38649392904055,18.445582773258515
66.43932286316708,22.639295428540635
74.25310760066738,25.31038429603274
69.60661934510898,29.66080557762917
78.91272464246711,32.94188164891723
76.36594622056039,25.357683327731745
76.98715311861527,29.02664224061602
70.72761433650055,24.486952146090935
75.56461774181234,31.863360755218913
70.5941304564529,23.468347341746515
76.92220823499746,27.482342120653183
74.7135539294968,23.73686158874463
80.11720826313515,36.41267062309371
73.55293766557816,28.562536129495186
70.01595902678729,32.589874978276804
81.80114244602001,26.609187672521077
73.82785790814701,24.438261805009077
67.40717390916032,25.2681256968644
78.33202887038449,28.682926345137012
77.15377207596102,24.381210944403644
84.24446929190871,26.220664371807192
80.13001185509255,20.145878423285737
72.28540255299015,24.77842486121121
71.06716369116488,31.906831115144833
85.16374112558329,30.43038714141954
71.04174376947175,20.407154023810428
78.42348518162368,25.58493106352116
76.78329383577692,26.308899505683787
87.03135583703805,21.537708670158505
81.33821545038978,24.441530893628784
77.48098902066444,16.373606624560352
74.31197684353951,28.181860385645244
77.91825412551756,22.588193842894146
76.31813537326931,30.435501999961833
73.02567980990636,30.898150832155373
78.79118474370475,20.498163983756555
73.61648394036509,21.45196550787936
77.1512758193422,29.271113359924914
78.7021624101497,27.187064656473694
75.0987986967866,19.057360552974963
78.61150852082984,11.65495047791019
77.32310035255007,17.657861513004022
67.09455248997679,18.96838493146671
72.99299325530639,24.471208145853414
83.91818089096361,29.357465122414453
75.0194304751967,23.766450113560516
72.96107254422083,17.752635822429973
73.67919896601349,17.428480903315194
64.24060297431673,18.89717691340065
77.70055189076504,25.688413304824874
83.80831706074522,22.89273222539296
75.52564711281313,17.008678303871758
78.02424537726748,28.730534104628166
75.60348271043833,19.17123386955771
75.36701212768968,28.15978853781168
80.26908481924205,16.465790092538885
66.30022512856625,21.549331770843356
77.10167718913563,21.470422984043786
70.10752542352495,25.379901844150186
74.93116476731741,24.83988871247361
77.53243065270087,20.632091259065028
71.92975144042984,21.175627977804133
80.73330858388121,28.726241450774573
76.28249261345927,21.01755614710146
74.39364986190665,23.530920716647195
71.36120805247387,24.3332033054495
79.14127958293899,20.382620781715435
74.23806241255843,27.27351051378323
66.9061239139277,19.6975944276522
78.74203861519295,25.12862883882004
76.09724604099351,25.93003227846623
73.47047712858144,27.574746922459365
77.64533564364638,19.296635445687482
70.46685277345429,24.440940596614613
69.35234334025714,21.973734317637412
75.22842350786824,21.27447830922411
72.77172804379451,28.880167320573758
71.7975847185892,26.248797855409077
73.13594816057909,28.26766667348093
65.14951101197758,32.476511735524
84.764267063299,22.863593039460653
73.1482007291604,15.239948584205571
67.90594937502173,24.68263305790994
81.3446554707709,29.36091138538073
83.33128541266174,25.603564419225975
76.21551693529712,17.79538370563929
85.43966230130262,27.264319052631382
81.57026343502665,20.812348515997435
76.64256621957364,30.12697046154933
71.93393274663309,26.74697073958769
71.17426908874042,16.968828929711528
72.77902711572703,21.29826224719364
73.65634896529589,27.35222766155279
63.617505763016915,28.621354830725007
68.82062821928055,21.927862322378306
80.29319515314768,24.773266191416877
75.93380054330774,31.271912364282738
87.25601087943319,12.184569184312192
79.5521300175379,14.930552014495307
84.46155977789952,16.254725823912764
86.79219115971057,16.238039612097293
65.56024060274032,22.97988994004817
72.95605666086206,29.08408978671012
74.34353507366883,31.996120978323148
69.46716342218456,11.846886031283162
74.01659111080289,17.63533642733786
73.49616473116978,18.816717990052457
85.68857896030983,23.685394734713547
84.34864747647364,18.6851126485036
77.38589945086878,24.118123981229864
84.60714580107897,29.089437379302485
84.79856208272838,32.673995251338084
77.42524097900618,24.796325949132136
76.48172036950672,20.186906393846336
77.8857480667013,22.24516105672413
80.1263676470794,19.20556501227359
69.162211925868,28.498531343195836
93.43641089803835,25.460782116157958
73.97598085740454,26.672465710087547
75.10105601778265,16.118341842392798
71.5684418407802,29.00286492648469
72.4393889665993,25.877315074264242
77.86570851049713,20.767235702484776
80.58768145508554,17.05822353480074
70.63289773889336,18.190428182033944
84.88651786581931,21.4731790243287
75.88022468727719,18.536338414514134
74.96994242165725,21.480096147673876
68.74954088004507,17.82117982495542
82.03240717578677,27.595246560233434
74.24627757208496,26.80534351219502
73.10819626900076,20.293499767706464
74.45268404348258,21.32238649627002
74.64105835864572,24.31633900763462
76.15544730420527,26.87634992034341
77.96769260006046,20.984687103608476
80.15739050904072,24.050781781597884
83.06861704084096,20.742909853714462
82.05169324730677,26.10580601136894
71.07676569080559,33.62807021693112
79.15413686375885,20.692591749692998
77.88287899809191,18.066687280144563
70.70683013500766,19.1742304608578
78.22983273947123,18.283317080351207
74.74441698171418,33.80115626187058
77.2618796086055,21.655279319273525
66.69805343075863,23.848823493847465
71.26990966932206,15.645321218059856
87.03742886284323,27.13455568938121
77.54481949062327,14.123805210377922
69.88615330240023,25.422223132567407
74.4390818298431,26.63124711041068
72.55000107051974,19.534778407245348
70.46365411640112,21.904008186081985
76.36071902384893,28.2992912081964
70.88840891343563,16.057126446865787
75.94645535889624,20.201098548019495
74.96394070068726,16.36476022865014
76.03340579601453,26.314388746954453
72.98797879074456,23.51552794015373
73.5523829044204,24.857749756437148
82.29256988636696,22.210653542297713
80.98791415472658,34.88829282454933
75.20717488348072,27.184913276111065
82.24108015678522,16.982021269348323
74.19346713959027,18.17895364412933
73.29739140101121,23.79929367263364
74.34752010359666,26.817561542972175
74.49258657648285,24.67884648018419
83.29526596114306,22.602721913943636
80.81978958990958,19.536318680743562
71.72273365323662,22.463036074320915
70.68315523539187,17.305593863216867
80.09143233994948,31.628574732370566
73.92010636130621,19.86221577219218
72.85940956499375,18.883477116197124
78.06601700994459,14.212081777767786
76.74816019653841,28.79265224785567
76.79125368362945,20.25091428703034
77.31642037684244,20.229539358437087
65.62766374637256,27.389933944322365
77.68640865527257,24.807622860958308
75.28589453959044,28.319289388908288
73.0701199134532,19.10204302223562
77.51806816617372,23.82775561729461
70.36713370482465,21.237659101403608
84.38730619687108,22.123382227532286
79.76985379015538,24.86612547444319
75.2648024759809,9.337377542112343
73.45673816900283,26.303287918651883
74.22516784564236,26.957568478269483
78.0459121125279,29.74476751065623
78.43055306393433,16.72801605499034
82.64623082069762,19.40902722815962
73.63384308783114,23.785636074466247
81.12663664894988,19.235342908624727
79.19013851325953,25.729580611515086
77.58534353012723,28.062656474935864
70.79095640436877,30.26797978101638
76.82775612201495,12.685460419114902
80.32957423786138,18.63930886691746
74.84244252793656,43.35032859539458
78.08735292739601,18.335590153271845
84.31719676038753,25.804821378492253
71.96533509573658,11.978660177826228
76.51887637500664,29.577415913731617
76.59326106615427,27.64633733212682
69.62689344917167,27.506062556666695
70.69366494843867,16.852655408141914
77.3360028863551,26.264375913939407
76.60179531193508,29.079470346463502
64.17083540625791,24.132199530530237
80.4371401499274,21.882251530971402
78.94179917616854,29.22186540859276
74.8896059529417,30.640675821065955
76.50948418267708,20.928633816356918
82.84281656296933,25.69967052687161
71.30045136970897,21.236230106792217
66.25134164499342,21.12722933215664
79.17487630427969,25.911099864405774
78.22880978050306,26.161377688696767
71.45924387704036,18.781121508709063
72.58591002033342,18.60872416794773
74.30992535447189,25.9409206568816
61.12714781407087,23.203166442990003
69.15922865684136,28.820744158343853
87.9643109334777,21.02276289478567
70.18804741209186,18.40434479988069
83.15362559398011,30.286193458501124
69.70893269439365,18.524183709345056
69.91464561864392,39.42741133540086
75.85377431497955,23.179356859346388
72.67472202538147,33.70472768169494
80.81055494173144,16.441284228527998
81.71821976514698,27.539218069256663
78.37912156862629,16.44078317936842
67.35516217468188,24.970169032330062
69.66482077357985,23.592320408531844
77.611496788449,31.484972920541992
73.25920368330056,24.52200455125151
70.04261824624317,18.673057436341146
72.79870523113264,21.69067273184345
83.99643959466049,33.498162000910064
76.44383617061939,23.3808948085221
72.73722264684721,21.395564688012332
75.36374615304456,28.317018444331275
66.80033183550601,26.453439737064645
73.96408543665567,36.37820953301862
77.25977869259259,24.50178745967871
82.60162512863582,25.071776865192746
73.32645420880002,20.42213309539233
73.99508442245099,28.667490431903495
77.35908334836918,25.97834285305443
72.43837965692865,24.381353910662618
77.44398454303628,19.71445624394947
79.44988324579992,16.169184001095402
74.89615953060229,24.03564556716201
77.90272831969243,25.929399416602973
74.58538983026843,27.270262500896866
69.77720198336444,23.641460945546022
72.25793727938549,19.095565556112362
69.0103995670733,9.915075938524513
78.46174812435102,27.293004163636127
79.88165759805379,15.893749312065854
79.12084824535637,33.55846433148676
80.82230352812404,26.29724739081386
68.45015092221374,32.602765346730465
78.61248859067379,29.179939953613527
73.93074062011863,21.791325230119767
72.99175996112587,21.88695814561606
74.4465905650679,27.327654949457116
78.36578416647644,21.40534770412542
71.07147961624207,17.843880947770465
80.07070155549138,25.928251653225914
81.38391204733813,25.017516025402696
68.2479740731047,25.120674232869817
80.91623173415098,25.34748335782875
64.48146471835122,19.85288848016606
73.60248331101855,24.501349906130006
68.07946713273942,28.7763995109197
73.09899801609737,27.01317953071579
75.5131118594803,20.725085117620687
68.8044391632611,30.726472706461138
74.8377327681588,20.954591818617693
77.76589883961154,36.025408304652274
73.11871038276684,13.822881908769288
79.71448762417205,16.85191739278753
75.7090804367746,23.328677294709774
72.89989186197236,24.48089548923977
87.40714830509977,19.755807852533213
77.1041379999812,18.940557423664366
81.86931022379831,28.665978697134285
76.05793497548265,27.29262654630158
65.60011031914455,31.37091466493228
75.67757023494504,30.11022439128847
83.10853858504562,15.550622358659556
81.13608336482697,11.274380913457305
74.08479954733211,22.448696080896838
78.44176546736851,19.995154658693295
76.71188522608104,22.299685841128227
77.53420738358162,23.18411292083662
77.09171463519404,27.283790722649993
69.63464943506335,19.201141722490885
77.05722197688719,27.43910979773116
74.09832152497796,29.260182823292155
75.7493674238661,19.476763717993837
71.25414499577997,20.31821008409435
80.44993390706732,20.498699703425878
