x,y
1.5350036906154398,266.6916754629776
-9.656135305393722,265.31885196119424
-1.400008736570774,266.2031007917934
-0.36757321937352994,263.84493139298195
6.553337785921662,268.8005758131224
0.9136191555572135,269.81339187590913
2.3739735835512557,263.82863019740654
3.478292871259834,266.2894966927468
-0.7527313285811984,262.8836236796104
7.483232930848126,262.21146637768925
3.051668265458746,258.6446378663788
-3.489180153822168,268.32210340906164
1.6258530683687225,256.9688132227117
2.415897509975552,258.61390505402176
2.156445602919151,265.9530973149129
4.74816820035771,251.46376277365937
-0.605293557866547,256.2620104288134
-2.129309273555352,255.02717676556574
-3.1763529766264647,254.50934727839586
1.9292079364642025,256.45705787811454
1.2519983906397767,245.9427081767082
6.040604459593144,246.32585854464511
-0.08378288787547916,255.3703380762295
4.833982866082776,246.0905196720816
11.45233731368857,256.6717366246744
-2.3985318620547256,244.05482031116313
1.5196548646003825,243.81465272528365
0.9436875089723704,247.40537845789342
-0.6254935462459361,248.35755718075148
11.036915760188727,237.142740228026
4.4715807636919,241.57646819734833
-7.139586968018792,241.20765458114894
11.612191537835162,236.06840377009198
11.02513066056059,243.6488890202053
9.930654875893039,241.2820306129597
-1.947984077180133,248.35508767489077
14.23343712299628,234.98274802340856
2.2247379880193083,231.41797032631527
2.507799778769863,236.47001943672709
2.1754956111116552,245.5724652230099
-5.06436722108317,247.49848396437847
-1.2684803822143662,250.6454102947814
-0.027253221153120677,235.92664378568676
8.121937442788063,240.58132358399354
3.0609789910189154,237.97746306636523
7.240834852549035,242.04920310852611
3.5397299039778227,226.91316940691777
5.976308497752325,228.4854005723343
5.7211820821025485,233.40963912400846
9.193795109432575,229.24460284961043
6.5660082792113,236.3326177168556
5.922488991672104,219.56572505387476
5.991148447171124,232.1172138604976
5.8907247271392436,233.76458948159498
4.94302492940271,233.42885880209127
2.741734649945341,222.2824929785012
2.008670944533412,223.9836298503418
5.491122764801403,224.60219001931662
11.952177989014388,216.79508386694764
9.125079423924706,229.85848771791296
4.328186741328274,221.713264577779
7.1950219332840915,226.14444267760706
10.258266449444097,220.26344677903165
7.154627282071271,227.62412340484667
3.8328757168525427,224.08101680256615
5.408980130078801,225.7819562672138
8.665991991230097,213.73264821900403
3.4656585607966433,212.24514491484487
8.449135109800896,223.2266284194238
15.31707645405508,222.0175431365521
13.148324662537846,210.5461248044576
13.773702227099555,220.21051080855787
3.9495992993541424,209.09030813540681
7.99926990970585,219.00055586113737
13.666429771140049,210.85183184170677
2.2282494103340094,215.69247263986105
16.207987483690026,212.9095430287728
7.07392148245535,211.03364285417703
16.41417309572666,208.6794525038204
8.785379133288664,208.77783289345425
12.795469308537484,211.7521115153012
12.970036513070543,205.82948441565904
4.9639858319892936,207.64579246649052
11.266816820236647,212.94255115538937
5.255006298210976,208.56876878098208
5.734562188393706,206.66320800148097
4.7057739028351495,199.4064181511273
-1.3237943079640573,205.86341940566624
2.594424809880328,198.97752503523478
9.522134484417883,199.00784006571524
8.265889732734047,198.08672214038867
12.284968938136288,205.73242392979964
14.773184827899208,207.6682522279818
10.96749304633071,208.3203746757242
6.599382679002824,195.10502581730327
13.025248330120034,193.71390172694825
13.019806903678631,196.532995339826
12.267353886899135,198.66951439891957
5.488657660804997,196.894522630952
15.22467357319885,199.9177926056648
11.327213557713456,198.18437796605127
16.110957814582175,201.41791873314816
5.892339488528748,195.46375848418603
1.3326626303318392,192.73297889469438
15.32554735619123,190.98601353465713
5.373860765151831,187.8682377997704
11.284205951140493,178.5117471211068
9.255718059356123,198.5691729418559
8.81104384962823,190.2348266520731
11.561301892446231,192.4420541090651
6.22165227487118,188.09520348307913
18.275618543584528,188.68859179878626
3.62155422041294,187.97153967680998
3.7756611850122512,189.729519979723
12.3402784709732,174.32745076608066
14.202933410330676,184.3813002474231
2.9486065073389476,191.0911659213402
13.842379863514498,188.1657353734227
8.374722784549249,175.41217243688365
4.893701693687259,191.2663868005043
14.340030644914517,181.3675352746227
4.390157392804863,182.39538010616147
10.244246657299628,186.70987305525034
16.827031351346715,178.84211003903087
13.166435273271114,184.06398653692204
9.64997243018812,184.26972633194688
9.800221824541005,181.0314980817721
12.201889412427276,180.07805154578446
10.700190637418842,188.41989297662644
20.480055872728556,181.4022269578054
8.960252832517774,178.1219509383597
7.233384842421463,183.7803511230898
14.618025556369613,186.69778713338067
19.499400930812186,177.16498265141246
15.404867340376217,168.75806398496937
6.980751920824817,175.9050959675574
12.890071894084294,167.06578428889162
1.537067956888368,182.62159113441555
13.20562374539278,172.72582601124046
9.988218312324364,171.22826519515115
11.543444203160403,174.09657077345122
14.53379232590555,175.59944948848766
12.646836525477493,174.95338824893366
15.357977624391603,163.76320432736904
20.46770879564905,162.5766695295646
10.797372323306593,171.66399162887092
20.025343567765667,164.59782519050665
15.110129879265903,164.64791910361544
10.985769672515616,166.08973628568032
5.297489486370134,163.2795215868909
11.269256017894538,163.46216061556177
17.225914150353024,159.87057461206277
15.674838422220574,154.23815719370975
11.323760981743666,156.1545377127434
15.224985227452741,165.67662714582218
19.034668429827953,166.63323734425654
15.848712830216508,170.77112391647867
17.280565042116592,158.74356182635054
14.173388339119175,161.19895912686013
18.163630739998307,169.39714338663654
6.087477299506418,154.75290945281452
19.329875604629514,159.27919746876896
15.042369521697344,154.16653406464985
26.05403237268925,156.39292148550336
22.180127016800803,157.7565498167765
18.19073804821859,155.42342307732005
14.785727539573312,153.51198492417035
12.540895453551464,154.253076946383
17.91680144871225,146.39403196531822
24.643482610869775,153.71601963172486
22.64965278330154,155.4822157684927
10.566122496139037,159.03523679847407
16.047457705260875,148.11126346838964
14.587690803745689,155.99052306304785
18.35531015672855,148.89207991883833
17.8590235731979,158.00203239795235
14.907263548902323,146.68921559811477
22.70722867838635,161.52597359176406
28.1493465027963,145.86807681852582
11.629797779925797,147.690516105602
19.55800887386278,146.19517039186735
10.170819194591598,146.4837427520951
19.32562801511481,151.58128703237105
18.325659995712627,142.36736635965372
21.671819980567584,149.59604274690943
29.620315380363387,141.84913163876988
21.198401268398694,144.74637467633005
23.193993292619368,140.05691009061817
22.546700551915595,140.52540433847116
17.0029181502609,141.3648863887315
10.522736631307847,142.26069227255124
17.181524780429687,138.7845386876692
20.522600166815437,139.96386595481897
16.80650991159983,143.62423694212347
23.263690245558863,140.58583062493395
21.120995886815326,144.9510038828836
10.472799873997946,137.84766400345222
18.555395667867167,132.37150385427196
19.40537714955738,134.90152425641935
23.364856503784104,131.38694346455398
18.65801235580727,133.81737450050775
20.820475898407135,131.41774123155218
18.658541423901028,136.70632254068764
21.18920777431115,128.03238778478158
24.050245604889344,131.80249846041036
17.305900566630097,132.64799968744833
23.79770636647853,140.11134745845428
19.87984746891488,130.58629099643858
16.331856224629952,136.25456016634507
22.55204235114216,128.49485502586182
15.190732440092525,129.43821845361992
19.136957444476934,128.28774107124852
24.912653071696752,131.4807976963838
23.6284192886202,131.63738869190618
25.132493611937477,131.95268622598272
22.671926937436556,131.8710327990672
18.52801548142335,127.20850050117117
13.142252121580576,129.6677063538399
26.45920698059309,132.1154982104049
24.205852256376634,127.96473179456035
28.30251551646335,126.66357883416838
22.266755750450937,115.24620121323954
26.43652031184945,126.65811891100304
21.76231039278887,132.98980050890236
29.515643733167995,128.3099248086817
26.707133949459948,120.90886395857672
23.20498335726516,129.81182176200744
25.543177600306255,115.25519089602349
16.72834460870389,126.20820742404065
28.045253893183073,124.87746313906314
24.97020895337996,122.6327030434606
26.69027978909916,115.2601811918622
16.722606983842518,118.26404815336149
26.035755126057374,125.24818227406155
21.994756387933524,118.66836507270679
26.86769314510511,116.64351744207731
26.34517981085977,122.66865323969488
28.99951681515747,124.14825706723997
29.38626182885407,121.0685372957094
19.699122015031055,111.3487537952465
21.718511722758265,117.70756303676716
19.870521123643805,126.32318492484133
29.18857480677658,112.95352227405029
21.561524549698156,115.28113159885561
15.323348257307499,110.30302134026468
18.898138895888554,110.20219789948153
20.087163250177557,117.38489660634535
25.311727095082738,110.98202357130505
26.70333445668238,119.36812781497451
18.912268279521086,106.21374375642387
27.38070356271225,118.17808179974107
25.89849675286581,109.25528484349643
32.811711942724884,115.65357221727992
37.36815455126369,110.65724736646312
29.018563231077955,120.66667685769046
23.81484757804652,111.47365753846556
27.97877461090937,111.52311517599522
20.40325549528037,112.73859250204778
20.661835471710596,114.85133969611933
29.50228620673122,110.37287363866191
29.961907966223798,115.16532485267732
19.90152170219126,104.75111385877271
30.673817167731485,107.29224266159855
30.934268145891316,104.00146509022734
26.052833746853757,107.34054802533633
23.846303245122236,107.58204667386106
30.927560074353973,105.71236830293769
36.47523206612569,107.80074121180004
23.1980215506193,107.42658728883266
15.810864355157442,106.46439351744476
25.817796235013287,98.89533781858157
29.218182951747888,102.07096114780647
21.009687937196393,106.46408113769445
27.549770771580746,97.47895886256359
25.169986180600766,98.18344563284371
29.33707026526099,108.72078332220207
29.001857030991548,102.99838489581258
21.169577178590522,101.2047560463205
27.61232455507118,102.66039036163336
24.02168244269158,100.82343248768096
27.997580430061934,103.84177688565745
21.412355384446904,101.75141501594614
28.607671550124497,98.73015711205157
40.07222073747557,106.8775524380485
24.048231158522277,87.7024523382848
24.494934727204313,99.56797913292634
30.809135349645377,101.81083108507079
24.405884945575878,104.04189981474106
25.78015308251714,98.91805923401913
41.593931803215874,102.87776967303166
27.630493669863633,96.88174903637835
28.190000188722205,90.04256587854036
37.43185260229942,85.87538318853804
24.941851206723406,96.57778545333694
29.695938259093545,96.85441363288408
25.745387586212004,93.64664783983639
28.81245219492987,90.11663431808942
28.068452189081473,97.72222956213443
22.24438478850418,92.96528372222885
29.32587999978306,91.77998224391095
26.907757289891343,94.18025510528881
30.637295924594486,91.42187278902824
34.43569205916721,96.80542155540765
31.119450432307193,91.09170591741861
29.57934409058905,94.12840351981805
32.748958636420795,90.4984175471597
22.749094227044512,88.81999299200757
31.936215960681366,88.90212458038786
33.083110486924866,92.72126598050436
34.690625459544556,90.51778289063137
33.856748931468,89.3775147370341
38.65928352674871,87.73761236743965
29.44968489133738,86.29617879284382
32.918785714193184,87.21821033966665
36.79584651976232,89.46962299557377
35.846030075809836,87.09518505734987
30.29805417985566,91.44558233839614
29.464488120742395,94.63982865285912
38.384784840173644,87.53478222153325
30.292568138083222,89.09818188245731
35.89841896476543,82.83061308518396
25.254365140018905,86.33801153737939
32.705050253562746,86.60768319961826
36.088696526106155,85.03545957314232
32.485025465942876,90.43108559900898
30.15583054690092,83.76798407414825
35.56134060633296,83.28093625079389
37.70275539975547,76.21722515118186
32.37758981747854,82.90091975893851
39.7083203336712,88.24246196505621
32.03231178286114,75.04245791039648
30.544725806618985,86.64967614474045
28.238251171628225,78.70288990822999
43.542362613441256,82.53196066325124
31.324128156714544,84.11500736990193
37.33248228705034,86.97114996724514
35.10220207883339,78.37677858475391
37.61391198544252,75.37794121255985
34.92104709803187,74.61266570355465
46.93804353942987,77.85830568998378
35.45751535634911,87.89318133962472
25.656115849288494,72.17712848734816
41.9959264943988,74.8379467187802
34.883150053821346,81.11428392157384
34.96194878766975,81.27078369630075
39.02081077853936,76.16118928777443
24.04926345034839,77.29824213809003
36.57095539407529,71.8125160898334
31.60632880773865,73.90349388395956
30.732987465439948,75.6231491040241
37.02628992482839,75.75203675582848
39.27925786539649,80.19310520346461
44.52213416343312,78.06219949225016
38.077131552017015,66.55582960223713
37.72242522350266,78.31888590362756
41.62578693548281,71.14536829191248
36.06390197493349,80.10634303383603
33.433075909734185,77.07039297675756
38.137142161828955,69.216056628004
41.64532642472963,68.81932781067452
36.035585784038794,72.88668927970095
38.948096154651445,65.17512619950159
39.17299297853779,73.00655424807873
38.869457870014095,56.41211183819624
30.60310186726434,74.61171381466859
31.403395159274528,72.0050179921052
43.36582352969134,80.68510510113755
35.84162033153644,64.50217499765668
35.78214402352074,69.88850221806997
37.88665411268419,74.3382120162126
40.32182096243339,69.49680502487934
41.40146781360552,75.93249903250731
42.950177420009446,75.57563346937113
36.868791239547505,73.3257304978931
39.252791047560684,70.9767400917607
40.5486514702932,65.82268704087753
41.33379756244514,57.21188854175588
43.30907398243261,68.21550527085104
35.44225840272038,70.0198273950574
33.9439547840242,58.74051906332147
36.11806393045349,70.43724411046531
42.74939582257651,61.2664923440767
34.00652369295493,69.09618978662766
38.14026409469889,62.30464510107174
34.574981140266026,66.18966840479005
33.68444016271374,64.33571976860956
33.25085861874763,62.79144840896087
31.937197835281708,60.43708143839969
39.13965248888889,65.20190048384559
36.98900669582898,69.82060202289523
42.22807840013524,61.602567931225714
44.858861269083256,76.17403915370365
45.18004242784064,66.07412423089366
43.39977769920622,64.24417974269029
42.53522224707097,60.7426002320689
32.851641140875806,60.19615003529107
41.9969589378747,67.57835756344066
44.09738688437928,62.37363054376568
39.836945097140024,62.49240077909213
42.973181674616775,71.06182218396441
38.39459100734864,71.219903527736
37.432566454858915,64.7773545747354
39.41600697327181,58.95496410775266
36.66312541230023,60.21695257737043
41.244893421546394,61.43730810385397
42.36475232525744,62.61583476440642
41.20057168190012,53.27325143927184
40.777541693782865,61.816952098990676
36.45533901298568,61.28748954821606
40.473052805250084,62.98567405851325
41.471853886989585,60.16839400280878
41.999503518587794,55.70240403663489
32.79711694131474,61.83385348875935
43.50669395701285,64.21753368686142
36.65741092032524,60.60692769800522
46.44114399142442,61.16326287842327
40.029732346321204,65.45827634457825
38.945074541929344,57.995587104605974
37.62156711948758,64.24217803720893
46.00889122398874,57.78599664650538
38.450426113495055,55.67083212799923
41.460586135492505,63.647145945681224
33.92760105408437,61.371444044807475
38.6651435636231,54.71543808071632
40.656145480881385,59.31333495283417
37.40053784773292,61.61035143658764
48.21606781021959,59.975449454411184
44.24599394417241,55.81720704940269
50.917730707472074,57.1102471658373
41.35209689145658,55.20312106422469
39.3408462306132,62.770155810549205
36.87857755675188,56.14227036666663
52.652889954693606,56.05900491441974
42.54945925077479,57.30202707066909
42.36851443922265,53.47628531931717
41.985179911640074,58.61231093392973
42.65795091247383,46.39509970722359
44.123530036476794,58.61664644533225
43.531470142949544,56.88108557583895
43.81286949956945,59.00765723091084
43.338170778998965,59.402409851648315
53.03788833991486,58.213273583027394
50.47219096587628,50.082562276751084
38.84009840532323,57.358848942419996
47.01632256722171,42.90170352429045
41.43038986517588,49.68103727460788
43.433943059683045,57.96857547310217
51.72868767534357,52.54765684975902
55.162012478293335,57.384899051172276
45.790981921482704,50.38219225580915
47.79265472878807,45.39492161442997
46.97536388252923,57.19264813033086
42.799440539430435,52.892251719899726
41.608724496466635,48.501045686253164
42.82999472803101,53.581646424946804
43.6662598611051,46.89631230726417
49.334129532216906,54.88350683970768
49.253603908172174,50.33111092513189
44.56287795940538,48.31214070964217
34.855258530629015,52.17159919132282
43.76051091856972,49.773328840070654
42.638781358264445,50.20817366865725
44.308725807533875,49.48387904877176
49.07820611293776,44.86305700134113
49.833134226560766,50.855670421832
39.7957833920162,59.07969455128526
45.60880197430223,51.16013854776891
45.13546157286735,55.60499218542029
46.92878561936787,43.59677162268652
53.02599790586857,44.97961966182133
43.2462720951464,51.85485767406429
48.11912530270159,51.94343848635451
48.73742925783396,44.22158334353146
45.61457622401613,39.517445392420186
46.66939804666817,45.657492456844146
41.91093102968762,47.618723112529075
41.634171230545846,43.69791899315262
46.69654920530999,51.38478982402823
40.6982784984887,40.16692018306189
53.156099256961305,46.94600138628928
51.383848973652064,49.190819631321446
53.76466113493969,39.01430245767835
47.94398101412108,41.451933350577505
48.5692508332955,40.78984458309918
45.53088970404584,45.49576220757201
47.66305030018404,45.42886852382785
43.7158295314765,49.37536431009373
51.60233575372244,48.6580621796542
48.90604801317633,41.023470631889424
45.26111467575204,43.38477529234681
54.915404385205626,41.26928874550565
48.91612901833806,44.56772120172818
54.806856831524534,44.92656546385756
51.22653219469883,46.57459204062245
49.6746823580079,44.743844115403604
46.58259332847516,44.111097915691836
47.41897383062786,44.55789029218266
54.19233080261968,50.40683524107661
41.97424934789742,45.57665532799811
45.58523281962265,50.167836053299474
50.396351679522574,46.23255936092309
49.18511335264003,39.9204184339647
56.239278449614694,50.02616494774027
54.837378000179356,37.44974691925847
57.42132287536671,37.57751795537777
45.24900381186243,44.32063188289702
47.455828279700285,36.696805667032976
56.845589254665576,41.653064359653115
57.70788133720967,46.3278933120971
47.28201667190954,43.20243112907204
53.238985288741375,47.644540344346716
49.23095328765522,41.33714108703974
53.47588296160487,44.08791536296603
52.32146459021832,43.87107088194968
58.82138658479932,49.11192113784364
53.046254733949624,49.291065745196164
51.37081045753362,51.00764169522789
57.705238412027406,41.671511059313204
50.91087754901804,37.38204125905989
52.02318711380763,46.69525276735414
50.75015650453651,40.620075969982594
42.55436943229884,51.43335905375756
66.53603681004101,41.79329276680328
55.18847269258773,38.18393426411157
54.65480484094467,48.17933575219076
50.59756808540071,31.75529688565745
48.30225113873308,40.612451915070125
53.047518400884826,42.78153348693102
42.917326417448606,44.54180020333742
50.911732546665206,44.07602573410761
57.08648071014464,38.024396878925906
47.67540515442007,42.90135866871452
49.790779240643744,41.36715811708123
49.66270846475826,47.52041078161018
54.867788702838205,43.86625884831915
51.08993225985989,45.435259174295865
54.81533045226398,45.61962918698811
52.560265369558046,38.38433183611272
52.75479829824487,52.437868172062586
52.002510758569464,43.81984603691516
58.07947397730827,43.877676924478685
51.30797500605066,42.67602812131155
51.65188933868764,41.8290009022363
49.04340903458201,44.30728469857266
53.87872532436431,47.37476462911473
54.683708173727915,25.8245498467236
54.276586080096166,44.173449365709274
50.4405160620522,43.357115027069284
52.85355353679866,48.28229028198246
52.26598738954699,41.077736100575144
53.52947500756114,44.058514245363746
47.93926496532939,42.399043793466745
54.7394761163345,34.821930880811095
49.06370888726432,35.251152955287836
60.22159052810987,38.89037337564239
60.473344840110016,49.957810535267555
56.83858767817903,49.512882094338366
56.11117801904336,45.957570655345975
46.69342009236301,44.11958857819229
54.69392511382318,36.37309936419263
57.06661845830405,38.19645095514918
52.916191656682834,35.486925144668916
58.831412833796435,40.73398767447933
62.33263445335729,36.30169012935186
53.18894444711234,43.88889784586985
58.016771847130265,36.291655371429
52.148135183527884,51.18349281819879
55.25069048723294,40.66340449830799
59.98037905447569,45.108396150208335
46.127930637071906,42.311356708647736
53.85731362094413,46.1359364492746
56.08417468933891,45.43237237446688
57.83233665091787,35.16581506258519
59.3811348706926,42.71895184203153
60.49457293605569,39.28078374201902
60.553446090342256,48.469500893381834
59.48203057902458,41.84594630631159
48.99861707458242,47.5425534653001
60.07675296052483,41.124897060514996
57.463667109572036,42.47751222306877
54.17613198720588,42.598539264697266
65.60019281046299,34.22106485171117
58.060152558891566,43.06086981156435
63.360785411189326,43.29800212747768
57.56903333878535,43.77507642509244
59.70271351682147,44.774143028165525
58.68642334654342,35.22900058505533
57.65463800381869,35.02060353142054
60.99014696058714,50.61165595118458
61.831494355795726,43.387004282109814
54.16635113809326,42.63927091116852
53.18620418844762,45.61335824847683
56.57536108465673,42.09585900424624
56.96412143587858,42.73802094945607
51.95405140804014,40.92454652128953
57.37746140103271,36.09448364972055
63.00624790810164,42.63920282090482
60.205804783494074,45.94344504493921
64.14134395759758,45.170325640705435
54.01258399248898,40.44625899597493
60.29435045625078,52.628967734539096
56.68347594717319,39.88829833772133
57.47794676809023,49.303693878856734
60.82283141905673,47.08527544669138
56.97949854280726,43.30498672237255
61.59043144649759,39.117649427329226
62.87542014680507,33.96380864228527
58.412903756949376,35.5190919704346
56.96275461736728,35.85138571898487
62.478693765159,37.02994122858175
59.67894010702584,47.438221383267006
60.77773331180705,44.3254614033132
56.708586126795225,37.64275585059765
54.71338938237661,40.99845261452058
54.76432316722244,48.857476202419654
67.77050854718739,44.905888706189636
62.054393395916286,45.679831234279206
67.49728683511886,43.163769534630795
55.48637528705053,50.95113036884095
69.91194783055774,37.50842359337404
71.31106649377729,43.03708213071346
54.98887287818636,44.689924694362
62.58541464319289,42.55002000262277
63.96302087027946,42.693859335495354
65.1730708247643,33.633226319944285
67.4568438219785,43.485124432231636
67.19890318925844,42.11224154378784
65.45218053657051,50.26761299418639
63.55264406550185,45.41535577146199
69.00429788071516,45.16519365284298
65.08824897045749,41.360475181183375
70.42270836118648,45.56405393431072
61.69979267894438,50.21937715852259
63.47753805601697,44.977581359705596
70.46149147861696,42.73126533948193
67.53899898737409,40.521454935283884
63.42131848279573,36.935783054046624
63.3932178921843,47.12852799626609
70.10882687951019,47.41873623966228
55.80791312210029,45.60312870216593
63.62419830834042,43.67027081157931
63.655773881501396,39.680064032506
63.27523168959577,45.71977137148425
72.1144529906424,45.52356218852062
67.36966410677512,48.02691210266351
67.84201741918999,32.73728628144197
58.38152936391606,47.95131044709205
67.81824365408285,41.33409548223435
65.70038157165746,48.36953487131635
57.50247940400224,47.64761782518594
61.20618027073418,37.817378316044994
74.01209435653487,49.08565700956339
64.92574131497068,48.9065451047005
62.031787812358935,42.60505369797817
62.965115427506255,47.12525561506756
64.95079893497223,42.71556307988861
71.74736937231417,47.27248648820299
57.620683422303955,54.39002223009765
69.63632915798601,42.632884452834645
69.1361802070163,48.42876495334601
66.54766274131045,48.24876482693104
59.880542985235294,43.183864246006536
67.02290183816139,46.75635758680404
64.02647682030182,50.725739257358974
71.27989858875007,48.506989058907244
68.29503817826448,51.911140307368804
58.494570948374125,45.15144871159326
74.6425524779098,41.667621283503024
67.99357531107557,43.43564117497564
68.07622556039604,43.38623133359083
61.172907726507304,49.85420748243742
68.67404552077295,55.33789900963421
60.924790000740195,49.34770587590389
61.86490404837188,49.16309066826868
65.46631963164519,50.40757204564339
65.71115672930638,52.737672427804675
67.77933367202766,35.35154270843118
68.85049011182961,54.759286562145164
69.70584330353734,53.13538976226286
70.30863627447023,53.463519079004946
63.24052250884435,48.48684575764067
65.83091944732391,54.25837836765975
70.0614498019494,48.42043046827669
70.04500749234097,57.53854925576417
69.91003522394121,57.89192754042219
62.866828888827044,46.79752194757209
71.11824570685438,50.797350357458825
72.76327033153234,52.632656741724226
67.92710942360846,44.333377957737554
69.72649939009747,52.43379019198428
64.9542385370149,52.712101786066896
73.47612369219132,49.70658141672812
73.53064918363036,55.07184585739873
72.84344725044443,54.865334719413525
71.47902001449458,62.65973022431962
73.80883514637964,54.31494162453468
71.2152507550521,53.44434942854624
67.42215180857038,48.86988441639926
69.97967059414766,49.454410277988934
66.6230195001854,51.53676523343005
70.83755707668533,52.678675054020424
65.35067480054573,52.575106581930214
65.52403244288816,57.073148039669945
71.25486174909251,54.89740583232531
69.16517413666642,51.664455435054556
67.4816952403748,55.93876101599927
76.69737344441896,48.67898537110044
73.82578668855469,58.34458576360457
62.49907859269449,57.416512533889865
72.36856731943874,56.57806471409538
73.0452529944669,47.05016824055105
72.17069876246099,57.25908000222613
78.79879176075987,57.79391386475916
70.38192613690313,56.38964418887186
73.03046076764431,46.11550059626522
60.81710925635251,55.858106161024224
67.85803280292905,55.722253889106526
76.29607553585369,51.40871324516149
71.20731899611303,55.18553566992668
71.13297475308299,62.173647811244855
73.05546092019321,59.04287008983814
69.78072077402372,57.635845402179356
75.38832059308277,55.26659765418366
73.49820215656601,55.92905708879826
71.77338208562864,51.86988662718163
74.39782422262044,52.97044001413536
80.7617606556405,58.61421123517796
71.72069300125797,55.055316671249855
74.09047723951406,58.4595987040575
79.9267132417489,55.966089441785684
74.59484679958766,54.938126208840735
77.07162377000199,53.6456143729545
71.17775815109266,62.513408686312516
68.55077540143313,56.36407221107012
64.45272461251795,53.52934738940012
64.70503570187725,56.756000550349555
79.26033515672711,52.30582241297747
80.40602956257399,56.06729020582308
78.30859820137593,55.478928717623226
73.1040640614095,65.57299989027351
74.70256249835673,57.92649365758649
69.32755101959572,56.8123769544039
67.04515982132547,56.38518787451679
75.00065298306225,65.11545222344843
81.96412235551752,63.55566741605397
75.34832305578578,63.297388831176235
73.37029365372618,60.172823013368834
69.68995573924768,74.14536284288536
79.25883677344825,56.0413020251296
69.47702223555831,66.71328686666483
81.25418788416928,62.84699009304295
75.08811933944142,67.61224364658506
78.63308099576317,66.63522867036568
79.52461732541047,65.75670280666363
70.33075326631732,65.93687048974317
67.86697786007315,63.50205368075826
67.72035952191266,62.819710856941384
76.26778829946207,69.39219047503758
72.93427966053498,66.46691940435869
75.18142685237899,70.22798120037787
73.7112276635699,61.07952085698887
75.2933905050987,66.26333938296938
66.22215289572016,64.65681316277762
82.95438348239068,57.21741359598777
78.74110958296737,64.24708068518467
74.92581263336984,67.90525371754383
71.56489597771252,67.33930049275264
70.91409021048078,65.56862996542199
80.22959530149608,68.08449816743378
85.59617741360557,70.31766733886325
78.94297027916544,60.74896503216303
73.95736976082945,65.84278299768268
81.1714129456642,60.974682339638534
79.40170708915451,77.0083238073905
76.61298446576124,69.43260827915083
71.56813874428104,60.3583301465778
80.38096481390433,71.08515248710106
83.1934024516711,75.58550651912691
90.1298822412269,66.15401437438139
75.47476805322579,70.8683390673065
70.88539935933038,69.63612894580488
79.69083019264613,70.21131390972464
75.4588500599528,69.66943828993112
71.85710260099196,68.32998553564158
83.78726276532025,70.77954565287679
77.4975642618074,67.48363523686167
78.39444169263011,75.42441902139743
76.60057611914746,69.35987333549377
87.56976231490881,72.62963011027394
71.10021304903613,75.13279310262166
83.98459124934692,76.42261007729702
77.80857207089251,74.90287169805477
78.15164833007452,80.22572256346767
68.8880114868572,76.96317847388993
90.24203288552297,76.46026457506066
80.00119405880766,83.20328244795354
83.76968143641922,74.6842501782135
87.29360931451913,76.6765264725058
73.58463275574815,72.48995867966423
93.33592782197343,76.54529809425209
79.8773132632317,75.1967424321649
86.83105047378612,78.18453033005058
81.6078102291065,77.7512620200596
81.00521728248049,78.19909393778497
70.74030076405126,79.21802206166383
75.60304900792592,87.92174967131369
84.27220913393585,76.70303522969645
70.79002381954994,82.34718674332579
75.58894857720568,90.82427401097058
79.59507456962191,90.17213783605935
80.4556332718703,86.23528539302356
83.99262235312628,79.93919042466679
83.37910161805691,84.92617754352183
80.72301172087099,83.0709299155871
77.29779318835915,77.91307059654508
73.26573646756376,76.32191347281065
76.88114106232202,84.06923910396297
90.78117352885991,82.5451536380262
75.19278013833306,84.49239108148204
82.08734455148934,75.11842759058848
84.71207518984887,85.65620308295973
82.09003053950481,92.1123364648023
83.96887519960482,84.32404903005146
77.22963209609148,82.7497164114807
82.80694318008099,87.16232976249435
83.77343273221373,82.89887796043531
81.74152344967014,80.00602346705013
85.54157070823899,92.05338772701174
87.81297451369916,83.66273317535531
86.10567992297608,85.51860139642073
84.9477579743661,85.99108803647395
75.72665528927456,88.65174701755167
81.3874945007391,91.77362400330443
88.55158201111546,85.06920680280237
78.12349432897392,89.29563721692757
88.52135461801464,93.69043760470908
89.03318864251278,93.70815234532348
73.16374156149814,94.10915161942151
87.56502575321245,90.85387087899105
82.61323228317919,96.90522309202684
90.55117309099613,86.49113607261502
93.61123679274897,89.01726068686496
85.53146282912505,88.45401033511011
85.45185973289126,94.52386430902263
92.28441515632072,91.67699542339386
81.65197464274127,98.27678451406328
91.25915902612844,90.76572357586564
84.21858943983449,91.49616711655466
82.88774009593804,93.68939939521684
88.31179978155717,99.05738456557825
79.49439011000668,85.85771775666397
86.18160350185349,96.05818232127864
88.18426015055634,97.80532391364511
92.7191471312571,98.14562749791156
78.38698951790393,93.17016312609515
87.09476095379124,93.69429675753594
87.16586053350746,102.54059002917408
84.75696554758719,96.05105680540657
82.80265611293922,102.3863318320777
86.55153951763941,91.65456374508453
81.67451520017124,95.0701976565702
100.15190922565243,88.59262558718942
89.89729730060922,107.36201024462562
77.35005465474241,103.83906080707804
84.90373183258349,101.03185773180358
81.47094363939837,99.45059907217167
89.55345923364433,98.30229095618834
78.6929673115838,100.29067578306325
84.89094630423635,95.69130234247287
94.3181867335443,102.69363395479229
86.07772145600877,105.9013782619334
93.04984804898493,102.32525944979992
88.6170941041463,109.52132544404172
89.87079270334569,104.07681175171058
86.1461291326171,105.07038068361922
92.50660987579083,106.94723224076807
93.91320840771826,103.50164841328456
93.56997028260182,104.57803589439908
90.58422067788561,112.20985540655978
85.71459277641345,115.83669482552588
95.67873253813772,105.65388861725557
86.06656389995462,117.17994805179956
89.10448383006188,112.18784636322657
91.89097091836793,108.25157034235117
80.47877723517556,111.89831293237074
89.27901999853023,114.52251990577484
90.42487269158171,106.053235422711
92.60535305764387,108.70210221856728
89.27857358143685,111.13029479285161
90.29847935636668,110.13180665401602
88.02717463623723,107.37434495789911
87.35552718388806,119.00324886461715
91.68879767912244,121.76826060950668
95.94614590456654,114.57974306540876
91.64186121566932,115.40200270338927
96.81925168226174,114.12680814921933
81.00860617708837,117.86416442428043
93.5694091286357,117.73943588369134
91.11096040684014,112.14671191645199
83.2382302425912,117.04054484165832
89.0275906412418,113.2472726059598
96.60192289133074,117.67117663152166
89.20601777589776,120.23443160776388
92.5572027131477,107.88076257506732
89.86850258571276,119.72239741038192
92.86899068333707,126.68099545374513
91.0099200101928,121.61164016798216
94.35984995771572,124.47952883316842
94.61585521861632,109.09030192727043
94.46985871601788,116.15777554966647
98.33070094268933,125.62284543253581
86.78947643549198,120.79038841470555
84.23163500808721,126.68059616260666
92.22237752932628,121.97713064194113
87.20910169138521,126.02360810770166
101.42284124029963,118.98708400991222
101.41939609006027,124.15685142829271
86.64221931029287,121.62943337413749
90.5584472836209,123.33795006470132
91.50136560924958,126.1801709039757
92.43836096278083,118.86545888014471
97.81815949643203,129.2929710278676
96.9841211194161,126.74908479301857
88.48823742607466,133.9469147412734
99.22793750128459,118.09224011731985
94.44514948391867,124.1443921620437
88.63251498892839,134.30894483191037
87.01592905199745,137.36892736627283
91.32448451199907,132.33138347117796
86.75092532997253,130.78031831473533
91.14567935789508,131.52213797135008
103.70081418935501,134.47060421162288
94.46509294300554,122.89961861397128
92.71296036882465,128.56453480033886
92.83550244512719,131.57829858058076
97.49382846032128,140.76958705284224
86.92930178969755,130.62586566711474
87.86807349142013,137.86256179290604
101.1390068195762,132.71831998287166
92.09660914352898,126.71018321809525
97.31049771873697,142.3231574298824
99.80745341568756,132.14807497645418
94.09132188312434,134.69374735725222
91.31120956942041,141.99010508245146
87.07680562881689,138.65050329704852
88.45962297213296,138.30893076294257
95.9582136637999,138.74469395090557
85.34281183215097,137.6712152089292
95.23194267764671,137.97277458101087
98.63218007051927,136.96015033365455
91.52676990141418,136.91225104582884
101.92242094168884,144.7763567984266
93.24857007320958,149.9161463886221
94.46793242669764,144.52999525535165
99.3226005761087,140.59411619097747
96.17092966126218,148.81219901480927
104.26484327079876,145.75310945106685
96.88706124521107,146.96436836637588
95.05315519043315,143.96848945912637
95.7518745686769,147.7518126227705
96.1202241939607,153.51474430955108
93.34557553433983,159.54280310739063
98.28040295721885,153.80622724506506
99.76184133893285,157.49950310325156
100.61055316566323,154.5740292862435
94.32186165335196,145.47230614089924
90.02517618708795,155.84318450300393
97.88903399647982,146.38399750203666
104.72656675030635,158.32968091680368
99.95506215401495,153.44456909770813
96.16987180530495,153.96308254752557
97.02218687926778,150.78394575231468
96.81126420533899,155.7660960477262
98.04170960249637,152.33155127558283
100.52047190085537,154.78487307978682
95.50872874826256,152.78632318306944
102.49598378061322,155.58253560774216
97.65727465214974,155.28936006904613
94.0117850242026,158.96619294187192
97.16407308821347,164.93446513240121
94.23730038303455,164.63268686897567
96.15632102830813,161.73659939187564
105.62230398938456,149.69935873508592
98.37614457486583,154.5016317157655
98.60064338264638,162.16699776860702
100.31464804265016,162.21411599786148
101.82178946270314,156.79509869831318
102.53790515781763,160.836199839777
95.69900855846903,155.45758407048683
105.72546766453402,170.0053583776922
99.52519868494161,162.72041029937395
109.00739428981878,163.0898588281489
108.82848115976141,166.79674235456932
103.24969439778155,161.23932133101331
98.0249521969966,168.1320257937764
101.83791652196979,170.99397222991672
93.41991944999994,171.4004872320686
93.73287073719233,164.04574332494855
107.69435336678934,172.151119903548
96.18846017570037,168.337177416179
55.867316474374675,1.4879906256052495
56.11693295788158,6.101313797858214
63.04524221215086,-0.45064219744879486
60.63798205908383,-4.674778663616612
54.50292688006446,1.1488497526933417
60.162693194293325,-0.13782922680157572
50.14498056300166,-5.352613825581924
69.2641472099532,11.60875308968982
65.80020803098328,5.764802812074354
56.378190125974776,-3.131854420944589
58.923814880490525,3.4910688428467247
60.04123574842906,11.102901107254887
52.48129332176905,6.066796025691762
56.94706093594995,8.861241601428056
67.73335793535006,0.2914836085588597
47.0149921103379,1.2476951462982835
53.580888841011124,2.6638451300315498
53.481251673157544,3.0363327049249556
59.17917996818472,7.628388561541814
63.90813750677653,-4.16404779992332
52.96892969419679,-0.9791083748062106
53.50961576987747,4.6866010320261875
48.481912014442,4.401738277078875
62.93653793017704,9.090770706333839
51.994989931982644,2.279387151952981
52.17372400163445,-0.21767768582966918
47.37617046610642,-5.9721976089068125
61.29033126748817,1.247626828421175
55.58804236190927,-4.519185791311385
61.78744952115624,-6.867262686282441
56.30622647634825,4.265836442452541
57.01702678481949,5.633424946865167
47.3628425842106,8.883532516161102
65.09621388594034,-3.516362694296409
59.43228292930376,8.37583139548223
60.293597743399125,2.7133359856608936
57.50716211916062,-3.4125046064252453
61.43924677934462,-1.0508997771694446
59.58345181231966,2.357368909068418
55.97308789376294,-1.6317189721104954
55.76391766783706,3.886025618009214
62.69129149330759,14.01469071145759
54.53700930017129,5.552035328775535
58.156743106072376,-3.2652042029412476
59.89204049394066,9.782368206316113
60.66129201425182,4.862474063046417
56.88179271197946,9.43159176609607
46.54296536753844,-3.4708188648305534
47.6253069575757,-6.17870770189192
59.652925419170856,1.1299126394939019
49.08713225363839,-1.9630893929219395
52.01287487776777,9.148487692102503
56.95139356456163,4.7181342898405365
51.39469498295724,12.662845641280677
56.80208492015759,3.211762601365354
46.29821048707633,7.23293643384566
59.631704251357505,5.203946546283301
54.421470424427376,11.61380066255531
49.69332383954617,7.650872218482903
53.994536187373996,-4.897894736558762
56.02169228800452,8.257329339053904
49.91516573043978,7.689382198959133
46.3978800523896,5.379269707420455
57.411976490653004,7.565411305244741
71.2756569102539,16.726926712630835
59.760964467528794,-6.063792995010823
53.234963126982,2.7122057702618427
52.12408183211422,6.257720826633547
54.52507143698327,12.738542886527489
70.54198431515407,-0.6559263686811279
58.36300222954719,0.09215335677549485
54.5544984849453,2.8846269798143993
49.86576007264555,4.512582356707073
58.88352548155372,7.248991576742573
59.39423953309396,18.00871264064589
53.150965420592925,7.392226701455174
48.22433495133576,-14.517937611946337
60.36575862162593,-3.8440266056190513
69.05818279645901,-2.9994516728418272
49.960458917390156,10.288538110461499
52.45108059521334,6.794214414699806
53.293762717923876,2.8586780175854116
51.75639664727457,6.2311369423881855
63.75535817184571,13.124291906707294
53.1720680218483,3.517815770936981
42.00067216106171,4.5336530570116835
51.18243212077083,6.267092606069066
56.05458638185913,4.284335282035061
59.07534069115686,4.45634149024354
53.99955631008639,4.645355084104237
54.24520920219141,5.754101724422273
56.4216052259917,-0.13295210024065662
70.65176532415958,4.077354736532878
63.67705743851803,9.285131426883634
58.94228163764627,3.7672810637971317
63.39825085495445,0.007707847162150783
60.845448699966774,-4.856343617797567
58.46475162862448,-3.4449118075710317
57.85768838117179,1.958081713065198
54.11612046627576,-13.915012294999249
62.97273504649031,-5.637828527170818
52.2132579403306,-5.933310132455153
56.07052281495331,-2.2729107817319303
57.7070662138402,2.322841035385558
53.17161030522403,12.504393022995291
54.34372992792161,-3.6074267722410323
58.65949240015787,-3.896228134506754
50.12769168230618,1.373300592057546
64.9600563552649,-0.79646026576556
59.95189992338307,0.5146617406167326
50.556371455914054,-5.157368217278285
53.93513704540291,8.490456058531196
56.58611274525132,-1.269208297378921
55.965650397190124,-1.7613635048351481
59.19249262762567,0.8038994089322802
62.86881241776813,1.6300128923494146
47.474678928617976,0.329344756789717
64.2485497315923,3.818673033912466
53.88534731602931,3.221993782666382
52.67001504920146,11.309697591633983
48.219651083390126,-5.6219381897646175
57.96072727317361,7.599185159342216
67.48738066110991,1.9366174876217275
54.61846533163673,4.510172841292885
65.17314183998006,-6.006567763811324
47.03961434512659,9.111772336924108
61.337573519027565,-0.47707842427888947
53.48528066414526,7.7248386863638165
65.98511250339453,10.381366476427344
55.8996805951893,8.202190651856426
56.148812757922364,-2.5356676996672594
56.100062541224816,0.7770475593310844
60.936962690681355,-0.17617262186963423
65.69080126931162,-2.666753123214189
48.97360344390826,5.018016193066071
57.917974160576534,-1.9600142357563781
62.61018869022862,-6.729087914036393
64.46337002049486,15.306204364707709
60.610406636271236,10.324896300402042
59.52739543696333,3.8093846449422095
62.15918273196036,4.121608878319057
53.965024736852165,-2.8577725221482293
52.97567777410059,2.7821021126210566
60.316849357366365,-1.7154789788195322
51.95198560521419,-0.8120209069545026
55.42021718617528,14.130993558729877
60.14180883449151,-7.3277297972897575
64.79836346337918,11.943777569184524
53.562694565593695,10.313786044257563
60.21597726414394,-1.6531431296371237
46.26343175906914,4.3111165984251185
58.34663183887236,1.0359779496785961
61.6665310793503,7.011083529085123
47.487298727356325,10.977141307051536
56.71341165915395,8.824638468130724
49.258354520897655,-6.730613014015546
63.642288656631806,1.7776890017941849
52.89666030624017,9.113984880172792
58.81745634403548,7.715002204458136
62.47992758548892,4.032086962546341
61.756927949247746,8.854120570572732
53.234097953138516,-11.912006118386515
61.84204777735595,9.953929849734598
64.22550474467953,8.66592339091331
57.49615758572898,7.773433178826631
61.39204835528232,8.825003606500651
54.054089275967435,-8.2573871067629
42.92041655929176,5.442910943092683
65.35162629112452,-1.3140684200472417
59.243307778159064,-1.4340368933171428
53.97301904611655,-3.388942317548448
54.74118871984711,6.683465034027317
52.253725880923604,3.0491633222398296
65.37679566044609,5.880645801294888
60.223377047271875,-5.231404248308028
61.190009683886416,0.47509319203643186
62.464062740059006,-3.342735435703509
62.60922691563608,-0.25685679539559647
59.550388244352455,-0.9124102031396206
57.961359245547094,7.433070111952492
61.31132612102213,6.01080467039437
59.29446844923313,3.1608988287258626
57.433781688459604,-3.589339127205622
63.37218557815064,0.30992147355035615
58.753688715140555,6.220801115181923
52.3938492256062,-2.7586354718740314
54.013588463531384,1.6144905208262104
59.16616079099582,7.948208848826237
53.589164584090895,-7.916744768762218
58.43559492917133,3.570832478477687
58.80015978050471,3.1884118100252308
60.18898107835007,0.8765267815237834
58.99306607062559,6.403244579049548
50.90033975020733,3.3088304949670846
61.06601094670211,8.6389552302394
51.92102346483739,5.145905574250808
55.86303575204223,6.83568555953651
56.39489135016346,0.6335592511743582
55.252213226251264,2.751028159140635
61.452489234588555,8.836602884593812
56.359757584326715,-4.59282100032999
54.40093388777253,9.035608084841307
59.71040762983469,1.5387038509396935
62.416091575633565,-8.253348048222279
65.0287384408298,-0.9430505435012657
55.103517196038176,-3.4034754231745215
56.46179354699146,0.10049205179051035
60.61788608489114,-4.025352242384576
54.405244462558244,-0.6876283645052785
60.55386453490647,-5.092002531770127
63.233754501993,1.7139103385028127
58.54916769513978,-5.155710744922091
60.2849889581801,-4.4445622826578735
55.422948631134105,11.334007532981436
59.48318385351281,10.404725105286989
51.617263410531876,4.5079260183529275
60.552111382501955,-0.2120844229479748
60.49973833753202,5.845374954265944
55.646404900729905,6.267029221234179
61.6975003287033,1.252005355145906
57.405004121219754,6.387929774680659
62.9409963780533,3.180230766677072
59.186468008381404,1.6865767001351168
66.17003690844514,1.3761941521955925
50.78662267554203,3.3255065206847907
52.03410320589856,5.435555989928149
65.42144851316012,9.20238158524991
60.153096949575435,1.2553024841370448
61.7077484891365,-6.453082640575877
51.31349223518747,-11.04148786348512
49.1294569174871,7.819872566175925
53.69980287685359,-1.6016513499432365
62.45101321810722,8.971257658393878
48.95725445303471,2.8332889287582814
59.06858730703822,1.775228498998311
43.620577477005405,-4.367754501754748
56.796083712690496,4.5360928968819705
66.98865050919076,5.238673681430619
66.83735858580336,-4.828955263749103
65.03121419088758,4.690014466446339
60.95589174501055,2.5583993015040214
51.06849704371714,8.121485349477181
53.98985251828277,5.479850220123514
51.559895865612454,6.134451452096603
59.60604194981589,4.086208095625409
55.230886419477606,3.595561710737426
58.99213037546593,-1.669735789527547
61.131254342638826,-7.184377268067632
51.69203395029795,-2.5871393157249383
65.33755974936062,3.342012894883606
63.37495940112021,8.99062757219616
55.352930881341756,-9.606634756707948
55.799194689256574,-5.672211943269993
57.9229690546099,1.257239120696358
59.30403705527728,-4.6240285709547795
49.23880435397331,1.4734798943964795
60.49153196005352,5.057903352967504
60.664750805295334,2.10361350607866
63.76547233518912,1.687431248241987
49.30358151003581,-0.7764271306190302
55.629133950810036,0.7453259434461528
55.533773648424095,0.13495696763147458
61.056499519681026,9.95630840544153
58.6186767252003,3.4220696146340064
63.76424592174021,-0.1387370243472752
55.898089459138355,-3.4898119711689883
64.63053151999075,-3.213114884062092
52.99151705992368,7.4039996773651815
56.06972591489714,4.604906355453087
55.35072964620306,-2.761900216596657
49.558665375657505,-3.9681487427364646
50.810862730681535,0.9268298187456788
47.64402063211227,3.4856416640359686
65.43632437372861,12.602597717367862
52.1536719325678,0.3310155164030366
57.17619059093381,3.47399229657048
58.31533468209394,-3.1467922431911717
52.09345385134912,5.205558624607338
62.826146437569655,6.50509960881487
56.80167041833169,4.29483469825059
56.65235322487598,4.7384780014893035
58.21884926252925,4.692408712026495
63.56400928671617,-4.7136977731219245
62.26632863581148,11.82038987880304
57.117030863901,-3.143234395200013
60.72116881357538,6.249182877658987
61.761765687696226,0.22896009435720766
59.68884442034162,6.753189988275009
55.14048400146889,1.348465294521254
62.61807576828331,1.0930161226088833
63.90419140850506,7.757658004597026
50.58412365804664,-3.3530661987798185
61.962817138664235,-0.39392721659256624
63.08332601325324,-1.367036251216124
62.79877458154973,-3.7168192328822904
57.796519918005295,2.96574555115404
49.90453171618801,6.198174656741737
56.586558258251934,-9.822686783748127
50.37049035516719,-8.61388502216099
58.589296442556204,7.4409334523801425
62.958521066845066,2.044451124926446
51.17568258229017,3.524267050243739
52.043112250986816,3.115374768102062
53.863153263162225,-2.2907738952776464
56.397102118118305,4.406314168229294
42.15976268704616,-6.7837847326853495
63.432724728950554,-3.799135372068651
52.15889996222449,-5.904048015908193
67.69174377663282,7.913581773427294
56.11641308669752,6.348740916375912
58.55565772443549,3.618665272485078
55.55401157286239,-0.4431610455054842
67.65187444667639,4.594494624395376
48.539845435222304,2.9577088653044297
55.605996056940306,11.718151429491835
66.18524799888148,0.8238484924717557
57.52290573419114,11.63028808094532
62.99193996469571,2.372474068742627
58.669877720895016,4.15948662276285
56.90916014342117,-5.213541576947437
52.76040418197206,7.201619045730579
56.00314450930836,-8.995187267148044
58.47196100576802,-8.593983683850142
55.35388800784349,0.31468678840592856
54.01794706026141,-1.3915393784519035
58.649785042659,2.932287706313515
61.27910005947155,6.747581587932912
51.975550920073935,6.440685840984082
65.08976277637203,-1.5971868516049996
61.07072618300154,2.941546384530403
56.458138743481726,6.441885844680487
54.172880948128366,1.8965817338120512
57.28883996650102,7.20323091570779
62.0590342727587,1.311687897494671
61.970807082857405,-1.2014006718030985
57.87040610327074,1.867797250398924
48.76979521235476,-6.5547920161243685
55.08948316843131,2.0739104110633764
69.4569476927386,-1.7351990934426218
50.395126210697825,4.309691613946164
62.79158890114203,-10.611743588829906
62.38250468287988,-5.716419522644005
59.262091364740776,3.78631575582891
58.98766606894438,-3.397794998512417
62.079183282515714,-1.9434924570624292
50.3000750366168,-4.979539413262686
49.889498560231964,5.890052118411337
56.56202012656411,2.930798758161939
48.84255234513963,3.9017243086894857
53.04908879369566,2.5093591357051075
61.33638876641034,7.481075041188285
53.57835143727552,1.2654630571985024
51.93586223549755,2.860220514443065
58.687275610040416,-6.965238766057974
60.65365156600103,-2.751997981814575
58.98059434014055,0.16292858964430734
53.477496753778745,0.1614582474453765
69.59836888996637,4.085209222606201
63.22488274976124,8.769969198782746
62.14998690606303,7.939142518842674
62.47305979582528,9.975162846596797
69.06034525918042,-3.424451540459234
59.23146327618423,-13.72060157251792
57.837296358640415,6.030901804628599
58.96230936713868,9.382169407554374
60.10188211327835,10.653906350005864
60.153631228863155,9.324258247861572
58.19807086114941,5.699656500944644
55.46176516943428,14.047347315088652
47.22231295511655,3.001308335530344
54.125127362641734,3.0156740628622387
50.85546739140224,-0.8723657892480294
42.275588382358876,17.030499667694855
58.554914164443986,0.9591958766483104
61.02574515890866,-2.3442892486074225
49.91158395217364,0.2512151150773083
60.24327712146717,-4.170746085742251
60.400878158979346,-0.40457711196132573
65.02136228112667,-7.238484526431963
62.762117296800966,3.9681207840743347
48.1114117102964,12.108460266262721
54.74463802451491,1.0548907555233398
50.437629878313686,-11.690117000164525
60.29182830743849,9.7277353589792
56.88558439591854,2.564045061853432
53.83471270233955,4.71242084229554
54.675956526087845,-5.43201935617735
54.658745786417036,-3.0385367316480076
53.30626829584539,6.498114689887305
58.59570271901683,7.85297421327582
64.90564717662055,-0.5812745429153416
53.65006558134179,-3.966698771538355
56.317796208872615,5.391854972589584
62.9705676506623,-2.433091549354665
60.37252608269847,8.152257473054311
55.84621796223256,2.28497831786068
57.86345835496928,-0.5015933364308207
56.705495972550146,5.297165528635238
49.01926951526721,-0.2993549044185184
55.897874690187706,5.224288847950662
54.918362336568876,3.2465922812949124
52.21341199524702,0.15243622349176555
59.10099242564397,-0.7038449315923323
58.35259713771193,4.541880739823963
52.52910388826344,-4.19722944006121
55.9126275584157,6.026775684794893
59.55948677886206,-3.3719345477493263
55.57340560507968,1.1812659320089196
61.26380675170286,-2.9511999932195545
54.40990146531247,4.931065128996455
55.40231770911018,9.4122996987232
52.269162834516045,-6.0420569420363615
60.631555406255586,1.4613730781495673
57.922167220043164,9.172194838111771
43.116058818657336,-0.22806006239061505
55.16160079063244,-2.5396755524487977
58.19227499701082,4.087222251436048
56.24557006548858,-5.743592717738838
52.053850392269716,2.3995951678773384
62.964443572911016,3.349365342742738
55.749996099673105,-3.890823796281822
71.0548096949955,4.654397124966822
49.96014728315709,8.543067108694096
55.78448518926481,-4.013729327086816
45.153606260288704,-5.2984194317855025
59.81906784254619,1.7557691598019318
50.48007036273314,4.618023503546626
57.702430556678166,2.337343781437489
82.05773115333561,57.045557641805814
82.94472715379668,49.313019642713655
72.19327967281973,59.81321897907215
86.15189025471726,46.88353883229583
80.22526819723655,54.685606469797804
75.44446864900972,50.081794009401975
75.86834810637856,65.13288835524202
78.88281794467953,43.394732135903766
78.71595833462257,57.074322932211906
85.73759325717141,57.11957701017502
78.48852256904036,47.475825476434984
84.69486060651471,60.763202935443516
82.70193600848938,53.60033248666144
92.9313287494659,53.24243118232395
80.16663953476255,64.89648729316107
83.21076624867108,42.28693775475914
73.90839315805688,60.08635705103066
77.69522283369652,57.34122209980417
85.22666363453611,52.947459245206595
96.7134150231123,40.037594016490324
79.56185288126818,52.614721236675024
88.90661490373317,51.85255928137226
72.18858151439196,62.733470567948274
84.49128398009282,47.49938433387946
79.28127404120684,52.71349593188243
74.05747760445095,44.115958351993854
90.11696991563035,57.52133888164225
86.59680699832658,45.28169764468993
83.17050353370169,49.298033049833954
82.0930091730807,40.851878060376954
80.38661027067505,59.755934344090576
70.55414867167403,48.21202334779779
77.12825436837022,52.277033607857916
78.91552872714686,54.852099422981226
78.92733027487539,52.74134615915549
90.04680451650427,61.98725223834834
85.4081975309615,48.91695571353124
85.86149026831377,54.19308064266814
76.95612745472978,52.552946467526255
74.67739685720713,40.80749921548113
85.33153362966485,44.25233695316757
79.79003142819299,47.136290111455104
79.39301054370712,63.16198017721428
80.02511987356,48.32384880213823
82.71752280428645,55.55813207285226
76.0799643938683,47.03256322209713
80.0671279257549,48.1773240109661
81.74212268533746,65.05026128755357
85.8055724313475,56.285629713079665
76.87273472311868,55.28313990161892
75.41597849508963,57.8359626401769
86.46227288698279,50.42309685596799
81.96924182210324,56.92048551860148
81.15886613013055,52.14757264610381
82.94051564080826,49.625282005311114
84.5753917162582,56.35092299643917
81.19304375693056,44.20351274247639
82.69100520006579,49.89511537464046
79.87036584191176,47.166652858733514
74.9777724556143,50.20037983530355
91.61240473961222,51.457245083878846
81.69171988695642,53.2914675777986
80.02678894202366,57.05272372998286
87.5120901514036,47.903307502303754
81.93791442836009,60.34982745990318
74.9937753012768,45.979375409978374
79.03552065480719,46.10400784128216
84.126025943114,50.483072641532964
89.86690815728159,46.663916508339945
84.08365448845908,51.75132491014997
80.11337033848278,49.69283370827867
76.0253671956754,58.0479771835343
74.54378144749568,53.37422140906999
79.15238742468698,46.90519217575261
81.59616188417787,58.641725564621034
78.70779514383749,66.40040329304269
73.82377372724677,54.25869052676348
67.93614457001257,50.04680589771479
80.60264052043549,51.774331562902645
80.56036998830733,56.27549168091094
78.43963635486267,46.7252922137565
70.58709859938247,49.5583551278457
75.48423139593118,55.17311859292739
88.77390702514819,52.11835113098038
90.91416197895553,50.707994877321056
80.0553146980909,42.66475535083487
79.62150880571477,52.571713942155405
89.09671485857025,36.9990210101243
77.65986884881298,56.93252871849474
78.61982640161348,49.91345732768128
82.82903980577375,57.98905580920653
83.00816916865422,44.271364382467645
93.59152756324201,48.882438853995794
89.44696869480953,51.318907195578724
81.68892405252254,54.2226687818658
78.06209463187001,52.24906504974256
77.84624763107463,48.717660923665946
77.76531838667348,63.17087156955506
81.16961107804451,55.65968188412484
77.37381315779892,50.99351866325886
85.05877184368715,57.873987750357635
75.5402263441763,64.64844269974768
68.21819227533067,48.262778111434834
79.94380098372373,56.04833864093959
67.94435394861836,56.92221626174109
76.24966664298341,65.57748448572904
79.03383648222692,48.87684320005789
78.6836351824613,56.16157101572086
79.42774413532585,53.840805985608306
85.28345274449396,42.21982162321829
80.16983594177918,53.89109227758775
79.10665739702395,50.503116832617025
81.81996964284913,43.93983248564017
80.73726912599052,54.18988970390404
70.21345479399025,42.121070316188494
86.87395819418666,47.084935507681315
82.06717989157787,59.74977720749489
87.77283180403451,53.3483493081192
80.66124994678205,47.47022814281198
84.92306808935385,54.51463946300958
82.93007428665439,49.70165592706848
88.1485925712697,51.45967815028694
90.47462732084131,48.40364557030299
83.91634993768014,55.6597566075125
87.29631705074561,50.664962301377045
68.58323498634121,54.62218432403076
83.85590109672272,57.167196811389786
89.64333566173921,46.51119986755262
90.78380835418567,49.8884857667236
79.91383014844475,50.51571313076633
82.20884543095596,58.43367502371809
83.15694358522549,52.18056235389306
66.74431404311177,39.43924573645204
87.64315940012204,50.13471569017792
76.18945963525782,51.783491642736344
67.82480969361555,59.81514975797676
81.14364683320437,52.06525888322524
88.50789488808093,47.90207668995206
96.97168296518842,62.55091586934046
79.81769226309768,52.99820347330932
75.4626992005068,56.911661261312794
78.97040698788628,55.40568823887436
77.53837069356604,60.44533987645216
88.89467095748749,53.03253444140002
89.54564262541491,52.271218726171455
83.825265827349,56.52330428772409
96.09396740410615,52.40510289433522
74.25580901243906,54.2809268340259
88.22527465827885,45.41879714623554
95.46982530932564,46.93384333567617
82.46096963450834,53.79931291971589
69.41405309062891,47.80923252100272
77.74618066595518,51.29512252927497
85.44670205280883,50.90717841675514
87.74650018647662,63.12716387585711
86.24823560081823,48.70116149007025
81.69788447357705,50.235722157696244
86.08883499371883,56.28958643265396
85.42089241649579,45.916723234636116
86.47930393730701,56.16378277976627
79.89083568908873,43.14428310074389
87.70782671196592,53.35753088903578
83.31952682635293,56.9644606960441
85.90358995227108,52.514706271247434
81.52370060321938,61.099088238766115
84.80326088529814,58.73180204892254
87.58251203126541,59.69405795653992
76.99319904567612,57.882545833031244
94.9217521813877,50.10109800721134
74.05158684506502,53.04751573919643
91.3922575815184,45.23686681352294
80.29203724718093,52.828686472459665
80.00042424974387,53.59049644873613
80.80245321293526,39.903170642350034
89.59906985871928,50.2088081769068
82.07166623361657,52.16913359068388
86.33560438281222,54.20059116924244
92.05920821401014,43.955075597716565
87.04975807824972,50.033478716148856
77.39738601824683,45.71824316906624
80.87190904617118,55.438476416302265
87.00003075300259,61.28997824603434
89.23042439019915,42.065909841412505
87.68037794891512,51.93156236853544
81.97422269204205,46.439278603438666
93.59918554760755,59.45117229032366
83.90159062231076,45.804988079930524
82.25540833200183,46.599752891677994
86.81763848675874,61.46149639197658
79.55794914245683,47.23434425671818
70.35040170198177,48.043405802877686
80.75556943956204,56.738344101823
86.43103182261925,65.25990927880079
88.20905378792695,42.22604881343836
80.8830147146854,47.97277496197999
91.56487453497151,60.899448566403244
85.30456162036423,43.29095467811747
90.19678502750259,43.503540863881085
82.35641116479889,47.276459330613015
83.0457202458019,60.368270144662205
85.47042490820648,53.13858825701432
82.83866832159815,51.56310067394579
84.06006125050844,50.04018058774263
82.12122387989791,46.43604656762932
87.49618397531005,44.95966316675208
76.62256281801486,57.90786457280795
81.83664235646684,46.576425716908865
87.94343614567758,49.6772789708901
91.28639070745142,45.73656880759716
79.45490124478675,48.6390918818762
70.15471453999032,48.380548364737095
90.89222809801139,54.465835061004434
83.16331832989167,52.97961337527606
84.71411111099177,60.81234007246613
91.22206095331276,46.83549520195946
72.11187391013479,49.654983459554956
73.77535616176301,59.343936424223656
81.36495237957539,49.3598685822633
72.30002936270377,54.80577976500761
89.07072802382706,52.38944367330313
88.95000883009872,50.223550356811366
88.46360010412046,51.24619458181285
79.45975525877843,50.38538469606149
89.38211978933624,45.516324195959655
88.19743861645895,49.57886351766899
87.7400168060061,54.75780852346075
84.60856716324054,57.49657938907162
70.60561216463532,52.65594269549473
88.35865438459668,52.96909689672042
98.50578256573233,41.80638190783705
83.55675161873295,49.08250286749814
84.39951563861597,47.88214026998017
78.22692534046315,42.03689182812501
81.14182225339852,48.25120365182365
81.0983324262573,37.310901484585145
86.02607867275208,52.387098026681116
95.83579642324223,70.36692456749108
77.8994609918339,50.736706894433965
83.51550623565652,44.4213351548302
76.67204524973442,54.801517752748815
81.13110349444504,55.854717989542124
81.99101534969155,52.417007181270264
84.74667909239099,55.881491839189636
90.57443852371178,39.06930360396249
80.98048784829768,53.79322438375566
83.13356791769748,55.929394408027136
82.86451199629762,52.28052555992665
78.14948578610004,51.75669077677891
83.40246130431584,60.0507131630809
73.58083062708877,53.42815130456949
76.12993734508866,48.08359624399956
88.71324443595915,56.56857436541949
89.1480365588324,52.983309958836806
70.6149415784311,57.077563754177895
83.62180480268316,45.55110152160167
82.49795079935443,47.251622137878634
93.74039909281232,48.56424571593962
87.55508822199998,43.93202028727628
81.01398694004487,48.5259008448738
81.22803463189973,53.703358462047035
79.86521009167186,68.06624858974344
83.97793902683507,55.53988126579799
83.32977865959116,57.59856547668875
89.29339071996479,58.548612253745944
78.4779744532735,49.89139407120988
79.53471270159119,55.93519968289272
80.94522935203875,50.52040690484269
75.7816222073376,50.63805508757338
69.05833952396648,71.99542557590023
81.0901227660077,45.19991460210617
89.4638407170067,45.04959653450952
81.77775607347554,43.135659991547016
76.17391419387052,54.579783046596084
79.34639773050313,60.40766963368827
77.77707301043037,46.265166626240365
84.95950760610081,54.4576308711757
82.80267103045195,62.57971965011845
78.92776877992256,48.53869522684744
71.75568216011416,54.33286059272113
85.2835458796392,51.89349520652781
74.12212375452688,47.482476683639014
77.63819927442376,48.805982505114955
74.65340729430174,56.59433841347103
75.37163904378978,54.18194463671762
86.62555177889888,52.693791051044215
76.35332829879871,51.49100065966082
69.53841995400703,53.05083747931476
94.3070407952117,59.01637340731134
86.96892837442603,57.669109680480645
81.59565795121597,66.11349663954383
83.98895662941484,41.61822116734449
84.69849944104841,56.60247461845131
86.71470933211303,57.013354026007406
87.3541758364839,48.61627147955241
74.24673062584237,49.693911853176274
85.38942047610253,41.251474499347204
91.15077969134623,55.60054293648829
71.75208418935975,48.72554838045297
86.97020025759163,50.022049225881645
73.96423135418878,60.203898634763846
83.59690196904616,51.49719199559117
98.00443882408923,58.27795897634028
76.7624507203743,53.06670803154369
77.34362149075079,58.16483879878055
91.1409048433558,54.92919019792889
80.69084893461772,68.35117200238074
96.04919624039945,50.162227944812
84.17468683588694,55.75177274417569
73.25782495265274,54.78191411590178
69.81209644074809,58.93909239974154
79.97620648630715,50.523080388981185
92.5355729614805,49.01834735332268
80.61337785179903,53.77616625763203
88.16525794393014,42.85938368416262
71.84994085026773,48.06095517568387
89.2024637989142,48.4252817971667
73.13765718897304,53.87911984420358
79.19306537803517,47.821887040233264
81.72417255195474,45.0445754944466
86.66893104914374,50.528457716262444
78.74842676622416,49.855200670792854
84.29920971028967,52.60442861214923
83.11009126233218,55.874699534927686
83.10134969869328,62.18788895945529
85.9920997245667,57.2302770989805
82.97202707808839,51.65089651995501
85.90749773621555,48.284358028161236
81.37233861138117,48.768986408068805
79.31950226195328,50.29178887302328
79.22003462322084,52.69141069636848
78.793190650293,44.92046299145582
77.45905041758697,49.615991130134205
85.69916070531556,44.39133733025186
78.02230860663484,50.25557708384799
82.90019279090183,48.306285932474836
73.676087542338,54.99736480050398
83.95061064726619,49.955758403375086
88.88451080140145,57.82160356618115
87.65045909686587,52.63885125327096
74.19490394062048,50.7157750267948
78.26937936329568,56.1449159324534
88.68849745162461,47.81767514723928
85.73715594193685,59.455593125019256
87.85935025813517,70.55468993640731
71.70486345228764,47.45700605089945
74.99854838112033,45.971001821364005
79.83186594145397,45.67070372247264
83.10082824611747,47.27450173042338
87.55861067489327,60.82151270809375
80.81028141399054,58.518984266141054
83.98514273674428,57.18429203150504
78.47487906008007,59.657511044871875
83.5410088638374,57.446839550148965
80.16220543661142,44.37579195953815
86.61632930930254,48.82339561924619
90.0194474403019,47.8695023685611
78.7621832521748,42.51435988772357
72.4465304723256,50.621105481925945
77.96334694123638,49.523857437283056
75.315499901041,53.222882097844774
83.78217713466051,46.57084570012605
82.11844016830003,52.57073498517604
81.3913744033939,66.73421390332156
79.55483987207786,62.70454135656832
80.20624361524018,43.97930465769942
81.40472814639519,62.352596887757365
80.60002733557681,43.1545825599692
93.59239335345055,58.41414465459118
75.77812815406602,57.96336632140759
94.13826409545808,54.191134975296045
80.29265474902316,57.65826874777751
89.97024277153287,65.71184652334269
84.90317864451613,50.23472003482685
74.70511639752444,57.47282022714997
75.45119183846113,48.556843752894366
82.59982524506859,56.24987403901375
84.94549756084217,52.55561211135787
77.1967314039441,52.180514401838664
81.83926995559973,49.239467823028875
82.52307738759205,48.573960113791095
75.15313443993799,51.20380979284344
83.1305088434838,51.97490661897679
89.6443767231217,54.61045580282016
79.39290372784944,52.16596011110001
72.0699875892243,42.07692953505722
92.22392832624848,50.24172483682856
74.78739904364741,43.49587864848655
78.75987344960579,39.383797271638066
81.34841808079041,45.4803894455768
89.67217175384698,50.445309674828415
71.04232582241553,57.775130316323754
90.90396203264028,57.22945848991502
75.14075190157172,47.26751684737646
76.76666070359262,50.929169198096716
82.48230181994539,59.64709288623814
85.73192153333422,51.73555754159971
82.82894208957966,40.58108380691294
86.59031517150926,40.15247790800514
74.99468029500458,56.45753495340745
81.92887946885901,50.73772913054386
75.61055804560714,55.81176999814778
75.25668620716081,47.03200050098201
83.76247199958337,51.75534326034922
77.38396774785005,63.73590584921037
77.28999325142571,55.66371532539908
84.75537844990102,43.33570648674053
87.24931431520287,46.045109706406194
76.22976015659597,44.208315762111155
83.71867776427791,43.14148225948123
88.04072545900007,47.186468380012315
91.49705006217755,46.98109306635054
87.43222395727418,48.94932586652815
75.13408124598863,54.320509160071026
63.814065181399826,51.931985641065864
87.73675918355251,56.63370276344241
73.85567939898611,53.63059440902115
77.92696171874461,51.16387335906063
75.2217324188347,51.26695995066567
78.7339663588991,48.44479696852572
81.83164631901082,47.21587146061049
87.47919429636462,50.650843878591324
74.79257899343177,50.58326055724873
79.61642949338315,51.930084297352145
90.25734592446136,43.8240880768313
83.1025219318988,54.88881776474851
89.56094988124728,46.19381358538906
85.88294010134285,56.56022913156475
80.62966710129885,44.087674783003784
38.82787516669252,117.54634516527366
43.0733725953169,103.7058789720474
32.13407146586908,111.50068186397422
36.736430389554855,118.06050041285057
46.85638697913415,110.29780324667465
38.46989586195482,115.37871878220115
30.66554058994726,106.50784911442906
32.56158823651499,115.74056405327514
37.16423781022662,110.73563938046318
32.27265989966416,101.53114747340928
37.81259167445184,116.96302548117177
33.71814463988443,118.8818978463888
29.542976555918315,109.78161726443152
42.70661830424153,105.74635730569464
28.831351127279355,124.30814344029844
32.50861789785777,109.9058267469553
26.48388267884604,127.75689076132392
36.640088834350685,116.91657209619416
31.440512273793477,108.4155257205332
36.011474478601095,113.77183831682586
24.568013124791527,103.61603261246857
39.35716608326591,108.74672547177147
33.60033715007177,110.09913003574653
32.05175932205698,117.62404385671405
39.18631811817725,122.58592534541914
43.82170794748236,105.3621067694449
43.21414689526799,110.19643106614402
26.804543802425574,109.89333036186855
37.116524524640816,114.8117247612308
31.128528568420034,106.64384882032093
35.52013059446897,113.16675139074101
34.06548136711061,113.95503552909615
25.433640705020547,108.76526367418941
37.04787969625585,115.20636584533614
40.27326082630259,119.84528008736388
42.12875364764895,112.84701600282585
34.07288489250004,110.34010760311992
32.722906693098736,113.15602817967968
34.669765813858035,115.40963279366245
32.768264399036596,109.83559644893545
34.7396116758251,106.79959301535919
32.25565290026156,112.31189474532988
33.336079616323055,110.09528676133938
37.14917144978098,105.57121827301502
33.80438767610229,111.93626329766464
38.27726723092591,120.51201409739495
36.953164014383304,114.59045536193719
30.503940751594904,116.22183463411771
33.03985272120709,106.18105400886394
33.26103613835597,108.8844748694754
35.44729314461619,108.81499800504521
31.443070971947847,114.47286018454461
34.456796229982,116.49802660165057
35.98994573681256,110.1556375731025
33.592095986187886,106.62055940352566
32.12451471366545,116.55084671114484
33.78941874066117,108.85172659449013
37.12323501434181,106.38766693048287
40.73134494032491,109.51536881842314
32.49613303606285,106.25242547231682
45.134450281177635,122.68724979142891
34.68835999307461,104.6398118733331
32.80384116991192,119.95551431170418
32.061646152464164,113.85023170250395
38.85291885127306,109.38657159201212
42.87009783272925,113.45250544130417
39.97421943628358,116.42193492696912
42.55088425514328,113.57087946947068
43.545526938682315,111.30179627505618
44.76524816021722,111.6570152587269
35.1552635002079,127.1994774495011
31.69582128370716,111.06208909403185
34.59260169693221,111.39982852733306
33.01825657751253,115.69705659810994
45.51702005264386,106.32670875018047
33.242196054095025,114.63712855263387
34.03111839914294,117.22756622917994
46.67208654870265,113.67450313470215
46.021101962249006,110.92072213163209
40.53294589126217,110.70118372232312
30.75096066968074,115.24448832797185
34.236040919171586,107.89702641659339
34.15478320790583,118.02064026933262
37.382964191907604,111.0552961736374
29.976314899376163,110.5943965458436
41.991659192135,108.20534893154306
38.47306999019998,109.79788189648583
42.89996864264187,114.69822303115059
30.085936954604303,107.1746554376221
36.094339035913535,118.77056227876986
24.825203372756498,119.22745840335193
36.450963440041605,111.0276285743324
38.67310789468551,109.0870539285769
27.16981889716545,103.40986305123647
33.539428724184646,118.76754701134293
38.68791672539443,101.86202277976044
37.198215320865955,107.6190333537544
39.21699756478232,114.18074238137955
45.827305605988926,102.33229576720845
33.059076658668644,114.56623041934206
40.897400956091104,117.52275005082772
32.07780833344901,114.31076770567944
35.25914941831333,104.78248152815502
35.76065986495379,109.20095209674207
49.94744235933092,110.74331652430072
28.80510353321298,108.95332731176453
36.34577346785275,117.89935924903052
40.59375769127253,112.61082682343077
36.75648218535919,110.57627233987823
39.14774439878333,115.46013146578919
32.01312215140915,124.6427144366521
33.763688325495124,113.96383876579041
36.712267209280796,111.49013873925695
39.43057720366382,123.50175646148647
38.60942685270483,110.86164956384157
33.818971694062505,120.48480903232453
35.34887054527421,104.93017028411545
32.90099880680414,121.71852848906951
35.72848994325914,112.0797268249302
26.060369775963657,109.9029181062353
34.7019050796505,110.79235949079838
38.926480260772365,121.62391629428353
36.58133718374131,114.83706721587826
34.90277070438254,117.11143325152943
36.076820461886044,110.01006010507163
30.502053459264964,116.01130725475555
46.130413137460195,121.75664767693921
32.98318254809902,118.91108650078729
37.155937066231644,110.89940830598375
40.147793685629395,108.48306585856248
39.43024610494331,114.23903028440182
29.13302793775669,112.59857342099181
38.567497951153776,102.72218940762693
37.51425364870469,122.85183856475693
44.01589706964059,107.51967276349578
40.51230409242434,119.9771603773781
42.855111838672634,108.7676762921252
30.022882735089425,102.67527221493015
28.294152337700535,103.23631094402386
27.131103545268804,119.05231429755942
37.71944772062275,112.47306271528882
33.77965099493634,109.73946236673888
36.921461096579975,112.83060225510695
28.114814542955223,112.21959635740353
37.217268725457785,111.17670398245328
35.28655885873829,125.05440478694932
36.01779282921818,113.75605459582147
35.475507468428205,116.45316024633767
36.981687022547916,107.44031359273686
42.97433515128563,110.5302665391974
39.97981920823864,110.84232547333046
36.51997250485536,112.41598129556367
31.137155726819895,115.28152500735752
40.76687191376256,115.10464905760895
31.872915564548133,111.92133775471615
29.103132066706955,115.53063973586761
41.60454255300139,102.88096651698909
45.15989536991173,111.35493853012878
31.603494110427665,103.12679522765653
28.074697385300823,115.93531562293865
37.48495978212504,115.86300665841881
42.667377087095325,110.60629337838517
40.11331791644726,120.99148155865748
41.1581615398982,104.88581289585136
36.368256091173386,111.49631312752076
38.2376828296741,117.79548986517372
35.075629645134505,115.84787391082509
45.26095854676995,119.86587006724987
36.64413274171994,113.17866571778119
29.581336695250382,114.50045746915406
26.896870134200114,98.97346950893277
33.01388108423335,113.62110478441787
40.365873001961916,116.8350796830649
31.296318081620967,109.05021875919633
36.28956272936558,118.78656616479402
36.417511609222736,109.3199297279512
47.15196742016485,109.90011789645799
33.88069469782016,109.95828047926058
29.62609852773183,112.25583773093982
32.595299069438575,114.40206064371614
46.68074937748249,102.7141354457845
31.39278241521902,107.8531538748849
29.774197250837524,100.16923308705955
37.66929030505923,112.88404274134825
22.700628638297616,123.61139194783422
32.141818704981425,118.3615773216466
32.903598256730945,115.02804510840441
29.70811253541973,110.50399854381558
36.95211587095564,109.45677242636278
26.46619935040274,118.2339962467027
36.613511283354775,115.65809338626649
43.370128119602036,119.71985918964776
41.456918912501784,106.05890455363239
38.36686051678442,118.728408832233
36.79675452193747,117.08803146413906
33.31576524485349,109.66839591268405
30.796443249915416,117.28669199277753
37.75811147341698,113.58994247713026
29.298331569591646,113.50997264264878
44.517466586972965,115.20653184655305
39.10157507552841,117.50452859740345
29.77987324766253,111.33149992797095
38.66121112247403,120.72249991124362
34.2666512058089,110.46946098875115
55.84101823430386,110.33591556858688
38.05272984452146,113.34515878613564
40.69279225905738,108.56988555392667
41.1047688489395,113.14620859038843
45.192010405057054,108.70266806725425
40.38457230764571,111.86479105699964
47.72684909162273,112.33145933104836
37.8308286801158,111.40194187857138
34.937319129394794,118.67576507216563
40.46193972128385,115.04866954534401
49.43981222254165,114.50782114879206
30.12596946841707,111.81191830309471
34.79993125090465,104.88727363762564
39.00595861064935,105.7697900727572
33.697611138068154,112.32671223217831
28.626527874442843,99.90261604944473
42.346989548058076,113.85385503866637
34.080560579658105,112.85075218525678
35.45936649403223,105.94044004194107
36.23981320546693,109.24177746292362
24.166220972949674,99.22407496581226
32.51529284010015,120.42542105330472
30.924443652400154,112.33799488659855
36.58622545788208,103.00829870471551
32.77006009665296,112.60023451364151
36.406932953905695,111.77178415880579
37.31058491932912,116.66105070826076
41.01279169116095,119.6734412364372
27.44005877273745,109.7874609348817
41.55693872006727,105.27540965258231
44.25599821122877,110.9779142381695
35.92968623555582,106.95128331419014
45.30907062957498,110.86978549773816
24.244467984700982,120.26777650004324
40.46095446355278,121.66827623893178
29.671658814577704,115.06590334158425
36.69074133728201,112.13696667982892
38.495278438250615,111.48120892000551
32.6934398354252,112.37530918197308
45.621706918348615,117.6190574583386
47.11375216643491,111.51579098066219
37.77894612952659,109.98818125087251
32.24532266773922,105.42651224291492
36.97334584796565,109.42650641861779
33.78005549738937,118.7101857904203
32.878659296618636,112.10897450666693
37.926592141383935,121.48358537974198
44.72996798342442,105.61930355372913
34.038811997300186,110.8001874815836
28.5649729476852,117.5508607737118
34.96126482592278,114.52574231285683
51.86727925153892,110.61196093529054
34.36560061365955,98.69235964837611
37.61252215485664,107.07006941552275
41.493303172135114,119.21050704647965
39.056350576650445,112.24573176830049
32.114651911736566,122.83325254707125
43.342558022115256,104.23333777532244
40.60669489671644,105.18229143804315
23.316862976690047,110.50855143815545
41.909431814005444,118.76456039425398
43.210673016674825,110.24677823806321
42.188111868804526,109.52406726399897
37.735399470114956,118.86036383478772
37.39173846864744,122.13297083951906
37.047392156253515,115.32789187469596
30.585329269283328,119.79971941235523
34.790402109387465,110.05757936981458
33.813360341237754,116.85878945036352
35.149706841390135,114.93209022175803
35.019496076706474,119.29079019632267
35.33376802837686,122.00928193411029
29.904539261145132,108.38970629632821
38.3971621070133,111.18978124230004
32.24522321171777,116.8637158246794
32.59835328789275,110.47226074965432
35.148256720239935,124.20567654535395
41.01129046054401,115.56716297703862
33.25479820662336,123.91193027809116
34.95192374829367,109.04475810227521
39.673801106012746,112.34038754649444
43.77062424533686,113.9529194507004
52.867484857752515,114.46496780850526
30.827471791926065,117.92826080186413
35.46866014876167,107.21157840360362
35.485409371010945,117.56445183475806
34.2378850426561,118.92038574244287
45.48636340791235,106.02763536660447
36.794979072302986,117.25040546922641
33.14606434258239,108.59524560661303
52.709181506322146,114.46889345197673
28.030554035274818,111.48780986481454
40.78560026939263,109.38146764144084
38.70815455679303,108.08722477490896
32.638025067975974,104.58441201466117
31.341238815859697,113.02459302581023
32.90151364887625,100.2520526290118
39.526623618407996,125.82454787321214
21.514028107778504,114.33225515069945
42.805796564162534,112.7720124491613
39.025675532709556,105.06538757104984
33.56690495161958,105.16464823863647
40.58032680904405,115.25056097808701
40.591362862963045,118.01770886734194
37.76821938875256,115.97842906743439
34.9447751901454,121.33969509642242
42.53179966656542,109.64005780414773
20.593673854244273,119.57759979376603
35.91950228980907,118.98796948504129
35.71737887613521,120.19164789538526
39.47875539425322,111.00856619553913
39.76908009158661,112.7523828987064
45.30876790067294,117.39654870167544
41.615087871054676,105.19546821111801
30.578894373438477,110.46713570111302
39.16641135689533,115.0604274152773
35.51275981754857,101.9652200221646
39.31678767450198,103.50752422158664
40.36239236206926,112.01847892789846
39.39207973906773,107.46793710896878
45.87299377303752,124.21195416228332
37.68738838779853,115.76224300111112
42.74393891100749,110.74299026253176
31.227131130862645,117.25219602887208
41.74494731287478,107.95763361101582
39.31463301905715,108.02290298504451
31.493632486426595,113.53589184352106
36.68076181406333,110.33189692904284
39.753239925266755,121.54353494558276
40.99928917050167,106.60086868495476
40.612652688170975,115.32410817248285
33.33648166202626,116.83561672380372
27.229649516099986,118.78737517937837
26.647726257031174,115.94142868855579
31.45613904726564,105.04596678263772
30.533867390068572,112.11111758763049
40.884229510243856,117.37012480947642
39.73040951636687,116.04368115136522
34.24686995262475,114.06268505921649
31.096818458008638,110.85746240822147
40.578272929797336,110.15635476151404
27.459143794293574,111.23005522868114
32.49417518622957,122.47889094783076
28.195023688979518,114.47970950740061
31.093226168536386,112.72950684896935
41.26192311150344,116.81929626797005
34.98196306150608,110.64511066219814
41.3797370710352,109.81172244101684
28.921982189337896,116.42252939237952
28.63226164158872,114.53947703216512
34.49967094159533,104.96236252350971
37.08718697533483,118.6784603950064
44.07454579610211,104.18329989278948
35.513063960156636,118.48570650352501
34.846015305008784,108.40573541852656
35.53136321642193,114.13673644728826
25.04621709764013,120.50742883868377
40.536360598699424,116.95601116634886
38.09197664791964,109.5749280182842
35.17689658395778,117.42716120810393
42.723334727838875,108.16891919252893
35.44263711204025,111.25902262101087
39.3443660626815,114.22158000851317
28.65485508320201,114.02508478412594
31.997630795730654,121.31469304538172
48.512293069060455,118.27301048152403
42.143330749673574,106.10639890361121
45.22094275482894,106.99490592286665
38.74817446901687,112.95497340109162
39.01948692302311,124.05928911734533
43.27586253095137,111.31526685918293
39.31041586758161,119.40911616831596
34.36393022688692,116.42235666024744
40.55164905756717,123.84568710075311
38.640602257941936,113.53906978662656
33.711493987379086,117.86226695032714
31.168409494720198,115.14764589875833
37.39555123312237,107.56684475118172
35.87177939683063,125.9103276565265
32.93368463971278,121.02332866210308
36.12078807693654,113.49340975803914
36.14746908841138,121.21318709933144
32.193096010196584,114.24298060042332
35.37997389850229,108.50889289536477
35.85178651146014,108.57782601261832
43.73598740295369,111.07511351095259
25.041737441409346,112.47220191801209
35.08175991883102,114.16690543913779
39.907722201262146,105.06938278376785
35.71968534535396,99.39370931158608
40.94173883101877,120.18859062231496
31.584289538632277,106.42786221238177
44.11490853666261,102.23370351989163
39.4620235860568,107.99363340943728
40.24362024425728,109.94907397499615
43.4087887200238,108.72498484083104
28.366943026260074,111.0970574770875
36.51544334678558,119.25740039322564
36.80225303763395,105.70629487801443
30.195129798759815,110.62543859389513
34.47519890579688,114.11390640790775
35.33470349727769,114.8668429745425
32.356058634314806,120.5150939423241
29.162822201455874,102.66193956309513
39.386456329355205,119.3069653426743
31.39607422313108,114.62842870883941
33.603917374044016,116.57461331120871
31.847801972956372,113.60092091083219
29.616871009703807,114.23144460789693
45.46692820684345,108.30353000881212
31.707467804241293,109.02566356098217
40.16700545130092,116.3901239647462
41.986262971629074,118.50987912873127
38.557483728997084,116.8133776513379
34.314393799104245,110.41982709949359
33.94378759506671,120.11301809328762
34.150039617803664,102.56629063289435
38.7425790719806,114.43371821383585
31.09606628912136,118.1022791342427
35.68371715074706,112.91195363056158
31.065264003313747,115.84917575511389
31.020594466215574,115.23611173978094
40.92467016154717,110.08081009303709
41.10294896935252,111.69173689771154
42.972308167461954,92.44854555258352
51.826316678570294,89.18776815294876
40.006216314721485,83.46987387867061
29.570336869117977,81.7152314514805
52.849628352873964,88.64417757256356
45.122855505541615,88.26856622111855
51.90588194925218,97.46641860808553
50.827269697582,86.94241622274367
51.847791636978954,90.92032510245329
47.08878119644741,81.53329901252845
50.62884521523564,93.60592575622293
50.22752875667364,92.86432761551933
43.844452071829416,96.18216551448944
40.75104390063495,88.96213408385653
51.665371587112816,108.00665849746146
53.58846477120724,91.64030632440416
52.03570826395952,89.60604514434279
61.92365109931653,87.84698694734483
45.62582011499156,100.72020193293186
41.61065865288736,91.99048849028422
51.110289104080316,86.25111997527279
53.028119549119154,99.62022628088403
54.527786207094195,85.2377903581045
40.68522790949686,71.78058404459307
64.44409711307384,99.60588548160204
57.053318864312956,94.19282908999922
45.28784593789416,102.84218062446239
57.84374462852081,94.78380669670068
42.64023246809647,87.61365810559518
35.974760261592714,100.3725953216432
48.29876687889281,88.22308268289657
44.53432471592588,93.3638050126009
43.30014832617407,85.26642546119876
48.432324686472356,94.55208140448748
35.969860811374815,96.42911767019336
42.58130745194109,96.77233287644806
47.518929676476255,88.02292453036021
47.92063742322531,83.8973265542674
42.90468847408428,97.26280047827179
46.26608590432324,88.25328092993588
57.387100416620925,85.81346108148635
50.08122633147768,86.19231953022884
46.05237644049981,91.87104802461515
42.96430823002489,86.83526162726699
40.7148983390335,96.93810371336139
56.02518156297403,87.1698758949045
43.14095025789528,88.04565134309091
44.281325950872684,89.08954812263642
53.81086426927691,84.11994345199925
50.929851087841385,97.3697069638143
49.84014370601747,67.30703978367491
52.234712065460414,100.70979700393244
44.52745282648076,89.84437254104185
57.873742673539,94.26955484569909
57.08392199592376,82.65278363874413
65.19127225748528,86.02282168825022
50.0647636949627,94.17921290060535
43.095989630354104,101.16872676821237
46.58551785706973,92.28900792041489
42.58458690940705,97.89478373224303
51.35899629713931,96.6253010608317
53.545783518314465,85.31941938697169
52.08615580813955,90.70588475287015
43.12724275807101,90.60079616222968
43.48095423842491,98.39959344071346
51.64830481537307,87.36958002505102
34.340516014861,95.57936188433867
48.295270828022204,94.4935651360839
54.3398423577229,92.30422911062682
45.7327001973256,89.76325889396772
52.497610227258875,101.34324700498469
42.045948575397986,105.11709003860425
55.79557175336725,94.75140915443178
51.30811591874677,107.96339000138428
52.69830152298416,91.73463156942893
47.56408363716282,90.50754350716674
46.53826336680951,90.44931570581025
54.91396379657504,88.48988439820371
48.447566468335495,91.33966981635086
54.29929452063155,89.3127950443628
56.59459219801521,88.08460346894022
43.98582280378489,101.14274748021109
41.653587533739085,84.16288123896864
50.8434034921286,93.61632769938163
60.514294684041694,104.00712447820096
41.49948326525943,92.36294319598508
54.95317051509512,84.67054719999928
54.13582496488244,83.10357692351849
57.28152554279504,85.4288540811242
51.68585975076263,83.6341422973882
58.42438105593356,82.70685608213422
49.931261876100514,83.09147501616417
41.79936058225492,88.2217728622931
42.8396920489799,88.2673471261531
45.27246563229735,93.2281366112537
47.41366643901456,89.58785857553218
42.593759736468336,96.34545880523497
49.95589404850156,100.65893319135766
53.71440843645587,92.96450249606887
47.34934145344879,96.36840702134172
39.52931038240926,93.94596198903776
51.02222991417295,96.2091236858627
52.082434616265594,95.83759374195789
46.62249030586501,97.37704094010294
45.31703365895912,95.28146118613782
46.435770575400625,89.36461580142772
48.11727735504439,86.44841878159693
54.26867089139144,85.62747715607266
57.34140107163884,95.77924216887956
52.945943222202324,90.54914204819492
48.874049655937185,90.63847094564588
46.307097722996076,94.97273900389969
43.232653686072084,81.14919446222797
53.371640353809674,94.20372545683861
41.02472986048115,93.78186100568415
38.41346782258185,95.31209544069287
54.73613623848967,79.3028809679605
58.21150456967392,94.6121084843951
51.36981808293939,95.0890370133269
50.11658209738857,87.56936750422103
44.260125380636666,95.5822436881821
53.45435024477623,99.69837086719986
40.9520095662937,89.42535896482757
45.02184590015621,91.74153175967135
38.422304360923654,85.69796416569284
47.27641468636429,96.09213233829948
45.444006930689376,87.66967240225796
38.21568366765615,110.28810464839185
48.96252305593073,90.47063492444546
50.83539801092382,95.2853445558558
49.00174222093566,81.69109841639964
45.103565664753425,88.16887095075383
49.264561104721075,97.47529928808068
57.27454887316892,93.75768135624716
43.924835854423584,85.0072993333267
39.716568064506646,99.58535710178228
42.719241609809316,96.54725329884833
28.633823184122217,101.80589428197024
50.73774449706728,86.29030983430405
50.99335544606211,87.40326683169282
42.937678210285945,87.97443023480865
45.577037668487044,96.46391585547323
43.18139229632833,83.58944847930218
59.89031766645827,92.46025581748523
41.57779900745697,88.22564071204152
50.585514423741785,91.7560808584422
47.72468666367807,92.6655181270749
52.89610870194546,97.66102575796117
37.23951455883652,85.08593057290679
43.56674767267548,107.26336906730337
41.17445459581572,95.68952688025264
40.92851543948568,87.5664464937939
58.380823059175434,77.3464270079616
35.89587637269498,99.65613354370264
51.016124079016144,88.09005098823118
56.01822426123037,91.22777206036366
50.82210253603532,81.50142774221796
42.71342833216578,91.1482397117912
45.44272860742651,100.18654933293972
49.73790123276538,106.50938279786698
45.37627465713074,88.3869878913667
52.223660580178446,98.75959860754145
54.1253962656987,84.65742013616426
45.65288851426604,82.30889333753797
52.29570249220275,98.6305004802169
49.87150505895153,86.29760033216311
44.533165477620976,67.27487479971182
42.19511054456679,88.58120387858615
43.0201535076135,87.91498305155052
56.752071861482555,89.45192513741608
53.434297364446245,100.75715583430633
48.84474622426835,86.4398549915965
35.364306674055385,83.99581539673808
44.76634591857644,98.70235643438399
31.47765723768543,80.33909650979581
36.781615182105966,96.83889024742432
49.49250098608061,76.88543415303378
46.11422453481406,97.03050948581411
56.69626018951385,96.84257476140593
43.82510007205992,98.46642733185774
53.56690760519889,99.17641003779593
43.937615115035015,89.30268311860655
52.679797858155794,98.5039773063336
55.250905279828146,95.70788822919467
43.95278986618971,87.61781645417648
51.08839469952305,98.55676284212421
49.94813047151476,96.94793064721368
44.336312503568436,97.18504445705872
44.13454219053005,97.47085309131246
51.99828887941942,87.54424822024096
56.12685556185316,92.80193407056827
49.96959606338937,89.3019547077771
56.47447235164182,88.60361662215458
51.80189016114083,89.67798537046448
43.64324699161968,95.77935837913928
45.7305750595822,102.44617691378355
57.135895779396236,98.6864016236755
51.190686697873886,77.4147313235973
57.54297469486922,91.47371528509831
49.53223344482033,90.34415160617522
47.417204831043264,76.52009900652422
66.88345637111118,82.31601016939786
39.51485121467068,94.06467129984874
56.79879372543063,91.88060314781002
53.13630140636572,101.39253065386025
39.88684353026839,88.58134910830002
36.389967343877686,90.24693206283204
53.03176810298139,84.44538442083179
50.816078819358076,104.00764937649839
57.49863679588696,89.46945136319233
50.94222145961817,91.38171236542725
49.49482595097713,97.3530495015451
56.4762723962835,85.90195101087895
41.3052010996778,97.38070248111377
38.68516131825788,85.8202487215457
50.276194962708026,91.32478965048244
51.72130356133795,92.83397759562814
46.159043197697244,93.35813162251931
51.637025663233096,86.29598818899548
47.75840410641842,88.24854953248226
54.35856705853465,87.90869101480513
50.43214188658747,97.45334350278031
54.14916545728528,89.75600813248116
48.7191732361551,103.4885401446824
52.545594537809166,87.56278511224512
61.09319839486581,96.31446531169475
51.58209346040944,104.18103596987268
56.56910809294797,85.6912265048296
44.9943006357503,99.87153868239719
47.00362876313898,90.34652002345824
58.11808723112929,86.19539482224283
43.059300941255884,83.70657622455803
54.48858963775411,97.69454587969605
40.50342970491056,89.15151518537844
52.68419479069706,92.23650666409513
35.66895840099387,85.48020253644503
36.787133960960695,93.73214386877193
41.65890237590525,102.44412529356057
53.23697288496365,93.93514486238777
40.24936310615602,91.84238104375217
54.811095008538985,97.04650488415193
42.79090089505193,98.97160684216811
48.99139565619149,96.16807340084168
44.94474472720456,92.87746575835043
38.97441244012455,88.46414041279714
46.48625710442048,83.99446998768246
40.56113794567672,87.29923160071765
59.54416369789981,84.00558585519163
47.880267997009874,87.84503569324048
51.45444560721115,102.50774012574357
43.55117675945614,85.2403046635428
51.081881613834895,87.85604360559992
52.13130344632736,90.05167925178246
37.75562242178618,94.828127106042
55.04376377647529,81.43449671296997
49.612556191815585,82.13156345242815
45.77735511262246,88.9289449433998
41.49630881732654,96.47536610246311
48.76384777541585,90.24907958690878
38.99274169440902,94.95500805967048
41.72795983757692,88.87690845717529
52.97332744595439,86.94065010056798
52.64084629182667,82.77800113175427
56.487724808035935,87.60059563949223
43.319647235649484,95.49396414305807
49.900151230268534,98.96699480600815
45.80482973491031,78.61782062125859
52.402923333504134,101.69958433485914
40.44920054828452,80.5182339451673
46.49424766546311,96.70877154038217
44.174104605680036,99.18137563208653
43.53341397453502,95.61617485003438
50.10895350735557,94.8921450199714
50.35996016005767,93.78227723614202
51.3630546384507,92.60058514940152
54.77851741527963,109.98066738874586
44.48453902684161,97.76451720064202
44.87710956163012,84.69336735199343
40.92478471842185,88.86323074174044
49.03167546956161,84.49722460192191
39.380679143388804,95.67300997619198
40.46329140929034,89.12323163538821
47.3425922909804,82.91878657650972
41.26037799948735,85.64577806049009
54.926057347894094,92.63386272426197
46.65848352852382,93.04899252290117
52.78614687990624,97.51845280324699
43.492073528689566,94.85279081029002
43.00735776846258,93.31321401635068
41.13560559257589,81.72400001043343
33.77792002588926,81.26428302188674
46.607672744146306,93.81117784605688
38.36168059597914,95.12044669479755
55.81587799515919,83.68173751548868
49.26560697118479,86.95153861389576
44.6515653534563,91.35946075373084
40.77043063060301,92.45923205104603
58.49187239693535,86.57405297761717
43.776795149099655,90.62883150588625
60.55339944138237,107.13288799777297
43.66486501407663,82.42514051912529
47.52128535008391,90.30279817986472
48.72278372282045,88.84798658177691
48.70917764935776,97.78875667800305
54.22389212913579,82.7174276481317
47.13945875145907,82.65604400525855
44.32281397784142,90.22053448024249
53.56980476261174,90.70879015670813
55.75845306190404,89.19236044110193
51.37829428947123,92.39725406323974
53.75009803025459,98.90621002558932
59.10005139549208,85.47876422952365
50.68549308794934,85.43734317150015
51.15337332898443,79.47011410257468
50.99549771712452,94.64356836530416
37.14831576610942,95.1037221829445
52.017097376849996,89.75138404139898
48.98052166076068,84.53709901042204
50.45848634101029,101.66731884780685
45.170052639257115,94.27802778312916
46.32104790456771,94.44170580272606
63.29917300267783,85.94418364324255
46.80554730543039,94.86828652273984
42.3896049141406,91.33506173136301
59.720468398814475,100.28300317046185
51.182202704892404,83.04000707442
46.459558790496544,108.5653502026944
51.421940107066526,89.5113663923478
52.05698466462265,87.78899731803449
52.10765660512929,94.79023145251641
43.65295135571948,94.95775460345313
34.82132317747548,94.71007104271314
38.798700887553395,94.15286843872448
54.60031495784624,100.14449362845941
47.06077439974933,90.69388329593977
53.957155259777,90.88858782814005
59.71379889433765,92.89686370596903
49.69217144932354,104.66320347360892
50.99094866909357,86.09108016801952
47.89750987074874,103.01086970473426
40.66867682604414,93.06215669738891
50.82047810303718,101.6640825890205
51.235943526091056,96.4717964338077
42.93708923720475,84.81518278319044
43.548022145542014,86.85243741881904
37.1326914553295,79.24182194541
43.935836906781795,91.24490970278
41.733932176476216,93.41923463278499
43.49244136247061,93.17651069994498
54.6398207118117,86.60475957423952
43.42153543988126,87.90665084525847
56.71345303251314,90.70956954636718
44.68376728671675,83.02228448845223
43.21828669659768,92.72065377023219
53.70840359769726,79.00284681686041
57.87672934748265,90.82793629671187
53.56096462685264,92.01928292680559
43.98948538446793,86.91446641284254
50.775139156697605,97.2913960892071
46.893889498846065,93.44510949849764
61.98528283129422,89.6875747139784
48.02430933333193,94.0566073812454
50.7499290681748,104.4739385413094
45.61831296996363,85.27751193205057
52.24891949401653,89.28096507552593
50.06920468026251,93.73922748319691
54.90928141933916,87.91131505521837
48.228539506286175,97.44113407710753
35.885026207414704,98.13743175712503
56.38684124255698,92.35327788875836
48.23370063104676,95.98865876907749
41.94997556371871,107.59125033256845
55.30875554839402,93.54026138016515
56.67019726957928,91.14160794607841
52.14447638920418,92.04686942993982
54.93534742345099,88.63112278282732
49.976811643984604,93.06981982623648
52.72180872681573,98.92181766244337
55.14868806674893,85.6813041538615
46.7515562386656,85.9637161084674
39.4120721566967,95.57803255972637
52.37468901394191,83.16972208085944
39.225630499176035,86.62287747802112
41.34604474005822,92.41428863679683
52.49871379658323,87.63266571892818
46.6144499871337,99.4648141289912
45.491292016227035,86.26858158293848
55.690780455181326,101.29915771610554
36.50746733243965,91.61788691116251
42.193526037703194,93.97887577377888
52.655324570914715,94.03115061445192
57.4480346506086,88.47997480772804
45.429543367518974,91.94497351718366
45.44134472538677,92.93772447684334
43.95258348293727,79.44447963026688
43.838857115976275,99.18633626947641
42.90787382991616,88.08531382538813
47.0958148983666,99.68738266760238
50.622276571492925,96.08973552298606
48.07405601160267,96.17401148398157
61.047169869571476,89.6896617624762
42.178492800926314,95.17840334490909
51.82817851065416,95.89859297497443
60.121746448665704,91.70293657222666
50.67639986963888,89.96661203971577
41.73652613156159,84.17246286127836
58.569726805772866,91.48985581034493
49.20536178926104,96.27258717334219
45.60390336063752,91.44678544581005
58.02460076157721,82.53668698749192
63.623551459984135,94.8092882908766
38.08908300604382,98.9642183541717
51.23918787751043,91.95377039041703
55.034934402180276,102.03170653444735
44.91466890175663,93.90467036425187
49.16841219909875,86.80874542425676
34.77157059076169,84.88720445808966
50.69008330659897,96.14593987142393
56.13678886017263,85.57462404467374
47.5323648195087,89.69089291463756
55.18610313807928,90.17430910312275
43.501269059448056,99.0281341494319
47.40437694956999,102.49461690940652
51.32140643776859,99.02817760925186
45.876813071472775,83.26308175177044
54.44497068561655,89.27292476302569
50.99580480089142,87.1529455734313
45.34469163635613,92.73909598149861
11.002658259601551,191.33580567761348
5.886421510642066,187.74624654184714
8.63880767410405,185.12959377733054
11.911884056376747,178.80783114602298
-0.4494003245771534,191.1722815078477
4.104078807194095,184.1265838961397
6.180455508708388,196.5848058888543
12.431153168133774,195.17840369117715
13.884017978431855,186.1772936265562
8.23836692358432,186.6888794641049
4.984597608382046,188.31502309435515
12.837733053589446,197.9797487649012
7.1155542010106405,189.37004575227357
10.92151701517514,172.28540760554586
11.414951988745283,185.90080048112466
2.4282571366436407,189.6952382213348
15.654286788084947,183.07169904027108
5.702802352911376,191.37774506535442
6.349917810058228,193.7033349299915
12.767125866631712,183.5687533865897
-2.375027016242857,177.7261342541846
2.3061265616211477,190.41364321208778
13.890817450435193,188.38950309557484
6.953641391452743,187.42573200373562
-6.333270875589266,194.66002615489788
11.7771756130096,174.10895124689586
5.2416656863154785,190.27768768465546
5.383887863449408,181.393303039079
9.431212387582269,177.25231377485756
3.528086587366774,180.59293917190146
2.5774844999063884,189.3134892358371
15.541987833288893,187.00061127847502
4.91333931954585,182.8297709297922
7.226500626830412,203.0867678916048
9.025122185430241,199.80938079371532
19.647671914279947,184.68180527960806
6.317921791212148,193.8801490368024
4.938698150489947,183.8995501517197
4.504512060201028,198.77090958398418
25.170299517788987,188.24980629720415
-2.7931783072308356,185.01917429094541
15.784160809299909,191.99850476859189
12.10949186771786,195.96527681232627
9.868065969203311,184.40529570765372
0.44289696214646757,188.28231814376738
7.691025666423892,194.2941190666251
11.522216324709374,192.33248798041853
11.097215331712231,191.95133153316448
14.640364090150786,182.4971448965725
6.581663440737703,184.43759130323372
7.676769716058632,178.42481492164887
19.264860757394317,177.58111044090953
16.217336414429298,179.13147446763546
17.06031477722845,186.49225402050976
1.120367558047775,181.16473035755843
10.525456313460746,184.374492020868
8.519486028019335,181.96573391445241
11.813854272734062,186.18008428374222
9.494181877535723,191.46657441988884
7.018618359545199,182.74611856420427
4.125533530153809,188.0918546494091
7.6033735821559025,187.57269936610564
4.357317741420058,195.18484060408372
2.189896838165793,204.74166020012026
10.046058734763275,190.69306314817166
-10.536648788345072,182.10912624196155
10.807999342092266,180.53282551949417
17.650162359557367,171.13156227437057
5.8999417184668905,185.79878173797616
13.036332635631295,191.060815649574
5.787590003567179,190.08299403764863
11.41593171377782,187.16963375581
19.44115147731806,194.06603603684388
-3.8341594104433643,187.83343048074886
-4.146597885660762,184.5599613183931
3.506146490095335,186.67982273132256
4.951650640116784,187.96623976540556
11.158945862855468,181.68570095175102
3.9979108388751836,179.5332452609081
12.809995942114947,184.1891518393866
-6.783076819505483,184.1901175138209
15.562194585913794,182.5983720051434
6.989199151171726,189.4293646235203
7.473189177565802,188.95047860795688
13.72439034632247,190.59518626592083
5.9962652216554915,191.2116484851797
10.089325094738834,183.93516147745714
0.43240994067754635,181.67174607857572
10.50805775412329,187.2222148328886
13.117444444699697,180.56092883210974
8.459744411169888,197.34365440607243
5.295598158727488,180.33197523062248
8.949108489274433,178.87383688325835
9.269828072308627,186.4890330295211
8.378373478033755,177.79842666827008
5.634849076297485,189.694253489583
13.667206862271346,168.9233084707585
18.73917349407604,173.67130196858542
9.423088505555429,184.3938556458327
4.469328009576133,183.80503849711152
6.178736745264852,188.6434729163284
10.303329047238202,192.2602146867298
9.964092415912555,184.85174138653355
11.195675881264446,184.23536516218945
2.8327992112806735,191.32557983629937
-6.939573329680643,185.3283945260763
10.48281774168914,179.70152230674609
1.6581042937420536,183.17036011789713
-0.7391639425074139,185.87614339818504
8.147991434794342,195.36989056854435
8.051943843465452,187.22318674478262
14.286925931627529,189.37348012473487
20.969316812298423,184.6389102730141
5.726245649121293,190.20550311633204
12.875581316889315,197.0271802570253
11.693370943334287,182.68665835430414
-1.4159124856936085,176.7571169627917
3.7104737994349968,190.05670828237322
5.150616898246739,173.38880830217644
1.8082156041282973,185.79801087373338
3.1837987548865163,186.69382921517297
4.570954149678096,189.78315713837475
7.765366860819381,179.4724254613614
-0.1636175432573932,189.7156526092678
16.603053078278535,182.73300750761803
11.756849208083905,178.31349201664963
1.7355867805518228,189.66601438794092
3.473113497589015,189.68471006818075
6.812502038992074,185.9811151408135
14.90436578943362,190.15791187194682
-2.40274175364482,181.65513651076307
13.871330858392314,180.14464184998718
12.397220246110296,182.83435263613822
11.94780757936632,184.9863552770319
11.794458701532843,181.75662625767498
7.177177641470296,184.762922450064
1.7912606237633097,190.1178416076825
7.0989135019929925,182.067182078241
6.116444415037527,186.61989441250003
17.697901196325255,180.16847343404874
19.530116884508,195.59638319252207
13.408798243930647,178.8560848399162
21.980158687109597,192.56349044481723
2.6919842850051374,195.43313414626112
8.677581157959976,185.08946700378507
12.28934584481576,192.6559322671329
9.360047602549917,198.86299415354256
15.976309670439697,194.71518897405525
12.787478675555674,192.27471990747387
19.273897224619116,183.2548921212676
16.61380470904608,185.05847111320165
23.95538642372913,188.9076611107555
3.0725003253845307,182.67023294902327
10.93373296574436,172.56342686979525
4.772669060732261,192.8761771788861
0.5694264973610039,179.89065050494528
5.204908589548922,185.55278553535192
19.81965640673564,177.05589813298465
9.377476578854218,192.14925547095464
13.345080829749666,195.90153617198246
16.622032187199654,191.80134179879772
3.0238559051406613,180.48345549983748
0.1707656021283892,185.20394687935112
5.2546436437466495,188.59567506188603
6.528366088741371,185.23305813256079
15.269038952283326,184.04322504415487
1.0473998673925404,189.1353089569449
8.312907391122826,199.32584749238933
16.992088693445695,183.4511625509929
6.419409834777536,185.70153676980976
19.216468587280616,195.51432952685008
7.779349679434234,181.72308673440992
15.293571524869723,196.3090536423837
13.51770093825671,172.62066516467723
6.913255405924463,195.3157378807114
4.42184525005314,192.82373204347783
-1.3800784095736365,182.67707378307
-3.427944816029635,180.47599063860298
16.39644174420135,192.84017623192634
12.9329730352952,185.53009104805844
-3.130220950347839,177.8353879469408
8.470383706543574,180.0177637083197
13.489606098474182,185.49147580381236
1.6244389719992913,192.0063514260568
2.145788492854736,186.95238857391297
22.44959296339668,191.13814638612214
2.5050497397623337,187.5998351582281
8.837004971016032,201.1452897613214
7.180715537266048,192.40193152180547
3.3801091216064005,191.69850677120422
8.376971842917422,189.44601833867517
12.816020195476096,191.49952937399428
7.113182617698146,189.9917906730805
14.604517466204735,187.01208577049283
11.02857376692203,175.09946242041084
9.04541334153666,184.4854536097815
5.799516136517068,195.5033067891756
-0.7138651952167425,194.5066215625322
9.4792753992054,190.58400682481744
19.065203743913152,181.36695221243934
1.6199232047877539,185.29276908578842
7.99779321688495,184.28340555955037
12.958023452478024,176.1227771196846
5.5044499331567485,176.84595622529102
12.694657606596051,181.3973380963984
8.397712569446377,176.44769100914735
9.188231557644048,202.43810797286915
3.3039845221337583,185.30472251478406
23.554292938191416,178.9184645638759
8.023095322110086,178.500747696671
7.883789087278474,189.8875667731271
-0.7048161094133771,195.4445393839114
15.048973010153716,182.22063360105759
17.18849642405093,193.18236639313363
10.025936245643592,180.34517563630573
4.45126984673804,169.75111989059653
9.624544125730178,181.18670452379564
4.282635645312954,181.6660107023175
0.9443402229204185,182.87033283663627
16.87798560104112,185.46040223102906
15.869352264580197,186.39862128491322
0.3472128286372671,185.78775607785738
13.376032129462036,195.1182895510938
18.24027856160079,188.97970385009341
-2.561381872239439,188.36570863272254
9.683940652058421,201.00305301618545
11.709005258711214,188.11109994019353
10.711478039337814,185.29538180498446
5.658182156971897,189.32979484778716
5.238953976083478,185.9757004436539
10.723508830637122,191.3643000272006
19.95744611706686,185.81166419418767
8.297424602586487,172.18122233612547
1.4067989317779377,184.09896083968695
13.589123725614396,190.29127754615624
-1.6568437630354502,186.74954215504548
14.325467171961684,174.04990615377366
1.0675033790674826,176.10762022483598
16.086362256892876,180.3087079653595
8.800781153911654,184.5140954269681
-5.151131582307958,180.98601489943653
10.835807402053451,181.02371744694898
10.574732251718203,188.0474490795647
10.810647140252069,185.8213178033573
10.998122258063074,188.6222694613535
6.916780942054376,184.62232264323126
-5.1375576989658605,187.29241006728822
-1.536321535094844,171.20232753082306
31.52350630591337,188.83100617193008
1.8395259836503008,185.9518355306348
15.911951041100277,191.4125494655028
1.3119163609512121,189.17827207012834
3.050457018764968,188.8862629763424
0.7803409261364802,195.36845103709175
5.130775406025506,190.4623025359826
8.394230005148211,183.35235880988597
11.631434081034774,180.21867205509275
9.089586166541391,177.40089852531983
-3.971695235085072,190.61961225278858
3.8287405882575607,197.3043220967461
6.313826430187605,192.65064739233782
9.188931078733356,184.0024746834028
4.948859484958854,175.83160202169296
5.339412915781157,180.61322046784667
9.995657510006819,184.27552456772594
1.019369823196394,189.63090948689955
-3.311280095773787,195.40525789056593
2.6266447427977786,179.4960482064218
11.523343220959553,183.55902171976786
15.592048780089344,179.8197316919696
8.721686047590534,201.34985879851448
0.9955797835372602,195.52615188096195
8.723822313077733,181.77780786089997
5.902762098153533,183.26340090518713
10.939619998591454,193.15363588964036
1.672909693511997,186.97380693842433
8.477537524563813,192.8563962046695
13.666464856656184,186.0760642191599
13.025586414042632,177.35020131146194
8.310924779887376,185.12032742766985
9.539211227713817,196.5784297486284
4.509257300500975,179.15085723326695
8.053037823803084,191.01052274510639
10.200964438128274,183.44531979322826
20.055396183952134,190.23992590148274
3.607383631766039,179.64155950866058
6.0171934244245495,204.89509961288326
18.264818488700264,179.8614417973779
14.07682466589797,189.40576790193987
18.96215296219375,180.33493705083336
-1.1441818658838763,187.99630644245246
11.557619937197336,175.55688031945834
11.149360125855631,184.32670528685767
5.83188075711439,186.20603135728302
4.1256320283428485,179.28621260862013
12.37389220835729,182.82551006909154
1.06013273645714,173.4047512541013
16.224806936156853,179.5565401125797
12.365564938941887,187.0797579592602
14.709132985493063,190.54096836349447
10.013221259605897,186.2614360721966
5.989792110109958,187.77685083694095
7.821575700210006,195.76008781174733
6.236857435124031,186.25259457902783
14.118896276850474,189.26071784716697
2.2548499777294753,178.47966779548088
4.491404432016044,185.01170403073777
3.358262901944353,175.48652972107584
4.417869682698513,176.57023816736003
5.892182225707272,183.87358706764658
11.802894816502437,167.81718593281428
3.796609808347438,195.40916263413538
20.496999947282454,186.10721176736303
6.407008051790705,184.19494230920273
1.1227271667943812,179.79987846539692
17.150739324632873,189.0485010248038
24.74728553450424,192.20502623053366
5.608087460524941,192.96422594932812
15.487733676846766,188.5068836398338
0.042388281678872985,189.5209520331314
9.219161438145697,172.25900579163132
22.841492250607708,191.6023143150076
25.49608339901979,189.2496870345263
11.255960171308729,185.81585734955735
8.840699929960671,189.22565346072628
10.724374179852155,169.89265873693913
4.040237347534978,187.80386166793167
-2.2236905363364077,176.48269404448786
10.648098253211527,188.21771634739483
25.830157530979466,192.9443830075236
2.708633991812607,188.83560933391993
4.43676671553342,185.2749568367718
9.561293740308212,195.45122742405886
0.5563740223453264,190.68168521898593
8.480829923925354,170.10500081913483
8.102438975232031,181.99115733732393
9.451521728739396,189.01167322365544
13.611331494782046,182.2485890505521
15.828374750894957,196.07820672143373
8.743838159149787,185.22199390484215
10.133773055323731,182.09754796609144
4.7124348838433665,172.06060437368484
4.172121153415084,179.9918601418025
2.4410385237121774,182.54725283164612
4.668307190499796,193.1435779926554
5.741484029655327,190.0964338863557
8.702863255686706,180.51084059702143
12.40308916028776,193.12087152209872
20.9396979272788,190.6521984576821
19.862344631488003,194.77504509829106
9.24930957181165,187.46047594526163
4.679842087647501,186.60224106910758
14.810036442129585,189.1675820770481
14.348374902567347,188.45683144461424
12.78865965073172,188.63109940367303
5.389759640481818,190.13103589597807
3.7533779618533343,186.08654231510786
6.051205813110423,192.90029504831045
2.3193990610264734,204.8182057354365
15.719835597591484,180.13880361173625
9.72718104452591,176.69600629988992
-2.6243431573074094,193.3185221164889
17.988663752253636,178.37926526212354
-3.1584537841487794,182.9207738438909
4.033548455604618,186.34580921718427
7.04313520623598,185.18076246175605
9.184680274912898,188.73931970819407
1.0226852372169901,189.48298893636502
-1.0698226781266467,174.15400919669375
-0.8329807705799297,186.5550332542625
10.969500072651297,190.15368787947455
2.65358706185114,172.67743637938673
24.68539142721029,183.64431293081898
15.705091551358542,196.75959675693306
7.06173774907535,182.70967309394024
7.563478108009023,183.20788680343182
-3.468721597525425,194.56226552404587
8.907617279997991,183.0820304691748
3.526229293204615,186.42038385269473
3.1061470376737663,181.47766135971554
2.983107381084924,191.64015097502826
6.894094451686469,190.10524526757237
10.137075849187548,199.70782067507943
7.106566941536612,181.56853925058365
4.579697025104462,185.8712890331189
5.892764961838791,194.78443332760372
8.127143453068756,195.92308113089445
7.951839427519312,182.73765617315692
13.089880831939775,183.19894114014664
4.373359227617765,196.68578088736226
3.121483400195694,195.55636779021472
11.000836999051744,190.32599828158567
3.5274491532292744,188.23773888061086
19.0985578999954,199.55095158809794
12.139398865111893,191.4194304132135
15.200307474321539,184.09498885714046
12.364158448892642,172.93328058220774
21.972762671768272,188.8645952476946
6.846076629021004,181.23761926974072
4.545920716377584,199.4858810937659
17.951704469276876,179.2635234319162
7.183374435053095,177.03881558241972
9.986213281622032,184.48175583046572
7.006667612795463,180.9878978333758
10.694075061014942,186.06977308336832
10.729472697882342,176.78156676358591
27.274966941648188,182.29237237879613
10.753706765624102,184.10349861654075
14.139427493124096,180.8435271801414
13.596022785640157,184.8941954687733
14.436073503150308,180.31739663412162
14.399106544810504,182.57264639253214
15.75180708378696,182.768923494923
1.8353512812323727,194.21628774312396
-2.121860599707013,185.1929291261584
19.458541362433678,180.26114584883487
9.324146770868811,186.7695999982671
8.28948438220297,197.16474828016467
7.7754151489429955,190.30424765003744
10.180242078608325,181.49818645696814
8.722252633863304,188.8004449270407
5.344731011195795,177.1989407598298
15.506033772249989,178.68971741342452
9.7533595189558,190.0298462380258
2.207928534791076,184.2010554397638
2.093486540166456,188.17748952529303
5.925936900308457,178.05095309770158
9.798339834191927,181.4730922442658
