x,y
-2.1972225874234286,217.07742960257693
-1.1221522206614933,213.45195401895438
-10.77212878196704,223.44972813508818
0.7423183358995873,220.80474075014985
3.006786179774263,209.15803699662027
-0.9728967345569981,213.51479736040633
0.7566278164971296,215.14619827861023
5.445651357186264,218.48826304415067
21.792480413013852,212.93367371941176
-3.831703911168273,207.13990446469637
-6.641935112676386,215.33863078366988
3.1110784025109623,208.41277036468233
4.633060102823887,227.38704848596933
16.635126050671236,202.88327960505362
9.953400658943046,216.33257546254978
-5.4485255334246006,208.4326976189787
-15.006478820450518,201.5803088623015
7.882536074982818,211.6805845391752
-0.13944999289315363,209.85470934988305
-8.29337895628052,211.19114849077891
-2.731805198828684,215.61042677531645
4.235928317530922,211.2146461745471
3.4382421174300775,218.353847392096
4.491562677040836,193.3042571258229
-4.276793467599187,202.95180370210304
-12.78803390262269,205.79866738060437
-1.2338895796123612,212.4141762287412
7.267288328835614,207.49465328491908
0.44858128014950616,203.60709649098555
3.292861608628656,206.49769585060588
12.064614965511323,218.6637185934458
2.576701530865936,201.79594245733486
11.386243595717382,203.32432329808577
4.2970982050256215,207.53455962173052
1.105923982026796,200.6812189380489
9.006703195940794,203.24574438653485
5.990039599643164,197.29592420935546
5.349232350020409,209.53845821095803
-2.273847440632478,205.25241435344464
6.891409313788504,202.5710080484128
-1.1292686003565926,196.06915609968726
2.3175546065834682,189.5476347164007
2.973661413912785,200.53628394110143
5.1386064238918125,209.33846255137613
6.160025772760604,197.51787079572188
2.2369815308845697,200.87657971471828
8.428738345205943,182.33341562285605
1.1779966404152336,189.9416829440912
13.25797023930758,200.35975885877204
3.043736370653188,195.7072827030894
9.906669397397602,191.81527814130024
-0.4424930500746953,196.54783598190033
-1.7688862646784758,182.43527656790775
3.1052636067036334,188.33117410812974
6.118051202356518,189.17887582488154
6.646808248480907,187.67625887733985
10.093544947414685,201.2721524066188
18.854879807691912,186.5394694098294
7.244611461488368,182.99145663096368
16.38436097838556,196.4077047550919
10.717620006907929,197.3913098793501
10.013282040819213,189.90715897502585
-11.582929274743574,191.8698503201748
10.111362499898,187.23446300675567
7.9432640365854805,179.72780213523293
16.746423290479466,190.14667066398928
7.7236501533073465,193.62499842486295
6.844591763413832,179.58011785923395
14.802195396934605,189.16440481754486
3.4402940544080987,189.15748985954886
-7.22760382131323,196.18162066788219
4.46165968602701,186.6949680578629
8.594070632698358,194.01461708033884
5.273046497305922,186.34940501948165
8.959437728218841,191.5351816276257
8.190998398746542,194.15204280755077
4.517582643648128,182.7604445562383
16.270892676703355,179.67284539782443
9.580304998655677,183.40032339090934
4.98578533120396,171.67638862325305
8.59858110308148,178.7674144201819
21.468489237294037,190.5612194388056
6.768037395589344,169.5451839566364
13.20145880099427,184.50157521411
-5.2140995138518615,178.7730352508119
0.8208264484072219,177.9229611392665
7.205700821252497,175.79310378142924
-2.9172217470180843,179.94875903480886
9.717386936679361,184.11423254108527
1.9335647949865384,178.20226677106703
9.028124988163945,175.7676232392309
12.704342874474388,171.41474295370801
1.866993128269148,173.60859916881637
10.978025389474395,169.8698821923928
4.893824741364487,174.86477367343477
5.142663786811185,179.38987277427802
10.245125873168563,171.19582456601685
12.6147316258995,170.054631424633
9.55089955414675,179.27472114575434
4.4634889019898525,173.69848916614012
0.5601602768512528,175.32716373774613
-6.214414309053716,174.60497350773986
3.6196180088696606,164.21712166689932
14.139584202778696,174.78222600882026
18.261385057405107,178.33153514769512
2.2823431022612723,169.126808970792
14.10961397712196,159.94513028025446
-7.512609953844118,171.0056701497858
3.16857563539907,174.90404758064756
9.147487881471891,167.5810443424112
5.788703997922115,174.26373986048964
15.047937784467585,164.50648873756134
1.7139706995803259,166.83609881406073
17.07545458220634,173.1899176940241
8.372394230651771,164.90980538726635
0.4518394015093321,152.97763171940935
1.0899117305325046,172.02851658459528
20.347359964545603,169.7150723990928
13.59465441380923,156.69003763075827
4.556390159571846,168.2819669110739
5.670795856133322,165.80547767076422
5.243134193189446,156.45567498762065
8.117599769248748,154.89541730189208
13.244610968467786,154.8880894814165
15.81784792985556,162.887753195296
6.064694116336062,148.84997579534544
16.27021658436016,155.34290704973637
11.385117292732156,170.11926065336266
9.269713702132014,160.04773034939794
-3.0938604363881925,152.3376406131114
2.958797888538868,170.1437372736185
8.854569623815394,161.2940797307915
6.776072504814725,169.17040808475218
14.66561131730929,145.38632929016663
11.20668249870998,149.7919986585426
15.514651631830572,155.00962536781591
16.078846967352703,149.76228842830696
5.99680297916305,166.64346848697338
6.212773861710525,151.7040909162774
9.599781502160184,159.51060514916549
5.032291448167296,154.15094311141752
6.743794299129441,150.06911318840824
18.024940885707938,149.26931048922654
16.996913131549245,154.56058738987718
13.689059755145385,157.6928784428497
0.5872835233796341,147.97801318926503
15.400503892999987,145.50735320693184
16.99519636872079,157.2425272551004
11.546918652096174,146.91432377304284
12.25240950343088,150.35072907658414
5.4708588457948615,151.72781757951574
11.88342308637869,151.89615814876453
17.460320011198878,154.7246567018186
24.415415641824787,154.72384130416037
25.73909362332889,159.10678405092554
18.448287079512333,155.601103634776
15.22945947335675,142.7820760466341
8.523720230598414,150.40256834002452
14.536315827463033,147.7996989211365
6.142196767661384,152.21104741986267
-8.973237486170984,151.20793559552567
13.513761745725954,150.4030230310718
12.66529223547997,145.09624918030093
25.83468211281756,147.19168023538694
23.679774572909643,145.18973327402855
9.986815760786182,158.89077854002466
3.0633199322064577,139.77767880152626
11.686527803638189,154.67989952307332
8.675681832813874,142.31683711627772
8.027057889594362,129.40736984358438
11.7132622963307,138.206902968863
13.869621553850457,150.68883863781986
14.217944407964321,138.22764201645361
27.934912175436136,136.39289318666619
25.29123667225124,136.78949308822936
17.38446389124829,138.29300445970654
14.157789182454183,142.46195689658785
9.897896234001392,135.73872342767083
16.838111616163694,134.1626901604011
12.27523990796276,145.07151186718372
10.014185541948141,140.03403525522432
25.159229825444868,152.14530783382804
23.715168343422846,144.19034257094827
18.797062119930168,146.90147018687213
23.211332599720865,137.8635224781192
22.5046733909749,143.13340568516446
23.06381111940007,144.2698756859452
19.716878133343428,135.8052599787963
16.4699100030904,146.06006552590725
27.481814342964622,136.67620841285566
33.89387961486411,135.32913809194147
15.691998880549646,131.33629071360912
30.07443744506029,142.24063572427917
21.4598178184755,139.91636539832646
23.888538367889034,144.3032301663752
26.62599552976246,141.26039980081063
14.228091157753495,132.8548715394944
23.750396051730622,139.17545024204907
17.003705985069093,146.08624254833686
14.557702066700271,138.63798363523037
17.41307352847318,134.4403456758205
19.59002357400472,146.61087928035997
8.667057918777646,125.63657840331254
9.677488237333947,138.58901173530865
26.544198135240457,136.4671157951483
16.55971107087716,122.33102194490866
18.732679930035715,121.82937041962523
23.426603547258242,140.12590765897772
19.118997058408148,130.17719764905465
26.114560131060408,132.89031549434125
14.340595918067365,136.8260976864444
26.560991979541022,141.07840239962644
22.14198092247826,129.7091706589762
15.022945980689714,124.25970653601256
20.33752294197531,139.10399783418103
17.317321808468932,130.5111560037094
23.527271885351542,125.34267040253343
22.60089778884159,118.82042050405504
22.378345704758377,132.07503416564788
24.82283479645701,128.61505629827474
26.388646990243803,124.92710724339207
18.94201555432037,128.09736587624437
25.19447779033207,124.53059212085728
25.704751503685074,123.41137849968626
22.362289250790937,114.49148980459385
31.000265606664954,135.07523269654448
17.66946566122121,120.13051838975656
14.436780255580125,125.92329970942772
11.770314113960541,133.6976483659686
22.319075559327104,128.97044588037818
35.62118661525801,120.03906251599294
33.883628753084196,119.58833252022477
24.5707408011885,124.38088569030211
26.867586346777877,123.17436650140091
18.41438039534606,123.02649048984003
36.6130509367531,119.5428868118514
26.11960453015172,124.83104806396042
19.39788714938324,118.62601196840411
20.628200552319313,128.15003044584395
21.22718127164333,115.89840936231067
21.358241069725363,125.13013908290966
28.85222884700235,110.72035572990768
16.596917965235274,106.21639039646743
24.565600521767195,119.27732081527299
20.24842042680103,117.11916222311316
21.013432073288303,115.30508442404468
30.033727849372298,142.54651623382316
20.478759274159003,122.88412754496508
32.0014950079419,109.18984585449783
25.84970018536592,121.63291511647836
11.784166877198365,120.50670721042096
19.492393254583902,126.68547482709405
23.09368533507496,117.72620322945897
24.607326797001026,124.10960059072184
34.24212111402142,117.24660668985712
43.6343159255847,118.81707068093556
30.93038386451011,118.25597136627113
30.28998013290033,120.08759699666598
36.4050282676325,122.82845782014414
24.237129840335474,117.40285708099435
31.16922180058973,95.49063880873229
16.645236687810925,108.73337763132001
25.737693313729572,111.60877201615351
31.545594485131534,109.55790684412707
24.359041506787598,99.3994569793962
34.2150698936668,107.17437485383559
25.18723821640678,123.86266507784921
10.820127070302858,121.79642154266949
31.19144127680085,113.55394537028603
26.631956139913772,104.15637184498989
27.127551365218235,110.70318382055055
19.115293054290838,117.50305166648647
16.957981179470558,110.73558143565674
22.884321505380015,114.27926641253075
29.3983280497342,116.03240422294238
20.947522713108597,105.67241786218472
43.47446460028328,113.69183630293422
28.231109857465693,104.72171579271064
22.433580252955917,105.2696742479016
23.316529208623844,117.69305881861646
26.364226403806207,117.98129185838164
33.52219849966316,113.12820143150768
24.517898193949172,117.37552920062903
37.13449537836547,123.12742559316399
29.956335892184587,122.90916849441012
33.98262189034396,109.61593020912899
32.034377036815506,108.36836860420624
26.962255123430364,109.56246589910073
26.000555392565147,109.42261476730664
32.94238124248949,112.8056573504207
31.19478189446087,110.87447891212409
29.328124620404953,112.08751077033314
30.360643932467706,113.2677658658866
31.571281910236394,110.18738710142418
28.68286517976244,101.8572758095133
20.519979758951767,107.34926188944777
27.79506186863704,112.41679855585662
25.875518459570998,93.05795354063166
23.28697125839855,104.8976451051206
30.095242213317142,95.54995471551733
21.56070002157974,101.82933056851219
45.24134499459029,107.16908888541967
26.79084662852458,114.06713161227137
29.596006412154757,115.08335279396884
32.692436319495386,100.32634887690487
21.300467734706785,104.54759144902356
35.61909694025674,107.11538134138385
25.035448702195946,102.41011881148725
22.89327858055867,100.05160942051626
32.67891165603422,105.97954278600204
29.629999285130904,113.65500280369267
38.236117060188306,117.15125755614149
31.363298592951374,105.19676879440901
36.161877660708555,100.65958966549843
22.118515093844103,97.97083356733975
30.76355471401927,100.07335626997497
38.716650723811235,95.78106612778113
26.52330882966127,100.41948051226794
26.775613446456788,106.07637512354898
33.730423435107774,98.8744530343539
25.98185235029497,99.25670426012047
45.588097076673435,101.98734982096262
21.611855791377835,102.30851918689905
35.860832102753534,99.47131273364052
33.29891413637586,106.32026526212371
33.066377136433005,99.23972037496446
25.654088726673542,109.56793662648197
38.23857814683791,99.82173429717076
38.4992985394564,102.14862478240433
44.962363900157854,93.38712982664158
28.500108214545005,99.53174599413755
28.423672945971273,105.51894104812835
25.040097097590994,92.02722953807542
32.77131075114476,108.90624704885722
29.321012267600448,109.28664472999259
31.62868484299194,104.76537423760257
22.724775822118264,93.17147058143912
40.413904184675495,107.82392023845469
35.931366853543885,111.24906490065516
19.629065907473247,101.36736561996318
22.290091967014916,102.16737303489906
28.060569827408777,90.92363429888155
36.46600859104766,81.61454843205726
35.72870983172811,94.23282233772221
31.080202385926963,92.32445259248996
40.593065126969044,88.67151612614674
31.21499723565318,89.90214703549553
39.40820066787354,84.63917441152464
27.847114618998532,91.63922154376432
31.22125497666591,105.51480976325752
42.82016400449736,101.32334833848338
34.803818845723,88.44482305791101
44.78052511627309,94.27908633574472
25.600221258190416,87.83325194006733
45.95123760439992,88.83916267892371
23.395685766130995,87.27089574177344
28.752518351356322,107.47900153972083
43.27623371196109,98.29497948852169
44.71227556202421,93.49065592452524
45.03470733010245,99.09727548182535
42.003740193216544,98.82416819889497
21.587955061912073,94.5005102011779
34.519309180308035,103.0777348376734
37.69233952229248,98.2132663351959
38.12349208126487,87.68402824971525
38.24193274583753,86.8193732679618
32.70021579430816,95.04617534284698
27.98811345487253,85.82403466679713
19.963602275404835,92.49144527084532
35.3798194147107,97.8654519022857
38.128329752269046,92.05311288600474
35.947856162060155,87.14842431084782
33.169164608763495,88.4139493806773
26.89971871680653,78.22563021199663
34.491177381769845,101.2254892785214
42.5958462319224,77.890026432632
30.985101258761972,87.2721123331023
33.52228661705352,88.01965179253028
42.22074167722003,83.80152335676198
25.778098690997872,86.2845831490438
43.578227772584505,88.62871517673204
42.882751214157445,78.9155029061605
49.47050889319981,83.04280878680153
42.42406074265529,84.29933281815025
40.65747473115497,85.96294462931257
46.17586608589384,89.2100563739869
49.63839272973335,86.07221163556778
41.19445908505219,85.24154650795683
46.575938029312205,86.78804986821005
52.45299289015414,89.27819660694165
34.98120488719357,94.93635376465025
36.532412794150225,87.4784445533923
34.02523573288156,89.17651687779453
30.51911037726311,86.68724720112809
41.56510683309276,94.84340248721871
38.062110254826386,97.5179378374596
57.21380193704091,78.40650859936267
46.73107966743789,90.5119387269529
40.20293526404732,86.43256192319697
41.09810553384758,89.00585240739271
27.82363001643083,83.73189499801698
31.284555906213022,75.58063310054807
37.013635583746385,85.58363009394566
48.253390341172896,77.7912719266435
35.36947582912755,83.16642253675825
38.36817914984854,78.70624341860787
50.49104879696903,76.15766120169033
48.813387112352785,81.06321065450389
31.17909603960311,88.34898849908572
37.238870138310666,81.93608663138167
43.002943617889386,81.90343294931633
48.72337892181276,93.47928356391198
44.02682642872951,80.49385779687975
34.24202590512823,79.26522924559833
43.31094542277195,87.22068662418997
37.07691659536598,74.22037008954409
48.738438149687646,80.0858924402989
35.655063141511256,77.51834032825099
43.95505211056013,82.03622713364476
48.56778601905252,92.5732490786102
44.76230736347965,87.05034016943856
51.059563272519156,78.96309426466546
48.851870575897806,69.04324557691635
47.233574831421386,77.96215247151649
48.97158358908389,77.70750962209218
33.38270185485368,78.96543647538805
32.76259841057739,83.35739148901521
44.83116685095217,75.70036809747734
46.22118776401417,85.13889149724045
36.58398543474228,77.74241545170587
34.5765385334873,86.9483348846759
37.701766743574666,92.62174139466833
46.71669923406896,82.9393214162029
46.30625404042454,75.68354187104792
31.416178299739933,75.2672097437842
51.24917231064554,80.89438864617424
44.51166374730996,79.69336251914596
45.745285981666875,79.90939906835145
36.47049714918802,84.79461805640183
40.94433756650916,80.4456110735938
33.4034814351643,70.25154107855876
46.77037422981362,79.25933308266795
38.78575900659946,87.1668358100325
51.22517916523422,77.55675591420409
49.110609616415964,77.54132822770376
45.41484166947175,69.57800445219289
52.89286695790685,72.9490678373026
43.64946328410731,81.03923328084338
41.990943464311556,80.32955047177315
42.918502177157485,79.58291104795329
45.0584181946327,72.11509588791112
39.90015441567797,74.22341686679883
32.95842534536692,71.0426239985223
36.279489097227525,81.25082569996205
45.35831370384094,68.52740720662786
46.15115951439731,89.56114922611071
46.81134104528621,82.49928522041667
45.47451084253786,74.59933169715866
50.46373581824766,75.69536247006573
39.580104868327474,81.352654022119
51.988007936845726,79.24861672780094
46.85218598831027,81.85184839262209
34.95469359382293,74.0351393083037
48.49466673387988,79.5828247530805
46.15650408211262,71.8161852491632
50.211084125379024,82.41572482436142
39.1128977784051,89.58048037491254
44.58887215618075,84.3386328389782
56.118390799229076,70.51104487640376
43.85470673101215,75.86842764626168
54.81230953672517,73.30089725137881
47.213776370653264,74.25929316309947
47.93186504262282,75.46974797055105
46.72413436627955,58.25232516167084
53.51180375054933,67.44019269661338
46.60744264868267,88.352030356102
56.69356348875894,82.3982915981858
48.48174719874572,82.72534374268096
45.659947103786685,74.42816639050714
55.74452365198756,84.04842127185952
48.04167215961078,65.22249404312188
43.93734320981083,73.59231841869537
47.2505490465725,76.79129493360239
50.30778402010278,76.10094076702096
44.97188865325121,72.06268427166039
57.47846805486847,76.89773002568103
47.39548215690151,71.06257848863447
43.588293297216964,73.3538572724696
51.139382626090544,75.57648573790797
45.02110971238063,73.34581843177888
68.52292082372807,80.14632796710495
36.35595339155432,76.11828539729616
54.48939263830723,67.92754878940725
57.85166494750574,66.9111184052269
37.09634714279199,81.11308758087031
46.600333714168904,81.86561561904705
48.31715122856967,72.91037826662154
50.88127525986095,76.30638864395226
46.02057239415118,81.14402214729925
60.68012570201763,67.57293258693215
42.94318319134962,78.87678635509079
45.52068962965245,75.7749693627788
44.78120250521384,54.62357345471308
53.19782196836922,81.2593742159259
47.06545169481375,73.74469906496894
50.23090498031199,76.83935568758804
53.936913443710694,73.02391087080693
42.37249288389505,66.22323966290034
59.04906744635967,92.07204864078523
44.709614106780435,62.51383780939778
47.11740864773936,73.80980376045238
50.8771349498413,55.5109443706978
58.08870720118932,70.80736833645459
43.81677021531838,78.9455521993532
49.77385342768584,60.638903611627846
50.16836991515938,72.63939200290473
53.7234780222984,72.59499894685159
54.39647872108151,64.11321317085861
42.50799210886706,73.53104242677124
43.80607178594282,65.81481284170071
43.78157446730026,71.6829923837318
60.17391542011046,69.45652821251409
46.79018137108037,79.33700546827502
47.12768788658839,69.36098140657613
64.82971810626698,61.526122507628585
54.39753264880692,78.47935958119652
44.35702489027537,74.00588847720788
55.30531296575664,74.71640140853037
59.87658851334585,82.55664147524087
47.819735134410635,77.23298699146136
49.23263646774458,73.40648877658907
40.14917052142315,76.07019432990982
46.196780247204565,67.76848779354567
53.88062545784626,72.4361990998424
58.79221992485711,65.11128298650254
56.82493228899656,79.0755706525543
45.82988853508831,68.73663336908396
56.97291395699513,62.77041269349132
50.25739895502529,75.459357064149
50.70349507873432,75.93132287604331
61.8190414749976,80.14755967250977
55.06177037423273,72.06081686916896
50.25175866634073,83.10868522161707
42.51298466744377,65.78231733575477
65.07546367764564,79.02088875662884
51.58493446370253,71.8149315094985
65.69018804563342,67.86927695038244
64.55883872948579,74.74930001059916
58.81628945387186,83.78925340136142
52.852974505598155,69.70603178244794
59.428091509238335,67.33281721920459
51.05796925923608,73.16192290914205
50.73557909514758,75.64115638659092
59.691864443745246,69.9869802684821
62.648619946869914,66.43357141168285
45.90920084519793,64.08918590290018
61.04723275806983,78.43232673040735
55.0298757784547,70.96201084844955
52.68681984232074,60.23794090843395
54.10022771520161,67.69779220859917
51.9738639822499,79.15514207173045
50.196071258134126,75.76165064199141
59.98117880207124,69.63894193084322
58.557697486343066,72.23453987354087
53.23197668840467,72.17085784841059
53.898581102056404,68.99868894832721
51.72157106712582,69.55077818276072
56.77309036038215,66.50192972725564
61.22124625645017,59.49585676016535
57.95899730319718,72.90181714460104
63.87360697033783,64.74639529202862
53.16304556286443,73.82108116734376
57.868858965853256,71.04606403220397
59.066497201421384,72.24414691095842
62.93559833519263,67.53405458000978
52.24656250595473,77.89836257291947
58.19935759518617,67.68411578201405
57.43611075659361,71.80298663092341
54.09044166588923,71.0263693715443
59.45678209994989,60.012560924688955
52.85457231809703,66.60709813461521
64.58945366038392,57.608251858113945
46.69648623881949,64.69603085757899
57.29519906629947,65.132862315657
52.72014956937447,70.91157997778733
51.80246851886981,68.78410172364521
39.31748498916779,66.66250976440719
54.0622373754074,63.18833925177788
56.353165338733284,71.6974552831539
60.78985789848963,67.78629420053261
61.825756833356145,68.6766424142929
52.929450355743015,58.53033134742813
58.446878908801324,68.53341356834613
54.3648024572481,77.83981065281534
56.548528361674755,75.14409047287023
49.804547079892146,68.44487776800767
45.453205090577335,77.19101459518679
61.4993967973971,72.79502553626602
57.47455017935898,61.870475004992244
65.51629373673245,75.73076394674311
59.03847593450267,63.14490279546138
71.64893138698416,75.28334280601545
57.18592755841187,60.6788809286722
66.63366924895294,70.59723872488769
60.09731934161656,64.44480734340624
70.58605941955621,68.09285371628786
58.67041570209855,62.197565568181446
59.54528596486501,67.61351160928295
62.15145408681972,67.30692884638312
58.8450192631977,75.10981593743375
69.24540446764584,69.4960151827164
66.68547492493586,70.45170965884742
71.32092959663352,52.05890329700793
63.129927067994345,76.37799771526848
66.53062959155534,72.49770041217113
63.35558942699659,63.497853656793794
60.169390231368794,71.94625751359825
57.453075112831854,67.38190127956595
60.55976097042938,56.74669713672592
69.18881762093476,68.6145072481713
60.904134456328826,70.85310102006414
60.416732242760624,68.74339043464481
56.13097903958098,60.745703487967035
65.88474475043564,74.25587581624724
58.96869324238707,65.49112596694178
56.84341117850879,65.56972293524728
67.04194155906094,68.36242701683015
58.51307703730842,64.61151406045705
68.14366521604043,58.92432613158208
56.19344258573833,81.66861853826563
54.89879936719729,65.7395272432439
62.49499920497035,71.3093412981374
52.52323416635048,76.43562068342307
64.895678209294,69.25486895107483
58.94624124829459,82.0715932938586
57.475319083488785,76.973359405671
61.04047989195824,59.619479259097254
70.53786610545747,64.7711682834087
58.83628596577814,76.32050368164218
54.87831875354705,73.66625912288832
63.550982941576684,59.48154305442176
63.93393963189314,59.62805320889716
65.74602923045192,67.25763833327858
66.24469194217224,76.36670500028436
59.67041453364353,63.032072722463866
64.16199498758789,72.01965758628272
65.64895164947085,63.362513847448895
66.47284434363225,69.9769708998842
64.68678636914036,60.84537985996192
63.57555055639758,73.25117794346365
67.96065831323243,67.8717988387683
60.81135083358258,66.50664548118125
58.159804242008946,66.05455839960659
56.796362950982136,75.1516384930849
64.57272884212654,79.41277709830241
53.62473831143434,85.23390666727639
71.48449584603327,76.89385303192235
76.25563432567046,70.97097574903887
62.76396442580324,66.79355686488778
69.36146580817318,71.57310504259112
61.7401442874355,78.11901117539831
63.836859900623786,79.4467538081049
59.84010659430412,80.46779622362342
59.86802015756521,75.65092214750979
61.543342447936396,84.16767864349457
75.22639328056964,66.04959410071777
77.52197577587651,76.0194182076711
62.41412787932778,76.55436727236328
65.56586194857478,72.87647385934666
68.2113071206046,74.28526341448246
60.08556754831604,65.05375490198728
68.07016626355723,66.94294717618428
73.75476460023383,66.06947203869598
78.73936276221976,77.89329753760711
59.83421333772732,72.74170033378269
67.06280923721384,71.62248484594804
60.79859394618316,65.37508733795187
72.87850365273134,81.85106876499228
84.04102759901235,70.21934195331055
78.40187636516414,71.25910176224629
72.44933498459291,66.94871245216086
59.600597251376456,67.73917514198672
66.43800568748163,63.82367501574364
61.18034324752414,63.18824286574317
77.71125693739117,80.93019800114841
62.7890975564138,71.35698268709626
64.88168031771244,76.09540408732661
66.05432058352338,70.02434664362289
67.3256947389064,87.87707089991186
62.87828208795457,69.85880368988327
75.83436343445452,66.05463746264691
79.75617339968737,67.22806634969497
73.4372867732288,72.90537128451692
68.41819295822968,71.30256000049299
77.15580957527558,76.14733028441331
62.99126969486989,69.90664485074632
66.61025537031006,69.86741218718434
72.45029038865589,61.78137333799588
59.51054705261927,62.99085872350849
76.33450906835368,79.50893656957133
71.49551496816507,63.84186923669333
79.1135595627426,70.43698413773127
71.46865512130455,71.00738264657109
76.92702197521928,75.5861159636618
68.4981878182476,69.95636777899205
69.96716795157404,82.90436735130469
80.20562403420548,71.94915512131024
76.74951718769599,79.22358931941062
71.9739049975574,70.57284923734204
58.818969882168396,72.38611341524015
79.81652822509305,73.96490335622703
71.50837593796169,89.62407160059645
73.94475856948607,65.49949149477354
67.81622422658087,75.09582430186637
76.7784927194695,69.75431720959844
68.48614517211308,77.47803902632104
76.77028580364068,70.81109754806033
69.18169819869624,76.88932102194029
63.815100955230626,73.69227860100608
78.97431812812398,80.0686949281292
67.3631299644856,85.09428991158336
74.61753075385799,76.63868647889039
77.59803480704197,61.24397415635789
75.1374554511283,66.36175376814269
77.67465695493816,71.1822054520852
71.8658645961227,73.87706974164053
80.36684768152386,75.49461546048605
78.52565093362882,85.0073067966673
60.74513853723067,63.77714802098656
68.95468065745558,74.00256111090118
70.35113887232983,86.9646945776696
71.95059183109396,67.82359419734208
67.5941992935591,74.16853754015482
77.84305633643741,80.71237772527168
88.46383315835148,78.27666208895548
61.97567994806157,74.73390788833888
65.58845891555006,77.50246967411076
80.93700899372915,82.17932019616983
77.55129529518142,70.74311035544021
75.76999266139887,74.33262025039085
80.11674251033132,71.6315566581687
85.18580296611475,82.10517952400576
78.15787320016649,79.73961001514513
79.38076357490985,84.35742749664031
74.20153240004805,76.96926453472297
80.84790583901969,77.63816117675866
73.88851902146266,80.23919277808128
79.952950357844,71.4274410220393
75.27806648209786,74.24066828414682
75.17389124346099,66.41158306780028
88.0060222151863,81.30316706601305
70.26585660592852,73.97320533301101
87.6623103191186,77.69790908785183
75.83460345476577,87.9393606850998
75.86871057489589,78.96779087652804
73.5401570911458,81.81750657245139
79.18484792529296,78.41760164021053
70.94983175051959,84.83013440930567
74.6540256194221,76.27300377297884
78.99952887465673,75.31245676074697
64.25098126134888,80.58536285457866
77.22522647892309,77.06426937148113
73.61331733384901,74.37792422664019
86.27984976055139,76.11024641463159
69.34897077090756,84.94358331799253
79.23147828986212,85.17680466163377
80.3781038980567,84.04545086366863
77.70675035619395,81.03675115470169
91.36295944922566,77.50510468887502
87.04127780150586,83.51538741425558
76.83841469869138,84.00624909773546
77.9062158169677,88.79604954209773
73.82272274206561,77.72602356526623
71.98656944485185,74.39820752099288
82.6351385298753,80.96212034991218
73.93333390613624,84.09564595507862
70.89186241571734,77.01125498595056
66.7793818576531,79.74922908909402
78.39136507737253,77.21677669394992
76.8188767255845,78.57021368785581
76.75419158050634,85.93939195976613
85.20901062998325,72.61720094915871
84.57221922549397,83.18981197711757
75.53150757887,86.91952903087925
76.43321890663542,91.56115247293401
72.08884701269253,75.65890169334126
76.17547716704019,85.00705659077177
74.06767562342036,83.32498400543425
77.22078336958725,80.31689576426645
82.45953578143272,67.53243595099315
75.25356449212153,80.18024457380996
82.62909466452828,88.40353695031789
76.54551128363924,88.65252803996552
65.52080890715212,78.27013500054396
74.78655571603397,87.13462043113985
85.63105957917973,90.02776589687173
77.6046656353783,89.06795624759121
80.13882127653622,81.57138819971472
83.31432526157839,85.88143654595225
71.48010858228496,85.8533785338776
82.08870938991357,78.1367760148915
84.34906720840374,87.9905596301968
80.06196703030696,82.76399650210328
85.75721252420246,91.52861143532346
82.47773625893507,71.25215460741357
91.27163414100963,80.25749536238057
80.122302233798,89.70600719799452
81.93666124396341,81.2168803191205
84.8951059047101,91.40593906438234
82.21993766557522,82.50378478189886
82.0507296380806,96.46651143168152
77.9482811726444,88.76735825989398
78.68460432704606,73.38057485841563
74.35256405122634,86.95375142949977
70.52997560851112,87.22938163879445
74.04162688278271,97.4471213627137
79.29853397857433,97.48425800670981
86.25477944264519,97.3706689397949
68.92310354547419,82.12389139663937
81.88506254222794,91.57497652933557
93.3653094626873,99.93278413050494
99.82958939792096,95.62648090396206
84.00600250556,99.51765577428156
89.36988760252339,96.021596382161
85.17834217361086,88.94136827563504
89.6104385487799,87.84754178707657
75.54848976021042,87.45139337551298
83.33587758266768,96.04917381062079
82.69239773255468,88.94450128647561
74.79063860919644,98.56932607646974
79.00601558826415,86.29899360424487
95.3988109822729,93.06511694056503
74.65798196689478,98.04042886679589
78.6013585272528,101.24303902424748
80.55489734068456,99.12616950102588
84.72496404580345,96.6938534649436
92.65882269545311,87.13613314642295
76.91639637302526,93.11718453621745
76.0308141470132,93.38320964764289
80.03337786085149,101.26202558484104
71.43322587822838,96.63736463080566
91.45439907497655,102.29731008536953
99.55856082436412,94.24329831231155
80.83434383234537,92.86363019302776
89.71128004566613,84.25666544987443
75.82077132951582,102.52676128860737
82.97823023635928,92.13918861372609
71.42987618386252,93.72834210365654
81.00939037746767,90.8902574424149
84.19126577124052,99.85093222866807
90.74091624172935,98.10614468288072
101.38760564533577,105.42779375869242
81.86934193113763,102.96621862740277
83.61758330768757,99.14192000240554
85.11772827327486,102.28625340278155
76.32289682306683,99.45445756473323
98.25433040667532,103.45661400691031
89.75143310416068,96.50456324833048
87.78999153262231,95.27695143080909
78.60609319140389,93.05940769999383
89.45785335393151,106.68682270745934
88.63266879533585,96.37577876670709
79.86478904408915,97.79940037662195
80.03063301442833,88.32963407757175
85.68818706998395,89.62421094038679
89.24629165578551,103.43088407862564
95.336791527318,96.37229253401782
84.17936645910312,93.03867307362916
88.79164721068818,105.05790890624509
81.15634834581623,98.35578381717605
88.11655666132279,90.36167641419442
88.71758207733552,94.89271708514774
96.52461201756572,109.49683911251431
94.4462535749052,104.38918708308648
80.3264202986506,105.30889364772486
97.72135121321647,90.51934848162978
92.21640754998599,103.07061346444341
80.1953584707702,97.73484077666058
76.00762338243447,113.5745034419143
87.60131558467525,103.10854064038993
90.88008111948439,101.34667834713852
92.44323696659448,119.81465050813638
88.56374792973973,100.35427777449117
91.84135419209713,101.65949021783945
80.65628960518862,111.7305089831493
88.89490436681186,98.77319218452212
95.73401780758694,99.45757784874897
96.19384309042225,97.8576158514092
98.74260165349968,105.56319376757779
90.50237906440715,113.74462061402402
87.30913063265274,114.18546293117232
84.83979562892662,103.07027947446471
89.99953582834685,102.62971845267644
89.88630429360323,101.34997833205084
90.555728956025,104.92144090871568
81.79522458352307,109.30689159442626
90.51285242498923,87.70948449423466
93.56131755290554,111.24288237935745
80.20258899769225,110.09473660172304
87.4467335037572,117.80784006320494
88.32526912237985,108.34740752194122
91.0115680954518,122.05837890040446
85.47481293516792,97.69044909261412
83.24275082597863,106.27718650540119
90.03884993550851,111.7518442216935
93.7182627939335,103.62920540306298
93.51192657878006,116.0030462593022
89.05626433282717,105.24285349662358
91.42353236676348,117.52336093445851
100.79387031744959,99.54709210670623
82.25145389319712,109.24001843551066
90.94992354854715,110.9938873302213
95.49525896067186,112.00650728393245
91.82447322414485,123.51209676196217
91.68109445159627,107.62887059167898
88.05169114445181,106.22572934009986
84.01986931828242,110.01845432875405
84.31111565459472,111.80716197328292
91.5851799944459,117.27267602577349
82.87285985862255,103.5041546109193
95.60894722369412,117.33712795245907
91.87621672754787,123.02507591467898
83.02808253886157,113.84684568083794
79.61886425167545,114.68343869848802
88.70298381947376,118.42655798607774
84.17126855980851,124.50642650547879
90.27078305507779,115.7126263359563
105.48921658784775,111.06184429694108
106.61127398732778,108.60799877869292
94.79562139048771,101.19856336760556
90.40539696938308,116.79005341128544
102.71533112023847,114.60330395004287
94.87195312483114,112.95524733771076
98.36295360285519,127.24932599538982
94.46354797339839,124.21815338155152
101.81707028215276,120.68991567628454
100.04199489666978,108.3470602283704
90.49988396587877,118.76784525018381
97.04993177399876,115.3434512539335
102.60980549716287,108.4524174945744
101.172871393907,128.15446383655598
104.82541708140734,120.37888015185476
96.57423653390342,117.0988840063683
91.99616696311791,123.83757890488236
101.73467462134217,133.08387573275706
87.94220069573892,130.56741606226603
95.00683764485203,122.39775337070843
93.1445403929235,121.83412401646375
91.745411573436,125.928447686589
82.73697795643822,102.26763063239436
90.82652490577156,124.67673100695954
102.80538380914955,111.84027802099445
86.30146623941488,117.15973037923096
101.01474460324438,120.4766690154858
92.37764171894418,125.08679472548026
105.70074807039173,122.42650873292033
102.38682097124624,134.77724413765296
102.73788458775026,131.18605767586376
104.00960039177829,117.8710671080998
86.33064471416033,118.45714679596405
102.98306781334037,128.3188655018887
90.45970349703411,128.84896933105549
85.23642434464898,125.9912995376901
91.30426965613607,127.97835790055576
95.86598818194486,122.24436358233996
100.17358263681061,135.1651738754546
97.94284649750294,131.18695851279486
89.16860503669324,135.9010543550089
106.5999017979327,126.32531934622813
86.23875198536608,138.9376443293633
96.38269795212159,132.61115202798695
89.24677741675197,131.1099954646849
102.03836755058407,127.56710391242133
96.3146380894484,123.66675180846339
97.97180978356032,128.90593188695476
96.86421997797517,140.40612576280537
95.16079747923666,126.40168756863635
98.52766515643395,130.99236826202508
92.0713533106484,136.47499511190227
99.18517504939211,127.64559400651409
108.13986869840174,133.4405639373419
92.33796419595298,136.03156102314384
91.25686222810326,135.62112687120668
92.65015493247049,133.26394582336803
98.01905312443041,127.73531217100425
102.2765633282894,122.68029733012361
81.4990919820509,133.1310617751938
98.97996651321881,138.54947146666427
96.44160377978315,140.99318368976105
102.61983896335643,129.8759459334846
102.8487326613744,128.7572759141148
100.05121439293103,147.88773417787445
100.17053547791738,130.59732750819725
102.78828220940925,132.78158123061158
102.80928753466387,146.0439929431708
104.4441176846397,137.7195913305793
114.00298851524916,135.8443004270832
98.24833440399811,121.00224071577483
91.66994740385579,128.7252758430937
88.01988611172922,144.47885570121136
64.34292455687104,43.98674648215444
68.36155889347927,40.10730219805529
67.42861775970879,43.36358934911756
61.343393948940424,39.068844433465806
62.11071132447168,46.75935812425287
60.71600533174637,44.325931575592854
62.45044724726638,41.05481490453659
66.89379047890111,46.91059980346722
60.83312915207292,44.17425747951475
63.829885181434655,40.20504336304706
64.9775917595436,35.937199968170034
71.32945195491935,42.17046488461518
60.17934853333677,50.39162708711798
64.69165691412572,44.47020494948986
64.537233474244,41.369686025642764
66.45716553591245,37.50791092161667
61.272174777657305,35.73426403261408
68.78706109267259,38.74306640268064
67.64751976068014,38.34091731574149
66.13036248599612,43.83741693163481
56.71676985337493,47.44198394105414
60.66741233642784,44.76854532724135
63.89633497272668,40.65518003107668
63.069414343685196,39.21378122589991
60.36887760183624,44.8733081115233
59.829809556789115,36.91978081636142
68.77911924887347,43.09777417641652
64.0781006788652,44.483018248895945
61.40967717238192,44.06193889468538
63.65000855887586,43.84470044730806
61.67984043055052,45.93921016313178
64.12407135795719,48.48259573935392
55.224424355812744,43.10318029704589
63.1162097623263,44.353671650128504
64.57519996546249,38.67011684805743
63.89267456812209,41.006192807441714
63.8646231441897,35.97988703331912
61.634133910760646,40.26260768977036
61.285071457062884,44.03619701093693
63.73702376462686,41.902796026280406
61.09629163243313,45.438408741081375
65.22912801199067,41.4347429870034
64.31421673255055,40.90607719036089
64.14653882991348,36.5428589553718
63.061189655413685,42.46813837643377
64.99578674664852,40.8258930247404
60.20623107658227,38.806057170562255
67.03812988265597,41.66658250128777
54.06399592081439,46.193467766903055
60.808181847768516,43.69129158511837
65.70823922046476,43.718045840406326
60.39376449562302,41.98528769451865
62.98575178717485,47.977448025838434
65.06181709488853,34.891622673097714
64.98979251362775,45.705515027694744
62.80154849889207,46.863250277152815
62.03844196935376,44.37093633314497
60.87044089973935,41.9638288998644
64.44788966612711,47.074536184735166
60.18163806706796,45.22080039555951
62.55124686190123,44.748448497161455
61.775341749547884,41.95957994530101
63.9047649507837,42.6510356358884
60.81958065488325,42.67738543299385
64.99209130559677,40.76210524320451
66.36045132030704,39.11655652053012
66.84101204881581,40.26579099336524
67.1766277888426,44.068932386894645
62.551125887913145,43.40486591839328
63.377547706670136,40.018934816150605
65.53622924413561,37.854275498782386
65.67131750524955,41.94844764129638
62.37644627108582,41.028715490518685
69.9723698094241,38.688571276870626
64.31068734574738,42.84249763637067
62.9546339477999,45.9766448027058
59.65948937224159,38.75681916484246
64.84276467465962,44.99416231926956
66.04266967969728,44.76516245858153
63.29080410973315,40.00456287914133
63.5067430263904,44.488790080692084
60.09788179586321,37.46593499097537
61.75592815334063,38.47891162101403
60.5161050408112,50.242525850048864
60.36961480825731,43.66587990616104
62.988459341438386,43.84545251244269
66.63320155394372,40.803251608287184
62.26794466511718,44.389155440521435
66.1259156164353,40.66963773328196
64.13383524521528,40.526124949960064
58.698579998773525,37.26586544320409
64.66046525128851,41.237516290269
58.12335897271194,42.03012928237452
65.86969691414406,44.45508023051207
67.6641858917863,41.064551001718
67.84976041857547,38.71166655909217
59.55444557549694,44.96111823874633
63.60478530052275,46.329159587362504
70.83607199345347,44.52033049684726
64.12122873755933,45.735750966073994
58.12891277624992,46.941574138388134
62.36285451116678,41.31131865177004
66.40856622973278,39.268503340771765
63.06744481765215,41.831633614158605
63.49540658593329,47.729299944329924
65.26254944616296,43.76335877824702
57.93203296361656,42.90737524076688
60.78966930153546,41.517687535794664
60.59058391159338,48.508714633897924
64.72732976321319,35.30608457016292
62.912210656691876,41.874635573673416
63.27682288038529,40.52820319155409
60.046769183920766,40.7200443623619
62.54372000054278,42.47792542680477
58.88412800619481,41.50469341614722
60.13372716041323,47.0829676484051
62.148259894958386,45.08149470494342
53.729197460689356,45.4670523673099
59.252521557294436,41.712303732366756
64.01335633469547,41.71119704153389
57.1545230457004,41.63010618389402
60.70411673859225,43.93589743245203
60.09759265977099,48.42622516968659
59.97082213685089,43.363833430112535
64.19331095755432,41.313068201444274
60.82843389682689,42.471306572013155
62.21208771501862,43.68755380813775
58.73879890102543,43.17413971904697
65.89412275462799,42.59975408268758
66.58839219257216,41.49114504405941
65.98941945758489,43.12713891693918
68.20250515308852,44.95211660397182
55.56713860310074,38.581392216266224
64.22477022252309,40.35514035160901
60.04275449856546,42.51312134447188
66.75233529685393,43.94749824885996
56.932916969928115,44.591766211987256
66.6535393568838,44.38039991076174
67.10278147827341,38.33203101274859
66.57051462084101,43.3270850190564
60.88283357409491,36.53704815435465
64.45166415036621,43.139709083494196
63.26878856711965,39.14692086009024
64.66784758910343,37.18621590822577
59.76875919119187,43.32732765893926
58.86020212193476,43.82243389552534
63.913271489693884,41.74036190961313
64.36281777827477,43.520514270140914
63.81481710473191,42.81185502361329
67.23404114783622,39.469855914817
61.172221818919944,34.59128390776314
68.22275037505858,42.833235058079104
62.628049914095435,37.6206003273443
66.94316824358273,43.04362385482996
65.43674069514931,43.33569884206137
62.33005483579251,45.37841339541603
65.87761647221016,45.99228249227545
63.15607724336842,45.631533857529064
56.50303915739329,44.538717886310515
64.3897152605047,44.62715495538516
62.620884562596544,39.41043033220983
60.47093646388447,42.25572897875
61.452031152873055,43.19046698499951
67.07125417993367,43.68935020042568
61.71916285869743,41.41546321244154
65.51583284685319,47.51209761444481
66.49725816067011,44.12273127857516
65.58018182480532,44.93201056021396
63.05044984029102,47.762347819571715
69.06468523447714,45.722981860454844
61.00949376944466,44.02250629020262
63.97579090337796,42.22117957632455
61.25281165368328,39.96861454218899
65.03190761681398,45.727030691285904
63.4862101326548,45.247639317684936
64.62899565422009,43.21567976244697
61.87752088463117,46.09775242517389
60.02591960729165,42.37788065970562
63.167214283611806,39.882500663753014
71.05383729329583,40.736718217835595
62.3813144555495,41.10556350216422
64.65518330606824,38.47452788207725
65.58346717186652,41.2826896974844
59.72588599094832,47.75101591917221
64.3946346972628,46.09181506871892
59.3789851605861,44.14513651313727
60.49281181541863,39.89086258577947
63.79757148414242,43.20590645079057
61.5952518154489,44.14897532905018
67.74364160586,41.0193823162865
63.65290941886964,40.91394027824649
68.58628665496622,41.676206127738304
67.5447322833371,36.137294864139214
67.02517936300039,38.56928732051189
57.66319091629228,38.93679185247024
64.95258251120063,41.03713539705753
65.3593726876866,43.75982481879748
63.184323310119616,43.02497519789901
62.59864391094115,42.71903801980576
64.85273022435408,38.736412664271725
60.490533447120406,37.408453343721824
66.89084826078985,39.577529689002844
63.779480411169054,43.65390900302382
60.684432217520246,42.516102826935644
65.49702349866592,40.77765395382771
63.58716565315238,47.170439678006055
63.12020667761422,38.4961567954411
68.14181396457943,38.43235017162733
61.61678247644141,49.92077868318084
64.71259540598126,43.18774925049087
69.60871368605669,47.11189264498485
59.38832547637484,44.65426756446055
59.81568085013244,39.76601114260779
64.76120723082178,42.702113898562594
60.59483756162151,43.51675074224297
66.26604846300688,53.27301281589865
59.965604666995574,45.505657157141485
67.55575891855858,42.1689847915451
61.63463439144352,46.66079573418825
63.4266812592736,42.46364455236193
63.03601138393977,42.973726331115635
63.597252521246006,39.991177799715246
62.89488717841855,39.24974497423582
67.24971492846605,41.60011079238065
62.77230297759191,38.87309191394748
61.685658861968186,40.38470120049044
67.39590393870486,44.18140231102682
67.36946675594328,38.15416625030857
65.1046720248885,47.35270337027098
60.51890003700821,42.6957295129263
65.00341203150884,43.29128968169984
62.96472999670805,42.470896511805236
70.1361363306299,44.051918096553884
58.93085551296394,43.263707739597756
64.50421697124368,41.23310273911325
66.66852826904145,42.03564915496964
62.64584160273652,44.37894717234669
65.17481708062346,41.97630973803368
61.034867421669226,41.899020422772516
66.00893948483136,40.21738700949396
64.00969207980954,45.88349155478221
65.33286172607392,43.185770767452155
66.72699122540925,42.052860881324314
63.00146522565326,43.4278635680376
63.18035533462038,43.806078429582875
63.52967630659647,40.96089128149276
62.83332099434064,45.66984078601335
63.68534473069708,47.88547147755213
64.63582925884215,44.97983512208933
62.09107133865662,46.86642162433545
61.01716309711401,46.106577203777725
64.62466320634286,43.93260347262078
69.1401016480982,36.5122976699263
63.84540648676134,41.88299683235681
65.13547819027258,44.71492510108168
63.54157176445794,41.944720253947395
59.94189852170497,47.0739512718521
57.270956590781466,37.64958498622891
62.91090522905522,42.318848814272954
62.266735271872555,40.852986386044336
65.18549361723997,41.461018610685365
64.51397867576617,44.765460663949014
61.338464087721015,41.95406840282613
67.71134460622348,43.465903823558584
62.85471470423171,44.20052027559381
66.22143135703824,40.483409894120534
64.05805822858953,45.047019399996586
64.3861024475425,36.216609784875956
62.035976193234184,39.239247133158
61.41941497281252,46.92302641531757
64.17333646381596,40.67190750375862
67.55946545957816,41.56039737675433
65.39306903875145,43.77899309634813
61.609757629699324,42.211819903404745
62.594407172827644,39.57010874052733
57.34055897651845,41.50564853183823
64.75208781558707,41.13646942335738
61.0052721515172,36.06287072970203
60.7860719280429,43.48299729069365
58.65791235562131,41.265284994776756
66.23946884509773,41.91153565617301
70.95068313435047,39.49314976173555
60.59270551988819,39.6268568551326
61.65581497376279,42.159458448180715
70.22766010583874,50.07632813217152
66.45399845054584,46.47012594496703
62.57287772665027,40.782126570022186
60.46643865405633,41.24209551125144
60.52217520800501,41.59875552674694
62.969998375447695,39.779297499031955
65.4575552992301,37.682964036475
66.88794068702481,42.88812202307181
57.98410017563162,45.19399826805369
64.61226635317928,40.904472838127255
66.38691602094876,43.88062463603057
69.02148559945321,37.062210053941044
62.09714692541942,42.42456786271482
67.74327082456927,35.7327794637111
56.18603479847251,41.897129446076015
54.4998758198859,41.4425126003484
64.15741236215754,37.95376083526478
71.9008896319465,43.034727638674575
67.60330802639332,42.08072764912322
61.990498645792535,49.55631640831725
66.61683886222396,37.63789056257838
63.28730605896329,41.81033024677782
63.014473046553015,38.59426070703817
65.91001773544276,46.517734921865355
62.90859540525389,44.50684507330751
64.27222835502317,44.88566438233459
67.39144714549813,42.935963331271964
60.396993036734585,43.31249529241308
61.41485630637294,46.99127696575447
63.00133121487791,42.084261810411334
63.46631948295245,42.46963036677858
60.78048543549004,44.24652344905959
58.42811270875633,44.83942023133582
63.18367608881838,44.70534587637284
66.96920767246044,46.25762814394828
66.37364133060794,48.225402177654566
63.87780529751676,42.71739597770932
63.3511278385813,46.94358556720116
61.02755741660779,43.54089670738878
67.02906537289908,44.019291460214
61.556239275936626,33.76900466218665
59.38551128010849,42.64532093119936
65.45359405610334,44.77718289770902
61.6870190414544,37.98555080011383
60.76452625581782,40.975405398407766
57.091706460934695,39.57981927126459
64.0098251943502,44.995134493069585
66.79646219348423,41.47467649485144
61.14210251573404,40.68123062999587
66.46212389249526,40.98063359097485
66.30079584553715,38.762093646350976
58.994419305342035,45.49789070854057
65.32624925958508,44.243602817096345
63.01044608475762,38.976139643485354
63.69418317280386,40.34577939965912
61.811182827468194,38.714154178253466
61.141425860772024,41.3298623661786
63.586771813964674,37.37127523889013
68.24909183721226,42.65180149986742
66.06876988324991,38.2919174999285
70.18850577467087,42.27205064705119
66.81146484787503,44.7482951938987
66.00367856806433,45.40499775591991
61.92023875894206,41.0123763493793
62.00081106691035,43.68173384344064
64.26024972700323,43.03341396063731
56.22291396713168,38.93367298052048
64.2474614514187,39.38333846072221
67.65524647376613,44.45157739687125
66.0361189300817,38.722131584114344
61.87450403565438,39.49754052067123
64.00674628435829,43.66154269228743
63.599891726335855,44.783529725324
58.62455145199252,41.81772648635272
67.77513866084253,44.92673164260974
65.51516581455873,44.88008839330759
65.71648765770287,42.80778069227929
63.59795740002085,44.14058606182988
63.41629162758652,43.090299822749
60.856043858068944,44.463151711978945
61.03796481447171,47.330366513178376
63.32393946359985,38.30202417648297
61.55530037367203,42.463089969164784
65.95221548362271,41.621656705892306
59.423803898715136,38.304843201991964
66.09061659544659,45.89416070602424
66.40941747096335,43.35825323332008
60.41622744950705,37.88729018948046
60.74831186793235,44.739762075865606
61.65345069782132,44.17269663540909
68.85300905804237,39.722763055970596
62.73420809429278,44.82387427580744
64.88981836290318,39.77512326350664
61.47121653565027,41.260896096105704
61.81278118027545,41.81762782553221
68.33455635621702,47.23948400975144
63.071831126805456,46.26927390067295
60.23251468153196,40.025143645247056
67.97490740747205,43.78010915214484
69.98696380827661,43.105178437038575
62.016007907106726,46.83459918137423
65.93626566261526,41.08245198912553
58.385832521626426,46.528207370961916
68.43763703233311,44.156489812856606
68.37613470176376,38.32704866249711
61.951330773799945,41.23002502465381
64.8369033880666,40.72446831570532
64.82083588266957,40.786887406855655
64.3664486326956,45.823003524734766
68.76524518386196,46.60722454885632
61.263312414701005,43.872197234015914
64.3243157631292,37.72396972638028
65.54440426641283,38.674553885517014
59.75813973432373,43.94873147212635
64.44053117458557,39.70240992989684
62.54506623829136,44.0484726830346
63.706447930236806,44.79941240265839
63.06036360821986,40.344298039197405
63.348664429649084,40.40235045989226
60.21972286822361,41.321997864356874
69.08594654522396,40.24811287278157
61.12650651203998,43.79589854608244
59.36004079141152,44.11346497589479
63.39199540330816,42.87377596755656
59.740386999567,44.57962893654768
67.23454921511436,41.090117761137385
63.912083474648405,43.10953412477053
62.9991881748678,47.17227245425672
61.995841336406265,46.49712001543697
69.10272165103638,42.69253544500814
63.995119474684174,38.342500402951146
65.66649487688711,39.13950017511843
65.343876807452,35.150298486265626
62.42762831511152,42.70632851769919
62.51656621280949,45.45515959902267
60.482290089442714,48.15384291874354
64.24462954798541,42.67082263045579
63.82504517714366,42.96098981902385
61.66481509313716,42.551081750438115
63.730301005448716,41.01370623098101
62.93466183412346,41.19707983768386
57.786427701386316,40.048652934412495
60.74241609424963,39.45689039401983
61.2683514692344,39.09875613647535
58.33820715808417,42.763456367338
58.00672224818376,37.886137644174994
67.21950566671222,40.032014737485184
66.51233747446244,42.19207761657911
64.93673997496698,44.728696620032125
61.70216128490096,41.74944115063615
60.642131609600185,42.020447452641136
68.11024418319724,45.23600082754284
68.29997102234995,40.82974698753558
59.185794630161276,46.161679017959074
60.09161217332463,42.80685457384265
63.97930840563785,37.819069627232686
69.00079566059686,44.3165722073147
57.24837430896331,44.6515807570166
62.14950307301856,46.96829281670154
60.83953453264536,42.36475786695324
64.16003256515157,41.19478788917114
63.931742853482035,39.06299661480511
66.38876447557865,46.74381423258004
66.53068487251709,40.95995613343063
61.28299976726681,46.418465139821585
67.35110059556015,41.964980256520505
62.115541684048516,43.68945572211502
62.29725949155914,47.75356530800971
62.03918974728928,35.886446266520565
65.75640673688476,41.966386348019064
73.07549347048324,46.00784137351124
61.0183036084917,41.239100482616905
61.342100229644814,43.617764345162044
62.44224341195367,44.09122900525002
64.918576609305,41.450527062496036
64.23696852510537,44.074881748097816
65.06420090607216,43.40905704490431
64.3568490998103,38.40836889027767
65.19587077356223,41.908405933653086
65.34479482629025,39.19758542540592
64.06440405854696,42.97199928808536
60.08706160745052,43.678542042713936
63.00416478846142,36.672768829392986
66.06144166116486,40.80949620145957
59.642689276012035,45.77182891093968
65.19760021292731,40.64080737122929
67.2268187437798,42.18678184859059
64.7419045080689,44.41879915884584
60.000405523687554,41.828486303727864
65.52236083549886,42.916019283351076
63.11161292687732,40.323867408216266
59.08100464060798,41.423539391239
57.90598968305708,43.154260645323774
59.95771859340819,39.15109590487829
63.00812373745061,43.947506705907934
63.50210868623243,47.311802226356605
66.4663672930896,43.6084459265595
61.84827843994168,44.78489814405842
64.0363804202908,41.75170298112958
59.96643460612542,39.98275482657499
64.9982103597457,43.47288650505736
63.759772281373884,38.9266810706588
60.63489622979791,41.86777525314942
63.54215280572316,41.0733170778527
59.07030720348594,40.386895686538764
60.42824159225369,43.6458242341237
67.99207058982118,48.14926749722501
60.5446449435364,51.757311562041046
65.84977286457213,43.024779957291145
59.71627500491571,43.68240353306945
63.17466688188277,43.869722210927335
63.768399871298826,44.24673766303987
65.50046051086198,45.57120521578576
69.38326473943948,41.034513155438226
61.46117517555548,43.334198768333536
63.079368918040075,45.50764430257555
67.1928201105749,43.59431886491725
59.110151494665516,44.02038768166186
67.72379987587348,38.08433624830641
59.52994534126056,41.42633768795012
61.65156897176402,44.096764104531026
64.590684717491,45.206691152654074
63.54310006765463,43.50172909193138
63.45396547042948,36.91772191626934
61.00825986685735,46.29031794640666
64.17334346062901,45.02924968971358
63.85670170389167,38.65237630558549
70.51972116778286,42.021422530707675
62.438991474987716,39.16886334686165
66.32012056535774,44.59196621439603
60.98836529718748,41.723541404442564
65.1315188047586,43.316769647052745
66.45213688280138,43.89621231330269
65.58305986745648,41.47616374924688
69.23408804001812,45.84303278454822
62.904656691687755,39.309124558325834
56.95914861815651,44.10424084317165
61.5764698087752,41.78710663854256
63.217126818678885,41.16169230986411
66.96515125148517,46.16686206102106
61.49097747227664,45.80689001295482
60.47237555120627,45.918227791506524
61.985773559889815,48.638682704370815
65.12352435036607,47.66430564164744
63.483135473452954,42.86937210497557
60.66892945565303,39.44610807213436
62.547120644791164,37.316639358129365
62.535155948561496,40.097700194202915
61.50842473338288,40.217330629162916
64.26991371082157,44.01298426792845
63.70965154425435,43.79973367282682
60.51351887473922,39.6542824910639
69.40665943676197,43.589870882643076
64.76851025261684,40.52968848526673
59.80154047652223,39.77480612447529
63.44750912186174,44.84935352422487
62.731912026818556,41.55191403242992
63.74807198505395,43.97989703091982
60.613832808689395,38.84048577230264
67.467163547945,39.990418374208566
58.938825128068174,44.18734681080582
68.79617143552319,37.4649395903168
68.32399686918983,36.02904884281543
62.3836112861576,45.37090706028371
61.87603234758198,44.16788300575295
63.54643143739433,41.34492639534952
61.30915707159869,41.82015249582421
65.37861825747926,47.957180250033424
60.58377421627119,43.45004007025895
62.48395453162781,39.46468802331762
65.74992146849195,42.63134087999306
62.222989127622625,42.39261420220451
60.76684356703906,46.11729597712329
62.69534935389096,42.12647755780732
68.23360184269603,45.55165651866822
62.94979487317165,43.83495489408035
64.75384938780802,42.191503570640656
63.6900436340556,40.298067447147865
65.51964202586522,37.13729912867689
61.67627453375945,42.94744279240591
60.00170614930769,43.862133467937
59.669955815025055,40.10621824634521
69.90746509215973,46.061593457507186
64.26004648374256,42.744548321226844
66.49260315098763,45.034207175746886
66.37718727181935,36.564032341168236
61.320320612718,44.22952150572298
61.15192547992351,45.87150570202168
72.20370051956358,39.22325309907441
61.6711446879249,43.146361345412465
64.03618481693816,37.93380212412511
66.0402255423225,46.12505206758535
59.832023301603506,41.74313781511332
66.42847560360407,39.638691165281195
61.06519198747518,42.86254311357357
67.03886805179376,42.91769857192065
63.17922175882034,36.737471171889034
59.18505828577646,39.204860735896496
65.2596922294633,46.639846777695716
64.54647466152055,44.73563872718615
58.65914441879188,45.980911375683505
60.085345212438966,42.21644552689601
66.95329203186864,35.62058052549751
54.708061265619335,36.319348122586185
61.05374787615226,44.9020646568669
67.9230677626254,42.18789468594457
69.55503403002132,36.661076803692296
61.86167662677724,46.62114076911378
62.621011784781984,40.957511332523694
60.297220428830194,44.59718524124565
62.531686161222716,42.43686391451262
61.54378744854572,46.197530446628136
60.5590409647121,43.744919458334955
66.5882142103401,43.27715296079143
64.65992233801454,41.304912449717094
58.221469258465476,42.788224830228486
66.22817466040856,42.686497110523256
69.43375417975832,43.560924555261984
59.87859797376098,40.45275899082963
61.73846537474029,35.83654560269148
65.02329044603634,45.55483684085344
65.31852126888872,42.94792583486443
65.26252709585505,39.03612077254814
59.72940357038082,44.18284493277386
60.9867251433421,42.996200365982425
65.77429623594507,39.71554005622362
62.48356066835922,38.420138284054254
63.64474679443872,45.07296891121154
69.02816969721773,45.90928926314273
55.707599375762186,45.46470862995423
67.00261620397964,41.59907708947942
61.35455819308449,45.25068162934302
63.53887292161838,49.139351700415745
60.79954929539866,44.615741767725986
65.058574485459,47.35914786923108
62.96699358848974,40.26555441948676
67.64612205094764,44.6572636394191
65.20342772631075,48.143171146643226
60.071815696514264,45.34132721371422
65.47931709420884,45.23673404411061
66.49324982562331,41.3360521669817
60.463663040304816,33.637214468363915
63.948491266092844,39.07767022500132
66.01446379728037,42.634849942267735
57.92401685433109,43.125187831176284
67.14843152070516,36.77183156473049
56.00021808768212,42.09009312750053
65.18323454311266,42.06026818878544
59.59638465489071,39.02875691779114
61.48033177620837,46.34396212045628
61.14486566529519,43.30077208523043
65.33103447688909,42.71770043783955
64.04517539463872,40.19811009917579
60.307478611938045,41.39375365007936
62.05722561607657,44.677882118596884
66.84501800977782,40.12070707142408
63.34363251042346,43.87403950160134
60.00495510367455,43.50167913118468
61.45015339906962,42.568019826947186
70.4694268679167,44.68194964086478
65.30592311037776,44.04457755513292
61.861170169466874,44.53766760433218
55.912410506001535,51.054800405807
63.66161119764713,41.32494391953353
66.4771122727951,49.02505498767185
62.39270310120277,43.97870744091235
62.80388449778623,38.68957273031419
56.127944467430815,43.264465842252825
60.85676722425093,41.62133880106518
65.56722191225116,47.14237856720155
66.28520604716047,43.434262255799844
64.88817283254367,38.2023050412974
61.13327294279537,49.22142368014888
60.6545477976601,41.33255791201892
63.62713199227809,39.557382937802046
65.44778174935438,43.779722428548205
61.573244650447656,44.29829413014973
63.979375088250734,45.09527046948889
62.37988418570112,42.54395096347946
60.387501765649816,47.516046184285386
63.73156430352811,39.9175082209429
59.99518255264259,39.550680403026874
63.02375675395769,44.03637492000144
60.28241133319246,43.25159030296772
66.61798763544361,43.28814006876843
61.430942212931875,44.0184826999587
61.87747791425916,44.84667557096476
68.96102871621912,44.772729290598136
67.1949224960814,37.20083179897543
62.01048919454286,44.95078881091717
61.84453501006272,45.22028216539364
59.4932052397575,44.904248233585335
64.44002630884582,44.11089791765443
68.3110515508379,37.4489595106458
64.89310328233039,43.50942735013721
58.30936568093814,39.20809826704137
61.6103953700811,42.70090984751317
66.29905604874813,38.90362349844419
62.99542108580847,45.82490751883197
60.11424726124055,38.86137725203633
60.83335208349758,44.620603011456645
65.23077699749722,43.648115472612794
67.05511548787894,45.528855546324856
62.22194525555349,39.53589651149504
59.965185744454,36.42542999457266
65.65134908937699,45.86913875748316
64.41351078876569,37.85032530127917
64.09764869919199,44.43760483710088
62.24444509845946,46.95314927764265
64.94204086496866,41.896486640771215
54.86271954551795,42.447091355946064
57.960759099868234,40.255938016722176
60.24263828102376,43.57084314715156
62.254078386447596,46.24042076305932
65.08973483910952,43.80241476210066
62.662162498644605,48.44032009881441
60.77715116335807,46.85231912634178
62.117288024055135,40.92589845803005
58.87789569773294,39.30432741167367
68.06631736400978,44.17458314036401
60.24903407510949,42.6744061294921
62.90085678152607,37.568886183223505
59.19710311384891,40.16696273917226
67.05752488003569,44.74281076614158
66.05986587525528,48.984547657859295
64.90306197290649,43.63150221089431
67.76141088138647,42.707496036337496
58.893590326111415,35.05507657243637
64.50052833204302,43.553517466781734
63.49969049929195,42.61815866520826
61.38991065385107,41.07796525984186
69.23045919271544,45.207020764534384
60.407349309115965,39.27783175120182
63.02969903256683,48.80227401552106
71.7191733304937,42.32200366803131
66.0381120946723,44.452678049504094
62.10690187649684,46.05234833360091
65.94825547610364,42.48406048175155
66.44389105545831,36.92894787834294
66.86072604405398,41.74291454997432
67.16102145443494,46.6899634144538
62.52664937509099,40.45679290802157
68.124836791467,43.7756556548104
63.77716762323349,45.81506817475028
66.97173704155875,41.00918123618403
66.62062856585096,44.343023379262654
61.07391312729115,41.218670525598085
65.90931439581367,40.7474823613042
65.62720496349625,44.27890020557613
58.86660901630008,44.17218165968871
65.82441233820191,44.12564618156752
65.7789299754242,42.73693825624568
65.85244282819458,43.60012301344599
64.65698059058502,45.899815367254845
64.068015042486,40.57940486490476
61.941015189501215,43.54755223045726
60.52983653483392,44.92443569926448
65.61411322545719,40.921489027109146
61.11846676091553,44.03569104445195
61.47078710035477,46.68893010260146
59.65292964490211,47.348662570382515
61.08464497716816,36.54893854707355
63.72245318701879,43.51605070283622
62.892124295646106,41.15285650804124
62.42946410769999,40.42765918286743
63.57055518628677,43.89788882687869
68.40790111412048,41.04884529497988
67.76587610240082,44.338740640141424
65.39450995342517,45.32839558436422
65.81147951163422,39.70423881533227
61.301909685734095,43.797194404828296
64.37042877101344,39.27403870353109
61.09627857070863,41.462514408174755
62.64729596211869,39.801406387618215
57.99557158330746,42.81881852142127
64.51390296098738,41.20526777317969
64.64906285053331,43.29550126655623
63.48207603451028,43.25064901059512
59.07740971318529,43.31665941925519
60.44054092332966,44.9046194184785
59.75209311482472,38.79353375668752
64.17057152015641,38.11892212713588
58.401576323127586,48.37591900795118
67.34181899861511,41.464167012694766
68.02472298761016,40.68506477231125
59.86047077705105,41.70507475157839
62.42627480043823,40.502668333645495
59.63076941258923,43.56382032925195
63.37163101440605,44.67717283792246
64.35938756801795,45.82759981182227
64.78965815384183,43.047437563603545
64.79871270486036,41.31103638222958
63.71373402681707,46.33212361505882
64.07431486620787,39.570726599227086
62.911129567893006,43.506215863031066
69.0192893917996,43.21748213219864
64.31497822657603,41.50099550857409
61.06574560397387,39.85951091408277
63.08575232972131,40.22804469195481
63.29275825426801,35.78341855729606
56.398514403306784,42.64151743263343
64.65827042119909,43.70833268547875
64.17320627039513,37.12636551368131
69.1720923046457,43.17997715021002
62.433091529381294,40.777991379983554
66.05299145472357,40.11548731399859
66.75218335836185,42.583405076475735
61.07283857017657,41.6710547644865
62.65132127605277,42.2741012566595
64.68904590802799,46.948440068007095
61.94805357150033,42.21335271403758
64.21618204744455,41.20409969241602
66.88262935945292,34.43258432693334
63.60659813560254,43.22985610399833
68.72260535979177,41.97508309458659
63.99132799551179,38.88188316821788
59.16749846415419,44.35804288375628
62.311448100327354,46.11090229891703
62.39500450455885,43.747179401354664
65.41342175484398,41.38178072148285
63.895959943341886,45.11000327440754
61.36131725061263,39.562859713412934
61.57468385455207,45.60937890280582
59.762744328060066,45.2547826053254
62.64573566313654,43.05334722983264
66.4558514327559,49.18081105378372
65.98540945837243,46.26373630275441
64.73149823567542,40.32795573506472
70.08561582361757,41.27714581076565
69.11575009707344,42.44577448558732
62.67667307098678,47.43421967656223
64.58844526430526,41.66434275275916
60.71133222045003,41.184507482833375
63.6690578326588,38.62851098067216
61.55438113821266,40.98614810544654
60.65399804930205,38.660803372010896
62.1065749154012,42.65736267628195
59.6981044043853,43.60741399422053
71.19413569048872,46.7581890221087
61.356488277600725,41.15874116950487
59.97039999916082,42.81303432948205
61.580636045588356,42.20794994554217
65.1551799187264,42.17030314974464
66.80278390337763,43.55620783687436
61.11521081457498,37.40873750472436
60.108717192930406,44.58488220383281
63.54076643576323,40.32682007821595
66.36330758037408,41.085682533219234
63.222456275912755,42.31639104994581
63.19278275921165,46.76579366600971
68.05749870896977,38.706450848564515
65.84388496244048,37.00436123121112
67.29499494196132,41.20179544384838
64.6224501595448,44.622266589073554
66.1922534697603,39.99241808673
67.08529632013848,39.98221863105079
60.387801124379756,42.30005350206123
64.0756413325646,42.145740303358856
64.0962318059933,39.09320250227702
69.03940510482293,40.519113962443875
63.68257202308816,42.25335132268037
63.860437631535106,39.64767729748459
63.58443901170252,44.547419850358594
58.80250712610822,45.0062425700857
59.92913651488958,40.9402140608913
61.64612763202594,40.63782329328234
61.09253866069859,45.840790302473074
63.253447900990416,42.858431302955275
62.174935352784175,46.05166816406629
67.16875245710025,45.114756014408016
69.21338144142828,46.72485594861588
61.96152205458406,42.41710082154973
54.64567578253035,41.97549467284491
65.3384597950726,43.853093119646346
64.86793583778085,40.588957555508536
65.72267124865283,44.447876320580555
64.66046670181404,46.225509303974825
65.11384696978476,39.50058612662229
63.86941100574953,43.043667436255724
65.19652434547214,40.097461462096355
62.55322791023685,39.86239183037639
62.45012205269362,41.111372210696025
59.506186152864636,48.84329149934726
64.10912745027426,40.8064073223509
63.72096379801448,42.695281775968006
62.58241791644414,45.73434996252401
65.6691662240746,45.28581955635513
63.68371062221091,40.56531171207097
63.568890010066134,44.43307237466138
67.58961667269863,43.82903533791262
63.75296625840206,39.69527648597263
60.49035168761323,47.27869075397591
65.04773842612126,49.733944486334295
63.095086711473456,40.96737889517268
59.68293009142793,46.88068265205279
63.483382082788054,42.932751177579526
67.08112536413778,44.56990579892759
65.52344488577445,42.968596268633576
59.93857758213168,40.44073581092157
62.50849066868235,42.0175942863713
60.655979817224676,47.703411622877056
64.23867420679757,35.737600822414834
64.22841316276816,41.44665244010365
61.621471056414826,37.0642532334234
60.9602737636129,46.390847801929894
58.00893976122882,41.11406917551742
69.71222161879881,42.270635336934944
64.51357723717487,41.22976630758543
59.329312159559024,45.282534930099494
63.40401030299447,43.3418076491775
64.60399147160999,41.0702370990117
63.15830993644276,41.74237811579404
61.15603768963114,39.17853817400722
72.45722492822028,44.91973784291864
56.79700964220744,43.64335418985676
64.52018247275194,49.97456353536349
60.94782459848327,37.87036002402467
58.9569489998692,42.52471452249781
65.67052741649826,44.015395954054135
66.48593154663045,43.9183455445814
65.95023208692245,38.92843708714827
58.897831931133545,36.4986472859252
62.78421484478148,39.494243737075095
66.19884629955449,39.47025713788403
66.82605562798211,43.99448212552084
61.908827665571984,40.41490367157499
59.15290259169671,44.820870593568756
65.0126083038538,44.99949623909989
63.11554615135115,49.67989804815591
61.65003195170876,43.50659170294348
64.5917374454022,42.90898660142862
60.65786377828309,34.2370251506569
66.79260886128193,44.37856490884791
65.85454947407531,43.84854311732962
57.826223314506215,43.61522721811286
65.60563983199985,42.28725732766296
69.2384867873876,48.70360434311219
65.166081085396,46.09150071940658
66.38246697244777,39.65277213805133
65.77351777148965,44.832862712061264
61.36643525286331,43.85139456722421
59.83198353953501,37.81919092155942
61.03704703889558,40.58431430208257
62.76508724332077,46.57469065446686
66.89717600906867,39.38681765148458
57.60171028136941,47.04084666621222
63.30738503441309,41.41497739228471
65.97899288432279,43.0116628593241
65.72670335874619,44.34506217387048
65.72850053018671,44.60996253650084
65.01991640286265,40.30742792629924
61.709688639473256,44.9510811263565
66.95026966850507,38.95436381776399
63.09516110370661,38.85704959748273
61.19055092954387,42.814398779912175
61.07353594627001,39.87109802251912
65.8071331099873,42.71395278622489
64.22327751344717,44.23834524430233
61.599879689650216,40.69070071107059
61.31513982002302,40.727595371284615
56.7299883404733,38.41548609441595
64.62502525520506,44.7603312634431
64.44403506928583,42.38515863925176
65.59783443626812,43.0368979220749
60.056887730104464,38.74536426648102
63.576700438619255,43.120038412334644
65.40818253719813,40.24016420045024
66.10038051381613,49.215762390246496
59.11631248356317,43.77894400288701
64.28868523957823,37.40249775852063
58.2935422734726,41.911855165305646
63.00236081060725,43.89404553668524
62.53005905845341,44.40906772593416
71.22125027399076,44.086381932520915
61.307705119316054,44.35559774046676
64.4951165689632,40.551934965670355
69.65491562427371,39.32814373070766
65.35711401873984,38.56073956521286
60.346973576283666,41.6760576603786
59.57985578165759,41.38099425940204
66.50727572697683,39.25744352881712
62.29401318015909,45.67126139246629
60.11355809964545,47.010339945227805
69.02384164099682,44.110976201670866
61.743476805348905,42.69130625915533
62.74750212280169,42.68982417882677
64.83326793952347,42.820151337068665
67.85417243220158,43.59582722891696
67.39263720858553,46.94310110872158
64.31144367534024,35.88421981241379
62.30961769732686,47.803607985212246
67.0595251786624,45.59472408856293
60.93952602128484,41.889849189233814
60.483407084103156,45.8643546629322
64.64155704696353,44.79287045847566
63.135633478626396,43.30374564229466
67.05726234865338,45.0000508629634
61.90499403514344,44.3978132041238
65.57349023974146,42.779084132135154
59.32616673012589,43.19344850679717
63.07433277937713,42.42695577272585
62.413136916023554,39.09862042984727
65.61067695695301,43.59784005598306
62.8268831945189,41.02844579655433
65.79576941994843,40.39042264236866
64.95629409855489,40.844071120207836
70.00334761161419,43.20843190988758
62.51131547901267,40.66372094132521
66.66872932909334,37.94791167481981
67.88929270684125,45.37129490336238
64.2004459319673,41.623887293078845
62.9008585275758,43.92763467870665
67.57111855483119,41.15020503169674
64.20394959474682,48.92373350866736
64.5473012233816,39.252397839047816
66.86652674111144,41.20884934893035
60.446607487027975,43.422253241698684
63.59717874166075,41.38086760482628
60.64298538513337,42.192839515789835
61.369638251791045,40.70769492081006
60.85597131703329,47.384927697804486
59.87256839700483,45.7437599373007
60.621906110928514,44.31655255739297
58.59145567879094,39.21468991960911
63.12368270927087,47.239304939396526
63.32596198878303,48.008856758213476
63.622065920770936,39.539894824621115
64.26765333750177,48.682978548403256
64.44748969754751,44.36787387553062
67.70223661485839,37.370985972707985
59.2848028674232,45.0586750249428
62.26377653048846,40.9488613302865
66.41952304796128,42.81323708031664
65.71750174600261,42.02638220235945
58.89497788989765,44.147723204236186
63.73689382628578,40.44758314728683
62.86152066527442,45.07103571053946
58.03749472289489,44.34153352835358
60.96202324210555,42.308547138803455
57.3270211941704,38.793996922518005
65.40763688486108,41.29541401302711
68.3991867050361,42.89733928092087
67.34940701767259,43.759475271428634
61.79741402448559,43.757489227391794
67.1155696918451,44.72395188562312
63.039395026986114,43.718536115191
60.671510336736084,42.20534830111642
62.4416682337025,42.03194912891399
67.85716468834171,43.54423962094938
64.42054089383711,42.75335683573764
64.82327200219561,45.72153236043634
65.74004004370609,43.39503458188956
69.21165687795256,39.759786212544185
62.38718292479769,44.27776838896017
62.77392725255294,44.093950603469544
62.87966113330513,47.92959917789846
66.92849409611972,38.82444547230503
64.85070282257679,44.08468100335784
67.33141384268227,37.194827217057416
64.61503033357582,43.012039834698925
63.00759117140199,45.090772611240176
65.37528339847701,36.91132238472062
60.29439732185889,45.59564383285234
64.97022655782933,42.10680024846166
58.90001611440509,44.00853047415825
61.887595734184856,46.27324845852826
61.60814245887703,47.053897721469006
62.65689032477353,37.492813910211325
60.96376423562843,44.53827784759015
63.278346086877306,45.88501922107305
64.93467167936305,46.536048342515976
63.43085806034104,37.91937123485468
54.50620875524935,42.67885586625226
64.68376603104592,41.40653724693529
69.38220095629394,44.44797694157372
67.09296439086728,46.13175319400762
62.60711813016908,39.05277610620816
63.71996127889256,46.317870067939516
62.92275314036329,43.9754263670734
61.149649349361944,41.80517313143077
66.46534038281055,40.62604556782355
63.56126983988456,46.636333547576996
58.4593551456129,44.11913550656644
58.514233090822344,41.64644211252629
60.7565272855058,42.35969656509789
63.4114807955518,42.62081520343246
61.508418722510946,38.275056249919025
64.83422499567953,38.93305231472325
61.50852174353522,38.01108801284441
71.51186932563883,41.08989714143594
61.39972013284464,44.23283898125065
68.22512696614386,44.38398906015758
59.53427136410044,41.18931433154051
63.90486552407818,41.996916535884736
63.03991088602577,37.52376931626871
64.31164479791231,44.81611438062922
62.63596376261159,45.07023817075385
63.426440578822074,40.98316487849105
64.65431290818674,42.972355333027096
67.99002953650877,42.16526932953723
64.72381095997737,44.55942321055777
63.00156089002283,38.59890233937409
67.03004769446827,45.40263242730039
59.97679445361861,40.69717262409367
59.58495347099814,40.68143579713552
65.48419606896542,49.98603988933116
60.12548308492297,42.29173382500926
61.19627009232601,43.09277915821601
63.756512351830054,44.783945847351305
60.61477800199619,42.487271140262855
68.98379945068001,42.32764049766836
65.89454677010828,38.797980783391765
61.55521412691653,37.73951488163493
64.07251315797785,41.04879499788878
63.11253017137911,43.5691919991893
60.37306917917825,48.77788561294233
59.05927658446993,46.57615288039759
62.42104071115142,43.923738475994945
69.25868954689446,44.71080437242277
61.18399194008211,40.895325598126874
63.67793009859656,38.0346660173447
63.661462487952356,40.67183163472675
66.26176698420122,43.54512220274639
60.45489348918198,41.286558236127405
61.14605185949804,43.4401272721391
64.34225239714165,38.08891912882752
63.26124386016056,37.90312177051681
65.05416710944772,42.78142723358836
66.43197611491465,41.55688899198869
67.90125545957324,43.50125014262377
63.27290120543409,43.86818994445115
64.38777934165238,45.25263364607791
63.401062676225344,43.0550363819224
61.058129248122135,51.929476696869095
66.05628557397284,42.11463498245305
62.852861186204535,44.952613869045905
60.23781740142206,42.55192633150376
61.874772513809816,42.37952217017272
62.33796941490222,40.53527670234629
67.22710982026386,44.63950627844329
65.89624946936706,44.72930961461134
63.970057903921166,43.98975501248563
66.72296116793245,41.58392998377397
59.90362063542914,42.82118059466795
58.311597756847924,41.58693872467036
63.993792194092585,41.63186406003888
70.40133987660678,43.89897079398807
61.855957513797925,45.459674874272515
64.91529711262324,45.38400019151294
62.85916513206009,42.039427146389826
61.51259665291531,43.247638953973535
57.51338063051167,39.7546838149917
61.07418104406745,45.16075677056939
62.65909546129222,39.06678170542761
53.95755226891498,46.19606038673287
65.284022910753,39.76430887334381
60.533570816860326,44.726160449324745
63.63882013611051,39.465548710710436
62.790132670945276,40.35780304215118
56.212116020504034,41.91481237133913
64.6217091514874,46.792667288086825
58.79547319989564,38.47530107659968
66.7207268766624,37.27061176991897
61.730461368218315,39.86399994038254
67.36473862998271,47.187771808370265
63.20281913825988,38.6247635619354
62.482637041615405,41.876297800604554
61.19722243910456,43.86928091150269
66.8265141272594,39.27362932809518
60.306806706577646,43.07709583625638
60.33539616745328,44.33915993805896
64.15257752420398,42.35201229837941
59.43076830159539,44.818556903357134
62.52269699106307,44.85976700723811
60.22207490433023,44.205252613714755
63.151472878001975,45.518694249187796
65.8985651894204,42.82077597487496
62.27603262991458,37.14787932264537
63.2077371189997,43.03501377479301
67.92038244269025,42.74470086094589
59.1793040015403,42.12394335778943
68.10320824498963,40.06166873799204
67.23467043049122,41.75838876104364
66.12042261097098,45.70080191993953
62.61121809955125,45.94890432987532
65.64955071552357,39.15480429765919
65.66258263795532,43.06695107680034
65.50341268032611,39.72317503651644
64.06148041480502,43.350500365481736
63.662078876632506,39.29791035931792
67.8483326168187,43.010900130076585
64.52005936799019,45.76597830656755
66.19580153142503,45.02511712720218
66.06907995338162,46.005758429354096
65.78074097992214,44.656619143463274
60.896311093879405,45.87650169733444
65.5563656218234,44.71584074579505
61.658194647851246,41.2099077611899
57.063511681258035,44.49100348882372
63.950452424071244,44.05734240991038
67.54833119841896,43.965484675623415
64.44661092880216,49.25684077469045
63.78728223129907,41.76890845369911
62.521648487816925,41.16269340177157
64.67287675051762,46.420913541578386
61.96922058960553,41.470298229609924
53.775072460339075,44.936742792567244
61.09078285659051,41.646383155441946
63.88964379337145,37.413047423787845
63.015915201197714,39.969663497308495
65.39310325159167,44.673730868586404
58.14964979759948,46.54084153302624
63.044024381374754,46.33348892906762
61.37856001506292,46.754698034425815
60.085795160563556,46.53965853891005
62.59668047812329,43.96708904613083
60.27883731549735,39.76086468876138
56.10746316287203,42.69014540628532
60.697827481905286,43.32021294547661
62.944920319747254,43.98198090942188
60.778353478204785,40.913655294999124
60.733246612342285,42.33352690931108
63.041607061541576,43.754647016640476
64.72597174048059,42.47439114712054
65.91386754271154,43.52444030473544
66.26432265235616,42.25260575443807
62.16816782845446,41.37517248899578
63.892291228465446,38.52202383595746
65.97025628678334,40.6194078266758
69.78121098340782,42.70375343420213
67.38509359713706,42.484320111745824
61.4551323817174,45.25060235477618
67.93693948707921,40.57727109857266
62.70615959256618,47.19166001751914
61.50290583989213,38.28269853482542
64.67326765125964,40.47504172251711
63.46486043616304,39.13135367824463
64.09170654463533,47.664371589453474
57.39028156669291,20.670431852654815
49.9350821601436,23.702266713831698
51.549229038978,26.873157746123212
54.88639338178623,25.949101705381768
52.16232707791204,19.836673454800447
50.80474656732124,19.973996259083272
48.51452316502039,25.827692192290506
59.779004160931436,24.059291727646027
46.18497086112613,27.085901430514994
44.897132264918596,26.495291317121094
52.62258527048662,24.90328065973208
48.359547401478935,28.40914840674859
53.73317030682989,26.425919171023292
54.77363042925525,23.15446790457426
47.28608515264744,30.92173944926934
51.310148864521466,27.327596430648956
49.26402357687775,24.24493485775622
45.89193891114918,23.843194027691126
54.35192030608718,23.714037972485965
61.7243589791591,17.955918125000697
52.49226751967664,22.95766083767133
58.185922565285935,30.449431337711868
57.3951051768486,27.424593262972202
59.86824109275314,18.08229141501429
47.19196733190273,25.375724286363656
46.136358357702534,25.72435108423789
53.1200438836104,19.52519045082156
54.209239415753736,31.25844244437718
49.58203991763832,25.024309895943837
46.54431814417527,19.91965457564808
56.232058178911075,19.446726069490687
60.05884945358429,15.577970241731546
48.79155437673988,27.851127875799484
50.728685478513626,25.88949284926288
56.32166642192493,27.462992186178973
43.78215440483498,23.44747474054541
48.9889493267375,23.182826942070882
43.065636491611656,27.343692240297088
56.91368294551838,26.523233838943476
57.717152734898434,16.142951229063218
49.43738178221293,27.388863894091937
45.77259447937955,22.595763011795665
48.68758881734534,25.31872517849562
55.02488334003256,28.90934622492766
54.62178614022814,18.68947992219912
53.904910730143335,23.178931723353973
50.94185184364786,25.89205913818273
54.181553147508005,20.890278520174625
52.01491244957718,27.767625281531448
57.05813190657034,19.640522397012226
55.257531697867556,35.49105746094201
58.990738122451745,19.689781402278463
47.13924255979942,22.108572939241917
51.25800932613193,19.882174775560337
46.8437805879862,27.51527862576406
51.81247109775572,11.701430459006327
61.830076532829224,29.94301070469004
50.99414085320224,20.177415617945798
54.48502731309353,27.296721720103392
57.54156288169486,24.178979259595682
56.068063653788855,24.220516910212556
52.183220970416755,16.847443982984238
49.43792959032781,25.730578991696717
49.19879619803387,23.791809159349224
54.287407233230695,24.940070432645964
46.40038392710185,25.430840644362092
53.97992559160783,26.987324931886125
48.49878272006241,27.768358865314738
51.05320865445646,27.975920181164938
50.05238547044684,21.82651480910774
54.606880908363124,23.31539185658698
48.09009205558826,32.69057774303452
58.654999003453966,27.909780433870687
47.96355059579239,28.523295176774376
53.95361504419574,19.655096436609124
53.879813904012956,21.3129668667338
54.7891213228621,32.10505816891963
53.998089484892446,18.851882399559393
59.069624492577105,23.424129694903648
51.691712339281096,23.47359466261561
57.544444464117625,27.106506159734742
46.760987455858434,22.43620403594022
50.71230757387503,27.60611459239515
49.812151552527666,24.49407813187562
47.250586898166475,25.29636279552211
53.56226457014653,23.742435950128854
49.907827877995935,24.614611996856922
50.16978663896503,25.53424170652088
49.68917676829638,13.045066523548101
58.332823510693636,27.1242719316122
46.1600698862108,30.81249510792988
53.61709349498409,28.0377229051112
50.157269773165105,30.906748384001418
54.6092229498735,19.792566551836913
52.361127911566825,26.18241834548093
43.82040118167703,23.307009619243775
58.70663482919919,25.57990524374128
56.38718438147093,25.983975180547347
56.69237496389113,27.859631383082245
59.29905398366209,26.873297010249278
61.99192873186481,25.344114594486044
53.767708211522844,17.96804029689121
54.70698528263835,30.662426105702906
44.75451004772438,23.91347817186515
48.786189507889674,24.952399074305045
53.15344711595217,22.178343032050567
54.646338483161074,25.583462470801194
52.18166936033235,18.13479191389125
46.3214501884374,22.33077957040392
49.495370760929504,22.086084122266307
42.9758175924108,26.149943457416548
48.6317589670075,29.05256212647818
49.346324354578975,22.43696862783412
51.67364911108646,25.796006394685005
48.15361978181874,25.16529788571697
44.909937453295974,21.184980416189447
53.647811957667685,24.990918770133916
49.26117087041916,16.563023679106443
51.52117219862464,26.281297647634926
54.10660360628488,19.654444415338112
53.62286947603946,23.32043713591627
54.26149394737636,23.913046128562467
51.41110764911239,24.60790910733556
54.45556951575407,17.967488143269836
48.13093045618623,26.251717835401024
50.04564493504363,28.34933643312943
47.750724537487265,27.276155292379997
54.6570428431469,20.65223633171404
55.09798419793474,23.400762619458018
53.722337476510695,26.08541126897461
52.296860687980306,26.231370664792124
50.90355691676197,23.23483540849546
47.47403237102992,18.70239451189863
48.72914440407922,22.049045761868044
48.3769361764968,29.13776633195988
55.10679200262221,29.929271860470173
49.80443468337734,27.089547099039375
45.945305676574776,24.11370515148023
46.892308229745105,24.65971755120662
51.31100725028183,18.79840092640952
55.477602235908655,20.952692121175723
51.650370622606324,19.47932838444479
50.74028603231651,20.711080944669398
58.961693558322494,21.887145499661415
49.60004083925345,24.675647050303986
50.0604403199983,30.264359039989287
52.941117739737884,24.7251021560017
53.955896478554976,31.069694888674114
57.23650373653418,19.37612809422072
50.381227874343956,15.637626534834116
55.234020696598606,21.538353748013744
50.879069060842944,24.78067205325982
48.32505906490244,34.37427919690059
62.526713694222465,31.522170770482866
46.61266788587758,21.254383413942907
48.89793533336115,25.117901316919472
55.11101895695266,26.89349094926981
53.450508283209146,18.92037307705937
53.83310525050061,23.05377766678797
44.479162907845904,20.80260010822049
46.91686668917224,19.797584365662704
48.83066799711507,22.738621719225364
50.05818913752851,25.76960600396369
55.45236094363206,25.803018585558764
54.153142255876965,13.450080867068717
48.91440743135954,27.274052741004873
50.67067376497026,15.629006314816008
54.89426083546084,20.724410150908234
55.501654887881934,25.948218413180292
57.65067704597117,25.999552933125106
47.29876677036037,26.39415216506948
55.7206257809684,21.24228474213013
45.64920318476287,20.542170282515766
49.458903206449925,22.221481032167116
53.94466065861368,23.56970580248744
57.17204886070694,28.315020945756658
48.33911550292951,19.350761375664877
58.13106348162083,22.986129980604684
51.25348300384896,15.943965106550994
54.02335252928233,23.157884264079286
48.226543785719954,20.583416582086198
53.93464440712387,25.225733042281142
55.2202139554083,24.92970995525164
49.583813203390484,17.791180876243352
42.927093369680115,25.495745132642934
46.118366973993176,19.14966463268762
56.11202677227408,22.32091956355668
54.882510103598676,25.241197333001203
47.267450663064736,22.119015267023634
48.30255720640184,20.322271299185832
48.359691295107204,24.860186341665546
53.15413420399384,27.28504723355782
49.4896516503863,27.50629077461066
45.52601560926693,25.329159630578495
56.35957977673662,23.942078953246266
55.52546652243912,20.235624640158456
49.97949124729641,22.67095427640293
51.02349067733304,24.366760622087273
62.28298462795755,28.335172598541554
49.71927799876505,17.642597202436082
62.43167536243424,25.436958042488463
53.933409700329655,15.863752523319636
47.02427228603259,26.978387406940723
52.584335492265076,26.854509393659203
50.02111829846633,22.47229718731091
45.98448096010539,20.752763057834045
55.27377419634671,26.235996496357863
54.58222649131644,25.267522713194854
57.39124544712797,19.72224315051914
55.20992336377632,23.78522794372576
50.606367101586684,27.642057427441916
58.6859133281881,30.11859857073174
51.12840100723751,24.562126607362288
51.24923320290177,23.3988174033017
49.78744011023653,25.87541279122454
48.0392541417714,25.758272147912734
60.3861371923342,22.381189805446265
62.189681205596216,24.08399143240637
48.69542796357557,21.11151904410538
55.97941910725007,26.92401990431179
47.76883462432312,21.47802747409938
49.778683537132245,22.098811272538935
54.97533776745854,18.756229825034424
62.26892646817818,27.484795137364035
57.109835268373644,28.399272184400967
53.84650379707008,17.0433840180191
53.99273710739367,15.303760062670769
52.88392026207992,10.404851553420322
51.97437990775031,32.03612960641823
51.55976372199298,28.711067995319254
48.631832997662855,16.512397950355357
49.26977808318868,24.505723518234532
41.80022996101282,30.24442723156462
56.30784745084487,29.876779165047957
38.48097991680699,21.37815972446515
52.09600684008309,25.092444829622096
48.96022111182625,26.454815222817118
48.60874115429571,23.536048662214142
47.59727689673438,21.875303052675314
49.280693016346014,22.32670174585264
52.2020929477993,26.253342882621215
50.949555545599054,25.595583406269547
51.1497100423152,23.070535385541433
49.83557857835276,18.488580853593703
49.74044606870471,26.6367765376877
57.87380094360594,23.311285980600175
49.59090752620764,28.8979783083805
51.09825253325318,24.69449853654047
52.817641278021384,32.1089921308013
56.109337658567966,23.48305305825828
49.310278640418964,21.307211299580963
49.625366722898846,22.504002742441497
47.756336495573734,29.31729410255101
49.99546122118005,19.455132936553216
53.00736005524408,26.89044631325565
50.999058128067986,25.411787824280736
47.794074933083564,18.655619575292775
53.20039301454662,27.273918380226817
49.231103948012546,30.46546212933713
49.75787145407171,22.310307067529674
48.170159345144945,22.909742285364498
54.2671353068832,30.333291475293027
50.1059969440393,19.803868593740933
53.28057359811049,24.534856732946185
49.68626607436374,24.854074951904103
52.20439288241897,22.8718394928426
53.00697388527545,27.41264040165901
54.482912339609534,20.597416843707112
48.40765029920252,24.90177954055301
52.15798330983839,23.8598573494021
53.7150157896079,24.940610387675996
49.14095200748328,28.184412160151506
48.88293767995155,26.203878142641035
53.43739483216458,19.663982141676666
61.227398895001556,21.126159145920365
57.40352792353642,24.692855279714713
45.3371119097488,27.82320818544286
50.49797466418059,25.896751544487742
52.34781367562623,23.600646864274395
52.79722388598999,32.13068393551387
51.63011194159067,19.914261222250918
55.01080157355535,29.49022745571
53.67480619021998,27.358552688693088
55.797044114512936,27.182564382038077
53.121767411018084,22.180458903178387
51.25203751728437,29.425783453698283
52.63513412516681,29.761425848245523
56.25003525572801,27.045868560521683
57.74080089699987,30.60465887429018
58.16110041062704,19.035566659480626
52.26933769323218,29.011962291327425
56.07178287652118,26.66595183850852
55.04844430739894,27.731888203985736
47.06667981348852,28.063861088659266
45.547668348173595,29.16458293973656
59.374838351929995,20.988958173359503
49.75730593452858,31.152163465938624
54.49838891963235,24.974367242671974
46.11866329081902,23.717529870565368
52.06063214505449,18.786023518499412
48.89896866435137,20.17044550585902
45.60281144496454,24.236203542680627
52.54491820249965,30.337968378345924
52.02791521863629,24.94310546501276
49.51249743684691,25.58725102219124
57.845128538148124,14.453720278413167
51.55827914290669,27.273021998916725
50.41228288732617,27.558666036245565
48.38333545609976,23.67380752375429
60.395587151867346,30.176860786786907
50.58848555617541,23.97310510485431
51.16000082705308,26.099138925208425
54.45187202260771,25.716016491239635
57.33958497810231,24.116874919993453
53.42164884355139,26.5495961301881
46.77338155212117,20.391869007108394
48.99969091860512,22.99886129734051
56.56003390266602,25.5274324144911
51.06511793748014,23.782325293218626
52.24272797922033,17.654221942979525
50.234856663563384,16.025756024444004
53.57695236965643,24.313583193087652
53.24166357919138,28.643187733504153
51.81912992647218,21.943856913001294
51.184041675306716,26.52271302638935
51.50550774423921,25.42177524304421
49.786535433921955,14.533145778273187
50.600744016760274,25.848890769606108
50.54045924282883,22.875446682636202
63.27214112016341,17.09112746932128
47.566187463022096,29.744783884497593
57.770163500564564,28.66283621590902
48.926431205950095,21.27904126617078
59.88593863008069,28.984468877383843
46.554064777897224,27.098163511321005
56.32186173291136,24.10656280064618
54.99365185372996,24.97248587098639
47.874853827490064,19.287512541938717
49.57508244840823,28.264478516986948
55.46714613363907,25.636861212085616
57.468882125370456,24.37280395494386
60.1329389004189,26.34602152181735
50.059951061522014,26.86701552505429
56.46799430364402,15.10669258361829
51.9357046403406,27.319678414947322
55.15023284377795,24.34502752875254
52.46387535104119,25.21694842388244
55.125100278983226,15.185377476989494
60.33063865318979,20.918931875165505
58.02152747389253,25.868545302268664
39.96539348465594,25.75096903417016
53.31636913113515,17.417933565227784
47.04922422310852,19.919937776466227
53.621109892780716,27.476629752581246
47.9745243487771,21.70043575265305
47.15299211183657,19.621645312281252
63.31211347727084,25.61816381708709
50.99295506550945,23.739942283901296
51.60819357057428,25.22877654822322
53.64435006863919,27.14073678354547
47.95097784857501,28.045952574422966
51.50202828600263,22.585294133849036
50.990614098501325,25.16238871430323
52.12087791097915,22.00013326726625
53.14725833510576,26.80917301872505
51.64379230201173,21.80585956734194
49.02872399103923,21.466924409078707
48.309573155768426,27.851821855407405
56.06663902281049,27.521817950359207
61.46191810573582,28.732878552215514
57.57088723162624,21.00797728351683
48.9534585115688,19.065003711837832
56.068284889632935,18.06211210530098
50.30759424734814,20.839464106450702
52.64063775136728,23.307335721555937
59.56657066745265,22.998222247272587
56.878741640553905,26.0507234463811
58.59685558369578,21.172425069597917
55.90287523861123,25.662274362717195
52.74361460428744,24.532765533618957
48.4973136625781,26.900886049666422
50.71077448397873,23.772693922562244
44.61904034432021,25.393862139321357
44.55990075815732,24.552033109019646
53.1609834760907,26.719588059380683
52.88326337908657,19.660042482028512
53.55367576905759,25.150041823189948
54.382559647490865,24.555425563991328
42.77917207409363,24.70818546404145
49.14488964268729,24.739484922673
53.7628826690581,26.059671976905225
50.72194093066922,28.00184640092269
51.66764983092315,22.67895093696979
50.24785451528396,18.517053917656625
55.7829752656918,19.938362360833104
59.71075330876353,21.82815781630473
45.896057678471486,29.15745808824071
50.3824137653528,22.934088479277886
45.86650548267058,30.536245970046004
52.71128299268679,26.875914098534945
47.24838374605167,19.25940886508118
51.75511770266728,18.144028979590637
53.878808958084754,24.63693586886908
52.200054177372984,15.859886206314
48.34210939492007,22.400525107232628
56.06041971471773,17.793192770468657
52.489182102032785,25.65189927252958
42.101096372395155,23.043039501621315
56.442712032868776,20.88951724117455
53.69851755083864,16.68928877768638
51.867754201333064,17.563785811673085
50.553842687884945,29.276437982737754
50.658072477623804,20.894830186017405
42.41065557732934,22.255922903602464
57.44571403805762,30.642017850478553
47.699513018525685,26.133578598562618
49.865063299494444,32.10400991399858
51.56029790949906,20.113800176253168
57.10709035691569,28.91669853248864
50.44709536929871,24.833273241164978
44.2022980393498,21.041300891103
52.47885412492751,25.19551137604199
49.725167635537275,29.193868161591183
45.34721434072362,23.986076458229732
55.19015132665156,21.86923056724445
49.99391106769839,24.84986044492103
48.066246871829804,25.02330696647151
58.70223872041672,22.665818073050055
51.14657915145751,22.674525389285776
53.829139813854496,28.835055898478167
51.66428494512435,17.810888611385035
60.7213468290136,22.616245498274907
59.081289327998384,25.421004069533197
59.10622985326931,25.729767132739685
48.24117441183532,33.46259278797395
55.632226563105554,21.256598220222113
55.25167073313763,21.503463723402447
50.7451967002852,23.855838967245393
58.1358588928124,13.841089399295397
52.575461509540894,21.501258130687134
54.00618032003149,23.47982117146515
54.273753540782394,29.383384736084928
54.01623685948162,22.538334638404365
53.827402309748365,26.97697621414245
57.749766516018,23.083389864959123
43.01934333145488,21.873293078583277
50.5088505955816,26.309694274159245
59.05934037325604,23.683689238462776
48.05059400574732,30.408628581285107
56.90147939320562,25.82707604218457
55.09505807973166,22.425855402102314
43.0924379815668,31.450059887972245
44.82053496187671,17.88703965499743
50.67997814191198,15.429602624894137
49.38300514951509,27.66568801020563
55.08073513328352,29.18370700779666
64.14426974743402,18.030702135968962
53.23695447023381,25.82917191937073
45.53663368519443,21.57246787668078
51.19571244413289,25.564821330426042
44.47492152883531,20.220905620955953
47.62250287458466,25.33771702581964
57.151897055668655,21.414730397750144
49.55363987827013,27.077283387725927
56.2928253189992,27.698640920426104
46.25842850036969,23.1568524483987
57.30238984098344,15.274014110091304
52.69297728929344,26.567901086874315
47.09855048970477,11.03736034275005
43.474730080829985,28.04095172781718
46.23647011059086,27.992729886126213
52.522741739441514,21.262788715765666
57.55476539917914,30.242076896279272
54.68070092941273,25.8988186261829
51.49685906455062,24.141487516840076
58.3061781164284,23.190980063564144
55.86654825334736,23.34181207924862
58.7482910146369,20.883320028509242
53.94848661228579,21.109169135926763
48.74579017793348,20.816740293687687
48.47843392538135,26.210417124173212
59.29364032953307,24.64742867348076
50.679816097291436,21.388409658972385
48.27995228007666,28.07465918091141
51.028682470153875,23.694514845623683
54.59857259362303,24.50034575541373
52.483851839825256,16.815539483303528
49.751204086012336,17.913809634286242
52.119624033818894,22.131513782479956
57.01249357665668,20.211526657819988
43.84040648318063,18.609535849159215
47.763745504613624,21.058518962003493
54.98459607564344,24.393156491944744
50.13289891517224,20.303659259165315
62.042622863651985,18.64164111453648
50.561862384312704,25.087317826853766
51.882117287019646,25.007304978611234
48.07807068318387,17.464107785368927
61.93390318836673,21.443652959950725
44.98838035482308,21.768731847292457
53.2506425452721,27.788241480527063
58.05485801045379,24.150630960848638
52.725742154642546,15.54407754195045
50.697324335055775,30.894895625599577
55.72439303387756,15.450405565332053
52.2486933870068,24.845280946141582
54.127020718256766,20.125112287486292
54.019535869465734,20.516950256199163
57.813894007203714,28.87164957220685
51.373866937316656,22.708894836137393
62.08790431725252,24.17388945101799
48.83469007402898,25.186277561489618
56.39347489742235,21.830479223282236
47.59724853287391,23.692347338139438
49.786193256473375,25.523941255111488
53.203616165469896,23.985437006565828
49.135013520258184,35.248850181735165
43.42206468042943,25.52079721948231
50.8019111979671,34.03862416841647
48.06496814367729,23.524320234152285
54.37372665611649,22.189758344231755
56.1754422754583,22.046511256529378
53.21564454596492,27.00679844146353
44.429436300742594,28.213728069134696
51.505418848077824,29.253935333426746
50.890923410711146,26.758638101217365
51.886220844873456,21.936585648660632
50.42092868737005,24.606534803361082
43.222795930139114,28.308041294266136
56.174380059436984,26.516595944611204
43.70249710247672,23.84852269400616
55.196377153165884,27.42903175667689
53.423708442423234,18.00165148273453
53.81922050142691,23.905477691625624
39.994671598737575,22.376274847366684
60.317338654885674,12.980103436598803
54.672735504289946,28.81273602162447
50.726215669714165,22.23736978688518
47.718833979534,31.490481996865427
49.7535866619933,28.629876483180077
48.07169208320805,21.14988067272111
56.41766822678443,27.134207480897814
58.479171850998625,16.99090029931838
54.961976391806076,27.053393363532045
56.428124059480496,31.001001746080266
45.0617990992853,20.2014699005678
56.18670112145999,23.580535243150127
48.50295743566507,25.27310930732825
51.054708031970655,15.756344444191521
48.55530499206572,27.899967604815593
50.16497319506983,24.678579790068092
55.36299015305735,24.69272574272853
46.970428433885026,23.23299679032227
55.30727392401447,27.321511643472736
60.02428894464577,19.941403363129233
58.11410818280027,24.698061668592803
59.203909934112474,18.628077759938815
46.414757210218966,19.845375635971912
52.58403616018374,23.262018460228845
51.663344513657,27.392438028260546
52.4687325995701,22.067349959570482
46.768482395757154,25.48254420669388
54.41513641811167,17.016005674586637
55.64741249890518,22.607973651765292
47.93459277361638,21.46700690433926
53.568717200800265,18.180793298340294
54.5605685412488,22.301525775794143
47.776327370176034,20.05577963897251
51.34049529103992,28.941229720863223
48.91048290770419,16.213139598811953
48.500546903232014,27.24974646027596
53.402935578712516,24.82881060363699
49.6706367072374,15.327233432379867
53.11191500376676,24.16147401889588
52.383742237060346,15.893209937995952
42.721367928002934,22.85505696660252
55.62277370972099,26.923603093364378
45.59397590588623,20.388252005469134
53.94121452517044,23.160786022511644
51.67349880622009,20.017520691003504
50.04017629669994,17.274263588360746
55.98323783566848,26.083335555589393
51.58915528087787,31.81986630961594
50.99689372019576,17.999876429709467
56.538675480429546,22.444678229071556
55.45137319820756,24.892713241769645
49.58719186478409,29.824240234209938
57.49475749723608,28.26147143444972
49.778968437674834,23.788975531698558
46.611770339795115,14.336506146793173
52.31022791804078,22.552318001136825
51.558632164393444,24.235326302412105
50.7713811019255,18.978602018006548
49.68893855132319,19.10315092286745
51.927202186562496,26.07228711924901
46.56814720436873,27.248766753935268
52.113471890601765,18.10308461912132
54.40634863838905,19.26570715066883
49.10075831232442,25.435401129718656
56.42874729865594,19.92729024720545
48.35167147932108,24.220396357870836
44.99262474530727,21.134136933626916
50.472989942404936,22.16909766394555
49.588052748867625,23.104272168280055
50.52765934982404,26.607290454191855
57.557543741665974,24.035752568978946
58.5426497712298,21.16971972069841
52.03622831696892,24.76654476719835
49.13303685644255,19.969187519227
49.738265326093206,30.31003821508926
58.526368487046874,25.673949590325126
58.980224337578214,26.072849478926713
59.330973560870675,28.478294741075356
48.6980884623313,13.299092234174141
56.534417032797435,26.699584555512196
55.11896991883422,26.475975420272636
59.84562831716427,24.96617576928424
46.354051767365625,26.166411973434677
57.06615163392871,25.432049839448023
52.36845108444835,18.704350334592885
47.05252988699677,20.6917487242187
54.85590151768265,24.078022361116286
55.23514137666719,21.23159789443904
50.086901572193824,29.576825236665808
47.64686186950113,22.025066580828724
53.191118317996825,23.81469195697875
50.840898208127435,28.82083286749467
62.79800581191235,30.251876375381997
49.42284749512308,25.661080599986448
51.19110600867716,26.548177201870686
53.13255032786077,17.49946730520854
52.77076278647549,25.14911125653669
50.186288651767754,28.121582656409178
48.98325418022408,17.799961573497967
53.91620122161124,17.453032017818035
51.07003850860018,21.063108092061015
52.00509164721354,18.718080132147012
48.92292529110659,19.342624472396388
47.471690298172874,21.87836735917913
59.01097396199087,21.139416047252297
51.89015181949172,15.817647297928616
52.27802991577609,24.489597856474397
45.67076984702587,19.20872968547323
45.92791881690669,25.638157645295294
54.24944435292496,22.877976921776376
50.25423140517315,26.9599395472882
49.11435008165713,19.835222545426898
61.5810052831485,25.68583253837819
60.97014175969773,19.61827710105128
51.98709217177442,28.01087684144263
53.04010925363055,25.109946714861067
57.001903864449744,23.549263162555576
51.71088287045342,21.47404486840674
51.14322141106563,19.829663977646835
53.94026807745593,27.99607060458503
55.479843079707514,28.43431249327109
53.25171164431759,28.93902193778091
57.50372302882822,25.294420222977568
53.159300472172156,24.698614774768902
51.426135201337296,21.629621015418223
45.01318556837164,21.020278914603452
48.837484560929305,18.73384098407405
55.265006552760745,26.336634520792536
51.831004116582534,20.82679365091634
52.79599126583794,18.322775387358952
58.59705056304427,19.094490770875133
52.22677952033232,22.411103584028194
50.31206128727373,18.557920842519717
44.32406863127661,24.17861771776524
51.42648784187492,17.61189041219243
52.97150778192383,30.980170555576507
49.049378223409555,28.883010769860693
58.372455097681495,19.374288612119926
57.24985157419599,21.71876267545103
50.196648062042236,20.71555292553682
58.631647697207605,32.05956480228753
39.80357286741706,26.112057675574608
53.642923332414455,22.73777627860853
48.62574064764408,27.22020002810195
50.83970396476393,20.509727400904698
53.02822416517237,23.59505815199934
59.52093576992242,24.965750265970787
54.297797158025645,25.772059081623613
53.8287439707091,27.4060315392188
54.890864730254705,24.183265492146113
54.919912134916416,22.762730164720985
51.396118050214966,19.071915346687252
57.88213549001447,22.442852638586334
55.54356510768751,26.692310616329614
59.57282471355835,22.453918597168528
49.19312240633539,20.814073703512765
53.03594979994906,25.302417149324732
47.74032990565908,25.58015655080647
51.327881392481835,24.713621009995364
53.18709479364124,25.90133428406717
56.555041393774076,19.865878489498126
46.75936120314985,24.886346112070644
51.414820740754976,27.810432255983578
46.795403735287294,24.793624572859244
43.69255752021981,19.293214507237437
54.20224243226472,33.3481450545565
49.54303110550408,20.63880122452324
56.938110375497715,28.4281985168713
57.13848197562606,23.37579802861588
43.51802369545521,21.724014309362218
55.53564485989962,18.39306336137701
48.369443817588945,17.732421424509997
49.644959340171425,18.4825824848482
53.88623956724976,27.140981149091782
51.635541245003665,20.706329633859283
56.45385517586951,20.43679207509773
52.75002540931183,23.962892192120385
52.09560943297107,23.49779771461227
56.548967821346736,26.257674333867296
53.02528643175062,20.815833782545226
51.4369568183383,27.6233771950907
54.79933710064464,23.126668493546404
55.61208265061945,21.63410896529719
53.60610956869857,14.628009553236598
53.37950142248679,24.767601076703315
55.49350528774032,24.97643870015521
58.041580158110534,30.270261664440433
54.60171675476659,26.55631348069473
51.07812625841461,28.856992278309523
48.83274056645003,20.182994497480156
50.64356366546598,30.128926067089385
49.94887605688164,14.51528373416333
45.955376973206825,21.141044992701975
48.14921052724169,26.65296761202465
55.58848121712813,21.64696251235723
49.4833266988102,23.40970230729981
58.884454167140255,21.48262638207006
49.57346551541449,19.027925758995252
52.09537751988207,25.448104772307417
56.1778664202456,25.94890857587727
43.932167669313415,22.073667233901677
53.46129900753773,17.86863967415818
61.005701712833435,21.65935956661802
49.105223806812155,19.259615748927704
46.08767832120279,22.325452148847837
50.75172629797516,26.24721485690489
44.969767785641665,18.644231145743888
56.12074036433757,25.343296601692774
59.1664235774522,23.65505037604596
51.07396144766125,33.50487984094897
49.22938264750269,26.89410101949451
48.29789608888347,27.3646243075925
49.927483095235715,20.091950071265018
49.81879491119675,27.550676468370188
53.08718361613384,29.599250158319315
51.58673952183944,22.426339908298843
51.49304491522158,24.3436756195371
46.666097651717365,26.844350889837145
44.43765487641963,22.945089064101918
47.847857162467186,27.11902019592903
45.32587000939237,25.85218081445219
49.69444862055769,13.538352899529738
52.32569946548819,20.97856926211948
50.61962832174562,25.350263572876045
51.974939036171534,27.20663935955523
52.43692546453507,27.98514864444931
50.994992879702345,26.450538722426597
54.49666211036307,27.171705455772095
44.21815195797736,27.09111570300646
47.58716744459837,24.398913472105008
52.024273614043366,22.490396904793776
51.988326520033496,27.06539319818274
53.636784682277515,24.57142211068287
58.057329972037294,19.01497665443041
54.23672360377051,26.197409366765793
58.220021790301516,20.211522780780886
55.98732233388771,19.059518330407997
48.8833321017108,20.458547090488068
53.05010695130351,12.492464033525723
58.162662742473344,14.025484402398284
54.63069267774862,30.332426181570543
48.91148539380327,25.878568263387706
57.62173097591743,23.853732194433842
57.12776382906873,25.77221145529533
53.77715145035765,21.655353427368652
52.195660039770345,23.201777953654826
53.11987355421411,29.26364147618401
53.54517599698793,19.545617959024995
47.782087333408604,24.164040889919235
53.05864339965838,20.905581979281337
51.4442111754547,24.517413055939993
53.56005758899344,32.837545464223645
45.837219694875415,24.136800967895528
54.04392420549357,21.11120692281144
48.89630831132959,24.596530951624747
50.629372288859095,27.78837413584084
47.09346080138336,26.52753671116869
59.17590091210111,24.600434999655242
47.46618016771166,17.192094221545528
52.82432097014462,29.058349766801413
61.906203693845804,19.821337608867655
46.76180590505824,16.263935193686752
53.75095117036857,25.909816649527432
51.100789209335204,21.890979363321424
52.864485167344874,20.580895487533322
54.176597076064965,17.22230755761617
53.27398185921626,19.11245457809999
61.703871915001834,26.16357384988236
46.82524896456256,28.431259796714386
49.49245114487246,25.443732597613753
51.71551156131932,22.610433106322336
55.126017171478914,21.800870420547707
56.00414879413718,23.46732128224522
58.467599746893754,31.426878554161096
54.25995613658314,18.548633996024044
52.25212223643501,31.499233352513656
63.10225774924895,16.89065774582258
50.402440574760234,27.402165109994698
47.72050096920931,30.442117965470604
58.6557947203037,20.77608176846747
57.77932409882101,17.15543414329045
49.57229271107796,25.82926356787599
54.06481453114489,20.66250664857408
53.49328219090604,18.49375648022626
52.31631669458692,28.221473248013766
50.73429610017779,18.696950076903985
50.47921689470459,16.706958570104213
50.44327125641594,27.720687469103098
57.06337689322693,19.829630311196567
51.70728305002439,23.440297616033153
45.22787373581198,22.27619888113559
52.3998022124561,13.55051010618657
53.17127551881234,28.38719226274879
51.370162469486104,26.95161102807723
48.498359618087235,22.63439811355577
54.96430224398161,18.511657915702735
48.14719328302928,26.19244147190884
48.45153496538253,19.93381252307981
42.8428220732835,21.88382673596461
48.17369676093343,19.24986203589848
51.01478113376827,18.54080709484356
51.70302831939444,20.811028861995865
51.16250813821392,32.57854763406057
50.694205331839676,20.33097872631066
46.604456645937354,22.117199160213797
54.764678757903006,22.310714645251803
47.666596462084314,27.79749356069551
51.6477133339449,33.07464248306372
57.14564275318651,27.113616704777662
55.4013757118036,23.285928376032057
51.90651536972645,31.071405857762173
52.54857969214299,29.40952386844621
51.606178126439076,24.45133991213323
50.97261996102744,19.505814507339977
50.32114812269917,25.973479872465173
55.11663290707595,18.19432584399753
49.375998201553934,25.53185821453106
59.820763578500994,23.694931559004296
52.179082144426886,27.38551113080996
53.252602701963056,27.315658450065804
56.020533989980336,20.631644942609043
44.66437821836067,20.995596099795826
53.31894027080002,24.143627491112625
56.5873041475888,23.302743609363883
55.5919515496353,31.7944583696073
54.53111425668384,21.243132127480827
46.304980263116796,20.671692613369437
45.29065104470048,24.356021669054094
52.00604477054148,26.91157696174327
53.79758496218264,17.13493370173535
53.50160126295868,25.194295903701136
51.628899989936215,20.43726277259448
59.43401462143153,29.128486005202056
49.247419972322895,27.86003592407109
52.114160639235976,19.562596449557812
51.288237643999345,33.5519665031882
53.7469329962631,26.536617967485203
55.096600629715205,26.655391515109258
44.54131140854366,18.557929732993454
57.09825519484077,26.60333583770973
52.41982043883759,22.743403728511716
53.98572414417515,23.76552176116219
41.08705177822503,22.608072891214267
52.45562627739073,27.67381399510934
50.67988445182791,24.951508915130198
52.696456609077224,26.508838303454304
50.141843553620234,21.56629345920154
56.447628678783715,21.66549343769304
55.56484419027543,30.42368616789807
54.24602186907634,22.376278076048564
54.320072617089245,16.901201507454566
54.796415926379254,26.534696240344047
55.65943038299155,28.563517407928085
48.276966692093566,26.49242752330892
46.167587975652026,23.0705469986797
51.473721174105165,24.752299702190008
52.9774526156212,22.725407310155955
47.28422903340585,19.791858808403852
43.03229959082138,27.518382442951914
55.35911388904193,22.128819502276524
61.59369215245206,31.41201241472798
55.86170261983353,28.03393024991612
44.86017983921232,22.764091936022254
51.29896513128947,24.210476131736876
46.459773082706555,33.16681363020042
59.83975441447328,23.39419486881636
55.886703392364986,20.588768020970534
58.72019588278833,22.41611408769519
53.37735118622206,19.548163462354704
50.22001916737397,28.155774318095204
56.47883083431083,18.393524200746803
56.55849594916309,20.234862587241427
43.59988783980587,26.421721225071035
51.29210952979943,21.46223620847485
56.840706472001294,29.612865413453736
53.749558157136946,21.713637900619183
50.88844050101243,24.933283906323556
57.15786003159695,25.73402254269086
48.94113092304782,19.625540472880104
56.26589888237686,31.37087295777168
55.32276143751898,16.721344822249478
49.001927217034535,22.575672504619924
48.68720879951312,26.618928263585985
52.28684113243327,24.257271186679304
51.116462974885586,26.831075087832584
56.352996884604764,28.147995064642853
49.660434810143585,18.377491271557407
56.78648362553751,29.062108213028445
48.161679187494286,20.769895269191466
57.011630694980134,22.48027632233257
52.76121600154149,27.41733123419999
57.3957010525144,21.54907672144883
45.91580328710906,25.65439627156777
55.43882866417,26.25086233594055
57.52083225644482,27.982356522158476
52.993287182072045,25.327155876420445
49.06310144098899,21.28264958412901
45.78485575983567,26.612808501696623
49.54179909002663,17.316380703384112
49.259781840622,19.437401891512945
60.10563087566239,27.021300286345006
55.75202589745769,27.39209361092026
48.77709566631014,31.46982072242591
55.20404622772544,25.31122255551595
56.8871107444713,25.0932457226083
45.21313452278039,22.349683999198593
55.348039302276874,33.12077906281924
53.56961396543062,25.367061069713078
56.63715203493922,17.75083025607515
53.50128443931628,15.276878425517454
46.34242347547456,27.926621638767976
53.775774030034434,22.19005152780044
56.75661378866668,29.425409663697337
53.25323276735764,25.458733990904673
57.42304637546941,24.83807453977237
58.40783389955334,19.207097073459057
44.724727357403744,30.221300752399824
54.9437568655892,25.53252639579959
53.34532718121431,27.738190078450533
49.396146885742006,24.29878905634246
54.867472988538395,21.857396673134645
51.6183090061699,19.989625398278974
50.770039089766065,24.143428955068114
49.852429468837684,16.84553292556608
50.458518653646856,21.929983127432042
60.04574125941121,24.152864352363945
55.160896102009076,15.145329513900005
53.32659483974461,25.938436796728766
54.596985468883375,16.71736177810785
55.00117672446447,26.828713694609466
53.54121521602929,23.236768136311085
55.51925138631916,24.11936673878416
54.73803434461671,25.037217495507726
54.211988688404496,26.783507919269333
47.437182613729725,19.376308727253566
51.48306410072408,16.919858241516778
51.10959820218929,21.613033477333108
46.53799532603524,26.801360558997764
57.16240567092941,18.990353875402654
53.0977998447197,20.493447037754162
48.090759450604835,17.31486058127784
56.07084906089334,22.465444410033815
52.83343284904344,21.383352464968095
58.726041521960845,19.62879909049081
49.3738589939165,24.602946652486782
48.479122360910225,32.96034202778847
45.32843446375737,25.488018920947425
55.40730818756331,21.884783378220234
50.3198343446344,22.46398689289336
54.64922454037169,21.798492579792025
53.48424657861051,21.547960181272018
55.82177551293316,20.825708044005584
51.62905481539748,27.64714127122245
51.25471720197999,24.979828729123504
51.00856423506865,24.96684103917089
49.30701474441406,15.042120521542834
52.8158654001599,23.854213902925892
48.39647443487069,22.55900037113166
56.16347400798845,20.210558108692112
46.324085087008655,22.82370329504047
57.069925303968574,21.832957171571536
51.817734223421255,22.000048906010512
46.58962164413061,22.732656369315272
51.43896881593917,24.622874573749392
51.799415310523635,17.635943682254396
53.514402140673035,22.795810414674314
54.19955674621201,17.00172812907522
47.7230030936815,24.576706508358697
53.18021129210052,26.742024837106843
58.44310337980733,21.326065373549756
43.20011963094974,24.339417890952987
57.54090464062292,28.47399450889551
48.06427596827058,27.957410936110186
55.10053185331192,25.17879018676431
54.23341291883844,19.384014462400515
49.33719749016428,25.29298653801694
46.32282356689842,30.621330251581934
57.00061770773887,24.266218446067725
56.18684311413725,24.86892956014216
53.778084578377516,21.84326683834968
58.26287095750025,24.345785959256503
55.6654742524159,17.065645228954526
51.041615268217285,24.666483115786367
50.55002049472773,22.560625683439536
58.58336686721516,19.33021953016218
53.75285768837927,16.100163511361153
48.79947238505547,24.023854226628014
60.630520839841466,31.321930239764352
56.51049320620019,30.29695708960682
49.23361070799099,25.877084067373477
51.43195824453945,22.173546061151576
53.71158332460679,29.695164725966364
48.81939598902301,16.118979101959404
52.870844917961264,22.27622446500328
54.284260696384784,23.59136816034772
52.160831528643605,26.83226881348329
48.47516066403308,18.032593969395382
39.34677439471727,23.39116008089156
53.286890780954565,20.895676237513793
45.21164053481966,26.184438898086892
52.74385665181005,22.250189345099525
49.09796883364865,22.134538174286686
55.67483007191206,25.93011290093132
49.89732529269644,19.759521431296935
52.33247955951038,29.371204857601036
56.59153349185251,28.044294324554375
53.48235459022012,23.319379975214144
52.60671327865089,24.68012547439528
48.84951614798304,27.37671152876034
40.61909092844725,32.978813625507954
50.61483840172285,28.30538571114958
47.85733601273596,23.295985984998826
47.02558999070489,24.452228792002455
56.226684102586034,18.165071424233577
53.430508439137284,22.61959749098754
49.92013195669121,21.50911325423531
48.413507651455376,21.21698168849371
56.97301672661965,20.340934486241594
54.845963710380516,27.12749790492537
55.71356379565567,24.985285223915813
51.088903919991836,26.17532047486408
49.26543125070145,21.25902663248166
52.12229577820041,27.047609899682072
54.678313163132984,15.102837460554188
48.742461196707175,16.781895529009088
59.28534503731505,26.19635748604132
48.06984599991787,13.593868418583202
53.90001787074888,27.92779588303416
56.96397081570373,22.675184409354813
50.43777385384628,17.602665723488936
48.12209052912994,25.051953893911598
55.491252197004684,20.91625006187558
52.36690652232068,29.807217405183636
59.73899152708225,23.894339401302158
54.019767844426795,15.699504460375303
52.64230821934666,21.397154194757167
51.55681802598268,31.70592926571903
55.916875736225094,21.55748956181074
50.2208222001939,24.232790052829667
49.374937251753096,28.68281961676745
42.7584032184395,14.362182049214958
47.97735796679102,16.85710059153729
43.463072402830505,26.837200234472657
53.848418009521794,26.14860641715681
48.96714179880193,18.14349693859301
49.25777754061877,22.772214270151665
54.92329658533964,23.609828809915644
49.26020194965986,20.725421471600107
56.40396799364201,31.220183226879616
53.444000703785726,21.914632698205228
47.9120364632828,23.10326381695292
44.39628959931795,16.01573580990636
53.96672444992034,16.289608097895638
45.15305599145137,24.99563210986788
57.23737629054422,24.14071407150013
50.38554372744069,14.73055917010535
52.87823536192336,21.35924734308808
51.516599632249644,30.782137386812924
52.65507802250494,26.681006093013565
53.77171695558332,26.289498142057337
60.8879038040755,20.801210075606374
45.619846000614146,19.282918227089958
42.35811869963662,20.82890491017734
57.794974883090696,29.769960045472743
51.695641675128,31.406479048472967
57.354419894136214,28.647421988337918
41.45401559618534,25.362937033244766
53.2299232114074,16.2305840900999
49.73792468359188,28.915507304735385
53.96095486587628,22.230468305570234
48.876962228909676,18.313029282720883
48.15633462618061,27.048702841586188
50.4967102683404,25.55912254363511
45.32882480692322,23.94572423510769
49.919707475860434,23.712745340491477
53.29461499784835,19.900923049146936
51.757743301857914,28.691537726048132
57.96346651324703,13.818065690386508
47.51078725614271,20.590612579094014
53.85522910578181,27.820910817910853
56.828247985718576,14.32319234662838
50.30800927110792,22.389397122991202
62.81214463626888,17.234512302943273
45.687615109572974,26.374932379741004
48.24227885842743,18.643396243431912
53.59795820681468,20.657199894769548
48.73863547191264,22.181358122069955
48.220755190988314,24.903830675402144
54.92027364463045,14.468046904953303
49.72942215404167,25.627861546817563
44.99317404863964,26.245305351093563
48.94775357343961,18.71731302569233
48.83133721225891,24.07038968330386
45.61676076268268,22.885148243939316
53.3289293454823,26.4273861721349
51.040772843491666,19.319815145475587
48.01677344365871,22.58399103396806
52.901795452725196,22.279240259865905
49.15746367560815,15.2137057779548
51.90297971463999,26.13643078726248
54.279819502471476,24.965423998629877
51.7607731442724,28.265420929333253
52.9158409676708,28.42049947486776
50.68983218291732,26.746386557265343
49.52217945764494,28.514424682882407
50.03415549364116,29.835160534875683
58.40941814741478,21.750239427842356
55.726601473602045,24.026173893022115
56.19988289955682,19.39438752928783
48.15766995048259,25.173137333865036
48.91952676428041,24.458890688623754
52.78459636854479,21.725596430093024
61.375463778799784,20.6705365017831
56.26739692024892,27.31662135324635
55.30667953024076,24.41692793664321
55.74119193948567,26.283971161142414
46.13553124250825,18.388264829927152
55.63711985227476,22.86045348283631
57.36508348534642,23.662669756091965
47.23014213657857,29.681181564234205
52.907871961503155,21.825086088092867
46.57535244384748,26.115925649790938
54.71439228508081,30.085180379108238
51.65679421047022,27.40551844700542
57.66975061020259,17.86337876004237
56.25143377970965,21.319657945418513
53.54024301543899,16.75180621926368
55.042279379931784,26.39127096059329
54.09490470116196,18.962892648931227
53.497978106782845,23.362589158553835
55.87513742347831,26.982826281365032
46.74855341352159,27.398384008435137
49.09170023172527,28.07062932929251
53.90092967279738,25.526263233835355
56.51488170059382,28.80730962514923
51.66150002422896,26.714779273135605
51.99165866351672,20.43929430587584
59.041464840622055,23.019562551316916
54.88372678263222,23.34066399817038
56.24610157461579,17.985647481162783
50.693703661682754,13.53305109734697
53.641972236914675,30.296234145597296
55.37774176804576,20.989339558694805
54.58782613563814,31.53010378156895
59.6046957551265,24.443748688134693
51.77675077196799,20.327236067517703
58.265413780475704,25.28279463765822
53.02947795704946,28.78841097563142
54.11272763653564,20.11026199289253
47.599223657750045,24.633070769325737
51.02435810514348,28.46835956232686
42.816174428490186,22.831619162312766
55.1766006900501,29.235516504701682
48.83832668240586,23.51372176490756
53.18100690240898,25.91025022275818
47.33500463163293,26.329396458684904
55.698473813625725,23.32335444042935
50.21300757266569,26.421272215829674
51.09304929239632,18.52242005549212
52.448728400364,22.679430098124037
57.76936901801474,20.10469262039323
58.788891109626796,14.418912260448586
51.046707930241666,24.858356157496548
54.008016750150304,26.75963778012746
49.72781770215792,23.10174912548547
47.811749371703804,27.934195593680545
50.81194438950949,21.2531550948619
48.920273558298625,20.310405272373025
54.308991148715506,24.996919143901476
54.965705487833716,24.114807944834407
49.411767825665926,29.311233170302458
54.922989061755494,21.00047422980964
47.234625101485726,30.82531333420806
55.75189869500955,17.560863534718507
57.86323858114831,26.572207600014856
50.7419729422817,21.08358942698202
50.51030204974013,22.781611428340284
49.2708338942315,14.13531770967775
52.9947410258778,27.657814205326922
54.49974254349684,18.915128890597877
55.11377800552753,19.210490064255467
56.78231928853809,21.666482545684246
54.623353949580284,25.355350648622107
43.1202904268961,24.578438067885376
52.989075062133494,25.290541131629233
49.59972782694643,15.222731145161484
53.44308226548415,23.003769101415223
52.79200330575285,41.51906009785514
51.11955203784341,42.07400790593887
48.323720828684124,44.61484469237185
48.66705327858855,43.44318959124712
48.32687885689421,41.37638164156341
48.60741403243161,40.91017134743066
44.309507368958215,43.667819055059965
49.86769098187017,42.66866906470709
46.96450742409488,42.67146423946887
50.41492786405511,42.03116712516509
46.484310113856665,42.98320449125725
49.74002034230807,40.398252937915316
51.19388435162963,40.730363693765874
43.44883213600884,40.97518804078457
47.422135226178405,41.84895758443619
47.80852733869222,45.24958980630026
47.85280578145429,40.42483253436906
44.97246808943894,42.10444570201712
48.67836400145708,42.156331644132145
52.40210205251278,40.99666549050875
47.15825497544093,45.60910061182604
48.85717061100174,40.489849970627496
48.69047178867788,46.815937991882215
52.23611249850006,41.536724519440746
45.53651254996498,41.34582883512973
46.059111616285705,39.051948482946166
49.76551527484982,40.81344157042127
47.326520832773525,42.85922092952481
46.50658646071936,42.53703945620895
48.933396285089316,40.230073986067964
46.105359480902735,40.608845398149185
48.27834410118813,43.85576336375089
45.61629136628667,40.835680693866905
50.895146142256124,42.913828355521304
47.33399070342544,43.29426392347052
50.45581551366608,39.89577295304784
51.46454180068342,44.08619662711084
45.58563825239861,41.65715997884349
47.043376405350394,40.498918552371336
44.88285135876652,37.857301727573756
50.57587909029579,41.26426308194453
47.98410018052337,41.83182111349153
50.533932981163986,36.97626426600453
50.13201681350127,40.90454812716433
49.44975336007092,43.41943717643227
47.07434337046474,37.80528733016372
47.1700129785311,40.72175659569319
46.42736470748098,47.14329975921431
49.437643914110964,39.59499154290897
45.8102253274393,43.425688798499145
45.74932393739351,46.45079789840737
46.66292779003656,42.68530322643664
50.607376546145005,43.9006221396902
48.68259107298677,37.836045624424656
50.95980064450218,42.97019855181469
48.451283621161366,41.91083909176366
47.6419027752441,38.58485990791511
50.652823474271,42.74877027873306
49.34589065671444,42.288139360445456
46.131427824254644,40.36841545297433
44.13180695951331,39.08029092493306
49.677954988507075,40.63336985862075
50.370189013590014,44.45121159745236
48.63675451046634,39.784006624172775
49.46583847483004,40.74540574111097
49.39109534559115,40.81161078585479
48.93671617370751,39.27388767526268
46.00659824652541,38.20156745968384
51.701786624890616,41.34075902533815
46.17611165235246,44.19890477569366
43.574305040109856,43.16353095725432
47.027530835738936,43.97303985745514
47.2467495972593,41.499318187219004
47.4526022139791,39.5340742082929
49.53514208651184,42.03007399988788
49.7070045716135,40.10602821815618
47.768731366289835,40.571473292799055
45.24907757590056,40.56196803145153
48.77496262612075,41.69134527520144
50.399880590561,41.17827687410927
48.512695411949345,40.933153411393796
51.2116108771873,44.83022770589614
45.99957508192914,41.159193732926084
51.672207350304895,40.7235473846048
50.474528914412744,42.70210410155305
47.28949718225858,41.65518413883623
50.551456454366516,39.374171285957544
47.470482426730555,40.41215855985089
49.8525706492717,40.43831606889285
46.77811145165683,37.481059152406594
46.93966626777721,41.958179162662134
51.72954718219606,42.22324807090871
46.8624888499458,41.86570198205687
52.15300580029898,42.67304678920048
46.38953028751113,39.10786544175957
49.75027969439505,40.492425381363944
49.66124432602833,42.343480571970794
47.43468866002547,40.00154693862243
47.443353713072824,44.90075048487008
46.81337646786422,42.0234016205285
45.52514783485052,38.92987839533308
50.115146918272195,40.647469502403474
50.919523997328014,40.898806789951756
49.522559782804656,40.92063653114308
50.23530118296026,40.65376258074862
47.184170362801716,42.5460605487965
50.27655705814359,44.89191349188117
49.9770722601587,42.598672303720406
48.166482789088235,42.13825898185438
48.97553507238352,38.67467865554233
47.71758455861011,39.342689979550954
44.763729191349476,39.41384896699263
49.269808203237645,38.6968159600115
45.17342459573654,42.66169104589009
46.957056915790474,41.9240865623979
49.71241650273421,41.35222063288684
51.144225869830805,37.075241436968
46.45654828709392,41.089345524455375
50.10523772441592,38.105761377099256
49.497069523566644,39.42324926606581
48.62319032657274,37.86917197639472
48.722368376758645,40.22438081043615
49.318227219934265,40.38295568567308
48.94857954132042,38.756761995052344
50.73714122644569,43.23392094082131
47.61070915442225,42.995041782420905
44.07492808344359,42.2229907070348
51.534004055115254,44.201941626623906
52.684386096889185,39.323955590412446
49.82459847373979,43.31610817857678
49.89509248258468,40.07402650154557
48.08855961336611,38.84239637884371
50.89037696706023,43.98599896142151
48.88093471828202,44.95956571962916
47.55615534575043,41.73818926231317
48.04748056980494,46.071540265910265
49.90663401662492,41.06501984259965
49.88533289964203,41.48300914752394
49.08375910397458,42.12448440048943
48.413798752002094,43.729659400084195
48.84219011367781,38.7572438273007
47.976940974462885,43.22157342805479
47.83260599486513,38.628553388982574
45.55970524665118,41.42373143039906
47.807980787137666,41.54711021284167
51.30766928083525,40.45986425711523
48.272869847123395,40.40674397934143
50.86425438543887,40.985792271478275
47.1076988430053,40.99790781409804
46.34506726255501,44.692328064294095
51.466936665871316,42.75250164034627
49.692595292527656,40.31557589987163
48.87833935400513,42.618815723963756
48.52536099993288,43.27539055800432
52.14351526672361,40.517509000161965
50.070568604673106,42.31442501555829
49.04464278342248,36.86381830585607
51.76112619717952,44.22634836239021
46.8781494079372,38.45861111432366
49.35806896849311,41.223495135281915
48.58346614782527,41.559506585933754
48.71696037072026,44.8949847480463
48.38468050871757,42.46800689763446
49.26156614026431,40.75504797616124
48.100810301275175,42.39834378959356
45.90869382980143,38.76280024508864
45.72085087131336,41.87350896988077
50.661178675242496,42.34765638154347
51.242727988929616,37.164996391564976
52.25295336808122,42.253867696753154
48.742279618125394,40.791800282540834
41.91553576564024,43.17666502581401
50.6293797900186,41.29399531180483
48.24375657635105,39.18921360686486
47.2368964973545,39.03024406853083
49.87203070363767,43.099246830995284
48.40139087226034,40.32920184591658
47.32589135582343,39.43167139922476
49.894788740551924,42.371299956448716
49.44005940794113,38.500785922061006
52.694450843499695,41.75251900340644
51.70859798376234,37.66377951345352
47.38644237990293,38.11549756302845
50.16324762129237,42.68555257122037
49.00940592184985,39.176977935999226
49.63633344526428,44.14822079300249
46.781629550635664,38.260971065866805
47.4962292715735,41.203266486281855
49.811189387205374,44.56638157462809
51.044106798970354,41.242396642713835
49.66368696316621,40.34258305305805
52.49065872073725,43.72304390576624
52.15383251103466,39.64945572573826
46.77231361187187,43.43799624338689
55.17677714377672,42.65626766449467
46.113347321723055,40.82705964026656
48.23139564619902,41.706782790257655
50.33938199754387,39.846294377960625
47.88449615819269,40.63264552489331
50.98645403684948,46.07946787947631
52.02878946563138,39.22301096295748
47.42318497398732,41.18949078924913
47.97468624267783,37.79225664509998
47.153007077548786,41.057555312822586
50.04001739187669,40.01700819611057
50.978671710484576,42.151597609026396
48.63706065995725,43.2635499841486
49.29937500781678,43.5332473833878
49.116245843879476,41.58595758829985
52.54267622876303,41.37967948072389
50.461659882324284,41.86953324424189
49.97821667728879,41.45864290513783
47.694758547230926,43.12793957829666
52.08830674729514,42.76537895868229
52.81422643703015,37.07787061041405
43.509522132495576,44.150617452443356
47.64289424618577,41.70037572827396
51.01655938312381,41.71683763806174
51.475186110848306,41.00362807546911
52.54634462267745,39.944173267969234
47.95357893880842,41.97643918191946
51.16370247084924,44.05555016215915
45.54207241150163,42.62629016154332
51.303860801707366,41.37348182328475
49.98315504800196,39.83163204327958
50.70098475947205,43.13988875954909
49.24721573771204,39.20620240975766
48.98511042431839,43.47602037987573
49.93748811933246,36.613314331121664
44.5859792916694,41.78367800676396
48.13210673775588,38.51468060405351
50.59119503055543,41.56359206380835
49.92810611758158,43.92054279114733
53.12342934462643,43.64717278027141
48.217537267442324,37.71789199499926
50.42722190992828,39.55715069717801
51.149725596762146,41.90858235288296
44.628344923996224,39.5420088697794
50.91237215998834,42.545293766224404
52.75498414969794,41.79822303883811
50.054327386898514,38.90992266952683
47.61173919324837,41.0061986661406
48.21037871778381,41.9662494257881
49.600096289737714,40.871999050371066
47.42671833752095,40.54266019944322
49.33626070725776,36.64371146246854
49.93661768332944,40.37460580384853
53.13359689827505,41.321272094893715
52.16222302193264,41.396424675094536
50.43265784853829,41.45766808676033
47.81922669847107,39.899712510191414
50.47325558029542,41.33367159296427
48.61680821992628,39.44421441920756
48.4505925214011,42.44457583540972
51.3758302783489,40.95190663862118
48.20128173821249,37.81375986980885
48.49836995459041,42.114131273831426
50.791026911243335,43.08855682896767
45.19297912622872,38.16949626702924
49.050587850760785,40.66596104456338
49.89850367763164,40.831805381233
46.96936384320616,42.47495255430619
49.095936927466646,42.751412603302526
49.74030807872336,43.22890855245019
48.33084703873392,41.02034896205898
47.46586499732721,38.89738091402498
48.27008139877461,42.18425988976411
47.22099448331428,40.121857988554176
45.169159895155346,37.57686531059446
48.36508861949859,41.42971888913316
45.20971631440409,39.59289160147745
48.95642595695836,44.55214717169739
45.45738911731439,41.729176011556724
51.71482057564108,38.80305962355309
48.138858639152204,37.92062226203273
50.419982671048174,40.53948298986884
51.12881458393124,44.359104413230455
43.85421917539819,40.04239225411047
50.13387190041954,42.07542814636585
51.339259968854904,43.110331121910875
45.73289010258483,40.03966348515022
51.02441768300518,41.1681992977302
45.40508380550727,40.05106466249193
46.16550368599254,39.365349425389965
50.1856534457406,41.08039710815412
52.084477250952666,41.75155494916882
44.79825024242758,40.891946846633914
45.39179178438233,40.278188152144885
51.30262301822112,41.53280574008116
46.249751685403965,40.281507343706366
46.34094825533845,42.45156020663232
50.99881902102284,42.606264655137046
48.362256529006935,39.038616467303875
50.35428375674753,40.01162714013319
49.168754420486934,41.70148251948839
46.119736569571785,43.80785376380078
51.04266760094919,45.09525985361367
46.43505190974564,43.3560083596197
46.69980362307494,41.80868662161292
47.59529752857271,42.89753779035237
44.96844688954793,44.54241971149385
48.96326947666894,38.71143943828665
48.321748955823324,43.117114155601975
49.73351928048908,43.61640221959715
50.010853912108104,42.298874523895044
49.157094126437784,40.60966271720327
48.39638438656447,41.3850507922376
52.41464755836847,37.69487126502453
47.89920583308821,43.09324485656876
51.427968632177496,37.620500959821356
49.15318027449963,42.67374698519033
52.01092241904831,38.61551291032497
47.422742944097706,37.79304887251651
49.37548620161766,43.743930018481194
48.094312609049744,38.658204459605535
53.55809473535697,39.20874040057999
49.75264589323706,39.126502517827646
50.90024383500446,37.916170291114476
49.248812019592386,40.441040544044384
46.61665930151805,40.07760621888297
48.25945712035434,39.25432626317397
48.462321305792656,40.19935458567991
49.77864788778194,40.515454809583886
50.550320147360836,37.93962673249543
46.86034955576582,40.167065940171454
49.19763328953328,39.53154082872007
47.9651279305198,38.53775862160189
46.58934412761714,43.844517665240325
49.091211165696585,38.623629488278354
47.489637510826064,41.76353899936988
48.82912755675529,41.68244418944125
51.14773776491593,41.834341310046554
46.43883215693863,38.38110816407875
45.22699109062789,42.00749349973171
48.64061877529426,39.3180614911924
50.51071136023374,43.233359312576184
48.72054388983333,42.335507205397164
48.8902218972905,41.3406697366923
52.08650405202412,47.227418548273995
51.79794194163136,43.89063244012568
47.51296265524877,42.826169635590205
54.57093718894172,38.86188912144764
45.738448716923365,38.86805536695656
47.44039825240349,44.77692667183673
48.27861452929265,39.82383471635835
49.462228818755996,42.9601002595143
50.14729786205205,40.066686102674886
48.298461247886266,37.434002423847176
50.52369951456631,38.43589493112748
47.072783521536714,44.68698617167035
48.05910656417404,43.92775758197136
51.948315143113,41.6170327057992
46.58888572146367,39.59427517279058
48.46626388236548,42.19934722191637
46.76185826476621,38.779532746364396
50.136255701670414,45.17893144928331
43.171165727223084,41.65464196593198
48.45665786433575,41.868724189587
47.6742940107824,41.646298004553955
47.608647215701275,39.70535497618813
48.72890669485375,42.087049799456985
48.14269355433777,43.50529025974204
50.002365829994154,41.003928692634666
48.90193363442352,39.94964301505486
50.14637247376206,43.341498189323914
47.47371931975839,44.57578604763135
47.113351361191576,39.606879651776154
48.64168232945883,38.25833103253287
49.718426029336406,43.53957736957629
44.457005745173404,42.43550010359966
49.41499689339874,41.25377608370984
49.03838554715491,41.876002617881575
50.17219642532628,40.05554180586162
47.837159991612594,40.37895778931749
50.05838366253003,41.22051217061536
47.72117334587654,45.40850506407968
48.37173611148154,42.45979340651602
49.39446604397318,42.201672670289895
49.961913197398594,42.85509699789023
49.64752616066872,40.03461649121288
49.24310333682804,40.79628156279858
43.66993863139335,41.20079098312465
47.031946946118964,41.48944833857822
47.72375647991932,43.780710902756894
49.5010060389779,39.94907612393371
47.403380184738246,40.905058877960364
47.18018827188562,42.72172955030677
50.929395524472255,42.10994895764533
49.515264270504844,39.65016011228518
49.6592093728428,43.46674511883177
47.13516751931151,41.18250468247488
47.61544442406829,41.87144366969944
46.817834852954185,39.149588629674426
45.891060799073045,41.045764597495776
48.453575374989846,41.53741868869455
51.39273265708624,36.9914413122376
47.44342745068497,40.32046506953318
48.86033628581212,37.00348358401357
43.363097700720964,43.41482078072303
49.23711744863374,41.11508054248578
48.59036875275426,39.740327874642546
50.258932492421806,39.94881841100323
47.91178017756594,42.49954236305137
46.65746346193856,39.6804592439113
50.07856935313702,39.10432068933495
50.68079043012055,43.95583681238444
48.25794908400244,40.94734118796023
48.51267568822383,43.315754505063914
48.034528535182915,42.65443762729594
49.913661292942265,43.15060618716146
48.664218019768555,42.675265575370055
49.09950563542583,42.214611585225164
46.334430485497265,42.99902217285184
48.5606149944711,43.57864897956278
48.76480172105267,42.936581329243396
46.988702437631744,42.99354520824278
43.77221273933431,44.77882619236953
50.43948124793795,39.39339741419663
50.60792140193732,40.26795574718615
48.97723680409911,40.547839221180865
49.396703058775394,40.05022027782387
54.045990405773885,44.046171377769454
45.4140063817968,42.089917560046835
49.77295375324688,42.131106418510065
45.99863299765674,43.05554649997047
48.46464728147257,40.52101911707067
45.969307150633114,39.734779546895545
47.336891145638624,38.8321786812605
49.56457761345172,39.43637666743654
48.915332249530024,40.18874498079542
48.270974001496064,40.84590359802897
49.58060371426618,41.42448233536689
50.064320929081774,39.78258644149192
47.96567742210476,42.52629002831192
48.64525780198427,43.375660304109424
50.648574157458576,41.54045056462236
49.714072875729734,39.286796795535516
49.123793736554546,43.29763912598476
46.574069835412075,42.147213005669556
46.130083603636734,46.30492117613466
49.83287896550791,38.30960280398408
47.295231709200316,42.49265154714039
47.05001893941874,42.23991157836911
51.81394091555407,39.09000574822146
49.69212944913275,41.22043220943262
48.123240626844314,42.24261156116802
49.89535201435715,39.60065907577952
46.994424808758524,39.03141246022147
48.12593918942389,38.88786370732577
52.928784720629196,39.9033042007374
47.05690287931508,42.06356545736206
48.81047496199251,44.139020120902515
48.54889468152898,38.229814504774126
48.68478556714258,42.39202716069559
49.64266122820765,40.85454917004889
53.74568830585786,41.23849444809934
46.50153564213654,43.059154228154675
44.81959859334746,40.46651504579511
49.484601155431136,43.505301491042886
46.09988027959399,42.76617773374763
50.62935225379386,42.96967291797324
45.5378440801365,39.61783390452785
48.19966915115621,40.89404182759812
51.94140026636457,43.7489905219326
48.236961904677514,38.7412076324516
49.016159426063695,45.05292756366149
46.07160342328367,40.36316532346571
49.890350513805174,42.18264766142383
44.251158198187426,36.47853276833894
48.91805388744418,41.19540051205106
50.509034575492834,39.966455582166155
48.03587120536134,45.82089086437511
46.41484438908245,42.595416045091575
45.2330646252809,42.542546983804954
50.09180902950155,43.05439834395399
48.45349079445209,43.961832000669595
49.55483847658323,36.98229730200442
48.85180443819118,43.16677229728503
50.03152600073302,40.83647873379815
46.66550334153646,44.21303774792302
54.657000364994516,43.912468030561286
46.725223084483886,43.85557388283161
48.355757523673454,41.512095798168986
49.74341117509364,42.015006164613936
48.463865565072936,39.787354027061276
46.31048773642638,41.66350790341095
49.7138981038854,39.88034030385803
47.99192134916438,43.67846731399297
46.36606339587523,44.26253807562297
51.706726706291626,39.37233128575466
49.98513999484183,40.402410039803065
50.879037797488984,37.06455267238021
48.208461741577466,41.77106597381642
48.95995085260449,45.29358292800632
51.71287258450155,42.64631892698386
47.09490583808934,41.673233568219125
43.64579291728938,42.021070965538506
47.68812495922621,40.58106438750025
49.80192375795881,39.48592579064213
48.74882897662416,36.86123057743649
49.946668456841536,41.36889049668915
49.045043036404756,37.83606572834223
49.78124564798458,42.13430892937811
47.719091203988334,35.89183817779511
53.16222727027012,40.63782529155151
49.94935644918464,38.02779101782662
47.63397981228678,42.410980854384036
46.315948875966846,44.16099498771122
47.07122935104839,38.127346292006635
48.30796994300988,42.475794708199885
47.177544899195944,39.28453555965831
48.64649134521983,42.434634561943696
45.90954559853703,38.854718565844394
49.37563763691457,42.53577962659911
47.70911053812374,44.009830934628006
44.72912811499376,40.732918994434584
47.38455003777448,40.2382782867641
47.47034720766115,35.13406017141736
52.55288152037323,44.07498484151077
45.62430400584638,38.44482121869861
47.959616703379034,39.46112422708906
51.566616837088496,41.012860077782236
50.82735784758469,40.772773911849235
46.03300487787042,42.546207046585074
49.80487443424154,37.21484341863399
49.16335360758077,42.41813137545556
47.8119952088295,40.76229799643075
46.791568937934066,43.033625495732096
50.23324659700414,40.23991212671015
47.64521804990995,40.92974311618509
46.52891995922744,41.91177531053471
46.18395989579955,39.79127484616038
48.14526208927033,39.99649285205361
46.726688854564884,42.97619779664625
47.13494645098896,41.546473757552555
48.15791787092481,44.4089657632485
45.89747375756537,41.22775534201245
48.35884598434608,40.96940363769319
49.47689249692697,41.195453006476
49.914568107920815,37.91213430120108
50.015514434729496,44.601248747219266
47.054386397378195,41.74077848707333
50.59467555865908,45.227271766477784
48.17713948112203,40.41820243233989
48.282747347556324,36.23563032388468
45.48169342152442,39.97904383490409
46.827867279437925,42.09639842699474
49.87389616128763,40.10563733088425
50.29780560759206,47.37181992956103
46.208542375166736,43.728629760618915
47.96207383422121,39.2426065451088
52.030335547901785,43.97300083490981
49.41437087820885,41.19192373823627
49.4044742160187,41.20613930608111
49.88181602176369,41.01541904607075
52.16868457689996,39.781240348185406
49.129404928842625,41.41304121679284
48.56918857551157,40.10231008113752
50.66278049842787,41.06556460590259
46.968867503363526,39.49810883035048
48.41654320600292,39.66738269720751
50.852570344190134,38.191323585225675
48.90461658082744,38.481487127436914
51.13533342925354,40.075068227371865
50.28134203743067,42.81001997797642
50.39326883476232,40.991131025296305
51.73632410324822,44.792709567932185
47.92732896875335,41.43292305856261
45.15346095980904,41.210607444565355
46.66532130089845,38.07738713954938
49.02992741732811,42.82728490779903
46.8455790494592,41.03762533448398
47.391459448538534,38.609239570042604
47.743707498196514,42.86980157921589
47.871187546384625,44.86051940995627
48.375764371238006,43.59929920621799
52.36533627260639,43.00429427682336
50.438549227102264,41.3549475963947
49.278718119916846,44.88806648349719
50.06150435947248,41.152018259864235
52.059359804585014,46.03702089131082
47.20718067567781,37.76367067366483
48.64664687056636,47.30995755055437
46.191290440620875,40.27480599160268
51.88370707303695,41.36952904555244
50.036510980196226,41.44170739693342
47.5536796574682,37.72233818123706
47.07800365182759,37.829356682226894
50.52794315018409,43.23014319511793
49.54670797278668,40.16457194921897
48.38808907082152,41.97939162028427
53.83477399192188,43.46350538688099
47.34577767945801,39.701810115025054
52.79025825768641,41.55788241661827
48.51134769104996,42.59477482127608
45.87265645156802,43.18509013748629
48.83283648229153,39.554495823984695
48.258190272528715,41.08383269321084
45.669089452993376,42.032798508632794
47.231635092432455,38.49233909178071
47.30471098232003,41.46894502102553
49.888270554559625,37.76236038582107
45.02675936114951,42.586210287375174
49.855304353097985,41.12791620182611
45.906352528304176,40.80743954354418
52.04210896376583,43.377239865560924
44.34473534514134,43.5755398217427
47.50776881585417,41.63438236477873
47.345612694737795,38.96976241720615
48.385656076856336,44.99939901670471
50.10734402153664,39.43302322462183
47.109850105775436,43.95785527070863
51.96594671686009,44.07779789715557
46.329156890399794,41.763403446250386
48.49458211307873,43.93859894003968
48.57238349022778,38.268846416366195
53.380582914346576,40.90533632056314
49.117699243203006,40.21771992909662
46.4342525150666,42.71237749985325
44.35935231623181,42.463427636674915
46.23152634791747,41.47247657003483
48.52385123426463,41.99257532806098
49.12002660203913,41.967156144069925
46.104690402664055,41.044316809818305
51.92983971843618,38.624444915506444
49.229171831386,40.41319734917584
49.43808287004759,43.692398793862814
47.18555992731365,41.93689332590386
49.925017580209555,43.93226246805533
45.73743231089594,46.71515047098527
50.471548979735665,41.35040835409813
47.56154085199955,42.04349734753071
47.19391104889482,43.27743643257904
49.78169087822033,44.349133800355474
49.936643253076696,41.86117448462755
50.316941338593175,40.29726414033683
45.03230777391998,42.00258729949338
47.55100574404959,41.891723311912735
50.87402492175999,42.96864445998948
52.105800059470745,42.161824765675355
48.603739868833614,41.13049453291352
48.18004358416002,40.12759510902262
50.13105786018766,41.98028522479783
50.831290519638905,41.619087571359934
45.05734746750089,42.350277468177644
49.34792043430084,43.84703139479691
50.72345231926934,41.99754901864042
48.715738016228,37.878056085145715
46.15456662134183,40.50835314049192
46.055404088543234,41.41987408026577
52.07051186826563,43.21276675422468
49.89302879422051,40.93496235267908
48.22575086819121,46.06754022700497
49.51701188490318,38.59480105385557
49.22563345925093,39.29147181990888
48.9966727834075,40.22150850765048
47.25566853952869,38.15820665561395
49.8479280019488,42.7763636625048
46.16669725121236,39.70878562387239
53.26746982304251,39.54355912555037
48.421242522240156,42.09407005562869
48.802126018033334,39.12153231624086
47.68368381501188,45.69901148808528
53.72206523747103,45.03809336579289
48.45860701337075,41.91313590559014
51.7278712552496,41.41703238476518
45.36051452245748,39.06806483289921
46.720360182154224,43.97239811888242
48.94983131189316,40.743203596642175
48.888563351562986,46.50927759640407
46.82881282211426,44.814448669915876
43.57009077396509,43.54716947902021
45.43945069205196,42.107339302693845
50.50525171708079,40.97542221717477
47.219923133579556,46.825834095853565
49.89815109960985,42.204096651130634
45.35090082381617,42.72072589108781
44.82181671652235,39.886038163226246
50.32873097854991,40.58591356752413
50.2194818279124,41.8601717693107
49.636698866321886,43.357633190570475
51.00452182745216,42.059612511671894
50.06457136410292,43.965121119051744
50.470384379945735,40.469236623032
45.384086923841835,41.31039270403637
45.99679097640745,43.986470165149576
49.18366259412945,39.45119443301216
47.9599876313194,42.74055671074261
50.890244432638546,44.37951307573751
50.35876860115215,39.825132970882805
47.95675854929333,41.35618011208742
49.725638009216595,37.833444291217134
52.643798366722365,42.206023849860536
50.73720428779448,41.350780264477045
50.89365341554205,41.558231592274296
48.993601205568424,40.803609763295924
47.57769475469492,42.61928924918823
49.99235813009797,42.940233368832544
46.75802012418509,42.6548095264033
49.08768708737976,38.944355864007875
47.08996613065081,41.24001436647119
47.1678253814637,40.076622430357425
50.053303303099,40.32651266431269
46.48582264678987,40.276828503088765
43.861920820098334,42.153695236309865
48.449864776749564,39.05948145846521
53.3386595912703,44.46635165036032
52.07874594860066,44.156552558673575
47.70012229360621,39.79674055974263
45.759281976710945,39.38869891011957
50.13354552908583,47.38150243717209
49.48506362440265,42.65927403501843
49.15438402267116,40.399560057203395
50.90617737334537,38.120514097504895
45.64885161370534,41.11267853896468
48.49762502114261,38.02979049447936
47.119790694081665,42.866657564105054
44.97107403432959,42.904247275736985
48.7749254232645,41.515806807499345
52.07685078268239,41.759246782888525
52.364528386176694,45.90475077614472
50.064064609097514,37.835793923668845
50.15848616206227,40.0786948271173
47.754102273970126,40.77571746641096
49.09358343792284,41.39583456793954
49.754718485274886,42.64289625994039
45.42890266229948,39.54613082432132
50.47256495027731,42.577795091981024
45.97326977412497,40.33334318878804
48.69113237281449,42.98241535712258
49.088761925854996,43.932447019170446
47.27304455905844,39.90749516457071
47.73031070828836,39.564902760130956
48.53249449930579,37.29907487522447
49.425117784242204,42.56986466354238
46.26155891422598,40.10153658936503
45.30826802701754,44.566435355562575
50.80489454550991,45.35462655299933
45.34149384417803,42.44734764342792
52.9762222490822,41.02367644854561
52.10867080428254,42.06243278170746
47.13698842936083,38.704099302650214
53.037903233099094,42.86186564809657
48.897762015215875,40.762129551106
47.94564683343511,36.99014415453467
49.24045733121304,42.96137286351162
48.12396013355,42.32011640398531
52.344299073248294,40.973845311907674
48.27612336620698,41.564748655302175
51.85589932078654,43.71070888028188
50.638296124182546,42.480508115327886
51.90215766311601,44.61791365354361
50.60811171402044,42.5965278753639
48.759287190424864,43.87718485778184
49.23009758647575,45.70628319112767
50.17903320600261,44.20202520360999
49.02671169505609,41.921757054580134
48.986669316399734,42.17775915688006
47.82711407739059,42.14563417572692
47.09642615450273,42.92961786255359
46.867753829277746,42.03579058095198
51.5299518658176,40.838277412935774
48.99767365246618,38.16814590878398
53.86572209401837,44.526868915107485
49.49767968013206,40.177020694698925
49.32393699516602,40.597637424865106
51.21121184174694,39.947176520843904
48.29877190069762,41.25524211552345
47.62764838968963,39.880819039099954
49.01166067360092,42.05588611566888
47.124680628736606,45.70909257512343
52.46003857632497,44.509957096491185
51.47540772079334,44.36800462235621
49.09969459094745,43.08103670663076
46.649499117359895,42.111598061948804
48.360443062451544,40.59581943130563
48.917727300731464,44.11547093973768
51.13136665534868,43.51841040326973
47.61432586357803,42.85108698304093
48.64035880915415,42.91972891436682
49.20186833592393,42.62389410394754
48.323838187255255,42.472531176194316
46.35850182755498,40.63229065754082
53.72942819573977,44.241934955763504
48.08364338943477,43.63208157896722
48.63632411268061,44.962430826311135
50.624063533424156,42.41801437445726
48.39186851673447,41.939989585467096
51.45581276471647,40.524847247244914
46.181421502554215,40.68584342688805
49.01860888516729,43.07448239162449
47.199104177188644,42.37458581119653
47.4067278808397,38.92901492401439
47.24753194387016,42.44782962009298
52.97149344096091,37.983588436786825
47.098072806044186,40.95458551185645
48.04991041106758,42.82977674339895
49.005414405307405,42.33492472066119
48.46787253198815,42.6339580178933
49.023881322070906,42.42097267819217
50.41223214892925,41.26250579789245
46.74151993346765,39.06002134169587
46.172249392729015,42.7092759411556
46.3782691592821,41.5823634414273
48.463428354125654,40.834973946933395
49.33997976172172,44.17537236699433
48.38073849501314,40.15183004037048
47.56646799500113,39.07078388416428
47.65593201667399,45.65795468549216
47.020208085420045,41.1451326499974
46.831773058353235,44.57844311792079
47.93124172339952,45.65090917249271
50.33954076954624,40.58791639006417
49.285896683692926,40.06704527693068
46.45104871267907,43.20495654324936
46.54062903067184,41.166253250220365
50.35551945469333,41.80987061310291
48.52756438943482,38.60209416634553
50.0237189152797,38.22296087572195
46.926548276095325,40.49026431777061
47.47419719977813,39.1991935308978
50.06678057107636,42.038787984636095
48.04733948160497,42.37526283316356
50.425792282039495,43.05074062161194
51.69294315407647,43.973489482594346
47.69906500140168,40.91511572986917
46.69071990028064,39.29711387208746
48.22689122728092,40.30341394938081
49.34885033815614,42.22391288842798
46.124686542307224,42.470701453208704
48.32709557916135,40.693920565589615
46.47094340261245,43.336835224865276
46.33504205109883,39.636287426251734
48.789637410151144,39.043877261303315
48.05290535573514,39.04170078186655
43.44312241951584,44.71560672255231
48.39549077250775,41.82442738348875
49.57819608230969,40.6511812844212
47.726710391072714,39.5017418980511
49.83474145154859,44.474001796031075
49.51954823841886,39.1082385744163
49.268928536958825,40.74250687669466
48.59597650782223,43.3818504576343
49.27706422587341,38.774869798785424
51.764267893463824,45.136036915018025
48.91786996877447,42.912273222027565
49.72249001421607,42.1145478944603
46.63267750715338,42.238405511992504
48.37444426565492,40.92951476921487
49.467423526644914,40.67924078021676
48.823887555672385,36.78617057170788
49.91420848190012,42.4274637727651
47.083618170415356,39.41672068797445
47.7756065201702,38.101027438063866
49.94941994024989,39.37643737409083
45.662459017488686,43.22118398613803
49.4117984039674,40.669334668451405
45.12228519067448,43.45816979935483
47.356865963265506,41.28042709817934
51.68796267212012,39.57368990009612
47.77239861128911,39.34379751590198
48.97002434825814,40.200716599089375
47.33436798602476,43.006696362711594
44.69335512682957,43.35903426066071
47.49040391964872,40.37724742838131
44.76435779702442,43.746488516688885
50.30192798109209,39.39042211921873
47.52821178307589,44.17170660795919
49.084048195477905,38.203915654291066
44.55845561088618,42.65743767370864
50.49325955984515,42.216911134384645
48.35519286625231,43.99764841045647
50.97843375354011,40.85529553208386
50.066513548976296,44.166019326353776
49.2144624546753,43.24768787767455
42.66582961827185,41.66020642011878
47.9163198241016,41.80718587865241
46.27325762544689,41.531871710272334
48.598814061298,42.42424343280969
50.53371773540653,38.45576006850208
46.414683310637905,38.50198542454201
48.551071302077474,41.77559042382973
49.72758967845122,40.59035911431183
50.84828197407433,43.216036127140185
46.59321314284831,41.974958299441596
49.799688610349925,41.688596206097756
50.60028973905093,43.08497502049472
49.5704877382944,42.19889039635366
48.64603166792883,39.0595644209768
47.50468074780846,42.31395559961089
48.11052111003648,43.27629924300017
47.40922250721587,38.90034333727652
47.41033598383813,38.76029639045093
48.70569728415332,40.99204340617252
47.62032850446694,39.197807059075416
49.74700894073512,43.4864509582611
49.53114447860578,43.22552259260751
46.49672590660091,38.66533389566368
47.15294971399546,43.2030131086688
47.43711328308332,38.97147927182537
48.6011286240522,40.54582879602807
48.52084173534912,45.280020506280785
47.4132597704659,40.09544984355717
48.12635205180469,41.91806634062897
48.45149997316418,40.575351120504
49.58377110533892,41.111734964306144
49.513463183491034,41.91986968655302
48.06926549804765,38.093954250127986
48.658519930017036,39.080691502759464
47.88183408171521,39.6077551937718
45.36113881013157,42.63184714934884
49.902491584278586,40.07202363816298
46.34156595361557,46.58431359487549
48.97981277478469,38.918729180348556
48.44996519429837,43.64347928702446
51.26377970045506,39.39442708201565
48.89703581656091,42.95605626739992
44.38919025918301,41.08511782829599
48.4640993618921,38.23775006118436
54.298261366096014,42.371406095671546
51.72492940623808,38.055489781620466
48.92360419020579,41.78894065985707
46.31413631336355,38.561440364618235
50.47998895736572,39.861967991989836
46.07090053993684,39.861464234345256
48.95578393981938,39.60893754691629
48.396067796558334,42.47590887922028
47.2535876026694,40.90765152307963
44.96603965572558,42.53696405638748
48.87894120040512,39.428496062820116
49.36638416010893,38.42250166696615
51.26853190259469,37.09215104571825
49.86117146982042,42.300476595315175
51.02902552784466,43.20321312563025
47.69585796706026,39.78357701846538
47.34460135458846,43.761717311963785
45.085088646775205,42.985804675845905
43.84013258477988,42.61729670817949
50.97553030791748,45.752944470821475
45.50794450958357,36.30945754642063
48.373455921032985,43.26406558103111
46.791837455592535,40.57847451973696
49.107886213537384,44.04877616554702
48.90704607347253,43.44427506664506
49.62135649928339,39.15684207291935
49.65509244614233,37.60618483375992
51.303181763334344,42.061624663220165
48.59515476863963,40.678126385736995
48.470846558555785,39.2495504165324
49.082071353784,39.50016583721645
46.65930721981648,41.37087588461672
49.61789265521576,40.40458471186639
53.92874146548148,43.128094407379606
48.43901768635718,40.095743017008154
48.548424087675556,39.52268589649838
50.409416056921046,39.01751740556599
48.801560074334354,37.485108779586746
47.66275456830515,40.048809477044465
49.2257758351103,38.32404335287694
48.42644409277379,42.88309494410925
46.95395619171832,41.10237839754013
49.06694657713329,37.58747635987386
48.590706794203264,42.490452900379445
45.92984326681125,38.43929481825093
47.63939284089689,41.50369929692974
50.72557536038835,42.001862557659386
47.4604036711045,40.78420126442653
48.5841401482657,42.39368588218132
45.95384166270212,40.90047642874025
46.75624110567442,42.3788553813635
46.492629227753696,39.930432628227315
50.18446318100595,40.97706104618496
44.39464605034147,38.62961298351523
45.79910572047216,42.70868471769902
51.42823408300794,43.95435382413803
48.11969806262744,38.667593908172854
51.362962005650886,38.81470515999315
50.03194797275543,42.714651167435775
48.183233007857844,40.732829267126824
50.75953135565585,41.93873446971414
49.87931895330482,42.30038400327091
50.51382569641003,42.81021734587539
47.30767266759638,39.266678882438164
49.32037760985943,40.62864828204452
48.261131310950134,40.30549026144714
49.04905217644239,37.017952944527835
47.42659134263886,42.09732756463864
51.32512176738727,39.03542926078894
47.88547750943135,38.52530117650848
50.340427288167085,45.263245241773596
49.6377912755111,43.15831433898114
49.44657790860371,38.8873568152504
49.57935803692494,39.950674753364545
49.749150618082076,40.8898375799037
53.24476205833142,45.96118281028331
46.16395486140938,41.41783591586061
51.20660090295442,40.349969009278404
49.5039712817854,41.34119759389554
48.46206664584226,38.252928975998216
49.530162398594975,39.16636566872404
46.799729368840225,45.199719384408276
48.40878061639245,40.73549958745008
45.11436780430898,43.74822681044138
47.86001743567832,40.078704272590535
47.97216456103096,44.1448931352731
45.226179162347805,39.60041010791351
47.030263905820625,43.71807122166654
43.43598845723793,41.17613904098261
48.51467182552032,41.63975723594671
45.77225270154553,44.76719144567117
46.81061381464576,36.725685786107505
48.97251270080568,42.26922050490144
50.68533650257372,42.718723632918895
48.726293721771015,44.1069865784398
49.28026833314749,39.10632980147047
49.063198300343146,40.922040820335326
48.3747109982679,41.18240278140375
50.360628954283605,38.08894402076821
47.722621001394394,42.968186044635445
48.43190013329058,40.41245291060144
51.82947652256222,44.042387740624434
46.35123674752945,44.87390868231694
47.927924872644965,39.50174565685517
48.35124687778661,41.69831460860709
48.4604692678258,40.02201357551161
50.8895773756581,42.25505284049886
50.2685890762476,43.01831778029123
52.7567784385334,43.153892796809416
47.6073800719026,42.6136730660279
49.501577646010496,41.911481986989145
47.845534559198704,42.24706942333886
49.302622034551675,44.97923899716054
46.77699642513665,41.469062913121775
45.006054016939416,37.091183284385124
49.39235705785829,41.719158217006495
49.61585581963102,40.562522822207136
48.78679410447296,41.79721671399454
52.600605193103696,39.035190180524445
49.404964130113065,36.68080659718337
49.74843366292808,42.00591762467364
45.49991534778661,44.74159709967914
48.35940377979868,43.43850257988118
46.58979790995549,41.015720619872184
52.56567937640649,42.324689397615764
49.58166553713553,41.72163366613208
50.13172382612439,39.46093613154725
51.17160099748279,41.9097315486179
48.10216755977326,41.9894871973378
48.100999165167146,44.61853962183797
48.29066904874146,40.54803249396649
52.00358104497945,41.821263103473285
49.472462658004865,42.34711329969882
50.523996100797056,41.1240696108692
48.72129683142878,44.41618367739559
52.261177246009076,42.691636088375105
47.558485569087274,43.64956081020628
47.956935903712036,36.889324530371205
48.147914708874005,39.73959393924436
47.01467832054523,45.34694501559442
51.27815283945375,42.88288598771128
48.524792615967385,43.57288520345256
46.5858442609237,41.624893592750716
50.65794796380752,41.209222067461106
45.17952930325906,39.04131091698853
47.384192211152076,43.10464064406991
51.62660651870215,43.382003368603854
46.669611626625496,40.55879411338942
47.84339813976263,39.72646496239478
46.95893130366956,40.548342299451846
50.370179325487044,42.38248283842634
49.81209135713082,42.84095691758018
47.98699285056567,43.83293523167583
49.137314871331775,41.06738131816691
52.467579085681734,42.193427422097855
53.50527460217869,37.63387805843293
46.17122331130626,41.496729979503506
48.36604367632836,42.05284050904965
51.3209980955692,39.765683295609904
49.01853785121144,40.37015959780753
52.527026475286625,38.81996444268576
51.26486029565457,39.82730147442977
50.631079542591955,44.0688708725548
49.19378834308549,41.859008456472814
50.31812683228889,42.18259473085085
48.770935414681645,42.642631375131224
48.990132131969865,43.5261804674916
48.80341269624101,38.56050603051992
48.333931123605545,39.59199158199143
50.81879678597175,45.0241554564575
53.642126795204994,43.0571889840769
50.6550553600712,39.62114520145326
46.4172597001336,40.84027525788054
52.194059494093636,41.583183400833875
46.34364519984085,39.286994623116115
48.401250592006235,40.46070060447447
51.086806112801206,42.353929506824485
42.179966680047876,43.556868696249964
51.89996169763407,43.04069108191488
47.843991371406055,41.50003841119312
46.086601388306875,40.958694605363945
49.66038006439262,38.26088240365026
49.35270325804429,40.94610879784774
47.935215944609524,40.07608413081927
42.46218004050597,41.48257548775515
46.6106170178935,41.40488478247969
51.07414729821397,38.537426547663145
48.62639282813034,42.689887429526266
43.491980325855124,44.26659929825267
47.07713094745107,42.540249960296244
45.952154530480435,42.38858793960527
47.237541051425964,39.755776977452435
52.22518038923193,39.40815798413918
48.648180554665714,40.099132533943695
47.18755928498076,40.32585161174708
51.41272191094142,39.96766416469976
45.97710073881758,40.01338477984541
47.72631612424157,41.616242465243964
50.50464338596872,39.08679483708236
47.55283355840236,39.73230279885053
51.067656783148465,39.25550288703344
48.94167492927713,49.603833215416806
49.720045987568135,41.88000755145544
50.01056443142301,35.68906681941489
48.08010214356798,40.28377713698846
48.85353947734878,40.763839905532784
51.121698761124534,40.90977681565898
48.21088024292525,41.11625884781887
47.758931870974706,39.43318704943133
49.53084529143045,42.49822061185383
44.22955351289636,40.14575743344389
47.249583747579365,38.04362835222247
44.98327280784966,40.34100686388417
49.14745881955984,41.79357141977745
48.4766987466107,42.41796373600407
51.90834927156442,43.54308465916001
46.79252488638662,46.26694263175656
50.07486918700517,41.06797609515115
48.9577610610531,42.21899544759581
51.19770108085242,39.01649078805768
47.82185648874895,42.378845400446046
48.299718286339576,38.48418171355465
48.936484256017906,41.38237576105482
50.48749207378921,38.165984659579934
48.522847627871634,44.64540663502696
49.37885368462128,39.87603041036035
48.57587683414219,41.48522043217818
50.752712149408424,41.91039879139177
51.503876526450675,42.777911565002746
46.000004345922484,40.46640964484621
45.7748402786285,43.60353992369245
47.964089562300934,40.856126756348615
51.08168284107739,37.13865254037961
48.63277366695912,43.07455919430555
51.03629978418151,41.366410526996624
46.403290589907115,36.642499000498226
49.55283733450004,38.488821510860085
49.203296478197345,41.188882120350094
47.27792963198969,44.209350578476304
49.0545774343416,44.55906919745137
53.42662605579825,42.16564770690849
47.02729740992606,45.53911090932122
49.991876846837705,42.888310282543706
49.379958989027486,39.689617496537096
46.80780770083844,41.28255534269856
50.39324561840144,42.511321833727386
51.411176179987606,38.726666225184
51.703059132923286,42.39295018035102
47.55286998479258,39.865994210447056
49.25799614647839,42.60281841615207
49.146044842862764,40.419938020009624
50.558669825160514,39.17344726009864
45.74664055505119,40.80737965980263
47.77196157466446,46.495509979791635
48.24151919212287,41.498203256100375
44.32607009737679,42.62909655675256
51.23572153324006,42.67561718878847
43.434560255346526,41.88374890297096
47.594287296084495,41.813039575223634
48.50269836767646,42.3211929919924
46.82054982671371,40.76390524101474
47.44868691765136,39.33276731440563
45.89960566847961,41.72405054732014
50.33559891282242,40.56713847433604
47.96747991086518,42.43014161719087
52.345465589077854,40.87494107971389
47.299526413152506,41.547188609089694
46.884214283964155,40.29393925816441
46.83629326073103,40.92806035698381
47.04405003145792,39.78255880190289
50.03968203966333,43.59217139510088
45.255195533690916,39.18148188737095
45.785145031870194,42.36345218399952
48.60693751358661,43.55579513203882
48.402211430477415,43.990819924029964
46.32410532677342,40.49355895982282
49.15863796709951,45.521133579158715
43.39296691727177,40.13646243206636
53.39728902631797,39.72142840389892
48.90595888223137,44.12690361308785
47.570339914052994,39.598211154946505
50.02063795387019,40.41632862110138
51.64018458829119,42.75631571093842
48.90488464532255,40.503979798264034
50.59019452336356,40.86845453996038
46.123878464262376,40.21434520721147
47.39375985825687,44.11246137762008
42.56801390901762,38.03610844290104
50.94095254511918,38.823407374667916
48.61868627825126,39.41358297807506
44.9107433277484,43.48514825698466
47.567759271388994,42.48982833525137
49.39930156925311,38.882821244301354
49.867227425708855,42.114735350967955
52.14864435976636,44.48903266431767
44.85990005117779,39.16617398755821
45.11150156599516,42.346678207770786
50.91142602972486,42.31791100352896
48.55152648627385,43.70842958632298
48.802125925649165,41.97837043989467
51.14006036008671,40.468309787204724
49.37752691765852,40.254493896534356
45.44215239398223,38.786013460135806
43.7420156014288,109.81418584374465
40.00049146484123,120.49886839597879
33.938128543659914,118.21692026822662
41.17021443428414,117.76569673005703
33.7517210212155,115.64699115341121
46.50109922772129,115.13085218373708
37.41754489638229,124.04170366084844
39.47546021080889,114.54580981705898
34.62087235095223,117.17480582265286
34.31804487302288,110.11979159384019
33.51170009954916,111.61718285940121
39.10510745973173,116.3131486991477
37.63529679108703,117.05136436233418
42.49778277052779,120.28336327203145
37.23916780336467,121.47569543537476
38.764657099885994,116.37945384700475
34.57013640495135,114.44950793461437
33.92989305337167,109.69656670846572
38.198525221766594,123.73177002693205
41.87194970922416,116.74297113597831
42.515843983292214,115.94837902126024
37.787252501423716,115.54711689031124
30.316316333709818,113.47990446138547
35.99804943232054,115.69430669090295
38.68780204442629,119.34833502867731
37.56182155197592,120.9567363616107
38.54281089572651,113.96374808682104
31.306065631962326,118.78629883517392
35.781383756639855,113.38801927647917
37.04627983711919,115.9388706937555
34.77461266700191,119.885896476189
41.11519362858654,119.61892501117018
33.69746828461754,116.96341406822579
38.667932556070014,117.19500882210924
35.89821419423238,123.30537042974477
35.0245731074304,118.20454504495275
38.6807366906464,123.29947616808802
34.504079470343484,107.28097294565922
47.29410606280629,115.01562345720386
36.50070392360609,111.52490522081328
35.325187024487015,112.55594471267983
32.55831022761865,123.5872823432595
40.99883272711341,118.33860035878057
37.60193055782604,113.63506080687527
40.44501117182231,117.56659030312893
43.00535226297412,109.06060055507938
39.437138034488285,116.83252075225812
41.366579369643716,109.40101561821072
38.854699030056146,113.98487511442481
40.14281735897686,116.35081025547534
36.75111830455867,115.00818842660465
34.829255759681885,117.07710322981895
36.256069371156194,119.72426069279771
35.32584281209086,115.11395745166863
33.53175979510063,121.97079544635626
34.49413732562391,121.9992836379758
35.391529386324024,109.72220031378279
39.81911742641623,117.62505208894127
42.34247917609797,107.8031455646596
34.814456606165045,113.37489533634562
39.768519232992865,117.4055010534454
43.72923470249756,119.72054350812388
41.55395992649001,123.89380580218594
33.292866086324054,112.83399768533756
35.11449956346731,120.16625992555491
40.16585321765064,116.62633283254513
40.69453519985511,119.31543029574641
37.59690768604316,118.46728102642298
39.96681053682853,119.07416068619806
39.198748191175184,120.08603938089169
42.553312118369305,123.11770582456496
36.15630337591295,119.20155121633134
32.41648923795849,117.60191504112791
38.25140507185111,118.76852140331866
38.27692793505295,119.80673664122091
41.13766279386985,108.53503312087459
28.156342516589497,115.27319222565265
46.21130454864472,112.72548817556903
38.91433752903406,103.39556466043625
42.59345692489703,120.48971187021795
39.8576647790072,114.16911111330857
39.37156932795239,115.04490425959155
37.551284393029306,116.25882721462283
42.01113968508169,117.01272505129573
44.768701058789496,120.24768029392308
42.65500859621971,119.55432319086182
34.71349361722481,113.7395725442131
43.47008858002051,118.94867491148787
41.56136738669514,123.3557036428545
37.734667433231365,110.29360839512803
37.586995220203534,120.07174879824187
41.29826887843606,113.77804224727154
28.56713288885244,114.95027591245406
37.891925755138374,114.2880826667636
40.69989844786999,119.97438244607692
44.67893871449655,116.47292793584977
43.62234936163527,114.26014268173027
42.32656426709294,120.20067701342684
37.775894379408754,119.7042732330295
35.56418758213194,114.82059304354105
37.09018773393739,114.99332331293719
34.598950616744645,120.01398490908662
35.0281800630756,113.2159212782648
39.234094590971125,120.13761439862553
35.64483062670862,114.20954325037508
38.09739190912778,120.9274015668153
36.12685244826726,122.98671934238806
37.67941507814638,117.52556068053433
44.828750519541025,117.8220054502328
37.740086343633656,116.91056209398803
36.28572082475277,123.47003438927533
43.30830171384102,118.0382071821174
42.94455419613182,112.33170531719125
39.0412734330352,120.85616267482426
40.59280317751458,112.29639501434133
33.48902846046538,114.69299343854073
29.48651942983481,118.5577399914323
34.25970696198725,110.03923769232598
40.13328711535978,117.5099828291928
40.39410230703903,119.276457204152
33.11869534593612,122.15361610759471
32.95948730435799,118.9405219091036
39.250937753173154,112.34647623231335
39.2873442401521,113.8818423688551
38.40641878012304,113.88914101890819
35.645519237389266,113.96499552461152
38.84902135815074,113.17722976679086
44.0358790398694,113.52933224192715
39.22875238116588,121.85185557999826
39.71368769933439,120.38638282244531
40.58095691185602,120.5205084403182
44.270223695297545,117.37940326333938
39.93153784136194,112.2608186723373
40.7985283895825,116.170555508018
38.09347782049583,115.28193042406592
32.685873135463524,118.50905148699698
39.67195510422081,122.2863093324094
36.53224521759191,115.19646199287853
36.27730891456523,116.20108806540344
36.94912107580439,119.13489592799823
41.53062427114299,122.77484724122436
37.69923154801498,120.97630293916913
46.32568293313983,114.44802639004804
37.057134885207866,123.59951011678866
37.03143127494556,110.43217761854845
34.08004229252849,115.29352331696766
41.959237590686826,112.95951946360155
35.64833964112138,116.52255678968493
42.36827045347575,122.54591431931092
38.84508938916551,117.21230486660906
42.35733130321678,110.65267836690147
43.25608526791029,121.16083027156343
40.48274567864814,123.71832656207319
30.55256734113741,120.25358207298108
42.205457654569635,121.24973884028
40.213575506631656,115.01054742644573
39.29220675288688,117.71868836362364
34.52860401712754,113.5687054596889
41.02038620416411,116.00956646797292
37.132264000213326,116.67502120938907
34.75776243359473,117.52544527865605
41.04817922015377,113.78245253044388
37.38259799375309,113.67709613903403
40.51311451412344,117.46965072864401
38.40490209365752,111.86579046300342
36.195753754900394,117.29570106526536
38.74107061152379,120.44774621053686
44.220004721048355,117.07540575992854
34.76630458203336,118.04336487718057
38.74863861979712,113.8151242005306
41.05478775846733,116.9672840835626
41.16345325244323,118.47605685813485
33.99425511781291,114.9605227016533
39.635361428899564,118.13541766168608
34.47232420030337,119.18169047031492
38.43388882338575,113.53303985805985
36.48389198060496,110.35988195966189
37.06411192397675,119.37949282101737
34.952514629498566,116.34090684726289
29.583336797368577,120.89909320304318
38.03613353144575,116.07893744862558
48.29898804141939,114.11757001329737
39.097970740720264,125.23323098614847
45.111492710637904,111.4520320442317
44.30410849257386,113.01488896587442
35.11660203908204,111.90691754554543
37.17333486579551,121.99996561435879
37.63765586748699,116.93309392888186
35.36774319098491,115.72755935324838
34.135123256508734,116.24540750558343
39.76624587250367,111.29473648842543
35.87170272696446,121.20772363878902
34.202106578997174,111.73842058844805
37.81619698638173,117.84276965294983
43.718126097853315,120.15160251508689
38.62208620981596,121.39163085444855
38.56695528600486,117.13479087721849
41.04524643633787,108.2263720564722
42.02856878781939,115.30965985452137
38.33478803004708,125.39373393969568
36.537734751982654,107.6721743421848
40.90553313182267,112.58359787026183
37.47491006272494,113.18648113191855
40.59523013412002,112.33848231295323
40.020655594103474,120.79373744705336
42.68920861764166,114.79647260330957
42.631834403031206,114.86098036359746
39.31533086131462,120.68825659638364
32.53563708941336,121.1497332156804
39.97806618838011,119.80330898925561
38.30670554698353,113.08925145522045
39.21282325575227,120.55709985377837
33.837744612291445,120.52370887021274
34.60358989162509,124.13448632485512
32.65745344507072,114.69321494482516
43.140803641019964,119.00342439660677
40.235152570402256,112.93388332473364
39.30271808133295,118.51199372739106
35.28841348084482,112.37016657249589
32.30408473545029,118.8725349214356
40.38790837781886,118.26562353612162
38.54766463621307,121.59427080134778
37.35908334292686,123.29422975443936
41.989458095718305,111.32461881514581
34.85007137382312,116.83712981321615
36.02066914789288,117.76426764488095
37.89677790914666,112.81093543750474
28.229358720521553,116.02403514052506
36.213584874436776,113.92156902769278
35.07725390642977,111.22354972721199
37.88200003668183,107.43039760906325
39.94584283245988,114.96703099871083
37.25498991445882,120.64070731431188
34.15198734694705,109.20219194107732
35.98573645886352,115.78543893974502
34.841148078528036,119.27065157824322
36.77419700963408,115.34474093209064
43.81066657607744,118.24648950179855
30.779956551645753,115.78753463818816
41.661622280637545,118.69412784358478
43.211742850201794,116.2681939346335
42.93915036573126,122.55618140282455
36.17728580195687,115.31594184012188
38.994487832711286,121.5007813083982
37.873832907382514,119.1238312542606
41.983972530932135,116.49601137588544
33.4161424397535,113.73361687133274
38.98650729225052,122.28631298590425
30.649258912254325,111.54011553222031
41.85712898057669,119.16786885564096
35.63365333162304,111.05179581776768
36.698296219083005,113.8003138711259
37.09386160465121,116.16295977740644
34.3616745555929,118.36821587877267
41.88352401668836,118.13784782916511
42.7736794081432,116.46424837837118
44.78072972718798,117.40078464167621
39.89593676951458,117.09190295622886
40.128453390685074,117.06277287699504
45.745879785452566,115.95653186196796
38.401312473808375,119.67819230637937
42.88187952401296,111.45163136629704
40.74367694908728,123.431596275077
39.39663940393391,118.70938017869207
33.211610791431475,119.2822868506191
38.796032556548184,115.8806844209169
40.91458336019926,116.63070259858182
40.795162493482685,110.15958027112922
37.61686514415188,118.36432821599925
32.13362889809321,114.68582984135625
37.525439717380586,116.99128341151848
40.4030471412395,118.65806393141716
42.00795822444572,116.61055125647101
37.23163283329126,117.51229445302288
37.44330007127157,111.48383040472693
42.32372263857822,121.28202585301104
35.23516478259431,118.16766750566957
47.644596900869665,117.19587516558096
38.16153018841971,118.09789580513078
36.02158688740903,116.26001116611064
40.27084320948291,115.77426246086056
35.48709538742246,112.28473010391623
41.442402833869494,116.71633559460592
42.89991737669804,113.16280199689821
36.54652881954414,109.59255524284815
42.0862465293826,106.36109919693948
41.52182783373399,122.9923401752032
37.64010272163452,114.20081743376328
41.12493202300277,115.0430897198527
40.02358742032431,118.69983480780074
37.77098077010598,116.98171450269777
30.269365878932707,116.70743658049024
50.77571192970377,121.77848468346431
37.874203690818824,118.68576241142777
36.44525591473762,117.26447160520395
35.693727528812346,113.1962967712235
38.229640457852376,117.43133234532485
34.646915585515146,120.23977906021746
35.639632632586206,103.13683496658396
42.28657926298308,112.84783278968858
34.395048004885055,110.75034476710233
31.953535061616577,117.23030331951063
34.520737563687014,117.00632165469848
33.8717037555865,120.68377627327236
30.15050273913493,123.25915976257501
35.08147178606602,106.4176000951515
37.45921328453209,117.7792927440372
42.884723600431755,113.69812001450082
36.28258572209078,111.24822780135413
36.221114784687224,115.70285759678528
38.06851203972705,111.58958053038586
36.20408677882027,111.93521676246974
37.9405050587681,112.18935075438176
33.05454206757581,117.40827831950467
34.02343683128235,110.71759486343913
39.43670931612039,109.88398015254656
41.956496395628214,120.8444010146621
30.43382871887195,111.47601760432894
34.95914657460557,115.00281490883808
39.56998731971625,113.02006536282687
36.28834548787242,118.65925170709029
38.94634501503761,107.53111203704209
34.73450110932342,114.3824698972082
33.850921843904175,116.86365981422516
35.3918589586886,112.66891610206268
40.15923810591082,116.31002683515784
38.63495138272775,121.10108028505844
37.61333865360537,116.67923607972396
42.22716408556967,117.97059994198601
33.98241265926686,112.85373787300682
36.84473557367566,114.6252273506555
39.500022348665354,112.3302187789951
35.65247563476953,116.88898070244475
35.45102683932172,123.1412501134784
36.972154343783274,117.17434933051652
34.432563942181545,119.38047085155185
38.95959865890224,113.52885913451992
37.29521692415634,116.99086343055225
35.7030224667807,114.09252191104964
37.76347147087762,116.55388556129368
34.152318443837295,107.35615819993457
41.684560241448665,111.69745031171712
39.15766428677093,122.27691356386153
34.21319479062607,117.23260692948632
35.31907195279184,108.54394745056362
38.15274001707577,121.0500827027772
34.459650402965,120.1379830160705
42.11413719251386,116.77456804467336
44.75482513524765,114.26524869415374
32.11278511425755,110.75780698155877
34.643470475642964,118.6914659511412
46.19129104068332,106.88158346278453
41.09307168187424,110.14158165992346
41.330701400778054,114.75483538097636
36.44082969409057,112.71613471766317
42.096636589051656,120.60983644176967
40.59121479559275,118.08102881369956
36.60962010383356,117.99333828173857
43.081440861143115,118.76043288216226
37.984709092122735,119.00051622878709
39.393680004309715,118.43128698175532
39.76943653206163,117.2532692925967
34.26403398930171,114.98898381560208
38.53302431931549,116.13606266302546
37.18534651922052,119.57253993483016
35.9239871941529,120.22845265585873
37.47894406483348,119.54542014319519
40.24135573594729,120.570468817647
36.59870029904675,122.52279435455883
36.75353094790841,114.2723788586853
39.125589416983075,116.39259325349103
42.87401718550754,118.96452532938183
37.64381527736129,120.45948183156132
32.984850572914475,115.84046737276978
35.07132905516583,116.16548888704554
41.99798846695175,117.49133314190307
34.2610652152255,119.26531226941069
39.89466591131178,112.6334254156149
31.52488832692448,111.27937036263441
29.27093185344749,123.53061366151091
35.72550550814579,116.95904862836652
37.707468982722155,116.49456451535458
41.9573477451632,118.1957505805676
46.118702306189334,121.95651707145309
35.61835367598735,117.18084054773998
37.560602702415636,120.3521320373732
36.13367578716386,116.84569771775551
30.57914057970065,113.81807276244605
38.23605187098624,115.56822625248456
38.17402678273627,109.82646542171501
33.14313048793192,115.13223359297234
35.34634803880156,116.69801964061406
42.79514377167835,118.63969882554512
32.375131623521995,110.15414575376282
41.0422486783261,113.72616451963835
45.59504426389357,118.88105207983669
34.78752951851237,116.84127132311413
42.2953858570627,119.04697636203996
37.8112600399117,110.79366102793297
38.36840251679987,117.18437851744935
40.8143829759403,111.5872601651746
40.92487653624692,111.02674782840214
36.23189708110316,111.08014700552904
42.54045589490846,119.4962705552307
34.17893172871795,120.83026925954276
37.572568234336146,113.29799714167375
42.526877654435374,122.11038094682569
38.992112784561236,129.03833400007812
43.25505190858761,118.45738428554661
36.16855583222137,110.48346653732337
41.855912424368775,118.53573988970915
35.37324422317472,124.0604171928265
37.52326211985068,122.30298848249747
40.40726855823064,116.54232421883908
34.9681784823276,116.15538378225664
44.96130486148591,112.56805751120481
38.642502445314165,120.01862024230547
35.41821564960278,121.53453251478398
36.79391728560148,116.59497700742862
46.64236342471876,112.17306784699655
39.76400380995993,117.72550966757125
38.49818934823223,120.40206071775435
29.42977636411452,114.99363827526312
40.709247382089984,109.58738779008705
40.31719433541301,121.42300021954622
40.176880053065524,118.50748046780933
33.455363555613445,122.48240493879806
39.38708891969657,120.34483874370862
38.62916133890484,112.5432483094658
42.34806122593913,116.17788150861479
39.34344057047419,118.4827735312482
39.449667819858576,115.89570150003581
35.7542481755825,116.4078567966058
38.749566781999185,105.0800837517866
37.35916108632046,121.25840055936479
38.859527453415595,116.55909757363015
39.321602674229304,117.0008836473684
36.63302160343828,111.25894180885135
43.87107871814871,109.99440726259876
38.86804870834771,115.41053068236886
33.60818352133359,118.48123216364982
35.145298800477285,108.84141525022673
37.05702850059007,108.7021315447581
23.79451150540533,117.6998217101985
33.641159314806735,115.63532651258262
31.282665854622394,116.4172276353974
32.08185810979354,111.4356721785133
44.82300899093771,107.65829188525029
35.467120819675905,117.64895382641006
44.446718072665774,115.33935443607969
35.53377536172292,120.09271271250313
40.372921982018795,114.21903232628941
40.55459319486458,107.87731409262894
34.52772609065198,116.36642058715789
38.72775944473933,111.30136557212838
35.760217917313724,122.06285674070156
34.26699294822242,110.37902053015527
36.271301734674154,116.98882024292908
41.042239909511686,106.83997659899629
37.33577536487409,114.67958599291447
39.797591490594186,114.59180551449386
39.62649747419972,112.89398267828597
37.82095514531522,110.7364347872694
43.46799616299761,117.39685275156329
35.00280954231811,108.37588339669493
40.67611118472658,118.90734031373128
26.9166278950354,111.38398193310192
39.93159442276984,113.97615517480155
38.603452385698056,116.78517541728147
22.817275844022447,117.88223551754618
38.225452374910766,111.63432362130416
34.781043821783705,114.21571558206935
41.24628261242015,117.69809903273422
45.56729424275022,112.33096311046795
39.679413970159004,119.88024598717202
44.08414754642265,111.00520335490694
43.864348544483306,119.95318678865738
43.96562641799017,118.52980460715277
40.104365631487255,114.29010655298823
40.539515038830544,115.24731409782434
38.46248671476992,129.37869140214758
38.04906445617064,116.4420739593555
38.237082170013274,113.9069377266966
42.13469196582533,109.8275005390337
36.660023675806684,116.96017284166253
35.347130568736105,114.04773067780408
37.61909461845099,116.26997791461318
45.37356833306643,119.85851438329502
43.760736632502244,121.14443419375458
39.871222771491475,114.2886666895431
37.06215139479249,114.66149029068829
38.937003493576405,114.07587314994196
39.870191960252626,117.40638945666463
38.594463704240404,115.69359251814672
31.856670147210252,123.16649936017271
42.56157223936736,109.44372940761434
39.095848854945835,116.40083447061922
35.14412253177095,119.1428075488854
39.19795760583823,119.11396441847255
36.897054666173354,117.15881541285601
41.67135436120586,119.05749721311201
25.40832223756842,111.63696220954418
45.24033544235866,114.5978536598216
35.357333907768705,120.85188284526036
37.5293813469751,110.29565326684437
37.37029110516742,117.98871166421551
46.76045450762306,120.64823617250767
39.52847134900022,119.41776653083542
40.69496530064851,115.33004645923613
44.68629950552397,115.22649052786758
36.817334814102196,114.9882084836585
43.325920596573035,119.05055450864468
42.024711636418985,108.65566316614603
31.72920310024589,115.66959359807419
40.56321662319569,120.13161685101812
36.27340645067159,114.27540756305493
43.67010769245531,111.81384760372241
36.543399908286304,115.99617234767756
41.83242689959716,127.13438134609724
37.79767428381347,119.5575692693774
33.50348214632837,115.28316305143937
36.32492122678906,112.26213061894994
40.189207239169626,116.33818188215147
38.052720100332756,119.5902693074236
39.92869511803186,112.83757681446241
33.937736563724066,113.57947145972244
32.35840240787201,117.46491646107751
32.510344443237216,115.5784268574123
31.9388200331057,118.4317120780642
37.99960350320095,113.30533163375097
44.34531578041246,115.64394590499691
38.34548371091158,115.70091354076145
35.34809017321648,117.02248066039864
41.207185123459375,117.75717936715685
42.25518867743701,114.13009644215718
39.906434621653744,117.359185427002
34.26715643091712,109.5607313069851
43.38170411958248,109.19462445541208
37.31636416967345,118.5462508908369
32.87620219340624,120.4629392045146
40.561199373433176,116.49823194099541
39.808044273087766,113.55637354238924
38.15901911313006,115.67715836513958
46.103823540609895,120.45526260004
29.61376031022313,120.92117893586351
40.07472404911986,111.41016303746875
47.22857088366212,114.99261402661207
33.49966522147223,118.21221894984055
36.91431800888526,114.49201691914581
42.32410316464858,126.77736018352593
39.52356785588272,122.2812570114163
37.31875477176048,125.0546224973419
40.756595114044025,120.36982941524639
37.403888819922244,122.73059538115538
37.61827527374589,114.8748733250064
39.769703421973375,114.914083425246
38.23180922080032,122.89505292686991
40.807608748266055,114.17791260705633
38.53670251246398,118.15814109062205
38.516302486742696,124.68572787433578
43.494960595742704,120.2232140423906
42.981517646071644,117.35935870101346
40.3851157043645,118.53895317328609
37.14832023476305,118.73938251886231
40.28935683664531,110.2141205599457
39.446348742158115,121.78079146845789
36.64636306722142,114.86590718081793
35.95230138572637,112.73905942831021
38.72576272784502,115.97436474034517
37.213102483037225,121.85676217283223
41.90232002084658,117.18155864529008
39.733459969772106,118.71967709915587
42.61051378539565,116.68700239036735
41.72513711332527,112.72119686569938
40.07914783947954,115.09722153894376
41.939473536141506,107.57426457019733
35.95392134174428,111.50254280295525
42.05643952460001,116.87466831239193
37.91711183536437,117.30318906250037
31.18150363457324,120.5525646727416
42.809899571597896,114.01984334295359
40.269149212073906,117.64331718839082
35.060177223420744,122.88913181714557
42.026858455263636,115.53071327658897
43.69454704312675,120.83121972907452
40.38419415904996,120.57041963042236
41.38168144193512,112.56450863546029
41.12017167536743,119.575881147181
40.51991865237723,118.24137864920111
45.05817299541765,120.93398674137177
36.158950449673284,115.25502262227475
36.10823447338792,113.16350099426354
36.758035365085085,111.30899857452037
35.46441400816605,114.77019044344436
40.79069887142347,115.98640503975834
37.642918267143685,112.0757257350709
35.89296131356453,118.12035534229607
37.599598448620696,115.3677469217327
36.84170949273498,114.44208125116687
37.029937186662295,106.84808593291413
32.34915852929436,114.99049423209944
38.34963563743288,116.0470063569782
38.2409199951239,114.27568133665038
43.36396777770189,115.92611898894947
31.188896639467217,117.7889540398565
43.357211337528774,119.44259564629186
29.319154392613417,115.62859998855633
37.15393341968508,118.40328214525911
45.469512335025996,111.84761065585141
43.212766472318506,119.5044323122707
35.81393434653264,118.05966115953665
44.04108149370341,117.53095561881894
36.28355260416761,112.87078459385188
36.150417063698754,110.12710502345178
35.73338990667692,118.35714673652622
46.50166549905031,122.21985774529416
44.119133482546786,115.21741000616892
39.50364433639094,116.97166192550128
40.18033010458695,109.10831497925952
37.86503856165529,116.74878811756378
41.324596351712025,111.40797663061475
43.53404878382724,110.24455634946507
39.94029902055894,118.32642563049112
46.313559573111085,114.11523785710166
39.948302514408404,119.54359835721462
37.85304645796747,111.33383095260766
39.835844039040744,118.54739882573595
40.47684975727669,118.99503968897629
30.502625473944384,115.97194647014915
40.59213777675425,117.41397696397898
44.614270668843574,112.01928928435727
39.82114748877617,116.95161780438117
42.15417433902933,118.10477085948692
45.480490813955136,116.45110502029473
37.72439233321315,124.71694193560012
41.677572952679654,118.47541759659227
45.57378747345602,121.88412034245488
40.107077474165685,110.76410188634756
38.06430405230306,115.32716529933634
39.0558431258061,121.26505814250996
37.17446602291035,111.45543558259527
46.33703542365136,112.98012573269008
40.12275659844548,111.00891930762089
38.61683628997132,111.72050948610442
37.45420328837525,113.27832702244497
41.89427317555748,124.72098388266237
35.72536170494545,109.7235971418593
35.49362496801512,116.47220267242768
35.05291761260185,111.28327766501748
42.197312175300254,115.21587603612214
38.408780668574,106.95288390100153
38.36348013296378,113.83852863005934
36.685680052433696,114.92026705334615
41.10717481050876,115.11958803146761
43.13022404859813,114.19345769407964
41.40841786581856,120.98859657062684
39.85602601681248,119.95150661028978
33.01873054039979,118.78631503905861
40.92363874324997,116.70162398995784
37.651133969155914,111.91630052686227
41.47655221561794,115.77034733639923
39.89050285909799,114.10990442327724
34.97578354250444,111.71757045270732
35.824192553831416,112.6671955181588
27.47145858497094,111.46695606478082
34.48560904496515,109.50672957280422
37.93758228162748,117.24038970007403
32.16990568019903,114.60432113101785
41.06707047549169,114.57947242814761
42.863651068123204,119.96582309963408
36.69088026836686,122.89889351896666
35.71956962614736,121.48916997082532
36.99199615000006,117.1561508853027
40.320443496657504,106.4431108971635
39.08646276790714,116.08763161048692
39.73109552224684,121.8425244492779
37.78115172517767,111.33768340844951
43.99760588345849,114.21336240247174
42.16030202897237,121.14513350631834
42.03015597034321,116.00070131064147
29.31681355728654,121.36214161021104
36.44887410304754,121.65334088117878
40.018008732289566,119.18900999768219
38.77780410313076,116.75351787006495
40.66103312262126,110.5667250139009
33.79012393497928,118.32984238076732
28.986649991364356,120.12471145536469
40.75816318120535,119.48975588137657
43.34075323498307,120.43051000291172
43.98017479295889,113.79276365572932
40.752965125719015,116.41393661602514
36.32447800851364,116.88570218629675
35.22041190015364,107.38480197373735
38.71790794672226,120.55811396543686
43.276121542155686,112.35088690608956
39.59059769522192,111.89405366449719
41.75181250506359,120.2767189577851
35.80417233227467,118.47556536673255
36.95247238368754,114.88924734634153
34.55808726736843,113.62936126856258
36.804497855127764,113.86346396409995
34.48646245626,111.69546221599228
41.034465878986126,119.867476227792
38.1867955323713,107.24086749197784
34.871751065203554,122.2949999920888
43.20369781621755,114.4270728742181
43.66437276661069,112.56828194844775
39.49202201175896,116.27098251287721
35.61554669151231,117.28039589009133
41.273521999780876,121.65217393902468
41.03738370102485,111.88424069873476
41.99888455373841,112.08865474407776
35.455730462761316,121.20491385132307
34.946571520232006,113.39831225755452
37.39007956764573,116.82463748296101
38.877204434163794,115.52101469180086
43.766759624810675,117.19658749003612
34.00958525163221,112.5436557700898
46.318658080158976,111.44837183841867
34.13916880610103,115.07742558929137
42.64657713179923,117.93454531270797
34.37011629705982,116.02916198391544
42.99740059318121,113.34725426641066
43.50638947833677,114.46215678880381
39.18552676833401,108.60493128709962
42.30578263182542,110.61843575168737
34.69240757591341,120.7722114406543
38.17278218564908,115.57641562529237
45.92887407208471,117.5415398465093
39.633864089059976,111.39660405807513
37.16319783169714,118.44874885265385
32.79938773820946,122.41326578250087
38.462789040119574,120.95796369576568
28.725557903729893,122.81097275060516
39.16580283279846,112.10182196784669
40.587393617640984,115.19472230578643
39.77406280014128,116.2440886674989
42.56132681458902,111.76875535168284
45.606632403480845,116.10880943560477
45.85761406379322,117.4145066268652
39.35868148324815,112.79590499946463
37.1618399164595,109.16314179272905
42.63527772308739,122.25839767135339
44.53687263412583,112.2191093625151
44.98570875295607,112.75659240308936
36.62249209404014,115.55049894500331
33.26468758708481,119.20641165545354
34.77474548913011,112.68234528071477
41.06024981100069,119.65329136532056
38.965615650061125,113.56037617745771
39.31365845954048,119.2741173715079
42.154092342080716,114.34923451058297
31.13693536630963,113.19436208676058
40.705851098436895,116.00986769278562
34.543719347385036,111.70223531741576
38.96837956140489,120.01034271941751
34.28961140571253,118.95050928226736
40.09253027777166,119.53963972296432
32.33080558493937,118.15867145765759
44.12885925586566,118.1460900851966
41.23496451085993,111.50030921706136
36.1618161838091,111.56901723363497
31.169190245723517,110.36045650206258
40.869753919006286,115.43740004826851
29.802059743689917,111.31792166127725
37.719193524529935,106.80505549560873
36.1250700329656,114.87217944028833
38.52656204298201,107.3697642252723
28.03749884984598,115.28433942806487
38.79067266394267,112.43482232753036
38.468062156280325,121.89666029212528
43.61204485725847,120.5379184496618
40.033949945048455,116.34652306254009
38.935375572594815,122.24119910456062
44.068799413514185,112.40307355170152
39.48317344114789,125.0493119074858
35.52667827650238,122.94194348421726
35.879969571222375,113.84030511815898
36.393688809747715,114.68513113484909
40.24018797592395,118.23918716129246
38.31553463652049,117.61548884311141
35.59059580426617,112.67703737887197
37.97030545369433,115.26244173232227
33.7909758359603,113.32934693140261
36.715707139314404,116.60606768631469
40.68605360269572,122.00482489294558
46.95593374753717,118.35953981995576
44.59598066594115,122.1553722531053
42.17027936879497,114.01288123206045
38.303263740602105,119.87526358166222
34.747886436501,115.08822142873603
40.756160200662165,112.93918059054214
41.01617266457167,112.16690716803429
38.31909126999321,118.58803288881451
43.215034187950195,114.52742703408111
38.53167251186974,119.63125858898701
36.9519286065107,119.44094099504933
45.132306243772916,117.18356734348833
37.70392650185372,120.23907354932635
42.746832218030036,115.07347588415959
42.324010946885224,117.45160134697687
39.14687795473335,118.38253558537383
35.72929889722716,119.26356344998194
32.4613790399568,107.79303224192216
42.10907478453234,118.7114696313844
44.1766595107439,117.54787447483542
35.036566170225996,116.62216095810915
39.15578476673567,114.06946266955514
38.28642624083396,114.49684896960403
35.86202342913678,120.21199279033554
41.019835452578455,112.71805915839387
39.692903566260824,125.00929395272723
32.303808868967884,122.92903493944104
36.89536686522371,118.8204068794572
37.17204661987416,115.18642791017433
42.25989191293664,113.47473681123084
38.95157920509981,118.03226928713575
35.490542845444445,112.28291632238486
40.772425285647635,117.5868276697197
41.02888579602631,110.52497731736852
45.95933980749384,116.71265400820151
38.405680212849795,109.55351094257757
35.542820422516506,125.24850626200329
44.49594626806167,114.10624523641025
42.3702012444777,115.62983389790094
39.838786805158456,114.68030153525845
44.33556298880733,113.8928649628046
36.93192978380102,117.47139317899253
41.85628476302749,110.97016840278054
36.67331272135967,120.71623336599204
43.29905109318682,118.49509048671892
44.13888410898166,114.66292172156851
40.14972902121491,119.42495978191886
38.57892541100147,117.89362597976692
34.29758502132374,115.63958838344033
30.776647411897763,111.68722952661284
39.56623788042656,118.47189551576666
44.51823898288701,113.86289235541643
41.55761592718742,110.38049088400413
38.054126336483264,122.65122254102987
38.51705777511808,116.32496406791955
43.956983623947195,124.88099089753743
41.639978352555026,110.86424841292107
41.714217534207776,109.14522151790489
36.676044785403974,115.79054722698294
35.96964749812661,119.44331690973058
36.533777392360356,108.84616043604547
41.93619814400491,117.70222327754041
32.68418809852656,115.77214907912119
38.85808968745047,110.97065134584084
39.12933107211066,111.77734641052999
39.53975407241217,112.1281107757316
38.20276447822272,112.52121238460099
37.390062019088575,115.02879231054321
43.787837501931314,115.90859459184887
39.25113948522189,114.33482910785645
32.81545168485414,110.80444972318838
36.373581356430186,110.82740150431617
42.15313488622236,111.61628828837961
36.93420919118792,124.70492309289254
33.92858061185514,122.3571856409161
35.99340062170197,117.38520996360262
47.44941308953579,120.79985646848125
33.91607400953383,123.09659730495655
41.135831448778795,112.26853756652491
39.68462294141479,108.85515553077165
44.2533123461731,113.86433726784409
35.35282532959235,112.73070211903715
37.616960942818295,106.6517583339844
33.52097197039754,113.57598306455249
41.5587977910897,118.98268420015917
47.36616967988333,124.15169863345915
31.738936077573836,110.7534313388525
36.59514117916448,115.6237212113494
42.39626845196393,108.54049106216452
41.160858352282006,111.23333812175298
36.79853572220643,117.59448947554583
30.104254181918876,113.59919569372072
38.584574722658296,113.97476090662678
40.06034212907068,116.3279714410935
39.31531215495754,118.55303468381167
36.383064383180034,111.82704248885635
39.80436405519674,115.25747992244777
34.481455346527724,118.28397594856574
41.818452529537474,114.42536881599193
39.50381889737827,118.2510235065003
41.63494044283213,117.07496557552618
37.65226905249301,123.35375191998318
39.24054758736618,105.67360739761287
38.90457470445497,113.77823445874262
42.059722971384076,125.5899654617446
33.02967122555974,113.19669811402062
42.1753220364806,114.9781727369518
37.11293047292382,112.70217177706485
34.813615493895156,114.68046196651252
43.50547649535582,112.66897167519085
42.242434758545194,117.13265387751159
35.869348177989906,115.79006599522879
36.64402475621929,120.75872544108357
34.90839373538267,113.66655230208293
33.41341326619474,128.2501762632435
36.46113505985184,113.51113921690745
35.70708111743108,122.76279017106405
40.73414812135869,112.19012494795932
38.59529823594896,114.09325116800744
38.86082616249079,119.03495865070052
37.62217197776744,119.84203170716133
43.94035308053533,115.65987157446021
35.81828559952359,116.09703156293101
38.41018969025131,112.6310663966023
32.994002199307275,117.57823264831872
42.718378698025234,115.9043894139675
34.23428437438137,119.00116545324315
38.14798857532267,118.17185112568603
45.2357630390639,110.89490106477118
40.15657495866575,117.85511984623469
31.103818172540898,119.34726240069915
38.11562413279034,122.65493614231393
33.93481686146669,113.80282284955818
39.771508818462976,115.91658718360729
32.34227188802345,111.58145091117568
44.97660764903948,114.39733853814658
39.36581931830136,123.51119750501091
36.12286914398588,111.87156912313253
43.86227071677711,112.47903280625715
41.17373299569855,121.19903744706973
37.21537219678772,112.6370143221478
38.86147758546699,119.34079200377533
38.23436936099398,121.21550025553879
37.22809140136769,117.29825728998652
41.459273306038,117.46073300804333
38.89378378760927,118.50587423374833
39.9289194309688,117.26466469950962
27.677256979141614,119.93108398403615
39.31444975626027,114.20020733353734
41.37818875269326,112.58590363073647
43.19704513243562,117.67580169726965
37.78721717813225,116.41906143278361
43.90100396006356,120.00621400810894
33.29957267260121,116.4558814855555
37.73503145522795,114.26423266274611
40.167673869511646,115.5322729253156
44.64735890511772,123.47029358259903
40.79802456974434,118.10390805382434
38.20338671025265,111.52797339388633
43.352067158582535,111.52944756821718
31.774271578406434,118.00914501410162
39.816342947113675,114.45022700619934
41.84073821650839,118.13438154853831
43.404918690636926,113.66922162685296
34.711954146422485,116.41244816332468
42.029779042532475,110.75298126668073
43.47836203067248,115.47590441974795
36.22560304605428,118.22080937658133
35.23752994404319,112.87140280399372
35.806208273557836,117.22000790140065
38.12162266634344,116.12036130529572
36.08675433499898,118.27975111110143
39.001158436573256,114.54142141974461
35.652464237098854,112.77815234892638
37.89450988089808,116.04046269075677
37.14466081047506,119.2295283589886
41.95722433741419,121.59139363626502
32.71855020311556,118.67032383314037
39.562725020738014,109.84177318325975
36.34147190013499,112.4220653944469
43.2766919522944,121.8259810123735
35.21744175351597,112.89840506932994
33.93760407900727,117.3553792507266
34.93481592726023,116.11630078428317
38.55628344957726,115.34626145540513
36.80094249666456,113.1039631192442
38.42963043652766,111.60832701685855
37.79473044299536,115.62115993378289
34.47996838916207,113.6556770577229
42.50018517670333,112.74407115737601
39.75123124875287,116.11055112785394
37.4774149348917,119.44184760666604
40.10570584241575,115.94041211437033
42.10485194001629,121.83129215848066
37.52898556542859,119.40347182264559
37.13485644315894,115.79193028281887
38.97201749873118,115.89642541020362
39.85090715401596,113.44313273344022
44.88411005806082,124.77786901978831
32.465950303182616,118.1241038534225
47.754783116039796,114.0733489292747
36.7279823064028,119.98679559382023
35.09718484098356,116.27122942426651
37.35791542411924,115.98760551670031
41.664809878712816,114.79578947281378
34.96904408335594,117.53896742137111
33.22764146563954,114.90188635665808
42.678306946354276,121.20920467307901
41.974884854674066,107.60145443818031
45.58758589920066,109.60327179752315
42.41676026414459,119.57752174447057
37.172071066288744,108.00798148627214
37.67540316290146,121.84658316628465
35.222827548066526,115.17351751496325
40.3058480435585,114.55256879610708
36.586829846122654,114.54054234148255
40.15029965428001,116.55061414687901
37.13759158844139,110.92648318016778
41.253390775871765,115.75075689327001
35.79545089389917,110.9834289039912
36.331338384705795,123.64640026262055
44.80459534111782,116.9194521561333
40.22590876716923,118.23645732997024
32.193457799207714,116.01459188743424
43.584490386453744,114.30830293035378
41.28254718489838,112.34287763990667
42.00543263640094,113.93888682188755
45.33650443268116,115.52393995509829
40.09157059688339,115.67744137514649
34.771183069844625,113.143340127151
43.74161795347924,116.43374280573411
42.620936263536294,119.86258205172956
44.36867873047798,120.64244453254102
42.24856364879777,110.46510042136408
38.48749603781988,114.02655474618244
38.93165181970605,118.62514710113484
39.36978589752808,119.90779576951195
36.61390846429195,119.18637413780502
44.288691711520485,116.38430839345288
38.88150738465709,115.17925806576329
38.37065567583013,112.3682710693647
38.75401703047244,117.24548579221904
37.533523985214174,113.96580900771102
37.038739126778694,110.64909851990502
39.4999983622031,118.64907471665417
39.33608274544506,119.6149129815942
43.06123310352274,118.86915307411297
40.28787552159753,114.04312763209863
44.480309575320675,111.90060419505218
45.435516821761325,113.55325513974185
37.21763293710131,119.94776265362086
36.96336603215551,117.10194014387179
35.44302244338777,121.45421388954604
40.154682604104934,117.23720835901811
34.317780367587496,111.9462789960553
43.67335196259789,118.12668631075084
34.429695206934284,114.93592747896277
44.41963681226935,114.6129274111394
32.43784801465152,118.333901999819
37.11050237653681,110.41815677773126
38.155093239324955,110.28228477702297
36.137133972412684,118.08335309895966
38.2575707122633,122.87953470025563
31.95237652160202,111.08632162720902
41.452892310823216,115.26975672877728
38.94272685021827,118.00102172743034
35.05887782220203,117.7065884455886
30.752136386564736,120.09116185231646
40.901522165985355,120.07667988368448
42.37308463576424,116.77701929315505
37.8442528023143,118.49348722559567
42.56322845986489,120.23358516481652
35.21193337232827,119.6959208063694
41.120991485088666,116.06046225526676
37.34930578507862,115.96063988121598
43.831197316090346,116.54725558942872
42.693577236271295,113.78485091925175
43.11102477102948,107.28015283336624
33.20065758264947,112.40761999876587
45.792577909963114,108.97838545188533
35.761790708561044,111.18761277985924
36.58344842302719,108.63260408668998
35.89980879000405,116.34698714620542
39.93704010579839,112.87714380702474
39.42781707905997,114.79109119368267
38.40518075548852,114.99808581090541
40.4184670088012,118.97007433588568
41.35180592295398,122.28779678036778
40.30118725770886,118.06039029523241
38.606895046238115,120.59323898792277
34.22309937939839,123.47972155886119
45.22946169500542,114.01339140133625
42.47622692621062,111.65846610354787
36.74279883739506,114.61527619198857
37.734211076114065,121.08106864079924
33.97240051287627,112.95175849785721
35.4736738124177,112.16687314025977
39.38717722512861,116.57037931240424
44.463700849072126,118.19446422773994
35.83861044857894,121.33971207000931
40.04261429507531,116.3413654414591
35.553018307085544,117.7535072632994
45.26698163607955,117.77436298434063
37.38803957042015,121.4057662914614
39.66140932946022,109.14726985912066
37.46229959251918,115.79469732188564
36.033956217384166,114.5408921578922
37.174093910771,115.68837934265677
33.67624257844154,125.07282341323047
34.73425664410142,121.66681428689174
37.41635705835473,117.54551148204622
44.52207480031191,117.73960503354948
43.1083394836058,114.00910345348365
33.8285352790271,109.3601589468977
42.23436133411619,118.04959914241289
37.12062894226532,119.12057109607261
35.54733738673508,115.29296364964293
34.42669140205942,116.87861893209269
38.804765958570684,114.29209096026244
37.51570586000681,122.08413365997866
34.8071556773395,115.95283196858746
38.666437505283255,122.64754641861586
41.71617718706135,112.52536640889663
37.68704162297765,108.44909785323934
40.73428131652971,117.56295622761779
37.32772914206334,110.70593992307994
43.65592383424475,115.07829561235005
38.058884089788144,115.98892590635691
36.40232888526909,119.12749192747009
43.15032648731337,121.90527644101964
46.53491865620518,119.43228733160394
42.475386021582516,115.16942399359966
44.95738726760917,120.76122645354383
44.14320188113672,116.69955132493872
36.288991779153264,113.18414954059958
40.19533105081452,111.92462317068671
36.9642800612029,116.67452390350174
34.71507238065839,119.33870736576966
38.540295456349625,117.35893627929211
38.15823061980876,114.69532548695081
40.172856181584,113.13495680314006
35.941241331543715,117.41385429285504
41.86772714489106,117.63999136511947
37.60303850892572,112.61553525877724
39.62556845642984,119.15640609289217
39.32245183271728,116.21303606374539
30.152718525739992,124.8423184396258
47.401830546115434,121.7896113796086
37.55939795572857,114.7305322303926
31.294072409462785,120.6290591110934
43.06058564609501,121.84814333871303
33.308461195371,116.25430265915601
43.40124429071936,113.09824661188668
35.73138676402128,116.79049911306213
39.83538938654539,115.12207391436422
37.72861030471185,114.83667174778948
35.498205337723775,120.83208879144868
34.94379820798881,108.30785505367747
35.861995650385474,113.07511935739856
41.55256281467011,114.9237120951696
28.063438489884284,122.00645668180015
34.111779951672645,112.03045303219969
39.79373173578953,117.20826810135758
39.054958088420854,118.64762510541378
34.60061375749755,117.14264782328527
39.09276738319509,115.69638280230889
45.15252840900467,115.95886217635845
34.39924743274624,110.2691678149134
42.08960922647965,119.96626016006165
36.2257609867306,121.11192820570147
37.79709963021405,118.67507228365564
40.65276350176501,116.24913975071637
39.98285928511826,114.39902486633285
35.30288450820469,111.91463440998672
37.14558577664677,116.65996755314556
43.41579874058102,121.31262097546313
43.03077486608427,120.11315698298716
43.50422915123761,120.16108694942758
37.98736296211554,116.87896791119563
33.58763646650374,118.20724509866045
44.51211242758487,124.3808952145795
42.87006687024877,112.88087009540824
35.848450847588275,121.23882492863093
43.47259038189463,117.3654632142801
45.224474443506935,115.72891385586702
40.90888497689546,118.38604256832664
36.62838181467943,113.76894528233758
45.28365475684381,117.90594205992093
37.36675822220633,112.75274179909098
47.853532262112054,103.99674068809408
40.15051118870024,123.53387284505554
37.368818828951554,117.18049546102739
37.97476777607997,119.32939295827438
36.618098679103056,109.2138292967353
37.59437041265104,110.1004659107593
36.33176274497255,118.81768579322589
32.344391947059286,108.55266422550078
40.33926760921828,112.2260901113255
42.6579430854423,116.40243146937358
36.65633401005442,114.82554926211874
32.59621992038571,110.23902554267593
39.64840925965782,115.38610116548469
37.93444079983508,119.37914762858892
41.459452182283314,113.33591287723169
36.674879086533785,120.74072672890539
45.24260631903182,120.46035123104495
49.02469880840091,112.23077495346882
22.784717058815687,119.1931911831827
37.746124624079116,116.91106620835927
38.235539115642354,110.33835894682365
37.24636458477072,123.02454660965539
44.05751724372806,116.92997334815583
32.673177887352146,120.66165311354118
38.560097522470414,118.58467799059443
45.0048415694571,117.05625488508205
38.065807592196926,119.98492174145275
42.7732828542154,119.41065195046683
37.41049811719557,113.96144226910533
33.01172750742332,118.7233862262387
36.408152391441234,116.98827108934756
38.50666260683812,108.1444469294675
35.026952119162345,121.04278361905752
35.74417282661117,111.45646903258618
39.42667211100333,109.64194160838653
40.677526433016304,119.34232763150527
46.90170225763496,109.7873539235037
42.33678413008394,110.15476057659404
33.37568096755993,116.68763393877133
44.69916272371067,110.88826459058328
41.58526820962752,108.54574732304532
29.65690525200268,119.30013974020244
37.90455977100288,115.98596207079574
39.47884371691519,111.75561128356243
32.364438214485894,117.99458136715411
41.03969060091546,119.69269264145223
38.404792151157466,123.39132120853242
18.302964456258657,168.36938861602817
16.019685700927845,168.21703941126276
19.633470713851743,167.61402623033186
21.156858833645096,170.2531667309385
23.14780159677947,160.95783898872915
15.577494240372296,162.82564028875814
13.904200257775003,165.40980340836327
14.991344765170364,162.65156066346066
19.47349846175385,163.62825064790846
16.279104499612227,162.07118867988936
22.888541917436424,156.78380820549054
22.433466299306726,165.85158305272697
16.56840824552325,163.96447789276237
14.314910258858157,169.11786826915528
14.05575808755356,165.6504593425825
21.5857969826113,157.64552528714407
16.150906767254973,164.88429147599527
13.919090636739321,171.44178793773617
18.9352733788988,168.58855012945816
20.637556505051997,171.0181086689254
17.62289382558109,161.8947101471886
18.12794065964796,165.2759355030664
15.506924404756283,166.43405350589708
15.661148039959103,162.1526320998346
17.145544354605644,168.88363181616424
18.845332082843022,160.57776694750007
16.62258624074407,164.10541056363616
22.658826909378767,161.75229339425331
25.700248591014052,162.1280112557803
16.509071529252378,164.30529471999074
29.070462250110438,168.18053574375386
24.796822143836955,169.8831637317645
14.163716468058238,161.612546645634
18.9959195519396,167.68541543955027
15.558448983244805,156.91536307013243
20.477659567594948,174.48763474744408
24.740718313383276,166.46683063167606
21.20739373867769,167.48063167448225
17.641822906515756,164.84532955315544
15.465069212189789,161.35417601055937
25.0244761293188,155.0477209804111
13.90456285611599,156.0955533843166
21.594921494834487,163.5875719951127
24.938858136654012,165.4544781177808
24.314189982809594,163.23803987498005
23.446681311185703,162.63117111008336
19.35690560755813,161.4860024534488
21.795066982082176,163.61435633055265
24.404598239994286,164.65234642788056
17.68836872722462,165.01633263300297
24.4573103885703,159.4829204879627
16.722366895603948,162.60696101103377
14.817892891513399,165.78892721679708
12.768122348090916,163.96693337072415
18.580612094947742,173.05631870977663
23.476715118421655,159.45624773686188
13.834200670501364,158.8842845843971
27.146546432498756,167.75148684462548
20.792208025509147,162.33555087047824
20.872335265098773,167.96299849120444
19.500301062878666,161.4748366857775
28.372788804546552,159.48943220214022
21.938101659464397,166.7473649415626
22.129900107771007,166.55990797087586
17.80145143202081,165.5974538316132
17.740818401917878,165.2235308710546
12.886783011091193,160.5832194413683
24.560447104306746,163.54675737407044
17.918869142633827,165.64317923259122
16.985883477634975,163.5551891561068
17.510039485152607,164.93282517932352
22.202066501237358,167.35655986542278
17.8693617004601,167.77506067331814
25.895010547609044,162.7918850592304
24.24287751325546,168.34928080915103
20.953595484690815,155.09438008202994
24.99591636004558,168.42787645551806
16.17865033680191,162.0527789291288
22.458180419431976,160.94701990077087
28.284650471313917,163.24598750415365
18.86643221457295,161.60012709733653
21.788744184855332,173.511139851347
15.220936915038669,160.3494727422979
20.90615317872817,169.01400094595553
19.290950743132925,166.3619204696446
18.20479814241591,166.4859618911588
14.533420992621377,167.18331858498541
19.26946722472286,168.4535586730127
22.6054725801213,164.90964094132002
20.58290320097393,169.62292037310803
18.52417794816075,162.38906721494308
17.92583211471699,161.87343810504362
20.883914323179308,165.4352143442775
19.620388797308237,160.8903752785528
18.973310918533898,167.54444222174752
16.962451233856534,171.09411052071647
16.060895399023245,171.23978879943348
15.400506479462267,168.98277557433585
18.868863515984067,168.85381704798405
22.647607803696765,165.905122698769
20.532773001728888,161.04297472131356
18.67000325142341,172.90801669051382
15.95493039968511,165.58697585238272
21.376459675721993,163.45500785180752
15.738462610136553,165.97043003978195
29.122440218342696,165.06761944557942
22.560684359372836,166.7792842064065
16.161006391996274,161.653614946425
16.281657876920406,162.17264439950068
19.326161284960648,161.41640185534808
15.648720280162792,159.63600459600946
17.970471869506966,163.58154085400784
23.20704986157915,162.00607690807138
18.85113018779113,166.18036111904348
22.46830919744102,158.04351624561815
17.22295718500578,161.0683355472157
18.541206183141977,167.00750074256396
19.82106175926524,161.67476314189307
17.625507333108875,158.55678405704245
22.777840280270212,163.6760524009219
22.714713177602107,160.91928646460508
24.465217957527326,166.80805894608258
22.698411475949708,148.47524294841233
16.30546695896936,160.68246084824787
21.00119022126405,161.07673026316178
22.285344066367614,161.81395204950982
19.152205984977087,163.91366032162506
21.376832664627983,170.18001994090721
16.676894293627054,165.25511565016492
20.906044254853857,165.86164813810777
24.342239486750135,164.6330222188681
25.037364723988116,164.67401722144376
25.059354087906115,170.49558964132305
18.177361754760263,164.8192977166102
14.900981636276143,164.1156796283026
15.828243145295424,159.88568967013597
26.026165820444334,160.06791688849566
16.35087423172841,161.95153828667858
20.095385339219984,165.8221515648043
25.152797178798984,158.29898322057645
24.482263839600634,160.92367736607855
18.271921911407265,166.40150235087077
17.13076817597201,164.9339935925693
16.868890350874135,156.48092864368257
23.5680873322629,171.45419112274618
24.782680398706653,165.80408179787926
19.89221489155038,161.7102233357376
19.184556638239727,170.07180695117287
14.835184990239924,162.64170683724652
13.313328953968135,160.15049804199586
13.861677985931848,170.18715495100756
28.478905546882686,159.57058065392596
16.79326325613772,169.5720257630453
22.29698060311913,173.74391410727605
21.124304813149454,164.50355079275684
21.382455313075997,165.54240273544573
17.30038687431496,160.18430303585671
20.792964959197416,161.87767663259518
20.33546935060895,162.59754122850944
17.727695126325532,166.15013318652873
17.54462852321597,171.37285254978576
13.36476543665735,172.83230590846279
20.235259359529312,170.26420524907599
19.138379325169396,157.3324991711298
15.956816665458167,163.49938459383225
25.349862666136374,163.28108722394472
20.05658972223061,162.950625171499
18.24336838007464,159.9971325916389
12.249401705039498,160.54376892392062
21.121352142778058,164.06323858414126
20.817999859460354,169.57906056341136
17.18086484343904,164.4791050653197
22.12471987388849,161.1342197381254
26.50181996654083,167.67398527305974
16.472353378458767,157.37821588760795
20.938624854608193,164.89251920956949
25.07808231671488,168.5025501230651
18.46959130266139,167.18018727384322
16.886971776566007,166.44119520619262
20.360336542121722,169.62486933215123
19.772129031491012,167.9156035561823
17.832346553306365,165.14974682539128
21.342216366815304,158.58514233008964
22.17212236932064,163.75400757505278
18.586107992318514,162.2202688398383
18.01484202405996,170.20655339782144
18.62934222433887,170.4600319980804
20.170511327907736,157.80776991075896
22.88885530648423,162.3746530001775
14.433556954164235,159.37941008781917
22.750467097548363,157.20714058331984
17.96154761274461,166.8540196247227
20.262878048985367,163.82880081425327
19.003203206347294,157.8730983797169
19.96543030787023,161.8647755070901
19.96866231036953,165.96025002885594
20.481195393021398,166.21004455105592
10.257024542658106,166.90856427698418
20.173092562177104,172.705593692211
17.85976687081006,172.79688185583248
27.329813654879928,168.125514496983
17.972666942344958,159.84606322352843
7.986624894574378,170.38668461191605
27.733080944661022,161.0938794391508
26.242272815473047,165.8785911155738
30.033241958159685,162.5889229957777
20.255824250683958,159.43894382529894
14.511114109525373,170.24866707502505
17.954880644013148,168.8374673147746
23.236510959424255,168.3355127167007
22.811402744818565,169.4073266582379
22.656722394746684,161.99172496347956
24.158186726777053,163.43547436025398
21.773317569515314,165.71937899570997
19.65970895767222,167.86432836737907
18.952557660714415,166.50688472794195
12.64390080078199,169.15931930287786
21.75037182185357,157.352116129662
20.386349549870417,165.4499578473787
23.310171944088747,157.85764741597865
17.56571261107705,161.53550070547084
15.5483232926934,159.6233149277413
18.02208930256838,168.56493126970673
23.443067909744407,168.5982197204918
14.568054117915171,166.14869499112325
24.50061265797704,161.1766884135346
22.563158578443975,173.0298688297821
19.140155679090135,155.26268046321374
19.207010540382562,165.79580606796995
27.420100578723403,166.5759491321289
17.79391796011728,160.58262449316638
15.002362651490882,166.32413820667477
21.286641870693412,160.50808953193913
22.965161658256967,161.26127117516148
27.920356032408826,172.5392682558193
28.45692846197536,166.30096690734712
20.65143965516441,166.54696519245226
15.597897452635609,166.21742570815874
23.558023648386914,156.83400491173526
25.676636388248053,161.03122366325107
23.272411726105606,167.282075188494
14.493052105304269,167.57935819625166
23.54138022329397,161.43785580768233
22.00535067826822,161.66910741647644
11.210026314396892,159.75449342560088
23.783663674993008,158.73012016356878
12.94077973053938,164.1346107579223
17.839458724200668,165.23585920248343
17.642503624756934,170.67179180514788
28.42805986366859,162.75030691835596
16.381524925003767,167.56159347912086
19.95123199568948,165.15166694221764
17.865869965119355,161.93044195312012
28.116864008411344,157.02449498610028
20.813060602882853,165.7441329810031
28.181568352954052,166.24006539228424
25.08945570587052,165.43672963761082
22.59011114905701,166.43033809246054
17.443676501547145,169.0883064051135
19.709055797049874,163.12509527258405
17.888581976979616,166.41564829331261
14.113044803826057,161.78393605094612
20.669533276832983,161.53989242499355
16.179294237024536,167.16981519382114
27.00318436028384,163.08931103849324
17.016837359273044,161.33260473830998
23.319468187671255,161.81785408025272
15.801153144880047,164.62640689280497
21.70475777508704,161.82516970078436
20.262314383507952,164.9348419974576
27.896594175430323,160.68966616182436
17.312906769442247,165.04376079640014
20.264521625405216,163.0046404707453
12.207688833014698,164.54653098957738
26.988196728904313,168.34519745082014
21.564125280782516,167.76142024018847
16.0736751174235,159.24958475879143
15.060920055689522,158.1128979159636
14.06523543896385,168.69177822318687
22.350811121788325,160.57538232954977
18.46641007036926,166.8689480640247
27.218889977328896,164.22236012747263
16.234579257180272,165.35047623337454
16.383624950033784,162.83271844689978
17.003637762023256,170.89506974728724
26.757022268210985,166.02588581087747
24.442307355917638,164.01176291942753
21.151550273630527,165.50587824411843
28.78190102297544,168.77461023084604
22.39781281706014,167.72777060387747
12.549543824670042,171.68217714241743
30.5125329156959,164.6734734088735
15.516406205308138,159.47733403853218
26.793937930295062,161.30435094604755
21.0140643197538,162.45642805325
14.145941513221514,162.95908032747775
20.988296019764295,161.16136520633506
22.271496749289156,161.4817778830768
16.190204166823328,159.61727604687258
20.231379656329313,172.0374141289484
20.065312657559467,174.69666717283602
14.72484184110402,160.1527295399764
21.486348664571167,163.30858215496508
20.797462253645115,165.68329644045323
26.892932649942413,157.6776791071135
19.26256943914659,167.0385562518256
14.702670366545261,160.1025447463503
13.813401250866587,166.6485049233037
21.954098442564884,159.3687794489585
14.025795977968823,165.72227460622992
14.6191317251588,155.54531030872758
18.449269290088136,166.32359515143014
24.26501897570613,161.0833301830915
25.84355037877789,165.02618896637867
25.739893700961403,162.4024766768914
24.348084321964528,163.58069835697083
21.322747314103804,161.1731097702909
17.494778433958615,168.47321352014544
20.811125571963885,154.6841997319239
19.078094800153064,163.99730405001108
20.211119644957087,166.70845208484874
16.86097825282117,164.61949059783976
15.441508826988986,165.8212752798152
25.082560857800335,159.28123687966132
21.479590556550583,169.17811904603397
20.672184401602113,163.73272478719124
24.601417150918188,163.1905706086525
23.371096069982276,161.379491832438
19.430198656052532,174.54034065311248
22.09657972688457,166.3311655215086
18.394883836615286,169.49285649329488
25.086942485608756,162.19014297558812
15.86125140533467,158.9621651194187
16.486730739760084,169.12221531549298
33.373541225329504,155.16429895975293
17.153228121210528,162.1073915435837
21.964205739150955,166.13734122311544
23.172466500882024,167.41850605252841
14.48588448678735,167.14489703857473
21.783168555224957,162.37422364660807
21.80629676383319,165.3404183584079
17.36091453007073,163.6771752374935
19.093080511578762,162.5353156910329
28.217313766922175,170.46071373424581
18.284922821009776,165.13170151162626
20.155605278266954,161.45165478218286
26.213184681825368,160.5485565090995
16.74467733490024,161.6298555490763
18.882592063593517,166.29964745797727
19.36273542648616,153.5345098345789
21.84519932933679,164.61584360167072
19.480062993716423,170.09809853178513
20.79176060365124,161.3525555821944
20.690409842792892,160.9940745710286
23.27570167935575,163.7907763650984
27.200507388355614,166.467736259099
15.402021929168392,165.81134069945332
19.305846458647093,167.06707960988186
13.856754938935143,159.47389600232876
20.243784362252942,168.97021241650023
18.777668741097415,169.5871144368997
23.718026258253378,167.74455952241547
19.321467649743344,162.4396531023074
11.206691981595593,172.33946959390582
27.753879444892746,160.53216624542745
20.877818705375645,165.86580189892086
20.530145889457028,162.91373575264114
21.780925350038753,168.05054299033694
18.174830004149854,166.2313381753781
16.95388540260292,171.24221456134632
19.57759611008292,162.16097034831185
24.659379209819594,163.47429028769656
20.3690914729213,162.43437832440813
17.638904726031132,167.23060371334256
29.84902838573683,164.67314008796035
18.985730454971716,167.20156461369209
16.718076964835596,162.18718790592214
14.875162069830939,155.3554773335857
17.07628976517268,167.88461115955718
20.123412289561,165.7699512334616
18.880903794089086,163.01379419294696
17.348058511464554,165.81846747235008
15.02488198856524,171.45081932654753
20.45042025112727,160.6747857034604
23.13436002400215,160.7315339264968
22.438002366201815,166.63944703113063
21.30696594150925,159.938072014336
15.174492897834854,166.56849541907675
20.992946685665686,165.63220875550695
22.349941290219842,165.673086286718
23.271212688380487,162.67641071356798
15.09313154790834,158.81653629495284
24.76926333698902,173.26809493278276
22.121215419348236,156.81663639959874
19.198429067688775,159.51212270826986
15.782367944014673,165.0342669986798
18.48190428134117,165.15945688986787
24.94606484128873,162.07522045066295
19.479255519984164,160.59993107729892
17.717116649600314,164.8599629211881
21.491511782591463,159.23223750553294
24.732328722375883,166.52275989563682
22.205358281302402,161.76976086110903
21.8803030608494,169.3044577511891
18.16180058043918,166.68998077685401
18.689295380568534,162.7181220286054
14.953062770827145,163.74078201342238
24.690332023684064,166.17250145483746
26.943369530902295,162.78259658231602
21.83552445452827,161.11649263074418
17.266592114158744,160.15198918624125
10.070205179740313,166.97327051253538
19.663982119358025,159.85047819514767
21.93912261884748,164.89568532379144
19.88941908070685,170.45132566195076
16.54172099776088,164.55925477081152
22.021472604620083,162.36588009262425
21.78328327868092,162.26855129844935
15.923316632179715,163.3368871096048
14.291488512860976,168.79929614013642
14.354853890499669,159.79299980462275
21.727838945742075,163.14665177661018
22.094118641872708,159.6087063371044
18.181674869047182,166.5061905428735
20.34966760558859,161.93607274533272
21.994425597940673,166.9859555738627
19.87168812664047,163.16768589345983
18.920190749549207,164.3559403825637
22.12791433142476,160.3611558723986
15.507441984050125,159.50404833372684
14.626282442696393,161.96393627285903
19.186763056768665,162.29164270134174
16.96973980117592,166.95900569080223
19.914659884927055,162.97392651549933
24.14993481549852,160.76339753734254
17.224819934094345,164.13853729533525
22.867850372903458,167.19237818845505
8.686506315261195,170.19310359827008
17.89635348381702,162.57461134098324
28.217974752585285,170.5916439118955
20.754579594628115,163.9637698597188
21.96281509120243,165.36117273540953
13.816700990580824,166.4527247118341
15.081884956418277,166.87049815779005
20.453551787923534,161.44510375470801
19.26867506805986,164.67664562602226
23.134435052072547,167.63403860201973
18.961816044904012,167.22891893292353
22.237271414649776,159.9867413048192
19.74045377495256,165.18708072824987
19.28332447716439,167.59128861671704
23.05197823619141,171.69374663277796
27.021898656846112,158.53694376985578
19.70516333950427,163.18661920453016
22.24919540072007,160.26725043472496
22.294932670297097,163.87994044410723
16.36387354237349,167.31425713671928
12.415719954752019,166.08070459402336
31.660263427818283,164.50509453354738
22.970705358204263,157.58340216419847
24.38993114726864,166.25999569604048
16.039943017246294,160.91100952493818
12.025673929408626,166.70653081605332
18.89703927385618,163.51366461851077
25.68014265080258,163.69096026617765
22.95652880306428,167.30345290374308
19.883390990097443,165.62509578700363
28.14919884371332,165.81263428940719
14.198058307258993,158.3829454522304
24.996788593705173,163.55966169012427
29.755434285731006,156.86176580528243
17.992696094198383,165.81484333711202
27.941954299670087,162.10495725138392
17.85768986908155,172.31084543656974
17.92538500516743,167.30059276267073
18.718225672632197,159.49829307478936
23.532086660627666,157.653301618991
17.329045932414086,165.80549889121156
22.09190766439179,166.2548890897471
17.163166415961413,162.61911885648138
23.760934921484616,166.64784968147964
12.72063131268861,167.92475292067175
18.386957260152652,160.3883073366806
15.519680682686433,162.86324660651874
19.839670354915146,163.42125505962898
22.018816444577613,161.4281285072489
19.75229635943722,163.39298638944348
17.808985828098187,167.39135544201477
22.407943203549074,168.24617532501395
11.521674277991236,160.3732387479998
19.57813171405306,164.48351863632473
10.600714634960225,166.33030679516565
26.718637110736843,159.5934053172025
16.27102907454205,164.6983138948065
22.88491317711764,165.7676807042831
25.756846983708677,165.7578562533706
22.866599639677474,167.42783022892056
26.364434589430534,165.162706950845
19.76447344192961,169.3476944904274
19.883416567754672,164.72835163837425
23.04470609062637,160.1447018516416
18.47348713822541,163.07185754952738
17.020069043059056,163.9522213491402
14.89301261415541,166.83274865682827
20.89002125034903,162.14537149099118
22.841934934559838,164.72185774406827
17.54649110404684,173.23606508213015
21.118605577918608,168.60147274007076
19.602446455296718,164.23075651957723
21.79653208975413,163.80646061813746
17.31654629847869,160.5095510481575
20.67798892341289,170.56503769181128
18.019266383399028,159.13074381111934
17.46769494950003,160.7317212803153
21.842227796370743,164.0118782201271
24.474754647666195,162.032708451287
24.386431803047774,163.3924861137992
19.281611277635314,165.3280922938722
19.852204500669064,163.19568660702367
21.04585874943232,163.94674593351107
22.306909698838922,161.90203113644895
18.78112856056049,162.9847104187017
14.398206970682633,166.39303781568526
21.140115902234754,159.93332908220802
22.63434662474138,167.23256935902384
19.738064035882726,163.01867152116532
21.18416749101385,155.28342823169697
11.414586771046059,162.64013793060155
16.580021810303805,164.93450108994432
21.36520801508649,164.08287953551644
24.33672595725717,156.65881343024355
17.67584536074971,164.66127073627118
25.192654510479358,166.99689526813725
19.667760692980806,166.12722392233863
23.27896258542988,162.18182727965498
21.53682087025395,166.32241122467371
19.09951926914971,156.9868676546483
19.428173841950237,164.70344573049772
20.666296442673083,168.28637134598776
13.84877121696007,170.18827461542458
22.314084464744486,169.51510514788478
16.014198428869403,170.60336080541848
29.17077879495632,161.96068467000478
21.31847782639871,162.94084784409856
22.331198294295916,158.6011142941798
24.45479513872823,154.22084564356405
15.534180572546052,162.67213267302697
20.840915743832763,158.99611658031455
17.369646169159314,155.4369993433184
21.754127977796568,156.9358667920218
18.57548938187681,158.8800391662205
19.303919373712745,169.62487169870914
21.661292248058256,165.60114576127037
27.036414555589918,160.30212744130202
13.570979875545113,160.8337709402406
20.96009294916966,165.6720451140314
17.890652506549518,165.02577295549747
22.084223026320394,164.59611806643085
20.83244838998354,160.9867267157497
15.259607905121126,167.89661144786305
14.158170821778064,164.7838728012449
23.271311565685075,163.23289328439688
14.644430316708851,170.6375734592006
23.77021708974223,162.1902115145594
22.790662079463495,159.85953668644234
17.864371490630507,161.5243602222132
10.1508723272115,169.40506492570324
18.07857429968582,161.07465790315254
24.249635085378635,165.42295855102995
17.978069159905946,166.56181061852487
16.574204177807815,164.0666376963461
22.831822164360183,163.89871068508165
19.841564184835224,165.9933298546894
19.511035048509417,161.57001558717872
20.338932638702644,158.00692078012202
20.877276943697343,169.5550267312409
20.036770431142926,157.19472052330505
17.854372681472864,162.32804545396547
19.66195250283681,164.30654875161056
17.197064616511845,153.63024643742574
16.966970957426863,165.33150567190214
22.818865830130502,163.9251624550385
18.360465702709774,161.48822622734795
18.026823024639267,167.09607485789087
25.170712811531978,164.05344428399943
14.692359918879912,170.2088799605271
17.96131586957586,165.70414409877586
21.78035100156564,159.49684477131365
20.42852391643025,166.29818159368892
18.711416223200874,159.48254997052533
19.315335038035418,162.68533952977447
15.845815051868028,165.91086054231022
20.16214025290085,159.7235986099555
21.340921446919104,165.6273376814667
23.076878300883603,164.110295541799
21.233570292911363,165.03082993935902
18.886703362005676,169.2242841528266
22.79338263167454,174.634557454971
21.09040289010461,166.8949301484028
14.612391294926297,167.15329331278394
24.669176655022987,165.62683763816347
15.222041328122287,171.13815203786845
18.72024067753334,164.59431554741613
17.489449194571254,169.5479406513156
23.86442740515663,168.3672349198236
24.27567797893046,167.11786947815764
27.24985211446773,160.82060697737606
22.322297714798026,160.02735879570574
21.285436454963936,162.32350327129254
19.37683847773348,167.6856995561073
19.525705577632518,174.6260718124782
24.11104190376476,168.5680142450842
19.94989048525349,159.34308653597802
25.19262943205276,161.03146771075433
23.754770405187713,160.38305740567776
24.93585672643215,160.93570620471303
22.605519958736433,163.63640246402753
21.161451108048137,162.25817745810687
24.264813272263215,159.19600994660078
19.612864809989414,166.11736312392648
24.385047092555496,157.25096867442483
21.150225670938095,163.84304391498225
26.548034480847424,161.54652470233725
20.077559151468968,162.78912125717335
17.933367355503563,162.58680582574658
22.43654803733108,169.75435627523126
18.8314245220367,161.4141189957315
17.153871364107573,164.1371081794389
18.98671307835039,159.74337676640312
18.76173020331039,165.459986448675
28.73228179008582,167.95179127332753
21.237924595691553,163.45204752360252
23.04498912648634,162.3596350223452
20.825107740661906,169.9892851905853
18.23883803345953,166.08325828891884
19.28999086153762,159.69476858415717
23.758230572136643,163.59237380435877
15.439013773583222,168.48546424551975
19.06032240706666,166.1708590539741
16.69752766039333,166.67664457007183
19.548642304694383,162.9574317900957
15.554859369754421,162.47359696724405
18.189103252292718,162.14090998715358
21.291450652600556,159.60200784980145
18.09196011025739,158.26658403836745
22.242073503865388,160.40181683374718
18.629947894453267,165.03345298349862
20.738823169693067,166.23455723076015
20.778954156285263,153.4971434973623
27.26355983667069,157.6989960533612
21.197215442867893,163.46608544642245
24.532696409015742,165.81615757102202
20.22935708511686,159.58256380973202
26.229398600026528,165.0031363111659
20.66836751041133,158.92047664712635
22.663557609633443,161.54631649204654
17.050273150386886,169.9866181127595
23.744787269089848,166.96219244199577
22.889911097791245,159.58435430946966
16.510500526574166,162.72265886895008
14.066755476809917,157.71989177696082
17.785744621285044,164.9507679136807
19.096866383986878,164.45843127800757
19.15982773093064,168.21035376459787
20.294193392276643,174.9960929264277
23.11752490958164,165.80321700711485
14.800674181666615,156.63630407244463
20.36447021983158,161.92481855328876
14.27900604596951,163.90106832151596
17.30096370608951,173.59696365518198
17.38894168306317,166.3924627961859
21.896427752938237,172.0813908830181
19.68332182525292,162.3166778440325
20.08796179308144,163.05409037075992
16.036842954722104,164.82635669386096
25.16085176094808,156.54502027869123
25.782646666137143,163.70394255875962
31.088601144750516,160.8230758192951
22.988756882097597,162.53844088881218
18.976816755113042,163.58210417692865
23.77579300577734,165.20558614322928
13.71502961149007,167.58158532044715
21.58798529870157,165.09454762954465
20.67977119697958,154.84314779529612
20.358759157558982,165.59509563839268
17.802375149841392,164.22867942796788
25.281941502448277,161.4008136204774
20.35152065917295,154.59481295663502
22.58807955682572,165.73115335096114
17.199678183467896,164.6841948230646
23.308018103978682,166.72542474069476
23.845054918212927,169.44954048357818
29.71421560395003,160.53179155640993
13.782124972525523,162.96254280943285
14.273009490873049,156.15203190975
20.67450930851222,157.3106863051005
24.838458105346334,157.6523694539315
12.932787547748699,161.87443950128886
14.985101203140367,161.66645370654476
15.251312467137517,156.57500448260967
12.0042426612118,159.03956423768852
19.39621667103045,167.4898611656312
22.966826861335036,163.78598879782632
17.67703592602444,159.674981882752
22.754581257625194,172.88940514942766
17.14301917861622,159.02238785285095
20.37971622788389,159.27986421744188
18.83655373478675,155.90447607315502
25.789459483272573,163.37672701298618
19.979520251825154,156.96548503926059
19.93664346590398,165.39997186131717
15.318032757917184,162.30123246911452
17.309933699799807,165.13766158144776
19.55867042701596,168.1139518321005
23.696837993703944,167.1816910485685
11.450562734901771,164.71762235265118
19.882901510834174,169.7444728485017
17.737216038352113,164.10169379540963
19.401630998046898,164.86426459615157
18.05260059317181,166.99310395425533
20.901756236093114,158.14826310655275
18.81136824802088,160.73133870607987
18.44846359984034,167.42408435797753
14.967202717854533,157.2478095903784
14.861559479531497,160.02697527396862
15.847605645200122,163.51419489429068
18.35673007376198,165.0482832863221
30.475138232545063,168.94838895821655
20.760664670600484,164.2259854088443
25.18025602549576,174.85953576078805
18.90361388154423,167.0631243672547
23.34373502982831,164.2593636708196
19.734295046966718,168.13119912666855
11.15463605972193,164.6312825607814
21.69315401094688,161.9795167600854
17.27789176196624,164.7493061094531
16.803540524340576,161.5320033297736
10.052101287960328,172.41850346572807
18.729010234233233,162.84604202386555
18.56798604733445,164.00910978251366
19.992556780265577,160.2338530601521
23.54559616542902,153.66363694691262
25.564418762456587,167.97520027527608
24.038733376956106,159.37807328833733
24.529309660634123,161.31950971515897
19.76967273791446,164.19471611177926
20.202521741602173,169.38175223492976
22.325028471671335,173.1712256691395
24.59535098562933,156.57833482084257
26.24707702960779,169.37509537432348
25.479796513743132,165.33499541931673
29.8601374240003,160.20552109593373
16.520984123136813,160.43832473972176
25.68851158632664,157.543995487343
22.302267917203825,165.23931444337936
18.71313559421666,162.38851362787625
25.290071687932773,166.67811954078246
23.137619257164463,159.4749342295279
22.0899537560463,155.59624202051347
25.8160679492062,163.82734446490784
17.985006482769187,161.867570251309
21.01465347995825,157.95472264400138
19.066412692145548,164.37606729756104
21.54438061459035,164.4326130057466
18.800488253111588,168.96183873229953
21.11911419555385,156.39266750406046
16.852742355183064,158.27900389655352
28.146237169764714,165.3768609306051
16.54291532724067,171.23094554968824
20.42519415389052,160.55819915886056
26.58898226219779,163.277690996314
17.526021182957948,163.1820901951865
22.237793652369117,161.97925125706357
16.34969455321184,163.97100104846908
18.97849226563209,163.88219205719173
20.750081230196507,160.70395953069792
17.074231333789015,163.96717323465853
18.394146962659498,157.48983283656685
16.273451883480668,160.96688735019205
19.516679297758163,161.29348755264897
25.31820311731623,161.72641094505752
25.465513635966477,169.1849063039731
17.11603400412941,168.34539657033247
14.765529449034112,164.64454085415952
23.38674514201513,167.88752290749244
24.670819821662377,166.19749604877327
27.994668902346007,162.36950718975288
28.68173435551076,160.9333438074514
20.156844549125438,157.9636700141032
16.04389729286202,168.3380706547638
17.071946623419592,162.0328967921358
9.556822396688489,161.36207538534762
21.576939725045474,157.5860892289421
17.964036930707024,164.52495522339262
26.68351931427765,164.31406962400192
20.45588776533542,158.4900750408678
17.56349704867955,166.94182764308493
19.170676614064792,166.09832357542092
22.253939341986047,165.68222714807536
24.382159454345793,160.02785561712838
17.55901292066485,174.1727663110766
24.61999693196998,163.04237974203562
18.149411720600405,169.68878496872387
17.824284666564438,164.1362841957272
14.314115672613042,162.3922463881977
23.474091045732017,161.06770126787205
25.277379908675318,165.3282666332119
19.47783384231985,170.5407393383997
24.793642908203,165.2986877687554
21.712567434475666,160.7221153106839
16.911840617393725,167.6412755163302
19.75704281648042,164.4969521116406
15.376340452154835,168.52542150972764
25.507546388140945,162.34280557777606
26.702904653166573,164.12828100211553
18.9382962343193,166.7303094086458
20.031422618988103,168.35984498229394
17.76841709752529,160.56675599516473
14.884102228276593,161.54115426064914
16.76246283305307,159.04981580901017
21.255452671595524,170.12336763143122
25.51971143585341,164.91004975945273
20.34063953491465,161.9052388763503
17.70580669686035,162.2858217442344
19.626446102226456,159.628079041406
22.294177876506517,161.44449568454962
14.523640513310042,157.06199528237983
12.793536161240215,163.42911613556583
23.730733388925458,168.0612365863499
23.49002264526577,166.35799012230615
14.914800914017725,161.94394115217543
30.677151528109988,165.9729500502974
26.39277648787284,162.01179178339478
19.47125513784079,160.52802161865873
23.324652928111096,165.49623469106749
21.04973833337553,164.79512387677926
19.783421917590147,168.3043334172963
20.440741842308814,158.40528482128434
23.78392093864137,167.42367316363016
21.514575683307978,168.98489848123043
22.1759006199872,165.68898139075878
23.4365316586933,160.39675912184364
17.88044873624451,162.31662513251663
27.98986475007826,164.61396163649798
27.545470060027558,165.98044947020833
23.751618676812754,161.98187919891333
19.79851228426954,168.59253323525138
16.660510144997087,157.2542786204441
28.124541121892154,160.08836060720662
18.682261137499015,167.0712786290869
18.861239571176846,171.2451282641979
18.55794060034046,166.42967845603368
17.476902878267015,166.8549940512756
21.438773702220995,174.65859154816263
24.105917602527853,166.73262160212582
17.385905708471288,166.165568335688
24.489133051229963,165.9640501078161
20.165088556971117,164.6061683754917
17.02043356586164,159.22354299558427
12.93483087078217,162.54714985228196
12.230586617431248,161.8591269216258
19.582780533580976,164.53425894560436
14.082198313611494,166.80345213923718
21.981079585126913,166.7771019363583
24.2791309022886,160.22113879778544
30.871687352156084,158.32049982741188
23.354430263678726,164.61341775028237
19.304569823758417,158.38404645121992
25.431286674074823,164.8931862434026
17.910689236099273,162.42958659669117
19.489443452437165,167.56549967028155
22.742391383126957,168.76318012718264
22.794872627417757,164.3911234008566
22.83643210450825,163.75088347582573
20.05062925129177,162.67231874866147
26.279097876648883,167.3389608588904
20.99662056312917,165.95206260174686
19.07176482394697,160.79816558647522
22.505331058073217,160.4581136522405
33.952099637828184,164.38086405034556
21.840431653869036,174.1360486896125
25.347190737176746,166.69354877364822
27.56684610486765,164.16476964113164
17.7750434166388,165.45540139520148
23.861888500427554,166.21695469640915
26.38901052728214,162.24465183235188
25.883377673973897,153.08641533275932
24.473344361112733,162.04593197461037
22.066110260696185,165.51302625400024
21.32384861761869,165.56467305489065
19.95358088911547,165.24170633226538
20.67145181664153,165.5581970264647
22.58167979403266,166.93168216172387
14.447373150594863,166.72018716132672
17.190096333077115,164.56353528053847
17.37852615476809,163.71879637404592
22.18904579740552,166.6506003754497
22.929518339734653,168.67131231142955
20.387113845351582,159.0264374828043
15.712922484234785,166.21946453204646
19.255863585620546,161.14387096748777
23.541618122660363,162.90458694248426
26.0591906369095,161.62378904290287
23.498233224464474,165.33739586374477
25.016167795662323,161.89766197321654
23.098156131636905,164.24677912477176
17.492364109289756,168.78370275183113
23.04193020316456,162.86255229628748
19.84760270617371,161.63402984022738
19.57351181494857,165.76740354065876
18.90817342076436,170.83265118471527
16.287239476594902,166.15343907299084
18.411524100420856,168.1085827078393
14.40625189470992,174.37408724960542
18.22427607277575,161.81759135894814
24.662451846196323,162.68264141394545
15.237152056263351,168.30118619545433
23.58941678854575,164.87878768486635
20.504790058019555,162.63017425973163
18.700246407624142,160.01806426445225
18.580473364272386,166.63182574012106
19.419358199896674,170.40334962470627
18.183770289294277,164.57664296517746
23.10964834245116,164.41231592318798
16.281348876713906,171.9390172517527
19.429057595629473,167.71967216528625
16.86351680706277,167.87228671847276
16.61056865280552,164.1913089956472
18.097865312103085,160.86141213140462
20.309647999171485,163.505139117164
20.079066102727595,159.09781047782607
10.642814397463063,168.24662025174578
19.889599499554603,166.10695022974048
10.514994554718859,162.86940329452156
17.81990509255771,155.7677503796114
17.36504553877691,159.8995401773214
16.18224560027123,166.12732088760782
11.251744039401187,155.20895972119212
22.528691351416178,158.4134156624944
24.67315882130808,156.457408684064
20.77186802211393,164.41198606540297
14.503316986722883,166.0262599355674
20.44142698257261,169.09045396018712
17.64281011593145,166.16235982618787
28.01013647347303,166.7564684209085
22.26437316316762,162.5383056187096
27.39950061570298,158.57914821988317
15.192220729597349,167.627527172938
24.255753953546403,166.94620130538905
19.938965310935973,166.24447964796423
19.191892141241418,169.14959107154067
12.930455892284488,166.1506647367831
18.76405230161292,162.60618643602237
19.953513017963594,162.3491885608683
18.000657593547977,171.11288756548512
13.685118203671454,164.89057170039453
21.03538586626674,165.1218195006851
22.68478883554144,161.66480034722719
14.953956749934635,163.4482905375532
21.373651703588965,169.8033442945472
20.235814495251677,163.30605812580944
15.17779161900348,160.35952718568436
27.90846373447988,161.52853823604443
21.767271704745255,163.83059459373843
25.48345600464716,162.77459674311672
15.600143565023068,164.76346124146025
15.039013477519255,162.68287189389125
17.009684404608336,170.8068177597133
19.05798267311767,163.2120266811637
20.118281055143456,162.74377390899565
23.2556915190625,164.57504704039735
17.732269733099567,167.9298969437058
27.7639833345388,162.027447527827
24.121419354845642,166.3747254559253
14.119617766054677,165.6562872044588
18.843071796958387,169.12021588459936
26.659184791805732,163.27770356260197
23.27551972914247,157.28089377790278
29.77251032872021,169.85901748297115
22.95909126654275,161.86499629326508
18.38906740037796,160.4444819758842
24.140914533990053,156.96391934818763
16.563698139478426,166.86964032465133
28.498786613793825,168.2877279512
19.055268141662587,162.76483270984386
23.471558591515258,167.28027967039895
17.075555850897505,162.88935107457405
23.30108018617072,169.9561563405418
15.619573697479675,159.53111488484276
22.709715861110336,163.76234771874388
17.940642892241257,159.48178319192644
15.13564881483688,163.658754969479
24.611969719910626,163.6409635512101
19.81319014170894,165.23216913415982
19.922548226150663,163.6388869655944
16.573531059402814,162.25167930154257
23.60711071153201,155.53534674173835
18.391468932169207,166.65170993319194
24.8832470518404,162.8427084743179
13.761108699936825,161.86280225963867
22.994603871430495,165.52273773411352
20.77844321836303,158.8750455263889
20.355235396124684,166.78428390755244
23.874472786705294,166.36056884397655
26.764112600241596,160.97565852529635
23.50805909691187,161.72590239116317
25.488098752634414,158.23325160308738
19.03102856120838,173.78342714495
30.086435806924552,164.47376091915717
22.708577711363187,166.2504045519924
19.650862239408855,167.72178982508208
28.653268713062552,162.57980837048663
21.15432562781238,158.90226037531778
17.440835719851734,167.12620029769903
24.15629823954436,164.7655592363279
14.48974177898871,164.01544031652824
17.75454400424525,163.08570491284246
14.192543771030307,162.6870552624867
22.184944106704037,167.39402349078358
24.032277881630158,162.54537117255708
16.446712591179782,163.86743576808948
17.810633598138466,159.15207921350282
23.398829240431724,164.58126916640083
22.077920320686022,161.71416451636048
22.641522158692805,159.5507375764426
14.277428899994334,170.0628271071346
28.20360604461593,161.8740581970339
14.250350657585729,163.9023520973704
26.64764567289471,164.80180346284317
23.773656845748782,164.20047445548377
25.848107051036457,161.03993238544695
14.920770282604277,165.81804761352922
22.712259892590602,162.47545343449488
23.865475206969574,157.1727774771853
22.427871061798633,165.2529910046595
24.824312342866943,159.41150110180124
18.861514163635835,157.64078643935972
25.185077625298824,167.5248751614305
19.89768756906398,161.4356066443279
12.24915205148108,165.33186247390273
25.22537079544129,167.71874094361564
18.6113318896473,165.02028819641035
23.493058382338113,158.93007596557652
20.33031878896477,161.963478378386
16.49720289538921,166.46467401230598
20.302894072360235,161.0280188933293
15.111752888090503,165.49238592755913
20.33363840626899,163.89589844551375
20.237917707671183,160.06474998675975
21.599726691288346,158.0704029346709
27.849060592277738,168.2609786201742
14.609931211646042,161.48850919251694
17.768295629715947,165.94881828101833
20.292967747885722,161.03398623612242
20.662955462331592,163.78780180930303
15.637552176085213,164.15894827686557
32.478377834956476,161.23442129234843
13.524653042225077,159.43876773498644
24.1749760608029,156.98532424292964
22.178583712100703,163.22445269102042
24.945062289737884,165.32569646940578
26.630821647104973,159.47411178459816
22.59914747691904,162.4857359749263
21.994583356556596,159.17739701223013
23.945824348447637,161.40949356286916
21.55177550925097,161.62605557384498
17.790691343927662,156.70852599279283
20.6331538217092,165.26489592406134
21.670734402006772,162.306101724516
22.026930112591284,162.21781770832493
18.09158985042815,166.70752700101826
18.669034028631636,168.42759610429232
16.00121833575865,161.8784481485871
27.741038948331266,157.51410907359423
20.691086820023802,155.64823748816104
18.68875254907946,164.52344612975975
29.225710595432922,156.0526824708243
16.29393381648886,159.61073290826883
25.23256092133464,164.74151456110675
12.288236923873283,166.64398090990355
17.653621092639074,165.0803312206823
21.833850110112156,165.03734165546706
19.310317511167593,157.901088806804
18.871522457013867,163.49169696908686
25.27124627721878,173.3412029817598
23.596608789275045,165.64665808635255
22.922583115041537,164.08623005378138
24.13384663491733,160.26952593578363
18.771147311434067,163.26669387636042
24.720103292347208,156.81995736670837
22.61300646007104,162.0596647756837
28.988468640848644,157.66362897846858
19.448124756099876,159.27897863813834
16.222442052876417,165.8206730812123
25.860475930262837,165.83866248571687
15.852269259582402,164.92111003196808
22.72231767853715,162.4522092857095
11.868360477541438,164.25860336127107
22.33234855197173,158.9675780668165
20.96968621659129,176.67328660165117
17.842721332610257,173.32013985487808
23.540668705861947,168.31994174264216
20.12895153755418,167.560949574951
20.67250292346485,158.51952723022274
19.61299247138108,163.2336652643844
16.290737710089385,164.45015206485587
19.782811067008936,169.6818362406981
17.644940131463994,166.81435486141444
12.069841956302033,166.06467083871985
20.870321889876355,163.5499927188042
21.915123198131866,163.9987667224852
17.40318446722092,161.16213122946147
18.86058928881017,169.26242179513022
25.21577660145737,166.02432882773334
19.5710881782076,165.64765000791334
17.149768809112608,166.02696479000863
20.26539977167056,162.87140956295627
18.88705594306244,151.77402208217765
21.8679544626084,162.47550958063275
22.036962974095804,172.65387128398058
20.355971304329287,167.65368431802636
22.50459163546928,164.27306881289627
20.996765368814714,168.70111971743674
19.21931546226419,164.02370246779736
30.42100520668099,158.79013860786122
18.22120027738703,170.80958475951138
11.963705140641535,162.04423897052598
15.991289443454633,166.78498065175685
29.114253384973832,162.23688384562143
21.42647631306673,163.81668883050403
23.530443048253773,166.29480921588677
23.55029493238659,168.7184990798558
18.001130338945238,164.92165571772728
27.88081815532356,162.13187824457216
19.962478608491505,162.31505781996407
19.65464761497388,161.6287662680832
19.38799019467483,164.43290286364845
24.61882692185369,159.75340926309096
22.135030701704764,166.1869680761528
21.819328003095865,159.0127496539367
22.561024038492864,163.1044787424057
19.56168735391946,163.7620281186091
21.563452417875652,163.66644877279805
23.482926782132477,162.69632082636915
15.653026047360079,164.36949496400166
15.3828520768313,161.8665624899648
24.26099266272802,170.53542330745827
19.660973019897156,162.7380922136515
20.49580031951078,165.6640087352613
18.28758324460708,165.06340213461144
27.833006910088905,169.9949480897138
17.28086817092634,154.2549821531872
22.118299123274518,165.54572040894408
17.993011401875314,162.47008408616944
24.87420782422518,172.85699074150668
23.17818856696903,162.5245232466432
23.600025634953294,164.44368290748528
17.249769549936346,164.732578379127
16.579509666525336,157.27431263113186
16.636220878822858,166.89047342409145
17.09965824319086,163.0888804658017
19.163378005926234,158.21531168746657
15.832012785032937,161.6345347421061
23.473759051388562,162.48210138251503
17.174788956948976,162.23862011398404
25.929684402874692,171.98661119245745
14.202139667432125,170.84104808931124
18.89372760903273,170.81284072402352
24.95939016333481,162.01508893236726
26.78490061649069,165.10120515334063
18.288189007129585,161.17065492412766
15.629992364964945,160.04216719286163
15.347968496309225,160.09054245376527
26.704743328680614,159.2870574035388
20.528293409992884,161.22909903066326
25.58036774985961,162.77502193079238
19.29920186309244,167.69292984313915
14.718385891189802,164.15097564200195
21.404679921049826,158.77944740777895
12.376264376486125,169.44156819850494
25.175431881161977,170.7739197521041
18.337139328131993,155.91063436065778
20.48966774275411,166.72282473886463
18.225842329246642,165.50539459777355
24.954835697271612,167.27473322179375
22.013958978684688,171.9078167538997
20.92810919385479,167.3195328739058
20.950733239986075,159.69851825731092
17.753777822551157,161.19510239722362
18.059129750870135,162.69185716458253
24.314628197675358,154.69523312381816
17.472392058368797,158.3328022407234
17.700938084863875,155.04640363550456
20.722026580655655,163.4231437193367
19.248512751640085,165.67994669122064
20.17831279038306,169.3286340832013
20.2157470261907,161.74752828223512
19.044042900397034,166.0607377734388
17.43361863383537,162.2169166621707
18.133129582219375,173.7686316730662
19.299091211897498,156.5584866198391
24.31315594268979,160.99551330151846
27.10727260145039,162.92152540656454
17.52749297897435,164.98486968994104
27.149245981898083,159.57591486662318
14.781752567980599,168.7986040270999
22.686643189245338,167.16146455347865
16.852239069295706,165.29561920403634
18.113067507851174,158.51066521077328
16.897306353897854,161.55248751252736
16.928801367417993,163.7588788548773
22.201861545994053,157.13866038110447
17.656732034963014,157.69315356045897
14.883963296344142,173.59125953128333
23.520416538027145,169.28175856632944
21.73003450876638,156.9631746160018
15.466327200159386,163.7095335494118
16.684289441963692,167.08167603733074
22.02501754221272,164.7605779401006
24.84270953545936,160.88863418658835
12.287574618711925,168.23199750921853
22.628822598973436,159.91684898120698
